scenario,selected_policy,marginal_success_probability,channel_a_success_by_count,channel_b_success_by_count,channel_a_training_reward,channel_b_training_reward,local_training_reward,greedy_training_reward,safe_training_reward
self_noisy_hidden,channel_a_filter,0.55125,"(0.0005450941526263628, 0.0005013673655423884, 0.015240641711229947, 0.15, 0.8504608294930877, 0.9994086727989487, 0.9996894409937888, 0.9995897903372835)","(0.5799625468164794, 0.5283189316575019, 0.5569510268562401, 0.551716738197425, 0.6547210300429185, 0.5294419970631424, 0.5517229002153625, 0.5448320413436692)",131.8,63.64,126.56,48.4,64.0
world_noisy_hidden,channel_b_filter,0.55625,"(0.6417054986020503, 0.5968538238141335, 0.5200499168053245, 0.4290035587188612, 0.5831606217616581, 0.5832838038632987, 0.48951347797501643, 0.5581316553727008)","(0.0005723204994797086, 0.0005164319248826292, 0.000858034321372855, 0.21918918918918917, 0.8775471698113207, 0.9993066255778119, 0.9996945010183299, 0.9996150556030795)",65.24,132.44,127.2,50.0,64.0
independent_hidden,task_local_probe,0.5525,"(0.5821387283236994, 0.5405013192612137, 0.5442161339421614, 0.5130901287553647, 0.5242971887550201, 0.585177304964539, 0.5402845246356697, 0.5562444246208742)","(0.5301937567276642, 0.575158371040724, 0.5928800000000001, 0.49344827586206896, 0.5491111111111111, 0.5148322147651007, 0.5557756883814641, 0.5550655021834061)",63.0,63.0,126.72,48.8,64.0
irrelevant_control,greedy_no_state,1.0,"(0.9994892167990919, 0.9995897903372835, 0.9991862567811934, 0.9986322188449849, 0.9978468899521532, 0.9993894165535956, 0.9996877168632894, 0.9996124031007751)","(0.9995356037151703, 0.9995806150978565, 0.9992610837438423, 0.997337278106509, 0.997926267281106, 0.9994208494208494, 0.9996806245564229, 0.9996202531645569)",191.0,191.0,184.0,192.0,64.0
