scenario,dependency_signature,outcome_direction_x,outcome_direction_y,outcome_direction_strength,action_0_alignment,action_0_persistence,action_0_present_strength,action_0_transfer_strength,action_1_alignment,action_1_persistence,action_1_present_strength,action_1_transfer_strength,best_persistent_alignment,best_transient_alignment,outcome_direction_ablation_loss,intact_recurrent_reward,outcome_direction_ablated_reward
self_persistent_boundary,persistent_agent_action_boundary,0.793601427637466,-0.6084379788045581,0.7077697798782663,0.9999439293927077,1.0,0.9105555555555555,0.9105555555555555,0.0,0.0,0.0,0.0,0.9999439293927077,0.0,82.43199999999999,134.552,52.12
detachable_tool_world,detachable_external_action_boundary,0.6338207965066148,0.773479927286882,0.7183628121227111,0.04296868083316274,1.0,0.8963888888888888,0.8963888888888888,0.9990764197334745,0.0,0.9672222222222221,0.0,0.04296868083316274,0.9990764197334745,82.68799999999999,131.48,48.792
passive_world_boundary,passive_external_persistent_boundary,0.6243254428330896,0.7811643498210007,0.68217033469539,0.030761744373871358,1.0,0.9211111111111111,0.9211111111111111,0.0,0.0,0.0,0.0,0.030761744373871358,0.0,77.43999999999998,128.408,50.968
independent_hidden,no_persistent_action_boundary,-0.778040383443227,-0.6282142641897877,0.029075010406127155,0.24550374824070903,1.0,0.9338888888888888,0.9338888888888888,0.0,0.0,0.0,0.0,0.24550374824070903,0.0,0.0,62.312,62.312
irrelevant_control,no_persistent_action_boundary,0.0,0.0,0.0,0.0,1.0,0.9072222222222223,0.9072222222222223,0.0,0.0,0.0,0.0,0.0,0.0,0.0,191.0,191.0
