planner,base_target,pressure_weight,imbalance_weight,starvation_weight,max_target,strength,tune_total_score,tune_maturation_score,tune_crisis_score,tune_resolved_rate,tune_env_response,tune_social_response,tune_coupled_response,tune_damage,selection_objective,selected
conservative_min,0.08,0.08,0.34,0.18,0.22,0.82,0.7248778352119422,0.9548600825202771,0.4757304006279126,0.8,0.7297980894485454,1.0,0.7297980894485454,0.9290532688467432,1.9029989323334373,True
balanced_min,0.1,0.1,0.46,0.24,0.28,0.96,0.693628765566201,0.9549418039772845,0.41053964062086074,0.7166666666666667,0.6661636995223621,1.0,0.6661636995223621,0.9005967880199628,1.6968924955142337,False
urgent_min,0.12,0.14,0.58,0.3,0.34,1.1,0.6866855535024194,0.953961991034427,0.39713607950941127,0.7166666666666667,0.7105840208423795,1.0,0.7105840208423795,1.0023502787955576,1.690639840811129,False
env_social_guard,0.13,0.1,0.62,0.28,0.32,1.04,0.6933612194643535,0.953961991034427,0.41104371693010733,0.7166666666666667,0.7169669995657837,1.0,0.7169669995657837,0.9717327129127178,1.7270194364086,False
high_pressure_guard,0.14,0.16,0.68,0.36,0.38,1.18,0.6953333500424536,0.9552761784647523,0.41372861925163,0.7166666666666667,0.6944257490230135,1.0,0.6944257490230135,0.9318597769329812,1.7207041758252664,False
