ablation,mean_total_score,total_loss,crisis_score_loss,resolved_rate_loss,env_response_loss,social_response_loss,coupled_response_loss,damage_increase
body,0.5059249159354623,0.002086910657781438,0.0,0.0,-0.05602836879432624,0.3017296280214212,0.0,0.4108234225747993
infrastructure,0.44325348763894024,0.0647583389543035,0.0,-0.05555555555555555,-0.0537862703467799,-0.05590941259731075,-0.0537862703467799,-0.17430119868399152
tools,0.22040747883744594,0.2876043477557978,0.0,-0.05555555555555555,-0.12152822912604533,0.7940552016985137,-0.05520169851380042,0.5458992832981715
social_culture,0.45343553117888113,0.0545762954143626,0.0,0.0,-0.17755659792037157,0.9440905874026893,0.0,0.9582832372060048
environment,0.5145140228177675,-0.006502196224523749,0.0,0.0,0.0,-0.05590941259731075,0.0,-0.050531231161847545
previous_action,0.52,-0.011988173406756286,0.0,-0.17777777777777778,-0.17500557751220827,-0.03959735585972213,-0.15869352077461965,-0.13783995740214205
