ablation,mean_total_score,total_loss,crisis_score_loss,resolved_rate_loss,env_response_loss,social_response_loss,coupled_response_loss,damage_increase
body,0.5247854160330844,0.005590337297876502,0.0010606692400811912,0.05555555555555558,0.027599343482254457,0.0,0.027599343482254457,0.4014460063258476
infrastructure,0.4615794020828931,0.06879635124806777,0.03628385792787688,0.06666666666666665,0.05590941259731069,0.0,0.05590941259731069,0.35249959486735305
tools,0.5015193359932918,0.028856417337669082,0.0329877787619875,0.12222222222222223,0.056050532875209114,0.0,0.056050532875209114,0.0778423434099722
social_culture,0.317445944232154,0.21292980909880688,0.03628385792787688,0.4777777777777778,0.010068692517437028,1.0,0.35525281034399575,1.311854495579665
environment,0.2194358991679419,0.31093985416301895,0.03628385792787688,0.4777777777777778,0.35525281034399575,0.44605361049420444,0.35525281034399575,0.3819418575237008
previous_action,0.5173661653333333,0.013009587997627525,0.03628385792787688,0.1777777777777778,0.05605203864985486,0.0,0.05605203864985486,0.18049723266121553
