stage,stage_name,expected_pressure,best_recurrent_architecture,frame_self_r2,recurrent_self_r2,recurrent_world_r2,recurrent_self_gain_over_frame,recurrent_future_mse,recurrent_self_ablation_penalty,recurrent_world_ablation_penalty,recurrent_self_edit_future_swing,supports_recurrent_observer_precursor,verdict
0,spatial_resources,"position, orientation, resource collection",torch_lstm,0.7474628686904907,0.7797377109527588,0.7837511897087097,0.032274842262268066,0.0028305540326982737,0.03929580352269113,0.011793113080784678,0.00800564419478178,True,body_state_decodable_without_recurrent_advantage_in_low_pressure_task
1,hidden_energy,hidden energy state and resource management,torch_gru,0.8029007911682129,0.8734623789787292,0.8844251781702042,0.07056158781051636,0.002551252720877528,0.2285755176562816,0.0023118334356695414,0.33048105239868164,True,hidden_energy_self_state_decodable_and_editable
2,body_drift,"actuator degradation, damage, and capability drift",torch_gru,0.6151720285415649,0.8137556513150533,0.9089508354663849,0.1985836227734884,0.0023017977364361286,0.2100903238169849,0.006960619706660509,0.33048108220100403,True,body_or_option_pressure_recruits_recurrent_self_state
3,delayed_options,delayed rewards and future option preservation,torch_gru,0.4810573657353719,0.8432434797286987,0.9066036492586136,0.36218611399332684,0.003890098538249731,0.1771926418878138,0.009271611925214529,0.3304811120033264,True,body_or_option_pressure_recruits_recurrent_self_state
4,commitment_recovery,"persistent goals, interruption, and recovery",torch_gru,0.5935046275456747,0.8370095292727152,0.9150902181863785,0.24350490172704053,0.006900379899889231,0.15486445045098662,0.011468834709376097,0.33048108220100403,True,commitment_arbitration_social_pressure_recruits_self_state
5,subsystem_arbitration,"survival, curiosity, and commitments compete",torch_gru,0.5350191990534464,0.8375976085662842,0.9136735945940018,0.30257840951283776,0.006605497561395168,0.14350623730570078,0.01475867535918951,0.33048108220100403,True,commitment_arbitration_social_pressure_recruits_self_state
6,multiagent_social,social prediction under cooperative and competitive dynamics,torch_gru,0.6377350091934204,0.8615280787150065,0.8475463837385178,0.22379306952158606,0.009884808212518692,0.1548113338649273,0.007038051262497902,0.33048108220100403,True,commitment_arbitration_social_pressure_recruits_self_state
