condition,mean_reward,mean_survival_fraction,mean_infrastructure_score,mean_cohesion_score,mean_resource_score,mean_knowledge_score,mean_civilization_score,mean_building_actions,mean_social_actions,mean_care_actions,mean_teaching_actions,mean_conflict_events,mean_migration_events,mean_casualties,mean_completed_projects,mean_refusals
integrated_settlement_self,7360.336224644613,0.9991319444444444,0.6245840590841367,1.0,0.8600638977035413,1.0,0.8116082517545091,230.51388888888889,21.708333333333332,15.01388888888889,2.1180555555555554,0.006944444444444444,0.5069444444444444,0.0,0.6666666666666666,0.0
no_affective_control,6570.208593613792,0.7578125,0.555260189633205,1.0,0.8498422851241005,1.0,0.7464582308523711,209.77083333333334,21.506944444444443,7.326388888888889,1.2847222222222223,0.006944444444444444,0.4375,0.0,0.6527777777777778,0.0
no_building_memory,6786.919866978624,0.9991319444444444,0.33211605175371395,1.0,0.8386242554046291,1.0,0.7407792042110302,194.78472222222223,21.520833333333332,10.395833333333334,2.9444444444444446,0.0,0.5,0.0,0.0,0.0
no_future_planning,7110.9375096050235,1.0,0.5321679271070023,1.0,0.9047845683781168,0.2869836414091101,0.6753270306664682,175.60416666666666,63.88194444444444,16.59027777777778,0.0,0.006944444444444444,1.3819444444444444,0.0,2.4027777777777777,0.0
no_norms,7397.554774918123,1.0,0.36884755143441483,0.779900901307204,0.34172075725860207,0.5536273969411687,0.5573686675525822,106.25,360.5138888888889,0.2638888888888889,0.0,0.14583333333333334,0.3472222222222222,0.0,0.0,0.0
no_role_memory,7392.362074251671,1.0,0.482216211788042,0.9685537218823753,0.5962801692892189,0.6294744691433815,0.6697635501414729,342.94444444444446,10.555555555555555,2.7222222222222223,0.0,0.0,0.3611111111111111,0.0,0.0,0.0
no_social_memory,7301.631442792298,0.9991319444444444,0.515901695585159,0.9363889720729719,0.6922060106235899,0.922716404573333,0.7376681470868995,327.34027777777777,19.65277777777778,7.944444444444445,0.006944444444444444,0.3194444444444444,0.4930555555555556,0.0,0.013888888888888888,0.0
reactive_individuals,6882.646638322683,1.0,0.1994035651101084,0.8240033872421081,0.5948693904955467,0.14970255545092112,0.502208114402485,54.0,114.66666666666667,10.555555555555555,0.0,5.222222222222222,1.4027777777777777,0.0,0.0,0.0
