value_bias,tune_total_score,tune_maturation_score,tune_crisis_score,tune_resolved_rate,tune_env_response,tune_social_response,tune_coupled_response,tune_damage,selection_objective,selected
0.0,0.5133131148652521,0.9871406055101003,0.0,0.0,0.07312925170068027,0.7772108843537415,0.005952380952380952,1.7001180216235718,-0.25900225420889345,False
0.75,0.5106901973333333,0.9820965333333334,0.0,0.24444444444444446,0.24669633810971195,0.45647344044000576,0.12900202634245186,1.591253649264263,0.03948789159894461,False
1.25,0.5040142293333333,0.9692581333333333,0.0,0.12222222222222223,0.16542553191489362,0.4672998986828774,0.08321754233608337,1.7689298799813074,-0.13828689533669158,False
1.75,0.52,1.0,0.0,0.18888888888888888,0.20005065856129686,0.4269829208279057,0.1141156462585034,1.5810653596874342,-0.003487181602375433,False
2.5,0.52,1.0,0.0,0.37777777777777777,0.2556158633666233,0.4822622666087712,0.1328303661890288,1.4828766352551197,0.17278913949535102,True
3.5,0.52,1.0,0.0,0.17777777777777778,0.20470039079461574,0.37673324649008544,0.07146475611521204,1.7295538186825397,-0.08907919139045206,False
