examples,epochs,final_loss,target_mean,target_std,train_mae
12,180,1.0287917575624306e-05,1.1264523267745972,0.2717994749546051,0.00044474253081716597
