router,social_bias,environment_bias,infrastructure_bias,tool_bias,teaching_bias,tune_total_score,tune_maturation_score,tune_crisis_score,tune_resolved_rate,tune_coupled_response,tune_damage,selection_objective,selected
none,0.0,0.0,0.0,0.0,0.0,0.5174540799999999,0.9951039999999999,0.0,0.0,0.0,1.1462280213375575,0.2882084757324884,False
balanced,1.0,1.0,1.0,1.0,1.0,0.5185909245122988,0.9972902394467286,0.0,0.08333333333333333,0.013888888888888888,1.0979721243308889,0.30420483297945444,False
social_env,1.55,1.45,0.75,0.7,1.2,0.51872704,0.9975519999999999,0.0,0.08333333333333333,0.007478632478632479,1.0528463163647603,0.31307764852191977,False
environment_first,0.55,2.0,0.7,0.65,0.55,0.51872704,0.9975519999999999,0.0,0.08333333333333333,0.007478632478632479,1.0510386254618906,0.3134391867024937,False
social_first,2.0,0.55,0.6,0.6,1.35,0.51872704,0.9975519999999999,0.0,0.08333333333333333,0.022435897435897436,1.042795133177876,0.3157609620823736,True
build_tool,0.45,0.7,1.65,1.7,0.55,0.51872704,0.9975519999999999,0.0,0.0,0.016025641025641028,1.113328145481561,0.29678256474984177,False
teaching_tradition,1.1,0.75,0.7,0.7,2.0,0.51872704,0.9975519999999999,0.0,0.08333333333333333,0.010683760683760682,1.0528066744944313,0.31322980766521635,False
high_pressure,1.8,1.6,1.3,1.25,1.5,0.51872704,0.9975519999999999,0.0,0.08333333333333333,0.013888888888888888,1.078529311954724,0.3082295109423886,False
