ablation,mean_total_score,total_loss,crisis_score_loss,resolved_rate_loss,env_response_loss,social_response_loss,coupled_response_loss,damage_increase
body,0.4766270580688283,-0.01947308744102183,0.0,0.0,0.003546099290780147,-0.004960920538428137,-0.0017006802721088435,-0.04548834334397345
infrastructure,0.28957076008274546,0.16758321054506103,0.0,0.0,0.042370262917472146,0.0,0.0,0.04454647630417785
tools,0.2945412893078066,0.1626126813199999,0.0,0.0,0.3028894970374652,-0.7413002947937996,0.0,-0.9271069339002458
social_culture,0.45446355294079277,0.002690417687013724,0.0,0.0,-0.05942370623996085,0.0,0.0,-0.08285241792156883
environment,0.5145140228177675,-0.057360052189960986,0.0,0.0,0.3028894970374652,-1.0,0.0,-0.9206558439141597
previous_action,0.5092539072773804,-0.05209993664957391,0.0,0.0,0.006803328007807918,-0.02323782880817322,-0.0028368794326241137,-0.27854902386893343
