router,social_bias,environment_bias,infrastructure_bias,tool_bias,teaching_bias,tune_total_score,tune_maturation_score,tune_crisis_score,tune_resolved_rate,tune_coupled_response,tune_damage,selection_objective,selected
none,0.0,0.0,0.0,0.0,0.0,0.33789449653533526,0.6497971087217986,0.0,0.0,0.0,1.5658538743643489,0.024723721662465448,False
balanced,1.0,1.0,1.0,1.0,1.0,0.47857196719737405,0.9203307061487962,0.0,0.0,0.0,1.6008034514803995,0.15841127690129414,False
social_env,1.55,1.45,0.75,0.7,1.2,0.49362125413242786,0.9492716425623613,0.0,0.08333333333333333,0.0,1.4693556163021042,0.20433346420534032,False
environment_first,0.55,2.0,0.7,0.65,0.55,0.43294519387689523,0.8325869113017215,0.0,0.0,0.0,1.647088302213385,0.10352753343421817,False
social_first,2.0,0.55,0.6,0.6,1.35,0.5110422720000001,0.9827736,0.0,0.08333333333333333,0.0,1.4795659294352268,0.2197124194462881,True
build_tool,0.45,0.7,1.65,1.7,0.55,0.4551213630874053,0.8752333905527026,0.0,0.0,0.0,1.600753482125354,0.13497066666233448,False
teaching_tradition,1.1,0.75,0.7,0.7,2.0,0.4955384310363755,0.952958521223799,0.0,0.0,0.0,1.5772573819816156,0.18008695464005237,False
high_pressure,1.8,1.6,1.3,1.25,1.5,0.5176910115958624,0.9955596376843507,0.0,0.0,0.0,1.599471522121532,0.19779670717155595,False
