ablation,mean_total_score,total_loss,crisis_score_loss,resolved_rate_loss,env_response_loss,social_response_loss,coupled_response_loss,damage_increase
body,0.5642407912638846,-0.07315114297314962,-0.08883362946790252,-0.17777777777777776,-0.17814535580686625,0.0,-0.17814535580686625,-0.3652700933287478
infrastructure,0.4582986181097781,0.03279103018095686,0.003334685665190342,0.0,0.05602836879432621,0.0,0.05602836879432621,0.06740767155195027
tools,0.5028294203066938,-0.011739772015958772,0.003334685665190342,0.0,0.12249601968446949,0.0,0.12249601968446949,-0.26570527675543887
social_culture,0.31942062634162444,0.17166902194911055,0.003334685665190342,0.35555555555555557,0.0009677905584242197,1.0,0.35537176654101127,0.9954619617167118
environment,0.21897550965059787,0.2721141386401371,0.003334685665190342,0.35555555555555557,0.35537176654101127,0.5285510775661397,0.35537176654101127,0.0029258626075092664
previous_action,0.527978114319474,-0.036888466028738964,-0.020381496944824794,0.06666666666666665,0.07497979496266138,0.0,0.07497979496266138,-0.12987045148244913
