tick,day,resident,schedule_before,schedule_after,changed_by_avatar,changed_offscreen,diff_summary,agency_flag,visible_after_return
0,1,Nia,rest,negotiate debt,False,False,rest -> negotiate debt by talk,agency preserved,True
1,1,Ari,negotiate debt,seek tool,True,False,negotiate debt -> seek tool by offer_help,agency preserved,True
2,1,Fay,seek tool,private task,True,False,seek tool -> private task by borrow_tool,agency preserved,True
3,1,Milo,care duty,private task,True,False,care duty -> private task by return_tool,agency preserved,True
4,1,Sera,private task,work,True,False,private task -> work by interrupt_work,resident boundary respected,True
5,1,Tovan,recover focus,work,False,True,recover focus -> work by wait_offscreen,agency preserved,True
6,1,Nia,work,rest,True,False,work -> rest by repair_trust,agency preserved,True
7,1,Ari,rest,negotiate debt,False,False,rest -> negotiate debt by move,agency preserved,True
8,1,Fay,negotiate debt,seek tool,False,False,negotiate debt -> seek tool by talk,agency preserved,True
9,1,Milo,seek tool,care duty,True,False,seek tool -> care duty by offer_help,agency preserved,True
10,1,Sera,care duty,recover focus,True,False,care duty -> recover focus by borrow_tool,agency preserved,True
11,1,Tovan,private task,recover focus,True,False,private task -> recover focus by return_tool,agency preserved,True
12,1,Nia,recover focus,rest,True,False,recover focus -> rest by interrupt_work,resident boundary respected,True
13,1,Ari,work,rest,False,True,work -> rest by wait_offscreen,agency preserved,True
14,1,Fay,rest,negotiate debt,True,False,rest -> negotiate debt by repair_trust,agency preserved,True
15,1,Milo,negotiate debt,seek tool,False,False,negotiate debt -> seek tool by move,agency preserved,True
16,1,Sera,seek tool,care duty,False,False,seek tool -> care duty by talk,agency preserved,True
17,1,Tovan,care duty,private task,True,False,care duty -> private task by offer_help,agency preserved,True
18,2,Nia,recover focus,work,True,False,recover focus -> work by return_tool,agency preserved,True
19,2,Ari,work,negotiate debt,True,False,work -> negotiate debt by interrupt_work,agency preserved,True
20,2,Fay,rest,negotiate debt,False,True,rest -> negotiate debt by wait_offscreen,agency preserved,True
21,2,Milo,negotiate debt,seek tool,True,False,negotiate debt -> seek tool by repair_trust,agency preserved,True
22,2,Sera,seek tool,care duty,False,False,seek tool -> care duty by move,agency preserved,True
23,2,Tovan,care duty,private task,False,False,care duty -> private task by talk,agency preserved,True
24,2,Nia,private task,recover focus,True,False,private task -> recover focus by offer_help,agency preserved,True
25,2,Ari,recover focus,rest,True,False,recover focus -> rest by borrow_tool,agency preserved,True
26,2,Fay,work,rest,True,False,work -> rest by return_tool,agency preserved,True
27,2,Milo,rest,seek tool,True,False,rest -> seek tool by interrupt_work,agency preserved,True
28,2,Sera,negotiate debt,seek tool,False,True,negotiate debt -> seek tool by wait_offscreen,agency preserved,True
29,2,Tovan,seek tool,care duty,True,False,seek tool -> care duty by repair_trust,agency preserved,True
30,2,Nia,care duty,private task,False,False,care duty -> private task by move,agency preserved,True
31,2,Ari,private task,recover focus,False,False,private task -> recover focus by talk,agency preserved,True
32,2,Fay,recover focus,work,True,False,recover focus -> work by offer_help,agency preserved,True
33,2,Milo,work,negotiate debt,True,False,work -> negotiate debt by borrow_tool,agency preserved,True
34,2,Sera,rest,negotiate debt,True,False,rest -> negotiate debt by return_tool,agency preserved,True
35,2,Tovan,negotiate debt,care duty,True,False,negotiate debt -> care duty by interrupt_work,agency preserved,True
36,3,Nia,care duty,private task,True,False,care duty -> private task by repair_trust,agency preserved,True
37,3,Ari,private task,recover focus,False,False,private task -> recover focus by move,agency preserved,True
38,3,Fay,recover focus,work,False,False,recover focus -> work by talk,agency preserved,True
39,3,Milo,work,rest,True,False,work -> rest by offer_help,agency preserved,True
40,3,Sera,rest,seek tool,True,False,rest -> seek tool by borrow_tool,resident boundary respected,True
41,3,Tovan,negotiate debt,seek tool,True,False,negotiate debt -> seek tool by return_tool,agency preserved,True
42,3,Nia,seek tool,private task,True,False,seek tool -> private task by interrupt_work,agency preserved,True
43,3,Ari,care duty,private task,False,True,care duty -> private task by wait_offscreen,agency preserved,True
44,3,Fay,private task,recover focus,True,False,private task -> recover focus by repair_trust,agency preserved,True
45,3,Milo,recover focus,work,False,False,recover focus -> work by move,agency preserved,True
46,3,Sera,work,rest,False,False,work -> rest by talk,agency preserved,True
47,3,Tovan,rest,negotiate debt,True,False,rest -> negotiate debt by offer_help,agency preserved,True
48,3,Nia,negotiate debt,care duty,True,False,negotiate debt -> care duty by borrow_tool,resident boundary respected,True
49,3,Ari,seek tool,care duty,True,False,seek tool -> care duty by return_tool,agency preserved,True
50,3,Fay,care duty,recover focus,True,False,care duty -> recover focus by interrupt_work,agency preserved,True
51,3,Milo,private task,recover focus,False,True,private task -> recover focus by wait_offscreen,agency preserved,True
52,3,Sera,recover focus,work,True,False,recover focus -> work by repair_trust,agency preserved,True
53,3,Tovan,work,rest,False,False,work -> rest by move,agency preserved,True
54,4,Nia,negotiate debt,seek tool,True,True,negotiate debt -> seek tool by offer_help,agency preserved,True
55,4,Ari,seek tool,private task,True,False,seek tool -> private task by borrow_tool,agency preserved,True
56,4,Fay,care duty,private task,True,False,care duty -> private task by return_tool,agency preserved,True
57,4,Milo,private task,work,True,False,private task -> work by interrupt_work,agency preserved,True
58,4,Sera,recover focus,work,False,True,recover focus -> work by wait_offscreen,agency preserved,True
59,4,Tovan,work,rest,True,False,work -> rest by repair_trust,agency preserved,True
60,4,Nia,rest,negotiate debt,False,False,rest -> negotiate debt by move,agency preserved,True
61,4,Ari,negotiate debt,seek tool,False,False,negotiate debt -> seek tool by talk,agency preserved,True
62,4,Fay,seek tool,care duty,True,False,seek tool -> care duty by offer_help,agency preserved,True
63,4,Milo,care duty,recover focus,True,False,care duty -> recover focus by borrow_tool,agency preserved,True
64,4,Sera,private task,recover focus,True,False,private task -> recover focus by return_tool,agency preserved,True
65,4,Tovan,recover focus,rest,True,False,recover focus -> rest by interrupt_work,agency preserved,True
66,4,Nia,work,rest,False,True,work -> rest by wait_offscreen,agency preserved,True
67,4,Ari,rest,negotiate debt,True,False,rest -> negotiate debt by repair_trust,agency preserved,True
68,4,Fay,negotiate debt,seek tool,False,False,negotiate debt -> seek tool by move,agency preserved,True
69,4,Milo,seek tool,care duty,False,False,seek tool -> care duty by talk,agency preserved,True
70,4,Sera,care duty,private task,True,False,care duty -> private task by offer_help,agency preserved,True
71,4,Tovan,private task,work,True,True,private task -> work by borrow_tool,agency preserved,True
72,5,Nia,work,negotiate debt,True,False,work -> negotiate debt by interrupt_work,resident boundary respected,True
73,5,Ari,rest,negotiate debt,False,True,rest -> negotiate debt by wait_offscreen,agency preserved,True
74,5,Fay,negotiate debt,seek tool,True,False,negotiate debt -> seek tool by repair_trust,agency preserved,True
75,5,Milo,seek tool,care duty,False,False,seek tool -> care duty by move,agency preserved,True
76,5,Sera,care duty,private task,False,False,care duty -> private task by talk,agency preserved,True
77,5,Tovan,private task,recover focus,True,False,private task -> recover focus by offer_help,agency preserved,True
78,5,Nia,recover focus,rest,True,False,recover focus -> rest by borrow_tool,agency preserved,True
79,5,Ari,work,rest,True,False,work -> rest by return_tool,agency preserved,True
80,5,Fay,rest,seek tool,True,False,rest -> seek tool by interrupt_work,resident boundary respected,True
81,5,Milo,negotiate debt,seek tool,False,True,negotiate debt -> seek tool by wait_offscreen,agency preserved,True
82,5,Sera,seek tool,care duty,True,False,seek tool -> care duty by repair_trust,agency preserved,True
83,5,Tovan,care duty,private task,False,False,care duty -> private task by move,agency preserved,True
84,5,Nia,private task,recover focus,False,False,private task -> recover focus by talk,agency preserved,True
85,5,Ari,recover focus,work,True,False,recover focus -> work by offer_help,agency preserved,True
86,5,Fay,work,negotiate debt,True,False,work -> negotiate debt by borrow_tool,agency preserved,True
87,5,Milo,rest,negotiate debt,True,False,rest -> negotiate debt by return_tool,agency preserved,True
88,5,Sera,negotiate debt,care duty,True,False,negotiate debt -> care duty by interrupt_work,resident boundary respected,True
89,5,Tovan,seek tool,care duty,False,True,seek tool -> care duty by wait_offscreen,agency preserved,True
90,6,Nia,private task,recover focus,False,False,private task -> recover focus by move,agency preserved,True
91,6,Ari,recover focus,work,False,False,recover focus -> work by talk,agency preserved,True
92,6,Fay,work,rest,True,False,work -> rest by offer_help,agency preserved,True
93,6,Milo,rest,seek tool,True,False,rest -> seek tool by borrow_tool,agency preserved,True
94,6,Sera,negotiate debt,seek tool,True,False,negotiate debt -> seek tool by return_tool,agency preserved,True
95,6,Tovan,seek tool,private task,True,False,seek tool -> private task by interrupt_work,agency preserved,True
96,6,Nia,care duty,private task,False,True,care duty -> private task by wait_offscreen,agency preserved,True
97,6,Ari,private task,recover focus,True,False,private task -> recover focus by repair_trust,agency preserved,True
98,6,Fay,recover focus,work,False,False,recover focus -> work by move,agency preserved,True
99,6,Milo,work,rest,False,False,work -> rest by talk,agency preserved,True
100,6,Sera,rest,negotiate debt,True,False,rest -> negotiate debt by offer_help,agency preserved,True
101,6,Tovan,negotiate debt,care duty,True,False,negotiate debt -> care duty by borrow_tool,agency preserved,True
102,6,Nia,seek tool,care duty,True,False,seek tool -> care duty by return_tool,agency preserved,True
103,6,Ari,care duty,recover focus,True,False,care duty -> recover focus by interrupt_work,agency preserved,True
104,6,Fay,private task,recover focus,False,True,private task -> recover focus by wait_offscreen,agency preserved,True
105,6,Milo,recover focus,work,True,False,recover focus -> work by repair_trust,agency preserved,True
106,6,Sera,work,rest,False,False,work -> rest by move,agency preserved,True
107,6,Tovan,rest,negotiate debt,False,False,rest -> negotiate debt by talk,agency preserved,True
108,7,Nia,seek tool,private task,True,False,seek tool -> private task by borrow_tool,resident boundary respected,True
109,7,Ari,care duty,private task,True,False,care duty -> private task by return_tool,agency preserved,True
110,7,Fay,private task,work,True,False,private task -> work by interrupt_work,agency preserved,True
111,7,Milo,recover focus,work,False,True,recover focus -> work by wait_offscreen,agency preserved,True
112,7,Sera,work,rest,True,False,work -> rest by repair_trust,agency preserved,True
113,7,Tovan,rest,negotiate debt,False,False,rest -> negotiate debt by move,agency preserved,True
114,7,Nia,negotiate debt,seek tool,False,False,negotiate debt -> seek tool by talk,agency preserved,True
115,7,Ari,seek tool,care duty,True,False,seek tool -> care duty by offer_help,agency preserved,True
116,7,Fay,care duty,recover focus,True,False,care duty -> recover focus by borrow_tool,resident boundary respected,True
117,7,Milo,private task,recover focus,True,False,private task -> recover focus by return_tool,agency preserved,True
118,7,Sera,recover focus,rest,True,False,recover focus -> rest by interrupt_work,agency preserved,True
119,7,Tovan,work,rest,False,True,work -> rest by wait_offscreen,agency preserved,True
120,7,Nia,rest,negotiate debt,True,False,rest -> negotiate debt by repair_trust,agency preserved,True
121,7,Ari,negotiate debt,seek tool,False,False,negotiate debt -> seek tool by move,agency preserved,True
122,7,Fay,seek tool,care duty,False,False,seek tool -> care duty by talk,agency preserved,True
123,7,Milo,care duty,private task,True,False,care duty -> private task by offer_help,agency preserved,True
124,7,Sera,private task,work,True,False,private task -> work by borrow_tool,resident boundary respected,True
125,7,Tovan,recover focus,work,True,False,recover focus -> work by return_tool,agency preserved,True
126,8,Nia,rest,negotiate debt,False,True,rest -> negotiate debt by wait_offscreen,agency preserved,True
127,8,Ari,negotiate debt,seek tool,True,False,negotiate debt -> seek tool by repair_trust,agency preserved,True
128,8,Fay,seek tool,care duty,False,False,seek tool -> care duty by move,agency preserved,True
129,8,Milo,care duty,private task,False,False,care duty -> private task by talk,agency preserved,True
130,8,Sera,private task,recover focus,True,False,private task -> recover focus by offer_help,agency preserved,True
131,8,Tovan,recover focus,rest,True,False,recover focus -> rest by borrow_tool,agency preserved,True
132,8,Nia,work,rest,True,False,work -> rest by return_tool,agency preserved,True
133,8,Ari,rest,seek tool,True,False,rest -> seek tool by interrupt_work,agency preserved,True
134,8,Fay,negotiate debt,seek tool,False,True,negotiate debt -> seek tool by wait_offscreen,agency preserved,True
135,8,Milo,seek tool,care duty,True,False,seek tool -> care duty by repair_trust,agency preserved,True
136,8,Sera,care duty,private task,False,False,care duty -> private task by move,agency preserved,True
137,8,Tovan,private task,recover focus,False,False,private task -> recover focus by talk,agency preserved,True
138,8,Nia,recover focus,work,True,False,recover focus -> work by offer_help,agency preserved,True
139,8,Ari,work,negotiate debt,True,False,work -> negotiate debt by borrow_tool,agency preserved,True
140,8,Fay,rest,negotiate debt,True,False,rest -> negotiate debt by return_tool,agency preserved,True
141,8,Milo,negotiate debt,care duty,True,False,negotiate debt -> care duty by interrupt_work,agency preserved,True
142,8,Sera,seek tool,care duty,False,True,seek tool -> care duty by wait_offscreen,agency preserved,True
143,8,Tovan,care duty,private task,True,True,care duty -> private task by repair_trust,agency preserved,True
144,9,Nia,recover focus,work,False,False,recover focus -> work by talk,agency preserved,True
145,9,Ari,work,rest,True,False,work -> rest by offer_help,agency preserved,True
146,9,Fay,rest,seek tool,True,False,rest -> seek tool by borrow_tool,agency preserved,True
147,9,Milo,negotiate debt,seek tool,True,False,negotiate debt -> seek tool by return_tool,agency preserved,True
148,9,Sera,seek tool,private task,True,False,seek tool -> private task by interrupt_work,resident boundary respected,True
149,9,Tovan,care duty,private task,False,True,care duty -> private task by wait_offscreen,agency preserved,True
150,9,Nia,private task,recover focus,True,False,private task -> recover focus by repair_trust,agency preserved,True
151,9,Ari,recover focus,work,False,False,recover focus -> work by move,agency preserved,True
152,9,Fay,work,rest,False,False,work -> rest by talk,agency preserved,True
153,9,Milo,rest,negotiate debt,True,False,rest -> negotiate debt by offer_help,agency preserved,True
154,9,Sera,negotiate debt,care duty,True,False,negotiate debt -> care duty by borrow_tool,agency preserved,True
155,9,Tovan,seek tool,care duty,True,False,seek tool -> care duty by return_tool,agency preserved,True
156,9,Nia,care duty,recover focus,True,False,care duty -> recover focus by interrupt_work,resident boundary respected,True
157,9,Ari,private task,recover focus,False,True,private task -> recover focus by wait_offscreen,agency preserved,True
158,9,Fay,recover focus,work,True,False,recover focus -> work by repair_trust,agency preserved,True
159,9,Milo,work,rest,False,False,work -> rest by move,agency preserved,True
160,9,Sera,rest,negotiate debt,False,False,rest -> negotiate debt by talk,agency preserved,True
161,9,Tovan,negotiate debt,seek tool,True,False,negotiate debt -> seek tool by offer_help,agency preserved,True
162,10,Nia,care duty,private task,True,False,care duty -> private task by return_tool,agency preserved,True
163,10,Ari,private task,work,True,False,private task -> work by interrupt_work,agency preserved,True
164,10,Fay,recover focus,work,False,True,recover focus -> work by wait_offscreen,agency preserved,True
165,10,Milo,work,rest,True,False,work -> rest by repair_trust,agency preserved,True
166,10,Sera,rest,negotiate debt,False,False,rest -> negotiate debt by move,agency preserved,True
167,10,Tovan,negotiate debt,seek tool,False,False,negotiate debt -> seek tool by talk,agency preserved,True
168,10,Nia,seek tool,care duty,True,False,seek tool -> care duty by offer_help,agency preserved,True
169,10,Ari,care duty,recover focus,True,False,care duty -> recover focus by borrow_tool,agency preserved,True
170,10,Fay,private task,recover focus,True,False,private task -> recover focus by return_tool,agency preserved,True
171,10,Milo,recover focus,rest,True,False,recover focus -> rest by interrupt_work,agency preserved,True
172,10,Sera,work,rest,False,True,work -> rest by wait_offscreen,agency preserved,True
173,10,Tovan,rest,negotiate debt,True,False,rest -> negotiate debt by repair_trust,agency preserved,True
174,10,Nia,negotiate debt,seek tool,False,False,negotiate debt -> seek tool by move,agency preserved,True
175,10,Ari,seek tool,care duty,False,False,seek tool -> care duty by talk,agency preserved,True
176,10,Fay,care duty,private task,True,False,care duty -> private task by offer_help,agency preserved,True
177,10,Milo,private task,work,True,False,private task -> work by borrow_tool,agency preserved,True
178,10,Sera,recover focus,work,True,False,recover focus -> work by return_tool,agency preserved,True
179,10,Tovan,work,negotiate debt,True,False,work -> negotiate debt by interrupt_work,agency preserved,True
180,11,Nia,negotiate debt,seek tool,True,False,negotiate debt -> seek tool by repair_trust,agency preserved,True
181,11,Ari,seek tool,care duty,False,False,seek tool -> care duty by move,agency preserved,True
182,11,Fay,care duty,private task,False,False,care duty -> private task by talk,agency preserved,True
183,11,Milo,private task,recover focus,True,False,private task -> recover focus by offer_help,agency preserved,True
184,11,Sera,recover focus,rest,True,False,recover focus -> rest by borrow_tool,resident boundary respected,True
185,11,Tovan,work,rest,True,False,work -> rest by return_tool,agency preserved,True
186,11,Nia,rest,seek tool,True,False,rest -> seek tool by interrupt_work,agency preserved,True
187,11,Ari,negotiate debt,seek tool,False,True,negotiate debt -> seek tool by wait_offscreen,agency preserved,True
188,11,Fay,seek tool,care duty,True,False,seek tool -> care duty by repair_trust,agency preserved,True
189,11,Milo,care duty,private task,False,False,care duty -> private task by move,agency preserved,True
190,11,Sera,private task,recover focus,False,False,private task -> recover focus by talk,agency preserved,True
191,11,Tovan,recover focus,work,True,False,recover focus -> work by offer_help,agency preserved,True
192,11,Nia,work,negotiate debt,True,False,work -> negotiate debt by borrow_tool,resident boundary respected,True
193,11,Ari,rest,negotiate debt,True,False,rest -> negotiate debt by return_tool,agency preserved,True
194,11,Fay,negotiate debt,care duty,True,False,negotiate debt -> care duty by interrupt_work,agency preserved,True
195,11,Milo,seek tool,care duty,False,True,seek tool -> care duty by wait_offscreen,agency preserved,True
196,11,Sera,care duty,private task,True,False,care duty -> private task by repair_trust,agency preserved,True
197,11,Tovan,private task,recover focus,False,False,private task -> recover focus by move,agency preserved,True
198,12,Nia,work,rest,True,True,work -> rest by offer_help,agency preserved,True
199,12,Ari,rest,seek tool,True,False,rest -> seek tool by borrow_tool,agency preserved,True
200,12,Fay,negotiate debt,seek tool,True,False,negotiate debt -> seek tool by return_tool,agency preserved,True
201,12,Milo,seek tool,private task,True,False,seek tool -> private task by interrupt_work,agency preserved,True
202,12,Sera,care duty,private task,False,True,care duty -> private task by wait_offscreen,agency preserved,True
203,12,Tovan,private task,recover focus,True,False,private task -> recover focus by repair_trust,agency preserved,True
204,12,Nia,recover focus,work,False,False,recover focus -> work by move,agency preserved,True
205,12,Ari,work,rest,False,False,work -> rest by talk,agency preserved,True
206,12,Fay,rest,negotiate debt,True,False,rest -> negotiate debt by offer_help,agency preserved,True
207,12,Milo,negotiate debt,care duty,True,False,negotiate debt -> care duty by borrow_tool,agency preserved,True
208,12,Sera,seek tool,care duty,True,False,seek tool -> care duty by return_tool,agency preserved,True
209,12,Tovan,care duty,recover focus,True,False,care duty -> recover focus by interrupt_work,agency preserved,True
210,12,Nia,private task,recover focus,False,True,private task -> recover focus by wait_offscreen,agency preserved,True
211,12,Ari,recover focus,work,True,False,recover focus -> work by repair_trust,agency preserved,True
212,12,Fay,work,rest,False,False,work -> rest by move,agency preserved,True
213,12,Milo,rest,negotiate debt,False,False,rest -> negotiate debt by talk,agency preserved,True
214,12,Sera,negotiate debt,seek tool,True,False,negotiate debt -> seek tool by offer_help,agency preserved,True
215,12,Tovan,seek tool,private task,True,True,seek tool -> private task by borrow_tool,agency preserved,True
216,13,Nia,private task,work,True,False,private task -> work by interrupt_work,resident boundary respected,True
217,13,Ari,recover focus,work,False,True,recover focus -> work by wait_offscreen,agency preserved,True
218,13,Fay,work,rest,True,False,work -> rest by repair_trust,agency preserved,True
219,13,Milo,rest,negotiate debt,False,False,rest -> negotiate debt by move,agency preserved,True
220,13,Sera,negotiate debt,seek tool,False,False,negotiate debt -> seek tool by talk,agency preserved,True
221,13,Tovan,seek tool,care duty,True,False,seek tool -> care duty by offer_help,agency preserved,True
222,13,Nia,care duty,recover focus,True,False,care duty -> recover focus by borrow_tool,agency preserved,True
223,13,Ari,private task,recover focus,True,False,private task -> recover focus by return_tool,agency preserved,True
224,13,Fay,recover focus,rest,True,False,recover focus -> rest by interrupt_work,resident boundary respected,True
225,13,Milo,work,rest,False,True,work -> rest by wait_offscreen,agency preserved,True
226,13,Sera,rest,negotiate debt,True,False,rest -> negotiate debt by repair_trust,agency preserved,True
227,13,Tovan,negotiate debt,seek tool,False,False,negotiate debt -> seek tool by move,agency preserved,True
228,13,Nia,seek tool,care duty,False,False,seek tool -> care duty by talk,agency preserved,True
229,13,Ari,care duty,private task,True,False,care duty -> private task by offer_help,agency preserved,True
230,13,Fay,private task,work,True,False,private task -> work by borrow_tool,agency preserved,True
231,13,Milo,recover focus,work,True,False,recover focus -> work by return_tool,agency preserved,True
232,13,Sera,work,negotiate debt,True,False,work -> negotiate debt by interrupt_work,resident boundary respected,True
233,13,Tovan,rest,negotiate debt,False,True,rest -> negotiate debt by wait_offscreen,agency preserved,True
234,14,Nia,seek tool,care duty,False,False,seek tool -> care duty by move,agency preserved,True
235,14,Ari,care duty,private task,False,False,care duty -> private task by talk,agency preserved,True
236,14,Fay,private task,recover focus,True,False,private task -> recover focus by offer_help,agency preserved,True
237,14,Milo,recover focus,rest,True,False,recover focus -> rest by borrow_tool,agency preserved,True
238,14,Sera,work,rest,True,False,work -> rest by return_tool,agency preserved,True
239,14,Tovan,rest,seek tool,True,False,rest -> seek tool by interrupt_work,agency preserved,True
240,14,Nia,negotiate debt,seek tool,False,True,negotiate debt -> seek tool by wait_offscreen,agency preserved,True
241,14,Ari,seek tool,care duty,True,False,seek tool -> care duty by repair_trust,agency preserved,True
242,14,Fay,care duty,private task,False,False,care duty -> private task by move,agency preserved,True
243,14,Milo,private task,recover focus,False,False,private task -> recover focus by talk,agency preserved,True
244,14,Sera,recover focus,work,True,False,recover focus -> work by offer_help,agency preserved,True
245,14,Tovan,work,negotiate debt,True,False,work -> negotiate debt by borrow_tool,agency preserved,True
246,14,Nia,rest,negotiate debt,True,False,rest -> negotiate debt by return_tool,agency preserved,True
247,14,Ari,negotiate debt,care duty,True,False,negotiate debt -> care duty by interrupt_work,agency preserved,True
248,14,Fay,seek tool,care duty,False,True,seek tool -> care duty by wait_offscreen,agency preserved,True
249,14,Milo,care duty,private task,True,False,care duty -> private task by repair_trust,agency preserved,True
250,14,Sera,private task,recover focus,False,False,private task -> recover focus by move,agency preserved,True
251,14,Tovan,recover focus,work,False,False,recover focus -> work by talk,agency preserved,True
252,15,Nia,rest,seek tool,True,False,rest -> seek tool by borrow_tool,resident boundary respected,True
253,15,Ari,negotiate debt,seek tool,True,False,negotiate debt -> seek tool by return_tool,agency preserved,True
254,15,Fay,seek tool,private task,True,False,seek tool -> private task by interrupt_work,agency preserved,True
255,15,Milo,care duty,private task,False,True,care duty -> private task by wait_offscreen,agency preserved,True
256,15,Sera,private task,recover focus,True,False,private task -> recover focus by repair_trust,agency preserved,True
257,15,Tovan,recover focus,work,False,False,recover focus -> work by move,agency preserved,True
258,15,Nia,work,rest,False,False,work -> rest by talk,agency preserved,True
259,15,Ari,rest,negotiate debt,True,False,rest -> negotiate debt by offer_help,agency preserved,True
260,15,Fay,negotiate debt,care duty,True,False,negotiate debt -> care duty by borrow_tool,resident boundary respected,True
261,15,Milo,seek tool,care duty,True,False,seek tool -> care duty by return_tool,agency preserved,True
262,15,Sera,care duty,recover focus,True,False,care duty -> recover focus by interrupt_work,agency preserved,True
263,15,Tovan,private task,recover focus,False,True,private task -> recover focus by wait_offscreen,agency preserved,True
264,15,Nia,recover focus,work,True,False,recover focus -> work by repair_trust,agency preserved,True
265,15,Ari,work,rest,False,False,work -> rest by move,agency preserved,True
266,15,Fay,rest,negotiate debt,False,False,rest -> negotiate debt by talk,agency preserved,True
267,15,Milo,negotiate debt,seek tool,True,False,negotiate debt -> seek tool by offer_help,agency preserved,True
268,15,Sera,seek tool,private task,True,False,seek tool -> private task by borrow_tool,resident boundary respected,True
269,15,Tovan,care duty,private task,True,False,care duty -> private task by return_tool,agency preserved,True
270,16,Nia,recover focus,work,False,True,recover focus -> work by wait_offscreen,agency preserved,True
271,16,Ari,work,rest,True,False,work -> rest by repair_trust,agency preserved,True
272,16,Fay,rest,negotiate debt,False,False,rest -> negotiate debt by move,agency preserved,True
273,16,Milo,negotiate debt,seek tool,False,False,negotiate debt -> seek tool by talk,agency preserved,True
274,16,Sera,seek tool,care duty,True,False,seek tool -> care duty by offer_help,agency preserved,True
275,16,Tovan,care duty,recover focus,True,False,care duty -> recover focus by borrow_tool,agency preserved,True
276,16,Nia,private task,recover focus,True,False,private task -> recover focus by return_tool,agency preserved,True
277,16,Ari,recover focus,rest,True,False,recover focus -> rest by interrupt_work,agency preserved,True
278,16,Fay,work,rest,False,True,work -> rest by wait_offscreen,agency preserved,True
279,16,Milo,rest,negotiate debt,True,False,rest -> negotiate debt by repair_trust,agency preserved,True
280,16,Sera,negotiate debt,seek tool,False,False,negotiate debt -> seek tool by move,agency preserved,True
281,16,Tovan,seek tool,care duty,False,False,seek tool -> care duty by talk,agency preserved,True
282,16,Nia,care duty,private task,True,False,care duty -> private task by offer_help,agency preserved,True
283,16,Ari,private task,work,True,False,private task -> work by borrow_tool,agency preserved,True
284,16,Fay,recover focus,work,True,False,recover focus -> work by return_tool,agency preserved,True
285,16,Milo,work,negotiate debt,True,False,work -> negotiate debt by interrupt_work,agency preserved,True
286,16,Sera,rest,negotiate debt,False,True,rest -> negotiate debt by wait_offscreen,agency preserved,True
287,16,Tovan,negotiate debt,seek tool,True,True,negotiate debt -> seek tool by repair_trust,agency preserved,True
288,17,Nia,care duty,private task,False,False,care duty -> private task by talk,agency preserved,True
289,17,Ari,private task,recover focus,True,False,private task -> recover focus by offer_help,agency preserved,True
290,17,Fay,recover focus,rest,True,False,recover focus -> rest by borrow_tool,agency preserved,True
291,17,Milo,work,rest,True,False,work -> rest by return_tool,agency preserved,True
292,17,Sera,rest,seek tool,True,False,rest -> seek tool by interrupt_work,resident boundary respected,True
293,17,Tovan,negotiate debt,seek tool,False,True,negotiate debt -> seek tool by wait_offscreen,agency preserved,True
294,17,Nia,seek tool,care duty,True,False,seek tool -> care duty by repair_trust,agency preserved,True
295,17,Ari,care duty,private task,False,False,care duty -> private task by move,agency preserved,True
296,17,Fay,private task,recover focus,False,False,private task -> recover focus by talk,agency preserved,True
297,17,Milo,recover focus,work,True,False,recover focus -> work by offer_help,agency preserved,True
298,17,Sera,work,negotiate debt,True,False,work -> negotiate debt by borrow_tool,agency preserved,True
299,17,Tovan,rest,negotiate debt,True,False,rest -> negotiate debt by return_tool,agency preserved,True
300,17,Nia,negotiate debt,care duty,True,False,negotiate debt -> care duty by interrupt_work,resident boundary respected,True
301,17,Ari,seek tool,care duty,False,True,seek tool -> care duty by wait_offscreen,agency preserved,True
302,17,Fay,care duty,private task,True,False,care duty -> private task by repair_trust,agency preserved,True
303,17,Milo,private task,recover focus,False,False,private task -> recover focus by move,agency preserved,True
304,17,Sera,recover focus,work,False,False,recover focus -> work by talk,agency preserved,True
305,17,Tovan,work,rest,True,False,work -> rest by offer_help,agency preserved,True
306,18,Nia,negotiate debt,seek tool,True,False,negotiate debt -> seek tool by return_tool,agency preserved,True
307,18,Ari,seek tool,private task,True,False,seek tool -> private task by interrupt_work,agency preserved,True
308,18,Fay,care duty,private task,False,True,care duty -> private task by wait_offscreen,agency preserved,True
309,18,Milo,private task,recover focus,True,False,private task -> recover focus by repair_trust,agency preserved,True
310,18,Sera,recover focus,work,False,False,recover focus -> work by move,agency preserved,True
311,18,Tovan,work,rest,False,False,work -> rest by talk,agency preserved,True
312,18,Nia,rest,negotiate debt,True,False,rest -> negotiate debt by offer_help,agency preserved,True
313,18,Ari,negotiate debt,care duty,True,False,negotiate debt -> care duty by borrow_tool,agency preserved,True
314,18,Fay,seek tool,care duty,True,False,seek tool -> care duty by return_tool,agency preserved,True
315,18,Milo,care duty,recover focus,True,False,care duty -> recover focus by interrupt_work,agency preserved,True
316,18,Sera,private task,recover focus,False,True,private task -> recover focus by wait_offscreen,agency preserved,True
317,18,Tovan,recover focus,work,True,False,recover focus -> work by repair_trust,agency preserved,True
318,18,Nia,work,rest,False,False,work -> rest by move,agency preserved,True
319,18,Ari,rest,negotiate debt,False,False,rest -> negotiate debt by talk,agency preserved,True
320,18,Fay,negotiate debt,seek tool,True,False,negotiate debt -> seek tool by offer_help,agency preserved,True
321,18,Milo,seek tool,private task,True,False,seek tool -> private task by borrow_tool,agency preserved,True
322,18,Sera,care duty,private task,True,False,care duty -> private task by return_tool,agency preserved,True
323,18,Tovan,private task,work,True,False,private task -> work by interrupt_work,agency preserved,True
324,19,Nia,work,rest,True,False,work -> rest by repair_trust,agency preserved,True
325,19,Ari,rest,negotiate debt,False,False,rest -> negotiate debt by move,agency preserved,True
326,19,Fay,negotiate debt,seek tool,False,False,negotiate debt -> seek tool by talk,agency preserved,True
327,19,Milo,seek tool,care duty,True,False,seek tool -> care duty by offer_help,agency preserved,True
328,19,Sera,care duty,recover focus,True,False,care duty -> recover focus by borrow_tool,resident boundary respected,True
329,19,Tovan,private task,recover focus,True,False,private task -> recover focus by return_tool,agency preserved,True
330,19,Nia,recover focus,rest,True,False,recover focus -> rest by interrupt_work,agency preserved,True
331,19,Ari,work,rest,False,True,work -> rest by wait_offscreen,agency preserved,True
332,19,Fay,rest,negotiate debt,True,False,rest -> negotiate debt by repair_trust,agency preserved,True
333,19,Milo,negotiate debt,seek tool,False,False,negotiate debt -> seek tool by move,agency preserved,True
334,19,Sera,seek tool,care duty,False,False,seek tool -> care duty by talk,agency preserved,True
335,19,Tovan,care duty,private task,True,False,care duty -> private task by offer_help,agency preserved,True
336,19,Nia,private task,work,True,False,private task -> work by borrow_tool,resident boundary respected,True
337,19,Ari,recover focus,work,True,False,recover focus -> work by return_tool,agency preserved,True
338,19,Fay,work,negotiate debt,True,False,work -> negotiate debt by interrupt_work,agency preserved,True
339,19,Milo,rest,negotiate debt,False,True,rest -> negotiate debt by wait_offscreen,agency preserved,True
340,19,Sera,negotiate debt,seek tool,True,False,negotiate debt -> seek tool by repair_trust,agency preserved,True
341,19,Tovan,seek tool,care duty,False,False,seek tool -> care duty by move,agency preserved,True
342,20,Nia,private task,recover focus,True,True,private task -> recover focus by offer_help,agency preserved,True
343,20,Ari,recover focus,rest,True,False,recover focus -> rest by borrow_tool,agency preserved,True
344,20,Fay,work,rest,True,False,work -> rest by return_tool,agency preserved,True
345,20,Milo,rest,seek tool,True,False,rest -> seek tool by interrupt_work,agency preserved,True
346,20,Sera,negotiate debt,seek tool,False,True,negotiate debt -> seek tool by wait_offscreen,agency preserved,True
347,20,Tovan,seek tool,care duty,True,False,seek tool -> care duty by repair_trust,agency preserved,True
348,20,Nia,care duty,private task,False,False,care duty -> private task by move,agency preserved,True
349,20,Ari,private task,recover focus,False,False,private task -> recover focus by talk,agency preserved,True
350,20,Fay,recover focus,work,True,False,recover focus -> work by offer_help,agency preserved,True
351,20,Milo,work,negotiate debt,True,False,work -> negotiate debt by borrow_tool,agency preserved,True
352,20,Sera,rest,negotiate debt,True,False,rest -> negotiate debt by return_tool,agency preserved,True
353,20,Tovan,negotiate debt,care duty,True,False,negotiate debt -> care duty by interrupt_work,agency preserved,True
354,20,Nia,seek tool,care duty,False,True,seek tool -> care duty by wait_offscreen,agency preserved,True
355,20,Ari,care duty,private task,True,False,care duty -> private task by repair_trust,agency preserved,True
356,20,Fay,private task,recover focus,False,False,private task -> recover focus by move,agency preserved,True
357,20,Milo,recover focus,work,False,False,recover focus -> work by talk,agency preserved,True
358,20,Sera,work,rest,True,False,work -> rest by offer_help,agency preserved,True
359,20,Tovan,rest,seek tool,True,True,rest -> seek tool by borrow_tool,agency preserved,True
360,21,Nia,seek tool,private task,True,False,seek tool -> private task by interrupt_work,resident boundary respected,True
361,21,Ari,care duty,private task,False,True,care duty -> private task by wait_offscreen,agency preserved,True
362,21,Fay,private task,recover focus,True,False,private task -> recover focus by repair_trust,agency preserved,True
363,21,Milo,recover focus,work,False,False,recover focus -> work by move,agency preserved,True
364,21,Sera,work,rest,False,False,work -> rest by talk,agency preserved,True
365,21,Tovan,rest,negotiate debt,True,False,rest -> negotiate debt by offer_help,agency preserved,True
366,21,Nia,negotiate debt,care duty,True,False,negotiate debt -> care duty by borrow_tool,agency preserved,True
367,21,Ari,seek tool,care duty,True,False,seek tool -> care duty by return_tool,agency preserved,True
368,21,Fay,care duty,recover focus,True,False,care duty -> recover focus by interrupt_work,resident boundary respected,True
369,21,Milo,private task,recover focus,False,True,private task -> recover focus by wait_offscreen,agency preserved,True
370,21,Sera,recover focus,work,True,False,recover focus -> work by repair_trust,agency preserved,True
371,21,Tovan,work,rest,False,False,work -> rest by move,agency preserved,True
372,21,Nia,rest,negotiate debt,False,False,rest -> negotiate debt by talk,agency preserved,True
373,21,Ari,negotiate debt,seek tool,True,False,negotiate debt -> seek tool by offer_help,agency preserved,True
374,21,Fay,seek tool,private task,True,False,seek tool -> private task by borrow_tool,agency preserved,True
375,21,Milo,care duty,private task,True,False,care duty -> private task by return_tool,agency preserved,True
376,21,Sera,private task,work,True,False,private task -> work by interrupt_work,resident boundary respected,True
377,21,Tovan,recover focus,work,False,True,recover focus -> work by wait_offscreen,agency preserved,True
378,22,Nia,rest,negotiate debt,False,False,rest -> negotiate debt by move,agency preserved,True
379,22,Ari,negotiate debt,seek tool,False,False,negotiate debt -> seek tool by talk,agency preserved,True
380,22,Fay,seek tool,care duty,True,False,seek tool -> care duty by offer_help,agency preserved,True
381,22,Milo,care duty,recover focus,True,False,care duty -> recover focus by borrow_tool,agency preserved,True
382,22,Sera,private task,recover focus,True,False,private task -> recover focus by return_tool,agency preserved,True
383,22,Tovan,recover focus,rest,True,False,recover focus -> rest by interrupt_work,agency preserved,True
384,22,Nia,work,rest,False,True,work -> rest by wait_offscreen,agency preserved,True
385,22,Ari,rest,negotiate debt,True,False,rest -> negotiate debt by repair_trust,agency preserved,True
386,22,Fay,negotiate debt,seek tool,False,False,negotiate debt -> seek tool by move,agency preserved,True
387,22,Milo,seek tool,care duty,False,False,seek tool -> care duty by talk,agency preserved,True
388,22,Sera,care duty,private task,True,False,care duty -> private task by offer_help,agency preserved,True
389,22,Tovan,private task,work,True,False,private task -> work by borrow_tool,agency preserved,True
390,22,Nia,recover focus,work,True,False,recover focus -> work by return_tool,agency preserved,True
391,22,Ari,work,negotiate debt,True,False,work -> negotiate debt by interrupt_work,agency preserved,True
392,22,Fay,rest,negotiate debt,False,True,rest -> negotiate debt by wait_offscreen,agency preserved,True
393,22,Milo,negotiate debt,seek tool,True,False,negotiate debt -> seek tool by repair_trust,agency preserved,True
394,22,Sera,seek tool,care duty,False,False,seek tool -> care duty by move,agency preserved,True
395,22,Tovan,care duty,private task,False,False,care duty -> private task by talk,agency preserved,True
396,23,Nia,recover focus,rest,True,False,recover focus -> rest by borrow_tool,resident boundary respected,True
397,23,Ari,work,rest,True,False,work -> rest by return_tool,agency preserved,True
398,23,Fay,rest,seek tool,True,False,rest -> seek tool by interrupt_work,agency preserved,True
399,23,Milo,negotiate debt,seek tool,False,True,negotiate debt -> seek tool by wait_offscreen,agency preserved,True
400,23,Sera,seek tool,care duty,True,False,seek tool -> care duty by repair_trust,agency preserved,True
401,23,Tovan,care duty,private task,False,False,care duty -> private task by move,agency preserved,True
402,23,Nia,private task,recover focus,False,False,private task -> recover focus by talk,agency preserved,True
403,23,Ari,recover focus,work,True,False,recover focus -> work by offer_help,agency preserved,True
404,23,Fay,work,negotiate debt,True,False,work -> negotiate debt by borrow_tool,resident boundary respected,True
405,23,Milo,rest,negotiate debt,True,False,rest -> negotiate debt by return_tool,agency preserved,True
406,23,Sera,negotiate debt,care duty,True,False,negotiate debt -> care duty by interrupt_work,agency preserved,True
407,23,Tovan,seek tool,care duty,False,True,seek tool -> care duty by wait_offscreen,agency preserved,True
408,23,Nia,care duty,private task,True,False,care duty -> private task by repair_trust,agency preserved,True
409,23,Ari,private task,recover focus,False,False,private task -> recover focus by move,agency preserved,True
410,23,Fay,recover focus,work,False,False,recover focus -> work by talk,agency preserved,True
411,23,Milo,work,rest,True,False,work -> rest by offer_help,agency preserved,True
412,23,Sera,rest,seek tool,True,False,rest -> seek tool by borrow_tool,resident boundary respected,True
413,23,Tovan,negotiate debt,seek tool,True,False,negotiate debt -> seek tool by return_tool,agency preserved,True
414,24,Nia,care duty,private task,False,True,care duty -> private task by wait_offscreen,agency preserved,True
415,24,Ari,private task,recover focus,True,False,private task -> recover focus by repair_trust,agency preserved,True
416,24,Fay,recover focus,work,False,False,recover focus -> work by move,agency preserved,True
417,24,Milo,work,rest,False,False,work -> rest by talk,agency preserved,True
418,24,Sera,rest,negotiate debt,True,False,rest -> negotiate debt by offer_help,agency preserved,True
419,24,Tovan,negotiate debt,care duty,True,False,negotiate debt -> care duty by borrow_tool,agency preserved,True
420,24,Nia,seek tool,care duty,True,False,seek tool -> care duty by return_tool,agency preserved,True
421,24,Ari,care duty,recover focus,True,False,care duty -> recover focus by interrupt_work,agency preserved,True
422,24,Fay,private task,recover focus,False,True,private task -> recover focus by wait_offscreen,agency preserved,True
423,24,Milo,recover focus,work,True,False,recover focus -> work by repair_trust,agency preserved,True
424,24,Sera,work,rest,False,False,work -> rest by move,agency preserved,True
425,24,Tovan,rest,negotiate debt,False,False,rest -> negotiate debt by talk,agency preserved,True
426,24,Nia,negotiate debt,seek tool,True,False,negotiate debt -> seek tool by offer_help,agency preserved,True
427,24,Ari,seek tool,private task,True,False,seek tool -> private task by borrow_tool,agency preserved,True
428,24,Fay,care duty,private task,True,False,care duty -> private task by return_tool,agency preserved,True
429,24,Milo,private task,work,True,False,private task -> work by interrupt_work,agency preserved,True
430,24,Sera,recover focus,work,False,True,recover focus -> work by wait_offscreen,agency preserved,True
431,24,Tovan,work,rest,True,True,work -> rest by repair_trust,agency preserved,True
432,25,Nia,negotiate debt,seek tool,False,False,negotiate debt -> seek tool by talk,agency preserved,True
433,25,Ari,seek tool,care duty,True,False,seek tool -> care duty by offer_help,agency preserved,True
434,25,Fay,care duty,recover focus,True,False,care duty -> recover focus by borrow_tool,agency preserved,True
435,25,Milo,private task,recover focus,True,False,private task -> recover focus by return_tool,agency preserved,True
436,25,Sera,recover focus,rest,True,False,recover focus -> rest by interrupt_work,resident boundary respected,True
437,25,Tovan,work,rest,False,True,work -> rest by wait_offscreen,agency preserved,True
438,25,Nia,rest,negotiate debt,True,False,rest -> negotiate debt by repair_trust,agency preserved,True
439,25,Ari,negotiate debt,seek tool,False,False,negotiate debt -> seek tool by move,agency preserved,True
440,25,Fay,seek tool,care duty,False,False,seek tool -> care duty by talk,agency preserved,True
441,25,Milo,care duty,private task,True,False,care duty -> private task by offer_help,agency preserved,True
442,25,Sera,private task,work,True,False,private task -> work by borrow_tool,agency preserved,True
443,25,Tovan,recover focus,work,True,False,recover focus -> work by return_tool,agency preserved,True
444,25,Nia,work,negotiate debt,True,False,work -> negotiate debt by interrupt_work,resident boundary respected,True
445,25,Ari,rest,negotiate debt,False,True,rest -> negotiate debt by wait_offscreen,agency preserved,True
446,25,Fay,negotiate debt,seek tool,True,False,negotiate debt -> seek tool by repair_trust,agency preserved,True
447,25,Milo,seek tool,care duty,False,False,seek tool -> care duty by move,agency preserved,True
448,25,Sera,care duty,private task,False,False,care duty -> private task by talk,agency preserved,True
449,25,Tovan,private task,recover focus,True,False,private task -> recover focus by offer_help,agency preserved,True
450,26,Nia,work,rest,True,False,work -> rest by return_tool,agency preserved,True
451,26,Ari,rest,seek tool,True,False,rest -> seek tool by interrupt_work,agency preserved,True
452,26,Fay,negotiate debt,seek tool,False,True,negotiate debt -> seek tool by wait_offscreen,agency preserved,True
453,26,Milo,seek tool,care duty,True,False,seek tool -> care duty by repair_trust,agency preserved,True
454,26,Sera,care duty,private task,False,False,care duty -> private task by move,agency preserved,True
455,26,Tovan,private task,recover focus,False,False,private task -> recover focus by talk,agency preserved,True
456,26,Nia,recover focus,work,True,False,recover focus -> work by offer_help,agency preserved,True
457,26,Ari,work,negotiate debt,True,False,work -> negotiate debt by borrow_tool,agency preserved,True
458,26,Fay,rest,negotiate debt,True,False,rest -> negotiate debt by return_tool,agency preserved,True
459,26,Milo,negotiate debt,care duty,True,False,negotiate debt -> care duty by interrupt_work,agency preserved,True
460,26,Sera,seek tool,care duty,False,True,seek tool -> care duty by wait_offscreen,agency preserved,True
461,26,Tovan,care duty,private task,True,False,care duty -> private task by repair_trust,agency preserved,True
462,26,Nia,private task,recover focus,False,False,private task -> recover focus by move,agency preserved,True
463,26,Ari,recover focus,work,False,False,recover focus -> work by talk,agency preserved,True
464,26,Fay,work,rest,True,False,work -> rest by offer_help,agency preserved,True
465,26,Milo,rest,seek tool,True,False,rest -> seek tool by borrow_tool,agency preserved,True
466,26,Sera,negotiate debt,seek tool,True,False,negotiate debt -> seek tool by return_tool,agency preserved,True
467,26,Tovan,seek tool,private task,True,False,seek tool -> private task by interrupt_work,agency preserved,True
468,27,Nia,private task,recover focus,True,False,private task -> recover focus by repair_trust,agency preserved,True
469,27,Ari,recover focus,work,False,False,recover focus -> work by move,agency preserved,True
470,27,Fay,work,rest,False,False,work -> rest by talk,agency preserved,True
471,27,Milo,rest,negotiate debt,True,False,rest -> negotiate debt by offer_help,agency preserved,True
472,27,Sera,negotiate debt,care duty,True,False,negotiate debt -> care duty by borrow_tool,resident boundary respected,True
473,27,Tovan,seek tool,care duty,True,False,seek tool -> care duty by return_tool,agency preserved,True
474,27,Nia,care duty,recover focus,True,False,care duty -> recover focus by interrupt_work,agency preserved,True
475,27,Ari,private task,recover focus,False,True,private task -> recover focus by wait_offscreen,agency preserved,True
476,27,Fay,recover focus,work,True,False,recover focus -> work by repair_trust,agency preserved,True
477,27,Milo,work,rest,False,False,work -> rest by move,agency preserved,True
478,27,Sera,rest,negotiate debt,False,False,rest -> negotiate debt by talk,agency preserved,True
479,27,Tovan,negotiate debt,seek tool,True,False,negotiate debt -> seek tool by offer_help,agency preserved,True
480,27,Nia,seek tool,private task,True,False,seek tool -> private task by borrow_tool,resident boundary respected,True
481,27,Ari,care duty,private task,True,False,care duty -> private task by return_tool,agency preserved,True
482,27,Fay,private task,work,True,False,private task -> work by interrupt_work,agency preserved,True
483,27,Milo,recover focus,work,False,True,recover focus -> work by wait_offscreen,agency preserved,True
484,27,Sera,work,rest,True,False,work -> rest by repair_trust,agency preserved,True
485,27,Tovan,rest,negotiate debt,False,False,rest -> negotiate debt by move,agency preserved,True
486,28,Nia,seek tool,care duty,True,True,seek tool -> care duty by offer_help,agency preserved,True
487,28,Ari,care duty,recover focus,True,False,care duty -> recover focus by borrow_tool,agency preserved,True
488,28,Fay,private task,recover focus,True,False,private task -> recover focus by return_tool,agency preserved,True
489,28,Milo,recover focus,rest,True,False,recover focus -> rest by interrupt_work,agency preserved,True
490,28,Sera,work,rest,False,True,work -> rest by wait_offscreen,agency preserved,True
491,28,Tovan,rest,negotiate debt,True,False,rest -> negotiate debt by repair_trust,agency preserved,True
492,28,Nia,negotiate debt,seek tool,False,False,negotiate debt -> seek tool by move,agency preserved,True
493,28,Ari,seek tool,care duty,False,False,seek tool -> care duty by talk,agency preserved,True
494,28,Fay,care duty,private task,True,False,care duty -> private task by offer_help,agency preserved,True
495,28,Milo,private task,work,True,False,private task -> work by borrow_tool,agency preserved,True
496,28,Sera,recover focus,work,True,False,recover focus -> work by return_tool,agency preserved,True
497,28,Tovan,work,negotiate debt,True,False,work -> negotiate debt by interrupt_work,agency preserved,True
498,28,Nia,rest,negotiate debt,False,True,rest -> negotiate debt by wait_offscreen,agency preserved,True
499,28,Ari,negotiate debt,seek tool,True,False,negotiate debt -> seek tool by repair_trust,agency preserved,True
500,28,Fay,seek tool,care duty,False,False,seek tool -> care duty by move,agency preserved,True
501,28,Milo,care duty,private task,False,False,care duty -> private task by talk,agency preserved,True
502,28,Sera,private task,recover focus,True,False,private task -> recover focus by offer_help,agency preserved,True
503,28,Tovan,recover focus,rest,True,True,recover focus -> rest by borrow_tool,agency preserved,True
504,29,Nia,rest,seek tool,True,False,rest -> seek tool by interrupt_work,resident boundary respected,True
505,29,Ari,negotiate debt,seek tool,False,True,negotiate debt -> seek tool by wait_offscreen,agency preserved,True
506,29,Fay,seek tool,care duty,True,False,seek tool -> care duty by repair_trust,agency preserved,True
507,29,Milo,care duty,private task,False,False,care duty -> private task by move,agency preserved,True
508,29,Sera,private task,recover focus,False,False,private task -> recover focus by talk,agency preserved,True
509,29,Tovan,recover focus,work,True,False,recover focus -> work by offer_help,agency preserved,True
510,29,Nia,work,negotiate debt,True,False,work -> negotiate debt by borrow_tool,agency preserved,True
511,29,Ari,rest,negotiate debt,True,False,rest -> negotiate debt by return_tool,agency preserved,True
512,29,Fay,negotiate debt,care duty,True,False,negotiate debt -> care duty by interrupt_work,resident boundary respected,True
513,29,Milo,seek tool,care duty,False,True,seek tool -> care duty by wait_offscreen,agency preserved,True
514,29,Sera,care duty,private task,True,False,care duty -> private task by repair_trust,agency preserved,True
515,29,Tovan,private task,recover focus,False,False,private task -> recover focus by move,agency preserved,True
516,29,Nia,recover focus,work,False,False,recover focus -> work by talk,agency preserved,True
517,29,Ari,work,rest,True,False,work -> rest by offer_help,agency preserved,True
518,29,Fay,rest,seek tool,True,False,rest -> seek tool by borrow_tool,agency preserved,True
519,29,Milo,negotiate debt,seek tool,True,False,negotiate debt -> seek tool by return_tool,agency preserved,True
520,29,Sera,seek tool,private task,True,False,seek tool -> private task by interrupt_work,resident boundary respected,True
521,29,Tovan,care duty,private task,False,True,care duty -> private task by wait_offscreen,agency preserved,True
522,30,Nia,recover focus,work,False,False,recover focus -> work by move,agency preserved,True
523,30,Ari,work,rest,False,False,work -> rest by talk,agency preserved,True
524,30,Fay,rest,negotiate debt,True,False,rest -> negotiate debt by offer_help,agency preserved,True
525,30,Milo,negotiate debt,care duty,True,False,negotiate debt -> care duty by borrow_tool,agency preserved,True
526,30,Sera,seek tool,care duty,True,False,seek tool -> care duty by return_tool,agency preserved,True
527,30,Tovan,care duty,recover focus,True,False,care duty -> recover focus by interrupt_work,agency preserved,True
528,30,Nia,private task,recover focus,False,True,private task -> recover focus by wait_offscreen,agency preserved,True
529,30,Ari,recover focus,work,True,False,recover focus -> work by repair_trust,agency preserved,True
530,30,Fay,work,rest,False,False,work -> rest by move,agency preserved,True
531,30,Milo,rest,negotiate debt,False,False,rest -> negotiate debt by talk,agency preserved,True
532,30,Sera,negotiate debt,seek tool,True,False,negotiate debt -> seek tool by offer_help,agency preserved,True
533,30,Tovan,seek tool,private task,True,False,seek tool -> private task by borrow_tool,agency preserved,True
534,30,Nia,care duty,private task,True,False,care duty -> private task by return_tool,agency preserved,True
535,30,Ari,private task,work,True,False,private task -> work by interrupt_work,agency preserved,True
536,30,Fay,recover focus,work,False,True,recover focus -> work by wait_offscreen,agency preserved,True
537,30,Milo,work,rest,True,False,work -> rest by repair_trust,agency preserved,True
538,30,Sera,rest,negotiate debt,False,False,rest -> negotiate debt by move,agency preserved,True
539,30,Tovan,negotiate debt,seek tool,False,False,negotiate debt -> seek tool by talk,agency preserved,True
540,31,Nia,care duty,recover focus,True,False,care duty -> recover focus by borrow_tool,resident boundary respected,True
541,31,Ari,private task,recover focus,True,False,private task -> recover focus by return_tool,agency preserved,True
542,31,Fay,recover focus,rest,True,False,recover focus -> rest by interrupt_work,agency preserved,True
543,31,Milo,work,rest,False,True,work -> rest by wait_offscreen,agency preserved,True
544,31,Sera,rest,negotiate debt,True,False,rest -> negotiate debt by repair_trust,agency preserved,True
545,31,Tovan,negotiate debt,seek tool,False,False,negotiate debt -> seek tool by move,agency preserved,True
546,31,Nia,seek tool,care duty,False,False,seek tool -> care duty by talk,agency preserved,True
547,31,Ari,care duty,private task,True,False,care duty -> private task by offer_help,agency preserved,True
548,31,Fay,private task,work,True,False,private task -> work by borrow_tool,resident boundary respected,True
549,31,Milo,recover focus,work,True,False,recover focus -> work by return_tool,agency preserved,True
550,31,Sera,work,negotiate debt,True,False,work -> negotiate debt by interrupt_work,agency preserved,True
551,31,Tovan,rest,negotiate debt,False,True,rest -> negotiate debt by wait_offscreen,agency preserved,True
552,31,Nia,negotiate debt,seek tool,True,False,negotiate debt -> seek tool by repair_trust,agency preserved,True
553,31,Ari,seek tool,care duty,False,False,seek tool -> care duty by move,agency preserved,True
554,31,Fay,care duty,private task,False,False,care duty -> private task by talk,agency preserved,True
555,31,Milo,private task,recover focus,True,False,private task -> recover focus by offer_help,agency preserved,True
556,31,Sera,recover focus,rest,True,False,recover focus -> rest by borrow_tool,resident boundary respected,True
557,31,Tovan,work,rest,True,False,work -> rest by return_tool,agency preserved,True
558,32,Nia,negotiate debt,seek tool,False,True,negotiate debt -> seek tool by wait_offscreen,agency preserved,True
559,32,Ari,seek tool,care duty,True,False,seek tool -> care duty by repair_trust,agency preserved,True
560,32,Fay,care duty,private task,False,False,care duty -> private task by move,agency preserved,True
561,32,Milo,private task,recover focus,False,False,private task -> recover focus by talk,agency preserved,True
562,32,Sera,recover focus,work,True,False,recover focus -> work by offer_help,agency preserved,True
563,32,Tovan,work,negotiate debt,True,False,work -> negotiate debt by borrow_tool,agency preserved,True
564,32,Nia,rest,negotiate debt,True,False,rest -> negotiate debt by return_tool,agency preserved,True
565,32,Ari,negotiate debt,care duty,True,False,negotiate debt -> care duty by interrupt_work,agency preserved,True
566,32,Fay,seek tool,care duty,False,True,seek tool -> care duty by wait_offscreen,agency preserved,True
567,32,Milo,care duty,private task,True,False,care duty -> private task by repair_trust,agency preserved,True
568,32,Sera,private task,recover focus,False,False,private task -> recover focus by move,agency preserved,True
569,32,Tovan,recover focus,work,False,False,recover focus -> work by talk,agency preserved,True
570,32,Nia,work,rest,True,False,work -> rest by offer_help,agency preserved,True
571,32,Ari,rest,seek tool,True,False,rest -> seek tool by borrow_tool,agency preserved,True
572,32,Fay,negotiate debt,seek tool,True,False,negotiate debt -> seek tool by return_tool,agency preserved,True
573,32,Milo,seek tool,private task,True,False,seek tool -> private task by interrupt_work,agency preserved,True
574,32,Sera,care duty,private task,False,True,care duty -> private task by wait_offscreen,agency preserved,True
575,32,Tovan,private task,recover focus,True,True,private task -> recover focus by repair_trust,agency preserved,True
576,33,Nia,work,rest,False,False,work -> rest by talk,agency preserved,True
577,33,Ari,rest,negotiate debt,True,False,rest -> negotiate debt by offer_help,agency preserved,True
578,33,Fay,negotiate debt,care duty,True,False,negotiate debt -> care duty by borrow_tool,agency preserved,True
579,33,Milo,seek tool,care duty,True,False,seek tool -> care duty by return_tool,agency preserved,True
580,33,Sera,care duty,recover focus,True,False,care duty -> recover focus by interrupt_work,resident boundary respected,True
581,33,Tovan,private task,recover focus,False,True,private task -> recover focus by wait_offscreen,agency preserved,True
582,33,Nia,recover focus,work,True,False,recover focus -> work by repair_trust,agency preserved,True
583,33,Ari,work,rest,False,False,work -> rest by move,agency preserved,True
584,33,Fay,rest,negotiate debt,False,False,rest -> negotiate debt by talk,agency preserved,True
585,33,Milo,negotiate debt,seek tool,True,False,negotiate debt -> seek tool by offer_help,agency preserved,True
586,33,Sera,seek tool,private task,True,False,seek tool -> private task by borrow_tool,agency preserved,True
587,33,Tovan,care duty,private task,True,False,care duty -> private task by return_tool,agency preserved,True
588,33,Nia,private task,work,True,False,private task -> work by interrupt_work,resident boundary respected,True
589,33,Ari,recover focus,work,False,True,recover focus -> work by wait_offscreen,agency preserved,True
590,33,Fay,work,rest,True,False,work -> rest by repair_trust,agency preserved,True
591,33,Milo,rest,negotiate debt,False,False,rest -> negotiate debt by move,agency preserved,True
592,33,Sera,negotiate debt,seek tool,False,False,negotiate debt -> seek tool by talk,agency preserved,True
593,33,Tovan,seek tool,care duty,True,False,seek tool -> care duty by offer_help,agency preserved,True
594,34,Nia,private task,recover focus,True,False,private task -> recover focus by return_tool,agency preserved,True
595,34,Ari,recover focus,rest,True,False,recover focus -> rest by interrupt_work,agency preserved,True
596,34,Fay,work,rest,False,True,work -> rest by wait_offscreen,agency preserved,True
597,34,Milo,rest,negotiate debt,True,False,rest -> negotiate debt by repair_trust,agency preserved,True
598,34,Sera,negotiate debt,seek tool,False,False,negotiate debt -> seek tool by move,agency preserved,True
599,34,Tovan,seek tool,care duty,False,False,seek tool -> care duty by talk,agency preserved,True
600,34,Nia,care duty,private task,True,False,care duty -> private task by offer_help,agency preserved,True
601,34,Ari,private task,work,True,False,private task -> work by borrow_tool,agency preserved,True
602,34,Fay,recover focus,work,True,False,recover focus -> work by return_tool,agency preserved,True
603,34,Milo,work,negotiate debt,True,False,work -> negotiate debt by interrupt_work,agency preserved,True
604,34,Sera,rest,negotiate debt,False,True,rest -> negotiate debt by wait_offscreen,agency preserved,True
605,34,Tovan,negotiate debt,seek tool,True,False,negotiate debt -> seek tool by repair_trust,agency preserved,True
606,34,Nia,seek tool,care duty,False,False,seek tool -> care duty by move,agency preserved,True
607,34,Ari,care duty,private task,False,False,care duty -> private task by talk,agency preserved,True
608,34,Fay,private task,recover focus,True,False,private task -> recover focus by offer_help,agency preserved,True
609,34,Milo,recover focus,rest,True,False,recover focus -> rest by borrow_tool,agency preserved,True
610,34,Sera,work,rest,True,False,work -> rest by return_tool,agency preserved,True
611,34,Tovan,rest,seek tool,True,False,rest -> seek tool by interrupt_work,agency preserved,True
612,35,Nia,seek tool,care duty,True,False,seek tool -> care duty by repair_trust,agency preserved,True
613,35,Ari,care duty,private task,False,False,care duty -> private task by move,agency preserved,True
614,35,Fay,private task,recover focus,False,False,private task -> recover focus by talk,agency preserved,True
615,35,Milo,recover focus,work,True,False,recover focus -> work by offer_help,agency preserved,True
616,35,Sera,work,negotiate debt,True,False,work -> negotiate debt by borrow_tool,resident boundary respected,True
617,35,Tovan,rest,negotiate debt,True,False,rest -> negotiate debt by return_tool,agency preserved,True
618,35,Nia,negotiate debt,care duty,True,False,negotiate debt -> care duty by interrupt_work,agency preserved,True
619,35,Ari,seek tool,care duty,False,True,seek tool -> care duty by wait_offscreen,agency preserved,True
620,35,Fay,care duty,private task,True,False,care duty -> private task by repair_trust,agency preserved,True
621,35,Milo,private task,recover focus,False,False,private task -> recover focus by move,agency preserved,True
622,35,Sera,recover focus,work,False,False,recover focus -> work by talk,agency preserved,True
623,35,Tovan,work,rest,True,False,work -> rest by offer_help,agency preserved,True
624,35,Nia,rest,seek tool,True,False,rest -> seek tool by borrow_tool,resident boundary respected,True
625,35,Ari,negotiate debt,seek tool,True,False,negotiate debt -> seek tool by return_tool,agency preserved,True
626,35,Fay,seek tool,private task,True,False,seek tool -> private task by interrupt_work,agency preserved,True
627,35,Milo,care duty,private task,False,True,care duty -> private task by wait_offscreen,agency preserved,True
628,35,Sera,private task,recover focus,True,False,private task -> recover focus by repair_trust,agency preserved,True
629,35,Tovan,recover focus,work,False,False,recover focus -> work by move,agency preserved,True
630,36,Nia,rest,negotiate debt,True,True,rest -> negotiate debt by offer_help,agency preserved,True
631,36,Ari,negotiate debt,care duty,True,False,negotiate debt -> care duty by borrow_tool,agency preserved,True
632,36,Fay,seek tool,care duty,True,False,seek tool -> care duty by return_tool,agency preserved,True
633,36,Milo,care duty,recover focus,True,False,care duty -> recover focus by interrupt_work,agency preserved,True
634,36,Sera,private task,recover focus,False,True,private task -> recover focus by wait_offscreen,agency preserved,True
635,36,Tovan,recover focus,work,True,False,recover focus -> work by repair_trust,agency preserved,True
636,36,Nia,work,rest,False,False,work -> rest by move,agency preserved,True
637,36,Ari,rest,negotiate debt,False,False,rest -> negotiate debt by talk,agency preserved,True
638,36,Fay,negotiate debt,seek tool,True,False,negotiate debt -> seek tool by offer_help,agency preserved,True
639,36,Milo,seek tool,private task,True,False,seek tool -> private task by borrow_tool,agency preserved,True
640,36,Sera,care duty,private task,True,False,care duty -> private task by return_tool,agency preserved,True
641,36,Tovan,private task,work,True,False,private task -> work by interrupt_work,agency preserved,True
642,36,Nia,recover focus,work,False,True,recover focus -> work by wait_offscreen,agency preserved,True
643,36,Ari,work,rest,True,False,work -> rest by repair_trust,agency preserved,True
644,36,Fay,rest,negotiate debt,False,False,rest -> negotiate debt by move,agency preserved,True
645,36,Milo,negotiate debt,seek tool,False,False,negotiate debt -> seek tool by talk,agency preserved,True
646,36,Sera,seek tool,care duty,True,False,seek tool -> care duty by offer_help,agency preserved,True
647,36,Tovan,care duty,recover focus,True,True,care duty -> recover focus by borrow_tool,agency preserved,True
648,37,Nia,recover focus,rest,True,False,recover focus -> rest by interrupt_work,resident boundary respected,True
649,37,Ari,work,rest,False,True,work -> rest by wait_offscreen,agency preserved,True
650,37,Fay,rest,negotiate debt,True,False,rest -> negotiate debt by repair_trust,agency preserved,True
651,37,Milo,negotiate debt,seek tool,False,False,negotiate debt -> seek tool by move,agency preserved,True
652,37,Sera,seek tool,care duty,False,False,seek tool -> care duty by talk,agency preserved,True
653,37,Tovan,care duty,private task,True,False,care duty -> private task by offer_help,agency preserved,True
654,37,Nia,private task,work,True,False,private task -> work by borrow_tool,agency preserved,True
655,37,Ari,recover focus,work,True,False,recover focus -> work by return_tool,agency preserved,True
656,37,Fay,work,negotiate debt,True,False,work -> negotiate debt by interrupt_work,resident boundary respected,True
657,37,Milo,rest,negotiate debt,False,True,rest -> negotiate debt by wait_offscreen,agency preserved,True
658,37,Sera,negotiate debt,seek tool,True,False,negotiate debt -> seek tool by repair_trust,agency preserved,True
659,37,Tovan,seek tool,care duty,False,False,seek tool -> care duty by move,agency preserved,True
660,37,Nia,care duty,private task,False,False,care duty -> private task by talk,agency preserved,True
661,37,Ari,private task,recover focus,True,False,private task -> recover focus by offer_help,agency preserved,True
662,37,Fay,recover focus,rest,True,False,recover focus -> rest by borrow_tool,agency preserved,True
663,37,Milo,work,rest,True,False,work -> rest by return_tool,agency preserved,True
664,37,Sera,rest,seek tool,True,False,rest -> seek tool by interrupt_work,resident boundary respected,True
665,37,Tovan,negotiate debt,seek tool,False,True,negotiate debt -> seek tool by wait_offscreen,agency preserved,True
666,38,Nia,care duty,private task,False,False,care duty -> private task by move,agency preserved,True
667,38,Ari,private task,recover focus,False,False,private task -> recover focus by talk,agency preserved,True
668,38,Fay,recover focus,work,True,False,recover focus -> work by offer_help,agency preserved,True
669,38,Milo,work,negotiate debt,True,False,work -> negotiate debt by borrow_tool,agency preserved,True
670,38,Sera,rest,negotiate debt,True,False,rest -> negotiate debt by return_tool,agency preserved,True
671,38,Tovan,negotiate debt,care duty,True,False,negotiate debt -> care duty by interrupt_work,agency preserved,True
672,38,Nia,seek tool,care duty,False,True,seek tool -> care duty by wait_offscreen,agency preserved,True
673,38,Ari,care duty,private task,True,False,care duty -> private task by repair_trust,agency preserved,True
674,38,Fay,private task,recover focus,False,False,private task -> recover focus by move,agency preserved,True
675,38,Milo,recover focus,work,False,False,recover focus -> work by talk,agency preserved,True
676,38,Sera,work,rest,True,False,work -> rest by offer_help,agency preserved,True
677,38,Tovan,rest,seek tool,True,False,rest -> seek tool by borrow_tool,agency preserved,True
678,38,Nia,negotiate debt,seek tool,True,False,negotiate debt -> seek tool by return_tool,agency preserved,True
679,38,Ari,seek tool,private task,True,False,seek tool -> private task by interrupt_work,agency preserved,True
680,38,Fay,care duty,private task,False,True,care duty -> private task by wait_offscreen,agency preserved,True
681,38,Milo,private task,recover focus,True,False,private task -> recover focus by repair_trust,agency preserved,True
682,38,Sera,recover focus,work,False,False,recover focus -> work by move,agency preserved,True
683,38,Tovan,work,rest,False,False,work -> rest by talk,agency preserved,True
684,39,Nia,negotiate debt,care duty,True,False,negotiate debt -> care duty by borrow_tool,resident boundary respected,True
685,39,Ari,seek tool,care duty,True,False,seek tool -> care duty by return_tool,agency preserved,True
686,39,Fay,care duty,recover focus,True,False,care duty -> recover focus by interrupt_work,agency preserved,True
687,39,Milo,private task,recover focus,False,True,private task -> recover focus by wait_offscreen,agency preserved,True
688,39,Sera,recover focus,work,True,False,recover focus -> work by repair_trust,agency preserved,True
689,39,Tovan,work,rest,False,False,work -> rest by move,agency preserved,True
690,39,Nia,rest,negotiate debt,False,False,rest -> negotiate debt by talk,agency preserved,True
691,39,Ari,negotiate debt,seek tool,True,False,negotiate debt -> seek tool by offer_help,agency preserved,True
692,39,Fay,seek tool,private task,True,False,seek tool -> private task by borrow_tool,resident boundary respected,True
693,39,Milo,care duty,private task,True,False,care duty -> private task by return_tool,agency preserved,True
694,39,Sera,private task,work,True,False,private task -> work by interrupt_work,agency preserved,True
695,39,Tovan,recover focus,work,False,True,recover focus -> work by wait_offscreen,agency preserved,True
696,39,Nia,work,rest,True,False,work -> rest by repair_trust,agency preserved,True
697,39,Ari,rest,negotiate debt,False,False,rest -> negotiate debt by move,agency preserved,True
698,39,Fay,negotiate debt,seek tool,False,False,negotiate debt -> seek tool by talk,agency preserved,True
699,39,Milo,seek tool,care duty,True,False,seek tool -> care duty by offer_help,agency preserved,True
700,39,Sera,care duty,recover focus,True,False,care duty -> recover focus by borrow_tool,resident boundary respected,True
701,39,Tovan,private task,recover focus,True,False,private task -> recover focus by return_tool,agency preserved,True
702,40,Nia,work,rest,False,True,work -> rest by wait_offscreen,agency preserved,True
703,40,Ari,rest,negotiate debt,True,False,rest -> negotiate debt by repair_trust,agency preserved,True
704,40,Fay,negotiate debt,seek tool,False,False,negotiate debt -> seek tool by move,agency preserved,True
705,40,Milo,seek tool,care duty,False,False,seek tool -> care duty by talk,agency preserved,True
706,40,Sera,care duty,private task,True,False,care duty -> private task by offer_help,agency preserved,True
707,40,Tovan,private task,work,True,False,private task -> work by borrow_tool,agency preserved,True
708,40,Nia,recover focus,work,True,False,recover focus -> work by return_tool,agency preserved,True
709,40,Ari,work,negotiate debt,True,False,work -> negotiate debt by interrupt_work,agency preserved,True
710,40,Fay,rest,negotiate debt,False,True,rest -> negotiate debt by wait_offscreen,agency preserved,True
711,40,Milo,negotiate debt,seek tool,True,False,negotiate debt -> seek tool by repair_trust,agency preserved,True
712,40,Sera,seek tool,care duty,False,False,seek tool -> care duty by move,agency preserved,True
713,40,Tovan,care duty,private task,False,False,care duty -> private task by talk,agency preserved,True
714,40,Nia,private task,recover focus,True,False,private task -> recover focus by offer_help,agency preserved,True
715,40,Ari,recover focus,rest,True,False,recover focus -> rest by borrow_tool,agency preserved,True
716,40,Fay,work,rest,True,False,work -> rest by return_tool,agency preserved,True
717,40,Milo,rest,seek tool,True,False,rest -> seek tool by interrupt_work,agency preserved,True
718,40,Sera,negotiate debt,seek tool,False,True,negotiate debt -> seek tool by wait_offscreen,agency preserved,True
719,40,Tovan,seek tool,care duty,True,True,seek tool -> care duty by repair_trust,agency preserved,True
720,41,Nia,private task,recover focus,False,False,private task -> recover focus by talk,agency preserved,True
721,41,Ari,recover focus,work,True,False,recover focus -> work by offer_help,agency preserved,True
722,41,Fay,work,negotiate debt,True,False,work -> negotiate debt by borrow_tool,agency preserved,True
723,41,Milo,rest,negotiate debt,True,False,rest -> negotiate debt by return_tool,agency preserved,True
724,41,Sera,negotiate debt,care duty,True,False,negotiate debt -> care duty by interrupt_work,resident boundary respected,True
725,41,Tovan,seek tool,care duty,False,True,seek tool -> care duty by wait_offscreen,agency preserved,True
726,41,Nia,care duty,private task,True,False,care duty -> private task by repair_trust,agency preserved,True
727,41,Ari,private task,recover focus,False,False,private task -> recover focus by move,agency preserved,True
728,41,Fay,recover focus,work,False,False,recover focus -> work by talk,agency preserved,True
729,41,Milo,work,rest,True,False,work -> rest by offer_help,agency preserved,True
730,41,Sera,rest,seek tool,True,False,rest -> seek tool by borrow_tool,agency preserved,True
731,41,Tovan,negotiate debt,seek tool,True,False,negotiate debt -> seek tool by return_tool,agency preserved,True
732,41,Nia,seek tool,private task,True,False,seek tool -> private task by interrupt_work,resident boundary respected,True
733,41,Ari,care duty,private task,False,True,care duty -> private task by wait_offscreen,agency preserved,True
734,41,Fay,private task,recover focus,True,False,private task -> recover focus by repair_trust,agency preserved,True
735,41,Milo,recover focus,work,False,False,recover focus -> work by move,agency preserved,True
736,41,Sera,work,rest,False,False,work -> rest by talk,agency preserved,True
737,41,Tovan,rest,negotiate debt,True,False,rest -> negotiate debt by offer_help,agency preserved,True
738,42,Nia,seek tool,care duty,True,False,seek tool -> care duty by return_tool,agency preserved,True
739,42,Ari,care duty,recover focus,True,False,care duty -> recover focus by interrupt_work,agency preserved,True
740,42,Fay,private task,recover focus,False,True,private task -> recover focus by wait_offscreen,agency preserved,True
741,42,Milo,recover focus,work,True,False,recover focus -> work by repair_trust,agency preserved,True
742,42,Sera,work,rest,False,False,work -> rest by move,agency preserved,True
743,42,Tovan,rest,negotiate debt,False,False,rest -> negotiate debt by talk,agency preserved,True
744,42,Nia,negotiate debt,seek tool,True,False,negotiate debt -> seek tool by offer_help,agency preserved,True
745,42,Ari,seek tool,private task,True,False,seek tool -> private task by borrow_tool,agency preserved,True
746,42,Fay,care duty,private task,True,False,care duty -> private task by return_tool,agency preserved,True
747,42,Milo,private task,work,True,False,private task -> work by interrupt_work,agency preserved,True
748,42,Sera,recover focus,work,False,True,recover focus -> work by wait_offscreen,agency preserved,True
749,42,Tovan,work,rest,True,False,work -> rest by repair_trust,agency preserved,True
750,42,Nia,rest,negotiate debt,False,False,rest -> negotiate debt by move,agency preserved,True
751,42,Ari,negotiate debt,seek tool,False,False,negotiate debt -> seek tool by talk,agency preserved,True
752,42,Fay,seek tool,care duty,True,False,seek tool -> care duty by offer_help,agency preserved,True
753,42,Milo,care duty,recover focus,True,False,care duty -> recover focus by borrow_tool,agency preserved,True
754,42,Sera,private task,recover focus,True,False,private task -> recover focus by return_tool,agency preserved,True
755,42,Tovan,recover focus,rest,True,False,recover focus -> rest by interrupt_work,agency preserved,True
756,43,Nia,rest,negotiate debt,True,False,rest -> negotiate debt by repair_trust,agency preserved,True
757,43,Ari,negotiate debt,seek tool,False,False,negotiate debt -> seek tool by move,agency preserved,True
758,43,Fay,seek tool,care duty,False,False,seek tool -> care duty by talk,agency preserved,True
759,43,Milo,care duty,private task,True,False,care duty -> private task by offer_help,agency preserved,True
760,43,Sera,private task,work,True,False,private task -> work by borrow_tool,resident boundary respected,True
761,43,Tovan,recover focus,work,True,False,recover focus -> work by return_tool,agency preserved,True
762,43,Nia,work,negotiate debt,True,False,work -> negotiate debt by interrupt_work,agency preserved,True
763,43,Ari,rest,negotiate debt,False,True,rest -> negotiate debt by wait_offscreen,agency preserved,True
764,43,Fay,negotiate debt,seek tool,True,False,negotiate debt -> seek tool by repair_trust,agency preserved,True
765,43,Milo,seek tool,care duty,False,False,seek tool -> care duty by move,agency preserved,True
766,43,Sera,care duty,private task,False,False,care duty -> private task by talk,agency preserved,True
767,43,Tovan,private task,recover focus,True,False,private task -> recover focus by offer_help,agency preserved,True
768,43,Nia,recover focus,rest,True,False,recover focus -> rest by borrow_tool,resident boundary respected,True
769,43,Ari,work,rest,True,False,work -> rest by return_tool,agency preserved,True
770,43,Fay,rest,seek tool,True,False,rest -> seek tool by interrupt_work,agency preserved,True
771,43,Milo,negotiate debt,seek tool,False,True,negotiate debt -> seek tool by wait_offscreen,agency preserved,True
772,43,Sera,seek tool,care duty,True,False,seek tool -> care duty by repair_trust,agency preserved,True
773,43,Tovan,care duty,private task,False,False,care duty -> private task by move,agency preserved,True
774,44,Nia,recover focus,work,True,True,recover focus -> work by offer_help,agency preserved,True
775,44,Ari,work,negotiate debt,True,False,work -> negotiate debt by borrow_tool,agency preserved,True
776,44,Fay,rest,negotiate debt,True,False,rest -> negotiate debt by return_tool,agency preserved,True
777,44,Milo,negotiate debt,care duty,True,False,negotiate debt -> care duty by interrupt_work,agency preserved,True
778,44,Sera,seek tool,care duty,False,True,seek tool -> care duty by wait_offscreen,agency preserved,True
779,44,Tovan,care duty,private task,True,False,care duty -> private task by repair_trust,agency preserved,True
780,44,Nia,private task,recover focus,False,False,private task -> recover focus by move,agency preserved,True
781,44,Ari,recover focus,work,False,False,recover focus -> work by talk,agency preserved,True
782,44,Fay,work,rest,True,False,work -> rest by offer_help,agency preserved,True
783,44,Milo,rest,seek tool,True,False,rest -> seek tool by borrow_tool,agency preserved,True
784,44,Sera,negotiate debt,seek tool,True,False,negotiate debt -> seek tool by return_tool,agency preserved,True
785,44,Tovan,seek tool,private task,True,False,seek tool -> private task by interrupt_work,agency preserved,True
786,44,Nia,care duty,private task,False,True,care duty -> private task by wait_offscreen,agency preserved,True
787,44,Ari,private task,recover focus,True,False,private task -> recover focus by repair_trust,agency preserved,True
788,44,Fay,recover focus,work,False,False,recover focus -> work by move,agency preserved,True
789,44,Milo,work,rest,False,False,work -> rest by talk,agency preserved,True
790,44,Sera,rest,negotiate debt,True,False,rest -> negotiate debt by offer_help,agency preserved,True
791,44,Tovan,negotiate debt,care duty,True,True,negotiate debt -> care duty by borrow_tool,agency preserved,True
792,45,Nia,care duty,recover focus,True,False,care duty -> recover focus by interrupt_work,resident boundary respected,True
793,45,Ari,private task,recover focus,False,True,private task -> recover focus by wait_offscreen,agency preserved,True
794,45,Fay,recover focus,work,True,False,recover focus -> work by repair_trust,agency preserved,True
795,45,Milo,work,rest,False,False,work -> rest by move,agency preserved,True
796,45,Sera,rest,negotiate debt,False,False,rest -> negotiate debt by talk,agency preserved,True
797,45,Tovan,negotiate debt,seek tool,True,False,negotiate debt -> seek tool by offer_help,agency preserved,True
798,45,Nia,seek tool,private task,True,False,seek tool -> private task by borrow_tool,agency preserved,True
799,45,Ari,care duty,private task,True,False,care duty -> private task by return_tool,agency preserved,True
800,45,Fay,private task,work,True,False,private task -> work by interrupt_work,resident boundary respected,True
801,45,Milo,recover focus,work,False,True,recover focus -> work by wait_offscreen,agency preserved,True
802,45,Sera,work,rest,True,False,work -> rest by repair_trust,agency preserved,True
803,45,Tovan,rest,negotiate debt,False,False,rest -> negotiate debt by move,agency preserved,True
804,45,Nia,negotiate debt,seek tool,False,False,negotiate debt -> seek tool by talk,agency preserved,True
805,45,Ari,seek tool,care duty,True,False,seek tool -> care duty by offer_help,agency preserved,True
806,45,Fay,care duty,recover focus,True,False,care duty -> recover focus by borrow_tool,agency preserved,True
807,45,Milo,private task,recover focus,True,False,private task -> recover focus by return_tool,agency preserved,True
808,45,Sera,recover focus,rest,True,False,recover focus -> rest by interrupt_work,resident boundary respected,True
809,45,Tovan,work,rest,False,True,work -> rest by wait_offscreen,agency preserved,True
810,46,Nia,negotiate debt,seek tool,False,False,negotiate debt -> seek tool by move,agency preserved,True
811,46,Ari,seek tool,care duty,False,False,seek tool -> care duty by talk,agency preserved,True
812,46,Fay,care duty,private task,True,False,care duty -> private task by offer_help,agency preserved,True
813,46,Milo,private task,work,True,False,private task -> work by borrow_tool,agency preserved,True
814,46,Sera,recover focus,work,True,False,recover focus -> work by return_tool,agency preserved,True
815,46,Tovan,work,negotiate debt,True,False,work -> negotiate debt by interrupt_work,agency preserved,True
816,46,Nia,rest,negotiate debt,False,True,rest -> negotiate debt by wait_offscreen,agency preserved,True
817,46,Ari,negotiate debt,seek tool,True,False,negotiate debt -> seek tool by repair_trust,agency preserved,True
818,46,Fay,seek tool,care duty,False,False,seek tool -> care duty by move,agency preserved,True
819,46,Milo,care duty,private task,False,False,care duty -> private task by talk,agency preserved,True
820,46,Sera,private task,recover focus,True,False,private task -> recover focus by offer_help,agency preserved,True
821,46,Tovan,recover focus,rest,True,False,recover focus -> rest by borrow_tool,agency preserved,True
822,46,Nia,work,rest,True,False,work -> rest by return_tool,agency preserved,True
823,46,Ari,rest,seek tool,True,False,rest -> seek tool by interrupt_work,agency preserved,True
824,46,Fay,negotiate debt,seek tool,False,True,negotiate debt -> seek tool by wait_offscreen,agency preserved,True
825,46,Milo,seek tool,care duty,True,False,seek tool -> care duty by repair_trust,agency preserved,True
826,46,Sera,care duty,private task,False,False,care duty -> private task by move,agency preserved,True
827,46,Tovan,private task,recover focus,False,False,private task -> recover focus by talk,agency preserved,True
828,47,Nia,work,negotiate debt,True,False,work -> negotiate debt by borrow_tool,resident boundary respected,True
829,47,Ari,rest,negotiate debt,True,False,rest -> negotiate debt by return_tool,agency preserved,True
830,47,Fay,negotiate debt,care duty,True,False,negotiate debt -> care duty by interrupt_work,agency preserved,True
831,47,Milo,seek tool,care duty,False,True,seek tool -> care duty by wait_offscreen,agency preserved,True
832,47,Sera,care duty,private task,True,False,care duty -> private task by repair_trust,agency preserved,True
833,47,Tovan,private task,recover focus,False,False,private task -> recover focus by move,agency preserved,True
834,47,Nia,recover focus,work,False,False,recover focus -> work by talk,agency preserved,True
835,47,Ari,work,rest,True,False,work -> rest by offer_help,agency preserved,True
836,47,Fay,rest,seek tool,True,False,rest -> seek tool by borrow_tool,resident boundary respected,True
837,47,Milo,negotiate debt,seek tool,True,False,negotiate debt -> seek tool by return_tool,agency preserved,True
838,47,Sera,seek tool,private task,True,False,seek tool -> private task by interrupt_work,agency preserved,True
839,47,Tovan,care duty,private task,False,True,care duty -> private task by wait_offscreen,agency preserved,True
840,47,Nia,private task,recover focus,True,False,private task -> recover focus by repair_trust,agency preserved,True
841,47,Ari,recover focus,work,False,False,recover focus -> work by move,agency preserved,True
842,47,Fay,work,rest,False,False,work -> rest by talk,agency preserved,True
843,47,Milo,rest,negotiate debt,True,False,rest -> negotiate debt by offer_help,agency preserved,True
844,47,Sera,negotiate debt,care duty,True,False,negotiate debt -> care duty by borrow_tool,resident boundary respected,True
845,47,Tovan,seek tool,care duty,True,False,seek tool -> care duty by return_tool,agency preserved,True
846,48,Nia,private task,recover focus,False,True,private task -> recover focus by wait_offscreen,agency preserved,True
847,48,Ari,recover focus,work,True,False,recover focus -> work by repair_trust,agency preserved,True
848,48,Fay,work,rest,False,False,work -> rest by move,agency preserved,True
849,48,Milo,rest,negotiate debt,False,False,rest -> negotiate debt by talk,agency preserved,True
850,48,Sera,negotiate debt,seek tool,True,False,negotiate debt -> seek tool by offer_help,agency preserved,True
851,48,Tovan,seek tool,private task,True,False,seek tool -> private task by borrow_tool,agency preserved,True
852,48,Nia,care duty,private task,True,False,care duty -> private task by return_tool,agency preserved,True
853,48,Ari,private task,work,True,False,private task -> work by interrupt_work,agency preserved,True
854,48,Fay,recover focus,work,False,True,recover focus -> work by wait_offscreen,agency preserved,True
855,48,Milo,work,rest,True,False,work -> rest by repair_trust,agency preserved,True
856,48,Sera,rest,negotiate debt,False,False,rest -> negotiate debt by move,agency preserved,True
857,48,Tovan,negotiate debt,seek tool,False,False,negotiate debt -> seek tool by talk,agency preserved,True
858,48,Nia,seek tool,care duty,True,False,seek tool -> care duty by offer_help,agency preserved,True
859,48,Ari,care duty,recover focus,True,False,care duty -> recover focus by borrow_tool,agency preserved,True
860,48,Fay,private task,recover focus,True,False,private task -> recover focus by return_tool,agency preserved,True
861,48,Milo,recover focus,rest,True,False,recover focus -> rest by interrupt_work,agency preserved,True
862,48,Sera,work,rest,False,True,work -> rest by wait_offscreen,agency preserved,True
863,48,Tovan,rest,negotiate debt,True,True,rest -> negotiate debt by repair_trust,agency preserved,True
864,49,Nia,seek tool,care duty,False,False,seek tool -> care duty by talk,agency preserved,True
865,49,Ari,care duty,private task,True,False,care duty -> private task by offer_help,agency preserved,True
866,49,Fay,private task,work,True,False,private task -> work by borrow_tool,agency preserved,True
867,49,Milo,recover focus,work,True,False,recover focus -> work by return_tool,agency preserved,True
868,49,Sera,work,negotiate debt,True,False,work -> negotiate debt by interrupt_work,resident boundary respected,True
869,49,Tovan,rest,negotiate debt,False,True,rest -> negotiate debt by wait_offscreen,agency preserved,True
870,49,Nia,negotiate debt,seek tool,True,False,negotiate debt -> seek tool by repair_trust,agency preserved,True
871,49,Ari,seek tool,care duty,False,False,seek tool -> care duty by move,agency preserved,True
872,49,Fay,care duty,private task,False,False,care duty -> private task by talk,agency preserved,True
873,49,Milo,private task,recover focus,True,False,private task -> recover focus by offer_help,agency preserved,True
874,49,Sera,recover focus,rest,True,False,recover focus -> rest by borrow_tool,agency preserved,True
875,49,Tovan,work,rest,True,False,work -> rest by return_tool,agency preserved,True
876,49,Nia,rest,seek tool,True,False,rest -> seek tool by interrupt_work,resident boundary respected,True
877,49,Ari,negotiate debt,seek tool,False,True,negotiate debt -> seek tool by wait_offscreen,agency preserved,True
878,49,Fay,seek tool,care duty,True,False,seek tool -> care duty by repair_trust,agency preserved,True
879,49,Milo,care duty,private task,False,False,care duty -> private task by move,agency preserved,True
880,49,Sera,private task,recover focus,False,False,private task -> recover focus by talk,agency preserved,True
881,49,Tovan,recover focus,work,True,False,recover focus -> work by offer_help,agency preserved,True
882,50,Nia,rest,negotiate debt,True,False,rest -> negotiate debt by return_tool,agency preserved,True
883,50,Ari,negotiate debt,care duty,True,False,negotiate debt -> care duty by interrupt_work,agency preserved,True
884,50,Fay,seek tool,care duty,False,True,seek tool -> care duty by wait_offscreen,agency preserved,True
885,50,Milo,care duty,private task,True,False,care duty -> private task by repair_trust,agency preserved,True
886,50,Sera,private task,recover focus,False,False,private task -> recover focus by move,agency preserved,True
887,50,Tovan,recover focus,work,False,False,recover focus -> work by talk,agency preserved,True
888,50,Nia,work,rest,True,False,work -> rest by offer_help,agency preserved,True
889,50,Ari,rest,seek tool,True,False,rest -> seek tool by borrow_tool,agency preserved,True
890,50,Fay,negotiate debt,seek tool,True,False,negotiate debt -> seek tool by return_tool,agency preserved,True
891,50,Milo,seek tool,private task,True,False,seek tool -> private task by interrupt_work,agency preserved,True
892,50,Sera,care duty,private task,False,True,care duty -> private task by wait_offscreen,agency preserved,True
893,50,Tovan,private task,recover focus,True,False,private task -> recover focus by repair_trust,agency preserved,True
894,50,Nia,recover focus,work,False,False,recover focus -> work by move,agency preserved,True
895,50,Ari,work,rest,False,False,work -> rest by talk,agency preserved,True
896,50,Fay,rest,negotiate debt,True,False,rest -> negotiate debt by offer_help,agency preserved,True
897,50,Milo,negotiate debt,care duty,True,False,negotiate debt -> care duty by borrow_tool,agency preserved,True
898,50,Sera,seek tool,care duty,True,False,seek tool -> care duty by return_tool,agency preserved,True
899,50,Tovan,care duty,recover focus,True,False,care duty -> recover focus by interrupt_work,agency preserved,True
900,51,Nia,recover focus,work,True,False,recover focus -> work by repair_trust,agency preserved,True
901,51,Ari,work,rest,False,False,work -> rest by move,agency preserved,True
902,51,Fay,rest,negotiate debt,False,False,rest -> negotiate debt by talk,agency preserved,True
903,51,Milo,negotiate debt,seek tool,True,False,negotiate debt -> seek tool by offer_help,agency preserved,True
904,51,Sera,seek tool,private task,True,False,seek tool -> private task by borrow_tool,resident boundary respected,True
905,51,Tovan,care duty,private task,True,False,care duty -> private task by return_tool,agency preserved,True
906,51,Nia,private task,work,True,False,private task -> work by interrupt_work,agency preserved,True
907,51,Ari,recover focus,work,False,True,recover focus -> work by wait_offscreen,agency preserved,True
908,51,Fay,work,rest,True,False,work -> rest by repair_trust,agency preserved,True
909,51,Milo,rest,negotiate debt,False,False,rest -> negotiate debt by move,agency preserved,True
910,51,Sera,negotiate debt,seek tool,False,False,negotiate debt -> seek tool by talk,agency preserved,True
911,51,Tovan,seek tool,care duty,True,False,seek tool -> care duty by offer_help,agency preserved,True
912,51,Nia,care duty,recover focus,True,False,care duty -> recover focus by borrow_tool,resident boundary respected,True
913,51,Ari,private task,recover focus,True,False,private task -> recover focus by return_tool,agency preserved,True
914,51,Fay,recover focus,rest,True,False,recover focus -> rest by interrupt_work,agency preserved,True
915,51,Milo,work,rest,False,True,work -> rest by wait_offscreen,agency preserved,True
916,51,Sera,rest,negotiate debt,True,False,rest -> negotiate debt by repair_trust,agency preserved,True
917,51,Tovan,negotiate debt,seek tool,False,False,negotiate debt -> seek tool by move,agency preserved,True
918,52,Nia,care duty,private task,True,True,care duty -> private task by offer_help,agency preserved,True
919,52,Ari,private task,work,True,False,private task -> work by borrow_tool,agency preserved,True
920,52,Fay,recover focus,work,True,False,recover focus -> work by return_tool,agency preserved,True
921,52,Milo,work,negotiate debt,True,False,work -> negotiate debt by interrupt_work,agency preserved,True
922,52,Sera,rest,negotiate debt,False,True,rest -> negotiate debt by wait_offscreen,agency preserved,True
923,52,Tovan,negotiate debt,seek tool,True,False,negotiate debt -> seek tool by repair_trust,agency preserved,True
924,52,Nia,seek tool,care duty,False,False,seek tool -> care duty by move,agency preserved,True
925,52,Ari,care duty,private task,False,False,care duty -> private task by talk,agency preserved,True
926,52,Fay,private task,recover focus,True,False,private task -> recover focus by offer_help,agency preserved,True
927,52,Milo,recover focus,rest,True,False,recover focus -> rest by borrow_tool,agency preserved,True
928,52,Sera,work,rest,True,False,work -> rest by return_tool,agency preserved,True
929,52,Tovan,rest,seek tool,True,False,rest -> seek tool by interrupt_work,agency preserved,True
930,52,Nia,negotiate debt,seek tool,False,True,negotiate debt -> seek tool by wait_offscreen,agency preserved,True
931,52,Ari,seek tool,care duty,True,False,seek tool -> care duty by repair_trust,agency preserved,True
932,52,Fay,care duty,private task,False,False,care duty -> private task by move,agency preserved,True
933,52,Milo,private task,recover focus,False,False,private task -> recover focus by talk,agency preserved,True
934,52,Sera,recover focus,work,True,False,recover focus -> work by offer_help,agency preserved,True
935,52,Tovan,work,negotiate debt,True,True,work -> negotiate debt by borrow_tool,agency preserved,True
936,53,Nia,negotiate debt,care duty,True,False,negotiate debt -> care duty by interrupt_work,resident boundary respected,True
937,53,Ari,seek tool,care duty,False,True,seek tool -> care duty by wait_offscreen,agency preserved,True
938,53,Fay,care duty,private task,True,False,care duty -> private task by repair_trust,agency preserved,True
939,53,Milo,private task,recover focus,False,False,private task -> recover focus by move,agency preserved,True
940,53,Sera,recover focus,work,False,False,recover focus -> work by talk,agency preserved,True
941,53,Tovan,work,rest,True,False,work -> rest by offer_help,agency preserved,True
942,53,Nia,rest,seek tool,True,False,rest -> seek tool by borrow_tool,agency preserved,True
943,53,Ari,negotiate debt,seek tool,True,False,negotiate debt -> seek tool by return_tool,agency preserved,True
944,53,Fay,seek tool,private task,True,False,seek tool -> private task by interrupt_work,resident boundary respected,True
945,53,Milo,care duty,private task,False,True,care duty -> private task by wait_offscreen,agency preserved,True
946,53,Sera,private task,recover focus,True,False,private task -> recover focus by repair_trust,agency preserved,True
947,53,Tovan,recover focus,work,False,False,recover focus -> work by move,agency preserved,True
948,53,Nia,work,rest,False,False,work -> rest by talk,agency preserved,True
949,53,Ari,rest,negotiate debt,True,False,rest -> negotiate debt by offer_help,agency preserved,True
950,53,Fay,negotiate debt,care duty,True,False,negotiate debt -> care duty by borrow_tool,agency preserved,True
951,53,Milo,seek tool,care duty,True,False,seek tool -> care duty by return_tool,agency preserved,True
952,53,Sera,care duty,recover focus,True,False,care duty -> recover focus by interrupt_work,resident boundary respected,True
953,53,Tovan,private task,recover focus,False,True,private task -> recover focus by wait_offscreen,agency preserved,True
954,54,Nia,work,rest,False,False,work -> rest by move,agency preserved,True
955,54,Ari,rest,negotiate debt,False,False,rest -> negotiate debt by talk,agency preserved,True
956,54,Fay,negotiate debt,seek tool,True,False,negotiate debt -> seek tool by offer_help,agency preserved,True
957,54,Milo,seek tool,private task,True,False,seek tool -> private task by borrow_tool,agency preserved,True
958,54,Sera,care duty,private task,True,False,care duty -> private task by return_tool,agency preserved,True
959,54,Tovan,private task,work,True,False,private task -> work by interrupt_work,agency preserved,True
960,54,Nia,recover focus,work,False,True,recover focus -> work by wait_offscreen,agency preserved,True
961,54,Ari,work,rest,True,False,work -> rest by repair_trust,agency preserved,True
962,54,Fay,rest,negotiate debt,False,False,rest -> negotiate debt by move,agency preserved,True
963,54,Milo,negotiate debt,seek tool,False,False,negotiate debt -> seek tool by talk,agency preserved,True
964,54,Sera,seek tool,care duty,True,False,seek tool -> care duty by offer_help,agency preserved,True
965,54,Tovan,care duty,recover focus,True,False,care duty -> recover focus by borrow_tool,agency preserved,True
966,54,Nia,private task,recover focus,True,False,private task -> recover focus by return_tool,agency preserved,True
967,54,Ari,recover focus,rest,True,False,recover focus -> rest by interrupt_work,agency preserved,True
968,54,Fay,work,rest,False,True,work -> rest by wait_offscreen,agency preserved,True
969,54,Milo,rest,negotiate debt,True,False,rest -> negotiate debt by repair_trust,agency preserved,True
970,54,Sera,negotiate debt,seek tool,False,False,negotiate debt -> seek tool by move,agency preserved,True
971,54,Tovan,seek tool,care duty,False,False,seek tool -> care duty by talk,agency preserved,True
972,55,Nia,private task,work,True,False,private task -> work by borrow_tool,resident boundary respected,True
973,55,Ari,recover focus,work,True,False,recover focus -> work by return_tool,agency preserved,True
974,55,Fay,work,negotiate debt,True,False,work -> negotiate debt by interrupt_work,agency preserved,True
975,55,Milo,rest,negotiate debt,False,True,rest -> negotiate debt by wait_offscreen,agency preserved,True
976,55,Sera,negotiate debt,seek tool,True,False,negotiate debt -> seek tool by repair_trust,agency preserved,True
977,55,Tovan,seek tool,care duty,False,False,seek tool -> care duty by move,agency preserved,True
978,55,Nia,care duty,private task,False,False,care duty -> private task by talk,agency preserved,True
979,55,Ari,private task,recover focus,True,False,private task -> recover focus by offer_help,agency preserved,True
980,55,Fay,recover focus,rest,True,False,recover focus -> rest by borrow_tool,resident boundary respected,True
981,55,Milo,work,rest,True,False,work -> rest by return_tool,agency preserved,True
982,55,Sera,rest,seek tool,True,False,rest -> seek tool by interrupt_work,agency preserved,True
983,55,Tovan,negotiate debt,seek tool,False,True,negotiate debt -> seek tool by wait_offscreen,agency preserved,True
984,55,Nia,seek tool,care duty,True,False,seek tool -> care duty by repair_trust,agency preserved,True
985,55,Ari,care duty,private task,False,False,care duty -> private task by move,agency preserved,True
986,55,Fay,private task,recover focus,False,False,private task -> recover focus by talk,agency preserved,True
987,55,Milo,recover focus,work,True,False,recover focus -> work by offer_help,agency preserved,True
988,55,Sera,work,negotiate debt,True,False,work -> negotiate debt by borrow_tool,resident boundary respected,True
989,55,Tovan,rest,negotiate debt,True,False,rest -> negotiate debt by return_tool,agency preserved,True
990,56,Nia,seek tool,care duty,False,True,seek tool -> care duty by wait_offscreen,agency preserved,True
991,56,Ari,care duty,private task,True,False,care duty -> private task by repair_trust,agency preserved,True
992,56,Fay,private task,recover focus,False,False,private task -> recover focus by move,agency preserved,True
993,56,Milo,recover focus,work,False,False,recover focus -> work by talk,agency preserved,True
994,56,Sera,work,rest,True,False,work -> rest by offer_help,agency preserved,True
995,56,Tovan,rest,seek tool,True,False,rest -> seek tool by borrow_tool,agency preserved,True
996,56,Nia,negotiate debt,seek tool,True,False,negotiate debt -> seek tool by return_tool,agency preserved,True
997,56,Ari,seek tool,private task,True,False,seek tool -> private task by interrupt_work,agency preserved,True
998,56,Fay,care duty,private task,False,True,care duty -> private task by wait_offscreen,agency preserved,True
999,56,Milo,private task,recover focus,True,False,private task -> recover focus by repair_trust,agency preserved,True
1000,56,Sera,recover focus,work,False,False,recover focus -> work by move,agency preserved,True
1001,56,Tovan,work,rest,False,False,work -> rest by talk,agency preserved,True
1002,56,Nia,rest,negotiate debt,True,False,rest -> negotiate debt by offer_help,agency preserved,True
1003,56,Ari,negotiate debt,care duty,True,False,negotiate debt -> care duty by borrow_tool,agency preserved,True
1004,56,Fay,seek tool,care duty,True,False,seek tool -> care duty by return_tool,agency preserved,True
1005,56,Milo,care duty,recover focus,True,False,care duty -> recover focus by interrupt_work,agency preserved,True
1006,56,Sera,private task,recover focus,False,True,private task -> recover focus by wait_offscreen,agency preserved,True
1007,56,Tovan,recover focus,work,True,True,recover focus -> work by repair_trust,agency preserved,True
1008,57,Nia,rest,negotiate debt,False,False,rest -> negotiate debt by talk,agency preserved,True
1009,57,Ari,negotiate debt,seek tool,True,False,negotiate debt -> seek tool by offer_help,agency preserved,True
1010,57,Fay,seek tool,private task,True,False,seek tool -> private task by borrow_tool,agency preserved,True
1011,57,Milo,care duty,private task,True,False,care duty -> private task by return_tool,agency preserved,True
1012,57,Sera,private task,work,True,False,private task -> work by interrupt_work,resident boundary respected,True
1013,57,Tovan,recover focus,work,False,True,recover focus -> work by wait_offscreen,agency preserved,True
1014,57,Nia,work,rest,True,False,work -> rest by repair_trust,agency preserved,True
1015,57,Ari,rest,negotiate debt,False,False,rest -> negotiate debt by move,agency preserved,True
1016,57,Fay,negotiate debt,seek tool,False,False,negotiate debt -> seek tool by talk,agency preserved,True
1017,57,Milo,seek tool,care duty,True,False,seek tool -> care duty by offer_help,agency preserved,True
1018,57,Sera,care duty,recover focus,True,False,care duty -> recover focus by borrow_tool,agency preserved,True
1019,57,Tovan,private task,recover focus,True,False,private task -> recover focus by return_tool,agency preserved,True
1020,57,Nia,recover focus,rest,True,False,recover focus -> rest by interrupt_work,resident boundary respected,True
1021,57,Ari,work,rest,False,True,work -> rest by wait_offscreen,agency preserved,True
1022,57,Fay,rest,negotiate debt,True,False,rest -> negotiate debt by repair_trust,agency preserved,True
1023,57,Milo,negotiate debt,seek tool,False,False,negotiate debt -> seek tool by move,agency preserved,True
1024,57,Sera,seek tool,care duty,False,False,seek tool -> care duty by talk,agency preserved,True
1025,57,Tovan,care duty,private task,True,False,care duty -> private task by offer_help,agency preserved,True
1026,58,Nia,recover focus,work,True,False,recover focus -> work by return_tool,agency preserved,True
1027,58,Ari,work,negotiate debt,True,False,work -> negotiate debt by interrupt_work,agency preserved,True
1028,58,Fay,rest,negotiate debt,False,True,rest -> negotiate debt by wait_offscreen,agency preserved,True
1029,58,Milo,negotiate debt,seek tool,True,False,negotiate debt -> seek tool by repair_trust,agency preserved,True
1030,58,Sera,seek tool,care duty,False,False,seek tool -> care duty by move,agency preserved,True
1031,58,Tovan,care duty,private task,False,False,care duty -> private task by talk,agency preserved,True
1032,58,Nia,private task,recover focus,True,False,private task -> recover focus by offer_help,agency preserved,True
1033,58,Ari,recover focus,rest,True,False,recover focus -> rest by borrow_tool,agency preserved,True
1034,58,Fay,work,rest,True,False,work -> rest by return_tool,agency preserved,True
1035,58,Milo,rest,seek tool,True,False,rest -> seek tool by interrupt_work,agency preserved,True
1036,58,Sera,negotiate debt,seek tool,False,True,negotiate debt -> seek tool by wait_offscreen,agency preserved,True
1037,58,Tovan,seek tool,care duty,True,False,seek tool -> care duty by repair_trust,agency preserved,True
1038,58,Nia,care duty,private task,False,False,care duty -> private task by move,agency preserved,True
1039,58,Ari,private task,recover focus,False,False,private task -> recover focus by talk,agency preserved,True
1040,58,Fay,recover focus,work,True,False,recover focus -> work by offer_help,agency preserved,True
1041,58,Milo,work,negotiate debt,True,False,work -> negotiate debt by borrow_tool,agency preserved,True
1042,58,Sera,rest,negotiate debt,True,False,rest -> negotiate debt by return_tool,agency preserved,True
1043,58,Tovan,negotiate debt,care duty,True,False,negotiate debt -> care duty by interrupt_work,agency preserved,True
1044,59,Nia,care duty,private task,True,False,care duty -> private task by repair_trust,agency preserved,True
1045,59,Ari,private task,recover focus,False,False,private task -> recover focus by move,agency preserved,True
1046,59,Fay,recover focus,work,False,False,recover focus -> work by talk,agency preserved,True
1047,59,Milo,work,rest,True,False,work -> rest by offer_help,agency preserved,True
1048,59,Sera,rest,seek tool,True,False,rest -> seek tool by borrow_tool,resident boundary respected,True
1049,59,Tovan,negotiate debt,seek tool,True,False,negotiate debt -> seek tool by return_tool,agency preserved,True
1050,59,Nia,seek tool,private task,True,False,seek tool -> private task by interrupt_work,agency preserved,True
1051,59,Ari,care duty,private task,False,True,care duty -> private task by wait_offscreen,agency preserved,True
1052,59,Fay,private task,recover focus,True,False,private task -> recover focus by repair_trust,agency preserved,True
1053,59,Milo,recover focus,work,False,False,recover focus -> work by move,agency preserved,True
1054,59,Sera,work,rest,False,False,work -> rest by talk,agency preserved,True
1055,59,Tovan,rest,negotiate debt,True,False,rest -> negotiate debt by offer_help,agency preserved,True
1056,59,Nia,negotiate debt,care duty,True,False,negotiate debt -> care duty by borrow_tool,resident boundary respected,True
1057,59,Ari,seek tool,care duty,True,False,seek tool -> care duty by return_tool,agency preserved,True
1058,59,Fay,care duty,recover focus,True,False,care duty -> recover focus by interrupt_work,agency preserved,True
1059,59,Milo,private task,recover focus,False,True,private task -> recover focus by wait_offscreen,agency preserved,True
1060,59,Sera,recover focus,work,True,False,recover focus -> work by repair_trust,agency preserved,True
1061,59,Tovan,work,rest,False,False,work -> rest by move,agency preserved,True
1062,60,Nia,negotiate debt,seek tool,True,True,negotiate debt -> seek tool by offer_help,agency preserved,True
1063,60,Ari,seek tool,private task,True,False,seek tool -> private task by borrow_tool,agency preserved,True
1064,60,Fay,care duty,private task,True,False,care duty -> private task by return_tool,agency preserved,True
1065,60,Milo,private task,work,True,False,private task -> work by interrupt_work,agency preserved,True
1066,60,Sera,recover focus,work,False,True,recover focus -> work by wait_offscreen,agency preserved,True
1067,60,Tovan,work,rest,True,False,work -> rest by repair_trust,agency preserved,True
1068,60,Nia,rest,negotiate debt,False,False,rest -> negotiate debt by move,agency preserved,True
1069,60,Ari,negotiate debt,seek tool,False,False,negotiate debt -> seek tool by talk,agency preserved,True
1070,60,Fay,seek tool,care duty,True,False,seek tool -> care duty by offer_help,agency preserved,True
1071,60,Milo,care duty,recover focus,True,False,care duty -> recover focus by borrow_tool,agency preserved,True
1072,60,Sera,private task,recover focus,True,False,private task -> recover focus by return_tool,agency preserved,True
1073,60,Tovan,recover focus,rest,True,False,recover focus -> rest by interrupt_work,agency preserved,True
1074,60,Nia,work,rest,False,True,work -> rest by wait_offscreen,agency preserved,True
1075,60,Ari,rest,negotiate debt,True,False,rest -> negotiate debt by repair_trust,agency preserved,True
1076,60,Fay,negotiate debt,seek tool,False,False,negotiate debt -> seek tool by move,agency preserved,True
1077,60,Milo,seek tool,care duty,False,False,seek tool -> care duty by talk,agency preserved,True
1078,60,Sera,care duty,private task,True,False,care duty -> private task by offer_help,agency preserved,True
1079,60,Tovan,private task,work,True,True,private task -> work by borrow_tool,agency preserved,True
1080,61,Nia,work,negotiate debt,True,False,work -> negotiate debt by interrupt_work,resident boundary respected,True
1081,61,Ari,rest,negotiate debt,False,True,rest -> negotiate debt by wait_offscreen,agency preserved,True
1082,61,Fay,negotiate debt,seek tool,True,False,negotiate debt -> seek tool by repair_trust,agency preserved,True
1083,61,Milo,seek tool,care duty,False,False,seek tool -> care duty by move,agency preserved,True
1084,61,Sera,care duty,private task,False,False,care duty -> private task by talk,agency preserved,True
1085,61,Tovan,private task,recover focus,True,False,private task -> recover focus by offer_help,agency preserved,True
1086,61,Nia,recover focus,rest,True,False,recover focus -> rest by borrow_tool,agency preserved,True
1087,61,Ari,work,rest,True,False,work -> rest by return_tool,agency preserved,True
1088,61,Fay,rest,seek tool,True,False,rest -> seek tool by interrupt_work,resident boundary respected,True
1089,61,Milo,negotiate debt,seek tool,False,True,negotiate debt -> seek tool by wait_offscreen,agency preserved,True
1090,61,Sera,seek tool,care duty,True,False,seek tool -> care duty by repair_trust,agency preserved,True
1091,61,Tovan,care duty,private task,False,False,care duty -> private task by move,agency preserved,True
1092,61,Nia,private task,recover focus,False,False,private task -> recover focus by talk,agency preserved,True
1093,61,Ari,recover focus,work,True,False,recover focus -> work by offer_help,agency preserved,True
1094,61,Fay,work,negotiate debt,True,False,work -> negotiate debt by borrow_tool,agency preserved,True
1095,61,Milo,rest,negotiate debt,True,False,rest -> negotiate debt by return_tool,agency preserved,True
1096,61,Sera,negotiate debt,care duty,True,False,negotiate debt -> care duty by interrupt_work,resident boundary respected,True
1097,61,Tovan,seek tool,care duty,False,True,seek tool -> care duty by wait_offscreen,agency preserved,True
1098,62,Nia,private task,recover focus,False,False,private task -> recover focus by move,agency preserved,True
1099,62,Ari,recover focus,work,False,False,recover focus -> work by talk,agency preserved,True
1100,62,Fay,work,rest,True,False,work -> rest by offer_help,agency preserved,True
1101,62,Milo,rest,seek tool,True,False,rest -> seek tool by borrow_tool,agency preserved,True
1102,62,Sera,negotiate debt,seek tool,True,False,negotiate debt -> seek tool by return_tool,agency preserved,True
1103,62,Tovan,seek tool,private task,True,False,seek tool -> private task by interrupt_work,agency preserved,True
1104,62,Nia,care duty,private task,False,True,care duty -> private task by wait_offscreen,agency preserved,True
1105,62,Ari,private task,recover focus,True,False,private task -> recover focus by repair_trust,agency preserved,True
1106,62,Fay,recover focus,work,False,False,recover focus -> work by move,agency preserved,True
1107,62,Milo,work,rest,False,False,work -> rest by talk,agency preserved,True
1108,62,Sera,rest,negotiate debt,True,False,rest -> negotiate debt by offer_help,agency preserved,True
1109,62,Tovan,negotiate debt,care duty,True,False,negotiate debt -> care duty by borrow_tool,agency preserved,True
1110,62,Nia,seek tool,care duty,True,False,seek tool -> care duty by return_tool,agency preserved,True
1111,62,Ari,care duty,recover focus,True,False,care duty -> recover focus by interrupt_work,agency preserved,True
1112,62,Fay,private task,recover focus,False,True,private task -> recover focus by wait_offscreen,agency preserved,True
1113,62,Milo,recover focus,work,True,False,recover focus -> work by repair_trust,agency preserved,True
1114,62,Sera,work,rest,False,False,work -> rest by move,agency preserved,True
1115,62,Tovan,rest,negotiate debt,False,False,rest -> negotiate debt by talk,agency preserved,True
1116,63,Nia,seek tool,private task,True,False,seek tool -> private task by borrow_tool,resident boundary respected,True
1117,63,Ari,care duty,private task,True,False,care duty -> private task by return_tool,agency preserved,True
1118,63,Fay,private task,work,True,False,private task -> work by interrupt_work,agency preserved,True
1119,63,Milo,recover focus,work,False,True,recover focus -> work by wait_offscreen,agency preserved,True
1120,63,Sera,work,rest,True,False,work -> rest by repair_trust,agency preserved,True
1121,63,Tovan,rest,negotiate debt,False,False,rest -> negotiate debt by move,agency preserved,True
1122,63,Nia,negotiate debt,seek tool,False,False,negotiate debt -> seek tool by talk,agency preserved,True
1123,63,Ari,seek tool,care duty,True,False,seek tool -> care duty by offer_help,agency preserved,True
1124,63,Fay,care duty,recover focus,True,False,care duty -> recover focus by borrow_tool,resident boundary respected,True
1125,63,Milo,private task,recover focus,True,False,private task -> recover focus by return_tool,agency preserved,True
1126,63,Sera,recover focus,rest,True,False,recover focus -> rest by interrupt_work,agency preserved,True
1127,63,Tovan,work,rest,False,True,work -> rest by wait_offscreen,agency preserved,True
1128,63,Nia,rest,negotiate debt,True,False,rest -> negotiate debt by repair_trust,agency preserved,True
1129,63,Ari,negotiate debt,seek tool,False,False,negotiate debt -> seek tool by move,agency preserved,True
1130,63,Fay,seek tool,care duty,False,False,seek tool -> care duty by talk,agency preserved,True
1131,63,Milo,care duty,private task,True,False,care duty -> private task by offer_help,agency preserved,True
1132,63,Sera,private task,work,True,False,private task -> work by borrow_tool,resident boundary respected,True
1133,63,Tovan,recover focus,work,True,False,recover focus -> work by return_tool,agency preserved,True
1134,64,Nia,rest,negotiate debt,False,True,rest -> negotiate debt by wait_offscreen,agency preserved,True
1135,64,Ari,negotiate debt,seek tool,True,False,negotiate debt -> seek tool by repair_trust,agency preserved,True
1136,64,Fay,seek tool,care duty,False,False,seek tool -> care duty by move,agency preserved,True
1137,64,Milo,care duty,private task,False,False,care duty -> private task by talk,agency preserved,True
1138,64,Sera,private task,recover focus,True,False,private task -> recover focus by offer_help,agency preserved,True
1139,64,Tovan,recover focus,rest,True,False,recover focus -> rest by borrow_tool,agency preserved,True
1140,64,Nia,work,rest,True,False,work -> rest by return_tool,agency preserved,True
1141,64,Ari,rest,seek tool,True,False,rest -> seek tool by interrupt_work,agency preserved,True
1142,64,Fay,negotiate debt,seek tool,False,True,negotiate debt -> seek tool by wait_offscreen,agency preserved,True
1143,64,Milo,seek tool,care duty,True,False,seek tool -> care duty by repair_trust,agency preserved,True
1144,64,Sera,care duty,private task,False,False,care duty -> private task by move,agency preserved,True
1145,64,Tovan,private task,recover focus,False,False,private task -> recover focus by talk,agency preserved,True
1146,64,Nia,recover focus,work,True,False,recover focus -> work by offer_help,agency preserved,True
1147,64,Ari,work,negotiate debt,True,False,work -> negotiate debt by borrow_tool,agency preserved,True
1148,64,Fay,rest,negotiate debt,True,False,rest -> negotiate debt by return_tool,agency preserved,True
1149,64,Milo,negotiate debt,care duty,True,False,negotiate debt -> care duty by interrupt_work,agency preserved,True
1150,64,Sera,seek tool,care duty,False,True,seek tool -> care duty by wait_offscreen,agency preserved,True
1151,64,Tovan,care duty,private task,True,True,care duty -> private task by repair_trust,agency preserved,True
1152,65,Nia,recover focus,work,False,False,recover focus -> work by talk,agency preserved,True
1153,65,Ari,work,rest,True,False,work -> rest by offer_help,agency preserved,True
1154,65,Fay,rest,seek tool,True,False,rest -> seek tool by borrow_tool,agency preserved,True
1155,65,Milo,negotiate debt,seek tool,True,False,negotiate debt -> seek tool by return_tool,agency preserved,True
1156,65,Sera,seek tool,private task,True,False,seek tool -> private task by interrupt_work,resident boundary respected,True
1157,65,Tovan,care duty,private task,False,True,care duty -> private task by wait_offscreen,agency preserved,True
1158,65,Nia,private task,recover focus,True,False,private task -> recover focus by repair_trust,agency preserved,True
1159,65,Ari,recover focus,work,False,False,recover focus -> work by move,agency preserved,True
1160,65,Fay,work,rest,False,False,work -> rest by talk,agency preserved,True
1161,65,Milo,rest,negotiate debt,True,False,rest -> negotiate debt by offer_help,agency preserved,True
1162,65,Sera,negotiate debt,care duty,True,False,negotiate debt -> care duty by borrow_tool,agency preserved,True
1163,65,Tovan,seek tool,care duty,True,False,seek tool -> care duty by return_tool,agency preserved,True
1164,65,Nia,care duty,recover focus,True,False,care duty -> recover focus by interrupt_work,resident boundary respected,True
1165,65,Ari,private task,recover focus,False,True,private task -> recover focus by wait_offscreen,agency preserved,True
1166,65,Fay,recover focus,work,True,False,recover focus -> work by repair_trust,agency preserved,True
1167,65,Milo,work,rest,False,False,work -> rest by move,agency preserved,True
1168,65,Sera,rest,negotiate debt,False,False,rest -> negotiate debt by talk,agency preserved,True
1169,65,Tovan,negotiate debt,seek tool,True,False,negotiate debt -> seek tool by offer_help,agency preserved,True
1170,66,Nia,care duty,private task,True,False,care duty -> private task by return_tool,agency preserved,True
1171,66,Ari,private task,work,True,False,private task -> work by interrupt_work,agency preserved,True
1172,66,Fay,recover focus,work,False,True,recover focus -> work by wait_offscreen,agency preserved,True
1173,66,Milo,work,rest,True,False,work -> rest by repair_trust,agency preserved,True
1174,66,Sera,rest,negotiate debt,False,False,rest -> negotiate debt by move,agency preserved,True
1175,66,Tovan,negotiate debt,seek tool,False,False,negotiate debt -> seek tool by talk,agency preserved,True
1176,66,Nia,seek tool,care duty,True,False,seek tool -> care duty by offer_help,agency preserved,True
1177,66,Ari,care duty,recover focus,True,False,care duty -> recover focus by borrow_tool,agency preserved,True
1178,66,Fay,private task,recover focus,True,False,private task -> recover focus by return_tool,agency preserved,True
1179,66,Milo,recover focus,rest,True,False,recover focus -> rest by interrupt_work,agency preserved,True
1180,66,Sera,work,rest,False,True,work -> rest by wait_offscreen,agency preserved,True
1181,66,Tovan,rest,negotiate debt,True,False,rest -> negotiate debt by repair_trust,agency preserved,True
1182,66,Nia,negotiate debt,seek tool,False,False,negotiate debt -> seek tool by move,agency preserved,True
1183,66,Ari,seek tool,care duty,False,False,seek tool -> care duty by talk,agency preserved,True
1184,66,Fay,care duty,private task,True,False,care duty -> private task by offer_help,agency preserved,True
1185,66,Milo,private task,work,True,False,private task -> work by borrow_tool,agency preserved,True
1186,66,Sera,recover focus,work,True,False,recover focus -> work by return_tool,agency preserved,True
1187,66,Tovan,work,negotiate debt,True,False,work -> negotiate debt by interrupt_work,agency preserved,True
1188,67,Nia,negotiate debt,seek tool,True,False,negotiate debt -> seek tool by repair_trust,agency preserved,True
1189,67,Ari,seek tool,care duty,False,False,seek tool -> care duty by move,agency preserved,True
1190,67,Fay,care duty,private task,False,False,care duty -> private task by talk,agency preserved,True
1191,67,Milo,private task,recover focus,True,False,private task -> recover focus by offer_help,agency preserved,True
1192,67,Sera,recover focus,rest,True,False,recover focus -> rest by borrow_tool,resident boundary respected,True
1193,67,Tovan,work,rest,True,False,work -> rest by return_tool,agency preserved,True
1194,67,Nia,rest,seek tool,True,False,rest -> seek tool by interrupt_work,agency preserved,True
1195,67,Ari,negotiate debt,seek tool,False,True,negotiate debt -> seek tool by wait_offscreen,agency preserved,True
1196,67,Fay,seek tool,care duty,True,False,seek tool -> care duty by repair_trust,agency preserved,True
1197,67,Milo,care duty,private task,False,False,care duty -> private task by move,agency preserved,True
1198,67,Sera,private task,recover focus,False,False,private task -> recover focus by talk,agency preserved,True
1199,67,Tovan,recover focus,work,True,False,recover focus -> work by offer_help,agency preserved,True
1200,67,Nia,work,negotiate debt,True,False,work -> negotiate debt by borrow_tool,resident boundary respected,True
1201,67,Ari,rest,negotiate debt,True,False,rest -> negotiate debt by return_tool,agency preserved,True
1202,67,Fay,negotiate debt,care duty,True,False,negotiate debt -> care duty by interrupt_work,agency preserved,True
1203,67,Milo,seek tool,care duty,False,True,seek tool -> care duty by wait_offscreen,agency preserved,True
1204,67,Sera,care duty,private task,True,False,care duty -> private task by repair_trust,agency preserved,True
1205,67,Tovan,private task,recover focus,False,False,private task -> recover focus by move,agency preserved,True
1206,68,Nia,work,rest,True,True,work -> rest by offer_help,agency preserved,True
1207,68,Ari,rest,seek tool,True,False,rest -> seek tool by borrow_tool,agency preserved,True
1208,68,Fay,negotiate debt,seek tool,True,False,negotiate debt -> seek tool by return_tool,agency preserved,True
1209,68,Milo,seek tool,private task,True,False,seek tool -> private task by interrupt_work,agency preserved,True
1210,68,Sera,care duty,private task,False,True,care duty -> private task by wait_offscreen,agency preserved,True
1211,68,Tovan,private task,recover focus,True,False,private task -> recover focus by repair_trust,agency preserved,True
1212,68,Nia,recover focus,work,False,False,recover focus -> work by move,agency preserved,True
1213,68,Ari,work,rest,False,False,work -> rest by talk,agency preserved,True
1214,68,Fay,rest,negotiate debt,True,False,rest -> negotiate debt by offer_help,agency preserved,True
1215,68,Milo,negotiate debt,care duty,True,False,negotiate debt -> care duty by borrow_tool,agency preserved,True
1216,68,Sera,seek tool,care duty,True,False,seek tool -> care duty by return_tool,agency preserved,True
1217,68,Tovan,care duty,recover focus,True,False,care duty -> recover focus by interrupt_work,agency preserved,True
1218,68,Nia,private task,recover focus,False,True,private task -> recover focus by wait_offscreen,agency preserved,True
1219,68,Ari,recover focus,work,True,False,recover focus -> work by repair_trust,agency preserved,True
1220,68,Fay,work,rest,False,False,work -> rest by move,agency preserved,True
1221,68,Milo,rest,negotiate debt,False,False,rest -> negotiate debt by talk,agency preserved,True
1222,68,Sera,negotiate debt,seek tool,True,False,negotiate debt -> seek tool by offer_help,agency preserved,True
1223,68,Tovan,seek tool,private task,True,True,seek tool -> private task by borrow_tool,agency preserved,True
1224,69,Nia,private task,work,True,False,private task -> work by interrupt_work,resident boundary respected,True
1225,69,Ari,recover focus,work,False,True,recover focus -> work by wait_offscreen,agency preserved,True
1226,69,Fay,work,rest,True,False,work -> rest by repair_trust,agency preserved,True
1227,69,Milo,rest,negotiate debt,False,False,rest -> negotiate debt by move,agency preserved,True
1228,69,Sera,negotiate debt,seek tool,False,False,negotiate debt -> seek tool by talk,agency preserved,True
1229,69,Tovan,seek tool,care duty,True,False,seek tool -> care duty by offer_help,agency preserved,True
1230,69,Nia,care duty,recover focus,True,False,care duty -> recover focus by borrow_tool,agency preserved,True
1231,69,Ari,private task,recover focus,True,False,private task -> recover focus by return_tool,agency preserved,True
1232,69,Fay,recover focus,rest,True,False,recover focus -> rest by interrupt_work,resident boundary respected,True
1233,69,Milo,work,rest,False,True,work -> rest by wait_offscreen,agency preserved,True
1234,69,Sera,rest,negotiate debt,True,False,rest -> negotiate debt by repair_trust,agency preserved,True
1235,69,Tovan,negotiate debt,seek tool,False,False,negotiate debt -> seek tool by move,agency preserved,True
1236,69,Nia,seek tool,care duty,False,False,seek tool -> care duty by talk,agency preserved,True
1237,69,Ari,care duty,private task,True,False,care duty -> private task by offer_help,agency preserved,True
1238,69,Fay,private task,work,True,False,private task -> work by borrow_tool,agency preserved,True
1239,69,Milo,recover focus,work,True,False,recover focus -> work by return_tool,agency preserved,True
1240,69,Sera,work,negotiate debt,True,False,work -> negotiate debt by interrupt_work,resident boundary respected,True
1241,69,Tovan,rest,negotiate debt,False,True,rest -> negotiate debt by wait_offscreen,agency preserved,True
1242,70,Nia,seek tool,care duty,False,False,seek tool -> care duty by move,agency preserved,True
1243,70,Ari,care duty,private task,False,False,care duty -> private task by talk,agency preserved,True
1244,70,Fay,private task,recover focus,True,False,private task -> recover focus by offer_help,agency preserved,True
1245,70,Milo,recover focus,rest,True,False,recover focus -> rest by borrow_tool,agency preserved,True
1246,70,Sera,work,rest,True,False,work -> rest by return_tool,agency preserved,True
1247,70,Tovan,rest,seek tool,True,False,rest -> seek tool by interrupt_work,agency preserved,True
1248,70,Nia,negotiate debt,seek tool,False,True,negotiate debt -> seek tool by wait_offscreen,agency preserved,True
1249,70,Ari,seek tool,care duty,True,False,seek tool -> care duty by repair_trust,agency preserved,True
1250,70,Fay,care duty,private task,False,False,care duty -> private task by move,agency preserved,True
1251,70,Milo,private task,recover focus,False,False,private task -> recover focus by talk,agency preserved,True
1252,70,Sera,recover focus,work,True,False,recover focus -> work by offer_help,agency preserved,True
1253,70,Tovan,work,negotiate debt,True,False,work -> negotiate debt by borrow_tool,agency preserved,True
1254,70,Nia,rest,negotiate debt,True,False,rest -> negotiate debt by return_tool,agency preserved,True
1255,70,Ari,negotiate debt,care duty,True,False,negotiate debt -> care duty by interrupt_work,agency preserved,True
1256,70,Fay,seek tool,care duty,False,True,seek tool -> care duty by wait_offscreen,agency preserved,True
1257,70,Milo,care duty,private task,True,False,care duty -> private task by repair_trust,agency preserved,True
1258,70,Sera,private task,recover focus,False,False,private task -> recover focus by move,agency preserved,True
1259,70,Tovan,recover focus,work,False,False,recover focus -> work by talk,agency preserved,True
1260,71,Nia,rest,seek tool,True,False,rest -> seek tool by borrow_tool,resident boundary respected,True
1261,71,Ari,negotiate debt,seek tool,True,False,negotiate debt -> seek tool by return_tool,agency preserved,True
1262,71,Fay,seek tool,private task,True,False,seek tool -> private task by interrupt_work,agency preserved,True
1263,71,Milo,care duty,private task,False,True,care duty -> private task by wait_offscreen,agency preserved,True
1264,71,Sera,private task,recover focus,True,False,private task -> recover focus by repair_trust,agency preserved,True
1265,71,Tovan,recover focus,work,False,False,recover focus -> work by move,agency preserved,True
1266,71,Nia,work,rest,False,False,work -> rest by talk,agency preserved,True
1267,71,Ari,rest,negotiate debt,True,False,rest -> negotiate debt by offer_help,agency preserved,True
1268,71,Fay,negotiate debt,care duty,True,False,negotiate debt -> care duty by borrow_tool,resident boundary respected,True
1269,71,Milo,seek tool,care duty,True,False,seek tool -> care duty by return_tool,agency preserved,True
1270,71,Sera,care duty,recover focus,True,False,care duty -> recover focus by interrupt_work,agency preserved,True
1271,71,Tovan,private task,recover focus,False,True,private task -> recover focus by wait_offscreen,agency preserved,True
1272,71,Nia,recover focus,work,True,False,recover focus -> work by repair_trust,agency preserved,True
1273,71,Ari,work,rest,False,False,work -> rest by move,agency preserved,True
1274,71,Fay,rest,negotiate debt,False,False,rest -> negotiate debt by talk,agency preserved,True
1275,71,Milo,negotiate debt,seek tool,True,False,negotiate debt -> seek tool by offer_help,agency preserved,True
1276,71,Sera,seek tool,private task,True,False,seek tool -> private task by borrow_tool,resident boundary respected,True
1277,71,Tovan,care duty,private task,True,False,care duty -> private task by return_tool,agency preserved,True
1278,72,Nia,recover focus,work,False,True,recover focus -> work by wait_offscreen,agency preserved,True
1279,72,Ari,work,rest,True,False,work -> rest by repair_trust,agency preserved,True
1280,72,Fay,rest,negotiate debt,False,False,rest -> negotiate debt by move,agency preserved,True
1281,72,Milo,negotiate debt,seek tool,False,False,negotiate debt -> seek tool by talk,agency preserved,True
1282,72,Sera,seek tool,care duty,True,False,seek tool -> care duty by offer_help,agency preserved,True
1283,72,Tovan,care duty,recover focus,True,False,care duty -> recover focus by borrow_tool,agency preserved,True
1284,72,Nia,private task,recover focus,True,False,private task -> recover focus by return_tool,agency preserved,True
1285,72,Ari,recover focus,rest,True,False,recover focus -> rest by interrupt_work,agency preserved,True
1286,72,Fay,work,rest,False,True,work -> rest by wait_offscreen,agency preserved,True
1287,72,Milo,rest,negotiate debt,True,False,rest -> negotiate debt by repair_trust,agency preserved,True
1288,72,Sera,negotiate debt,seek tool,False,False,negotiate debt -> seek tool by move,agency preserved,True
1289,72,Tovan,seek tool,care duty,False,False,seek tool -> care duty by talk,agency preserved,True
1290,72,Nia,care duty,private task,True,False,care duty -> private task by offer_help,agency preserved,True
1291,72,Ari,private task,work,True,False,private task -> work by borrow_tool,agency preserved,True
1292,72,Fay,recover focus,work,True,False,recover focus -> work by return_tool,agency preserved,True
1293,72,Milo,work,negotiate debt,True,False,work -> negotiate debt by interrupt_work,agency preserved,True
1294,72,Sera,rest,negotiate debt,False,True,rest -> negotiate debt by wait_offscreen,agency preserved,True
1295,72,Tovan,negotiate debt,seek tool,True,True,negotiate debt -> seek tool by repair_trust,agency preserved,True
1296,73,Nia,care duty,private task,False,False,care duty -> private task by talk,agency preserved,True
1297,73,Ari,private task,recover focus,True,False,private task -> recover focus by offer_help,agency preserved,True
1298,73,Fay,recover focus,rest,True,False,recover focus -> rest by borrow_tool,agency preserved,True
1299,73,Milo,work,rest,True,False,work -> rest by return_tool,agency preserved,True
1300,73,Sera,rest,seek tool,True,False,rest -> seek tool by interrupt_work,resident boundary respected,True
1301,73,Tovan,negotiate debt,seek tool,False,True,negotiate debt -> seek tool by wait_offscreen,agency preserved,True
1302,73,Nia,seek tool,care duty,True,False,seek tool -> care duty by repair_trust,agency preserved,True
1303,73,Ari,care duty,private task,False,False,care duty -> private task by move,agency preserved,True
1304,73,Fay,private task,recover focus,False,False,private task -> recover focus by talk,agency preserved,True
1305,73,Milo,recover focus,work,True,False,recover focus -> work by offer_help,agency preserved,True
1306,73,Sera,work,negotiate debt,True,False,work -> negotiate debt by borrow_tool,agency preserved,True
1307,73,Tovan,rest,negotiate debt,True,False,rest -> negotiate debt by return_tool,agency preserved,True
1308,73,Nia,negotiate debt,care duty,True,False,negotiate debt -> care duty by interrupt_work,resident boundary respected,True
1309,73,Ari,seek tool,care duty,False,True,seek tool -> care duty by wait_offscreen,agency preserved,True
1310,73,Fay,care duty,private task,True,False,care duty -> private task by repair_trust,agency preserved,True
1311,73,Milo,private task,recover focus,False,False,private task -> recover focus by move,agency preserved,True
1312,73,Sera,recover focus,work,False,False,recover focus -> work by talk,agency preserved,True
1313,73,Tovan,work,rest,True,False,work -> rest by offer_help,agency preserved,True
1314,74,Nia,negotiate debt,seek tool,True,False,negotiate debt -> seek tool by return_tool,agency preserved,True
1315,74,Ari,seek tool,private task,True,False,seek tool -> private task by interrupt_work,agency preserved,True
1316,74,Fay,care duty,private task,False,True,care duty -> private task by wait_offscreen,agency preserved,True
1317,74,Milo,private task,recover focus,True,False,private task -> recover focus by repair_trust,agency preserved,True
1318,74,Sera,recover focus,work,False,False,recover focus -> work by move,agency preserved,True
1319,74,Tovan,work,rest,False,False,work -> rest by talk,agency preserved,True
1320,74,Nia,rest,negotiate debt,True,False,rest -> negotiate debt by offer_help,agency preserved,True
1321,74,Ari,negotiate debt,care duty,True,False,negotiate debt -> care duty by borrow_tool,agency preserved,True
1322,74,Fay,seek tool,care duty,True,False,seek tool -> care duty by return_tool,agency preserved,True
1323,74,Milo,care duty,recover focus,True,False,care duty -> recover focus by interrupt_work,agency preserved,True
1324,74,Sera,private task,recover focus,False,True,private task -> recover focus by wait_offscreen,agency preserved,True
1325,74,Tovan,recover focus,work,True,False,recover focus -> work by repair_trust,agency preserved,True
1326,74,Nia,work,rest,False,False,work -> rest by move,agency preserved,True
1327,74,Ari,rest,negotiate debt,False,False,rest -> negotiate debt by talk,agency preserved,True
1328,74,Fay,negotiate debt,seek tool,True,False,negotiate debt -> seek tool by offer_help,agency preserved,True
1329,74,Milo,seek tool,private task,True,False,seek tool -> private task by borrow_tool,agency preserved,True
1330,74,Sera,care duty,private task,True,False,care duty -> private task by return_tool,agency preserved,True
1331,74,Tovan,private task,work,True,False,private task -> work by interrupt_work,agency preserved,True
1332,75,Nia,work,rest,True,False,work -> rest by repair_trust,agency preserved,True
1333,75,Ari,rest,negotiate debt,False,False,rest -> negotiate debt by move,agency preserved,True
1334,75,Fay,negotiate debt,seek tool,False,False,negotiate debt -> seek tool by talk,agency preserved,True
1335,75,Milo,seek tool,care duty,True,False,seek tool -> care duty by offer_help,agency preserved,True
1336,75,Sera,care duty,recover focus,True,False,care duty -> recover focus by borrow_tool,resident boundary respected,True
1337,75,Tovan,private task,recover focus,True,False,private task -> recover focus by return_tool,agency preserved,True
1338,75,Nia,recover focus,rest,True,False,recover focus -> rest by interrupt_work,agency preserved,True
1339,75,Ari,work,rest,False,True,work -> rest by wait_offscreen,agency preserved,True
1340,75,Fay,rest,negotiate debt,True,False,rest -> negotiate debt by repair_trust,agency preserved,True
1341,75,Milo,negotiate debt,seek tool,False,False,negotiate debt -> seek tool by move,agency preserved,True
1342,75,Sera,seek tool,care duty,False,False,seek tool -> care duty by talk,agency preserved,True
1343,75,Tovan,care duty,private task,True,False,care duty -> private task by offer_help,agency preserved,True
1344,75,Nia,private task,work,True,False,private task -> work by borrow_tool,resident boundary respected,True
1345,75,Ari,recover focus,work,True,False,recover focus -> work by return_tool,agency preserved,True
1346,75,Fay,work,negotiate debt,True,False,work -> negotiate debt by interrupt_work,agency preserved,True
1347,75,Milo,rest,negotiate debt,False,True,rest -> negotiate debt by wait_offscreen,agency preserved,True
1348,75,Sera,negotiate debt,seek tool,True,False,negotiate debt -> seek tool by repair_trust,agency preserved,True
1349,75,Tovan,seek tool,care duty,False,False,seek tool -> care duty by move,agency preserved,True
1350,76,Nia,private task,recover focus,True,True,private task -> recover focus by offer_help,agency preserved,True
1351,76,Ari,recover focus,rest,True,False,recover focus -> rest by borrow_tool,agency preserved,True
1352,76,Fay,work,rest,True,False,work -> rest by return_tool,agency preserved,True
1353,76,Milo,rest,seek tool,True,False,rest -> seek tool by interrupt_work,agency preserved,True
1354,76,Sera,negotiate debt,seek tool,False,True,negotiate debt -> seek tool by wait_offscreen,agency preserved,True
1355,76,Tovan,seek tool,care duty,True,False,seek tool -> care duty by repair_trust,agency preserved,True
1356,76,Nia,care duty,private task,False,False,care duty -> private task by move,agency preserved,True
1357,76,Ari,private task,recover focus,False,False,private task -> recover focus by talk,agency preserved,True
1358,76,Fay,recover focus,work,True,False,recover focus -> work by offer_help,agency preserved,True
1359,76,Milo,work,negotiate debt,True,False,work -> negotiate debt by borrow_tool,agency preserved,True
1360,76,Sera,rest,negotiate debt,True,False,rest -> negotiate debt by return_tool,agency preserved,True
1361,76,Tovan,negotiate debt,care duty,True,False,negotiate debt -> care duty by interrupt_work,agency preserved,True
1362,76,Nia,seek tool,care duty,False,True,seek tool -> care duty by wait_offscreen,agency preserved,True
1363,76,Ari,care duty,private task,True,False,care duty -> private task by repair_trust,agency preserved,True
1364,76,Fay,private task,recover focus,False,False,private task -> recover focus by move,agency preserved,True
1365,76,Milo,recover focus,work,False,False,recover focus -> work by talk,agency preserved,True
1366,76,Sera,work,rest,True,False,work -> rest by offer_help,agency preserved,True
1367,76,Tovan,rest,seek tool,True,True,rest -> seek tool by borrow_tool,agency preserved,True
1368,77,Nia,seek tool,private task,True,False,seek tool -> private task by interrupt_work,resident boundary respected,True
1369,77,Ari,care duty,private task,False,True,care duty -> private task by wait_offscreen,agency preserved,True
1370,77,Fay,private task,recover focus,True,False,private task -> recover focus by repair_trust,agency preserved,True
1371,77,Milo,recover focus,work,False,False,recover focus -> work by move,agency preserved,True
1372,77,Sera,work,rest,False,False,work -> rest by talk,agency preserved,True
1373,77,Tovan,rest,negotiate debt,True,False,rest -> negotiate debt by offer_help,agency preserved,True
1374,77,Nia,negotiate debt,care duty,True,False,negotiate debt -> care duty by borrow_tool,agency preserved,True
1375,77,Ari,seek tool,care duty,True,False,seek tool -> care duty by return_tool,agency preserved,True
1376,77,Fay,care duty,recover focus,True,False,care duty -> recover focus by interrupt_work,resident boundary respected,True
1377,77,Milo,private task,recover focus,False,True,private task -> recover focus by wait_offscreen,agency preserved,True
1378,77,Sera,recover focus,work,True,False,recover focus -> work by repair_trust,agency preserved,True
1379,77,Tovan,work,rest,False,False,work -> rest by move,agency preserved,True
1380,77,Nia,rest,negotiate debt,False,False,rest -> negotiate debt by talk,agency preserved,True
1381,77,Ari,negotiate debt,seek tool,True,False,negotiate debt -> seek tool by offer_help,agency preserved,True
1382,77,Fay,seek tool,private task,True,False,seek tool -> private task by borrow_tool,agency preserved,True
1383,77,Milo,care duty,private task,True,False,care duty -> private task by return_tool,agency preserved,True
1384,77,Sera,private task,work,True,False,private task -> work by interrupt_work,resident boundary respected,True
1385,77,Tovan,recover focus,work,False,True,recover focus -> work by wait_offscreen,agency preserved,True
1386,78,Nia,rest,negotiate debt,False,False,rest -> negotiate debt by move,agency preserved,True
1387,78,Ari,negotiate debt,seek tool,False,False,negotiate debt -> seek tool by talk,agency preserved,True
1388,78,Fay,seek tool,care duty,True,False,seek tool -> care duty by offer_help,agency preserved,True
1389,78,Milo,care duty,recover focus,True,False,care duty -> recover focus by borrow_tool,agency preserved,True
1390,78,Sera,private task,recover focus,True,False,private task -> recover focus by return_tool,agency preserved,True
1391,78,Tovan,recover focus,rest,True,False,recover focus -> rest by interrupt_work,agency preserved,True
1392,78,Nia,work,rest,False,True,work -> rest by wait_offscreen,agency preserved,True
1393,78,Ari,rest,negotiate debt,True,False,rest -> negotiate debt by repair_trust,agency preserved,True
1394,78,Fay,negotiate debt,seek tool,False,False,negotiate debt -> seek tool by move,agency preserved,True
1395,78,Milo,seek tool,care duty,False,False,seek tool -> care duty by talk,agency preserved,True
1396,78,Sera,care duty,private task,True,False,care duty -> private task by offer_help,agency preserved,True
1397,78,Tovan,private task,work,True,False,private task -> work by borrow_tool,agency preserved,True
1398,78,Nia,recover focus,work,True,False,recover focus -> work by return_tool,agency preserved,True
1399,78,Ari,work,negotiate debt,True,False,work -> negotiate debt by interrupt_work,agency preserved,True
1400,78,Fay,rest,negotiate debt,False,True,rest -> negotiate debt by wait_offscreen,agency preserved,True
1401,78,Milo,negotiate debt,seek tool,True,False,negotiate debt -> seek tool by repair_trust,agency preserved,True
1402,78,Sera,seek tool,care duty,False,False,seek tool -> care duty by move,agency preserved,True
1403,78,Tovan,care duty,private task,False,False,care duty -> private task by talk,agency preserved,True
1404,79,Nia,recover focus,rest,True,False,recover focus -> rest by borrow_tool,resident boundary respected,True
1405,79,Ari,work,rest,True,False,work -> rest by return_tool,agency preserved,True
1406,79,Fay,rest,seek tool,True,False,rest -> seek tool by interrupt_work,agency preserved,True
1407,79,Milo,negotiate debt,seek tool,False,True,negotiate debt -> seek tool by wait_offscreen,agency preserved,True
1408,79,Sera,seek tool,care duty,True,False,seek tool -> care duty by repair_trust,agency preserved,True
1409,79,Tovan,care duty,private task,False,False,care duty -> private task by move,agency preserved,True
1410,79,Nia,private task,recover focus,False,False,private task -> recover focus by talk,agency preserved,True
1411,79,Ari,recover focus,work,True,False,recover focus -> work by offer_help,agency preserved,True
1412,79,Fay,work,negotiate debt,True,False,work -> negotiate debt by borrow_tool,resident boundary respected,True
1413,79,Milo,rest,negotiate debt,True,False,rest -> negotiate debt by return_tool,agency preserved,True
1414,79,Sera,negotiate debt,care duty,True,False,negotiate debt -> care duty by interrupt_work,agency preserved,True
1415,79,Tovan,seek tool,care duty,False,True,seek tool -> care duty by wait_offscreen,agency preserved,True
1416,79,Nia,care duty,private task,True,False,care duty -> private task by repair_trust,agency preserved,True
1417,79,Ari,private task,recover focus,False,False,private task -> recover focus by move,agency preserved,True
1418,79,Fay,recover focus,work,False,False,recover focus -> work by talk,agency preserved,True
1419,79,Milo,work,rest,True,False,work -> rest by offer_help,agency preserved,True
1420,79,Sera,rest,seek tool,True,False,rest -> seek tool by borrow_tool,resident boundary respected,True
1421,79,Tovan,negotiate debt,seek tool,True,False,negotiate debt -> seek tool by return_tool,agency preserved,True
1422,80,Nia,care duty,private task,False,True,care duty -> private task by wait_offscreen,agency preserved,True
1423,80,Ari,private task,recover focus,True,False,private task -> recover focus by repair_trust,agency preserved,True
1424,80,Fay,recover focus,work,False,False,recover focus -> work by move,agency preserved,True
1425,80,Milo,work,rest,False,False,work -> rest by talk,agency preserved,True
1426,80,Sera,rest,negotiate debt,True,False,rest -> negotiate debt by offer_help,agency preserved,True
1427,80,Tovan,negotiate debt,care duty,True,False,negotiate debt -> care duty by borrow_tool,agency preserved,True
1428,80,Nia,seek tool,care duty,True,False,seek tool -> care duty by return_tool,agency preserved,True
1429,80,Ari,care duty,recover focus,True,False,care duty -> recover focus by interrupt_work,agency preserved,True
1430,80,Fay,private task,recover focus,False,True,private task -> recover focus by wait_offscreen,agency preserved,True
1431,80,Milo,recover focus,work,True,False,recover focus -> work by repair_trust,agency preserved,True
1432,80,Sera,work,rest,False,False,work -> rest by move,agency preserved,True
1433,80,Tovan,rest,negotiate debt,False,False,rest -> negotiate debt by talk,agency preserved,True
1434,80,Nia,negotiate debt,seek tool,True,False,negotiate debt -> seek tool by offer_help,agency preserved,True
1435,80,Ari,seek tool,private task,True,False,seek tool -> private task by borrow_tool,agency preserved,True
1436,80,Fay,care duty,private task,True,False,care duty -> private task by return_tool,agency preserved,True
1437,80,Milo,private task,work,True,False,private task -> work by interrupt_work,agency preserved,True
1438,80,Sera,recover focus,work,False,True,recover focus -> work by wait_offscreen,agency preserved,True
1439,80,Tovan,work,rest,True,True,work -> rest by repair_trust,agency preserved,True
1440,81,Nia,negotiate debt,seek tool,False,False,negotiate debt -> seek tool by talk,agency preserved,True
1441,81,Ari,seek tool,care duty,True,False,seek tool -> care duty by offer_help,agency preserved,True
1442,81,Fay,care duty,recover focus,True,False,care duty -> recover focus by borrow_tool,agency preserved,True
1443,81,Milo,private task,recover focus,True,False,private task -> recover focus by return_tool,agency preserved,True
1444,81,Sera,recover focus,rest,True,False,recover focus -> rest by interrupt_work,resident boundary respected,True
1445,81,Tovan,work,rest,False,True,work -> rest by wait_offscreen,agency preserved,True
1446,81,Nia,rest,negotiate debt,True,False,rest -> negotiate debt by repair_trust,agency preserved,True
1447,81,Ari,negotiate debt,seek tool,False,False,negotiate debt -> seek tool by move,agency preserved,True
1448,81,Fay,seek tool,care duty,False,False,seek tool -> care duty by talk,agency preserved,True
1449,81,Milo,care duty,private task,True,False,care duty -> private task by offer_help,agency preserved,True
1450,81,Sera,private task,work,True,False,private task -> work by borrow_tool,agency preserved,True
1451,81,Tovan,recover focus,work,True,False,recover focus -> work by return_tool,agency preserved,True
1452,81,Nia,work,negotiate debt,True,False,work -> negotiate debt by interrupt_work,resident boundary respected,True
1453,81,Ari,rest,negotiate debt,False,True,rest -> negotiate debt by wait_offscreen,agency preserved,True
1454,81,Fay,negotiate debt,seek tool,True,False,negotiate debt -> seek tool by repair_trust,agency preserved,True
1455,81,Milo,seek tool,care duty,False,False,seek tool -> care duty by move,agency preserved,True
1456,81,Sera,care duty,private task,False,False,care duty -> private task by talk,agency preserved,True
1457,81,Tovan,private task,recover focus,True,False,private task -> recover focus by offer_help,agency preserved,True
1458,82,Nia,work,rest,True,False,work -> rest by return_tool,agency preserved,True
1459,82,Ari,rest,seek tool,True,False,rest -> seek tool by interrupt_work,agency preserved,True
1460,82,Fay,negotiate debt,seek tool,False,True,negotiate debt -> seek tool by wait_offscreen,agency preserved,True
1461,82,Milo,seek tool,care duty,True,False,seek tool -> care duty by repair_trust,agency preserved,True
1462,82,Sera,care duty,private task,False,False,care duty -> private task by move,agency preserved,True
1463,82,Tovan,private task,recover focus,False,False,private task -> recover focus by talk,agency preserved,True
1464,82,Nia,recover focus,work,True,False,recover focus -> work by offer_help,agency preserved,True
1465,82,Ari,work,negotiate debt,True,False,work -> negotiate debt by borrow_tool,agency preserved,True
1466,82,Fay,rest,negotiate debt,True,False,rest -> negotiate debt by return_tool,agency preserved,True
1467,82,Milo,negotiate debt,care duty,True,False,negotiate debt -> care duty by interrupt_work,agency preserved,True
1468,82,Sera,seek tool,care duty,False,True,seek tool -> care duty by wait_offscreen,agency preserved,True
1469,82,Tovan,care duty,private task,True,False,care duty -> private task by repair_trust,agency preserved,True
1470,82,Nia,private task,recover focus,False,False,private task -> recover focus by move,agency preserved,True
1471,82,Ari,recover focus,work,False,False,recover focus -> work by talk,agency preserved,True
1472,82,Fay,work,rest,True,False,work -> rest by offer_help,agency preserved,True
1473,82,Milo,rest,seek tool,True,False,rest -> seek tool by borrow_tool,agency preserved,True
1474,82,Sera,negotiate debt,seek tool,True,False,negotiate debt -> seek tool by return_tool,agency preserved,True
1475,82,Tovan,seek tool,private task,True,False,seek tool -> private task by interrupt_work,agency preserved,True
1476,83,Nia,private task,recover focus,True,False,private task -> recover focus by repair_trust,agency preserved,True
1477,83,Ari,recover focus,work,False,False,recover focus -> work by move,agency preserved,True
1478,83,Fay,work,rest,False,False,work -> rest by talk,agency preserved,True
1479,83,Milo,rest,negotiate debt,True,False,rest -> negotiate debt by offer_help,agency preserved,True
1480,83,Sera,negotiate debt,care duty,True,False,negotiate debt -> care duty by borrow_tool,resident boundary respected,True
1481,83,Tovan,seek tool,care duty,True,False,seek tool -> care duty by return_tool,agency preserved,True
1482,83,Nia,care duty,recover focus,True,False,care duty -> recover focus by interrupt_work,agency preserved,True
1483,83,Ari,private task,recover focus,False,True,private task -> recover focus by wait_offscreen,agency preserved,True
1484,83,Fay,recover focus,work,True,False,recover focus -> work by repair_trust,agency preserved,True
1485,83,Milo,work,rest,False,False,work -> rest by move,agency preserved,True
1486,83,Sera,rest,negotiate debt,False,False,rest -> negotiate debt by talk,agency preserved,True
1487,83,Tovan,negotiate debt,seek tool,True,False,negotiate debt -> seek tool by offer_help,agency preserved,True
1488,83,Nia,seek tool,private task,True,False,seek tool -> private task by borrow_tool,resident boundary respected,True
1489,83,Ari,care duty,private task,True,False,care duty -> private task by return_tool,agency preserved,True
1490,83,Fay,private task,work,True,False,private task -> work by interrupt_work,agency preserved,True
1491,83,Milo,recover focus,work,False,True,recover focus -> work by wait_offscreen,agency preserved,True
1492,83,Sera,work,rest,True,False,work -> rest by repair_trust,agency preserved,True
1493,83,Tovan,rest,negotiate debt,False,False,rest -> negotiate debt by move,agency preserved,True
1494,84,Nia,seek tool,care duty,True,True,seek tool -> care duty by offer_help,agency preserved,True
1495,84,Ari,care duty,recover focus,True,False,care duty -> recover focus by borrow_tool,agency preserved,True
1496,84,Fay,private task,recover focus,True,False,private task -> recover focus by return_tool,agency preserved,True
1497,84,Milo,recover focus,rest,True,False,recover focus -> rest by interrupt_work,agency preserved,True
1498,84,Sera,work,rest,False,True,work -> rest by wait_offscreen,agency preserved,True
1499,84,Tovan,rest,negotiate debt,True,False,rest -> negotiate debt by repair_trust,agency preserved,True
1500,84,Nia,negotiate debt,seek tool,False,False,negotiate debt -> seek tool by move,agency preserved,True
1501,84,Ari,seek tool,care duty,False,False,seek tool -> care duty by talk,agency preserved,True
1502,84,Fay,care duty,private task,True,False,care duty -> private task by offer_help,agency preserved,True
1503,84,Milo,private task,work,True,False,private task -> work by borrow_tool,agency preserved,True
1504,84,Sera,recover focus,work,True,False,recover focus -> work by return_tool,agency preserved,True
1505,84,Tovan,work,negotiate debt,True,False,work -> negotiate debt by interrupt_work,agency preserved,True
1506,84,Nia,rest,negotiate debt,False,True,rest -> negotiate debt by wait_offscreen,agency preserved,True
1507,84,Ari,negotiate debt,seek tool,True,False,negotiate debt -> seek tool by repair_trust,agency preserved,True
1508,84,Fay,seek tool,care duty,False,False,seek tool -> care duty by move,agency preserved,True
1509,84,Milo,care duty,private task,False,False,care duty -> private task by talk,agency preserved,True
1510,84,Sera,private task,recover focus,True,False,private task -> recover focus by offer_help,agency preserved,True
1511,84,Tovan,recover focus,rest,True,True,recover focus -> rest by borrow_tool,agency preserved,True
1512,85,Nia,rest,seek tool,True,False,rest -> seek tool by interrupt_work,resident boundary respected,True
1513,85,Ari,negotiate debt,seek tool,False,True,negotiate debt -> seek tool by wait_offscreen,agency preserved,True
1514,85,Fay,seek tool,care duty,True,False,seek tool -> care duty by repair_trust,agency preserved,True
1515,85,Milo,care duty,private task,False,False,care duty -> private task by move,agency preserved,True
1516,85,Sera,private task,recover focus,False,False,private task -> recover focus by talk,agency preserved,True
1517,85,Tovan,recover focus,work,True,False,recover focus -> work by offer_help,agency preserved,True
1518,85,Nia,work,negotiate debt,True,False,work -> negotiate debt by borrow_tool,agency preserved,True
1519,85,Ari,rest,negotiate debt,True,False,rest -> negotiate debt by return_tool,agency preserved,True
1520,85,Fay,negotiate debt,care duty,True,False,negotiate debt -> care duty by interrupt_work,resident boundary respected,True
1521,85,Milo,seek tool,care duty,False,True,seek tool -> care duty by wait_offscreen,agency preserved,True
1522,85,Sera,care duty,private task,True,False,care duty -> private task by repair_trust,agency preserved,True
1523,85,Tovan,private task,recover focus,False,False,private task -> recover focus by move,agency preserved,True
1524,85,Nia,recover focus,work,False,False,recover focus -> work by talk,agency preserved,True
1525,85,Ari,work,rest,True,False,work -> rest by offer_help,agency preserved,True
1526,85,Fay,rest,seek tool,True,False,rest -> seek tool by borrow_tool,agency preserved,True
1527,85,Milo,negotiate debt,seek tool,True,False,negotiate debt -> seek tool by return_tool,agency preserved,True
1528,85,Sera,seek tool,private task,True,False,seek tool -> private task by interrupt_work,resident boundary respected,True
1529,85,Tovan,care duty,private task,False,True,care duty -> private task by wait_offscreen,agency preserved,True
1530,86,Nia,recover focus,work,False,False,recover focus -> work by move,agency preserved,True
1531,86,Ari,work,rest,False,False,work -> rest by talk,agency preserved,True
1532,86,Fay,rest,negotiate debt,True,False,rest -> negotiate debt by offer_help,agency preserved,True
1533,86,Milo,negotiate debt,care duty,True,False,negotiate debt -> care duty by borrow_tool,agency preserved,True
1534,86,Sera,seek tool,care duty,True,False,seek tool -> care duty by return_tool,agency preserved,True
1535,86,Tovan,care duty,recover focus,True,False,care duty -> recover focus by interrupt_work,agency preserved,True
1536,86,Nia,private task,recover focus,False,True,private task -> recover focus by wait_offscreen,agency preserved,True
1537,86,Ari,recover focus,work,True,False,recover focus -> work by repair_trust,agency preserved,True
1538,86,Fay,work,rest,False,False,work -> rest by move,agency preserved,True
1539,86,Milo,rest,negotiate debt,False,False,rest -> negotiate debt by talk,agency preserved,True
1540,86,Sera,negotiate debt,seek tool,True,False,negotiate debt -> seek tool by offer_help,agency preserved,True
1541,86,Tovan,seek tool,private task,True,False,seek tool -> private task by borrow_tool,agency preserved,True
1542,86,Nia,care duty,private task,True,False,care duty -> private task by return_tool,agency preserved,True
1543,86,Ari,private task,work,True,False,private task -> work by interrupt_work,agency preserved,True
1544,86,Fay,recover focus,work,False,True,recover focus -> work by wait_offscreen,agency preserved,True
1545,86,Milo,work,rest,True,False,work -> rest by repair_trust,agency preserved,True
1546,86,Sera,rest,negotiate debt,False,False,rest -> negotiate debt by move,agency preserved,True
1547,86,Tovan,negotiate debt,seek tool,False,False,negotiate debt -> seek tool by talk,agency preserved,True
1548,87,Nia,care duty,recover focus,True,False,care duty -> recover focus by borrow_tool,resident boundary respected,True
1549,87,Ari,private task,recover focus,True,False,private task -> recover focus by return_tool,agency preserved,True
1550,87,Fay,recover focus,rest,True,False,recover focus -> rest by interrupt_work,agency preserved,True
1551,87,Milo,work,rest,False,True,work -> rest by wait_offscreen,agency preserved,True
1552,87,Sera,rest,negotiate debt,True,False,rest -> negotiate debt by repair_trust,agency preserved,True
1553,87,Tovan,negotiate debt,seek tool,False,False,negotiate debt -> seek tool by move,agency preserved,True
1554,87,Nia,seek tool,care duty,False,False,seek tool -> care duty by talk,agency preserved,True
1555,87,Ari,care duty,private task,True,False,care duty -> private task by offer_help,agency preserved,True
1556,87,Fay,private task,work,True,False,private task -> work by borrow_tool,resident boundary respected,True
1557,87,Milo,recover focus,work,True,False,recover focus -> work by return_tool,agency preserved,True
1558,87,Sera,work,negotiate debt,True,False,work -> negotiate debt by interrupt_work,agency preserved,True
1559,87,Tovan,rest,negotiate debt,False,True,rest -> negotiate debt by wait_offscreen,agency preserved,True
1560,87,Nia,negotiate debt,seek tool,True,False,negotiate debt -> seek tool by repair_trust,agency preserved,True
1561,87,Ari,seek tool,care duty,False,False,seek tool -> care duty by move,agency preserved,True
1562,87,Fay,care duty,private task,False,False,care duty -> private task by talk,agency preserved,True
1563,87,Milo,private task,recover focus,True,False,private task -> recover focus by offer_help,agency preserved,True
1564,87,Sera,recover focus,rest,True,False,recover focus -> rest by borrow_tool,resident boundary respected,True
1565,87,Tovan,work,rest,True,False,work -> rest by return_tool,agency preserved,True
1566,88,Nia,negotiate debt,seek tool,False,True,negotiate debt -> seek tool by wait_offscreen,agency preserved,True
1567,88,Ari,seek tool,care duty,True,False,seek tool -> care duty by repair_trust,agency preserved,True
1568,88,Fay,care duty,private task,False,False,care duty -> private task by move,agency preserved,True
1569,88,Milo,private task,recover focus,False,False,private task -> recover focus by talk,agency preserved,True
1570,88,Sera,recover focus,work,True,False,recover focus -> work by offer_help,agency preserved,True
1571,88,Tovan,work,negotiate debt,True,False,work -> negotiate debt by borrow_tool,agency preserved,True
1572,88,Nia,rest,negotiate debt,True,False,rest -> negotiate debt by return_tool,agency preserved,True
1573,88,Ari,negotiate debt,care duty,True,False,negotiate debt -> care duty by interrupt_work,agency preserved,True
1574,88,Fay,seek tool,care duty,False,True,seek tool -> care duty by wait_offscreen,agency preserved,True
1575,88,Milo,care duty,private task,True,False,care duty -> private task by repair_trust,agency preserved,True
1576,88,Sera,private task,recover focus,False,False,private task -> recover focus by move,agency preserved,True
1577,88,Tovan,recover focus,work,False,False,recover focus -> work by talk,agency preserved,True
1578,88,Nia,work,rest,True,False,work -> rest by offer_help,agency preserved,True
1579,88,Ari,rest,seek tool,True,False,rest -> seek tool by borrow_tool,agency preserved,True
1580,88,Fay,negotiate debt,seek tool,True,False,negotiate debt -> seek tool by return_tool,agency preserved,True
1581,88,Milo,seek tool,private task,True,False,seek tool -> private task by interrupt_work,agency preserved,True
1582,88,Sera,care duty,private task,False,True,care duty -> private task by wait_offscreen,agency preserved,True
1583,88,Tovan,private task,recover focus,True,True,private task -> recover focus by repair_trust,agency preserved,True
1584,89,Nia,work,rest,False,False,work -> rest by talk,agency preserved,True
1585,89,Ari,rest,negotiate debt,True,False,rest -> negotiate debt by offer_help,agency preserved,True
1586,89,Fay,negotiate debt,care duty,True,False,negotiate debt -> care duty by borrow_tool,agency preserved,True
1587,89,Milo,seek tool,care duty,True,False,seek tool -> care duty by return_tool,agency preserved,True
1588,89,Sera,care duty,recover focus,True,False,care duty -> recover focus by interrupt_work,resident boundary respected,True
1589,89,Tovan,private task,recover focus,False,True,private task -> recover focus by wait_offscreen,agency preserved,True
1590,89,Nia,recover focus,work,True,False,recover focus -> work by repair_trust,agency preserved,True
1591,89,Ari,work,rest,False,False,work -> rest by move,agency preserved,True
1592,89,Fay,rest,negotiate debt,False,False,rest -> negotiate debt by talk,agency preserved,True
1593,89,Milo,negotiate debt,seek tool,True,False,negotiate debt -> seek tool by offer_help,agency preserved,True
1594,89,Sera,seek tool,private task,True,False,seek tool -> private task by borrow_tool,agency preserved,True
1595,89,Tovan,care duty,private task,True,False,care duty -> private task by return_tool,agency preserved,True
1596,89,Nia,private task,work,True,False,private task -> work by interrupt_work,resident boundary respected,True
1597,89,Ari,recover focus,work,False,True,recover focus -> work by wait_offscreen,agency preserved,True
1598,89,Fay,work,rest,True,False,work -> rest by repair_trust,agency preserved,True
1599,89,Milo,rest,negotiate debt,False,False,rest -> negotiate debt by move,agency preserved,True
1600,89,Sera,negotiate debt,seek tool,False,False,negotiate debt -> seek tool by talk,agency preserved,True
1601,89,Tovan,seek tool,care duty,True,False,seek tool -> care duty by offer_help,agency preserved,True
1602,90,Nia,private task,recover focus,True,False,private task -> recover focus by return_tool,agency preserved,True
1603,90,Ari,recover focus,rest,True,False,recover focus -> rest by interrupt_work,agency preserved,True
1604,90,Fay,work,rest,False,True,work -> rest by wait_offscreen,agency preserved,True
1605,90,Milo,rest,negotiate debt,True,False,rest -> negotiate debt by repair_trust,agency preserved,True
1606,90,Sera,negotiate debt,seek tool,False,False,negotiate debt -> seek tool by move,agency preserved,True
1607,90,Tovan,seek tool,care duty,False,False,seek tool -> care duty by talk,agency preserved,True
1608,90,Nia,care duty,private task,True,False,care duty -> private task by offer_help,agency preserved,True
1609,90,Ari,private task,work,True,False,private task -> work by borrow_tool,agency preserved,True
1610,90,Fay,recover focus,work,True,False,recover focus -> work by return_tool,agency preserved,True
1611,90,Milo,work,negotiate debt,True,False,work -> negotiate debt by interrupt_work,agency preserved,True
1612,90,Sera,rest,negotiate debt,False,True,rest -> negotiate debt by wait_offscreen,agency preserved,True
1613,90,Tovan,negotiate debt,seek tool,True,False,negotiate debt -> seek tool by repair_trust,agency preserved,True
1614,90,Nia,seek tool,care duty,False,False,seek tool -> care duty by move,agency preserved,True
1615,90,Ari,care duty,private task,False,False,care duty -> private task by talk,agency preserved,True
1616,90,Fay,private task,recover focus,True,False,private task -> recover focus by offer_help,agency preserved,True
1617,90,Milo,recover focus,rest,True,False,recover focus -> rest by borrow_tool,agency preserved,True
1618,90,Sera,work,rest,True,False,work -> rest by return_tool,agency preserved,True
1619,90,Tovan,rest,seek tool,True,False,rest -> seek tool by interrupt_work,agency preserved,True
1620,91,Nia,seek tool,care duty,True,False,seek tool -> care duty by repair_trust,agency preserved,True
1621,91,Ari,care duty,private task,False,False,care duty -> private task by move,agency preserved,True
1622,91,Fay,private task,recover focus,False,False,private task -> recover focus by talk,agency preserved,True
1623,91,Milo,recover focus,work,True,False,recover focus -> work by offer_help,agency preserved,True
1624,91,Sera,work,negotiate debt,True,False,work -> negotiate debt by borrow_tool,resident boundary respected,True
1625,91,Tovan,rest,negotiate debt,True,False,rest -> negotiate debt by return_tool,agency preserved,True
1626,91,Nia,negotiate debt,care duty,True,False,negotiate debt -> care duty by interrupt_work,agency preserved,True
1627,91,Ari,seek tool,care duty,False,True,seek tool -> care duty by wait_offscreen,agency preserved,True
1628,91,Fay,care duty,private task,True,False,care duty -> private task by repair_trust,agency preserved,True
1629,91,Milo,private task,recover focus,False,False,private task -> recover focus by move,agency preserved,True
1630,91,Sera,recover focus,work,False,False,recover focus -> work by talk,agency preserved,True
1631,91,Tovan,work,rest,True,False,work -> rest by offer_help,agency preserved,True
1632,91,Nia,rest,seek tool,True,False,rest -> seek tool by borrow_tool,resident boundary respected,True
1633,91,Ari,negotiate debt,seek tool,True,False,negotiate debt -> seek tool by return_tool,agency preserved,True
1634,91,Fay,seek tool,private task,True,False,seek tool -> private task by interrupt_work,agency preserved,True
1635,91,Milo,care duty,private task,False,True,care duty -> private task by wait_offscreen,agency preserved,True
1636,91,Sera,private task,recover focus,True,False,private task -> recover focus by repair_trust,agency preserved,True
1637,91,Tovan,recover focus,work,False,False,recover focus -> work by move,agency preserved,True
1638,92,Nia,rest,negotiate debt,True,True,rest -> negotiate debt by offer_help,agency preserved,True
1639,92,Ari,negotiate debt,care duty,True,False,negotiate debt -> care duty by borrow_tool,agency preserved,True
1640,92,Fay,seek tool,care duty,True,False,seek tool -> care duty by return_tool,agency preserved,True
1641,92,Milo,care duty,recover focus,True,False,care duty -> recover focus by interrupt_work,agency preserved,True
1642,92,Sera,private task,recover focus,False,True,private task -> recover focus by wait_offscreen,agency preserved,True
1643,92,Tovan,recover focus,work,True,False,recover focus -> work by repair_trust,agency preserved,True
1644,92,Nia,work,rest,False,False,work -> rest by move,agency preserved,True
1645,92,Ari,rest,negotiate debt,False,False,rest -> negotiate debt by talk,agency preserved,True
1646,92,Fay,negotiate debt,seek tool,True,False,negotiate debt -> seek tool by offer_help,agency preserved,True
1647,92,Milo,seek tool,private task,True,False,seek tool -> private task by borrow_tool,agency preserved,True
1648,92,Sera,care duty,private task,True,False,care duty -> private task by return_tool,agency preserved,True
1649,92,Tovan,private task,work,True,False,private task -> work by interrupt_work,agency preserved,True
1650,92,Nia,recover focus,work,False,True,recover focus -> work by wait_offscreen,agency preserved,True
1651,92,Ari,work,rest,True,False,work -> rest by repair_trust,agency preserved,True
1652,92,Fay,rest,negotiate debt,False,False,rest -> negotiate debt by move,agency preserved,True
1653,92,Milo,negotiate debt,seek tool,False,False,negotiate debt -> seek tool by talk,agency preserved,True
1654,92,Sera,seek tool,care duty,True,False,seek tool -> care duty by offer_help,agency preserved,True
1655,92,Tovan,care duty,recover focus,True,True,care duty -> recover focus by borrow_tool,agency preserved,True
1656,93,Nia,recover focus,rest,True,False,recover focus -> rest by interrupt_work,resident boundary respected,True
1657,93,Ari,work,rest,False,True,work -> rest by wait_offscreen,agency preserved,True
1658,93,Fay,rest,negotiate debt,True,False,rest -> negotiate debt by repair_trust,agency preserved,True
1659,93,Milo,negotiate debt,seek tool,False,False,negotiate debt -> seek tool by move,agency preserved,True
1660,93,Sera,seek tool,care duty,False,False,seek tool -> care duty by talk,agency preserved,True
1661,93,Tovan,care duty,private task,True,False,care duty -> private task by offer_help,agency preserved,True
1662,93,Nia,private task,work,True,False,private task -> work by borrow_tool,agency preserved,True
1663,93,Ari,recover focus,work,True,False,recover focus -> work by return_tool,agency preserved,True
1664,93,Fay,work,negotiate debt,True,False,work -> negotiate debt by interrupt_work,resident boundary respected,True
1665,93,Milo,rest,negotiate debt,False,True,rest -> negotiate debt by wait_offscreen,agency preserved,True
1666,93,Sera,negotiate debt,seek tool,True,False,negotiate debt -> seek tool by repair_trust,agency preserved,True
1667,93,Tovan,seek tool,care duty,False,False,seek tool -> care duty by move,agency preserved,True
1668,93,Nia,care duty,private task,False,False,care duty -> private task by talk,agency preserved,True
1669,93,Ari,private task,recover focus,True,False,private task -> recover focus by offer_help,agency preserved,True
1670,93,Fay,recover focus,rest,True,False,recover focus -> rest by borrow_tool,agency preserved,True
1671,93,Milo,work,rest,True,False,work -> rest by return_tool,agency preserved,True
1672,93,Sera,rest,seek tool,True,False,rest -> seek tool by interrupt_work,resident boundary respected,True
1673,93,Tovan,negotiate debt,seek tool,False,True,negotiate debt -> seek tool by wait_offscreen,agency preserved,True
1674,94,Nia,care duty,private task,False,False,care duty -> private task by move,agency preserved,True
1675,94,Ari,private task,recover focus,False,False,private task -> recover focus by talk,agency preserved,True
1676,94,Fay,recover focus,work,True,False,recover focus -> work by offer_help,agency preserved,True
1677,94,Milo,work,negotiate debt,True,False,work -> negotiate debt by borrow_tool,agency preserved,True
1678,94,Sera,rest,negotiate debt,True,False,rest -> negotiate debt by return_tool,agency preserved,True
1679,94,Tovan,negotiate debt,care duty,True,False,negotiate debt -> care duty by interrupt_work,agency preserved,True
1680,94,Nia,seek tool,care duty,False,True,seek tool -> care duty by wait_offscreen,agency preserved,True
1681,94,Ari,care duty,private task,True,False,care duty -> private task by repair_trust,agency preserved,True
1682,94,Fay,private task,recover focus,False,False,private task -> recover focus by move,agency preserved,True
1683,94,Milo,recover focus,work,False,False,recover focus -> work by talk,agency preserved,True
1684,94,Sera,work,rest,True,False,work -> rest by offer_help,agency preserved,True
1685,94,Tovan,rest,seek tool,True,False,rest -> seek tool by borrow_tool,agency preserved,True
1686,94,Nia,negotiate debt,seek tool,True,False,negotiate debt -> seek tool by return_tool,agency preserved,True
1687,94,Ari,seek tool,private task,True,False,seek tool -> private task by interrupt_work,agency preserved,True
1688,94,Fay,care duty,private task,False,True,care duty -> private task by wait_offscreen,agency preserved,True
1689,94,Milo,private task,recover focus,True,False,private task -> recover focus by repair_trust,agency preserved,True
1690,94,Sera,recover focus,work,False,False,recover focus -> work by move,agency preserved,True
1691,94,Tovan,work,rest,False,False,work -> rest by talk,agency preserved,True
1692,95,Nia,negotiate debt,care duty,True,False,negotiate debt -> care duty by borrow_tool,resident boundary respected,True
1693,95,Ari,seek tool,care duty,True,False,seek tool -> care duty by return_tool,agency preserved,True
1694,95,Fay,care duty,recover focus,True,False,care duty -> recover focus by interrupt_work,agency preserved,True
1695,95,Milo,private task,recover focus,False,True,private task -> recover focus by wait_offscreen,agency preserved,True
1696,95,Sera,recover focus,work,True,False,recover focus -> work by repair_trust,agency preserved,True
1697,95,Tovan,work,rest,False,False,work -> rest by move,agency preserved,True
1698,95,Nia,rest,negotiate debt,False,False,rest -> negotiate debt by talk,agency preserved,True
1699,95,Ari,negotiate debt,seek tool,True,False,negotiate debt -> seek tool by offer_help,agency preserved,True
1700,95,Fay,seek tool,private task,True,False,seek tool -> private task by borrow_tool,resident boundary respected,True
1701,95,Milo,care duty,private task,True,False,care duty -> private task by return_tool,agency preserved,True
1702,95,Sera,private task,work,True,False,private task -> work by interrupt_work,agency preserved,True
1703,95,Tovan,recover focus,work,False,True,recover focus -> work by wait_offscreen,agency preserved,True
1704,95,Nia,work,rest,True,False,work -> rest by repair_trust,agency preserved,True
1705,95,Ari,rest,negotiate debt,False,False,rest -> negotiate debt by move,agency preserved,True
1706,95,Fay,negotiate debt,seek tool,False,False,negotiate debt -> seek tool by talk,agency preserved,True
1707,95,Milo,seek tool,care duty,True,False,seek tool -> care duty by offer_help,agency preserved,True
1708,95,Sera,care duty,recover focus,True,False,care duty -> recover focus by borrow_tool,resident boundary respected,True
1709,95,Tovan,private task,recover focus,True,False,private task -> recover focus by return_tool,agency preserved,True
1710,96,Nia,work,rest,False,True,work -> rest by wait_offscreen,agency preserved,True
1711,96,Ari,rest,negotiate debt,True,False,rest -> negotiate debt by repair_trust,agency preserved,True
1712,96,Fay,negotiate debt,seek tool,False,False,negotiate debt -> seek tool by move,agency preserved,True
1713,96,Milo,seek tool,care duty,False,False,seek tool -> care duty by talk,agency preserved,True
1714,96,Sera,care duty,private task,True,False,care duty -> private task by offer_help,agency preserved,True
1715,96,Tovan,private task,work,True,False,private task -> work by borrow_tool,agency preserved,True
1716,96,Nia,recover focus,work,True,False,recover focus -> work by return_tool,agency preserved,True
1717,96,Ari,work,negotiate debt,True,False,work -> negotiate debt by interrupt_work,agency preserved,True
1718,96,Fay,rest,negotiate debt,False,True,rest -> negotiate debt by wait_offscreen,agency preserved,True
1719,96,Milo,negotiate debt,seek tool,True,False,negotiate debt -> seek tool by repair_trust,agency preserved,True
1720,96,Sera,seek tool,care duty,False,False,seek tool -> care duty by move,agency preserved,True
1721,96,Tovan,care duty,private task,False,False,care duty -> private task by talk,agency preserved,True
1722,96,Nia,private task,recover focus,True,False,private task -> recover focus by offer_help,agency preserved,True
1723,96,Ari,recover focus,rest,True,False,recover focus -> rest by borrow_tool,agency preserved,True
1724,96,Fay,work,rest,True,False,work -> rest by return_tool,agency preserved,True
1725,96,Milo,rest,seek tool,True,False,rest -> seek tool by interrupt_work,agency preserved,True
1726,96,Sera,negotiate debt,seek tool,False,True,negotiate debt -> seek tool by wait_offscreen,agency preserved,True
1727,96,Tovan,seek tool,care duty,True,True,seek tool -> care duty by repair_trust,agency preserved,True
1728,97,Nia,private task,recover focus,False,False,private task -> recover focus by talk,agency preserved,True
1729,97,Ari,recover focus,work,True,False,recover focus -> work by offer_help,agency preserved,True
1730,97,Fay,work,negotiate debt,True,False,work -> negotiate debt by borrow_tool,agency preserved,True
1731,97,Milo,rest,negotiate debt,True,False,rest -> negotiate debt by return_tool,agency preserved,True
1732,97,Sera,negotiate debt,care duty,True,False,negotiate debt -> care duty by interrupt_work,resident boundary respected,True
1733,97,Tovan,seek tool,care duty,False,True,seek tool -> care duty by wait_offscreen,agency preserved,True
1734,97,Nia,care duty,private task,True,False,care duty -> private task by repair_trust,agency preserved,True
1735,97,Ari,private task,recover focus,False,False,private task -> recover focus by move,agency preserved,True
1736,97,Fay,recover focus,work,False,False,recover focus -> work by talk,agency preserved,True
1737,97,Milo,work,rest,True,False,work -> rest by offer_help,agency preserved,True
1738,97,Sera,rest,seek tool,True,False,rest -> seek tool by borrow_tool,agency preserved,True
1739,97,Tovan,negotiate debt,seek tool,True,False,negotiate debt -> seek tool by return_tool,agency preserved,True
1740,97,Nia,seek tool,private task,True,False,seek tool -> private task by interrupt_work,resident boundary respected,True
1741,97,Ari,care duty,private task,False,True,care duty -> private task by wait_offscreen,agency preserved,True
1742,97,Fay,private task,recover focus,True,False,private task -> recover focus by repair_trust,agency preserved,True
1743,97,Milo,recover focus,work,False,False,recover focus -> work by move,agency preserved,True
1744,97,Sera,work,rest,False,False,work -> rest by talk,agency preserved,True
1745,97,Tovan,rest,negotiate debt,True,False,rest -> negotiate debt by offer_help,agency preserved,True
1746,98,Nia,seek tool,care duty,True,False,seek tool -> care duty by return_tool,agency preserved,True
1747,98,Ari,care duty,recover focus,True,False,care duty -> recover focus by interrupt_work,agency preserved,True
1748,98,Fay,private task,recover focus,False,True,private task -> recover focus by wait_offscreen,agency preserved,True
1749,98,Milo,recover focus,work,True,False,recover focus -> work by repair_trust,agency preserved,True
1750,98,Sera,work,rest,False,False,work -> rest by move,agency preserved,True
1751,98,Tovan,rest,negotiate debt,False,False,rest -> negotiate debt by talk,agency preserved,True
1752,98,Nia,negotiate debt,seek tool,True,False,negotiate debt -> seek tool by offer_help,agency preserved,True
1753,98,Ari,seek tool,private task,True,False,seek tool -> private task by borrow_tool,agency preserved,True
1754,98,Fay,care duty,private task,True,False,care duty -> private task by return_tool,agency preserved,True
1755,98,Milo,private task,work,True,False,private task -> work by interrupt_work,agency preserved,True
1756,98,Sera,recover focus,work,False,True,recover focus -> work by wait_offscreen,agency preserved,True
1757,98,Tovan,work,rest,True,False,work -> rest by repair_trust,agency preserved,True
1758,98,Nia,rest,negotiate debt,False,False,rest -> negotiate debt by move,agency preserved,True
1759,98,Ari,negotiate debt,seek tool,False,False,negotiate debt -> seek tool by talk,agency preserved,True
1760,98,Fay,seek tool,care duty,True,False,seek tool -> care duty by offer_help,agency preserved,True
1761,98,Milo,care duty,recover focus,True,False,care duty -> recover focus by borrow_tool,agency preserved,True
1762,98,Sera,private task,recover focus,True,False,private task -> recover focus by return_tool,agency preserved,True
1763,98,Tovan,recover focus,rest,True,False,recover focus -> rest by interrupt_work,agency preserved,True
1764,99,Nia,rest,negotiate debt,True,False,rest -> negotiate debt by repair_trust,agency preserved,True
1765,99,Ari,negotiate debt,seek tool,False,False,negotiate debt -> seek tool by move,agency preserved,True
1766,99,Fay,seek tool,care duty,False,False,seek tool -> care duty by talk,agency preserved,True
1767,99,Milo,care duty,private task,True,False,care duty -> private task by offer_help,agency preserved,True
1768,99,Sera,private task,work,True,False,private task -> work by borrow_tool,resident boundary respected,True
1769,99,Tovan,recover focus,work,True,False,recover focus -> work by return_tool,agency preserved,True
1770,99,Nia,work,negotiate debt,True,False,work -> negotiate debt by interrupt_work,agency preserved,True
1771,99,Ari,rest,negotiate debt,False,True,rest -> negotiate debt by wait_offscreen,agency preserved,True
1772,99,Fay,negotiate debt,seek tool,True,False,negotiate debt -> seek tool by repair_trust,agency preserved,True
1773,99,Milo,seek tool,care duty,False,False,seek tool -> care duty by move,agency preserved,True
1774,99,Sera,care duty,private task,False,False,care duty -> private task by talk,agency preserved,True
1775,99,Tovan,private task,recover focus,True,False,private task -> recover focus by offer_help,agency preserved,True
1776,99,Nia,recover focus,rest,True,False,recover focus -> rest by borrow_tool,resident boundary respected,True
1777,99,Ari,work,rest,True,False,work -> rest by return_tool,agency preserved,True
1778,99,Fay,rest,seek tool,True,False,rest -> seek tool by interrupt_work,agency preserved,True
1779,99,Milo,negotiate debt,seek tool,False,True,negotiate debt -> seek tool by wait_offscreen,agency preserved,True
1780,99,Sera,seek tool,care duty,True,False,seek tool -> care duty by repair_trust,agency preserved,True
1781,99,Tovan,care duty,private task,False,False,care duty -> private task by move,agency preserved,True
1782,100,Nia,recover focus,work,True,True,recover focus -> work by offer_help,agency preserved,True
1783,100,Ari,work,negotiate debt,True,False,work -> negotiate debt by borrow_tool,agency preserved,True
1784,100,Fay,rest,negotiate debt,True,False,rest -> negotiate debt by return_tool,agency preserved,True
1785,100,Milo,negotiate debt,care duty,True,False,negotiate debt -> care duty by interrupt_work,agency preserved,True
1786,100,Sera,seek tool,care duty,False,True,seek tool -> care duty by wait_offscreen,agency preserved,True
1787,100,Tovan,care duty,private task,True,False,care duty -> private task by repair_trust,agency preserved,True
1788,100,Nia,private task,recover focus,False,False,private task -> recover focus by move,agency preserved,True
1789,100,Ari,recover focus,work,False,False,recover focus -> work by talk,agency preserved,True
1790,100,Fay,work,rest,True,False,work -> rest by offer_help,agency preserved,True
1791,100,Milo,rest,seek tool,True,False,rest -> seek tool by borrow_tool,agency preserved,True
1792,100,Sera,negotiate debt,seek tool,True,False,negotiate debt -> seek tool by return_tool,agency preserved,True
1793,100,Tovan,seek tool,private task,True,False,seek tool -> private task by interrupt_work,agency preserved,True
1794,100,Nia,care duty,private task,False,True,care duty -> private task by wait_offscreen,agency preserved,True
1795,100,Ari,private task,recover focus,True,False,private task -> recover focus by repair_trust,agency preserved,True
1796,100,Fay,recover focus,work,False,False,recover focus -> work by move,agency preserved,True
1797,100,Milo,work,rest,False,False,work -> rest by talk,agency preserved,True
1798,100,Sera,rest,negotiate debt,True,False,rest -> negotiate debt by offer_help,agency preserved,True
1799,100,Tovan,negotiate debt,care duty,True,True,negotiate debt -> care duty by borrow_tool,agency preserved,True
1800,101,Nia,care duty,recover focus,True,False,care duty -> recover focus by interrupt_work,resident boundary respected,True
1801,101,Ari,private task,recover focus,False,True,private task -> recover focus by wait_offscreen,agency preserved,True
1802,101,Fay,recover focus,work,True,False,recover focus -> work by repair_trust,agency preserved,True
1803,101,Milo,work,rest,False,False,work -> rest by move,agency preserved,True
1804,101,Sera,rest,negotiate debt,False,False,rest -> negotiate debt by talk,agency preserved,True
1805,101,Tovan,negotiate debt,seek tool,True,False,negotiate debt -> seek tool by offer_help,agency preserved,True
1806,101,Nia,seek tool,private task,True,False,seek tool -> private task by borrow_tool,agency preserved,True
1807,101,Ari,care duty,private task,True,False,care duty -> private task by return_tool,agency preserved,True
1808,101,Fay,private task,work,True,False,private task -> work by interrupt_work,resident boundary respected,True
1809,101,Milo,recover focus,work,False,True,recover focus -> work by wait_offscreen,agency preserved,True
1810,101,Sera,work,rest,True,False,work -> rest by repair_trust,agency preserved,True
1811,101,Tovan,rest,negotiate debt,False,False,rest -> negotiate debt by move,agency preserved,True
1812,101,Nia,negotiate debt,seek tool,False,False,negotiate debt -> seek tool by talk,agency preserved,True
1813,101,Ari,seek tool,care duty,True,False,seek tool -> care duty by offer_help,agency preserved,True
1814,101,Fay,care duty,recover focus,True,False,care duty -> recover focus by borrow_tool,agency preserved,True
1815,101,Milo,private task,recover focus,True,False,private task -> recover focus by return_tool,agency preserved,True
1816,101,Sera,recover focus,rest,True,False,recover focus -> rest by interrupt_work,resident boundary respected,True
1817,101,Tovan,work,rest,False,True,work -> rest by wait_offscreen,agency preserved,True
1818,102,Nia,negotiate debt,seek tool,False,False,negotiate debt -> seek tool by move,agency preserved,True
1819,102,Ari,seek tool,care duty,False,False,seek tool -> care duty by talk,agency preserved,True
1820,102,Fay,care duty,private task,True,False,care duty -> private task by offer_help,agency preserved,True
1821,102,Milo,private task,work,True,False,private task -> work by borrow_tool,agency preserved,True
1822,102,Sera,recover focus,work,True,False,recover focus -> work by return_tool,agency preserved,True
1823,102,Tovan,work,negotiate debt,True,False,work -> negotiate debt by interrupt_work,agency preserved,True
1824,102,Nia,rest,negotiate debt,False,True,rest -> negotiate debt by wait_offscreen,agency preserved,True
1825,102,Ari,negotiate debt,seek tool,True,False,negotiate debt -> seek tool by repair_trust,agency preserved,True
1826,102,Fay,seek tool,care duty,False,False,seek tool -> care duty by move,agency preserved,True
1827,102,Milo,care duty,private task,False,False,care duty -> private task by talk,agency preserved,True
1828,102,Sera,private task,recover focus,True,False,private task -> recover focus by offer_help,agency preserved,True
1829,102,Tovan,recover focus,rest,True,False,recover focus -> rest by borrow_tool,agency preserved,True
1830,102,Nia,work,rest,True,False,work -> rest by return_tool,agency preserved,True
1831,102,Ari,rest,seek tool,True,False,rest -> seek tool by interrupt_work,agency preserved,True
1832,102,Fay,negotiate debt,seek tool,False,True,negotiate debt -> seek tool by wait_offscreen,agency preserved,True
1833,102,Milo,seek tool,care duty,True,False,seek tool -> care duty by repair_trust,agency preserved,True
1834,102,Sera,care duty,private task,False,False,care duty -> private task by move,agency preserved,True
1835,102,Tovan,private task,recover focus,False,False,private task -> recover focus by talk,agency preserved,True
1836,103,Nia,work,negotiate debt,True,False,work -> negotiate debt by borrow_tool,resident boundary respected,True
1837,103,Ari,rest,negotiate debt,True,False,rest -> negotiate debt by return_tool,agency preserved,True
1838,103,Fay,negotiate debt,care duty,True,False,negotiate debt -> care duty by interrupt_work,agency preserved,True
1839,103,Milo,seek tool,care duty,False,True,seek tool -> care duty by wait_offscreen,agency preserved,True
1840,103,Sera,care duty,private task,True,False,care duty -> private task by repair_trust,agency preserved,True
1841,103,Tovan,private task,recover focus,False,False,private task -> recover focus by move,agency preserved,True
1842,103,Nia,recover focus,work,False,False,recover focus -> work by talk,agency preserved,True
1843,103,Ari,work,rest,True,False,work -> rest by offer_help,agency preserved,True
1844,103,Fay,rest,seek tool,True,False,rest -> seek tool by borrow_tool,resident boundary respected,True
1845,103,Milo,negotiate debt,seek tool,True,False,negotiate debt -> seek tool by return_tool,agency preserved,True
1846,103,Sera,seek tool,private task,True,False,seek tool -> private task by interrupt_work,agency preserved,True
1847,103,Tovan,care duty,private task,False,True,care duty -> private task by wait_offscreen,agency preserved,True
1848,103,Nia,private task,recover focus,True,False,private task -> recover focus by repair_trust,agency preserved,True
1849,103,Ari,recover focus,work,False,False,recover focus -> work by move,agency preserved,True
1850,103,Fay,work,rest,False,False,work -> rest by talk,agency preserved,True
1851,103,Milo,rest,negotiate debt,True,False,rest -> negotiate debt by offer_help,agency preserved,True
1852,103,Sera,negotiate debt,care duty,True,False,negotiate debt -> care duty by borrow_tool,resident boundary respected,True
1853,103,Tovan,seek tool,care duty,True,False,seek tool -> care duty by return_tool,agency preserved,True
1854,104,Nia,private task,recover focus,False,True,private task -> recover focus by wait_offscreen,agency preserved,True
1855,104,Ari,recover focus,work,True,False,recover focus -> work by repair_trust,agency preserved,True
1856,104,Fay,work,rest,False,False,work -> rest by move,agency preserved,True
1857,104,Milo,rest,negotiate debt,False,False,rest -> negotiate debt by talk,agency preserved,True
1858,104,Sera,negotiate debt,seek tool,True,False,negotiate debt -> seek tool by offer_help,agency preserved,True
1859,104,Tovan,seek tool,private task,True,False,seek tool -> private task by borrow_tool,agency preserved,True
1860,104,Nia,care duty,private task,True,False,care duty -> private task by return_tool,agency preserved,True
1861,104,Ari,private task,work,True,False,private task -> work by interrupt_work,agency preserved,True
1862,104,Fay,recover focus,work,False,True,recover focus -> work by wait_offscreen,agency preserved,True
1863,104,Milo,work,rest,True,False,work -> rest by repair_trust,agency preserved,True
1864,104,Sera,rest,negotiate debt,False,False,rest -> negotiate debt by move,agency preserved,True
1865,104,Tovan,negotiate debt,seek tool,False,False,negotiate debt -> seek tool by talk,agency preserved,True
1866,104,Nia,seek tool,care duty,True,False,seek tool -> care duty by offer_help,agency preserved,True
1867,104,Ari,care duty,recover focus,True,False,care duty -> recover focus by borrow_tool,agency preserved,True
1868,104,Fay,private task,recover focus,True,False,private task -> recover focus by return_tool,agency preserved,True
1869,104,Milo,recover focus,rest,True,False,recover focus -> rest by interrupt_work,agency preserved,True
1870,104,Sera,work,rest,False,True,work -> rest by wait_offscreen,agency preserved,True
1871,104,Tovan,rest,negotiate debt,True,True,rest -> negotiate debt by repair_trust,agency preserved,True
1872,105,Nia,seek tool,care duty,False,False,seek tool -> care duty by talk,agency preserved,True
1873,105,Ari,care duty,private task,True,False,care duty -> private task by offer_help,agency preserved,True
1874,105,Fay,private task,work,True,False,private task -> work by borrow_tool,agency preserved,True
1875,105,Milo,recover focus,work,True,False,recover focus -> work by return_tool,agency preserved,True
1876,105,Sera,work,negotiate debt,True,False,work -> negotiate debt by interrupt_work,resident boundary respected,True
1877,105,Tovan,rest,negotiate debt,False,True,rest -> negotiate debt by wait_offscreen,agency preserved,True
1878,105,Nia,negotiate debt,seek tool,True,False,negotiate debt -> seek tool by repair_trust,agency preserved,True
1879,105,Ari,seek tool,care duty,False,False,seek tool -> care duty by move,agency preserved,True
1880,105,Fay,care duty,private task,False,False,care duty -> private task by talk,agency preserved,True
1881,105,Milo,private task,recover focus,True,False,private task -> recover focus by offer_help,agency preserved,True
1882,105,Sera,recover focus,rest,True,False,recover focus -> rest by borrow_tool,agency preserved,True
1883,105,Tovan,work,rest,True,False,work -> rest by return_tool,agency preserved,True
1884,105,Nia,rest,seek tool,True,False,rest -> seek tool by interrupt_work,resident boundary respected,True
1885,105,Ari,negotiate debt,seek tool,False,True,negotiate debt -> seek tool by wait_offscreen,agency preserved,True
1886,105,Fay,seek tool,care duty,True,False,seek tool -> care duty by repair_trust,agency preserved,True
1887,105,Milo,care duty,private task,False,False,care duty -> private task by move,agency preserved,True
1888,105,Sera,private task,recover focus,False,False,private task -> recover focus by talk,agency preserved,True
1889,105,Tovan,recover focus,work,True,False,recover focus -> work by offer_help,agency preserved,True
1890,106,Nia,rest,negotiate debt,True,False,rest -> negotiate debt by return_tool,agency preserved,True
1891,106,Ari,negotiate debt,care duty,True,False,negotiate debt -> care duty by interrupt_work,agency preserved,True
1892,106,Fay,seek tool,care duty,False,True,seek tool -> care duty by wait_offscreen,agency preserved,True
1893,106,Milo,care duty,private task,True,False,care duty -> private task by repair_trust,agency preserved,True
1894,106,Sera,private task,recover focus,False,False,private task -> recover focus by move,agency preserved,True
1895,106,Tovan,recover focus,work,False,False,recover focus -> work by talk,agency preserved,True
1896,106,Nia,work,rest,True,False,work -> rest by offer_help,agency preserved,True
1897,106,Ari,rest,seek tool,True,False,rest -> seek tool by borrow_tool,agency preserved,True
1898,106,Fay,negotiate debt,seek tool,True,False,negotiate debt -> seek tool by return_tool,agency preserved,True
1899,106,Milo,seek tool,private task,True,False,seek tool -> private task by interrupt_work,agency preserved,True
1900,106,Sera,care duty,private task,False,True,care duty -> private task by wait_offscreen,agency preserved,True
1901,106,Tovan,private task,recover focus,True,False,private task -> recover focus by repair_trust,agency preserved,True
1902,106,Nia,recover focus,work,False,False,recover focus -> work by move,agency preserved,True
1903,106,Ari,work,rest,False,False,work -> rest by talk,agency preserved,True
1904,106,Fay,rest,negotiate debt,True,False,rest -> negotiate debt by offer_help,agency preserved,True
1905,106,Milo,negotiate debt,care duty,True,False,negotiate debt -> care duty by borrow_tool,agency preserved,True
1906,106,Sera,seek tool,care duty,True,False,seek tool -> care duty by return_tool,agency preserved,True
1907,106,Tovan,care duty,recover focus,True,False,care duty -> recover focus by interrupt_work,agency preserved,True
1908,107,Nia,recover focus,work,True,False,recover focus -> work by repair_trust,agency preserved,True
1909,107,Ari,work,rest,False,False,work -> rest by move,agency preserved,True
1910,107,Fay,rest,negotiate debt,False,False,rest -> negotiate debt by talk,agency preserved,True
1911,107,Milo,negotiate debt,seek tool,True,False,negotiate debt -> seek tool by offer_help,agency preserved,True
1912,107,Sera,seek tool,private task,True,False,seek tool -> private task by borrow_tool,resident boundary respected,True
1913,107,Tovan,care duty,private task,True,False,care duty -> private task by return_tool,agency preserved,True
1914,107,Nia,private task,work,True,False,private task -> work by interrupt_work,agency preserved,True
1915,107,Ari,recover focus,work,False,True,recover focus -> work by wait_offscreen,agency preserved,True
1916,107,Fay,work,rest,True,False,work -> rest by repair_trust,agency preserved,True
1917,107,Milo,rest,negotiate debt,False,False,rest -> negotiate debt by move,agency preserved,True
1918,107,Sera,negotiate debt,seek tool,False,False,negotiate debt -> seek tool by talk,agency preserved,True
1919,107,Tovan,seek tool,care duty,True,False,seek tool -> care duty by offer_help,agency preserved,True
1920,107,Nia,care duty,recover focus,True,False,care duty -> recover focus by borrow_tool,resident boundary respected,True
1921,107,Ari,private task,recover focus,True,False,private task -> recover focus by return_tool,agency preserved,True
1922,107,Fay,recover focus,rest,True,False,recover focus -> rest by interrupt_work,agency preserved,True
1923,107,Milo,work,rest,False,True,work -> rest by wait_offscreen,agency preserved,True
1924,107,Sera,rest,negotiate debt,True,False,rest -> negotiate debt by repair_trust,agency preserved,True
1925,107,Tovan,negotiate debt,seek tool,False,False,negotiate debt -> seek tool by move,agency preserved,True
1926,108,Nia,care duty,private task,True,True,care duty -> private task by offer_help,agency preserved,True
1927,108,Ari,private task,work,True,False,private task -> work by borrow_tool,agency preserved,True
1928,108,Fay,recover focus,work,True,False,recover focus -> work by return_tool,agency preserved,True
1929,108,Milo,work,negotiate debt,True,False,work -> negotiate debt by interrupt_work,agency preserved,True
1930,108,Sera,rest,negotiate debt,False,True,rest -> negotiate debt by wait_offscreen,agency preserved,True
1931,108,Tovan,negotiate debt,seek tool,True,False,negotiate debt -> seek tool by repair_trust,agency preserved,True
1932,108,Nia,seek tool,care duty,False,False,seek tool -> care duty by move,agency preserved,True
1933,108,Ari,care duty,private task,False,False,care duty -> private task by talk,agency preserved,True
1934,108,Fay,private task,recover focus,True,False,private task -> recover focus by offer_help,agency preserved,True
1935,108,Milo,recover focus,rest,True,False,recover focus -> rest by borrow_tool,agency preserved,True
1936,108,Sera,work,rest,True,False,work -> rest by return_tool,agency preserved,True
1937,108,Tovan,rest,seek tool,True,False,rest -> seek tool by interrupt_work,agency preserved,True
1938,108,Nia,negotiate debt,seek tool,False,True,negotiate debt -> seek tool by wait_offscreen,agency preserved,True
1939,108,Ari,seek tool,care duty,True,False,seek tool -> care duty by repair_trust,agency preserved,True
1940,108,Fay,care duty,private task,False,False,care duty -> private task by move,agency preserved,True
1941,108,Milo,private task,recover focus,False,False,private task -> recover focus by talk,agency preserved,True
1942,108,Sera,recover focus,work,True,False,recover focus -> work by offer_help,agency preserved,True
1943,108,Tovan,work,negotiate debt,True,True,work -> negotiate debt by borrow_tool,agency preserved,True
1944,109,Nia,negotiate debt,care duty,True,False,negotiate debt -> care duty by interrupt_work,resident boundary respected,True
1945,109,Ari,seek tool,care duty,False,True,seek tool -> care duty by wait_offscreen,agency preserved,True
1946,109,Fay,care duty,private task,True,False,care duty -> private task by repair_trust,agency preserved,True
1947,109,Milo,private task,recover focus,False,False,private task -> recover focus by move,agency preserved,True
1948,109,Sera,recover focus,work,False,False,recover focus -> work by talk,agency preserved,True
1949,109,Tovan,work,rest,True,False,work -> rest by offer_help,agency preserved,True
1950,109,Nia,rest,seek tool,True,False,rest -> seek tool by borrow_tool,agency preserved,True
1951,109,Ari,negotiate debt,seek tool,True,False,negotiate debt -> seek tool by return_tool,agency preserved,True
1952,109,Fay,seek tool,private task,True,False,seek tool -> private task by interrupt_work,resident boundary respected,True
1953,109,Milo,care duty,private task,False,True,care duty -> private task by wait_offscreen,agency preserved,True
1954,109,Sera,private task,recover focus,True,False,private task -> recover focus by repair_trust,agency preserved,True
1955,109,Tovan,recover focus,work,False,False,recover focus -> work by move,agency preserved,True
1956,109,Nia,work,rest,False,False,work -> rest by talk,agency preserved,True
1957,109,Ari,rest,negotiate debt,True,False,rest -> negotiate debt by offer_help,agency preserved,True
1958,109,Fay,negotiate debt,care duty,True,False,negotiate debt -> care duty by borrow_tool,agency preserved,True
1959,109,Milo,seek tool,care duty,True,False,seek tool -> care duty by return_tool,agency preserved,True
1960,109,Sera,care duty,recover focus,True,False,care duty -> recover focus by interrupt_work,resident boundary respected,True
1961,109,Tovan,private task,recover focus,False,True,private task -> recover focus by wait_offscreen,agency preserved,True
1962,110,Nia,work,rest,False,False,work -> rest by move,agency preserved,True
1963,110,Ari,rest,negotiate debt,False,False,rest -> negotiate debt by talk,agency preserved,True
1964,110,Fay,negotiate debt,seek tool,True,False,negotiate debt -> seek tool by offer_help,agency preserved,True
1965,110,Milo,seek tool,private task,True,False,seek tool -> private task by borrow_tool,agency preserved,True
1966,110,Sera,care duty,private task,True,False,care duty -> private task by return_tool,agency preserved,True
1967,110,Tovan,private task,work,True,False,private task -> work by interrupt_work,agency preserved,True
1968,110,Nia,recover focus,work,False,True,recover focus -> work by wait_offscreen,agency preserved,True
1969,110,Ari,work,rest,True,False,work -> rest by repair_trust,agency preserved,True
1970,110,Fay,rest,negotiate debt,False,False,rest -> negotiate debt by move,agency preserved,True
1971,110,Milo,negotiate debt,seek tool,False,False,negotiate debt -> seek tool by talk,agency preserved,True
1972,110,Sera,seek tool,care duty,True,False,seek tool -> care duty by offer_help,agency preserved,True
1973,110,Tovan,care duty,recover focus,True,False,care duty -> recover focus by borrow_tool,agency preserved,True
1974,110,Nia,private task,recover focus,True,False,private task -> recover focus by return_tool,agency preserved,True
1975,110,Ari,recover focus,rest,True,False,recover focus -> rest by interrupt_work,agency preserved,True
1976,110,Fay,work,rest,False,True,work -> rest by wait_offscreen,agency preserved,True
1977,110,Milo,rest,negotiate debt,True,False,rest -> negotiate debt by repair_trust,agency preserved,True
1978,110,Sera,negotiate debt,seek tool,False,False,negotiate debt -> seek tool by move,agency preserved,True
1979,110,Tovan,seek tool,care duty,False,False,seek tool -> care duty by talk,agency preserved,True
1980,111,Nia,private task,work,True,False,private task -> work by borrow_tool,resident boundary respected,True
1981,111,Ari,recover focus,work,True,False,recover focus -> work by return_tool,agency preserved,True
1982,111,Fay,work,negotiate debt,True,False,work -> negotiate debt by interrupt_work,agency preserved,True
1983,111,Milo,rest,negotiate debt,False,True,rest -> negotiate debt by wait_offscreen,agency preserved,True
1984,111,Sera,negotiate debt,seek tool,True,False,negotiate debt -> seek tool by repair_trust,agency preserved,True
1985,111,Tovan,seek tool,care duty,False,False,seek tool -> care duty by move,agency preserved,True
1986,111,Nia,care duty,private task,False,False,care duty -> private task by talk,agency preserved,True
1987,111,Ari,private task,recover focus,True,False,private task -> recover focus by offer_help,agency preserved,True
1988,111,Fay,recover focus,rest,True,False,recover focus -> rest by borrow_tool,resident boundary respected,True
1989,111,Milo,work,rest,True,False,work -> rest by return_tool,agency preserved,True
1990,111,Sera,rest,seek tool,True,False,rest -> seek tool by interrupt_work,agency preserved,True
1991,111,Tovan,negotiate debt,seek tool,False,True,negotiate debt -> seek tool by wait_offscreen,agency preserved,True
1992,111,Nia,seek tool,care duty,True,False,seek tool -> care duty by repair_trust,agency preserved,True
1993,111,Ari,care duty,private task,False,False,care duty -> private task by move,agency preserved,True
1994,111,Fay,private task,recover focus,False,False,private task -> recover focus by talk,agency preserved,True
1995,111,Milo,recover focus,work,True,False,recover focus -> work by offer_help,agency preserved,True
1996,111,Sera,work,negotiate debt,True,False,work -> negotiate debt by borrow_tool,resident boundary respected,True
1997,111,Tovan,rest,negotiate debt,True,False,rest -> negotiate debt by return_tool,agency preserved,True
1998,112,Nia,seek tool,care duty,False,True,seek tool -> care duty by wait_offscreen,agency preserved,True
1999,112,Ari,care duty,private task,True,False,care duty -> private task by repair_trust,agency preserved,True
2000,112,Fay,private task,recover focus,False,False,private task -> recover focus by move,agency preserved,True
2001,112,Milo,recover focus,work,False,False,recover focus -> work by talk,agency preserved,True
2002,112,Sera,work,rest,True,False,work -> rest by offer_help,agency preserved,True
2003,112,Tovan,rest,seek tool,True,False,rest -> seek tool by borrow_tool,agency preserved,True
2004,112,Nia,negotiate debt,seek tool,True,False,negotiate debt -> seek tool by return_tool,agency preserved,True
2005,112,Ari,seek tool,private task,True,False,seek tool -> private task by interrupt_work,agency preserved,True
2006,112,Fay,care duty,private task,False,True,care duty -> private task by wait_offscreen,agency preserved,True
2007,112,Milo,private task,recover focus,True,False,private task -> recover focus by repair_trust,agency preserved,True
2008,112,Sera,recover focus,work,False,False,recover focus -> work by move,agency preserved,True
2009,112,Tovan,work,rest,False,False,work -> rest by talk,agency preserved,True
2010,112,Nia,rest,negotiate debt,True,False,rest -> negotiate debt by offer_help,agency preserved,True
2011,112,Ari,negotiate debt,care duty,True,False,negotiate debt -> care duty by borrow_tool,agency preserved,True
2012,112,Fay,seek tool,care duty,True,False,seek tool -> care duty by return_tool,agency preserved,True
2013,112,Milo,care duty,recover focus,True,False,care duty -> recover focus by interrupt_work,agency preserved,True
2014,112,Sera,private task,recover focus,False,True,private task -> recover focus by wait_offscreen,agency preserved,True
2015,112,Tovan,recover focus,work,True,True,recover focus -> work by repair_trust,agency preserved,True
2016,113,Nia,rest,negotiate debt,False,False,rest -> negotiate debt by talk,agency preserved,True
2017,113,Ari,negotiate debt,seek tool,True,False,negotiate debt -> seek tool by offer_help,agency preserved,True
2018,113,Fay,seek tool,private task,True,False,seek tool -> private task by borrow_tool,agency preserved,True
2019,113,Milo,care duty,private task,True,False,care duty -> private task by return_tool,agency preserved,True
2020,113,Sera,private task,work,True,False,private task -> work by interrupt_work,resident boundary respected,True
2021,113,Tovan,recover focus,work,False,True,recover focus -> work by wait_offscreen,agency preserved,True
2022,113,Nia,work,rest,True,False,work -> rest by repair_trust,agency preserved,True
2023,113,Ari,rest,negotiate debt,False,False,rest -> negotiate debt by move,agency preserved,True
2024,113,Fay,negotiate debt,seek tool,False,False,negotiate debt -> seek tool by talk,agency preserved,True
2025,113,Milo,seek tool,care duty,True,False,seek tool -> care duty by offer_help,agency preserved,True
2026,113,Sera,care duty,recover focus,True,False,care duty -> recover focus by borrow_tool,agency preserved,True
2027,113,Tovan,private task,recover focus,True,False,private task -> recover focus by return_tool,agency preserved,True
2028,113,Nia,recover focus,rest,True,False,recover focus -> rest by interrupt_work,resident boundary respected,True
2029,113,Ari,work,rest,False,True,work -> rest by wait_offscreen,agency preserved,True
2030,113,Fay,rest,negotiate debt,True,False,rest -> negotiate debt by repair_trust,agency preserved,True
2031,113,Milo,negotiate debt,seek tool,False,False,negotiate debt -> seek tool by move,agency preserved,True
2032,113,Sera,seek tool,care duty,False,False,seek tool -> care duty by talk,agency preserved,True
2033,113,Tovan,care duty,private task,True,False,care duty -> private task by offer_help,agency preserved,True
2034,114,Nia,recover focus,work,True,False,recover focus -> work by return_tool,agency preserved,True
2035,114,Ari,work,negotiate debt,True,False,work -> negotiate debt by interrupt_work,agency preserved,True
2036,114,Fay,rest,negotiate debt,False,True,rest -> negotiate debt by wait_offscreen,agency preserved,True
2037,114,Milo,negotiate debt,seek tool,True,False,negotiate debt -> seek tool by repair_trust,agency preserved,True
2038,114,Sera,seek tool,care duty,False,False,seek tool -> care duty by move,agency preserved,True
2039,114,Tovan,care duty,private task,False,False,care duty -> private task by talk,agency preserved,True
2040,114,Nia,private task,recover focus,True,False,private task -> recover focus by offer_help,agency preserved,True
2041,114,Ari,recover focus,rest,True,False,recover focus -> rest by borrow_tool,agency preserved,True
2042,114,Fay,work,rest,True,False,work -> rest by return_tool,agency preserved,True
2043,114,Milo,rest,seek tool,True,False,rest -> seek tool by interrupt_work,agency preserved,True
2044,114,Sera,negotiate debt,seek tool,False,True,negotiate debt -> seek tool by wait_offscreen,agency preserved,True
2045,114,Tovan,seek tool,care duty,True,False,seek tool -> care duty by repair_trust,agency preserved,True
2046,114,Nia,care duty,private task,False,False,care duty -> private task by move,agency preserved,True
2047,114,Ari,private task,recover focus,False,False,private task -> recover focus by talk,agency preserved,True
2048,114,Fay,recover focus,work,True,False,recover focus -> work by offer_help,agency preserved,True
2049,114,Milo,work,negotiate debt,True,False,work -> negotiate debt by borrow_tool,agency preserved,True
2050,114,Sera,rest,negotiate debt,True,False,rest -> negotiate debt by return_tool,agency preserved,True
2051,114,Tovan,negotiate debt,care duty,True,False,negotiate debt -> care duty by interrupt_work,agency preserved,True
2052,115,Nia,care duty,private task,True,False,care duty -> private task by repair_trust,agency preserved,True
2053,115,Ari,private task,recover focus,False,False,private task -> recover focus by move,agency preserved,True
2054,115,Fay,recover focus,work,False,False,recover focus -> work by talk,agency preserved,True
2055,115,Milo,work,rest,True,False,work -> rest by offer_help,agency preserved,True
2056,115,Sera,rest,seek tool,True,False,rest -> seek tool by borrow_tool,resident boundary respected,True
2057,115,Tovan,negotiate debt,seek tool,True,False,negotiate debt -> seek tool by return_tool,agency preserved,True
2058,115,Nia,seek tool,private task,True,False,seek tool -> private task by interrupt_work,agency preserved,True
2059,115,Ari,care duty,private task,False,True,care duty -> private task by wait_offscreen,agency preserved,True
2060,115,Fay,private task,recover focus,True,False,private task -> recover focus by repair_trust,agency preserved,True
2061,115,Milo,recover focus,work,False,False,recover focus -> work by move,agency preserved,True
2062,115,Sera,work,rest,False,False,work -> rest by talk,agency preserved,True
2063,115,Tovan,rest,negotiate debt,True,False,rest -> negotiate debt by offer_help,agency preserved,True
2064,115,Nia,negotiate debt,care duty,True,False,negotiate debt -> care duty by borrow_tool,resident boundary respected,True
2065,115,Ari,seek tool,care duty,True,False,seek tool -> care duty by return_tool,agency preserved,True
2066,115,Fay,care duty,recover focus,True,False,care duty -> recover focus by interrupt_work,agency preserved,True
2067,115,Milo,private task,recover focus,False,True,private task -> recover focus by wait_offscreen,agency preserved,True
2068,115,Sera,recover focus,work,True,False,recover focus -> work by repair_trust,agency preserved,True
2069,115,Tovan,work,rest,False,False,work -> rest by move,agency preserved,True
2070,116,Nia,negotiate debt,seek tool,True,True,negotiate debt -> seek tool by offer_help,agency preserved,True
2071,116,Ari,seek tool,private task,True,False,seek tool -> private task by borrow_tool,agency preserved,True
2072,116,Fay,care duty,private task,True,False,care duty -> private task by return_tool,agency preserved,True
2073,116,Milo,private task,work,True,False,private task -> work by interrupt_work,agency preserved,True
2074,116,Sera,recover focus,work,False,True,recover focus -> work by wait_offscreen,agency preserved,True
2075,116,Tovan,work,rest,True,False,work -> rest by repair_trust,agency preserved,True
2076,116,Nia,rest,negotiate debt,False,False,rest -> negotiate debt by move,agency preserved,True
2077,116,Ari,negotiate debt,seek tool,False,False,negotiate debt -> seek tool by talk,agency preserved,True
2078,116,Fay,seek tool,care duty,True,False,seek tool -> care duty by offer_help,agency preserved,True
2079,116,Milo,care duty,recover focus,True,False,care duty -> recover focus by borrow_tool,agency preserved,True
2080,116,Sera,private task,recover focus,True,False,private task -> recover focus by return_tool,agency preserved,True
2081,116,Tovan,recover focus,rest,True,False,recover focus -> rest by interrupt_work,agency preserved,True
2082,116,Nia,work,rest,False,True,work -> rest by wait_offscreen,agency preserved,True
2083,116,Ari,rest,negotiate debt,True,False,rest -> negotiate debt by repair_trust,agency preserved,True
2084,116,Fay,negotiate debt,seek tool,False,False,negotiate debt -> seek tool by move,agency preserved,True
2085,116,Milo,seek tool,care duty,False,False,seek tool -> care duty by talk,agency preserved,True
2086,116,Sera,care duty,private task,True,False,care duty -> private task by offer_help,agency preserved,True
2087,116,Tovan,private task,work,True,True,private task -> work by borrow_tool,agency preserved,True
2088,117,Nia,work,negotiate debt,True,False,work -> negotiate debt by interrupt_work,resident boundary respected,True
2089,117,Ari,rest,negotiate debt,False,True,rest -> negotiate debt by wait_offscreen,agency preserved,True
2090,117,Fay,negotiate debt,seek tool,True,False,negotiate debt -> seek tool by repair_trust,agency preserved,True
2091,117,Milo,seek tool,care duty,False,False,seek tool -> care duty by move,agency preserved,True
2092,117,Sera,care duty,private task,False,False,care duty -> private task by talk,agency preserved,True
2093,117,Tovan,private task,recover focus,True,False,private task -> recover focus by offer_help,agency preserved,True
2094,117,Nia,recover focus,rest,True,False,recover focus -> rest by borrow_tool,agency preserved,True
2095,117,Ari,work,rest,True,False,work -> rest by return_tool,agency preserved,True
2096,117,Fay,rest,seek tool,True,False,rest -> seek tool by interrupt_work,resident boundary respected,True
2097,117,Milo,negotiate debt,seek tool,False,True,negotiate debt -> seek tool by wait_offscreen,agency preserved,True
2098,117,Sera,seek tool,care duty,True,False,seek tool -> care duty by repair_trust,agency preserved,True
2099,117,Tovan,care duty,private task,False,False,care duty -> private task by move,agency preserved,True
2100,117,Nia,private task,recover focus,False,False,private task -> recover focus by talk,agency preserved,True
2101,117,Ari,recover focus,work,True,False,recover focus -> work by offer_help,agency preserved,True
2102,117,Fay,work,negotiate debt,True,False,work -> negotiate debt by borrow_tool,agency preserved,True
2103,117,Milo,rest,negotiate debt,True,False,rest -> negotiate debt by return_tool,agency preserved,True
2104,117,Sera,negotiate debt,care duty,True,False,negotiate debt -> care duty by interrupt_work,resident boundary respected,True
2105,117,Tovan,seek tool,care duty,False,True,seek tool -> care duty by wait_offscreen,agency preserved,True
2106,118,Nia,private task,recover focus,False,False,private task -> recover focus by move,agency preserved,True
2107,118,Ari,recover focus,work,False,False,recover focus -> work by talk,agency preserved,True
2108,118,Fay,work,rest,True,False,work -> rest by offer_help,agency preserved,True
2109,118,Milo,rest,seek tool,True,False,rest -> seek tool by borrow_tool,agency preserved,True
2110,118,Sera,negotiate debt,seek tool,True,False,negotiate debt -> seek tool by return_tool,agency preserved,True
2111,118,Tovan,seek tool,private task,True,False,seek tool -> private task by interrupt_work,agency preserved,True
2112,118,Nia,care duty,private task,False,True,care duty -> private task by wait_offscreen,agency preserved,True
2113,118,Ari,private task,recover focus,True,False,private task -> recover focus by repair_trust,agency preserved,True
2114,118,Fay,recover focus,work,False,False,recover focus -> work by move,agency preserved,True
2115,118,Milo,work,rest,False,False,work -> rest by talk,agency preserved,True
2116,118,Sera,rest,negotiate debt,True,False,rest -> negotiate debt by offer_help,agency preserved,True
2117,118,Tovan,negotiate debt,care duty,True,False,negotiate debt -> care duty by borrow_tool,agency preserved,True
2118,118,Nia,seek tool,care duty,True,False,seek tool -> care duty by return_tool,agency preserved,True
2119,118,Ari,care duty,recover focus,True,False,care duty -> recover focus by interrupt_work,agency preserved,True
2120,118,Fay,private task,recover focus,False,True,private task -> recover focus by wait_offscreen,agency preserved,True
2121,118,Milo,recover focus,work,True,False,recover focus -> work by repair_trust,agency preserved,True
2122,118,Sera,work,rest,False,False,work -> rest by move,agency preserved,True
2123,118,Tovan,rest,negotiate debt,False,False,rest -> negotiate debt by talk,agency preserved,True
2124,119,Nia,seek tool,private task,True,False,seek tool -> private task by borrow_tool,resident boundary respected,True
2125,119,Ari,care duty,private task,True,False,care duty -> private task by return_tool,agency preserved,True
2126,119,Fay,private task,work,True,False,private task -> work by interrupt_work,agency preserved,True
2127,119,Milo,recover focus,work,False,True,recover focus -> work by wait_offscreen,agency preserved,True
2128,119,Sera,work,rest,True,False,work -> rest by repair_trust,agency preserved,True
2129,119,Tovan,rest,negotiate debt,False,False,rest -> negotiate debt by move,agency preserved,True
2130,119,Nia,negotiate debt,seek tool,False,False,negotiate debt -> seek tool by talk,agency preserved,True
2131,119,Ari,seek tool,care duty,True,False,seek tool -> care duty by offer_help,agency preserved,True
2132,119,Fay,care duty,recover focus,True,False,care duty -> recover focus by borrow_tool,resident boundary respected,True
2133,119,Milo,private task,recover focus,True,False,private task -> recover focus by return_tool,agency preserved,True
2134,119,Sera,recover focus,rest,True,False,recover focus -> rest by interrupt_work,agency preserved,True
2135,119,Tovan,work,rest,False,True,work -> rest by wait_offscreen,agency preserved,True
2136,119,Nia,rest,negotiate debt,True,False,rest -> negotiate debt by repair_trust,agency preserved,True
2137,119,Ari,negotiate debt,seek tool,False,False,negotiate debt -> seek tool by move,agency preserved,True
2138,119,Fay,seek tool,care duty,False,False,seek tool -> care duty by talk,agency preserved,True
2139,119,Milo,care duty,private task,True,False,care duty -> private task by offer_help,agency preserved,True
2140,119,Sera,private task,work,True,False,private task -> work by borrow_tool,resident boundary respected,True
2141,119,Tovan,recover focus,work,True,False,recover focus -> work by return_tool,agency preserved,True
2142,120,Nia,rest,negotiate debt,False,True,rest -> negotiate debt by wait_offscreen,agency preserved,True
2143,120,Ari,negotiate debt,seek tool,True,False,negotiate debt -> seek tool by repair_trust,agency preserved,True
2144,120,Fay,seek tool,care duty,False,False,seek tool -> care duty by move,agency preserved,True
2145,120,Milo,care duty,private task,False,False,care duty -> private task by talk,agency preserved,True
2146,120,Sera,private task,recover focus,True,False,private task -> recover focus by offer_help,agency preserved,True
2147,120,Tovan,recover focus,rest,True,False,recover focus -> rest by borrow_tool,agency preserved,True
2148,120,Nia,work,rest,True,False,work -> rest by return_tool,agency preserved,True
2149,120,Ari,rest,seek tool,True,False,rest -> seek tool by interrupt_work,agency preserved,True
2150,120,Fay,negotiate debt,seek tool,False,True,negotiate debt -> seek tool by wait_offscreen,agency preserved,True
2151,120,Milo,seek tool,care duty,True,False,seek tool -> care duty by repair_trust,agency preserved,True
2152,120,Sera,care duty,private task,False,False,care duty -> private task by move,agency preserved,True
2153,120,Tovan,private task,recover focus,False,False,private task -> recover focus by talk,agency preserved,True
2154,120,Nia,recover focus,work,True,False,recover focus -> work by offer_help,agency preserved,True
2155,120,Ari,work,negotiate debt,True,False,work -> negotiate debt by borrow_tool,agency preserved,True
2156,120,Fay,rest,negotiate debt,True,False,rest -> negotiate debt by return_tool,agency preserved,True
2157,120,Milo,negotiate debt,care duty,True,False,negotiate debt -> care duty by interrupt_work,agency preserved,True
2158,120,Sera,seek tool,care duty,False,True,seek tool -> care duty by wait_offscreen,agency preserved,True
2159,120,Tovan,care duty,private task,True,True,care duty -> private task by repair_trust,agency preserved,True
2160,121,Nia,recover focus,work,False,False,recover focus -> work by talk,agency preserved,True
2161,121,Ari,work,rest,True,False,work -> rest by offer_help,agency preserved,True
2162,121,Fay,rest,seek tool,True,False,rest -> seek tool by borrow_tool,agency preserved,True
2163,121,Milo,negotiate debt,seek tool,True,False,negotiate debt -> seek tool by return_tool,agency preserved,True
2164,121,Sera,seek tool,private task,True,False,seek tool -> private task by interrupt_work,resident boundary respected,True
2165,121,Tovan,care duty,private task,False,True,care duty -> private task by wait_offscreen,agency preserved,True
2166,121,Nia,private task,recover focus,True,False,private task -> recover focus by repair_trust,agency preserved,True
2167,121,Ari,recover focus,work,False,False,recover focus -> work by move,agency preserved,True
2168,121,Fay,work,rest,False,False,work -> rest by talk,agency preserved,True
2169,121,Milo,rest,negotiate debt,True,False,rest -> negotiate debt by offer_help,agency preserved,True
2170,121,Sera,negotiate debt,care duty,True,False,negotiate debt -> care duty by borrow_tool,agency preserved,True
2171,121,Tovan,seek tool,care duty,True,False,seek tool -> care duty by return_tool,agency preserved,True
2172,121,Nia,care duty,recover focus,True,False,care duty -> recover focus by interrupt_work,resident boundary respected,True
2173,121,Ari,private task,recover focus,False,True,private task -> recover focus by wait_offscreen,agency preserved,True
2174,121,Fay,recover focus,work,True,False,recover focus -> work by repair_trust,agency preserved,True
2175,121,Milo,work,rest,False,False,work -> rest by move,agency preserved,True
2176,121,Sera,rest,negotiate debt,False,False,rest -> negotiate debt by talk,agency preserved,True
2177,121,Tovan,negotiate debt,seek tool,True,False,negotiate debt -> seek tool by offer_help,agency preserved,True
2178,122,Nia,care duty,private task,True,False,care duty -> private task by return_tool,agency preserved,True
2179,122,Ari,private task,work,True,False,private task -> work by interrupt_work,agency preserved,True
2180,122,Fay,recover focus,work,False,True,recover focus -> work by wait_offscreen,agency preserved,True
2181,122,Milo,work,rest,True,False,work -> rest by repair_trust,agency preserved,True
2182,122,Sera,rest,negotiate debt,False,False,rest -> negotiate debt by move,agency preserved,True
2183,122,Tovan,negotiate debt,seek tool,False,False,negotiate debt -> seek tool by talk,agency preserved,True
2184,122,Nia,seek tool,care duty,True,False,seek tool -> care duty by offer_help,agency preserved,True
2185,122,Ari,care duty,recover focus,True,False,care duty -> recover focus by borrow_tool,agency preserved,True
2186,122,Fay,private task,recover focus,True,False,private task -> recover focus by return_tool,agency preserved,True
2187,122,Milo,recover focus,rest,True,False,recover focus -> rest by interrupt_work,agency preserved,True
2188,122,Sera,work,rest,False,True,work -> rest by wait_offscreen,agency preserved,True
2189,122,Tovan,rest,negotiate debt,True,False,rest -> negotiate debt by repair_trust,agency preserved,True
2190,122,Nia,negotiate debt,seek tool,False,False,negotiate debt -> seek tool by move,agency preserved,True
2191,122,Ari,seek tool,care duty,False,False,seek tool -> care duty by talk,agency preserved,True
2192,122,Fay,care duty,private task,True,False,care duty -> private task by offer_help,agency preserved,True
2193,122,Milo,private task,work,True,False,private task -> work by borrow_tool,agency preserved,True
2194,122,Sera,recover focus,work,True,False,recover focus -> work by return_tool,agency preserved,True
2195,122,Tovan,work,negotiate debt,True,False,work -> negotiate debt by interrupt_work,agency preserved,True
2196,123,Nia,negotiate debt,seek tool,True,False,negotiate debt -> seek tool by repair_trust,agency preserved,True
2197,123,Ari,seek tool,care duty,False,False,seek tool -> care duty by move,agency preserved,True
2198,123,Fay,care duty,private task,False,False,care duty -> private task by talk,agency preserved,True
2199,123,Milo,private task,recover focus,True,False,private task -> recover focus by offer_help,agency preserved,True
2200,123,Sera,recover focus,rest,True,False,recover focus -> rest by borrow_tool,resident boundary respected,True
2201,123,Tovan,work,rest,True,False,work -> rest by return_tool,agency preserved,True
2202,123,Nia,rest,seek tool,True,False,rest -> seek tool by interrupt_work,agency preserved,True
2203,123,Ari,negotiate debt,seek tool,False,True,negotiate debt -> seek tool by wait_offscreen,agency preserved,True
2204,123,Fay,seek tool,care duty,True,False,seek tool -> care duty by repair_trust,agency preserved,True
2205,123,Milo,care duty,private task,False,False,care duty -> private task by move,agency preserved,True
2206,123,Sera,private task,recover focus,False,False,private task -> recover focus by talk,agency preserved,True
2207,123,Tovan,recover focus,work,True,False,recover focus -> work by offer_help,agency preserved,True
2208,123,Nia,work,negotiate debt,True,False,work -> negotiate debt by borrow_tool,resident boundary respected,True
2209,123,Ari,rest,negotiate debt,True,False,rest -> negotiate debt by return_tool,agency preserved,True
2210,123,Fay,negotiate debt,care duty,True,False,negotiate debt -> care duty by interrupt_work,agency preserved,True
2211,123,Milo,seek tool,care duty,False,True,seek tool -> care duty by wait_offscreen,agency preserved,True
2212,123,Sera,care duty,private task,True,False,care duty -> private task by repair_trust,agency preserved,True
2213,123,Tovan,private task,recover focus,False,False,private task -> recover focus by move,agency preserved,True
2214,124,Nia,work,rest,True,True,work -> rest by offer_help,agency preserved,True
2215,124,Ari,rest,seek tool,True,False,rest -> seek tool by borrow_tool,agency preserved,True
2216,124,Fay,negotiate debt,seek tool,True,False,negotiate debt -> seek tool by return_tool,agency preserved,True
2217,124,Milo,seek tool,private task,True,False,seek tool -> private task by interrupt_work,agency preserved,True
2218,124,Sera,care duty,private task,False,True,care duty -> private task by wait_offscreen,agency preserved,True
2219,124,Tovan,private task,recover focus,True,False,private task -> recover focus by repair_trust,agency preserved,True
2220,124,Nia,recover focus,work,False,False,recover focus -> work by move,agency preserved,True
2221,124,Ari,work,rest,False,False,work -> rest by talk,agency preserved,True
2222,124,Fay,rest,negotiate debt,True,False,rest -> negotiate debt by offer_help,agency preserved,True
2223,124,Milo,negotiate debt,care duty,True,False,negotiate debt -> care duty by borrow_tool,agency preserved,True
2224,124,Sera,seek tool,care duty,True,False,seek tool -> care duty by return_tool,agency preserved,True
2225,124,Tovan,care duty,recover focus,True,False,care duty -> recover focus by interrupt_work,agency preserved,True
2226,124,Nia,private task,recover focus,False,True,private task -> recover focus by wait_offscreen,agency preserved,True
2227,124,Ari,recover focus,work,True,False,recover focus -> work by repair_trust,agency preserved,True
2228,124,Fay,work,rest,False,False,work -> rest by move,agency preserved,True
2229,124,Milo,rest,negotiate debt,False,False,rest -> negotiate debt by talk,agency preserved,True
2230,124,Sera,negotiate debt,seek tool,True,False,negotiate debt -> seek tool by offer_help,agency preserved,True
2231,124,Tovan,seek tool,private task,True,True,seek tool -> private task by borrow_tool,agency preserved,True
2232,125,Nia,private task,work,True,False,private task -> work by interrupt_work,resident boundary respected,True
2233,125,Ari,recover focus,work,False,True,recover focus -> work by wait_offscreen,agency preserved,True
2234,125,Fay,work,rest,True,False,work -> rest by repair_trust,agency preserved,True
2235,125,Milo,rest,negotiate debt,False,False,rest -> negotiate debt by move,agency preserved,True
2236,125,Sera,negotiate debt,seek tool,False,False,negotiate debt -> seek tool by talk,agency preserved,True
2237,125,Tovan,seek tool,care duty,True,False,seek tool -> care duty by offer_help,agency preserved,True
2238,125,Nia,care duty,recover focus,True,False,care duty -> recover focus by borrow_tool,agency preserved,True
2239,125,Ari,private task,recover focus,True,False,private task -> recover focus by return_tool,agency preserved,True
2240,125,Fay,recover focus,rest,True,False,recover focus -> rest by interrupt_work,resident boundary respected,True
2241,125,Milo,work,rest,False,True,work -> rest by wait_offscreen,agency preserved,True
2242,125,Sera,rest,negotiate debt,True,False,rest -> negotiate debt by repair_trust,agency preserved,True
2243,125,Tovan,negotiate debt,seek tool,False,False,negotiate debt -> seek tool by move,agency preserved,True
2244,125,Nia,seek tool,care duty,False,False,seek tool -> care duty by talk,agency preserved,True
2245,125,Ari,care duty,private task,True,False,care duty -> private task by offer_help,agency preserved,True
2246,125,Fay,private task,work,True,False,private task -> work by borrow_tool,agency preserved,True
2247,125,Milo,recover focus,work,True,False,recover focus -> work by return_tool,agency preserved,True
2248,125,Sera,work,negotiate debt,True,False,work -> negotiate debt by interrupt_work,resident boundary respected,True
2249,125,Tovan,rest,negotiate debt,False,True,rest -> negotiate debt by wait_offscreen,agency preserved,True
2250,126,Nia,seek tool,care duty,False,False,seek tool -> care duty by move,agency preserved,True
2251,126,Ari,care duty,private task,False,False,care duty -> private task by talk,agency preserved,True
2252,126,Fay,private task,recover focus,True,False,private task -> recover focus by offer_help,agency preserved,True
2253,126,Milo,recover focus,rest,True,False,recover focus -> rest by borrow_tool,agency preserved,True
2254,126,Sera,work,rest,True,False,work -> rest by return_tool,agency preserved,True
2255,126,Tovan,rest,seek tool,True,False,rest -> seek tool by interrupt_work,agency preserved,True
2256,126,Nia,negotiate debt,seek tool,False,True,negotiate debt -> seek tool by wait_offscreen,agency preserved,True
2257,126,Ari,seek tool,care duty,True,False,seek tool -> care duty by repair_trust,agency preserved,True
2258,126,Fay,care duty,private task,False,False,care duty -> private task by move,agency preserved,True
2259,126,Milo,private task,recover focus,False,False,private task -> recover focus by talk,agency preserved,True
2260,126,Sera,recover focus,work,True,False,recover focus -> work by offer_help,agency preserved,True
2261,126,Tovan,work,negotiate debt,True,False,work -> negotiate debt by borrow_tool,agency preserved,True
2262,126,Nia,rest,negotiate debt,True,False,rest -> negotiate debt by return_tool,agency preserved,True
2263,126,Ari,negotiate debt,care duty,True,False,negotiate debt -> care duty by interrupt_work,agency preserved,True
2264,126,Fay,seek tool,care duty,False,True,seek tool -> care duty by wait_offscreen,agency preserved,True
2265,126,Milo,care duty,private task,True,False,care duty -> private task by repair_trust,agency preserved,True
2266,126,Sera,private task,recover focus,False,False,private task -> recover focus by move,agency preserved,True
2267,126,Tovan,recover focus,work,False,False,recover focus -> work by talk,agency preserved,True
2268,127,Nia,rest,seek tool,True,False,rest -> seek tool by borrow_tool,resident boundary respected,True
2269,127,Ari,negotiate debt,seek tool,True,False,negotiate debt -> seek tool by return_tool,agency preserved,True
2270,127,Fay,seek tool,private task,True,False,seek tool -> private task by interrupt_work,agency preserved,True
2271,127,Milo,care duty,private task,False,True,care duty -> private task by wait_offscreen,agency preserved,True
2272,127,Sera,private task,recover focus,True,False,private task -> recover focus by repair_trust,agency preserved,True
2273,127,Tovan,recover focus,work,False,False,recover focus -> work by move,agency preserved,True
2274,127,Nia,work,rest,False,False,work -> rest by talk,agency preserved,True
2275,127,Ari,rest,negotiate debt,True,False,rest -> negotiate debt by offer_help,agency preserved,True
2276,127,Fay,negotiate debt,care duty,True,False,negotiate debt -> care duty by borrow_tool,resident boundary respected,True
2277,127,Milo,seek tool,care duty,True,False,seek tool -> care duty by return_tool,agency preserved,True
2278,127,Sera,care duty,recover focus,True,False,care duty -> recover focus by interrupt_work,agency preserved,True
2279,127,Tovan,private task,recover focus,False,True,private task -> recover focus by wait_offscreen,agency preserved,True
2280,127,Nia,recover focus,work,True,False,recover focus -> work by repair_trust,agency preserved,True
2281,127,Ari,work,rest,False,False,work -> rest by move,agency preserved,True
2282,127,Fay,rest,negotiate debt,False,False,rest -> negotiate debt by talk,agency preserved,True
2283,127,Milo,negotiate debt,seek tool,True,False,negotiate debt -> seek tool by offer_help,agency preserved,True
2284,127,Sera,seek tool,private task,True,False,seek tool -> private task by borrow_tool,resident boundary respected,True
2285,127,Tovan,care duty,private task,True,False,care duty -> private task by return_tool,agency preserved,True
2286,128,Nia,recover focus,work,False,True,recover focus -> work by wait_offscreen,agency preserved,True
2287,128,Ari,work,rest,True,False,work -> rest by repair_trust,agency preserved,True
2288,128,Fay,rest,negotiate debt,False,False,rest -> negotiate debt by move,agency preserved,True
2289,128,Milo,negotiate debt,seek tool,False,False,negotiate debt -> seek tool by talk,agency preserved,True
2290,128,Sera,seek tool,care duty,True,False,seek tool -> care duty by offer_help,agency preserved,True
2291,128,Tovan,care duty,recover focus,True,False,care duty -> recover focus by borrow_tool,agency preserved,True
2292,128,Nia,private task,recover focus,True,False,private task -> recover focus by return_tool,agency preserved,True
2293,128,Ari,recover focus,rest,True,False,recover focus -> rest by interrupt_work,agency preserved,True
2294,128,Fay,work,rest,False,True,work -> rest by wait_offscreen,agency preserved,True
2295,128,Milo,rest,negotiate debt,True,False,rest -> negotiate debt by repair_trust,agency preserved,True
2296,128,Sera,negotiate debt,seek tool,False,False,negotiate debt -> seek tool by move,agency preserved,True
2297,128,Tovan,seek tool,care duty,False,False,seek tool -> care duty by talk,agency preserved,True
2298,128,Nia,care duty,private task,True,False,care duty -> private task by offer_help,agency preserved,True
2299,128,Ari,private task,work,True,False,private task -> work by borrow_tool,agency preserved,True
2300,128,Fay,recover focus,work,True,False,recover focus -> work by return_tool,agency preserved,True
2301,128,Milo,work,negotiate debt,True,False,work -> negotiate debt by interrupt_work,agency preserved,True
2302,128,Sera,rest,negotiate debt,False,True,rest -> negotiate debt by wait_offscreen,agency preserved,True
2303,128,Tovan,negotiate debt,seek tool,True,True,negotiate debt -> seek tool by repair_trust,agency preserved,True
2304,129,Nia,care duty,private task,False,False,care duty -> private task by talk,agency preserved,True
2305,129,Ari,private task,recover focus,True,False,private task -> recover focus by offer_help,agency preserved,True
2306,129,Fay,recover focus,rest,True,False,recover focus -> rest by borrow_tool,agency preserved,True
2307,129,Milo,work,rest,True,False,work -> rest by return_tool,agency preserved,True
2308,129,Sera,rest,seek tool,True,False,rest -> seek tool by interrupt_work,resident boundary respected,True
2309,129,Tovan,negotiate debt,seek tool,False,True,negotiate debt -> seek tool by wait_offscreen,agency preserved,True
2310,129,Nia,seek tool,care duty,True,False,seek tool -> care duty by repair_trust,agency preserved,True
2311,129,Ari,care duty,private task,False,False,care duty -> private task by move,agency preserved,True
2312,129,Fay,private task,recover focus,False,False,private task -> recover focus by talk,agency preserved,True
2313,129,Milo,recover focus,work,True,False,recover focus -> work by offer_help,agency preserved,True
2314,129,Sera,work,negotiate debt,True,False,work -> negotiate debt by borrow_tool,agency preserved,True
2315,129,Tovan,rest,negotiate debt,True,False,rest -> negotiate debt by return_tool,agency preserved,True
2316,129,Nia,negotiate debt,care duty,True,False,negotiate debt -> care duty by interrupt_work,resident boundary respected,True
2317,129,Ari,seek tool,care duty,False,True,seek tool -> care duty by wait_offscreen,agency preserved,True
2318,129,Fay,care duty,private task,True,False,care duty -> private task by repair_trust,agency preserved,True
2319,129,Milo,private task,recover focus,False,False,private task -> recover focus by move,agency preserved,True
2320,129,Sera,recover focus,work,False,False,recover focus -> work by talk,agency preserved,True
2321,129,Tovan,work,rest,True,False,work -> rest by offer_help,agency preserved,True
2322,130,Nia,negotiate debt,seek tool,True,False,negotiate debt -> seek tool by return_tool,agency preserved,True
2323,130,Ari,seek tool,private task,True,False,seek tool -> private task by interrupt_work,agency preserved,True
2324,130,Fay,care duty,private task,False,True,care duty -> private task by wait_offscreen,agency preserved,True
2325,130,Milo,private task,recover focus,True,False,private task -> recover focus by repair_trust,agency preserved,True
2326,130,Sera,recover focus,work,False,False,recover focus -> work by move,agency preserved,True
2327,130,Tovan,work,rest,False,False,work -> rest by talk,agency preserved,True
2328,130,Nia,rest,negotiate debt,True,False,rest -> negotiate debt by offer_help,agency preserved,True
2329,130,Ari,negotiate debt,care duty,True,False,negotiate debt -> care duty by borrow_tool,agency preserved,True
2330,130,Fay,seek tool,care duty,True,False,seek tool -> care duty by return_tool,agency preserved,True
2331,130,Milo,care duty,recover focus,True,False,care duty -> recover focus by interrupt_work,agency preserved,True
2332,130,Sera,private task,recover focus,False,True,private task -> recover focus by wait_offscreen,agency preserved,True
2333,130,Tovan,recover focus,work,True,False,recover focus -> work by repair_trust,agency preserved,True
2334,130,Nia,work,rest,False,False,work -> rest by move,agency preserved,True
2335,130,Ari,rest,negotiate debt,False,False,rest -> negotiate debt by talk,agency preserved,True
2336,130,Fay,negotiate debt,seek tool,True,False,negotiate debt -> seek tool by offer_help,agency preserved,True
2337,130,Milo,seek tool,private task,True,False,seek tool -> private task by borrow_tool,agency preserved,True
2338,130,Sera,care duty,private task,True,False,care duty -> private task by return_tool,agency preserved,True
2339,130,Tovan,private task,work,True,False,private task -> work by interrupt_work,agency preserved,True
2340,131,Nia,work,rest,True,False,work -> rest by repair_trust,agency preserved,True
2341,131,Ari,rest,negotiate debt,False,False,rest -> negotiate debt by move,agency preserved,True
2342,131,Fay,negotiate debt,seek tool,False,False,negotiate debt -> seek tool by talk,agency preserved,True
2343,131,Milo,seek tool,care duty,True,False,seek tool -> care duty by offer_help,agency preserved,True
2344,131,Sera,care duty,recover focus,True,False,care duty -> recover focus by borrow_tool,resident boundary respected,True
2345,131,Tovan,private task,recover focus,True,False,private task -> recover focus by return_tool,agency preserved,True
2346,131,Nia,recover focus,rest,True,False,recover focus -> rest by interrupt_work,agency preserved,True
2347,131,Ari,work,rest,False,True,work -> rest by wait_offscreen,agency preserved,True
2348,131,Fay,rest,negotiate debt,True,False,rest -> negotiate debt by repair_trust,agency preserved,True
2349,131,Milo,negotiate debt,seek tool,False,False,negotiate debt -> seek tool by move,agency preserved,True
2350,131,Sera,seek tool,care duty,False,False,seek tool -> care duty by talk,agency preserved,True
2351,131,Tovan,care duty,private task,True,False,care duty -> private task by offer_help,agency preserved,True
2352,131,Nia,private task,work,True,False,private task -> work by borrow_tool,resident boundary respected,True
2353,131,Ari,recover focus,work,True,False,recover focus -> work by return_tool,agency preserved,True
2354,131,Fay,work,negotiate debt,True,False,work -> negotiate debt by interrupt_work,agency preserved,True
2355,131,Milo,rest,negotiate debt,False,True,rest -> negotiate debt by wait_offscreen,agency preserved,True
2356,131,Sera,negotiate debt,seek tool,True,False,negotiate debt -> seek tool by repair_trust,agency preserved,True
2357,131,Tovan,seek tool,care duty,False,False,seek tool -> care duty by move,agency preserved,True
2358,132,Nia,private task,recover focus,True,True,private task -> recover focus by offer_help,agency preserved,True
2359,132,Ari,recover focus,rest,True,False,recover focus -> rest by borrow_tool,agency preserved,True
2360,132,Fay,work,rest,True,False,work -> rest by return_tool,agency preserved,True
2361,132,Milo,rest,seek tool,True,False,rest -> seek tool by interrupt_work,agency preserved,True
2362,132,Sera,negotiate debt,seek tool,False,True,negotiate debt -> seek tool by wait_offscreen,agency preserved,True
2363,132,Tovan,seek tool,care duty,True,False,seek tool -> care duty by repair_trust,agency preserved,True
2364,132,Nia,care duty,private task,False,False,care duty -> private task by move,agency preserved,True
2365,132,Ari,private task,recover focus,False,False,private task -> recover focus by talk,agency preserved,True
2366,132,Fay,recover focus,work,True,False,recover focus -> work by offer_help,agency preserved,True
2367,132,Milo,work,negotiate debt,True,False,work -> negotiate debt by borrow_tool,agency preserved,True
2368,132,Sera,rest,negotiate debt,True,False,rest -> negotiate debt by return_tool,agency preserved,True
2369,132,Tovan,negotiate debt,care duty,True,False,negotiate debt -> care duty by interrupt_work,agency preserved,True
2370,132,Nia,seek tool,care duty,False,True,seek tool -> care duty by wait_offscreen,agency preserved,True
2371,132,Ari,care duty,private task,True,False,care duty -> private task by repair_trust,agency preserved,True
2372,132,Fay,private task,recover focus,False,False,private task -> recover focus by move,agency preserved,True
2373,132,Milo,recover focus,work,False,False,recover focus -> work by talk,agency preserved,True
2374,132,Sera,work,rest,True,False,work -> rest by offer_help,agency preserved,True
2375,132,Tovan,rest,seek tool,True,True,rest -> seek tool by borrow_tool,agency preserved,True
2376,133,Nia,seek tool,private task,True,False,seek tool -> private task by interrupt_work,resident boundary respected,True
2377,133,Ari,care duty,private task,False,True,care duty -> private task by wait_offscreen,agency preserved,True
2378,133,Fay,private task,recover focus,True,False,private task -> recover focus by repair_trust,agency preserved,True
2379,133,Milo,recover focus,work,False,False,recover focus -> work by move,agency preserved,True
2380,133,Sera,work,rest,False,False,work -> rest by talk,agency preserved,True
2381,133,Tovan,rest,negotiate debt,True,False,rest -> negotiate debt by offer_help,agency preserved,True
2382,133,Nia,negotiate debt,care duty,True,False,negotiate debt -> care duty by borrow_tool,agency preserved,True
2383,133,Ari,seek tool,care duty,True,False,seek tool -> care duty by return_tool,agency preserved,True
2384,133,Fay,care duty,recover focus,True,False,care duty -> recover focus by interrupt_work,resident boundary respected,True
2385,133,Milo,private task,recover focus,False,True,private task -> recover focus by wait_offscreen,agency preserved,True
2386,133,Sera,recover focus,work,True,False,recover focus -> work by repair_trust,agency preserved,True
2387,133,Tovan,work,rest,False,False,work -> rest by move,agency preserved,True
2388,133,Nia,rest,negotiate debt,False,False,rest -> negotiate debt by talk,agency preserved,True
2389,133,Ari,negotiate debt,seek tool,True,False,negotiate debt -> seek tool by offer_help,agency preserved,True
2390,133,Fay,seek tool,private task,True,False,seek tool -> private task by borrow_tool,agency preserved,True
2391,133,Milo,care duty,private task,True,False,care duty -> private task by return_tool,agency preserved,True
2392,133,Sera,private task,work,True,False,private task -> work by interrupt_work,resident boundary respected,True
2393,133,Tovan,recover focus,work,False,True,recover focus -> work by wait_offscreen,agency preserved,True
2394,134,Nia,rest,negotiate debt,False,False,rest -> negotiate debt by move,agency preserved,True
2395,134,Ari,negotiate debt,seek tool,False,False,negotiate debt -> seek tool by talk,agency preserved,True
2396,134,Fay,seek tool,care duty,True,False,seek tool -> care duty by offer_help,agency preserved,True
2397,134,Milo,care duty,recover focus,True,False,care duty -> recover focus by borrow_tool,agency preserved,True
2398,134,Sera,private task,recover focus,True,False,private task -> recover focus by return_tool,agency preserved,True
2399,134,Tovan,recover focus,rest,True,False,recover focus -> rest by interrupt_work,agency preserved,True
2400,134,Nia,work,rest,False,True,work -> rest by wait_offscreen,agency preserved,True
2401,134,Ari,rest,negotiate debt,True,False,rest -> negotiate debt by repair_trust,agency preserved,True
2402,134,Fay,negotiate debt,seek tool,False,False,negotiate debt -> seek tool by move,agency preserved,True
2403,134,Milo,seek tool,care duty,False,False,seek tool -> care duty by talk,agency preserved,True
2404,134,Sera,care duty,private task,True,False,care duty -> private task by offer_help,agency preserved,True
2405,134,Tovan,private task,work,True,False,private task -> work by borrow_tool,agency preserved,True
2406,134,Nia,recover focus,work,True,False,recover focus -> work by return_tool,agency preserved,True
2407,134,Ari,work,negotiate debt,True,False,work -> negotiate debt by interrupt_work,agency preserved,True
2408,134,Fay,rest,negotiate debt,False,True,rest -> negotiate debt by wait_offscreen,agency preserved,True
2409,134,Milo,negotiate debt,seek tool,True,False,negotiate debt -> seek tool by repair_trust,agency preserved,True
2410,134,Sera,seek tool,care duty,False,False,seek tool -> care duty by move,agency preserved,True
2411,134,Tovan,care duty,private task,False,False,care duty -> private task by talk,agency preserved,True
2412,135,Nia,recover focus,rest,True,False,recover focus -> rest by borrow_tool,resident boundary respected,True
2413,135,Ari,work,rest,True,False,work -> rest by return_tool,agency preserved,True
2414,135,Fay,rest,seek tool,True,False,rest -> seek tool by interrupt_work,agency preserved,True
2415,135,Milo,negotiate debt,seek tool,False,True,negotiate debt -> seek tool by wait_offscreen,agency preserved,True
2416,135,Sera,seek tool,care duty,True,False,seek tool -> care duty by repair_trust,agency preserved,True
2417,135,Tovan,care duty,private task,False,False,care duty -> private task by move,agency preserved,True
2418,135,Nia,private task,recover focus,False,False,private task -> recover focus by talk,agency preserved,True
2419,135,Ari,recover focus,work,True,False,recover focus -> work by offer_help,agency preserved,True
2420,135,Fay,work,negotiate debt,True,False,work -> negotiate debt by borrow_tool,resident boundary respected,True
2421,135,Milo,rest,negotiate debt,True,False,rest -> negotiate debt by return_tool,agency preserved,True
2422,135,Sera,negotiate debt,care duty,True,False,negotiate debt -> care duty by interrupt_work,agency preserved,True
2423,135,Tovan,seek tool,care duty,False,True,seek tool -> care duty by wait_offscreen,agency preserved,True
2424,135,Nia,care duty,private task,True,False,care duty -> private task by repair_trust,agency preserved,True
2425,135,Ari,private task,recover focus,False,False,private task -> recover focus by move,agency preserved,True
2426,135,Fay,recover focus,work,False,False,recover focus -> work by talk,agency preserved,True
2427,135,Milo,work,rest,True,False,work -> rest by offer_help,agency preserved,True
2428,135,Sera,rest,seek tool,True,False,rest -> seek tool by borrow_tool,resident boundary respected,True
2429,135,Tovan,negotiate debt,seek tool,True,False,negotiate debt -> seek tool by return_tool,agency preserved,True
2430,136,Nia,care duty,private task,False,True,care duty -> private task by wait_offscreen,agency preserved,True
2431,136,Ari,private task,recover focus,True,False,private task -> recover focus by repair_trust,agency preserved,True
2432,136,Fay,recover focus,work,False,False,recover focus -> work by move,agency preserved,True
2433,136,Milo,work,rest,False,False,work -> rest by talk,agency preserved,True
2434,136,Sera,rest,negotiate debt,True,False,rest -> negotiate debt by offer_help,agency preserved,True
2435,136,Tovan,negotiate debt,care duty,True,False,negotiate debt -> care duty by borrow_tool,agency preserved,True
2436,136,Nia,seek tool,care duty,True,False,seek tool -> care duty by return_tool,agency preserved,True
2437,136,Ari,care duty,recover focus,True,False,care duty -> recover focus by interrupt_work,agency preserved,True
2438,136,Fay,private task,recover focus,False,True,private task -> recover focus by wait_offscreen,agency preserved,True
2439,136,Milo,recover focus,work,True,False,recover focus -> work by repair_trust,agency preserved,True
2440,136,Sera,work,rest,False,False,work -> rest by move,agency preserved,True
2441,136,Tovan,rest,negotiate debt,False,False,rest -> negotiate debt by talk,agency preserved,True
2442,136,Nia,negotiate debt,seek tool,True,False,negotiate debt -> seek tool by offer_help,agency preserved,True
2443,136,Ari,seek tool,private task,True,False,seek tool -> private task by borrow_tool,agency preserved,True
2444,136,Fay,care duty,private task,True,False,care duty -> private task by return_tool,agency preserved,True
2445,136,Milo,private task,work,True,False,private task -> work by interrupt_work,agency preserved,True
2446,136,Sera,recover focus,work,False,True,recover focus -> work by wait_offscreen,agency preserved,True
2447,136,Tovan,work,rest,True,True,work -> rest by repair_trust,agency preserved,True
2448,137,Nia,negotiate debt,seek tool,False,False,negotiate debt -> seek tool by talk,agency preserved,True
2449,137,Ari,seek tool,care duty,True,False,seek tool -> care duty by offer_help,agency preserved,True
2450,137,Fay,care duty,recover focus,True,False,care duty -> recover focus by borrow_tool,agency preserved,True
2451,137,Milo,private task,recover focus,True,False,private task -> recover focus by return_tool,agency preserved,True
2452,137,Sera,recover focus,rest,True,False,recover focus -> rest by interrupt_work,resident boundary respected,True
2453,137,Tovan,work,rest,False,True,work -> rest by wait_offscreen,agency preserved,True
2454,137,Nia,rest,negotiate debt,True,False,rest -> negotiate debt by repair_trust,agency preserved,True
2455,137,Ari,negotiate debt,seek tool,False,False,negotiate debt -> seek tool by move,agency preserved,True
2456,137,Fay,seek tool,care duty,False,False,seek tool -> care duty by talk,agency preserved,True
2457,137,Milo,care duty,private task,True,False,care duty -> private task by offer_help,agency preserved,True
2458,137,Sera,private task,work,True,False,private task -> work by borrow_tool,agency preserved,True
2459,137,Tovan,recover focus,work,True,False,recover focus -> work by return_tool,agency preserved,True
2460,137,Nia,work,negotiate debt,True,False,work -> negotiate debt by interrupt_work,resident boundary respected,True
2461,137,Ari,rest,negotiate debt,False,True,rest -> negotiate debt by wait_offscreen,agency preserved,True
2462,137,Fay,negotiate debt,seek tool,True,False,negotiate debt -> seek tool by repair_trust,agency preserved,True
2463,137,Milo,seek tool,care duty,False,False,seek tool -> care duty by move,agency preserved,True
2464,137,Sera,care duty,private task,False,False,care duty -> private task by talk,agency preserved,True
2465,137,Tovan,private task,recover focus,True,False,private task -> recover focus by offer_help,agency preserved,True
2466,138,Nia,work,rest,True,False,work -> rest by return_tool,agency preserved,True
2467,138,Ari,rest,seek tool,True,False,rest -> seek tool by interrupt_work,agency preserved,True
2468,138,Fay,negotiate debt,seek tool,False,True,negotiate debt -> seek tool by wait_offscreen,agency preserved,True
2469,138,Milo,seek tool,care duty,True,False,seek tool -> care duty by repair_trust,agency preserved,True
2470,138,Sera,care duty,private task,False,False,care duty -> private task by move,agency preserved,True
2471,138,Tovan,private task,recover focus,False,False,private task -> recover focus by talk,agency preserved,True
2472,138,Nia,recover focus,work,True,False,recover focus -> work by offer_help,agency preserved,True
2473,138,Ari,work,negotiate debt,True,False,work -> negotiate debt by borrow_tool,agency preserved,True
2474,138,Fay,rest,negotiate debt,True,False,rest -> negotiate debt by return_tool,agency preserved,True
2475,138,Milo,negotiate debt,care duty,True,False,negotiate debt -> care duty by interrupt_work,agency preserved,True
2476,138,Sera,seek tool,care duty,False,True,seek tool -> care duty by wait_offscreen,agency preserved,True
2477,138,Tovan,care duty,private task,True,False,care duty -> private task by repair_trust,agency preserved,True
2478,138,Nia,private task,recover focus,False,False,private task -> recover focus by move,agency preserved,True
2479,138,Ari,recover focus,work,False,False,recover focus -> work by talk,agency preserved,True
2480,138,Fay,work,rest,True,False,work -> rest by offer_help,agency preserved,True
2481,138,Milo,rest,seek tool,True,False,rest -> seek tool by borrow_tool,agency preserved,True
2482,138,Sera,negotiate debt,seek tool,True,False,negotiate debt -> seek tool by return_tool,agency preserved,True
2483,138,Tovan,seek tool,private task,True,False,seek tool -> private task by interrupt_work,agency preserved,True
2484,139,Nia,private task,recover focus,True,False,private task -> recover focus by repair_trust,agency preserved,True
2485,139,Ari,recover focus,work,False,False,recover focus -> work by move,agency preserved,True
2486,139,Fay,work,rest,False,False,work -> rest by talk,agency preserved,True
2487,139,Milo,rest,negotiate debt,True,False,rest -> negotiate debt by offer_help,agency preserved,True
2488,139,Sera,negotiate debt,care duty,True,False,negotiate debt -> care duty by borrow_tool,resident boundary respected,True
2489,139,Tovan,seek tool,care duty,True,False,seek tool -> care duty by return_tool,agency preserved,True
2490,139,Nia,care duty,recover focus,True,False,care duty -> recover focus by interrupt_work,agency preserved,True
2491,139,Ari,private task,recover focus,False,True,private task -> recover focus by wait_offscreen,agency preserved,True
2492,139,Fay,recover focus,work,True,False,recover focus -> work by repair_trust,agency preserved,True
2493,139,Milo,work,rest,False,False,work -> rest by move,agency preserved,True
2494,139,Sera,rest,negotiate debt,False,False,rest -> negotiate debt by talk,agency preserved,True
2495,139,Tovan,negotiate debt,seek tool,True,False,negotiate debt -> seek tool by offer_help,agency preserved,True
2496,139,Nia,seek tool,private task,True,False,seek tool -> private task by borrow_tool,resident boundary respected,True
2497,139,Ari,care duty,private task,True,False,care duty -> private task by return_tool,agency preserved,True
2498,139,Fay,private task,work,True,False,private task -> work by interrupt_work,agency preserved,True
2499,139,Milo,recover focus,work,False,True,recover focus -> work by wait_offscreen,agency preserved,True
2500,139,Sera,work,rest,True,False,work -> rest by repair_trust,agency preserved,True
2501,139,Tovan,rest,negotiate debt,False,False,rest -> negotiate debt by move,agency preserved,True
2502,140,Nia,seek tool,care duty,True,True,seek tool -> care duty by offer_help,agency preserved,True
2503,140,Ari,care duty,recover focus,True,False,care duty -> recover focus by borrow_tool,agency preserved,True
2504,140,Fay,private task,recover focus,True,False,private task -> recover focus by return_tool,agency preserved,True
2505,140,Milo,recover focus,rest,True,False,recover focus -> rest by interrupt_work,agency preserved,True
2506,140,Sera,work,rest,False,True,work -> rest by wait_offscreen,agency preserved,True
2507,140,Tovan,rest,negotiate debt,True,False,rest -> negotiate debt by repair_trust,agency preserved,True
2508,140,Nia,negotiate debt,seek tool,False,False,negotiate debt -> seek tool by move,agency preserved,True
2509,140,Ari,seek tool,care duty,False,False,seek tool -> care duty by talk,agency preserved,True
2510,140,Fay,care duty,private task,True,False,care duty -> private task by offer_help,agency preserved,True
2511,140,Milo,private task,work,True,False,private task -> work by borrow_tool,agency preserved,True
2512,140,Sera,recover focus,work,True,False,recover focus -> work by return_tool,agency preserved,True
2513,140,Tovan,work,negotiate debt,True,False,work -> negotiate debt by interrupt_work,agency preserved,True
2514,140,Nia,rest,negotiate debt,False,True,rest -> negotiate debt by wait_offscreen,agency preserved,True
2515,140,Ari,negotiate debt,seek tool,True,False,negotiate debt -> seek tool by repair_trust,agency preserved,True
2516,140,Fay,seek tool,care duty,False,False,seek tool -> care duty by move,agency preserved,True
2517,140,Milo,care duty,private task,False,False,care duty -> private task by talk,agency preserved,True
2518,140,Sera,private task,recover focus,True,False,private task -> recover focus by offer_help,agency preserved,True
2519,140,Tovan,recover focus,rest,True,True,recover focus -> rest by borrow_tool,agency preserved,True
2520,141,Nia,rest,seek tool,True,False,rest -> seek tool by interrupt_work,resident boundary respected,True
2521,141,Ari,negotiate debt,seek tool,False,True,negotiate debt -> seek tool by wait_offscreen,agency preserved,True
2522,141,Fay,seek tool,care duty,True,False,seek tool -> care duty by repair_trust,agency preserved,True
2523,141,Milo,care duty,private task,False,False,care duty -> private task by move,agency preserved,True
2524,141,Sera,private task,recover focus,False,False,private task -> recover focus by talk,agency preserved,True
2525,141,Tovan,recover focus,work,True,False,recover focus -> work by offer_help,agency preserved,True
2526,141,Nia,work,negotiate debt,True,False,work -> negotiate debt by borrow_tool,agency preserved,True
2527,141,Ari,rest,negotiate debt,True,False,rest -> negotiate debt by return_tool,agency preserved,True
2528,141,Fay,negotiate debt,care duty,True,False,negotiate debt -> care duty by interrupt_work,resident boundary respected,True
2529,141,Milo,seek tool,care duty,False,True,seek tool -> care duty by wait_offscreen,agency preserved,True
2530,141,Sera,care duty,private task,True,False,care duty -> private task by repair_trust,agency preserved,True
2531,141,Tovan,private task,recover focus,False,False,private task -> recover focus by move,agency preserved,True
2532,141,Nia,recover focus,work,False,False,recover focus -> work by talk,agency preserved,True
2533,141,Ari,work,rest,True,False,work -> rest by offer_help,agency preserved,True
2534,141,Fay,rest,seek tool,True,False,rest -> seek tool by borrow_tool,agency preserved,True
2535,141,Milo,negotiate debt,seek tool,True,False,negotiate debt -> seek tool by return_tool,agency preserved,True
2536,141,Sera,seek tool,private task,True,False,seek tool -> private task by interrupt_work,resident boundary respected,True
2537,141,Tovan,care duty,private task,False,True,care duty -> private task by wait_offscreen,agency preserved,True
2538,142,Nia,recover focus,work,False,False,recover focus -> work by move,agency preserved,True
2539,142,Ari,work,rest,False,False,work -> rest by talk,agency preserved,True
2540,142,Fay,rest,negotiate debt,True,False,rest -> negotiate debt by offer_help,agency preserved,True
2541,142,Milo,negotiate debt,care duty,True,False,negotiate debt -> care duty by borrow_tool,agency preserved,True
2542,142,Sera,seek tool,care duty,True,False,seek tool -> care duty by return_tool,agency preserved,True
2543,142,Tovan,care duty,recover focus,True,False,care duty -> recover focus by interrupt_work,agency preserved,True
2544,142,Nia,private task,recover focus,False,True,private task -> recover focus by wait_offscreen,agency preserved,True
2545,142,Ari,recover focus,work,True,False,recover focus -> work by repair_trust,agency preserved,True
2546,142,Fay,work,rest,False,False,work -> rest by move,agency preserved,True
2547,142,Milo,rest,negotiate debt,False,False,rest -> negotiate debt by talk,agency preserved,True
2548,142,Sera,negotiate debt,seek tool,True,False,negotiate debt -> seek tool by offer_help,agency preserved,True
2549,142,Tovan,seek tool,private task,True,False,seek tool -> private task by borrow_tool,agency preserved,True
2550,142,Nia,care duty,private task,True,False,care duty -> private task by return_tool,agency preserved,True
2551,142,Ari,private task,work,True,False,private task -> work by interrupt_work,agency preserved,True
2552,142,Fay,recover focus,work,False,True,recover focus -> work by wait_offscreen,agency preserved,True
2553,142,Milo,work,rest,True,False,work -> rest by repair_trust,agency preserved,True
2554,142,Sera,rest,negotiate debt,False,False,rest -> negotiate debt by move,agency preserved,True
2555,142,Tovan,negotiate debt,seek tool,False,False,negotiate debt -> seek tool by talk,agency preserved,True
2556,143,Nia,care duty,recover focus,True,False,care duty -> recover focus by borrow_tool,resident boundary respected,True
2557,143,Ari,private task,recover focus,True,False,private task -> recover focus by return_tool,agency preserved,True
2558,143,Fay,recover focus,rest,True,False,recover focus -> rest by interrupt_work,agency preserved,True
2559,143,Milo,work,rest,False,True,work -> rest by wait_offscreen,agency preserved,True
2560,143,Sera,rest,negotiate debt,True,False,rest -> negotiate debt by repair_trust,agency preserved,True
2561,143,Tovan,negotiate debt,seek tool,False,False,negotiate debt -> seek tool by move,agency preserved,True
2562,143,Nia,seek tool,care duty,False,False,seek tool -> care duty by talk,agency preserved,True
2563,143,Ari,care duty,private task,True,False,care duty -> private task by offer_help,agency preserved,True
2564,143,Fay,private task,work,True,False,private task -> work by borrow_tool,resident boundary respected,True
2565,143,Milo,recover focus,work,True,False,recover focus -> work by return_tool,agency preserved,True
2566,143,Sera,work,negotiate debt,True,False,work -> negotiate debt by interrupt_work,agency preserved,True
2567,143,Tovan,rest,negotiate debt,False,True,rest -> negotiate debt by wait_offscreen,agency preserved,True
2568,143,Nia,negotiate debt,seek tool,True,False,negotiate debt -> seek tool by repair_trust,agency preserved,True
2569,143,Ari,seek tool,care duty,False,False,seek tool -> care duty by move,agency preserved,True
2570,143,Fay,care duty,private task,False,False,care duty -> private task by talk,agency preserved,True
2571,143,Milo,private task,recover focus,True,False,private task -> recover focus by offer_help,agency preserved,True
2572,143,Sera,recover focus,rest,True,False,recover focus -> rest by borrow_tool,resident boundary respected,True
2573,143,Tovan,work,rest,True,False,work -> rest by return_tool,agency preserved,True
2574,144,Nia,negotiate debt,seek tool,False,True,negotiate debt -> seek tool by wait_offscreen,agency preserved,True
2575,144,Ari,seek tool,care duty,True,False,seek tool -> care duty by repair_trust,agency preserved,True
2576,144,Fay,care duty,private task,False,False,care duty -> private task by move,agency preserved,True
2577,144,Milo,private task,recover focus,False,False,private task -> recover focus by talk,agency preserved,True
2578,144,Sera,recover focus,work,True,False,recover focus -> work by offer_help,agency preserved,True
2579,144,Tovan,work,negotiate debt,True,False,work -> negotiate debt by borrow_tool,agency preserved,True
2580,144,Nia,rest,negotiate debt,True,False,rest -> negotiate debt by return_tool,agency preserved,True
2581,144,Ari,negotiate debt,care duty,True,False,negotiate debt -> care duty by interrupt_work,agency preserved,True
2582,144,Fay,seek tool,care duty,False,True,seek tool -> care duty by wait_offscreen,agency preserved,True
2583,144,Milo,care duty,private task,True,False,care duty -> private task by repair_trust,agency preserved,True
2584,144,Sera,private task,recover focus,False,False,private task -> recover focus by move,agency preserved,True
2585,144,Tovan,recover focus,work,False,False,recover focus -> work by talk,agency preserved,True
2586,144,Nia,work,rest,True,False,work -> rest by offer_help,agency preserved,True
2587,144,Ari,rest,seek tool,True,False,rest -> seek tool by borrow_tool,agency preserved,True
2588,144,Fay,negotiate debt,seek tool,True,False,negotiate debt -> seek tool by return_tool,agency preserved,True
2589,144,Milo,seek tool,private task,True,False,seek tool -> private task by interrupt_work,agency preserved,True
2590,144,Sera,care duty,private task,False,True,care duty -> private task by wait_offscreen,agency preserved,True
2591,144,Tovan,private task,recover focus,True,True,private task -> recover focus by repair_trust,agency preserved,True
2592,145,Nia,work,rest,False,False,work -> rest by talk,agency preserved,True
2593,145,Ari,rest,negotiate debt,True,False,rest -> negotiate debt by offer_help,agency preserved,True
2594,145,Fay,negotiate debt,care duty,True,False,negotiate debt -> care duty by borrow_tool,agency preserved,True
2595,145,Milo,seek tool,care duty,True,False,seek tool -> care duty by return_tool,agency preserved,True
2596,145,Sera,care duty,recover focus,True,False,care duty -> recover focus by interrupt_work,resident boundary respected,True
2597,145,Tovan,private task,recover focus,False,True,private task -> recover focus by wait_offscreen,agency preserved,True
2598,145,Nia,recover focus,work,True,False,recover focus -> work by repair_trust,agency preserved,True
2599,145,Ari,work,rest,False,False,work -> rest by move,agency preserved,True
2600,145,Fay,rest,negotiate debt,False,False,rest -> negotiate debt by talk,agency preserved,True
2601,145,Milo,negotiate debt,seek tool,True,False,negotiate debt -> seek tool by offer_help,agency preserved,True
2602,145,Sera,seek tool,private task,True,False,seek tool -> private task by borrow_tool,agency preserved,True
2603,145,Tovan,care duty,private task,True,False,care duty -> private task by return_tool,agency preserved,True
2604,145,Nia,private task,work,True,False,private task -> work by interrupt_work,resident boundary respected,True
2605,145,Ari,recover focus,work,False,True,recover focus -> work by wait_offscreen,agency preserved,True
2606,145,Fay,work,rest,True,False,work -> rest by repair_trust,agency preserved,True
2607,145,Milo,rest,negotiate debt,False,False,rest -> negotiate debt by move,agency preserved,True
2608,145,Sera,negotiate debt,seek tool,False,False,negotiate debt -> seek tool by talk,agency preserved,True
2609,145,Tovan,seek tool,care duty,True,False,seek tool -> care duty by offer_help,agency preserved,True
2610,146,Nia,private task,recover focus,True,False,private task -> recover focus by return_tool,agency preserved,True
2611,146,Ari,recover focus,rest,True,False,recover focus -> rest by interrupt_work,agency preserved,True
2612,146,Fay,work,rest,False,True,work -> rest by wait_offscreen,agency preserved,True
2613,146,Milo,rest,negotiate debt,True,False,rest -> negotiate debt by repair_trust,agency preserved,True
2614,146,Sera,negotiate debt,seek tool,False,False,negotiate debt -> seek tool by move,agency preserved,True
2615,146,Tovan,seek tool,care duty,False,False,seek tool -> care duty by talk,agency preserved,True
2616,146,Nia,care duty,private task,True,False,care duty -> private task by offer_help,agency preserved,True
2617,146,Ari,private task,work,True,False,private task -> work by borrow_tool,agency preserved,True
2618,146,Fay,recover focus,work,True,False,recover focus -> work by return_tool,agency preserved,True
2619,146,Milo,work,negotiate debt,True,False,work -> negotiate debt by interrupt_work,agency preserved,True
2620,146,Sera,rest,negotiate debt,False,True,rest -> negotiate debt by wait_offscreen,agency preserved,True
2621,146,Tovan,negotiate debt,seek tool,True,False,negotiate debt -> seek tool by repair_trust,agency preserved,True
2622,146,Nia,seek tool,care duty,False,False,seek tool -> care duty by move,agency preserved,True
2623,146,Ari,care duty,private task,False,False,care duty -> private task by talk,agency preserved,True
2624,146,Fay,private task,recover focus,True,False,private task -> recover focus by offer_help,agency preserved,True
2625,146,Milo,recover focus,rest,True,False,recover focus -> rest by borrow_tool,agency preserved,True
2626,146,Sera,work,rest,True,False,work -> rest by return_tool,agency preserved,True
2627,146,Tovan,rest,seek tool,True,False,rest -> seek tool by interrupt_work,agency preserved,True
2628,147,Nia,seek tool,care duty,True,False,seek tool -> care duty by repair_trust,agency preserved,True
2629,147,Ari,care duty,private task,False,False,care duty -> private task by move,agency preserved,True
2630,147,Fay,private task,recover focus,False,False,private task -> recover focus by talk,agency preserved,True
2631,147,Milo,recover focus,work,True,False,recover focus -> work by offer_help,agency preserved,True
2632,147,Sera,work,negotiate debt,True,False,work -> negotiate debt by borrow_tool,resident boundary respected,True
2633,147,Tovan,rest,negotiate debt,True,False,rest -> negotiate debt by return_tool,agency preserved,True
2634,147,Nia,negotiate debt,care duty,True,False,negotiate debt -> care duty by interrupt_work,agency preserved,True
2635,147,Ari,seek tool,care duty,False,True,seek tool -> care duty by wait_offscreen,agency preserved,True
2636,147,Fay,care duty,private task,True,False,care duty -> private task by repair_trust,agency preserved,True
2637,147,Milo,private task,recover focus,False,False,private task -> recover focus by move,agency preserved,True
2638,147,Sera,recover focus,work,False,False,recover focus -> work by talk,agency preserved,True
2639,147,Tovan,work,rest,True,False,work -> rest by offer_help,agency preserved,True
2640,147,Nia,rest,seek tool,True,False,rest -> seek tool by borrow_tool,resident boundary respected,True
2641,147,Ari,negotiate debt,seek tool,True,False,negotiate debt -> seek tool by return_tool,agency preserved,True
2642,147,Fay,seek tool,private task,True,False,seek tool -> private task by interrupt_work,agency preserved,True
2643,147,Milo,care duty,private task,False,True,care duty -> private task by wait_offscreen,agency preserved,True
2644,147,Sera,private task,recover focus,True,False,private task -> recover focus by repair_trust,agency preserved,True
2645,147,Tovan,recover focus,work,False,False,recover focus -> work by move,agency preserved,True
2646,148,Nia,rest,negotiate debt,True,True,rest -> negotiate debt by offer_help,agency preserved,True
2647,148,Ari,negotiate debt,care duty,True,False,negotiate debt -> care duty by borrow_tool,agency preserved,True
2648,148,Fay,seek tool,care duty,True,False,seek tool -> care duty by return_tool,agency preserved,True
2649,148,Milo,care duty,recover focus,True,False,care duty -> recover focus by interrupt_work,agency preserved,True
2650,148,Sera,private task,recover focus,False,True,private task -> recover focus by wait_offscreen,agency preserved,True
2651,148,Tovan,recover focus,work,True,False,recover focus -> work by repair_trust,agency preserved,True
2652,148,Nia,work,rest,False,False,work -> rest by move,agency preserved,True
2653,148,Ari,rest,negotiate debt,False,False,rest -> negotiate debt by talk,agency preserved,True
2654,148,Fay,negotiate debt,seek tool,True,False,negotiate debt -> seek tool by offer_help,agency preserved,True
2655,148,Milo,seek tool,private task,True,False,seek tool -> private task by borrow_tool,agency preserved,True
2656,148,Sera,care duty,private task,True,False,care duty -> private task by return_tool,agency preserved,True
2657,148,Tovan,private task,work,True,False,private task -> work by interrupt_work,agency preserved,True
2658,148,Nia,recover focus,work,False,True,recover focus -> work by wait_offscreen,agency preserved,True
2659,148,Ari,work,rest,True,False,work -> rest by repair_trust,agency preserved,True
2660,148,Fay,rest,negotiate debt,False,False,rest -> negotiate debt by move,agency preserved,True
2661,148,Milo,negotiate debt,seek tool,False,False,negotiate debt -> seek tool by talk,agency preserved,True
2662,148,Sera,seek tool,care duty,True,False,seek tool -> care duty by offer_help,agency preserved,True
2663,148,Tovan,care duty,recover focus,True,True,care duty -> recover focus by borrow_tool,agency preserved,True
2664,149,Nia,recover focus,rest,True,False,recover focus -> rest by interrupt_work,resident boundary respected,True
2665,149,Ari,work,rest,False,True,work -> rest by wait_offscreen,agency preserved,True
2666,149,Fay,rest,negotiate debt,True,False,rest -> negotiate debt by repair_trust,agency preserved,True
2667,149,Milo,negotiate debt,seek tool,False,False,negotiate debt -> seek tool by move,agency preserved,True
2668,149,Sera,seek tool,care duty,False,False,seek tool -> care duty by talk,agency preserved,True
2669,149,Tovan,care duty,private task,True,False,care duty -> private task by offer_help,agency preserved,True
2670,149,Nia,private task,work,True,False,private task -> work by borrow_tool,agency preserved,True
2671,149,Ari,recover focus,work,True,False,recover focus -> work by return_tool,agency preserved,True
2672,149,Fay,work,negotiate debt,True,False,work -> negotiate debt by interrupt_work,resident boundary respected,True
2673,149,Milo,rest,negotiate debt,False,True,rest -> negotiate debt by wait_offscreen,agency preserved,True
2674,149,Sera,negotiate debt,seek tool,True,False,negotiate debt -> seek tool by repair_trust,agency preserved,True
2675,149,Tovan,seek tool,care duty,False,False,seek tool -> care duty by move,agency preserved,True
2676,149,Nia,care duty,private task,False,False,care duty -> private task by talk,agency preserved,True
2677,149,Ari,private task,recover focus,True,False,private task -> recover focus by offer_help,agency preserved,True
2678,149,Fay,recover focus,rest,True,False,recover focus -> rest by borrow_tool,agency preserved,True
2679,149,Milo,work,rest,True,False,work -> rest by return_tool,agency preserved,True
2680,149,Sera,rest,seek tool,True,False,rest -> seek tool by interrupt_work,resident boundary respected,True
2681,149,Tovan,negotiate debt,seek tool,False,True,negotiate debt -> seek tool by wait_offscreen,agency preserved,True
2682,150,Nia,care duty,private task,False,False,care duty -> private task by move,agency preserved,True
2683,150,Ari,private task,recover focus,False,False,private task -> recover focus by talk,agency preserved,True
2684,150,Fay,recover focus,work,True,False,recover focus -> work by offer_help,agency preserved,True
2685,150,Milo,work,negotiate debt,True,False,work -> negotiate debt by borrow_tool,agency preserved,True
2686,150,Sera,rest,negotiate debt,True,False,rest -> negotiate debt by return_tool,agency preserved,True
2687,150,Tovan,negotiate debt,care duty,True,False,negotiate debt -> care duty by interrupt_work,agency preserved,True
2688,150,Nia,seek tool,care duty,False,True,seek tool -> care duty by wait_offscreen,agency preserved,True
2689,150,Ari,care duty,private task,True,False,care duty -> private task by repair_trust,agency preserved,True
2690,150,Fay,private task,recover focus,False,False,private task -> recover focus by move,agency preserved,True
2691,150,Milo,recover focus,work,False,False,recover focus -> work by talk,agency preserved,True
2692,150,Sera,work,rest,True,False,work -> rest by offer_help,agency preserved,True
2693,150,Tovan,rest,seek tool,True,False,rest -> seek tool by borrow_tool,agency preserved,True
2694,150,Nia,negotiate debt,seek tool,True,False,negotiate debt -> seek tool by return_tool,agency preserved,True
2695,150,Ari,seek tool,private task,True,False,seek tool -> private task by interrupt_work,agency preserved,True
2696,150,Fay,care duty,private task,False,True,care duty -> private task by wait_offscreen,agency preserved,True
2697,150,Milo,private task,recover focus,True,False,private task -> recover focus by repair_trust,agency preserved,True
2698,150,Sera,recover focus,work,False,False,recover focus -> work by move,agency preserved,True
2699,150,Tovan,work,rest,False,False,work -> rest by talk,agency preserved,True
2700,151,Nia,negotiate debt,care duty,True,False,negotiate debt -> care duty by borrow_tool,resident boundary respected,True
2701,151,Ari,seek tool,care duty,True,False,seek tool -> care duty by return_tool,agency preserved,True
2702,151,Fay,care duty,recover focus,True,False,care duty -> recover focus by interrupt_work,agency preserved,True
2703,151,Milo,private task,recover focus,False,True,private task -> recover focus by wait_offscreen,agency preserved,True
2704,151,Sera,recover focus,work,True,False,recover focus -> work by repair_trust,agency preserved,True
2705,151,Tovan,work,rest,False,False,work -> rest by move,agency preserved,True
2706,151,Nia,rest,negotiate debt,False,False,rest -> negotiate debt by talk,agency preserved,True
2707,151,Ari,negotiate debt,seek tool,True,False,negotiate debt -> seek tool by offer_help,agency preserved,True
2708,151,Fay,seek tool,private task,True,False,seek tool -> private task by borrow_tool,resident boundary respected,True
2709,151,Milo,care duty,private task,True,False,care duty -> private task by return_tool,agency preserved,True
2710,151,Sera,private task,work,True,False,private task -> work by interrupt_work,agency preserved,True
2711,151,Tovan,recover focus,work,False,True,recover focus -> work by wait_offscreen,agency preserved,True
2712,151,Nia,work,rest,True,False,work -> rest by repair_trust,agency preserved,True
2713,151,Ari,rest,negotiate debt,False,False,rest -> negotiate debt by move,agency preserved,True
2714,151,Fay,negotiate debt,seek tool,False,False,negotiate debt -> seek tool by talk,agency preserved,True
2715,151,Milo,seek tool,care duty,True,False,seek tool -> care duty by offer_help,agency preserved,True
2716,151,Sera,care duty,recover focus,True,False,care duty -> recover focus by borrow_tool,resident boundary respected,True
2717,151,Tovan,private task,recover focus,True,False,private task -> recover focus by return_tool,agency preserved,True
2718,152,Nia,work,rest,False,True,work -> rest by wait_offscreen,agency preserved,True
2719,152,Ari,rest,negotiate debt,True,False,rest -> negotiate debt by repair_trust,agency preserved,True
2720,152,Fay,negotiate debt,seek tool,False,False,negotiate debt -> seek tool by move,agency preserved,True
2721,152,Milo,seek tool,care duty,False,False,seek tool -> care duty by talk,agency preserved,True
2722,152,Sera,care duty,private task,True,False,care duty -> private task by offer_help,agency preserved,True
2723,152,Tovan,private task,work,True,False,private task -> work by borrow_tool,agency preserved,True
2724,152,Nia,recover focus,work,True,False,recover focus -> work by return_tool,agency preserved,True
2725,152,Ari,work,negotiate debt,True,False,work -> negotiate debt by interrupt_work,agency preserved,True
2726,152,Fay,rest,negotiate debt,False,True,rest -> negotiate debt by wait_offscreen,agency preserved,True
2727,152,Milo,negotiate debt,seek tool,True,False,negotiate debt -> seek tool by repair_trust,agency preserved,True
2728,152,Sera,seek tool,care duty,False,False,seek tool -> care duty by move,agency preserved,True
2729,152,Tovan,care duty,private task,False,False,care duty -> private task by talk,agency preserved,True
2730,152,Nia,private task,recover focus,True,False,private task -> recover focus by offer_help,agency preserved,True
2731,152,Ari,recover focus,rest,True,False,recover focus -> rest by borrow_tool,agency preserved,True
2732,152,Fay,work,rest,True,False,work -> rest by return_tool,agency preserved,True
2733,152,Milo,rest,seek tool,True,False,rest -> seek tool by interrupt_work,agency preserved,True
2734,152,Sera,negotiate debt,seek tool,False,True,negotiate debt -> seek tool by wait_offscreen,agency preserved,True
2735,152,Tovan,seek tool,care duty,True,True,seek tool -> care duty by repair_trust,agency preserved,True
2736,153,Nia,private task,recover focus,False,False,private task -> recover focus by talk,agency preserved,True
2737,153,Ari,recover focus,work,True,False,recover focus -> work by offer_help,agency preserved,True
2738,153,Fay,work,negotiate debt,True,False,work -> negotiate debt by borrow_tool,agency preserved,True
2739,153,Milo,rest,negotiate debt,True,False,rest -> negotiate debt by return_tool,agency preserved,True
2740,153,Sera,negotiate debt,care duty,True,False,negotiate debt -> care duty by interrupt_work,resident boundary respected,True
2741,153,Tovan,seek tool,care duty,False,True,seek tool -> care duty by wait_offscreen,agency preserved,True
2742,153,Nia,care duty,private task,True,False,care duty -> private task by repair_trust,agency preserved,True
2743,153,Ari,private task,recover focus,False,False,private task -> recover focus by move,agency preserved,True
2744,153,Fay,recover focus,work,False,False,recover focus -> work by talk,agency preserved,True
2745,153,Milo,work,rest,True,False,work -> rest by offer_help,agency preserved,True
2746,153,Sera,rest,seek tool,True,False,rest -> seek tool by borrow_tool,agency preserved,True
2747,153,Tovan,negotiate debt,seek tool,True,False,negotiate debt -> seek tool by return_tool,agency preserved,True
2748,153,Nia,seek tool,private task,True,False,seek tool -> private task by interrupt_work,resident boundary respected,True
2749,153,Ari,care duty,private task,False,True,care duty -> private task by wait_offscreen,agency preserved,True
2750,153,Fay,private task,recover focus,True,False,private task -> recover focus by repair_trust,agency preserved,True
2751,153,Milo,recover focus,work,False,False,recover focus -> work by move,agency preserved,True
2752,153,Sera,work,rest,False,False,work -> rest by talk,agency preserved,True
2753,153,Tovan,rest,negotiate debt,True,False,rest -> negotiate debt by offer_help,agency preserved,True
2754,154,Nia,seek tool,care duty,True,False,seek tool -> care duty by return_tool,agency preserved,True
2755,154,Ari,care duty,recover focus,True,False,care duty -> recover focus by interrupt_work,agency preserved,True
2756,154,Fay,private task,recover focus,False,True,private task -> recover focus by wait_offscreen,agency preserved,True
2757,154,Milo,recover focus,work,True,False,recover focus -> work by repair_trust,agency preserved,True
2758,154,Sera,work,rest,False,False,work -> rest by move,agency preserved,True
2759,154,Tovan,rest,negotiate debt,False,False,rest -> negotiate debt by talk,agency preserved,True
2760,154,Nia,negotiate debt,seek tool,True,False,negotiate debt -> seek tool by offer_help,agency preserved,True
2761,154,Ari,seek tool,private task,True,False,seek tool -> private task by borrow_tool,agency preserved,True
2762,154,Fay,care duty,private task,True,False,care duty -> private task by return_tool,agency preserved,True
2763,154,Milo,private task,work,True,False,private task -> work by interrupt_work,agency preserved,True
2764,154,Sera,recover focus,work,False,True,recover focus -> work by wait_offscreen,agency preserved,True
2765,154,Tovan,work,rest,True,False,work -> rest by repair_trust,agency preserved,True
2766,154,Nia,rest,negotiate debt,False,False,rest -> negotiate debt by move,agency preserved,True
2767,154,Ari,negotiate debt,seek tool,False,False,negotiate debt -> seek tool by talk,agency preserved,True
2768,154,Fay,seek tool,care duty,True,False,seek tool -> care duty by offer_help,agency preserved,True
2769,154,Milo,care duty,recover focus,True,False,care duty -> recover focus by borrow_tool,agency preserved,True
2770,154,Sera,private task,recover focus,True,False,private task -> recover focus by return_tool,agency preserved,True
2771,154,Tovan,recover focus,rest,True,False,recover focus -> rest by interrupt_work,agency preserved,True
2772,155,Nia,rest,negotiate debt,True,False,rest -> negotiate debt by repair_trust,agency preserved,True
2773,155,Ari,negotiate debt,seek tool,False,False,negotiate debt -> seek tool by move,agency preserved,True
2774,155,Fay,seek tool,care duty,False,False,seek tool -> care duty by talk,agency preserved,True
2775,155,Milo,care duty,private task,True,False,care duty -> private task by offer_help,agency preserved,True
2776,155,Sera,private task,work,True,False,private task -> work by borrow_tool,resident boundary respected,True
2777,155,Tovan,recover focus,work,True,False,recover focus -> work by return_tool,agency preserved,True
2778,155,Nia,work,negotiate debt,True,False,work -> negotiate debt by interrupt_work,agency preserved,True
2779,155,Ari,rest,negotiate debt,False,True,rest -> negotiate debt by wait_offscreen,agency preserved,True
2780,155,Fay,negotiate debt,seek tool,True,False,negotiate debt -> seek tool by repair_trust,agency preserved,True
2781,155,Milo,seek tool,care duty,False,False,seek tool -> care duty by move,agency preserved,True
2782,155,Sera,care duty,private task,False,False,care duty -> private task by talk,agency preserved,True
2783,155,Tovan,private task,recover focus,True,False,private task -> recover focus by offer_help,agency preserved,True
2784,155,Nia,recover focus,rest,True,False,recover focus -> rest by borrow_tool,resident boundary respected,True
2785,155,Ari,work,rest,True,False,work -> rest by return_tool,agency preserved,True
2786,155,Fay,rest,seek tool,True,False,rest -> seek tool by interrupt_work,agency preserved,True
2787,155,Milo,negotiate debt,seek tool,False,True,negotiate debt -> seek tool by wait_offscreen,agency preserved,True
2788,155,Sera,seek tool,care duty,True,False,seek tool -> care duty by repair_trust,agency preserved,True
2789,155,Tovan,care duty,private task,False,False,care duty -> private task by move,agency preserved,True
2790,156,Nia,recover focus,work,True,True,recover focus -> work by offer_help,agency preserved,True
2791,156,Ari,work,negotiate debt,True,False,work -> negotiate debt by borrow_tool,agency preserved,True
2792,156,Fay,rest,negotiate debt,True,False,rest -> negotiate debt by return_tool,agency preserved,True
2793,156,Milo,negotiate debt,care duty,True,False,negotiate debt -> care duty by interrupt_work,agency preserved,True
2794,156,Sera,seek tool,care duty,False,True,seek tool -> care duty by wait_offscreen,agency preserved,True
2795,156,Tovan,care duty,private task,True,False,care duty -> private task by repair_trust,agency preserved,True
2796,156,Nia,private task,recover focus,False,False,private task -> recover focus by move,agency preserved,True
2797,156,Ari,recover focus,work,False,False,recover focus -> work by talk,agency preserved,True
2798,156,Fay,work,rest,True,False,work -> rest by offer_help,agency preserved,True
2799,156,Milo,rest,seek tool,True,False,rest -> seek tool by borrow_tool,agency preserved,True
2800,156,Sera,negotiate debt,seek tool,True,False,negotiate debt -> seek tool by return_tool,agency preserved,True
2801,156,Tovan,seek tool,private task,True,False,seek tool -> private task by interrupt_work,agency preserved,True
2802,156,Nia,care duty,private task,False,True,care duty -> private task by wait_offscreen,agency preserved,True
2803,156,Ari,private task,recover focus,True,False,private task -> recover focus by repair_trust,agency preserved,True
2804,156,Fay,recover focus,work,False,False,recover focus -> work by move,agency preserved,True
2805,156,Milo,work,rest,False,False,work -> rest by talk,agency preserved,True
2806,156,Sera,rest,negotiate debt,True,False,rest -> negotiate debt by offer_help,agency preserved,True
2807,156,Tovan,negotiate debt,care duty,True,True,negotiate debt -> care duty by borrow_tool,agency preserved,True
2808,157,Nia,care duty,recover focus,True,False,care duty -> recover focus by interrupt_work,resident boundary respected,True
2809,157,Ari,private task,recover focus,False,True,private task -> recover focus by wait_offscreen,agency preserved,True
2810,157,Fay,recover focus,work,True,False,recover focus -> work by repair_trust,agency preserved,True
2811,157,Milo,work,rest,False,False,work -> rest by move,agency preserved,True
2812,157,Sera,rest,negotiate debt,False,False,rest -> negotiate debt by talk,agency preserved,True
2813,157,Tovan,negotiate debt,seek tool,True,False,negotiate debt -> seek tool by offer_help,agency preserved,True
2814,157,Nia,seek tool,private task,True,False,seek tool -> private task by borrow_tool,agency preserved,True
2815,157,Ari,care duty,private task,True,False,care duty -> private task by return_tool,agency preserved,True
2816,157,Fay,private task,work,True,False,private task -> work by interrupt_work,resident boundary respected,True
2817,157,Milo,recover focus,work,False,True,recover focus -> work by wait_offscreen,agency preserved,True
2818,157,Sera,work,rest,True,False,work -> rest by repair_trust,agency preserved,True
2819,157,Tovan,rest,negotiate debt,False,False,rest -> negotiate debt by move,agency preserved,True
2820,157,Nia,negotiate debt,seek tool,False,False,negotiate debt -> seek tool by talk,agency preserved,True
2821,157,Ari,seek tool,care duty,True,False,seek tool -> care duty by offer_help,agency preserved,True
2822,157,Fay,care duty,recover focus,True,False,care duty -> recover focus by borrow_tool,agency preserved,True
2823,157,Milo,private task,recover focus,True,False,private task -> recover focus by return_tool,agency preserved,True
2824,157,Sera,recover focus,rest,True,False,recover focus -> rest by interrupt_work,resident boundary respected,True
2825,157,Tovan,work,rest,False,True,work -> rest by wait_offscreen,agency preserved,True
2826,158,Nia,negotiate debt,seek tool,False,False,negotiate debt -> seek tool by move,agency preserved,True
2827,158,Ari,seek tool,care duty,False,False,seek tool -> care duty by talk,agency preserved,True
2828,158,Fay,care duty,private task,True,False,care duty -> private task by offer_help,agency preserved,True
2829,158,Milo,private task,work,True,False,private task -> work by borrow_tool,agency preserved,True
2830,158,Sera,recover focus,work,True,False,recover focus -> work by return_tool,agency preserved,True
2831,158,Tovan,work,negotiate debt,True,False,work -> negotiate debt by interrupt_work,agency preserved,True
2832,158,Nia,rest,negotiate debt,False,True,rest -> negotiate debt by wait_offscreen,agency preserved,True
2833,158,Ari,negotiate debt,seek tool,True,False,negotiate debt -> seek tool by repair_trust,agency preserved,True
2834,158,Fay,seek tool,care duty,False,False,seek tool -> care duty by move,agency preserved,True
2835,158,Milo,care duty,private task,False,False,care duty -> private task by talk,agency preserved,True
2836,158,Sera,private task,recover focus,True,False,private task -> recover focus by offer_help,agency preserved,True
2837,158,Tovan,recover focus,rest,True,False,recover focus -> rest by borrow_tool,agency preserved,True
2838,158,Nia,work,rest,True,False,work -> rest by return_tool,agency preserved,True
2839,158,Ari,rest,seek tool,True,False,rest -> seek tool by interrupt_work,agency preserved,True
2840,158,Fay,negotiate debt,seek tool,False,True,negotiate debt -> seek tool by wait_offscreen,agency preserved,True
2841,158,Milo,seek tool,care duty,True,False,seek tool -> care duty by repair_trust,agency preserved,True
2842,158,Sera,care duty,private task,False,False,care duty -> private task by move,agency preserved,True
2843,158,Tovan,private task,recover focus,False,False,private task -> recover focus by talk,agency preserved,True
2844,159,Nia,work,negotiate debt,True,False,work -> negotiate debt by borrow_tool,resident boundary respected,True
2845,159,Ari,rest,negotiate debt,True,False,rest -> negotiate debt by return_tool,agency preserved,True
2846,159,Fay,negotiate debt,care duty,True,False,negotiate debt -> care duty by interrupt_work,agency preserved,True
2847,159,Milo,seek tool,care duty,False,True,seek tool -> care duty by wait_offscreen,agency preserved,True
2848,159,Sera,care duty,private task,True,False,care duty -> private task by repair_trust,agency preserved,True
2849,159,Tovan,private task,recover focus,False,False,private task -> recover focus by move,agency preserved,True
2850,159,Nia,recover focus,work,False,False,recover focus -> work by talk,agency preserved,True
2851,159,Ari,work,rest,True,False,work -> rest by offer_help,agency preserved,True
2852,159,Fay,rest,seek tool,True,False,rest -> seek tool by borrow_tool,resident boundary respected,True
2853,159,Milo,negotiate debt,seek tool,True,False,negotiate debt -> seek tool by return_tool,agency preserved,True
2854,159,Sera,seek tool,private task,True,False,seek tool -> private task by interrupt_work,agency preserved,True
2855,159,Tovan,care duty,private task,False,True,care duty -> private task by wait_offscreen,agency preserved,True
2856,159,Nia,private task,recover focus,True,False,private task -> recover focus by repair_trust,agency preserved,True
2857,159,Ari,recover focus,work,False,False,recover focus -> work by move,agency preserved,True
2858,159,Fay,work,rest,False,False,work -> rest by talk,agency preserved,True
2859,159,Milo,rest,negotiate debt,True,False,rest -> negotiate debt by offer_help,agency preserved,True
2860,159,Sera,negotiate debt,care duty,True,False,negotiate debt -> care duty by borrow_tool,resident boundary respected,True
2861,159,Tovan,seek tool,care duty,True,False,seek tool -> care duty by return_tool,agency preserved,True
2862,160,Nia,private task,recover focus,False,True,private task -> recover focus by wait_offscreen,agency preserved,True
2863,160,Ari,recover focus,work,True,False,recover focus -> work by repair_trust,agency preserved,True
2864,160,Fay,work,rest,False,False,work -> rest by move,agency preserved,True
2865,160,Milo,rest,negotiate debt,False,False,rest -> negotiate debt by talk,agency preserved,True
2866,160,Sera,negotiate debt,seek tool,True,False,negotiate debt -> seek tool by offer_help,agency preserved,True
2867,160,Tovan,seek tool,private task,True,False,seek tool -> private task by borrow_tool,agency preserved,True
2868,160,Nia,care duty,private task,True,False,care duty -> private task by return_tool,agency preserved,True
2869,160,Ari,private task,work,True,False,private task -> work by interrupt_work,agency preserved,True
2870,160,Fay,recover focus,work,False,True,recover focus -> work by wait_offscreen,agency preserved,True
2871,160,Milo,work,rest,True,False,work -> rest by repair_trust,agency preserved,True
2872,160,Sera,rest,negotiate debt,False,False,rest -> negotiate debt by move,agency preserved,True
2873,160,Tovan,negotiate debt,seek tool,False,False,negotiate debt -> seek tool by talk,agency preserved,True
2874,160,Nia,seek tool,care duty,True,False,seek tool -> care duty by offer_help,agency preserved,True
2875,160,Ari,care duty,recover focus,True,False,care duty -> recover focus by borrow_tool,agency preserved,True
2876,160,Fay,private task,recover focus,True,False,private task -> recover focus by return_tool,agency preserved,True
2877,160,Milo,recover focus,rest,True,False,recover focus -> rest by interrupt_work,agency preserved,True
2878,160,Sera,work,rest,False,True,work -> rest by wait_offscreen,agency preserved,True
2879,160,Tovan,rest,negotiate debt,True,True,rest -> negotiate debt by repair_trust,agency preserved,True
2880,161,Nia,seek tool,care duty,False,False,seek tool -> care duty by talk,agency preserved,True
2881,161,Ari,care duty,private task,True,False,care duty -> private task by offer_help,agency preserved,True
2882,161,Fay,private task,work,True,False,private task -> work by borrow_tool,agency preserved,True
2883,161,Milo,recover focus,work,True,False,recover focus -> work by return_tool,agency preserved,True
2884,161,Sera,work,negotiate debt,True,False,work -> negotiate debt by interrupt_work,resident boundary respected,True
2885,161,Tovan,rest,negotiate debt,False,True,rest -> negotiate debt by wait_offscreen,agency preserved,True
2886,161,Nia,negotiate debt,seek tool,True,False,negotiate debt -> seek tool by repair_trust,agency preserved,True
2887,161,Ari,seek tool,care duty,False,False,seek tool -> care duty by move,agency preserved,True
2888,161,Fay,care duty,private task,False,False,care duty -> private task by talk,agency preserved,True
2889,161,Milo,private task,recover focus,True,False,private task -> recover focus by offer_help,agency preserved,True
2890,161,Sera,recover focus,rest,True,False,recover focus -> rest by borrow_tool,agency preserved,True
2891,161,Tovan,work,rest,True,False,work -> rest by return_tool,agency preserved,True
2892,161,Nia,rest,seek tool,True,False,rest -> seek tool by interrupt_work,resident boundary respected,True
2893,161,Ari,negotiate debt,seek tool,False,True,negotiate debt -> seek tool by wait_offscreen,agency preserved,True
2894,161,Fay,seek tool,care duty,True,False,seek tool -> care duty by repair_trust,agency preserved,True
2895,161,Milo,care duty,private task,False,False,care duty -> private task by move,agency preserved,True
2896,161,Sera,private task,recover focus,False,False,private task -> recover focus by talk,agency preserved,True
2897,161,Tovan,recover focus,work,True,False,recover focus -> work by offer_help,agency preserved,True
2898,162,Nia,rest,negotiate debt,True,False,rest -> negotiate debt by return_tool,agency preserved,True
2899,162,Ari,negotiate debt,care duty,True,False,negotiate debt -> care duty by interrupt_work,agency preserved,True
2900,162,Fay,seek tool,care duty,False,True,seek tool -> care duty by wait_offscreen,agency preserved,True
2901,162,Milo,care duty,private task,True,False,care duty -> private task by repair_trust,agency preserved,True
2902,162,Sera,private task,recover focus,False,False,private task -> recover focus by move,agency preserved,True
2903,162,Tovan,recover focus,work,False,False,recover focus -> work by talk,agency preserved,True
2904,162,Nia,work,rest,True,False,work -> rest by offer_help,agency preserved,True
2905,162,Ari,rest,seek tool,True,False,rest -> seek tool by borrow_tool,agency preserved,True
2906,162,Fay,negotiate debt,seek tool,True,False,negotiate debt -> seek tool by return_tool,agency preserved,True
2907,162,Milo,seek tool,private task,True,False,seek tool -> private task by interrupt_work,agency preserved,True
2908,162,Sera,care duty,private task,False,True,care duty -> private task by wait_offscreen,agency preserved,True
2909,162,Tovan,private task,recover focus,True,False,private task -> recover focus by repair_trust,agency preserved,True
2910,162,Nia,recover focus,work,False,False,recover focus -> work by move,agency preserved,True
2911,162,Ari,work,rest,False,False,work -> rest by talk,agency preserved,True
2912,162,Fay,rest,negotiate debt,True,False,rest -> negotiate debt by offer_help,agency preserved,True
2913,162,Milo,negotiate debt,care duty,True,False,negotiate debt -> care duty by borrow_tool,agency preserved,True
2914,162,Sera,seek tool,care duty,True,False,seek tool -> care duty by return_tool,agency preserved,True
2915,162,Tovan,care duty,recover focus,True,False,care duty -> recover focus by interrupt_work,agency preserved,True
2916,163,Nia,recover focus,work,True,False,recover focus -> work by repair_trust,agency preserved,True
2917,163,Ari,work,rest,False,False,work -> rest by move,agency preserved,True
2918,163,Fay,rest,negotiate debt,False,False,rest -> negotiate debt by talk,agency preserved,True
2919,163,Milo,negotiate debt,seek tool,True,False,negotiate debt -> seek tool by offer_help,agency preserved,True
2920,163,Sera,seek tool,private task,True,False,seek tool -> private task by borrow_tool,resident boundary respected,True
2921,163,Tovan,care duty,private task,True,False,care duty -> private task by return_tool,agency preserved,True
2922,163,Nia,private task,work,True,False,private task -> work by interrupt_work,agency preserved,True
2923,163,Ari,recover focus,work,False,True,recover focus -> work by wait_offscreen,agency preserved,True
2924,163,Fay,work,rest,True,False,work -> rest by repair_trust,agency preserved,True
2925,163,Milo,rest,negotiate debt,False,False,rest -> negotiate debt by move,agency preserved,True
2926,163,Sera,negotiate debt,seek tool,False,False,negotiate debt -> seek tool by talk,agency preserved,True
2927,163,Tovan,seek tool,care duty,True,False,seek tool -> care duty by offer_help,agency preserved,True
2928,163,Nia,care duty,recover focus,True,False,care duty -> recover focus by borrow_tool,resident boundary respected,True
2929,163,Ari,private task,recover focus,True,False,private task -> recover focus by return_tool,agency preserved,True
2930,163,Fay,recover focus,rest,True,False,recover focus -> rest by interrupt_work,agency preserved,True
2931,163,Milo,work,rest,False,True,work -> rest by wait_offscreen,agency preserved,True
2932,163,Sera,rest,negotiate debt,True,False,rest -> negotiate debt by repair_trust,agency preserved,True
2933,163,Tovan,negotiate debt,seek tool,False,False,negotiate debt -> seek tool by move,agency preserved,True
2934,164,Nia,care duty,private task,True,True,care duty -> private task by offer_help,agency preserved,True
2935,164,Ari,private task,work,True,False,private task -> work by borrow_tool,agency preserved,True
2936,164,Fay,recover focus,work,True,False,recover focus -> work by return_tool,agency preserved,True
2937,164,Milo,work,negotiate debt,True,False,work -> negotiate debt by interrupt_work,agency preserved,True
2938,164,Sera,rest,negotiate debt,False,True,rest -> negotiate debt by wait_offscreen,agency preserved,True
2939,164,Tovan,negotiate debt,seek tool,True,False,negotiate debt -> seek tool by repair_trust,agency preserved,True
2940,164,Nia,seek tool,care duty,False,False,seek tool -> care duty by move,agency preserved,True
2941,164,Ari,care duty,private task,False,False,care duty -> private task by talk,agency preserved,True
2942,164,Fay,private task,recover focus,True,False,private task -> recover focus by offer_help,agency preserved,True
2943,164,Milo,recover focus,rest,True,False,recover focus -> rest by borrow_tool,agency preserved,True
2944,164,Sera,work,rest,True,False,work -> rest by return_tool,agency preserved,True
2945,164,Tovan,rest,seek tool,True,False,rest -> seek tool by interrupt_work,agency preserved,True
2946,164,Nia,negotiate debt,seek tool,False,True,negotiate debt -> seek tool by wait_offscreen,agency preserved,True
2947,164,Ari,seek tool,care duty,True,False,seek tool -> care duty by repair_trust,agency preserved,True
2948,164,Fay,care duty,private task,False,False,care duty -> private task by move,agency preserved,True
2949,164,Milo,private task,recover focus,False,False,private task -> recover focus by talk,agency preserved,True
2950,164,Sera,recover focus,work,True,False,recover focus -> work by offer_help,agency preserved,True
2951,164,Tovan,work,negotiate debt,True,True,work -> negotiate debt by borrow_tool,agency preserved,True
2952,165,Nia,negotiate debt,care duty,True,False,negotiate debt -> care duty by interrupt_work,resident boundary respected,True
2953,165,Ari,seek tool,care duty,False,True,seek tool -> care duty by wait_offscreen,agency preserved,True
2954,165,Fay,care duty,private task,True,False,care duty -> private task by repair_trust,agency preserved,True
2955,165,Milo,private task,recover focus,False,False,private task -> recover focus by move,agency preserved,True
2956,165,Sera,recover focus,work,False,False,recover focus -> work by talk,agency preserved,True
2957,165,Tovan,work,rest,True,False,work -> rest by offer_help,agency preserved,True
2958,165,Nia,rest,seek tool,True,False,rest -> seek tool by borrow_tool,agency preserved,True
2959,165,Ari,negotiate debt,seek tool,True,False,negotiate debt -> seek tool by return_tool,agency preserved,True
2960,165,Fay,seek tool,private task,True,False,seek tool -> private task by interrupt_work,resident boundary respected,True
2961,165,Milo,care duty,private task,False,True,care duty -> private task by wait_offscreen,agency preserved,True
2962,165,Sera,private task,recover focus,True,False,private task -> recover focus by repair_trust,agency preserved,True
2963,165,Tovan,recover focus,work,False,False,recover focus -> work by move,agency preserved,True
2964,165,Nia,work,rest,False,False,work -> rest by talk,agency preserved,True
2965,165,Ari,rest,negotiate debt,True,False,rest -> negotiate debt by offer_help,agency preserved,True
2966,165,Fay,negotiate debt,care duty,True,False,negotiate debt -> care duty by borrow_tool,agency preserved,True
2967,165,Milo,seek tool,care duty,True,False,seek tool -> care duty by return_tool,agency preserved,True
2968,165,Sera,care duty,recover focus,True,False,care duty -> recover focus by interrupt_work,resident boundary respected,True
2969,165,Tovan,private task,recover focus,False,True,private task -> recover focus by wait_offscreen,agency preserved,True
2970,166,Nia,work,rest,False,False,work -> rest by move,agency preserved,True
2971,166,Ari,rest,negotiate debt,False,False,rest -> negotiate debt by talk,agency preserved,True
2972,166,Fay,negotiate debt,seek tool,True,False,negotiate debt -> seek tool by offer_help,agency preserved,True
2973,166,Milo,seek tool,private task,True,False,seek tool -> private task by borrow_tool,agency preserved,True
2974,166,Sera,care duty,private task,True,False,care duty -> private task by return_tool,agency preserved,True
2975,166,Tovan,private task,work,True,False,private task -> work by interrupt_work,agency preserved,True
2976,166,Nia,recover focus,work,False,True,recover focus -> work by wait_offscreen,agency preserved,True
2977,166,Ari,work,rest,True,False,work -> rest by repair_trust,agency preserved,True
2978,166,Fay,rest,negotiate debt,False,False,rest -> negotiate debt by move,agency preserved,True
2979,166,Milo,negotiate debt,seek tool,False,False,negotiate debt -> seek tool by talk,agency preserved,True
2980,166,Sera,seek tool,care duty,True,False,seek tool -> care duty by offer_help,agency preserved,True
2981,166,Tovan,care duty,recover focus,True,False,care duty -> recover focus by borrow_tool,agency preserved,True
2982,166,Nia,private task,recover focus,True,False,private task -> recover focus by return_tool,agency preserved,True
2983,166,Ari,recover focus,rest,True,False,recover focus -> rest by interrupt_work,agency preserved,True
2984,166,Fay,work,rest,False,True,work -> rest by wait_offscreen,agency preserved,True
2985,166,Milo,rest,negotiate debt,True,False,rest -> negotiate debt by repair_trust,agency preserved,True
2986,166,Sera,negotiate debt,seek tool,False,False,negotiate debt -> seek tool by move,agency preserved,True
2987,166,Tovan,seek tool,care duty,False,False,seek tool -> care duty by talk,agency preserved,True
2988,167,Nia,private task,work,True,False,private task -> work by borrow_tool,resident boundary respected,True
2989,167,Ari,recover focus,work,True,False,recover focus -> work by return_tool,agency preserved,True
2990,167,Fay,work,negotiate debt,True,False,work -> negotiate debt by interrupt_work,agency preserved,True
2991,167,Milo,rest,negotiate debt,False,True,rest -> negotiate debt by wait_offscreen,agency preserved,True
2992,167,Sera,negotiate debt,seek tool,True,False,negotiate debt -> seek tool by repair_trust,agency preserved,True
2993,167,Tovan,seek tool,care duty,False,False,seek tool -> care duty by move,agency preserved,True
2994,167,Nia,care duty,private task,False,False,care duty -> private task by talk,agency preserved,True
2995,167,Ari,private task,recover focus,True,False,private task -> recover focus by offer_help,agency preserved,True
2996,167,Fay,recover focus,rest,True,False,recover focus -> rest by borrow_tool,resident boundary respected,True
2997,167,Milo,work,rest,True,False,work -> rest by return_tool,agency preserved,True
2998,167,Sera,rest,seek tool,True,False,rest -> seek tool by interrupt_work,agency preserved,True
2999,167,Tovan,negotiate debt,seek tool,False,True,negotiate debt -> seek tool by wait_offscreen,agency preserved,True
3000,167,Nia,seek tool,care duty,True,False,seek tool -> care duty by repair_trust,agency preserved,True
3001,167,Ari,care duty,private task,False,False,care duty -> private task by move,agency preserved,True
3002,167,Fay,private task,recover focus,False,False,private task -> recover focus by talk,agency preserved,True
3003,167,Milo,recover focus,work,True,False,recover focus -> work by offer_help,agency preserved,True
3004,167,Sera,work,negotiate debt,True,False,work -> negotiate debt by borrow_tool,resident boundary respected,True
3005,167,Tovan,rest,negotiate debt,True,False,rest -> negotiate debt by return_tool,agency preserved,True
3006,168,Nia,seek tool,care duty,False,True,seek tool -> care duty by wait_offscreen,agency preserved,True
3007,168,Ari,care duty,private task,True,False,care duty -> private task by repair_trust,agency preserved,True
3008,168,Fay,private task,recover focus,False,False,private task -> recover focus by move,agency preserved,True
3009,168,Milo,recover focus,work,False,False,recover focus -> work by talk,agency preserved,True
3010,168,Sera,work,rest,True,False,work -> rest by offer_help,agency preserved,True
3011,168,Tovan,rest,seek tool,True,False,rest -> seek tool by borrow_tool,agency preserved,True
3012,168,Nia,negotiate debt,seek tool,True,False,negotiate debt -> seek tool by return_tool,agency preserved,True
3013,168,Ari,seek tool,private task,True,False,seek tool -> private task by interrupt_work,agency preserved,True
3014,168,Fay,care duty,private task,False,True,care duty -> private task by wait_offscreen,agency preserved,True
3015,168,Milo,private task,recover focus,True,False,private task -> recover focus by repair_trust,agency preserved,True
3016,168,Sera,recover focus,work,False,False,recover focus -> work by move,agency preserved,True
3017,168,Tovan,work,rest,False,False,work -> rest by talk,agency preserved,True
3018,168,Nia,rest,negotiate debt,True,False,rest -> negotiate debt by offer_help,agency preserved,True
3019,168,Ari,negotiate debt,care duty,True,False,negotiate debt -> care duty by borrow_tool,agency preserved,True
3020,168,Fay,seek tool,care duty,True,False,seek tool -> care duty by return_tool,agency preserved,True
3021,168,Milo,care duty,recover focus,True,False,care duty -> recover focus by interrupt_work,agency preserved,True
3022,168,Sera,private task,recover focus,False,True,private task -> recover focus by wait_offscreen,agency preserved,True
3023,168,Tovan,recover focus,work,True,True,recover focus -> work by repair_trust,agency preserved,True
3024,169,Nia,rest,negotiate debt,False,False,rest -> negotiate debt by talk,agency preserved,True
3025,169,Ari,negotiate debt,seek tool,True,False,negotiate debt -> seek tool by offer_help,agency preserved,True
3026,169,Fay,seek tool,private task,True,False,seek tool -> private task by borrow_tool,agency preserved,True
3027,169,Milo,care duty,private task,True,False,care duty -> private task by return_tool,agency preserved,True
3028,169,Sera,private task,work,True,False,private task -> work by interrupt_work,resident boundary respected,True
3029,169,Tovan,recover focus,work,False,True,recover focus -> work by wait_offscreen,agency preserved,True
3030,169,Nia,work,rest,True,False,work -> rest by repair_trust,agency preserved,True
3031,169,Ari,rest,negotiate debt,False,False,rest -> negotiate debt by move,agency preserved,True
3032,169,Fay,negotiate debt,seek tool,False,False,negotiate debt -> seek tool by talk,agency preserved,True
3033,169,Milo,seek tool,care duty,True,False,seek tool -> care duty by offer_help,agency preserved,True
3034,169,Sera,care duty,recover focus,True,False,care duty -> recover focus by borrow_tool,agency preserved,True
3035,169,Tovan,private task,recover focus,True,False,private task -> recover focus by return_tool,agency preserved,True
3036,169,Nia,recover focus,rest,True,False,recover focus -> rest by interrupt_work,resident boundary respected,True
3037,169,Ari,work,rest,False,True,work -> rest by wait_offscreen,agency preserved,True
3038,169,Fay,rest,negotiate debt,True,False,rest -> negotiate debt by repair_trust,agency preserved,True
3039,169,Milo,negotiate debt,seek tool,False,False,negotiate debt -> seek tool by move,agency preserved,True
3040,169,Sera,seek tool,care duty,False,False,seek tool -> care duty by talk,agency preserved,True
3041,169,Tovan,care duty,private task,True,False,care duty -> private task by offer_help,agency preserved,True
3042,170,Nia,recover focus,work,True,False,recover focus -> work by return_tool,agency preserved,True
3043,170,Ari,work,negotiate debt,True,False,work -> negotiate debt by interrupt_work,agency preserved,True
3044,170,Fay,rest,negotiate debt,False,True,rest -> negotiate debt by wait_offscreen,agency preserved,True
3045,170,Milo,negotiate debt,seek tool,True,False,negotiate debt -> seek tool by repair_trust,agency preserved,True
3046,170,Sera,seek tool,care duty,False,False,seek tool -> care duty by move,agency preserved,True
3047,170,Tovan,care duty,private task,False,False,care duty -> private task by talk,agency preserved,True
3048,170,Nia,private task,recover focus,True,False,private task -> recover focus by offer_help,agency preserved,True
3049,170,Ari,recover focus,rest,True,False,recover focus -> rest by borrow_tool,agency preserved,True
3050,170,Fay,work,rest,True,False,work -> rest by return_tool,agency preserved,True
3051,170,Milo,rest,seek tool,True,False,rest -> seek tool by interrupt_work,agency preserved,True
3052,170,Sera,negotiate debt,seek tool,False,True,negotiate debt -> seek tool by wait_offscreen,agency preserved,True
3053,170,Tovan,seek tool,care duty,True,False,seek tool -> care duty by repair_trust,agency preserved,True
3054,170,Nia,care duty,private task,False,False,care duty -> private task by move,agency preserved,True
3055,170,Ari,private task,recover focus,False,False,private task -> recover focus by talk,agency preserved,True
3056,170,Fay,recover focus,work,True,False,recover focus -> work by offer_help,agency preserved,True
3057,170,Milo,work,negotiate debt,True,False,work -> negotiate debt by borrow_tool,agency preserved,True
3058,170,Sera,rest,negotiate debt,True,False,rest -> negotiate debt by return_tool,agency preserved,True
3059,170,Tovan,negotiate debt,care duty,True,False,negotiate debt -> care duty by interrupt_work,agency preserved,True
3060,171,Nia,care duty,private task,True,False,care duty -> private task by repair_trust,agency preserved,True
3061,171,Ari,private task,recover focus,False,False,private task -> recover focus by move,agency preserved,True
3062,171,Fay,recover focus,work,False,False,recover focus -> work by talk,agency preserved,True
3063,171,Milo,work,rest,True,False,work -> rest by offer_help,agency preserved,True
3064,171,Sera,rest,seek tool,True,False,rest -> seek tool by borrow_tool,resident boundary respected,True
3065,171,Tovan,negotiate debt,seek tool,True,False,negotiate debt -> seek tool by return_tool,agency preserved,True
3066,171,Nia,seek tool,private task,True,False,seek tool -> private task by interrupt_work,agency preserved,True
3067,171,Ari,care duty,private task,False,True,care duty -> private task by wait_offscreen,agency preserved,True
3068,171,Fay,private task,recover focus,True,False,private task -> recover focus by repair_trust,agency preserved,True
3069,171,Milo,recover focus,work,False,False,recover focus -> work by move,agency preserved,True
3070,171,Sera,work,rest,False,False,work -> rest by talk,agency preserved,True
3071,171,Tovan,rest,negotiate debt,True,False,rest -> negotiate debt by offer_help,agency preserved,True
3072,171,Nia,negotiate debt,care duty,True,False,negotiate debt -> care duty by borrow_tool,resident boundary respected,True
3073,171,Ari,seek tool,care duty,True,False,seek tool -> care duty by return_tool,agency preserved,True
3074,171,Fay,care duty,recover focus,True,False,care duty -> recover focus by interrupt_work,agency preserved,True
3075,171,Milo,private task,recover focus,False,True,private task -> recover focus by wait_offscreen,agency preserved,True
3076,171,Sera,recover focus,work,True,False,recover focus -> work by repair_trust,agency preserved,True
3077,171,Tovan,work,rest,False,False,work -> rest by move,agency preserved,True
3078,172,Nia,negotiate debt,seek tool,True,True,negotiate debt -> seek tool by offer_help,agency preserved,True
3079,172,Ari,seek tool,private task,True,False,seek tool -> private task by borrow_tool,agency preserved,True
3080,172,Fay,care duty,private task,True,False,care duty -> private task by return_tool,agency preserved,True
3081,172,Milo,private task,work,True,False,private task -> work by interrupt_work,agency preserved,True
3082,172,Sera,recover focus,work,False,True,recover focus -> work by wait_offscreen,agency preserved,True
3083,172,Tovan,work,rest,True,False,work -> rest by repair_trust,agency preserved,True
3084,172,Nia,rest,negotiate debt,False,False,rest -> negotiate debt by move,agency preserved,True
3085,172,Ari,negotiate debt,seek tool,False,False,negotiate debt -> seek tool by talk,agency preserved,True
3086,172,Fay,seek tool,care duty,True,False,seek tool -> care duty by offer_help,agency preserved,True
3087,172,Milo,care duty,recover focus,True,False,care duty -> recover focus by borrow_tool,agency preserved,True
3088,172,Sera,private task,recover focus,True,False,private task -> recover focus by return_tool,agency preserved,True
3089,172,Tovan,recover focus,rest,True,False,recover focus -> rest by interrupt_work,agency preserved,True
3090,172,Nia,work,rest,False,True,work -> rest by wait_offscreen,agency preserved,True
3091,172,Ari,rest,negotiate debt,True,False,rest -> negotiate debt by repair_trust,agency preserved,True
3092,172,Fay,negotiate debt,seek tool,False,False,negotiate debt -> seek tool by move,agency preserved,True
3093,172,Milo,seek tool,care duty,False,False,seek tool -> care duty by talk,agency preserved,True
3094,172,Sera,care duty,private task,True,False,care duty -> private task by offer_help,agency preserved,True
3095,172,Tovan,private task,work,True,True,private task -> work by borrow_tool,agency preserved,True
3096,173,Nia,work,negotiate debt,True,False,work -> negotiate debt by interrupt_work,resident boundary respected,True
3097,173,Ari,rest,negotiate debt,False,True,rest -> negotiate debt by wait_offscreen,agency preserved,True
3098,173,Fay,negotiate debt,seek tool,True,False,negotiate debt -> seek tool by repair_trust,agency preserved,True
3099,173,Milo,seek tool,care duty,False,False,seek tool -> care duty by move,agency preserved,True
3100,173,Sera,care duty,private task,False,False,care duty -> private task by talk,agency preserved,True
3101,173,Tovan,private task,recover focus,True,False,private task -> recover focus by offer_help,agency preserved,True
3102,173,Nia,recover focus,rest,True,False,recover focus -> rest by borrow_tool,agency preserved,True
3103,173,Ari,work,rest,True,False,work -> rest by return_tool,agency preserved,True
3104,173,Fay,rest,seek tool,True,False,rest -> seek tool by interrupt_work,resident boundary respected,True
3105,173,Milo,negotiate debt,seek tool,False,True,negotiate debt -> seek tool by wait_offscreen,agency preserved,True
3106,173,Sera,seek tool,care duty,True,False,seek tool -> care duty by repair_trust,agency preserved,True
3107,173,Tovan,care duty,private task,False,False,care duty -> private task by move,agency preserved,True
3108,173,Nia,private task,recover focus,False,False,private task -> recover focus by talk,agency preserved,True
3109,173,Ari,recover focus,work,True,False,recover focus -> work by offer_help,agency preserved,True
3110,173,Fay,work,negotiate debt,True,False,work -> negotiate debt by borrow_tool,agency preserved,True
3111,173,Milo,rest,negotiate debt,True,False,rest -> negotiate debt by return_tool,agency preserved,True
3112,173,Sera,negotiate debt,care duty,True,False,negotiate debt -> care duty by interrupt_work,resident boundary respected,True
3113,173,Tovan,seek tool,care duty,False,True,seek tool -> care duty by wait_offscreen,agency preserved,True
3114,174,Nia,private task,recover focus,False,False,private task -> recover focus by move,agency preserved,True
3115,174,Ari,recover focus,work,False,False,recover focus -> work by talk,agency preserved,True
3116,174,Fay,work,rest,True,False,work -> rest by offer_help,agency preserved,True
3117,174,Milo,rest,seek tool,True,False,rest -> seek tool by borrow_tool,agency preserved,True
3118,174,Sera,negotiate debt,seek tool,True,False,negotiate debt -> seek tool by return_tool,agency preserved,True
3119,174,Tovan,seek tool,private task,True,False,seek tool -> private task by interrupt_work,agency preserved,True
3120,174,Nia,care duty,private task,False,True,care duty -> private task by wait_offscreen,agency preserved,True
3121,174,Ari,private task,recover focus,True,False,private task -> recover focus by repair_trust,agency preserved,True
3122,174,Fay,recover focus,work,False,False,recover focus -> work by move,agency preserved,True
3123,174,Milo,work,rest,False,False,work -> rest by talk,agency preserved,True
3124,174,Sera,rest,negotiate debt,True,False,rest -> negotiate debt by offer_help,agency preserved,True
3125,174,Tovan,negotiate debt,care duty,True,False,negotiate debt -> care duty by borrow_tool,agency preserved,True
3126,174,Nia,seek tool,care duty,True,False,seek tool -> care duty by return_tool,agency preserved,True
3127,174,Ari,care duty,recover focus,True,False,care duty -> recover focus by interrupt_work,agency preserved,True
3128,174,Fay,private task,recover focus,False,True,private task -> recover focus by wait_offscreen,agency preserved,True
3129,174,Milo,recover focus,work,True,False,recover focus -> work by repair_trust,agency preserved,True
3130,174,Sera,work,rest,False,False,work -> rest by move,agency preserved,True
3131,174,Tovan,rest,negotiate debt,False,False,rest -> negotiate debt by talk,agency preserved,True
3132,175,Nia,seek tool,private task,True,False,seek tool -> private task by borrow_tool,resident boundary respected,True
3133,175,Ari,care duty,private task,True,False,care duty -> private task by return_tool,agency preserved,True
3134,175,Fay,private task,work,True,False,private task -> work by interrupt_work,agency preserved,True
3135,175,Milo,recover focus,work,False,True,recover focus -> work by wait_offscreen,agency preserved,True
3136,175,Sera,work,rest,True,False,work -> rest by repair_trust,agency preserved,True
3137,175,Tovan,rest,negotiate debt,False,False,rest -> negotiate debt by move,agency preserved,True
3138,175,Nia,negotiate debt,seek tool,False,False,negotiate debt -> seek tool by talk,agency preserved,True
3139,175,Ari,seek tool,care duty,True,False,seek tool -> care duty by offer_help,agency preserved,True
3140,175,Fay,care duty,recover focus,True,False,care duty -> recover focus by borrow_tool,resident boundary respected,True
3141,175,Milo,private task,recover focus,True,False,private task -> recover focus by return_tool,agency preserved,True
3142,175,Sera,recover focus,rest,True,False,recover focus -> rest by interrupt_work,agency preserved,True
3143,175,Tovan,work,rest,False,True,work -> rest by wait_offscreen,agency preserved,True
3144,175,Nia,rest,negotiate debt,True,False,rest -> negotiate debt by repair_trust,agency preserved,True
3145,175,Ari,negotiate debt,seek tool,False,False,negotiate debt -> seek tool by move,agency preserved,True
3146,175,Fay,seek tool,care duty,False,False,seek tool -> care duty by talk,agency preserved,True
3147,175,Milo,care duty,private task,True,False,care duty -> private task by offer_help,agency preserved,True
3148,175,Sera,private task,work,True,False,private task -> work by borrow_tool,resident boundary respected,True
3149,175,Tovan,recover focus,work,True,False,recover focus -> work by return_tool,agency preserved,True
3150,176,Nia,rest,negotiate debt,False,True,rest -> negotiate debt by wait_offscreen,agency preserved,True
3151,176,Ari,negotiate debt,seek tool,True,False,negotiate debt -> seek tool by repair_trust,agency preserved,True
3152,176,Fay,seek tool,care duty,False,False,seek tool -> care duty by move,agency preserved,True
3153,176,Milo,care duty,private task,False,False,care duty -> private task by talk,agency preserved,True
3154,176,Sera,private task,recover focus,True,False,private task -> recover focus by offer_help,agency preserved,True
3155,176,Tovan,recover focus,rest,True,False,recover focus -> rest by borrow_tool,agency preserved,True
3156,176,Nia,work,rest,True,False,work -> rest by return_tool,agency preserved,True
3157,176,Ari,rest,seek tool,True,False,rest -> seek tool by interrupt_work,agency preserved,True
3158,176,Fay,negotiate debt,seek tool,False,True,negotiate debt -> seek tool by wait_offscreen,agency preserved,True
3159,176,Milo,seek tool,care duty,True,False,seek tool -> care duty by repair_trust,agency preserved,True
3160,176,Sera,care duty,private task,False,False,care duty -> private task by move,agency preserved,True
3161,176,Tovan,private task,recover focus,False,False,private task -> recover focus by talk,agency preserved,True
3162,176,Nia,recover focus,work,True,False,recover focus -> work by offer_help,agency preserved,True
3163,176,Ari,work,negotiate debt,True,False,work -> negotiate debt by borrow_tool,agency preserved,True
3164,176,Fay,rest,negotiate debt,True,False,rest -> negotiate debt by return_tool,agency preserved,True
3165,176,Milo,negotiate debt,care duty,True,False,negotiate debt -> care duty by interrupt_work,agency preserved,True
3166,176,Sera,seek tool,care duty,False,True,seek tool -> care duty by wait_offscreen,agency preserved,True
3167,176,Tovan,care duty,private task,True,True,care duty -> private task by repair_trust,agency preserved,True
3168,177,Nia,recover focus,work,False,False,recover focus -> work by talk,agency preserved,True
3169,177,Ari,work,rest,True,False,work -> rest by offer_help,agency preserved,True
3170,177,Fay,rest,seek tool,True,False,rest -> seek tool by borrow_tool,agency preserved,True
3171,177,Milo,negotiate debt,seek tool,True,False,negotiate debt -> seek tool by return_tool,agency preserved,True
3172,177,Sera,seek tool,private task,True,False,seek tool -> private task by interrupt_work,resident boundary respected,True
3173,177,Tovan,care duty,private task,False,True,care duty -> private task by wait_offscreen,agency preserved,True
3174,177,Nia,private task,recover focus,True,False,private task -> recover focus by repair_trust,agency preserved,True
3175,177,Ari,recover focus,work,False,False,recover focus -> work by move,agency preserved,True
3176,177,Fay,work,rest,False,False,work -> rest by talk,agency preserved,True
3177,177,Milo,rest,negotiate debt,True,False,rest -> negotiate debt by offer_help,agency preserved,True
3178,177,Sera,negotiate debt,care duty,True,False,negotiate debt -> care duty by borrow_tool,agency preserved,True
3179,177,Tovan,seek tool,care duty,True,False,seek tool -> care duty by return_tool,agency preserved,True
3180,177,Nia,care duty,recover focus,True,False,care duty -> recover focus by interrupt_work,resident boundary respected,True
3181,177,Ari,private task,recover focus,False,True,private task -> recover focus by wait_offscreen,agency preserved,True
3182,177,Fay,recover focus,work,True,False,recover focus -> work by repair_trust,agency preserved,True
3183,177,Milo,work,rest,False,False,work -> rest by move,agency preserved,True
3184,177,Sera,rest,negotiate debt,False,False,rest -> negotiate debt by talk,agency preserved,True
3185,177,Tovan,negotiate debt,seek tool,True,False,negotiate debt -> seek tool by offer_help,agency preserved,True
3186,178,Nia,care duty,private task,True,False,care duty -> private task by return_tool,agency preserved,True
3187,178,Ari,private task,work,True,False,private task -> work by interrupt_work,agency preserved,True
3188,178,Fay,recover focus,work,False,True,recover focus -> work by wait_offscreen,agency preserved,True
3189,178,Milo,work,rest,True,False,work -> rest by repair_trust,agency preserved,True
3190,178,Sera,rest,negotiate debt,False,False,rest -> negotiate debt by move,agency preserved,True
3191,178,Tovan,negotiate debt,seek tool,False,False,negotiate debt -> seek tool by talk,agency preserved,True
3192,178,Nia,seek tool,care duty,True,False,seek tool -> care duty by offer_help,agency preserved,True
3193,178,Ari,care duty,recover focus,True,False,care duty -> recover focus by borrow_tool,agency preserved,True
3194,178,Fay,private task,recover focus,True,False,private task -> recover focus by return_tool,agency preserved,True
3195,178,Milo,recover focus,rest,True,False,recover focus -> rest by interrupt_work,agency preserved,True
3196,178,Sera,work,rest,False,True,work -> rest by wait_offscreen,agency preserved,True
3197,178,Tovan,rest,negotiate debt,True,False,rest -> negotiate debt by repair_trust,agency preserved,True
3198,178,Nia,negotiate debt,seek tool,False,False,negotiate debt -> seek tool by move,agency preserved,True
3199,178,Ari,seek tool,care duty,False,False,seek tool -> care duty by talk,agency preserved,True
3200,178,Fay,care duty,private task,True,False,care duty -> private task by offer_help,agency preserved,True
3201,178,Milo,private task,work,True,False,private task -> work by borrow_tool,agency preserved,True
3202,178,Sera,recover focus,work,True,False,recover focus -> work by return_tool,agency preserved,True
3203,178,Tovan,work,negotiate debt,True,False,work -> negotiate debt by interrupt_work,agency preserved,True
3204,179,Nia,negotiate debt,seek tool,True,False,negotiate debt -> seek tool by repair_trust,agency preserved,True
3205,179,Ari,seek tool,care duty,False,False,seek tool -> care duty by move,agency preserved,True
3206,179,Fay,care duty,private task,False,False,care duty -> private task by talk,agency preserved,True
3207,179,Milo,private task,recover focus,True,False,private task -> recover focus by offer_help,agency preserved,True
3208,179,Sera,recover focus,rest,True,False,recover focus -> rest by borrow_tool,resident boundary respected,True
3209,179,Tovan,work,rest,True,False,work -> rest by return_tool,agency preserved,True
3210,179,Nia,rest,seek tool,True,False,rest -> seek tool by interrupt_work,agency preserved,True
3211,179,Ari,negotiate debt,seek tool,False,True,negotiate debt -> seek tool by wait_offscreen,agency preserved,True
3212,179,Fay,seek tool,care duty,True,False,seek tool -> care duty by repair_trust,agency preserved,True
3213,179,Milo,care duty,private task,False,False,care duty -> private task by move,agency preserved,True
3214,179,Sera,private task,recover focus,False,False,private task -> recover focus by talk,agency preserved,True
3215,179,Tovan,recover focus,work,True,False,recover focus -> work by offer_help,agency preserved,True
3216,179,Nia,work,negotiate debt,True,False,work -> negotiate debt by borrow_tool,resident boundary respected,True
3217,179,Ari,rest,negotiate debt,True,False,rest -> negotiate debt by return_tool,agency preserved,True
3218,179,Fay,negotiate debt,care duty,True,False,negotiate debt -> care duty by interrupt_work,agency preserved,True
3219,179,Milo,seek tool,care duty,False,True,seek tool -> care duty by wait_offscreen,agency preserved,True
3220,179,Sera,care duty,private task,True,False,care duty -> private task by repair_trust,agency preserved,True
3221,179,Tovan,private task,recover focus,False,False,private task -> recover focus by move,agency preserved,True
3222,180,Nia,work,rest,True,True,work -> rest by offer_help,agency preserved,True
3223,180,Ari,rest,seek tool,True,False,rest -> seek tool by borrow_tool,agency preserved,True
3224,180,Fay,negotiate debt,seek tool,True,False,negotiate debt -> seek tool by return_tool,agency preserved,True
3225,180,Milo,seek tool,private task,True,False,seek tool -> private task by interrupt_work,agency preserved,True
3226,180,Sera,care duty,private task,False,True,care duty -> private task by wait_offscreen,agency preserved,True
3227,180,Tovan,private task,recover focus,True,False,private task -> recover focus by repair_trust,agency preserved,True
3228,180,Nia,recover focus,work,False,False,recover focus -> work by move,agency preserved,True
3229,180,Ari,work,rest,False,False,work -> rest by talk,agency preserved,True
3230,180,Fay,rest,negotiate debt,True,False,rest -> negotiate debt by offer_help,agency preserved,True
3231,180,Milo,negotiate debt,care duty,True,False,negotiate debt -> care duty by borrow_tool,agency preserved,True
3232,180,Sera,seek tool,care duty,True,False,seek tool -> care duty by return_tool,agency preserved,True
3233,180,Tovan,care duty,recover focus,True,False,care duty -> recover focus by interrupt_work,agency preserved,True
3234,180,Nia,private task,recover focus,False,True,private task -> recover focus by wait_offscreen,agency preserved,True
3235,180,Ari,recover focus,work,True,False,recover focus -> work by repair_trust,agency preserved,True
3236,180,Fay,work,rest,False,False,work -> rest by move,agency preserved,True
3237,180,Milo,rest,negotiate debt,False,False,rest -> negotiate debt by talk,agency preserved,True
3238,180,Sera,negotiate debt,seek tool,True,False,negotiate debt -> seek tool by offer_help,agency preserved,True
3239,180,Tovan,seek tool,private task,True,True,seek tool -> private task by borrow_tool,agency preserved,True
3240,181,Nia,private task,work,True,False,private task -> work by interrupt_work,resident boundary respected,True
3241,181,Ari,recover focus,work,False,True,recover focus -> work by wait_offscreen,agency preserved,True
3242,181,Fay,work,rest,True,False,work -> rest by repair_trust,agency preserved,True
3243,181,Milo,rest,negotiate debt,False,False,rest -> negotiate debt by move,agency preserved,True
3244,181,Sera,negotiate debt,seek tool,False,False,negotiate debt -> seek tool by talk,agency preserved,True
3245,181,Tovan,seek tool,care duty,True,False,seek tool -> care duty by offer_help,agency preserved,True
3246,181,Nia,care duty,recover focus,True,False,care duty -> recover focus by borrow_tool,agency preserved,True
3247,181,Ari,private task,recover focus,True,False,private task -> recover focus by return_tool,agency preserved,True
3248,181,Fay,recover focus,rest,True,False,recover focus -> rest by interrupt_work,resident boundary respected,True
3249,181,Milo,work,rest,False,True,work -> rest by wait_offscreen,agency preserved,True
3250,181,Sera,rest,negotiate debt,True,False,rest -> negotiate debt by repair_trust,agency preserved,True
3251,181,Tovan,negotiate debt,seek tool,False,False,negotiate debt -> seek tool by move,agency preserved,True
3252,181,Nia,seek tool,care duty,False,False,seek tool -> care duty by talk,agency preserved,True
3253,181,Ari,care duty,private task,True,False,care duty -> private task by offer_help,agency preserved,True
3254,181,Fay,private task,work,True,False,private task -> work by borrow_tool,agency preserved,True
3255,181,Milo,recover focus,work,True,False,recover focus -> work by return_tool,agency preserved,True
3256,181,Sera,work,negotiate debt,True,False,work -> negotiate debt by interrupt_work,resident boundary respected,True
3257,181,Tovan,rest,negotiate debt,False,True,rest -> negotiate debt by wait_offscreen,agency preserved,True
3258,182,Nia,seek tool,care duty,False,False,seek tool -> care duty by move,agency preserved,True
3259,182,Ari,care duty,private task,False,False,care duty -> private task by talk,agency preserved,True
3260,182,Fay,private task,recover focus,True,False,private task -> recover focus by offer_help,agency preserved,True
3261,182,Milo,recover focus,rest,True,False,recover focus -> rest by borrow_tool,agency preserved,True
3262,182,Sera,work,rest,True,False,work -> rest by return_tool,agency preserved,True
3263,182,Tovan,rest,seek tool,True,False,rest -> seek tool by interrupt_work,agency preserved,True
3264,182,Nia,negotiate debt,seek tool,False,True,negotiate debt -> seek tool by wait_offscreen,agency preserved,True
3265,182,Ari,seek tool,care duty,True,False,seek tool -> care duty by repair_trust,agency preserved,True
3266,182,Fay,care duty,private task,False,False,care duty -> private task by move,agency preserved,True
3267,182,Milo,private task,recover focus,False,False,private task -> recover focus by talk,agency preserved,True
3268,182,Sera,recover focus,work,True,False,recover focus -> work by offer_help,agency preserved,True
3269,182,Tovan,work,negotiate debt,True,False,work -> negotiate debt by borrow_tool,agency preserved,True
3270,182,Nia,rest,negotiate debt,True,False,rest -> negotiate debt by return_tool,agency preserved,True
3271,182,Ari,negotiate debt,care duty,True,False,negotiate debt -> care duty by interrupt_work,agency preserved,True
3272,182,Fay,seek tool,care duty,False,True,seek tool -> care duty by wait_offscreen,agency preserved,True
3273,182,Milo,care duty,private task,True,False,care duty -> private task by repair_trust,agency preserved,True
3274,182,Sera,private task,recover focus,False,False,private task -> recover focus by move,agency preserved,True
3275,182,Tovan,recover focus,work,False,False,recover focus -> work by talk,agency preserved,True
3276,183,Nia,rest,seek tool,True,False,rest -> seek tool by borrow_tool,resident boundary respected,True
3277,183,Ari,negotiate debt,seek tool,True,False,negotiate debt -> seek tool by return_tool,agency preserved,True
3278,183,Fay,seek tool,private task,True,False,seek tool -> private task by interrupt_work,agency preserved,True
3279,183,Milo,care duty,private task,False,True,care duty -> private task by wait_offscreen,agency preserved,True
3280,183,Sera,private task,recover focus,True,False,private task -> recover focus by repair_trust,agency preserved,True
3281,183,Tovan,recover focus,work,False,False,recover focus -> work by move,agency preserved,True
3282,183,Nia,work,rest,False,False,work -> rest by talk,agency preserved,True
3283,183,Ari,rest,negotiate debt,True,False,rest -> negotiate debt by offer_help,agency preserved,True
3284,183,Fay,negotiate debt,care duty,True,False,negotiate debt -> care duty by borrow_tool,resident boundary respected,True
3285,183,Milo,seek tool,care duty,True,False,seek tool -> care duty by return_tool,agency preserved,True
3286,183,Sera,care duty,recover focus,True,False,care duty -> recover focus by interrupt_work,agency preserved,True
3287,183,Tovan,private task,recover focus,False,True,private task -> recover focus by wait_offscreen,agency preserved,True
3288,183,Nia,recover focus,work,True,False,recover focus -> work by repair_trust,agency preserved,True
3289,183,Ari,work,rest,False,False,work -> rest by move,agency preserved,True
3290,183,Fay,rest,negotiate debt,False,False,rest -> negotiate debt by talk,agency preserved,True
3291,183,Milo,negotiate debt,seek tool,True,False,negotiate debt -> seek tool by offer_help,agency preserved,True
3292,183,Sera,seek tool,private task,True,False,seek tool -> private task by borrow_tool,resident boundary respected,True
3293,183,Tovan,care duty,private task,True,False,care duty -> private task by return_tool,agency preserved,True
3294,184,Nia,recover focus,work,False,True,recover focus -> work by wait_offscreen,agency preserved,True
3295,184,Ari,work,rest,True,False,work -> rest by repair_trust,agency preserved,True
3296,184,Fay,rest,negotiate debt,False,False,rest -> negotiate debt by move,agency preserved,True
3297,184,Milo,negotiate debt,seek tool,False,False,negotiate debt -> seek tool by talk,agency preserved,True
3298,184,Sera,seek tool,care duty,True,False,seek tool -> care duty by offer_help,agency preserved,True
3299,184,Tovan,care duty,recover focus,True,False,care duty -> recover focus by borrow_tool,agency preserved,True
3300,184,Nia,private task,recover focus,True,False,private task -> recover focus by return_tool,agency preserved,True
3301,184,Ari,recover focus,rest,True,False,recover focus -> rest by interrupt_work,agency preserved,True
3302,184,Fay,work,rest,False,True,work -> rest by wait_offscreen,agency preserved,True
3303,184,Milo,rest,negotiate debt,True,False,rest -> negotiate debt by repair_trust,agency preserved,True
3304,184,Sera,negotiate debt,seek tool,False,False,negotiate debt -> seek tool by move,agency preserved,True
3305,184,Tovan,seek tool,care duty,False,False,seek tool -> care duty by talk,agency preserved,True
3306,184,Nia,care duty,private task,True,False,care duty -> private task by offer_help,agency preserved,True
3307,184,Ari,private task,work,True,False,private task -> work by borrow_tool,agency preserved,True
3308,184,Fay,recover focus,work,True,False,recover focus -> work by return_tool,agency preserved,True
3309,184,Milo,work,negotiate debt,True,False,work -> negotiate debt by interrupt_work,agency preserved,True
3310,184,Sera,rest,negotiate debt,False,True,rest -> negotiate debt by wait_offscreen,agency preserved,True
3311,184,Tovan,negotiate debt,seek tool,True,True,negotiate debt -> seek tool by repair_trust,agency preserved,True
3312,185,Nia,care duty,private task,False,False,care duty -> private task by talk,agency preserved,True
3313,185,Ari,private task,recover focus,True,False,private task -> recover focus by offer_help,agency preserved,True
3314,185,Fay,recover focus,rest,True,False,recover focus -> rest by borrow_tool,agency preserved,True
3315,185,Milo,work,rest,True,False,work -> rest by return_tool,agency preserved,True
3316,185,Sera,rest,seek tool,True,False,rest -> seek tool by interrupt_work,resident boundary respected,True
3317,185,Tovan,negotiate debt,seek tool,False,True,negotiate debt -> seek tool by wait_offscreen,agency preserved,True
3318,185,Nia,seek tool,care duty,True,False,seek tool -> care duty by repair_trust,agency preserved,True
3319,185,Ari,care duty,private task,False,False,care duty -> private task by move,agency preserved,True
3320,185,Fay,private task,recover focus,False,False,private task -> recover focus by talk,agency preserved,True
3321,185,Milo,recover focus,work,True,False,recover focus -> work by offer_help,agency preserved,True
3322,185,Sera,work,negotiate debt,True,False,work -> negotiate debt by borrow_tool,agency preserved,True
3323,185,Tovan,rest,negotiate debt,True,False,rest -> negotiate debt by return_tool,agency preserved,True
3324,185,Nia,negotiate debt,care duty,True,False,negotiate debt -> care duty by interrupt_work,resident boundary respected,True
3325,185,Ari,seek tool,care duty,False,True,seek tool -> care duty by wait_offscreen,agency preserved,True
3326,185,Fay,care duty,private task,True,False,care duty -> private task by repair_trust,agency preserved,True
3327,185,Milo,private task,recover focus,False,False,private task -> recover focus by move,agency preserved,True
3328,185,Sera,recover focus,work,False,False,recover focus -> work by talk,agency preserved,True
3329,185,Tovan,work,rest,True,False,work -> rest by offer_help,agency preserved,True
3330,186,Nia,negotiate debt,seek tool,True,False,negotiate debt -> seek tool by return_tool,agency preserved,True
3331,186,Ari,seek tool,private task,True,False,seek tool -> private task by interrupt_work,agency preserved,True
3332,186,Fay,care duty,private task,False,True,care duty -> private task by wait_offscreen,agency preserved,True
3333,186,Milo,private task,recover focus,True,False,private task -> recover focus by repair_trust,agency preserved,True
3334,186,Sera,recover focus,work,False,False,recover focus -> work by move,agency preserved,True
3335,186,Tovan,work,rest,False,False,work -> rest by talk,agency preserved,True
3336,186,Nia,rest,negotiate debt,True,False,rest -> negotiate debt by offer_help,agency preserved,True
3337,186,Ari,negotiate debt,care duty,True,False,negotiate debt -> care duty by borrow_tool,agency preserved,True
3338,186,Fay,seek tool,care duty,True,False,seek tool -> care duty by return_tool,agency preserved,True
3339,186,Milo,care duty,recover focus,True,False,care duty -> recover focus by interrupt_work,agency preserved,True
3340,186,Sera,private task,recover focus,False,True,private task -> recover focus by wait_offscreen,agency preserved,True
3341,186,Tovan,recover focus,work,True,False,recover focus -> work by repair_trust,agency preserved,True
3342,186,Nia,work,rest,False,False,work -> rest by move,agency preserved,True
3343,186,Ari,rest,negotiate debt,False,False,rest -> negotiate debt by talk,agency preserved,True
3344,186,Fay,negotiate debt,seek tool,True,False,negotiate debt -> seek tool by offer_help,agency preserved,True
3345,186,Milo,seek tool,private task,True,False,seek tool -> private task by borrow_tool,agency preserved,True
3346,186,Sera,care duty,private task,True,False,care duty -> private task by return_tool,agency preserved,True
3347,186,Tovan,private task,work,True,False,private task -> work by interrupt_work,agency preserved,True
3348,187,Nia,work,rest,True,False,work -> rest by repair_trust,agency preserved,True
3349,187,Ari,rest,negotiate debt,False,False,rest -> negotiate debt by move,agency preserved,True
3350,187,Fay,negotiate debt,seek tool,False,False,negotiate debt -> seek tool by talk,agency preserved,True
3351,187,Milo,seek tool,care duty,True,False,seek tool -> care duty by offer_help,agency preserved,True
3352,187,Sera,care duty,recover focus,True,False,care duty -> recover focus by borrow_tool,resident boundary respected,True
3353,187,Tovan,private task,recover focus,True,False,private task -> recover focus by return_tool,agency preserved,True
3354,187,Nia,recover focus,rest,True,False,recover focus -> rest by interrupt_work,agency preserved,True
3355,187,Ari,work,rest,False,True,work -> rest by wait_offscreen,agency preserved,True
3356,187,Fay,rest,negotiate debt,True,False,rest -> negotiate debt by repair_trust,agency preserved,True
3357,187,Milo,negotiate debt,seek tool,False,False,negotiate debt -> seek tool by move,agency preserved,True
3358,187,Sera,seek tool,care duty,False,False,seek tool -> care duty by talk,agency preserved,True
3359,187,Tovan,care duty,private task,True,False,care duty -> private task by offer_help,agency preserved,True
3360,187,Nia,private task,work,True,False,private task -> work by borrow_tool,resident boundary respected,True
3361,187,Ari,recover focus,work,True,False,recover focus -> work by return_tool,agency preserved,True
3362,187,Fay,work,negotiate debt,True,False,work -> negotiate debt by interrupt_work,agency preserved,True
3363,187,Milo,rest,negotiate debt,False,True,rest -> negotiate debt by wait_offscreen,agency preserved,True
3364,187,Sera,negotiate debt,seek tool,True,False,negotiate debt -> seek tool by repair_trust,agency preserved,True
3365,187,Tovan,seek tool,care duty,False,False,seek tool -> care duty by move,agency preserved,True
3366,188,Nia,private task,recover focus,True,True,private task -> recover focus by offer_help,agency preserved,True
3367,188,Ari,recover focus,rest,True,False,recover focus -> rest by borrow_tool,agency preserved,True
3368,188,Fay,work,rest,True,False,work -> rest by return_tool,agency preserved,True
3369,188,Milo,rest,seek tool,True,False,rest -> seek tool by interrupt_work,agency preserved,True
3370,188,Sera,negotiate debt,seek tool,False,True,negotiate debt -> seek tool by wait_offscreen,agency preserved,True
3371,188,Tovan,seek tool,care duty,True,False,seek tool -> care duty by repair_trust,agency preserved,True
3372,188,Nia,care duty,private task,False,False,care duty -> private task by move,agency preserved,True
3373,188,Ari,private task,recover focus,False,False,private task -> recover focus by talk,agency preserved,True
3374,188,Fay,recover focus,work,True,False,recover focus -> work by offer_help,agency preserved,True
3375,188,Milo,work,negotiate debt,True,False,work -> negotiate debt by borrow_tool,agency preserved,True
3376,188,Sera,rest,negotiate debt,True,False,rest -> negotiate debt by return_tool,agency preserved,True
3377,188,Tovan,negotiate debt,care duty,True,False,negotiate debt -> care duty by interrupt_work,agency preserved,True
3378,188,Nia,seek tool,care duty,False,True,seek tool -> care duty by wait_offscreen,agency preserved,True
3379,188,Ari,care duty,private task,True,False,care duty -> private task by repair_trust,agency preserved,True
3380,188,Fay,private task,recover focus,False,False,private task -> recover focus by move,agency preserved,True
3381,188,Milo,recover focus,work,False,False,recover focus -> work by talk,agency preserved,True
3382,188,Sera,work,rest,True,False,work -> rest by offer_help,agency preserved,True
3383,188,Tovan,rest,seek tool,True,True,rest -> seek tool by borrow_tool,agency preserved,True
3384,189,Nia,seek tool,private task,True,False,seek tool -> private task by interrupt_work,resident boundary respected,True
3385,189,Ari,care duty,private task,False,True,care duty -> private task by wait_offscreen,agency preserved,True
3386,189,Fay,private task,recover focus,True,False,private task -> recover focus by repair_trust,agency preserved,True
3387,189,Milo,recover focus,work,False,False,recover focus -> work by move,agency preserved,True
3388,189,Sera,work,rest,False,False,work -> rest by talk,agency preserved,True
3389,189,Tovan,rest,negotiate debt,True,False,rest -> negotiate debt by offer_help,agency preserved,True
3390,189,Nia,negotiate debt,care duty,True,False,negotiate debt -> care duty by borrow_tool,agency preserved,True
3391,189,Ari,seek tool,care duty,True,False,seek tool -> care duty by return_tool,agency preserved,True
3392,189,Fay,care duty,recover focus,True,False,care duty -> recover focus by interrupt_work,resident boundary respected,True
3393,189,Milo,private task,recover focus,False,True,private task -> recover focus by wait_offscreen,agency preserved,True
3394,189,Sera,recover focus,work,True,False,recover focus -> work by repair_trust,agency preserved,True
3395,189,Tovan,work,rest,False,False,work -> rest by move,agency preserved,True
3396,189,Nia,rest,negotiate debt,False,False,rest -> negotiate debt by talk,agency preserved,True
3397,189,Ari,negotiate debt,seek tool,True,False,negotiate debt -> seek tool by offer_help,agency preserved,True
3398,189,Fay,seek tool,private task,True,False,seek tool -> private task by borrow_tool,agency preserved,True
3399,189,Milo,care duty,private task,True,False,care duty -> private task by return_tool,agency preserved,True
3400,189,Sera,private task,work,True,False,private task -> work by interrupt_work,resident boundary respected,True
3401,189,Tovan,recover focus,work,False,True,recover focus -> work by wait_offscreen,agency preserved,True
3402,190,Nia,rest,negotiate debt,False,False,rest -> negotiate debt by move,agency preserved,True
3403,190,Ari,negotiate debt,seek tool,False,False,negotiate debt -> seek tool by talk,agency preserved,True
3404,190,Fay,seek tool,care duty,True,False,seek tool -> care duty by offer_help,agency preserved,True
3405,190,Milo,care duty,recover focus,True,False,care duty -> recover focus by borrow_tool,agency preserved,True
3406,190,Sera,private task,recover focus,True,False,private task -> recover focus by return_tool,agency preserved,True
3407,190,Tovan,recover focus,rest,True,False,recover focus -> rest by interrupt_work,agency preserved,True
3408,190,Nia,work,rest,False,True,work -> rest by wait_offscreen,agency preserved,True
3409,190,Ari,rest,negotiate debt,True,False,rest -> negotiate debt by repair_trust,agency preserved,True
3410,190,Fay,negotiate debt,seek tool,False,False,negotiate debt -> seek tool by move,agency preserved,True
3411,190,Milo,seek tool,care duty,False,False,seek tool -> care duty by talk,agency preserved,True
3412,190,Sera,care duty,private task,True,False,care duty -> private task by offer_help,agency preserved,True
3413,190,Tovan,private task,work,True,False,private task -> work by borrow_tool,agency preserved,True
3414,190,Nia,recover focus,work,True,False,recover focus -> work by return_tool,agency preserved,True
3415,190,Ari,work,negotiate debt,True,False,work -> negotiate debt by interrupt_work,agency preserved,True
3416,190,Fay,rest,negotiate debt,False,True,rest -> negotiate debt by wait_offscreen,agency preserved,True
3417,190,Milo,negotiate debt,seek tool,True,False,negotiate debt -> seek tool by repair_trust,agency preserved,True
3418,190,Sera,seek tool,care duty,False,False,seek tool -> care duty by move,agency preserved,True
3419,190,Tovan,care duty,private task,False,False,care duty -> private task by talk,agency preserved,True
3420,191,Nia,recover focus,rest,True,False,recover focus -> rest by borrow_tool,resident boundary respected,True
3421,191,Ari,work,rest,True,False,work -> rest by return_tool,agency preserved,True
3422,191,Fay,rest,seek tool,True,False,rest -> seek tool by interrupt_work,agency preserved,True
3423,191,Milo,negotiate debt,seek tool,False,True,negotiate debt -> seek tool by wait_offscreen,agency preserved,True
3424,191,Sera,seek tool,care duty,True,False,seek tool -> care duty by repair_trust,agency preserved,True
3425,191,Tovan,care duty,private task,False,False,care duty -> private task by move,agency preserved,True
3426,191,Nia,private task,recover focus,False,False,private task -> recover focus by talk,agency preserved,True
3427,191,Ari,recover focus,work,True,False,recover focus -> work by offer_help,agency preserved,True
3428,191,Fay,work,negotiate debt,True,False,work -> negotiate debt by borrow_tool,resident boundary respected,True
3429,191,Milo,rest,negotiate debt,True,False,rest -> negotiate debt by return_tool,agency preserved,True
3430,191,Sera,negotiate debt,care duty,True,False,negotiate debt -> care duty by interrupt_work,agency preserved,True
3431,191,Tovan,seek tool,care duty,False,True,seek tool -> care duty by wait_offscreen,agency preserved,True
3432,191,Nia,care duty,private task,True,False,care duty -> private task by repair_trust,agency preserved,True
3433,191,Ari,private task,recover focus,False,False,private task -> recover focus by move,agency preserved,True
3434,191,Fay,recover focus,work,False,False,recover focus -> work by talk,agency preserved,True
3435,191,Milo,work,rest,True,False,work -> rest by offer_help,agency preserved,True
3436,191,Sera,rest,seek tool,True,False,rest -> seek tool by borrow_tool,resident boundary respected,True
3437,191,Tovan,negotiate debt,seek tool,True,False,negotiate debt -> seek tool by return_tool,agency preserved,True
3438,192,Nia,care duty,private task,False,True,care duty -> private task by wait_offscreen,agency preserved,True
3439,192,Ari,private task,recover focus,True,False,private task -> recover focus by repair_trust,agency preserved,True
3440,192,Fay,recover focus,work,False,False,recover focus -> work by move,agency preserved,True
3441,192,Milo,work,rest,False,False,work -> rest by talk,agency preserved,True
3442,192,Sera,rest,negotiate debt,True,False,rest -> negotiate debt by offer_help,agency preserved,True
3443,192,Tovan,negotiate debt,care duty,True,False,negotiate debt -> care duty by borrow_tool,agency preserved,True
3444,192,Nia,seek tool,care duty,True,False,seek tool -> care duty by return_tool,agency preserved,True
3445,192,Ari,care duty,recover focus,True,False,care duty -> recover focus by interrupt_work,agency preserved,True
3446,192,Fay,private task,recover focus,False,True,private task -> recover focus by wait_offscreen,agency preserved,True
3447,192,Milo,recover focus,work,True,False,recover focus -> work by repair_trust,agency preserved,True
3448,192,Sera,work,rest,False,False,work -> rest by move,agency preserved,True
3449,192,Tovan,rest,negotiate debt,False,False,rest -> negotiate debt by talk,agency preserved,True
3450,192,Nia,negotiate debt,seek tool,True,False,negotiate debt -> seek tool by offer_help,agency preserved,True
3451,192,Ari,seek tool,private task,True,False,seek tool -> private task by borrow_tool,agency preserved,True
3452,192,Fay,care duty,private task,True,False,care duty -> private task by return_tool,agency preserved,True
3453,192,Milo,private task,work,True,False,private task -> work by interrupt_work,agency preserved,True
3454,192,Sera,recover focus,work,False,True,recover focus -> work by wait_offscreen,agency preserved,True
3455,192,Tovan,work,rest,True,True,work -> rest by repair_trust,agency preserved,True
3456,193,Nia,negotiate debt,seek tool,False,False,negotiate debt -> seek tool by talk,agency preserved,True
3457,193,Ari,seek tool,care duty,True,False,seek tool -> care duty by offer_help,agency preserved,True
3458,193,Fay,care duty,recover focus,True,False,care duty -> recover focus by borrow_tool,agency preserved,True
3459,193,Milo,private task,recover focus,True,False,private task -> recover focus by return_tool,agency preserved,True
3460,193,Sera,recover focus,rest,True,False,recover focus -> rest by interrupt_work,resident boundary respected,True
3461,193,Tovan,work,rest,False,True,work -> rest by wait_offscreen,agency preserved,True
3462,193,Nia,rest,negotiate debt,True,False,rest -> negotiate debt by repair_trust,agency preserved,True
3463,193,Ari,negotiate debt,seek tool,False,False,negotiate debt -> seek tool by move,agency preserved,True
3464,193,Fay,seek tool,care duty,False,False,seek tool -> care duty by talk,agency preserved,True
3465,193,Milo,care duty,private task,True,False,care duty -> private task by offer_help,agency preserved,True
3466,193,Sera,private task,work,True,False,private task -> work by borrow_tool,agency preserved,True
3467,193,Tovan,recover focus,work,True,False,recover focus -> work by return_tool,agency preserved,True
3468,193,Nia,work,negotiate debt,True,False,work -> negotiate debt by interrupt_work,resident boundary respected,True
3469,193,Ari,rest,negotiate debt,False,True,rest -> negotiate debt by wait_offscreen,agency preserved,True
3470,193,Fay,negotiate debt,seek tool,True,False,negotiate debt -> seek tool by repair_trust,agency preserved,True
3471,193,Milo,seek tool,care duty,False,False,seek tool -> care duty by move,agency preserved,True
3472,193,Sera,care duty,private task,False,False,care duty -> private task by talk,agency preserved,True
3473,193,Tovan,private task,recover focus,True,False,private task -> recover focus by offer_help,agency preserved,True
3474,194,Nia,work,rest,True,False,work -> rest by return_tool,agency preserved,True
3475,194,Ari,rest,seek tool,True,False,rest -> seek tool by interrupt_work,agency preserved,True
3476,194,Fay,negotiate debt,seek tool,False,True,negotiate debt -> seek tool by wait_offscreen,agency preserved,True
3477,194,Milo,seek tool,care duty,True,False,seek tool -> care duty by repair_trust,agency preserved,True
3478,194,Sera,care duty,private task,False,False,care duty -> private task by move,agency preserved,True
3479,194,Tovan,private task,recover focus,False,False,private task -> recover focus by talk,agency preserved,True
3480,194,Nia,recover focus,work,True,False,recover focus -> work by offer_help,agency preserved,True
3481,194,Ari,work,negotiate debt,True,False,work -> negotiate debt by borrow_tool,agency preserved,True
3482,194,Fay,rest,negotiate debt,True,False,rest -> negotiate debt by return_tool,agency preserved,True
3483,194,Milo,negotiate debt,care duty,True,False,negotiate debt -> care duty by interrupt_work,agency preserved,True
3484,194,Sera,seek tool,care duty,False,True,seek tool -> care duty by wait_offscreen,agency preserved,True
3485,194,Tovan,care duty,private task,True,False,care duty -> private task by repair_trust,agency preserved,True
3486,194,Nia,private task,recover focus,False,False,private task -> recover focus by move,agency preserved,True
3487,194,Ari,recover focus,work,False,False,recover focus -> work by talk,agency preserved,True
3488,194,Fay,work,rest,True,False,work -> rest by offer_help,agency preserved,True
3489,194,Milo,rest,seek tool,True,False,rest -> seek tool by borrow_tool,agency preserved,True
3490,194,Sera,negotiate debt,seek tool,True,False,negotiate debt -> seek tool by return_tool,agency preserved,True
3491,194,Tovan,seek tool,private task,True,False,seek tool -> private task by interrupt_work,agency preserved,True
3492,195,Nia,private task,recover focus,True,False,private task -> recover focus by repair_trust,agency preserved,True
3493,195,Ari,recover focus,work,False,False,recover focus -> work by move,agency preserved,True
3494,195,Fay,work,rest,False,False,work -> rest by talk,agency preserved,True
3495,195,Milo,rest,negotiate debt,True,False,rest -> negotiate debt by offer_help,agency preserved,True
3496,195,Sera,negotiate debt,care duty,True,False,negotiate debt -> care duty by borrow_tool,resident boundary respected,True
3497,195,Tovan,seek tool,care duty,True,False,seek tool -> care duty by return_tool,agency preserved,True
3498,195,Nia,care duty,recover focus,True,False,care duty -> recover focus by interrupt_work,agency preserved,True
3499,195,Ari,private task,recover focus,False,True,private task -> recover focus by wait_offscreen,agency preserved,True
3500,195,Fay,recover focus,work,True,False,recover focus -> work by repair_trust,agency preserved,True
3501,195,Milo,work,rest,False,False,work -> rest by move,agency preserved,True
3502,195,Sera,rest,negotiate debt,False,False,rest -> negotiate debt by talk,agency preserved,True
3503,195,Tovan,negotiate debt,seek tool,True,False,negotiate debt -> seek tool by offer_help,agency preserved,True
3504,195,Nia,seek tool,private task,True,False,seek tool -> private task by borrow_tool,resident boundary respected,True
3505,195,Ari,care duty,private task,True,False,care duty -> private task by return_tool,agency preserved,True
3506,195,Fay,private task,work,True,False,private task -> work by interrupt_work,agency preserved,True
3507,195,Milo,recover focus,work,False,True,recover focus -> work by wait_offscreen,agency preserved,True
3508,195,Sera,work,rest,True,False,work -> rest by repair_trust,agency preserved,True
3509,195,Tovan,rest,negotiate debt,False,False,rest -> negotiate debt by move,agency preserved,True
3510,196,Nia,seek tool,care duty,True,True,seek tool -> care duty by offer_help,agency preserved,True
3511,196,Ari,care duty,recover focus,True,False,care duty -> recover focus by borrow_tool,agency preserved,True
3512,196,Fay,private task,recover focus,True,False,private task -> recover focus by return_tool,agency preserved,True
3513,196,Milo,recover focus,rest,True,False,recover focus -> rest by interrupt_work,agency preserved,True
3514,196,Sera,work,rest,False,True,work -> rest by wait_offscreen,agency preserved,True
3515,196,Tovan,rest,negotiate debt,True,False,rest -> negotiate debt by repair_trust,agency preserved,True
3516,196,Nia,negotiate debt,seek tool,False,False,negotiate debt -> seek tool by move,agency preserved,True
3517,196,Ari,seek tool,care duty,False,False,seek tool -> care duty by talk,agency preserved,True
3518,196,Fay,care duty,private task,True,False,care duty -> private task by offer_help,agency preserved,True
3519,196,Milo,private task,work,True,False,private task -> work by borrow_tool,agency preserved,True
3520,196,Sera,recover focus,work,True,False,recover focus -> work by return_tool,agency preserved,True
3521,196,Tovan,work,negotiate debt,True,False,work -> negotiate debt by interrupt_work,agency preserved,True
3522,196,Nia,rest,negotiate debt,False,True,rest -> negotiate debt by wait_offscreen,agency preserved,True
3523,196,Ari,negotiate debt,seek tool,True,False,negotiate debt -> seek tool by repair_trust,agency preserved,True
3524,196,Fay,seek tool,care duty,False,False,seek tool -> care duty by move,agency preserved,True
3525,196,Milo,care duty,private task,False,False,care duty -> private task by talk,agency preserved,True
3526,196,Sera,private task,recover focus,True,False,private task -> recover focus by offer_help,agency preserved,True
3527,196,Tovan,recover focus,rest,True,True,recover focus -> rest by borrow_tool,agency preserved,True
3528,197,Nia,rest,seek tool,True,False,rest -> seek tool by interrupt_work,resident boundary respected,True
3529,197,Ari,negotiate debt,seek tool,False,True,negotiate debt -> seek tool by wait_offscreen,agency preserved,True
3530,197,Fay,seek tool,care duty,True,False,seek tool -> care duty by repair_trust,agency preserved,True
3531,197,Milo,care duty,private task,False,False,care duty -> private task by move,agency preserved,True
3532,197,Sera,private task,recover focus,False,False,private task -> recover focus by talk,agency preserved,True
3533,197,Tovan,recover focus,work,True,False,recover focus -> work by offer_help,agency preserved,True
3534,197,Nia,work,negotiate debt,True,False,work -> negotiate debt by borrow_tool,agency preserved,True
3535,197,Ari,rest,negotiate debt,True,False,rest -> negotiate debt by return_tool,agency preserved,True
3536,197,Fay,negotiate debt,care duty,True,False,negotiate debt -> care duty by interrupt_work,resident boundary respected,True
3537,197,Milo,seek tool,care duty,False,True,seek tool -> care duty by wait_offscreen,agency preserved,True
3538,197,Sera,care duty,private task,True,False,care duty -> private task by repair_trust,agency preserved,True
3539,197,Tovan,private task,recover focus,False,False,private task -> recover focus by move,agency preserved,True
3540,197,Nia,recover focus,work,False,False,recover focus -> work by talk,agency preserved,True
3541,197,Ari,work,rest,True,False,work -> rest by offer_help,agency preserved,True
3542,197,Fay,rest,seek tool,True,False,rest -> seek tool by borrow_tool,agency preserved,True
3543,197,Milo,negotiate debt,seek tool,True,False,negotiate debt -> seek tool by return_tool,agency preserved,True
3544,197,Sera,seek tool,private task,True,False,seek tool -> private task by interrupt_work,resident boundary respected,True
3545,197,Tovan,care duty,private task,False,True,care duty -> private task by wait_offscreen,agency preserved,True
3546,198,Nia,recover focus,work,False,False,recover focus -> work by move,agency preserved,True
3547,198,Ari,work,rest,False,False,work -> rest by talk,agency preserved,True
3548,198,Fay,rest,negotiate debt,True,False,rest -> negotiate debt by offer_help,agency preserved,True
3549,198,Milo,negotiate debt,care duty,True,False,negotiate debt -> care duty by borrow_tool,agency preserved,True
3550,198,Sera,seek tool,care duty,True,False,seek tool -> care duty by return_tool,agency preserved,True
3551,198,Tovan,care duty,recover focus,True,False,care duty -> recover focus by interrupt_work,agency preserved,True
3552,198,Nia,private task,recover focus,False,True,private task -> recover focus by wait_offscreen,agency preserved,True
3553,198,Ari,recover focus,work,True,False,recover focus -> work by repair_trust,agency preserved,True
3554,198,Fay,work,rest,False,False,work -> rest by move,agency preserved,True
3555,198,Milo,rest,negotiate debt,False,False,rest -> negotiate debt by talk,agency preserved,True
3556,198,Sera,negotiate debt,seek tool,True,False,negotiate debt -> seek tool by offer_help,agency preserved,True
3557,198,Tovan,seek tool,private task,True,False,seek tool -> private task by borrow_tool,agency preserved,True
3558,198,Nia,care duty,private task,True,False,care duty -> private task by return_tool,agency preserved,True
3559,198,Ari,private task,work,True,False,private task -> work by interrupt_work,agency preserved,True
3560,198,Fay,recover focus,work,False,True,recover focus -> work by wait_offscreen,agency preserved,True
3561,198,Milo,work,rest,True,False,work -> rest by repair_trust,agency preserved,True
3562,198,Sera,rest,negotiate debt,False,False,rest -> negotiate debt by move,agency preserved,True
3563,198,Tovan,negotiate debt,seek tool,False,False,negotiate debt -> seek tool by talk,agency preserved,True
3564,199,Nia,care duty,recover focus,True,False,care duty -> recover focus by borrow_tool,resident boundary respected,True
3565,199,Ari,private task,recover focus,True,False,private task -> recover focus by return_tool,agency preserved,True
3566,199,Fay,recover focus,rest,True,False,recover focus -> rest by interrupt_work,agency preserved,True
3567,199,Milo,work,rest,False,True,work -> rest by wait_offscreen,agency preserved,True
3568,199,Sera,rest,negotiate debt,True,False,rest -> negotiate debt by repair_trust,agency preserved,True
3569,199,Tovan,negotiate debt,seek tool,False,False,negotiate debt -> seek tool by move,agency preserved,True
3570,199,Nia,seek tool,care duty,False,False,seek tool -> care duty by talk,agency preserved,True
3571,199,Ari,care duty,private task,True,False,care duty -> private task by offer_help,agency preserved,True
3572,199,Fay,private task,work,True,False,private task -> work by borrow_tool,resident boundary respected,True
3573,199,Milo,recover focus,work,True,False,recover focus -> work by return_tool,agency preserved,True
3574,199,Sera,work,negotiate debt,True,False,work -> negotiate debt by interrupt_work,agency preserved,True
3575,199,Tovan,rest,negotiate debt,False,True,rest -> negotiate debt by wait_offscreen,agency preserved,True
3576,199,Nia,negotiate debt,seek tool,True,False,negotiate debt -> seek tool by repair_trust,agency preserved,True
3577,199,Ari,seek tool,care duty,False,False,seek tool -> care duty by move,agency preserved,True
3578,199,Fay,care duty,private task,False,False,care duty -> private task by talk,agency preserved,True
3579,199,Milo,private task,recover focus,True,False,private task -> recover focus by offer_help,agency preserved,True
3580,199,Sera,recover focus,rest,True,False,recover focus -> rest by borrow_tool,resident boundary respected,True
3581,199,Tovan,work,rest,True,False,work -> rest by return_tool,agency preserved,True
3582,200,Nia,negotiate debt,seek tool,False,True,negotiate debt -> seek tool by wait_offscreen,agency preserved,True
3583,200,Ari,seek tool,care duty,True,False,seek tool -> care duty by repair_trust,agency preserved,True
3584,200,Fay,care duty,private task,False,False,care duty -> private task by move,agency preserved,True
3585,200,Milo,private task,recover focus,False,False,private task -> recover focus by talk,agency preserved,True
3586,200,Sera,recover focus,work,True,False,recover focus -> work by offer_help,agency preserved,True
3587,200,Tovan,work,negotiate debt,True,False,work -> negotiate debt by borrow_tool,agency preserved,True
3588,200,Nia,rest,negotiate debt,True,False,rest -> negotiate debt by return_tool,agency preserved,True
3589,200,Ari,negotiate debt,care duty,True,False,negotiate debt -> care duty by interrupt_work,agency preserved,True
3590,200,Fay,seek tool,care duty,False,True,seek tool -> care duty by wait_offscreen,agency preserved,True
3591,200,Milo,care duty,private task,True,False,care duty -> private task by repair_trust,agency preserved,True
3592,200,Sera,private task,recover focus,False,False,private task -> recover focus by move,agency preserved,True
3593,200,Tovan,recover focus,work,False,False,recover focus -> work by talk,agency preserved,True
3594,200,Nia,work,rest,True,False,work -> rest by offer_help,agency preserved,True
3595,200,Ari,rest,seek tool,True,False,rest -> seek tool by borrow_tool,agency preserved,True
3596,200,Fay,negotiate debt,seek tool,True,False,negotiate debt -> seek tool by return_tool,agency preserved,True
3597,200,Milo,seek tool,private task,True,False,seek tool -> private task by interrupt_work,agency preserved,True
3598,200,Sera,care duty,private task,False,True,care duty -> private task by wait_offscreen,agency preserved,True
3599,200,Tovan,private task,recover focus,True,True,private task -> recover focus by repair_trust,agency preserved,True
3600,201,Nia,work,rest,False,False,work -> rest by talk,agency preserved,True
3601,201,Ari,rest,negotiate debt,True,False,rest -> negotiate debt by offer_help,agency preserved,True
3602,201,Fay,negotiate debt,care duty,True,False,negotiate debt -> care duty by borrow_tool,agency preserved,True
3603,201,Milo,seek tool,care duty,True,False,seek tool -> care duty by return_tool,agency preserved,True
3604,201,Sera,care duty,recover focus,True,False,care duty -> recover focus by interrupt_work,resident boundary respected,True
3605,201,Tovan,private task,recover focus,False,True,private task -> recover focus by wait_offscreen,agency preserved,True
3606,201,Nia,recover focus,work,True,False,recover focus -> work by repair_trust,agency preserved,True
3607,201,Ari,work,rest,False,False,work -> rest by move,agency preserved,True
3608,201,Fay,rest,negotiate debt,False,False,rest -> negotiate debt by talk,agency preserved,True
3609,201,Milo,negotiate debt,seek tool,True,False,negotiate debt -> seek tool by offer_help,agency preserved,True
3610,201,Sera,seek tool,private task,True,False,seek tool -> private task by borrow_tool,agency preserved,True
3611,201,Tovan,care duty,private task,True,False,care duty -> private task by return_tool,agency preserved,True
3612,201,Nia,private task,work,True,False,private task -> work by interrupt_work,resident boundary respected,True
3613,201,Ari,recover focus,work,False,True,recover focus -> work by wait_offscreen,agency preserved,True
3614,201,Fay,work,rest,True,False,work -> rest by repair_trust,agency preserved,True
3615,201,Milo,rest,negotiate debt,False,False,rest -> negotiate debt by move,agency preserved,True
3616,201,Sera,negotiate debt,seek tool,False,False,negotiate debt -> seek tool by talk,agency preserved,True
3617,201,Tovan,seek tool,care duty,True,False,seek tool -> care duty by offer_help,agency preserved,True
3618,202,Nia,private task,recover focus,True,False,private task -> recover focus by return_tool,agency preserved,True
3619,202,Ari,recover focus,rest,True,False,recover focus -> rest by interrupt_work,agency preserved,True
3620,202,Fay,work,rest,False,True,work -> rest by wait_offscreen,agency preserved,True
3621,202,Milo,rest,negotiate debt,True,False,rest -> negotiate debt by repair_trust,agency preserved,True
3622,202,Sera,negotiate debt,seek tool,False,False,negotiate debt -> seek tool by move,agency preserved,True
3623,202,Tovan,seek tool,care duty,False,False,seek tool -> care duty by talk,agency preserved,True
3624,202,Nia,care duty,private task,True,False,care duty -> private task by offer_help,agency preserved,True
3625,202,Ari,private task,work,True,False,private task -> work by borrow_tool,agency preserved,True
3626,202,Fay,recover focus,work,True,False,recover focus -> work by return_tool,agency preserved,True
3627,202,Milo,work,negotiate debt,True,False,work -> negotiate debt by interrupt_work,agency preserved,True
3628,202,Sera,rest,negotiate debt,False,True,rest -> negotiate debt by wait_offscreen,agency preserved,True
3629,202,Tovan,negotiate debt,seek tool,True,False,negotiate debt -> seek tool by repair_trust,agency preserved,True
3630,202,Nia,seek tool,care duty,False,False,seek tool -> care duty by move,agency preserved,True
3631,202,Ari,care duty,private task,False,False,care duty -> private task by talk,agency preserved,True
3632,202,Fay,private task,recover focus,True,False,private task -> recover focus by offer_help,agency preserved,True
3633,202,Milo,recover focus,rest,True,False,recover focus -> rest by borrow_tool,agency preserved,True
3634,202,Sera,work,rest,True,False,work -> rest by return_tool,agency preserved,True
3635,202,Tovan,rest,seek tool,True,False,rest -> seek tool by interrupt_work,agency preserved,True
3636,203,Nia,seek tool,care duty,True,False,seek tool -> care duty by repair_trust,agency preserved,True
3637,203,Ari,care duty,private task,False,False,care duty -> private task by move,agency preserved,True
3638,203,Fay,private task,recover focus,False,False,private task -> recover focus by talk,agency preserved,True
3639,203,Milo,recover focus,work,True,False,recover focus -> work by offer_help,agency preserved,True
3640,203,Sera,work,negotiate debt,True,False,work -> negotiate debt by borrow_tool,resident boundary respected,True
3641,203,Tovan,rest,negotiate debt,True,False,rest -> negotiate debt by return_tool,agency preserved,True
3642,203,Nia,negotiate debt,care duty,True,False,negotiate debt -> care duty by interrupt_work,agency preserved,True
3643,203,Ari,seek tool,care duty,False,True,seek tool -> care duty by wait_offscreen,agency preserved,True
3644,203,Fay,care duty,private task,True,False,care duty -> private task by repair_trust,agency preserved,True
3645,203,Milo,private task,recover focus,False,False,private task -> recover focus by move,agency preserved,True
3646,203,Sera,recover focus,work,False,False,recover focus -> work by talk,agency preserved,True
3647,203,Tovan,work,rest,True,False,work -> rest by offer_help,agency preserved,True
3648,203,Nia,rest,seek tool,True,False,rest -> seek tool by borrow_tool,resident boundary respected,True
3649,203,Ari,negotiate debt,seek tool,True,False,negotiate debt -> seek tool by return_tool,agency preserved,True
3650,203,Fay,seek tool,private task,True,False,seek tool -> private task by interrupt_work,agency preserved,True
3651,203,Milo,care duty,private task,False,True,care duty -> private task by wait_offscreen,agency preserved,True
3652,203,Sera,private task,recover focus,True,False,private task -> recover focus by repair_trust,agency preserved,True
3653,203,Tovan,recover focus,work,False,False,recover focus -> work by move,agency preserved,True
3654,204,Nia,rest,negotiate debt,True,True,rest -> negotiate debt by offer_help,agency preserved,True
3655,204,Ari,negotiate debt,care duty,True,False,negotiate debt -> care duty by borrow_tool,agency preserved,True
3656,204,Fay,seek tool,care duty,True,False,seek tool -> care duty by return_tool,agency preserved,True
3657,204,Milo,care duty,recover focus,True,False,care duty -> recover focus by interrupt_work,agency preserved,True
3658,204,Sera,private task,recover focus,False,True,private task -> recover focus by wait_offscreen,agency preserved,True
3659,204,Tovan,recover focus,work,True,False,recover focus -> work by repair_trust,agency preserved,True
3660,204,Nia,work,rest,False,False,work -> rest by move,agency preserved,True
3661,204,Ari,rest,negotiate debt,False,False,rest -> negotiate debt by talk,agency preserved,True
3662,204,Fay,negotiate debt,seek tool,True,False,negotiate debt -> seek tool by offer_help,agency preserved,True
3663,204,Milo,seek tool,private task,True,False,seek tool -> private task by borrow_tool,agency preserved,True
3664,204,Sera,care duty,private task,True,False,care duty -> private task by return_tool,agency preserved,True
3665,204,Tovan,private task,work,True,False,private task -> work by interrupt_work,agency preserved,True
3666,204,Nia,recover focus,work,False,True,recover focus -> work by wait_offscreen,agency preserved,True
3667,204,Ari,work,rest,True,False,work -> rest by repair_trust,agency preserved,True
3668,204,Fay,rest,negotiate debt,False,False,rest -> negotiate debt by move,agency preserved,True
3669,204,Milo,negotiate debt,seek tool,False,False,negotiate debt -> seek tool by talk,agency preserved,True
3670,204,Sera,seek tool,care duty,True,False,seek tool -> care duty by offer_help,agency preserved,True
3671,204,Tovan,care duty,recover focus,True,True,care duty -> recover focus by borrow_tool,agency preserved,True
3672,205,Nia,recover focus,rest,True,False,recover focus -> rest by interrupt_work,resident boundary respected,True
3673,205,Ari,work,rest,False,True,work -> rest by wait_offscreen,agency preserved,True
3674,205,Fay,rest,negotiate debt,True,False,rest -> negotiate debt by repair_trust,agency preserved,True
3675,205,Milo,negotiate debt,seek tool,False,False,negotiate debt -> seek tool by move,agency preserved,True
3676,205,Sera,seek tool,care duty,False,False,seek tool -> care duty by talk,agency preserved,True
3677,205,Tovan,care duty,private task,True,False,care duty -> private task by offer_help,agency preserved,True
3678,205,Nia,private task,work,True,False,private task -> work by borrow_tool,agency preserved,True
3679,205,Ari,recover focus,work,True,False,recover focus -> work by return_tool,agency preserved,True
3680,205,Fay,work,negotiate debt,True,False,work -> negotiate debt by interrupt_work,resident boundary respected,True
3681,205,Milo,rest,negotiate debt,False,True,rest -> negotiate debt by wait_offscreen,agency preserved,True
3682,205,Sera,negotiate debt,seek tool,True,False,negotiate debt -> seek tool by repair_trust,agency preserved,True
3683,205,Tovan,seek tool,care duty,False,False,seek tool -> care duty by move,agency preserved,True
3684,205,Nia,care duty,private task,False,False,care duty -> private task by talk,agency preserved,True
3685,205,Ari,private task,recover focus,True,False,private task -> recover focus by offer_help,agency preserved,True
3686,205,Fay,recover focus,rest,True,False,recover focus -> rest by borrow_tool,agency preserved,True
3687,205,Milo,work,rest,True,False,work -> rest by return_tool,agency preserved,True
3688,205,Sera,rest,seek tool,True,False,rest -> seek tool by interrupt_work,resident boundary respected,True
3689,205,Tovan,negotiate debt,seek tool,False,True,negotiate debt -> seek tool by wait_offscreen,agency preserved,True
3690,206,Nia,care duty,private task,False,False,care duty -> private task by move,agency preserved,True
3691,206,Ari,private task,recover focus,False,False,private task -> recover focus by talk,agency preserved,True
3692,206,Fay,recover focus,work,True,False,recover focus -> work by offer_help,agency preserved,True
3693,206,Milo,work,negotiate debt,True,False,work -> negotiate debt by borrow_tool,agency preserved,True
3694,206,Sera,rest,negotiate debt,True,False,rest -> negotiate debt by return_tool,agency preserved,True
3695,206,Tovan,negotiate debt,care duty,True,False,negotiate debt -> care duty by interrupt_work,agency preserved,True
3696,206,Nia,seek tool,care duty,False,True,seek tool -> care duty by wait_offscreen,agency preserved,True
3697,206,Ari,care duty,private task,True,False,care duty -> private task by repair_trust,agency preserved,True
3698,206,Fay,private task,recover focus,False,False,private task -> recover focus by move,agency preserved,True
3699,206,Milo,recover focus,work,False,False,recover focus -> work by talk,agency preserved,True
3700,206,Sera,work,rest,True,False,work -> rest by offer_help,agency preserved,True
3701,206,Tovan,rest,seek tool,True,False,rest -> seek tool by borrow_tool,agency preserved,True
3702,206,Nia,negotiate debt,seek tool,True,False,negotiate debt -> seek tool by return_tool,agency preserved,True
3703,206,Ari,seek tool,private task,True,False,seek tool -> private task by interrupt_work,agency preserved,True
3704,206,Fay,care duty,private task,False,True,care duty -> private task by wait_offscreen,agency preserved,True
3705,206,Milo,private task,recover focus,True,False,private task -> recover focus by repair_trust,agency preserved,True
3706,206,Sera,recover focus,work,False,False,recover focus -> work by move,agency preserved,True
3707,206,Tovan,work,rest,False,False,work -> rest by talk,agency preserved,True
3708,207,Nia,negotiate debt,care duty,True,False,negotiate debt -> care duty by borrow_tool,resident boundary respected,True
3709,207,Ari,seek tool,care duty,True,False,seek tool -> care duty by return_tool,agency preserved,True
3710,207,Fay,care duty,recover focus,True,False,care duty -> recover focus by interrupt_work,agency preserved,True
3711,207,Milo,private task,recover focus,False,True,private task -> recover focus by wait_offscreen,agency preserved,True
3712,207,Sera,recover focus,work,True,False,recover focus -> work by repair_trust,agency preserved,True
3713,207,Tovan,work,rest,False,False,work -> rest by move,agency preserved,True
3714,207,Nia,rest,negotiate debt,False,False,rest -> negotiate debt by talk,agency preserved,True
3715,207,Ari,negotiate debt,seek tool,True,False,negotiate debt -> seek tool by offer_help,agency preserved,True
3716,207,Fay,seek tool,private task,True,False,seek tool -> private task by borrow_tool,resident boundary respected,True
3717,207,Milo,care duty,private task,True,False,care duty -> private task by return_tool,agency preserved,True
3718,207,Sera,private task,work,True,False,private task -> work by interrupt_work,agency preserved,True
3719,207,Tovan,recover focus,work,False,True,recover focus -> work by wait_offscreen,agency preserved,True
3720,207,Nia,work,rest,True,False,work -> rest by repair_trust,agency preserved,True
3721,207,Ari,rest,negotiate debt,False,False,rest -> negotiate debt by move,agency preserved,True
3722,207,Fay,negotiate debt,seek tool,False,False,negotiate debt -> seek tool by talk,agency preserved,True
3723,207,Milo,seek tool,care duty,True,False,seek tool -> care duty by offer_help,agency preserved,True
3724,207,Sera,care duty,recover focus,True,False,care duty -> recover focus by borrow_tool,resident boundary respected,True
3725,207,Tovan,private task,recover focus,True,False,private task -> recover focus by return_tool,agency preserved,True
3726,208,Nia,work,rest,False,True,work -> rest by wait_offscreen,agency preserved,True
3727,208,Ari,rest,negotiate debt,True,False,rest -> negotiate debt by repair_trust,agency preserved,True
3728,208,Fay,negotiate debt,seek tool,False,False,negotiate debt -> seek tool by move,agency preserved,True
3729,208,Milo,seek tool,care duty,False,False,seek tool -> care duty by talk,agency preserved,True
3730,208,Sera,care duty,private task,True,False,care duty -> private task by offer_help,agency preserved,True
3731,208,Tovan,private task,work,True,False,private task -> work by borrow_tool,agency preserved,True
3732,208,Nia,recover focus,work,True,False,recover focus -> work by return_tool,agency preserved,True
3733,208,Ari,work,negotiate debt,True,False,work -> negotiate debt by interrupt_work,agency preserved,True
3734,208,Fay,rest,negotiate debt,False,True,rest -> negotiate debt by wait_offscreen,agency preserved,True
3735,208,Milo,negotiate debt,seek tool,True,False,negotiate debt -> seek tool by repair_trust,agency preserved,True
3736,208,Sera,seek tool,care duty,False,False,seek tool -> care duty by move,agency preserved,True
3737,208,Tovan,care duty,private task,False,False,care duty -> private task by talk,agency preserved,True
3738,208,Nia,private task,recover focus,True,False,private task -> recover focus by offer_help,agency preserved,True
3739,208,Ari,recover focus,rest,True,False,recover focus -> rest by borrow_tool,agency preserved,True
3740,208,Fay,work,rest,True,False,work -> rest by return_tool,agency preserved,True
3741,208,Milo,rest,seek tool,True,False,rest -> seek tool by interrupt_work,agency preserved,True
3742,208,Sera,negotiate debt,seek tool,False,True,negotiate debt -> seek tool by wait_offscreen,agency preserved,True
3743,208,Tovan,seek tool,care duty,True,True,seek tool -> care duty by repair_trust,agency preserved,True
3744,209,Nia,private task,recover focus,False,False,private task -> recover focus by talk,agency preserved,True
3745,209,Ari,recover focus,work,True,False,recover focus -> work by offer_help,agency preserved,True
3746,209,Fay,work,negotiate debt,True,False,work -> negotiate debt by borrow_tool,agency preserved,True
3747,209,Milo,rest,negotiate debt,True,False,rest -> negotiate debt by return_tool,agency preserved,True
3748,209,Sera,negotiate debt,care duty,True,False,negotiate debt -> care duty by interrupt_work,resident boundary respected,True
3749,209,Tovan,seek tool,care duty,False,True,seek tool -> care duty by wait_offscreen,agency preserved,True
3750,209,Nia,care duty,private task,True,False,care duty -> private task by repair_trust,agency preserved,True
3751,209,Ari,private task,recover focus,False,False,private task -> recover focus by move,agency preserved,True
3752,209,Fay,recover focus,work,False,False,recover focus -> work by talk,agency preserved,True
3753,209,Milo,work,rest,True,False,work -> rest by offer_help,agency preserved,True
3754,209,Sera,rest,seek tool,True,False,rest -> seek tool by borrow_tool,agency preserved,True
3755,209,Tovan,negotiate debt,seek tool,True,False,negotiate debt -> seek tool by return_tool,agency preserved,True
3756,209,Nia,seek tool,private task,True,False,seek tool -> private task by interrupt_work,resident boundary respected,True
3757,209,Ari,care duty,private task,False,True,care duty -> private task by wait_offscreen,agency preserved,True
3758,209,Fay,private task,recover focus,True,False,private task -> recover focus by repair_trust,agency preserved,True
3759,209,Milo,recover focus,work,False,False,recover focus -> work by move,agency preserved,True
3760,209,Sera,work,rest,False,False,work -> rest by talk,agency preserved,True
3761,209,Tovan,rest,negotiate debt,True,False,rest -> negotiate debt by offer_help,agency preserved,True
3762,210,Nia,seek tool,care duty,True,False,seek tool -> care duty by return_tool,agency preserved,True
3763,210,Ari,care duty,recover focus,True,False,care duty -> recover focus by interrupt_work,agency preserved,True
3764,210,Fay,private task,recover focus,False,True,private task -> recover focus by wait_offscreen,agency preserved,True
3765,210,Milo,recover focus,work,True,False,recover focus -> work by repair_trust,agency preserved,True
3766,210,Sera,work,rest,False,False,work -> rest by move,agency preserved,True
3767,210,Tovan,rest,negotiate debt,False,False,rest -> negotiate debt by talk,agency preserved,True
3768,210,Nia,negotiate debt,seek tool,True,False,negotiate debt -> seek tool by offer_help,agency preserved,True
3769,210,Ari,seek tool,private task,True,False,seek tool -> private task by borrow_tool,agency preserved,True
3770,210,Fay,care duty,private task,True,False,care duty -> private task by return_tool,agency preserved,True
3771,210,Milo,private task,work,True,False,private task -> work by interrupt_work,agency preserved,True
3772,210,Sera,recover focus,work,False,True,recover focus -> work by wait_offscreen,agency preserved,True
3773,210,Tovan,work,rest,True,False,work -> rest by repair_trust,agency preserved,True
3774,210,Nia,rest,negotiate debt,False,False,rest -> negotiate debt by move,agency preserved,True
3775,210,Ari,negotiate debt,seek tool,False,False,negotiate debt -> seek tool by talk,agency preserved,True
3776,210,Fay,seek tool,care duty,True,False,seek tool -> care duty by offer_help,agency preserved,True
3777,210,Milo,care duty,recover focus,True,False,care duty -> recover focus by borrow_tool,agency preserved,True
3778,210,Sera,private task,recover focus,True,False,private task -> recover focus by return_tool,agency preserved,True
3779,210,Tovan,recover focus,rest,True,False,recover focus -> rest by interrupt_work,agency preserved,True
3780,211,Nia,rest,negotiate debt,True,False,rest -> negotiate debt by repair_trust,agency preserved,True
3781,211,Ari,negotiate debt,seek tool,False,False,negotiate debt -> seek tool by move,agency preserved,True
3782,211,Fay,seek tool,care duty,False,False,seek tool -> care duty by talk,agency preserved,True
3783,211,Milo,care duty,private task,True,False,care duty -> private task by offer_help,agency preserved,True
3784,211,Sera,private task,work,True,False,private task -> work by borrow_tool,resident boundary respected,True
3785,211,Tovan,recover focus,work,True,False,recover focus -> work by return_tool,agency preserved,True
3786,211,Nia,work,negotiate debt,True,False,work -> negotiate debt by interrupt_work,agency preserved,True
3787,211,Ari,rest,negotiate debt,False,True,rest -> negotiate debt by wait_offscreen,agency preserved,True
3788,211,Fay,negotiate debt,seek tool,True,False,negotiate debt -> seek tool by repair_trust,agency preserved,True
3789,211,Milo,seek tool,care duty,False,False,seek tool -> care duty by move,agency preserved,True
3790,211,Sera,care duty,private task,False,False,care duty -> private task by talk,agency preserved,True
3791,211,Tovan,private task,recover focus,True,False,private task -> recover focus by offer_help,agency preserved,True
3792,211,Nia,recover focus,rest,True,False,recover focus -> rest by borrow_tool,resident boundary respected,True
3793,211,Ari,work,rest,True,False,work -> rest by return_tool,agency preserved,True
3794,211,Fay,rest,seek tool,True,False,rest -> seek tool by interrupt_work,agency preserved,True
3795,211,Milo,negotiate debt,seek tool,False,True,negotiate debt -> seek tool by wait_offscreen,agency preserved,True
3796,211,Sera,seek tool,care duty,True,False,seek tool -> care duty by repair_trust,agency preserved,True
3797,211,Tovan,care duty,private task,False,False,care duty -> private task by move,agency preserved,True
3798,212,Nia,recover focus,work,True,True,recover focus -> work by offer_help,agency preserved,True
3799,212,Ari,work,negotiate debt,True,False,work -> negotiate debt by borrow_tool,agency preserved,True
3800,212,Fay,rest,negotiate debt,True,False,rest -> negotiate debt by return_tool,agency preserved,True
3801,212,Milo,negotiate debt,care duty,True,False,negotiate debt -> care duty by interrupt_work,agency preserved,True
3802,212,Sera,seek tool,care duty,False,True,seek tool -> care duty by wait_offscreen,agency preserved,True
3803,212,Tovan,care duty,private task,True,False,care duty -> private task by repair_trust,agency preserved,True
3804,212,Nia,private task,recover focus,False,False,private task -> recover focus by move,agency preserved,True
3805,212,Ari,recover focus,work,False,False,recover focus -> work by talk,agency preserved,True
3806,212,Fay,work,rest,True,False,work -> rest by offer_help,agency preserved,True
3807,212,Milo,rest,seek tool,True,False,rest -> seek tool by borrow_tool,agency preserved,True
3808,212,Sera,negotiate debt,seek tool,True,False,negotiate debt -> seek tool by return_tool,agency preserved,True
3809,212,Tovan,seek tool,private task,True,False,seek tool -> private task by interrupt_work,agency preserved,True
3810,212,Nia,care duty,private task,False,True,care duty -> private task by wait_offscreen,agency preserved,True
3811,212,Ari,private task,recover focus,True,False,private task -> recover focus by repair_trust,agency preserved,True
3812,212,Fay,recover focus,work,False,False,recover focus -> work by move,agency preserved,True
3813,212,Milo,work,rest,False,False,work -> rest by talk,agency preserved,True
3814,212,Sera,rest,negotiate debt,True,False,rest -> negotiate debt by offer_help,agency preserved,True
3815,212,Tovan,negotiate debt,care duty,True,True,negotiate debt -> care duty by borrow_tool,agency preserved,True
3816,213,Nia,care duty,recover focus,True,False,care duty -> recover focus by interrupt_work,resident boundary respected,True
3817,213,Ari,private task,recover focus,False,True,private task -> recover focus by wait_offscreen,agency preserved,True
3818,213,Fay,recover focus,work,True,False,recover focus -> work by repair_trust,agency preserved,True
3819,213,Milo,work,rest,False,False,work -> rest by move,agency preserved,True
3820,213,Sera,rest,negotiate debt,False,False,rest -> negotiate debt by talk,agency preserved,True
3821,213,Tovan,negotiate debt,seek tool,True,False,negotiate debt -> seek tool by offer_help,agency preserved,True
3822,213,Nia,seek tool,private task,True,False,seek tool -> private task by borrow_tool,agency preserved,True
3823,213,Ari,care duty,private task,True,False,care duty -> private task by return_tool,agency preserved,True
3824,213,Fay,private task,work,True,False,private task -> work by interrupt_work,resident boundary respected,True
3825,213,Milo,recover focus,work,False,True,recover focus -> work by wait_offscreen,agency preserved,True
3826,213,Sera,work,rest,True,False,work -> rest by repair_trust,agency preserved,True
3827,213,Tovan,rest,negotiate debt,False,False,rest -> negotiate debt by move,agency preserved,True
3828,213,Nia,negotiate debt,seek tool,False,False,negotiate debt -> seek tool by talk,agency preserved,True
3829,213,Ari,seek tool,care duty,True,False,seek tool -> care duty by offer_help,agency preserved,True
3830,213,Fay,care duty,recover focus,True,False,care duty -> recover focus by borrow_tool,agency preserved,True
3831,213,Milo,private task,recover focus,True,False,private task -> recover focus by return_tool,agency preserved,True
3832,213,Sera,recover focus,rest,True,False,recover focus -> rest by interrupt_work,resident boundary respected,True
3833,213,Tovan,work,rest,False,True,work -> rest by wait_offscreen,agency preserved,True
3834,214,Nia,negotiate debt,seek tool,False,False,negotiate debt -> seek tool by move,agency preserved,True
3835,214,Ari,seek tool,care duty,False,False,seek tool -> care duty by talk,agency preserved,True
3836,214,Fay,care duty,private task,True,False,care duty -> private task by offer_help,agency preserved,True
3837,214,Milo,private task,work,True,False,private task -> work by borrow_tool,agency preserved,True
3838,214,Sera,recover focus,work,True,False,recover focus -> work by return_tool,agency preserved,True
3839,214,Tovan,work,negotiate debt,True,False,work -> negotiate debt by interrupt_work,agency preserved,True
3840,214,Nia,rest,negotiate debt,False,True,rest -> negotiate debt by wait_offscreen,agency preserved,True
3841,214,Ari,negotiate debt,seek tool,True,False,negotiate debt -> seek tool by repair_trust,agency preserved,True
3842,214,Fay,seek tool,care duty,False,False,seek tool -> care duty by move,agency preserved,True
3843,214,Milo,care duty,private task,False,False,care duty -> private task by talk,agency preserved,True
3844,214,Sera,private task,recover focus,True,False,private task -> recover focus by offer_help,agency preserved,True
3845,214,Tovan,recover focus,rest,True,False,recover focus -> rest by borrow_tool,agency preserved,True
3846,214,Nia,work,rest,True,False,work -> rest by return_tool,agency preserved,True
3847,214,Ari,rest,seek tool,True,False,rest -> seek tool by interrupt_work,agency preserved,True
3848,214,Fay,negotiate debt,seek tool,False,True,negotiate debt -> seek tool by wait_offscreen,agency preserved,True
3849,214,Milo,seek tool,care duty,True,False,seek tool -> care duty by repair_trust,agency preserved,True
3850,214,Sera,care duty,private task,False,False,care duty -> private task by move,agency preserved,True
3851,214,Tovan,private task,recover focus,False,False,private task -> recover focus by talk,agency preserved,True
3852,215,Nia,work,negotiate debt,True,False,work -> negotiate debt by borrow_tool,resident boundary respected,True
3853,215,Ari,rest,negotiate debt,True,False,rest -> negotiate debt by return_tool,agency preserved,True
3854,215,Fay,negotiate debt,care duty,True,False,negotiate debt -> care duty by interrupt_work,agency preserved,True
3855,215,Milo,seek tool,care duty,False,True,seek tool -> care duty by wait_offscreen,agency preserved,True
3856,215,Sera,care duty,private task,True,False,care duty -> private task by repair_trust,agency preserved,True
3857,215,Tovan,private task,recover focus,False,False,private task -> recover focus by move,agency preserved,True
3858,215,Nia,recover focus,work,False,False,recover focus -> work by talk,agency preserved,True
3859,215,Ari,work,rest,True,False,work -> rest by offer_help,agency preserved,True
3860,215,Fay,rest,seek tool,True,False,rest -> seek tool by borrow_tool,resident boundary respected,True
3861,215,Milo,negotiate debt,seek tool,True,False,negotiate debt -> seek tool by return_tool,agency preserved,True
3862,215,Sera,seek tool,private task,True,False,seek tool -> private task by interrupt_work,agency preserved,True
3863,215,Tovan,care duty,private task,False,True,care duty -> private task by wait_offscreen,agency preserved,True
3864,215,Nia,private task,recover focus,True,False,private task -> recover focus by repair_trust,agency preserved,True
3865,215,Ari,recover focus,work,False,False,recover focus -> work by move,agency preserved,True
3866,215,Fay,work,rest,False,False,work -> rest by talk,agency preserved,True
3867,215,Milo,rest,negotiate debt,True,False,rest -> negotiate debt by offer_help,agency preserved,True
3868,215,Sera,negotiate debt,care duty,True,False,negotiate debt -> care duty by borrow_tool,resident boundary respected,True
3869,215,Tovan,seek tool,care duty,True,False,seek tool -> care duty by return_tool,agency preserved,True
3870,216,Nia,private task,recover focus,False,True,private task -> recover focus by wait_offscreen,agency preserved,True
3871,216,Ari,recover focus,work,True,False,recover focus -> work by repair_trust,agency preserved,True
3872,216,Fay,work,rest,False,False,work -> rest by move,agency preserved,True
3873,216,Milo,rest,negotiate debt,False,False,rest -> negotiate debt by talk,agency preserved,True
3874,216,Sera,negotiate debt,seek tool,True,False,negotiate debt -> seek tool by offer_help,agency preserved,True
3875,216,Tovan,seek tool,private task,True,False,seek tool -> private task by borrow_tool,agency preserved,True
3876,216,Nia,care duty,private task,True,False,care duty -> private task by return_tool,agency preserved,True
3877,216,Ari,private task,work,True,False,private task -> work by interrupt_work,agency preserved,True
3878,216,Fay,recover focus,work,False,True,recover focus -> work by wait_offscreen,agency preserved,True
3879,216,Milo,work,rest,True,False,work -> rest by repair_trust,agency preserved,True
3880,216,Sera,rest,negotiate debt,False,False,rest -> negotiate debt by move,agency preserved,True
3881,216,Tovan,negotiate debt,seek tool,False,False,negotiate debt -> seek tool by talk,agency preserved,True
3882,216,Nia,seek tool,care duty,True,False,seek tool -> care duty by offer_help,agency preserved,True
3883,216,Ari,care duty,recover focus,True,False,care duty -> recover focus by borrow_tool,agency preserved,True
3884,216,Fay,private task,recover focus,True,False,private task -> recover focus by return_tool,agency preserved,True
3885,216,Milo,recover focus,rest,True,False,recover focus -> rest by interrupt_work,agency preserved,True
3886,216,Sera,work,rest,False,True,work -> rest by wait_offscreen,agency preserved,True
3887,216,Tovan,rest,negotiate debt,True,True,rest -> negotiate debt by repair_trust,agency preserved,True
3888,217,Nia,seek tool,care duty,False,False,seek tool -> care duty by talk,agency preserved,True
3889,217,Ari,care duty,private task,True,False,care duty -> private task by offer_help,agency preserved,True
3890,217,Fay,private task,work,True,False,private task -> work by borrow_tool,agency preserved,True
3891,217,Milo,recover focus,work,True,False,recover focus -> work by return_tool,agency preserved,True
3892,217,Sera,work,negotiate debt,True,False,work -> negotiate debt by interrupt_work,resident boundary respected,True
3893,217,Tovan,rest,negotiate debt,False,True,rest -> negotiate debt by wait_offscreen,agency preserved,True
3894,217,Nia,negotiate debt,seek tool,True,False,negotiate debt -> seek tool by repair_trust,agency preserved,True
3895,217,Ari,seek tool,care duty,False,False,seek tool -> care duty by move,agency preserved,True
3896,217,Fay,care duty,private task,False,False,care duty -> private task by talk,agency preserved,True
3897,217,Milo,private task,recover focus,True,False,private task -> recover focus by offer_help,agency preserved,True
3898,217,Sera,recover focus,rest,True,False,recover focus -> rest by borrow_tool,agency preserved,True
3899,217,Tovan,work,rest,True,False,work -> rest by return_tool,agency preserved,True
3900,217,Nia,rest,seek tool,True,False,rest -> seek tool by interrupt_work,resident boundary respected,True
3901,217,Ari,negotiate debt,seek tool,False,True,negotiate debt -> seek tool by wait_offscreen,agency preserved,True
3902,217,Fay,seek tool,care duty,True,False,seek tool -> care duty by repair_trust,agency preserved,True
3903,217,Milo,care duty,private task,False,False,care duty -> private task by move,agency preserved,True
3904,217,Sera,private task,recover focus,False,False,private task -> recover focus by talk,agency preserved,True
3905,217,Tovan,recover focus,work,True,False,recover focus -> work by offer_help,agency preserved,True
3906,218,Nia,rest,negotiate debt,True,False,rest -> negotiate debt by return_tool,agency preserved,True
3907,218,Ari,negotiate debt,care duty,True,False,negotiate debt -> care duty by interrupt_work,agency preserved,True
3908,218,Fay,seek tool,care duty,False,True,seek tool -> care duty by wait_offscreen,agency preserved,True
3909,218,Milo,care duty,private task,True,False,care duty -> private task by repair_trust,agency preserved,True
3910,218,Sera,private task,recover focus,False,False,private task -> recover focus by move,agency preserved,True
3911,218,Tovan,recover focus,work,False,False,recover focus -> work by talk,agency preserved,True
3912,218,Nia,work,rest,True,False,work -> rest by offer_help,agency preserved,True
3913,218,Ari,rest,seek tool,True,False,rest -> seek tool by borrow_tool,agency preserved,True
3914,218,Fay,negotiate debt,seek tool,True,False,negotiate debt -> seek tool by return_tool,agency preserved,True
3915,218,Milo,seek tool,private task,True,False,seek tool -> private task by interrupt_work,agency preserved,True
3916,218,Sera,care duty,private task,False,True,care duty -> private task by wait_offscreen,agency preserved,True
3917,218,Tovan,private task,recover focus,True,False,private task -> recover focus by repair_trust,agency preserved,True
3918,218,Nia,recover focus,work,False,False,recover focus -> work by move,agency preserved,True
3919,218,Ari,work,rest,False,False,work -> rest by talk,agency preserved,True
3920,218,Fay,rest,negotiate debt,True,False,rest -> negotiate debt by offer_help,agency preserved,True
3921,218,Milo,negotiate debt,care duty,True,False,negotiate debt -> care duty by borrow_tool,agency preserved,True
3922,218,Sera,seek tool,care duty,True,False,seek tool -> care duty by return_tool,agency preserved,True
3923,218,Tovan,care duty,recover focus,True,False,care duty -> recover focus by interrupt_work,agency preserved,True
3924,219,Nia,recover focus,work,True,False,recover focus -> work by repair_trust,agency preserved,True
3925,219,Ari,work,rest,False,False,work -> rest by move,agency preserved,True
3926,219,Fay,rest,negotiate debt,False,False,rest -> negotiate debt by talk,agency preserved,True
3927,219,Milo,negotiate debt,seek tool,True,False,negotiate debt -> seek tool by offer_help,agency preserved,True
3928,219,Sera,seek tool,private task,True,False,seek tool -> private task by borrow_tool,resident boundary respected,True
3929,219,Tovan,care duty,private task,True,False,care duty -> private task by return_tool,agency preserved,True
3930,219,Nia,private task,work,True,False,private task -> work by interrupt_work,agency preserved,True
3931,219,Ari,recover focus,work,False,True,recover focus -> work by wait_offscreen,agency preserved,True
3932,219,Fay,work,rest,True,False,work -> rest by repair_trust,agency preserved,True
3933,219,Milo,rest,negotiate debt,False,False,rest -> negotiate debt by move,agency preserved,True
3934,219,Sera,negotiate debt,seek tool,False,False,negotiate debt -> seek tool by talk,agency preserved,True
3935,219,Tovan,seek tool,care duty,True,False,seek tool -> care duty by offer_help,agency preserved,True
3936,219,Nia,care duty,recover focus,True,False,care duty -> recover focus by borrow_tool,resident boundary respected,True
3937,219,Ari,private task,recover focus,True,False,private task -> recover focus by return_tool,agency preserved,True
3938,219,Fay,recover focus,rest,True,False,recover focus -> rest by interrupt_work,agency preserved,True
3939,219,Milo,work,rest,False,True,work -> rest by wait_offscreen,agency preserved,True
3940,219,Sera,rest,negotiate debt,True,False,rest -> negotiate debt by repair_trust,agency preserved,True
3941,219,Tovan,negotiate debt,seek tool,False,False,negotiate debt -> seek tool by move,agency preserved,True
3942,220,Nia,care duty,private task,True,True,care duty -> private task by offer_help,agency preserved,True
3943,220,Ari,private task,work,True,False,private task -> work by borrow_tool,agency preserved,True
3944,220,Fay,recover focus,work,True,False,recover focus -> work by return_tool,agency preserved,True
3945,220,Milo,work,negotiate debt,True,False,work -> negotiate debt by interrupt_work,agency preserved,True
3946,220,Sera,rest,negotiate debt,False,True,rest -> negotiate debt by wait_offscreen,agency preserved,True
3947,220,Tovan,negotiate debt,seek tool,True,False,negotiate debt -> seek tool by repair_trust,agency preserved,True
3948,220,Nia,seek tool,care duty,False,False,seek tool -> care duty by move,agency preserved,True
3949,220,Ari,care duty,private task,False,False,care duty -> private task by talk,agency preserved,True
3950,220,Fay,private task,recover focus,True,False,private task -> recover focus by offer_help,agency preserved,True
3951,220,Milo,recover focus,rest,True,False,recover focus -> rest by borrow_tool,agency preserved,True
3952,220,Sera,work,rest,True,False,work -> rest by return_tool,agency preserved,True
3953,220,Tovan,rest,seek tool,True,False,rest -> seek tool by interrupt_work,agency preserved,True
3954,220,Nia,negotiate debt,seek tool,False,True,negotiate debt -> seek tool by wait_offscreen,agency preserved,True
3955,220,Ari,seek tool,care duty,True,False,seek tool -> care duty by repair_trust,agency preserved,True
3956,220,Fay,care duty,private task,False,False,care duty -> private task by move,agency preserved,True
3957,220,Milo,private task,recover focus,False,False,private task -> recover focus by talk,agency preserved,True
3958,220,Sera,recover focus,work,True,False,recover focus -> work by offer_help,agency preserved,True
3959,220,Tovan,work,negotiate debt,True,True,work -> negotiate debt by borrow_tool,agency preserved,True
3960,221,Nia,negotiate debt,care duty,True,False,negotiate debt -> care duty by interrupt_work,resident boundary respected,True
3961,221,Ari,seek tool,care duty,False,True,seek tool -> care duty by wait_offscreen,agency preserved,True
3962,221,Fay,care duty,private task,True,False,care duty -> private task by repair_trust,agency preserved,True
3963,221,Milo,private task,recover focus,False,False,private task -> recover focus by move,agency preserved,True
3964,221,Sera,recover focus,work,False,False,recover focus -> work by talk,agency preserved,True
3965,221,Tovan,work,rest,True,False,work -> rest by offer_help,agency preserved,True
3966,221,Nia,rest,seek tool,True,False,rest -> seek tool by borrow_tool,agency preserved,True
3967,221,Ari,negotiate debt,seek tool,True,False,negotiate debt -> seek tool by return_tool,agency preserved,True
3968,221,Fay,seek tool,private task,True,False,seek tool -> private task by interrupt_work,resident boundary respected,True
3969,221,Milo,care duty,private task,False,True,care duty -> private task by wait_offscreen,agency preserved,True
3970,221,Sera,private task,recover focus,True,False,private task -> recover focus by repair_trust,agency preserved,True
3971,221,Tovan,recover focus,work,False,False,recover focus -> work by move,agency preserved,True
3972,221,Nia,work,rest,False,False,work -> rest by talk,agency preserved,True
3973,221,Ari,rest,negotiate debt,True,False,rest -> negotiate debt by offer_help,agency preserved,True
3974,221,Fay,negotiate debt,care duty,True,False,negotiate debt -> care duty by borrow_tool,agency preserved,True
3975,221,Milo,seek tool,care duty,True,False,seek tool -> care duty by return_tool,agency preserved,True
3976,221,Sera,care duty,recover focus,True,False,care duty -> recover focus by interrupt_work,resident boundary respected,True
3977,221,Tovan,private task,recover focus,False,True,private task -> recover focus by wait_offscreen,agency preserved,True
3978,222,Nia,work,rest,False,False,work -> rest by move,agency preserved,True
3979,222,Ari,rest,negotiate debt,False,False,rest -> negotiate debt by talk,agency preserved,True
3980,222,Fay,negotiate debt,seek tool,True,False,negotiate debt -> seek tool by offer_help,agency preserved,True
3981,222,Milo,seek tool,private task,True,False,seek tool -> private task by borrow_tool,agency preserved,True
3982,222,Sera,care duty,private task,True,False,care duty -> private task by return_tool,agency preserved,True
3983,222,Tovan,private task,work,True,False,private task -> work by interrupt_work,agency preserved,True
3984,222,Nia,recover focus,work,False,True,recover focus -> work by wait_offscreen,agency preserved,True
3985,222,Ari,work,rest,True,False,work -> rest by repair_trust,agency preserved,True
3986,222,Fay,rest,negotiate debt,False,False,rest -> negotiate debt by move,agency preserved,True
3987,222,Milo,negotiate debt,seek tool,False,False,negotiate debt -> seek tool by talk,agency preserved,True
3988,222,Sera,seek tool,care duty,True,False,seek tool -> care duty by offer_help,agency preserved,True
3989,222,Tovan,care duty,recover focus,True,False,care duty -> recover focus by borrow_tool,agency preserved,True
3990,222,Nia,private task,recover focus,True,False,private task -> recover focus by return_tool,agency preserved,True
3991,222,Ari,recover focus,rest,True,False,recover focus -> rest by interrupt_work,agency preserved,True
3992,222,Fay,work,rest,False,True,work -> rest by wait_offscreen,agency preserved,True
3993,222,Milo,rest,negotiate debt,True,False,rest -> negotiate debt by repair_trust,agency preserved,True
3994,222,Sera,negotiate debt,seek tool,False,False,negotiate debt -> seek tool by move,agency preserved,True
3995,222,Tovan,seek tool,care duty,False,False,seek tool -> care duty by talk,agency preserved,True
3996,223,Nia,private task,work,True,False,private task -> work by borrow_tool,resident boundary respected,True
3997,223,Ari,recover focus,work,True,False,recover focus -> work by return_tool,agency preserved,True
3998,223,Fay,work,negotiate debt,True,False,work -> negotiate debt by interrupt_work,agency preserved,True
3999,223,Milo,rest,negotiate debt,False,True,rest -> negotiate debt by wait_offscreen,agency preserved,True
4000,223,Sera,negotiate debt,seek tool,True,False,negotiate debt -> seek tool by repair_trust,agency preserved,True
4001,223,Tovan,seek tool,care duty,False,False,seek tool -> care duty by move,agency preserved,True
4002,223,Nia,care duty,private task,False,False,care duty -> private task by talk,agency preserved,True
4003,223,Ari,private task,recover focus,True,False,private task -> recover focus by offer_help,agency preserved,True
4004,223,Fay,recover focus,rest,True,False,recover focus -> rest by borrow_tool,resident boundary respected,True
4005,223,Milo,work,rest,True,False,work -> rest by return_tool,agency preserved,True
4006,223,Sera,rest,seek tool,True,False,rest -> seek tool by interrupt_work,agency preserved,True
4007,223,Tovan,negotiate debt,seek tool,False,True,negotiate debt -> seek tool by wait_offscreen,agency preserved,True
4008,223,Nia,seek tool,care duty,True,False,seek tool -> care duty by repair_trust,agency preserved,True
4009,223,Ari,care duty,private task,False,False,care duty -> private task by move,agency preserved,True
4010,223,Fay,private task,recover focus,False,False,private task -> recover focus by talk,agency preserved,True
4011,223,Milo,recover focus,work,True,False,recover focus -> work by offer_help,agency preserved,True
4012,223,Sera,work,negotiate debt,True,False,work -> negotiate debt by borrow_tool,resident boundary respected,True
4013,223,Tovan,rest,negotiate debt,True,False,rest -> negotiate debt by return_tool,agency preserved,True
4014,224,Nia,seek tool,care duty,False,True,seek tool -> care duty by wait_offscreen,agency preserved,True
4015,224,Ari,care duty,private task,True,False,care duty -> private task by repair_trust,agency preserved,True
4016,224,Fay,private task,recover focus,False,False,private task -> recover focus by move,agency preserved,True
4017,224,Milo,recover focus,work,False,False,recover focus -> work by talk,agency preserved,True
4018,224,Sera,work,rest,True,False,work -> rest by offer_help,agency preserved,True
4019,224,Tovan,rest,seek tool,True,False,rest -> seek tool by borrow_tool,agency preserved,True
4020,224,Nia,negotiate debt,seek tool,True,False,negotiate debt -> seek tool by return_tool,agency preserved,True
4021,224,Ari,seek tool,private task,True,False,seek tool -> private task by interrupt_work,agency preserved,True
4022,224,Fay,care duty,private task,False,True,care duty -> private task by wait_offscreen,agency preserved,True
4023,224,Milo,private task,recover focus,True,False,private task -> recover focus by repair_trust,agency preserved,True
4024,224,Sera,recover focus,work,False,False,recover focus -> work by move,agency preserved,True
4025,224,Tovan,work,rest,False,False,work -> rest by talk,agency preserved,True
4026,224,Nia,rest,negotiate debt,True,False,rest -> negotiate debt by offer_help,agency preserved,True
4027,224,Ari,negotiate debt,care duty,True,False,negotiate debt -> care duty by borrow_tool,agency preserved,True
4028,224,Fay,seek tool,care duty,True,False,seek tool -> care duty by return_tool,agency preserved,True
4029,224,Milo,care duty,recover focus,True,False,care duty -> recover focus by interrupt_work,agency preserved,True
4030,224,Sera,private task,recover focus,False,True,private task -> recover focus by wait_offscreen,agency preserved,True
4031,224,Tovan,recover focus,work,True,True,recover focus -> work by repair_trust,agency preserved,True
4032,225,Nia,rest,negotiate debt,False,False,rest -> negotiate debt by talk,agency preserved,True
4033,225,Ari,negotiate debt,seek tool,True,False,negotiate debt -> seek tool by offer_help,agency preserved,True
4034,225,Fay,seek tool,private task,True,False,seek tool -> private task by borrow_tool,agency preserved,True
4035,225,Milo,care duty,private task,True,False,care duty -> private task by return_tool,agency preserved,True
4036,225,Sera,private task,work,True,False,private task -> work by interrupt_work,resident boundary respected,True
4037,225,Tovan,recover focus,work,False,True,recover focus -> work by wait_offscreen,agency preserved,True
4038,225,Nia,work,rest,True,False,work -> rest by repair_trust,agency preserved,True
4039,225,Ari,rest,negotiate debt,False,False,rest -> negotiate debt by move,agency preserved,True
4040,225,Fay,negotiate debt,seek tool,False,False,negotiate debt -> seek tool by talk,agency preserved,True
4041,225,Milo,seek tool,care duty,True,False,seek tool -> care duty by offer_help,agency preserved,True
4042,225,Sera,care duty,recover focus,True,False,care duty -> recover focus by borrow_tool,agency preserved,True
4043,225,Tovan,private task,recover focus,True,False,private task -> recover focus by return_tool,agency preserved,True
4044,225,Nia,recover focus,rest,True,False,recover focus -> rest by interrupt_work,resident boundary respected,True
4045,225,Ari,work,rest,False,True,work -> rest by wait_offscreen,agency preserved,True
4046,225,Fay,rest,negotiate debt,True,False,rest -> negotiate debt by repair_trust,agency preserved,True
4047,225,Milo,negotiate debt,seek tool,False,False,negotiate debt -> seek tool by move,agency preserved,True
4048,225,Sera,seek tool,care duty,False,False,seek tool -> care duty by talk,agency preserved,True
4049,225,Tovan,care duty,private task,True,False,care duty -> private task by offer_help,agency preserved,True
4050,226,Nia,recover focus,work,True,False,recover focus -> work by return_tool,agency preserved,True
4051,226,Ari,work,negotiate debt,True,False,work -> negotiate debt by interrupt_work,agency preserved,True
4052,226,Fay,rest,negotiate debt,False,True,rest -> negotiate debt by wait_offscreen,agency preserved,True
4053,226,Milo,negotiate debt,seek tool,True,False,negotiate debt -> seek tool by repair_trust,agency preserved,True
4054,226,Sera,seek tool,care duty,False,False,seek tool -> care duty by move,agency preserved,True
4055,226,Tovan,care duty,private task,False,False,care duty -> private task by talk,agency preserved,True
4056,226,Nia,private task,recover focus,True,False,private task -> recover focus by offer_help,agency preserved,True
4057,226,Ari,recover focus,rest,True,False,recover focus -> rest by borrow_tool,agency preserved,True
4058,226,Fay,work,rest,True,False,work -> rest by return_tool,agency preserved,True
4059,226,Milo,rest,seek tool,True,False,rest -> seek tool by interrupt_work,agency preserved,True
4060,226,Sera,negotiate debt,seek tool,False,True,negotiate debt -> seek tool by wait_offscreen,agency preserved,True
4061,226,Tovan,seek tool,care duty,True,False,seek tool -> care duty by repair_trust,agency preserved,True
4062,226,Nia,care duty,private task,False,False,care duty -> private task by move,agency preserved,True
4063,226,Ari,private task,recover focus,False,False,private task -> recover focus by talk,agency preserved,True
4064,226,Fay,recover focus,work,True,False,recover focus -> work by offer_help,agency preserved,True
4065,226,Milo,work,negotiate debt,True,False,work -> negotiate debt by borrow_tool,agency preserved,True
4066,226,Sera,rest,negotiate debt,True,False,rest -> negotiate debt by return_tool,agency preserved,True
4067,226,Tovan,negotiate debt,care duty,True,False,negotiate debt -> care duty by interrupt_work,agency preserved,True
4068,227,Nia,care duty,private task,True,False,care duty -> private task by repair_trust,agency preserved,True
4069,227,Ari,private task,recover focus,False,False,private task -> recover focus by move,agency preserved,True
4070,227,Fay,recover focus,work,False,False,recover focus -> work by talk,agency preserved,True
4071,227,Milo,work,rest,True,False,work -> rest by offer_help,agency preserved,True
4072,227,Sera,rest,seek tool,True,False,rest -> seek tool by borrow_tool,resident boundary respected,True
4073,227,Tovan,negotiate debt,seek tool,True,False,negotiate debt -> seek tool by return_tool,agency preserved,True
4074,227,Nia,seek tool,private task,True,False,seek tool -> private task by interrupt_work,agency preserved,True
4075,227,Ari,care duty,private task,False,True,care duty -> private task by wait_offscreen,agency preserved,True
4076,227,Fay,private task,recover focus,True,False,private task -> recover focus by repair_trust,agency preserved,True
4077,227,Milo,recover focus,work,False,False,recover focus -> work by move,agency preserved,True
4078,227,Sera,work,rest,False,False,work -> rest by talk,agency preserved,True
4079,227,Tovan,rest,negotiate debt,True,False,rest -> negotiate debt by offer_help,agency preserved,True
4080,227,Nia,negotiate debt,care duty,True,False,negotiate debt -> care duty by borrow_tool,resident boundary respected,True
4081,227,Ari,seek tool,care duty,True,False,seek tool -> care duty by return_tool,agency preserved,True
4082,227,Fay,care duty,recover focus,True,False,care duty -> recover focus by interrupt_work,agency preserved,True
4083,227,Milo,private task,recover focus,False,True,private task -> recover focus by wait_offscreen,agency preserved,True
4084,227,Sera,recover focus,work,True,False,recover focus -> work by repair_trust,agency preserved,True
4085,227,Tovan,work,rest,False,False,work -> rest by move,agency preserved,True
4086,228,Nia,negotiate debt,seek tool,True,True,negotiate debt -> seek tool by offer_help,agency preserved,True
4087,228,Ari,seek tool,private task,True,False,seek tool -> private task by borrow_tool,agency preserved,True
4088,228,Fay,care duty,private task,True,False,care duty -> private task by return_tool,agency preserved,True
4089,228,Milo,private task,work,True,False,private task -> work by interrupt_work,agency preserved,True
4090,228,Sera,recover focus,work,False,True,recover focus -> work by wait_offscreen,agency preserved,True
4091,228,Tovan,work,rest,True,False,work -> rest by repair_trust,agency preserved,True
4092,228,Nia,rest,negotiate debt,False,False,rest -> negotiate debt by move,agency preserved,True
4093,228,Ari,negotiate debt,seek tool,False,False,negotiate debt -> seek tool by talk,agency preserved,True
4094,228,Fay,seek tool,care duty,True,False,seek tool -> care duty by offer_help,agency preserved,True
4095,228,Milo,care duty,recover focus,True,False,care duty -> recover focus by borrow_tool,agency preserved,True
4096,228,Sera,private task,recover focus,True,False,private task -> recover focus by return_tool,agency preserved,True
4097,228,Tovan,recover focus,rest,True,False,recover focus -> rest by interrupt_work,agency preserved,True
4098,228,Nia,work,rest,False,True,work -> rest by wait_offscreen,agency preserved,True
4099,228,Ari,rest,negotiate debt,True,False,rest -> negotiate debt by repair_trust,agency preserved,True
4100,228,Fay,negotiate debt,seek tool,False,False,negotiate debt -> seek tool by move,agency preserved,True
4101,228,Milo,seek tool,care duty,False,False,seek tool -> care duty by talk,agency preserved,True
4102,228,Sera,care duty,private task,True,False,care duty -> private task by offer_help,agency preserved,True
4103,228,Tovan,private task,work,True,True,private task -> work by borrow_tool,agency preserved,True
4104,229,Nia,work,negotiate debt,True,False,work -> negotiate debt by interrupt_work,resident boundary respected,True
4105,229,Ari,rest,negotiate debt,False,True,rest -> negotiate debt by wait_offscreen,agency preserved,True
4106,229,Fay,negotiate debt,seek tool,True,False,negotiate debt -> seek tool by repair_trust,agency preserved,True
4107,229,Milo,seek tool,care duty,False,False,seek tool -> care duty by move,agency preserved,True
4108,229,Sera,care duty,private task,False,False,care duty -> private task by talk,agency preserved,True
4109,229,Tovan,private task,recover focus,True,False,private task -> recover focus by offer_help,agency preserved,True
4110,229,Nia,recover focus,rest,True,False,recover focus -> rest by borrow_tool,agency preserved,True
4111,229,Ari,work,rest,True,False,work -> rest by return_tool,agency preserved,True
4112,229,Fay,rest,seek tool,True,False,rest -> seek tool by interrupt_work,resident boundary respected,True
4113,229,Milo,negotiate debt,seek tool,False,True,negotiate debt -> seek tool by wait_offscreen,agency preserved,True
4114,229,Sera,seek tool,care duty,True,False,seek tool -> care duty by repair_trust,agency preserved,True
4115,229,Tovan,care duty,private task,False,False,care duty -> private task by move,agency preserved,True
4116,229,Nia,private task,recover focus,False,False,private task -> recover focus by talk,agency preserved,True
4117,229,Ari,recover focus,work,True,False,recover focus -> work by offer_help,agency preserved,True
4118,229,Fay,work,negotiate debt,True,False,work -> negotiate debt by borrow_tool,agency preserved,True
4119,229,Milo,rest,negotiate debt,True,False,rest -> negotiate debt by return_tool,agency preserved,True
4120,229,Sera,negotiate debt,care duty,True,False,negotiate debt -> care duty by interrupt_work,resident boundary respected,True
4121,229,Tovan,seek tool,care duty,False,True,seek tool -> care duty by wait_offscreen,agency preserved,True
4122,230,Nia,private task,recover focus,False,False,private task -> recover focus by move,agency preserved,True
4123,230,Ari,recover focus,work,False,False,recover focus -> work by talk,agency preserved,True
4124,230,Fay,work,rest,True,False,work -> rest by offer_help,agency preserved,True
4125,230,Milo,rest,seek tool,True,False,rest -> seek tool by borrow_tool,agency preserved,True
4126,230,Sera,negotiate debt,seek tool,True,False,negotiate debt -> seek tool by return_tool,agency preserved,True
4127,230,Tovan,seek tool,private task,True,False,seek tool -> private task by interrupt_work,agency preserved,True
4128,230,Nia,care duty,private task,False,True,care duty -> private task by wait_offscreen,agency preserved,True
4129,230,Ari,private task,recover focus,True,False,private task -> recover focus by repair_trust,agency preserved,True
4130,230,Fay,recover focus,work,False,False,recover focus -> work by move,agency preserved,True
4131,230,Milo,work,rest,False,False,work -> rest by talk,agency preserved,True
4132,230,Sera,rest,negotiate debt,True,False,rest -> negotiate debt by offer_help,agency preserved,True
4133,230,Tovan,negotiate debt,care duty,True,False,negotiate debt -> care duty by borrow_tool,agency preserved,True
4134,230,Nia,seek tool,care duty,True,False,seek tool -> care duty by return_tool,agency preserved,True
4135,230,Ari,care duty,recover focus,True,False,care duty -> recover focus by interrupt_work,agency preserved,True
4136,230,Fay,private task,recover focus,False,True,private task -> recover focus by wait_offscreen,agency preserved,True
4137,230,Milo,recover focus,work,True,False,recover focus -> work by repair_trust,agency preserved,True
4138,230,Sera,work,rest,False,False,work -> rest by move,agency preserved,True
4139,230,Tovan,rest,negotiate debt,False,False,rest -> negotiate debt by talk,agency preserved,True
4140,231,Nia,seek tool,private task,True,False,seek tool -> private task by borrow_tool,resident boundary respected,True
4141,231,Ari,care duty,private task,True,False,care duty -> private task by return_tool,agency preserved,True
4142,231,Fay,private task,work,True,False,private task -> work by interrupt_work,agency preserved,True
4143,231,Milo,recover focus,work,False,True,recover focus -> work by wait_offscreen,agency preserved,True
4144,231,Sera,work,rest,True,False,work -> rest by repair_trust,agency preserved,True
4145,231,Tovan,rest,negotiate debt,False,False,rest -> negotiate debt by move,agency preserved,True
4146,231,Nia,negotiate debt,seek tool,False,False,negotiate debt -> seek tool by talk,agency preserved,True
4147,231,Ari,seek tool,care duty,True,False,seek tool -> care duty by offer_help,agency preserved,True
4148,231,Fay,care duty,recover focus,True,False,care duty -> recover focus by borrow_tool,resident boundary respected,True
4149,231,Milo,private task,recover focus,True,False,private task -> recover focus by return_tool,agency preserved,True
4150,231,Sera,recover focus,rest,True,False,recover focus -> rest by interrupt_work,agency preserved,True
4151,231,Tovan,work,rest,False,True,work -> rest by wait_offscreen,agency preserved,True
4152,231,Nia,rest,negotiate debt,True,False,rest -> negotiate debt by repair_trust,agency preserved,True
4153,231,Ari,negotiate debt,seek tool,False,False,negotiate debt -> seek tool by move,agency preserved,True
4154,231,Fay,seek tool,care duty,False,False,seek tool -> care duty by talk,agency preserved,True
4155,231,Milo,care duty,private task,True,False,care duty -> private task by offer_help,agency preserved,True
4156,231,Sera,private task,work,True,False,private task -> work by borrow_tool,resident boundary respected,True
4157,231,Tovan,recover focus,work,True,False,recover focus -> work by return_tool,agency preserved,True
4158,232,Nia,rest,negotiate debt,False,True,rest -> negotiate debt by wait_offscreen,agency preserved,True
4159,232,Ari,negotiate debt,seek tool,True,False,negotiate debt -> seek tool by repair_trust,agency preserved,True
4160,232,Fay,seek tool,care duty,False,False,seek tool -> care duty by move,agency preserved,True
4161,232,Milo,care duty,private task,False,False,care duty -> private task by talk,agency preserved,True
4162,232,Sera,private task,recover focus,True,False,private task -> recover focus by offer_help,agency preserved,True
4163,232,Tovan,recover focus,rest,True,False,recover focus -> rest by borrow_tool,agency preserved,True
4164,232,Nia,work,rest,True,False,work -> rest by return_tool,agency preserved,True
4165,232,Ari,rest,seek tool,True,False,rest -> seek tool by interrupt_work,agency preserved,True
4166,232,Fay,negotiate debt,seek tool,False,True,negotiate debt -> seek tool by wait_offscreen,agency preserved,True
4167,232,Milo,seek tool,care duty,True,False,seek tool -> care duty by repair_trust,agency preserved,True
4168,232,Sera,care duty,private task,False,False,care duty -> private task by move,agency preserved,True
4169,232,Tovan,private task,recover focus,False,False,private task -> recover focus by talk,agency preserved,True
4170,232,Nia,recover focus,work,True,False,recover focus -> work by offer_help,agency preserved,True
4171,232,Ari,work,negotiate debt,True,False,work -> negotiate debt by borrow_tool,agency preserved,True
4172,232,Fay,rest,negotiate debt,True,False,rest -> negotiate debt by return_tool,agency preserved,True
4173,232,Milo,negotiate debt,care duty,True,False,negotiate debt -> care duty by interrupt_work,agency preserved,True
4174,232,Sera,seek tool,care duty,False,True,seek tool -> care duty by wait_offscreen,agency preserved,True
4175,232,Tovan,care duty,private task,True,True,care duty -> private task by repair_trust,agency preserved,True
4176,233,Nia,recover focus,work,False,False,recover focus -> work by talk,agency preserved,True
4177,233,Ari,work,rest,True,False,work -> rest by offer_help,agency preserved,True
4178,233,Fay,rest,seek tool,True,False,rest -> seek tool by borrow_tool,agency preserved,True
4179,233,Milo,negotiate debt,seek tool,True,False,negotiate debt -> seek tool by return_tool,agency preserved,True
4180,233,Sera,seek tool,private task,True,False,seek tool -> private task by interrupt_work,resident boundary respected,True
4181,233,Tovan,care duty,private task,False,True,care duty -> private task by wait_offscreen,agency preserved,True
4182,233,Nia,private task,recover focus,True,False,private task -> recover focus by repair_trust,agency preserved,True
4183,233,Ari,recover focus,work,False,False,recover focus -> work by move,agency preserved,True
4184,233,Fay,work,rest,False,False,work -> rest by talk,agency preserved,True
4185,233,Milo,rest,negotiate debt,True,False,rest -> negotiate debt by offer_help,agency preserved,True
4186,233,Sera,negotiate debt,care duty,True,False,negotiate debt -> care duty by borrow_tool,agency preserved,True
4187,233,Tovan,seek tool,care duty,True,False,seek tool -> care duty by return_tool,agency preserved,True
4188,233,Nia,care duty,recover focus,True,False,care duty -> recover focus by interrupt_work,resident boundary respected,True
4189,233,Ari,private task,recover focus,False,True,private task -> recover focus by wait_offscreen,agency preserved,True
4190,233,Fay,recover focus,work,True,False,recover focus -> work by repair_trust,agency preserved,True
4191,233,Milo,work,rest,False,False,work -> rest by move,agency preserved,True
4192,233,Sera,rest,negotiate debt,False,False,rest -> negotiate debt by talk,agency preserved,True
4193,233,Tovan,negotiate debt,seek tool,True,False,negotiate debt -> seek tool by offer_help,agency preserved,True
4194,234,Nia,care duty,private task,True,False,care duty -> private task by return_tool,agency preserved,True
4195,234,Ari,private task,work,True,False,private task -> work by interrupt_work,agency preserved,True
4196,234,Fay,recover focus,work,False,True,recover focus -> work by wait_offscreen,agency preserved,True
4197,234,Milo,work,rest,True,False,work -> rest by repair_trust,agency preserved,True
4198,234,Sera,rest,negotiate debt,False,False,rest -> negotiate debt by move,agency preserved,True
4199,234,Tovan,negotiate debt,seek tool,False,False,negotiate debt -> seek tool by talk,agency preserved,True
4200,234,Nia,seek tool,care duty,True,False,seek tool -> care duty by offer_help,agency preserved,True
4201,234,Ari,care duty,recover focus,True,False,care duty -> recover focus by borrow_tool,agency preserved,True
4202,234,Fay,private task,recover focus,True,False,private task -> recover focus by return_tool,agency preserved,True
4203,234,Milo,recover focus,rest,True,False,recover focus -> rest by interrupt_work,agency preserved,True
4204,234,Sera,work,rest,False,True,work -> rest by wait_offscreen,agency preserved,True
4205,234,Tovan,rest,negotiate debt,True,False,rest -> negotiate debt by repair_trust,agency preserved,True
4206,234,Nia,negotiate debt,seek tool,False,False,negotiate debt -> seek tool by move,agency preserved,True
4207,234,Ari,seek tool,care duty,False,False,seek tool -> care duty by talk,agency preserved,True
4208,234,Fay,care duty,private task,True,False,care duty -> private task by offer_help,agency preserved,True
4209,234,Milo,private task,work,True,False,private task -> work by borrow_tool,agency preserved,True
4210,234,Sera,recover focus,work,True,False,recover focus -> work by return_tool,agency preserved,True
4211,234,Tovan,work,negotiate debt,True,False,work -> negotiate debt by interrupt_work,agency preserved,True
4212,235,Nia,negotiate debt,seek tool,True,False,negotiate debt -> seek tool by repair_trust,agency preserved,True
4213,235,Ari,seek tool,care duty,False,False,seek tool -> care duty by move,agency preserved,True
4214,235,Fay,care duty,private task,False,False,care duty -> private task by talk,agency preserved,True
4215,235,Milo,private task,recover focus,True,False,private task -> recover focus by offer_help,agency preserved,True
4216,235,Sera,recover focus,rest,True,False,recover focus -> rest by borrow_tool,resident boundary respected,True
4217,235,Tovan,work,rest,True,False,work -> rest by return_tool,agency preserved,True
4218,235,Nia,rest,seek tool,True,False,rest -> seek tool by interrupt_work,agency preserved,True
4219,235,Ari,negotiate debt,seek tool,False,True,negotiate debt -> seek tool by wait_offscreen,agency preserved,True
4220,235,Fay,seek tool,care duty,True,False,seek tool -> care duty by repair_trust,agency preserved,True
4221,235,Milo,care duty,private task,False,False,care duty -> private task by move,agency preserved,True
4222,235,Sera,private task,recover focus,False,False,private task -> recover focus by talk,agency preserved,True
4223,235,Tovan,recover focus,work,True,False,recover focus -> work by offer_help,agency preserved,True
4224,235,Nia,work,negotiate debt,True,False,work -> negotiate debt by borrow_tool,resident boundary respected,True
4225,235,Ari,rest,negotiate debt,True,False,rest -> negotiate debt by return_tool,agency preserved,True
4226,235,Fay,negotiate debt,care duty,True,False,negotiate debt -> care duty by interrupt_work,agency preserved,True
4227,235,Milo,seek tool,care duty,False,True,seek tool -> care duty by wait_offscreen,agency preserved,True
4228,235,Sera,care duty,private task,True,False,care duty -> private task by repair_trust,agency preserved,True
4229,235,Tovan,private task,recover focus,False,False,private task -> recover focus by move,agency preserved,True
4230,236,Nia,work,rest,True,True,work -> rest by offer_help,agency preserved,True
4231,236,Ari,rest,seek tool,True,False,rest -> seek tool by borrow_tool,agency preserved,True
4232,236,Fay,negotiate debt,seek tool,True,False,negotiate debt -> seek tool by return_tool,agency preserved,True
4233,236,Milo,seek tool,private task,True,False,seek tool -> private task by interrupt_work,agency preserved,True
4234,236,Sera,care duty,private task,False,True,care duty -> private task by wait_offscreen,agency preserved,True
4235,236,Tovan,private task,recover focus,True,False,private task -> recover focus by repair_trust,agency preserved,True
4236,236,Nia,recover focus,work,False,False,recover focus -> work by move,agency preserved,True
4237,236,Ari,work,rest,False,False,work -> rest by talk,agency preserved,True
4238,236,Fay,rest,negotiate debt,True,False,rest -> negotiate debt by offer_help,agency preserved,True
4239,236,Milo,negotiate debt,care duty,True,False,negotiate debt -> care duty by borrow_tool,agency preserved,True
4240,236,Sera,seek tool,care duty,True,False,seek tool -> care duty by return_tool,agency preserved,True
4241,236,Tovan,care duty,recover focus,True,False,care duty -> recover focus by interrupt_work,agency preserved,True
4242,236,Nia,private task,recover focus,False,True,private task -> recover focus by wait_offscreen,agency preserved,True
4243,236,Ari,recover focus,work,True,False,recover focus -> work by repair_trust,agency preserved,True
4244,236,Fay,work,rest,False,False,work -> rest by move,agency preserved,True
4245,236,Milo,rest,negotiate debt,False,False,rest -> negotiate debt by talk,agency preserved,True
4246,236,Sera,negotiate debt,seek tool,True,False,negotiate debt -> seek tool by offer_help,agency preserved,True
4247,236,Tovan,seek tool,private task,True,True,seek tool -> private task by borrow_tool,agency preserved,True
4248,237,Nia,private task,work,True,False,private task -> work by interrupt_work,resident boundary respected,True
4249,237,Ari,recover focus,work,False,True,recover focus -> work by wait_offscreen,agency preserved,True
4250,237,Fay,work,rest,True,False,work -> rest by repair_trust,agency preserved,True
4251,237,Milo,rest,negotiate debt,False,False,rest -> negotiate debt by move,agency preserved,True
4252,237,Sera,negotiate debt,seek tool,False,False,negotiate debt -> seek tool by talk,agency preserved,True
4253,237,Tovan,seek tool,care duty,True,False,seek tool -> care duty by offer_help,agency preserved,True
4254,237,Nia,care duty,recover focus,True,False,care duty -> recover focus by borrow_tool,agency preserved,True
4255,237,Ari,private task,recover focus,True,False,private task -> recover focus by return_tool,agency preserved,True
4256,237,Fay,recover focus,rest,True,False,recover focus -> rest by interrupt_work,resident boundary respected,True
4257,237,Milo,work,rest,False,True,work -> rest by wait_offscreen,agency preserved,True
4258,237,Sera,rest,negotiate debt,True,False,rest -> negotiate debt by repair_trust,agency preserved,True
4259,237,Tovan,negotiate debt,seek tool,False,False,negotiate debt -> seek tool by move,agency preserved,True
4260,237,Nia,seek tool,care duty,False,False,seek tool -> care duty by talk,agency preserved,True
4261,237,Ari,care duty,private task,True,False,care duty -> private task by offer_help,agency preserved,True
4262,237,Fay,private task,work,True,False,private task -> work by borrow_tool,agency preserved,True
4263,237,Milo,recover focus,work,True,False,recover focus -> work by return_tool,agency preserved,True
4264,237,Sera,work,negotiate debt,True,False,work -> negotiate debt by interrupt_work,resident boundary respected,True
4265,237,Tovan,rest,negotiate debt,False,True,rest -> negotiate debt by wait_offscreen,agency preserved,True
4266,238,Nia,seek tool,care duty,False,False,seek tool -> care duty by move,agency preserved,True
4267,238,Ari,care duty,private task,False,False,care duty -> private task by talk,agency preserved,True
4268,238,Fay,private task,recover focus,True,False,private task -> recover focus by offer_help,agency preserved,True
4269,238,Milo,recover focus,rest,True,False,recover focus -> rest by borrow_tool,agency preserved,True
4270,238,Sera,work,rest,True,False,work -> rest by return_tool,agency preserved,True
4271,238,Tovan,rest,seek tool,True,False,rest -> seek tool by interrupt_work,agency preserved,True
4272,238,Nia,negotiate debt,seek tool,False,True,negotiate debt -> seek tool by wait_offscreen,agency preserved,True
4273,238,Ari,seek tool,care duty,True,False,seek tool -> care duty by repair_trust,agency preserved,True
4274,238,Fay,care duty,private task,False,False,care duty -> private task by move,agency preserved,True
4275,238,Milo,private task,recover focus,False,False,private task -> recover focus by talk,agency preserved,True
4276,238,Sera,recover focus,work,True,False,recover focus -> work by offer_help,agency preserved,True
4277,238,Tovan,work,negotiate debt,True,False,work -> negotiate debt by borrow_tool,agency preserved,True
4278,238,Nia,rest,negotiate debt,True,False,rest -> negotiate debt by return_tool,agency preserved,True
4279,238,Ari,negotiate debt,care duty,True,False,negotiate debt -> care duty by interrupt_work,agency preserved,True
4280,238,Fay,seek tool,care duty,False,True,seek tool -> care duty by wait_offscreen,agency preserved,True
4281,238,Milo,care duty,private task,True,False,care duty -> private task by repair_trust,agency preserved,True
4282,238,Sera,private task,recover focus,False,False,private task -> recover focus by move,agency preserved,True
4283,238,Tovan,recover focus,work,False,False,recover focus -> work by talk,agency preserved,True
4284,239,Nia,rest,seek tool,True,False,rest -> seek tool by borrow_tool,resident boundary respected,True
4285,239,Ari,negotiate debt,seek tool,True,False,negotiate debt -> seek tool by return_tool,agency preserved,True
4286,239,Fay,seek tool,private task,True,False,seek tool -> private task by interrupt_work,agency preserved,True
4287,239,Milo,care duty,private task,False,True,care duty -> private task by wait_offscreen,agency preserved,True
4288,239,Sera,private task,recover focus,True,False,private task -> recover focus by repair_trust,agency preserved,True
4289,239,Tovan,recover focus,work,False,False,recover focus -> work by move,agency preserved,True
4290,239,Nia,work,rest,False,False,work -> rest by talk,agency preserved,True
4291,239,Ari,rest,negotiate debt,True,False,rest -> negotiate debt by offer_help,agency preserved,True
4292,239,Fay,negotiate debt,care duty,True,False,negotiate debt -> care duty by borrow_tool,resident boundary respected,True
4293,239,Milo,seek tool,care duty,True,False,seek tool -> care duty by return_tool,agency preserved,True
4294,239,Sera,care duty,recover focus,True,False,care duty -> recover focus by interrupt_work,agency preserved,True
4295,239,Tovan,private task,recover focus,False,True,private task -> recover focus by wait_offscreen,agency preserved,True
4296,239,Nia,recover focus,work,True,False,recover focus -> work by repair_trust,agency preserved,True
4297,239,Ari,work,rest,False,False,work -> rest by move,agency preserved,True
4298,239,Fay,rest,negotiate debt,False,False,rest -> negotiate debt by talk,agency preserved,True
4299,239,Milo,negotiate debt,seek tool,True,False,negotiate debt -> seek tool by offer_help,agency preserved,True
4300,239,Sera,seek tool,private task,True,False,seek tool -> private task by borrow_tool,resident boundary respected,True
4301,239,Tovan,care duty,private task,True,False,care duty -> private task by return_tool,agency preserved,True
4302,240,Nia,recover focus,work,False,True,recover focus -> work by wait_offscreen,agency preserved,True
4303,240,Ari,work,rest,True,False,work -> rest by repair_trust,agency preserved,True
4304,240,Fay,rest,negotiate debt,False,False,rest -> negotiate debt by move,agency preserved,True
4305,240,Milo,negotiate debt,seek tool,False,False,negotiate debt -> seek tool by talk,agency preserved,True
4306,240,Sera,seek tool,care duty,True,False,seek tool -> care duty by offer_help,agency preserved,True
4307,240,Tovan,care duty,recover focus,True,False,care duty -> recover focus by borrow_tool,agency preserved,True
4308,240,Nia,private task,recover focus,True,False,private task -> recover focus by return_tool,agency preserved,True
4309,240,Ari,recover focus,rest,True,False,recover focus -> rest by interrupt_work,agency preserved,True
4310,240,Fay,work,rest,False,True,work -> rest by wait_offscreen,agency preserved,True
4311,240,Milo,rest,negotiate debt,True,False,rest -> negotiate debt by repair_trust,agency preserved,True
4312,240,Sera,negotiate debt,seek tool,False,False,negotiate debt -> seek tool by move,agency preserved,True
4313,240,Tovan,seek tool,care duty,False,False,seek tool -> care duty by talk,agency preserved,True
4314,240,Nia,care duty,private task,True,False,care duty -> private task by offer_help,agency preserved,True
4315,240,Ari,private task,work,True,False,private task -> work by borrow_tool,agency preserved,True
4316,240,Fay,recover focus,work,True,False,recover focus -> work by return_tool,agency preserved,True
4317,240,Milo,work,negotiate debt,True,False,work -> negotiate debt by interrupt_work,agency preserved,True
4318,240,Sera,rest,negotiate debt,False,True,rest -> negotiate debt by wait_offscreen,agency preserved,True
4319,240,Tovan,negotiate debt,seek tool,True,True,negotiate debt -> seek tool by repair_trust,agency preserved,True
4320,241,Nia,care duty,private task,False,False,care duty -> private task by talk,agency preserved,True
4321,241,Ari,private task,recover focus,True,False,private task -> recover focus by offer_help,agency preserved,True
4322,241,Fay,recover focus,rest,True,False,recover focus -> rest by borrow_tool,agency preserved,True
4323,241,Milo,work,rest,True,False,work -> rest by return_tool,agency preserved,True
4324,241,Sera,rest,seek tool,True,False,rest -> seek tool by interrupt_work,resident boundary respected,True
4325,241,Tovan,negotiate debt,seek tool,False,True,negotiate debt -> seek tool by wait_offscreen,agency preserved,True
4326,241,Nia,seek tool,care duty,True,False,seek tool -> care duty by repair_trust,agency preserved,True
4327,241,Ari,care duty,private task,False,False,care duty -> private task by move,agency preserved,True
4328,241,Fay,private task,recover focus,False,False,private task -> recover focus by talk,agency preserved,True
4329,241,Milo,recover focus,work,True,False,recover focus -> work by offer_help,agency preserved,True
4330,241,Sera,work,negotiate debt,True,False,work -> negotiate debt by borrow_tool,agency preserved,True
4331,241,Tovan,rest,negotiate debt,True,False,rest -> negotiate debt by return_tool,agency preserved,True
4332,241,Nia,negotiate debt,care duty,True,False,negotiate debt -> care duty by interrupt_work,resident boundary respected,True
4333,241,Ari,seek tool,care duty,False,True,seek tool -> care duty by wait_offscreen,agency preserved,True
4334,241,Fay,care duty,private task,True,False,care duty -> private task by repair_trust,agency preserved,True
4335,241,Milo,private task,recover focus,False,False,private task -> recover focus by move,agency preserved,True
4336,241,Sera,recover focus,work,False,False,recover focus -> work by talk,agency preserved,True
4337,241,Tovan,work,rest,True,False,work -> rest by offer_help,agency preserved,True
4338,242,Nia,negotiate debt,seek tool,True,False,negotiate debt -> seek tool by return_tool,agency preserved,True
4339,242,Ari,seek tool,private task,True,False,seek tool -> private task by interrupt_work,agency preserved,True
4340,242,Fay,care duty,private task,False,True,care duty -> private task by wait_offscreen,agency preserved,True
4341,242,Milo,private task,recover focus,True,False,private task -> recover focus by repair_trust,agency preserved,True
4342,242,Sera,recover focus,work,False,False,recover focus -> work by move,agency preserved,True
4343,242,Tovan,work,rest,False,False,work -> rest by talk,agency preserved,True
4344,242,Nia,rest,negotiate debt,True,False,rest -> negotiate debt by offer_help,agency preserved,True
4345,242,Ari,negotiate debt,care duty,True,False,negotiate debt -> care duty by borrow_tool,agency preserved,True
4346,242,Fay,seek tool,care duty,True,False,seek tool -> care duty by return_tool,agency preserved,True
4347,242,Milo,care duty,recover focus,True,False,care duty -> recover focus by interrupt_work,agency preserved,True
4348,242,Sera,private task,recover focus,False,True,private task -> recover focus by wait_offscreen,agency preserved,True
4349,242,Tovan,recover focus,work,True,False,recover focus -> work by repair_trust,agency preserved,True
4350,242,Nia,work,rest,False,False,work -> rest by move,agency preserved,True
4351,242,Ari,rest,negotiate debt,False,False,rest -> negotiate debt by talk,agency preserved,True
4352,242,Fay,negotiate debt,seek tool,True,False,negotiate debt -> seek tool by offer_help,agency preserved,True
4353,242,Milo,seek tool,private task,True,False,seek tool -> private task by borrow_tool,agency preserved,True
4354,242,Sera,care duty,private task,True,False,care duty -> private task by return_tool,agency preserved,True
4355,242,Tovan,private task,work,True,False,private task -> work by interrupt_work,agency preserved,True
4356,243,Nia,work,rest,True,False,work -> rest by repair_trust,agency preserved,True
4357,243,Ari,rest,negotiate debt,False,False,rest -> negotiate debt by move,agency preserved,True
4358,243,Fay,negotiate debt,seek tool,False,False,negotiate debt -> seek tool by talk,agency preserved,True
4359,243,Milo,seek tool,care duty,True,False,seek tool -> care duty by offer_help,agency preserved,True
4360,243,Sera,care duty,recover focus,True,False,care duty -> recover focus by borrow_tool,resident boundary respected,True
4361,243,Tovan,private task,recover focus,True,False,private task -> recover focus by return_tool,agency preserved,True
4362,243,Nia,recover focus,rest,True,False,recover focus -> rest by interrupt_work,agency preserved,True
4363,243,Ari,work,rest,False,True,work -> rest by wait_offscreen,agency preserved,True
4364,243,Fay,rest,negotiate debt,True,False,rest -> negotiate debt by repair_trust,agency preserved,True
4365,243,Milo,negotiate debt,seek tool,False,False,negotiate debt -> seek tool by move,agency preserved,True
4366,243,Sera,seek tool,care duty,False,False,seek tool -> care duty by talk,agency preserved,True
4367,243,Tovan,care duty,private task,True,False,care duty -> private task by offer_help,agency preserved,True
4368,243,Nia,private task,work,True,False,private task -> work by borrow_tool,resident boundary respected,True
4369,243,Ari,recover focus,work,True,False,recover focus -> work by return_tool,agency preserved,True
4370,243,Fay,work,negotiate debt,True,False,work -> negotiate debt by interrupt_work,agency preserved,True
4371,243,Milo,rest,negotiate debt,False,True,rest -> negotiate debt by wait_offscreen,agency preserved,True
4372,243,Sera,negotiate debt,seek tool,True,False,negotiate debt -> seek tool by repair_trust,agency preserved,True
4373,243,Tovan,seek tool,care duty,False,False,seek tool -> care duty by move,agency preserved,True
4374,244,Nia,private task,recover focus,True,True,private task -> recover focus by offer_help,agency preserved,True
4375,244,Ari,recover focus,rest,True,False,recover focus -> rest by borrow_tool,agency preserved,True
4376,244,Fay,work,rest,True,False,work -> rest by return_tool,agency preserved,True
4377,244,Milo,rest,seek tool,True,False,rest -> seek tool by interrupt_work,agency preserved,True
4378,244,Sera,negotiate debt,seek tool,False,True,negotiate debt -> seek tool by wait_offscreen,agency preserved,True
4379,244,Tovan,seek tool,care duty,True,False,seek tool -> care duty by repair_trust,agency preserved,True
4380,244,Nia,care duty,private task,False,False,care duty -> private task by move,agency preserved,True
4381,244,Ari,private task,recover focus,False,False,private task -> recover focus by talk,agency preserved,True
4382,244,Fay,recover focus,work,True,False,recover focus -> work by offer_help,agency preserved,True
4383,244,Milo,work,negotiate debt,True,False,work -> negotiate debt by borrow_tool,agency preserved,True
4384,244,Sera,rest,negotiate debt,True,False,rest -> negotiate debt by return_tool,agency preserved,True
4385,244,Tovan,negotiate debt,care duty,True,False,negotiate debt -> care duty by interrupt_work,agency preserved,True
4386,244,Nia,seek tool,care duty,False,True,seek tool -> care duty by wait_offscreen,agency preserved,True
4387,244,Ari,care duty,private task,True,False,care duty -> private task by repair_trust,agency preserved,True
4388,244,Fay,private task,recover focus,False,False,private task -> recover focus by move,agency preserved,True
4389,244,Milo,recover focus,work,False,False,recover focus -> work by talk,agency preserved,True
4390,244,Sera,work,rest,True,False,work -> rest by offer_help,agency preserved,True
4391,244,Tovan,rest,seek tool,True,True,rest -> seek tool by borrow_tool,agency preserved,True
4392,245,Nia,seek tool,private task,True,False,seek tool -> private task by interrupt_work,resident boundary respected,True
4393,245,Ari,care duty,private task,False,True,care duty -> private task by wait_offscreen,agency preserved,True
4394,245,Fay,private task,recover focus,True,False,private task -> recover focus by repair_trust,agency preserved,True
4395,245,Milo,recover focus,work,False,False,recover focus -> work by move,agency preserved,True
4396,245,Sera,work,rest,False,False,work -> rest by talk,agency preserved,True
4397,245,Tovan,rest,negotiate debt,True,False,rest -> negotiate debt by offer_help,agency preserved,True
4398,245,Nia,negotiate debt,care duty,True,False,negotiate debt -> care duty by borrow_tool,agency preserved,True
4399,245,Ari,seek tool,care duty,True,False,seek tool -> care duty by return_tool,agency preserved,True
4400,245,Fay,care duty,recover focus,True,False,care duty -> recover focus by interrupt_work,resident boundary respected,True
4401,245,Milo,private task,recover focus,False,True,private task -> recover focus by wait_offscreen,agency preserved,True
4402,245,Sera,recover focus,work,True,False,recover focus -> work by repair_trust,agency preserved,True
4403,245,Tovan,work,rest,False,False,work -> rest by move,agency preserved,True
4404,245,Nia,rest,negotiate debt,False,False,rest -> negotiate debt by talk,agency preserved,True
4405,245,Ari,negotiate debt,seek tool,True,False,negotiate debt -> seek tool by offer_help,agency preserved,True
4406,245,Fay,seek tool,private task,True,False,seek tool -> private task by borrow_tool,agency preserved,True
4407,245,Milo,care duty,private task,True,False,care duty -> private task by return_tool,agency preserved,True
4408,245,Sera,private task,work,True,False,private task -> work by interrupt_work,resident boundary respected,True
4409,245,Tovan,recover focus,work,False,True,recover focus -> work by wait_offscreen,agency preserved,True
4410,246,Nia,rest,negotiate debt,False,False,rest -> negotiate debt by move,agency preserved,True
4411,246,Ari,negotiate debt,seek tool,False,False,negotiate debt -> seek tool by talk,agency preserved,True
4412,246,Fay,seek tool,care duty,True,False,seek tool -> care duty by offer_help,agency preserved,True
4413,246,Milo,care duty,recover focus,True,False,care duty -> recover focus by borrow_tool,agency preserved,True
4414,246,Sera,private task,recover focus,True,False,private task -> recover focus by return_tool,agency preserved,True
4415,246,Tovan,recover focus,rest,True,False,recover focus -> rest by interrupt_work,agency preserved,True
4416,246,Nia,work,rest,False,True,work -> rest by wait_offscreen,agency preserved,True
4417,246,Ari,rest,negotiate debt,True,False,rest -> negotiate debt by repair_trust,agency preserved,True
4418,246,Fay,negotiate debt,seek tool,False,False,negotiate debt -> seek tool by move,agency preserved,True
4419,246,Milo,seek tool,care duty,False,False,seek tool -> care duty by talk,agency preserved,True
4420,246,Sera,care duty,private task,True,False,care duty -> private task by offer_help,agency preserved,True
4421,246,Tovan,private task,work,True,False,private task -> work by borrow_tool,agency preserved,True
4422,246,Nia,recover focus,work,True,False,recover focus -> work by return_tool,agency preserved,True
4423,246,Ari,work,negotiate debt,True,False,work -> negotiate debt by interrupt_work,agency preserved,True
4424,246,Fay,rest,negotiate debt,False,True,rest -> negotiate debt by wait_offscreen,agency preserved,True
4425,246,Milo,negotiate debt,seek tool,True,False,negotiate debt -> seek tool by repair_trust,agency preserved,True
4426,246,Sera,seek tool,care duty,False,False,seek tool -> care duty by move,agency preserved,True
4427,246,Tovan,care duty,private task,False,False,care duty -> private task by talk,agency preserved,True
4428,247,Nia,recover focus,rest,True,False,recover focus -> rest by borrow_tool,resident boundary respected,True
4429,247,Ari,work,rest,True,False,work -> rest by return_tool,agency preserved,True
4430,247,Fay,rest,seek tool,True,False,rest -> seek tool by interrupt_work,agency preserved,True
4431,247,Milo,negotiate debt,seek tool,False,True,negotiate debt -> seek tool by wait_offscreen,agency preserved,True
4432,247,Sera,seek tool,care duty,True,False,seek tool -> care duty by repair_trust,agency preserved,True
4433,247,Tovan,care duty,private task,False,False,care duty -> private task by move,agency preserved,True
4434,247,Nia,private task,recover focus,False,False,private task -> recover focus by talk,agency preserved,True
4435,247,Ari,recover focus,work,True,False,recover focus -> work by offer_help,agency preserved,True
4436,247,Fay,work,negotiate debt,True,False,work -> negotiate debt by borrow_tool,resident boundary respected,True
4437,247,Milo,rest,negotiate debt,True,False,rest -> negotiate debt by return_tool,agency preserved,True
4438,247,Sera,negotiate debt,care duty,True,False,negotiate debt -> care duty by interrupt_work,agency preserved,True
4439,247,Tovan,seek tool,care duty,False,True,seek tool -> care duty by wait_offscreen,agency preserved,True
4440,247,Nia,care duty,private task,True,False,care duty -> private task by repair_trust,agency preserved,True
4441,247,Ari,private task,recover focus,False,False,private task -> recover focus by move,agency preserved,True
4442,247,Fay,recover focus,work,False,False,recover focus -> work by talk,agency preserved,True
4443,247,Milo,work,rest,True,False,work -> rest by offer_help,agency preserved,True
4444,247,Sera,rest,seek tool,True,False,rest -> seek tool by borrow_tool,resident boundary respected,True
4445,247,Tovan,negotiate debt,seek tool,True,False,negotiate debt -> seek tool by return_tool,agency preserved,True
4446,248,Nia,care duty,private task,False,True,care duty -> private task by wait_offscreen,agency preserved,True
4447,248,Ari,private task,recover focus,True,False,private task -> recover focus by repair_trust,agency preserved,True
4448,248,Fay,recover focus,work,False,False,recover focus -> work by move,agency preserved,True
4449,248,Milo,work,rest,False,False,work -> rest by talk,agency preserved,True
4450,248,Sera,rest,negotiate debt,True,False,rest -> negotiate debt by offer_help,agency preserved,True
4451,248,Tovan,negotiate debt,care duty,True,False,negotiate debt -> care duty by borrow_tool,agency preserved,True
4452,248,Nia,seek tool,care duty,True,False,seek tool -> care duty by return_tool,agency preserved,True
4453,248,Ari,care duty,recover focus,True,False,care duty -> recover focus by interrupt_work,agency preserved,True
4454,248,Fay,private task,recover focus,False,True,private task -> recover focus by wait_offscreen,agency preserved,True
4455,248,Milo,recover focus,work,True,False,recover focus -> work by repair_trust,agency preserved,True
4456,248,Sera,work,rest,False,False,work -> rest by move,agency preserved,True
4457,248,Tovan,rest,negotiate debt,False,False,rest -> negotiate debt by talk,agency preserved,True
4458,248,Nia,negotiate debt,seek tool,True,False,negotiate debt -> seek tool by offer_help,agency preserved,True
4459,248,Ari,seek tool,private task,True,False,seek tool -> private task by borrow_tool,agency preserved,True
4460,248,Fay,care duty,private task,True,False,care duty -> private task by return_tool,agency preserved,True
4461,248,Milo,private task,work,True,False,private task -> work by interrupt_work,agency preserved,True
4462,248,Sera,recover focus,work,False,True,recover focus -> work by wait_offscreen,agency preserved,True
4463,248,Tovan,work,rest,True,True,work -> rest by repair_trust,agency preserved,True
4464,249,Nia,negotiate debt,seek tool,False,False,negotiate debt -> seek tool by talk,agency preserved,True
4465,249,Ari,seek tool,care duty,True,False,seek tool -> care duty by offer_help,agency preserved,True
4466,249,Fay,care duty,recover focus,True,False,care duty -> recover focus by borrow_tool,agency preserved,True
4467,249,Milo,private task,recover focus,True,False,private task -> recover focus by return_tool,agency preserved,True
4468,249,Sera,recover focus,rest,True,False,recover focus -> rest by interrupt_work,resident boundary respected,True
4469,249,Tovan,work,rest,False,True,work -> rest by wait_offscreen,agency preserved,True
4470,249,Nia,rest,negotiate debt,True,False,rest -> negotiate debt by repair_trust,agency preserved,True
4471,249,Ari,negotiate debt,seek tool,False,False,negotiate debt -> seek tool by move,agency preserved,True
4472,249,Fay,seek tool,care duty,False,False,seek tool -> care duty by talk,agency preserved,True
4473,249,Milo,care duty,private task,True,False,care duty -> private task by offer_help,agency preserved,True
4474,249,Sera,private task,work,True,False,private task -> work by borrow_tool,agency preserved,True
4475,249,Tovan,recover focus,work,True,False,recover focus -> work by return_tool,agency preserved,True
4476,249,Nia,work,negotiate debt,True,False,work -> negotiate debt by interrupt_work,resident boundary respected,True
4477,249,Ari,rest,negotiate debt,False,True,rest -> negotiate debt by wait_offscreen,agency preserved,True
4478,249,Fay,negotiate debt,seek tool,True,False,negotiate debt -> seek tool by repair_trust,agency preserved,True
4479,249,Milo,seek tool,care duty,False,False,seek tool -> care duty by move,agency preserved,True
4480,249,Sera,care duty,private task,False,False,care duty -> private task by talk,agency preserved,True
4481,249,Tovan,private task,recover focus,True,False,private task -> recover focus by offer_help,agency preserved,True
4482,250,Nia,work,rest,True,False,work -> rest by return_tool,agency preserved,True
4483,250,Ari,rest,seek tool,True,False,rest -> seek tool by interrupt_work,agency preserved,True
4484,250,Fay,negotiate debt,seek tool,False,True,negotiate debt -> seek tool by wait_offscreen,agency preserved,True
4485,250,Milo,seek tool,care duty,True,False,seek tool -> care duty by repair_trust,agency preserved,True
4486,250,Sera,care duty,private task,False,False,care duty -> private task by move,agency preserved,True
4487,250,Tovan,private task,recover focus,False,False,private task -> recover focus by talk,agency preserved,True
4488,250,Nia,recover focus,work,True,False,recover focus -> work by offer_help,agency preserved,True
4489,250,Ari,work,negotiate debt,True,False,work -> negotiate debt by borrow_tool,agency preserved,True
4490,250,Fay,rest,negotiate debt,True,False,rest -> negotiate debt by return_tool,agency preserved,True
4491,250,Milo,negotiate debt,care duty,True,False,negotiate debt -> care duty by interrupt_work,agency preserved,True
4492,250,Sera,seek tool,care duty,False,True,seek tool -> care duty by wait_offscreen,agency preserved,True
4493,250,Tovan,care duty,private task,True,False,care duty -> private task by repair_trust,agency preserved,True
4494,250,Nia,private task,recover focus,False,False,private task -> recover focus by move,agency preserved,True
4495,250,Ari,recover focus,work,False,False,recover focus -> work by talk,agency preserved,True
4496,250,Fay,work,rest,True,False,work -> rest by offer_help,agency preserved,True
4497,250,Milo,rest,seek tool,True,False,rest -> seek tool by borrow_tool,agency preserved,True
4498,250,Sera,negotiate debt,seek tool,True,False,negotiate debt -> seek tool by return_tool,agency preserved,True
4499,250,Tovan,seek tool,private task,True,False,seek tool -> private task by interrupt_work,agency preserved,True
4500,251,Nia,private task,recover focus,True,False,private task -> recover focus by repair_trust,agency preserved,True
4501,251,Ari,recover focus,work,False,False,recover focus -> work by move,agency preserved,True
4502,251,Fay,work,rest,False,False,work -> rest by talk,agency preserved,True
4503,251,Milo,rest,negotiate debt,True,False,rest -> negotiate debt by offer_help,agency preserved,True
4504,251,Sera,negotiate debt,care duty,True,False,negotiate debt -> care duty by borrow_tool,resident boundary respected,True
4505,251,Tovan,seek tool,care duty,True,False,seek tool -> care duty by return_tool,agency preserved,True
4506,251,Nia,care duty,recover focus,True,False,care duty -> recover focus by interrupt_work,agency preserved,True
4507,251,Ari,private task,recover focus,False,True,private task -> recover focus by wait_offscreen,agency preserved,True
4508,251,Fay,recover focus,work,True,False,recover focus -> work by repair_trust,agency preserved,True
4509,251,Milo,work,rest,False,False,work -> rest by move,agency preserved,True
4510,251,Sera,rest,negotiate debt,False,False,rest -> negotiate debt by talk,agency preserved,True
4511,251,Tovan,negotiate debt,seek tool,True,False,negotiate debt -> seek tool by offer_help,agency preserved,True
4512,251,Nia,seek tool,private task,True,False,seek tool -> private task by borrow_tool,resident boundary respected,True
4513,251,Ari,care duty,private task,True,False,care duty -> private task by return_tool,agency preserved,True
4514,251,Fay,private task,work,True,False,private task -> work by interrupt_work,agency preserved,True
4515,251,Milo,recover focus,work,False,True,recover focus -> work by wait_offscreen,agency preserved,True
4516,251,Sera,work,rest,True,False,work -> rest by repair_trust,agency preserved,True
4517,251,Tovan,rest,negotiate debt,False,False,rest -> negotiate debt by move,agency preserved,True
4518,252,Nia,seek tool,care duty,True,True,seek tool -> care duty by offer_help,agency preserved,True
4519,252,Ari,care duty,recover focus,True,False,care duty -> recover focus by borrow_tool,agency preserved,True
4520,252,Fay,private task,recover focus,True,False,private task -> recover focus by return_tool,agency preserved,True
4521,252,Milo,recover focus,rest,True,False,recover focus -> rest by interrupt_work,agency preserved,True
4522,252,Sera,work,rest,False,True,work -> rest by wait_offscreen,agency preserved,True
4523,252,Tovan,rest,negotiate debt,True,False,rest -> negotiate debt by repair_trust,agency preserved,True
4524,252,Nia,negotiate debt,seek tool,False,False,negotiate debt -> seek tool by move,agency preserved,True
4525,252,Ari,seek tool,care duty,False,False,seek tool -> care duty by talk,agency preserved,True
4526,252,Fay,care duty,private task,True,False,care duty -> private task by offer_help,agency preserved,True
4527,252,Milo,private task,work,True,False,private task -> work by borrow_tool,agency preserved,True
4528,252,Sera,recover focus,work,True,False,recover focus -> work by return_tool,agency preserved,True
4529,252,Tovan,work,negotiate debt,True,False,work -> negotiate debt by interrupt_work,agency preserved,True
4530,252,Nia,rest,negotiate debt,False,True,rest -> negotiate debt by wait_offscreen,agency preserved,True
4531,252,Ari,negotiate debt,seek tool,True,False,negotiate debt -> seek tool by repair_trust,agency preserved,True
4532,252,Fay,seek tool,care duty,False,False,seek tool -> care duty by move,agency preserved,True
4533,252,Milo,care duty,private task,False,False,care duty -> private task by talk,agency preserved,True
4534,252,Sera,private task,recover focus,True,False,private task -> recover focus by offer_help,agency preserved,True
4535,252,Tovan,recover focus,rest,True,True,recover focus -> rest by borrow_tool,agency preserved,True
4536,253,Nia,rest,seek tool,True,False,rest -> seek tool by interrupt_work,resident boundary respected,True
4537,253,Ari,negotiate debt,seek tool,False,True,negotiate debt -> seek tool by wait_offscreen,agency preserved,True
4538,253,Fay,seek tool,care duty,True,False,seek tool -> care duty by repair_trust,agency preserved,True
4539,253,Milo,care duty,private task,False,False,care duty -> private task by move,agency preserved,True
4540,253,Sera,private task,recover focus,False,False,private task -> recover focus by talk,agency preserved,True
4541,253,Tovan,recover focus,work,True,False,recover focus -> work by offer_help,agency preserved,True
4542,253,Nia,work,negotiate debt,True,False,work -> negotiate debt by borrow_tool,agency preserved,True
4543,253,Ari,rest,negotiate debt,True,False,rest -> negotiate debt by return_tool,agency preserved,True
4544,253,Fay,negotiate debt,care duty,True,False,negotiate debt -> care duty by interrupt_work,resident boundary respected,True
4545,253,Milo,seek tool,care duty,False,True,seek tool -> care duty by wait_offscreen,agency preserved,True
4546,253,Sera,care duty,private task,True,False,care duty -> private task by repair_trust,agency preserved,True
4547,253,Tovan,private task,recover focus,False,False,private task -> recover focus by move,agency preserved,True
4548,253,Nia,recover focus,work,False,False,recover focus -> work by talk,agency preserved,True
4549,253,Ari,work,rest,True,False,work -> rest by offer_help,agency preserved,True
4550,253,Fay,rest,seek tool,True,False,rest -> seek tool by borrow_tool,agency preserved,True
4551,253,Milo,negotiate debt,seek tool,True,False,negotiate debt -> seek tool by return_tool,agency preserved,True
4552,253,Sera,seek tool,private task,True,False,seek tool -> private task by interrupt_work,resident boundary respected,True
4553,253,Tovan,care duty,private task,False,True,care duty -> private task by wait_offscreen,agency preserved,True
4554,254,Nia,recover focus,work,False,False,recover focus -> work by move,agency preserved,True
4555,254,Ari,work,rest,False,False,work -> rest by talk,agency preserved,True
4556,254,Fay,rest,negotiate debt,True,False,rest -> negotiate debt by offer_help,agency preserved,True
4557,254,Milo,negotiate debt,care duty,True,False,negotiate debt -> care duty by borrow_tool,agency preserved,True
4558,254,Sera,seek tool,care duty,True,False,seek tool -> care duty by return_tool,agency preserved,True
4559,254,Tovan,care duty,recover focus,True,False,care duty -> recover focus by interrupt_work,agency preserved,True
4560,254,Nia,private task,recover focus,False,True,private task -> recover focus by wait_offscreen,agency preserved,True
4561,254,Ari,recover focus,work,True,False,recover focus -> work by repair_trust,agency preserved,True
4562,254,Fay,work,rest,False,False,work -> rest by move,agency preserved,True
4563,254,Milo,rest,negotiate debt,False,False,rest -> negotiate debt by talk,agency preserved,True
4564,254,Sera,negotiate debt,seek tool,True,False,negotiate debt -> seek tool by offer_help,agency preserved,True
4565,254,Tovan,seek tool,private task,True,False,seek tool -> private task by borrow_tool,agency preserved,True
4566,254,Nia,care duty,private task,True,False,care duty -> private task by return_tool,agency preserved,True
4567,254,Ari,private task,work,True,False,private task -> work by interrupt_work,agency preserved,True
4568,254,Fay,recover focus,work,False,True,recover focus -> work by wait_offscreen,agency preserved,True
4569,254,Milo,work,rest,True,False,work -> rest by repair_trust,agency preserved,True
4570,254,Sera,rest,negotiate debt,False,False,rest -> negotiate debt by move,agency preserved,True
4571,254,Tovan,negotiate debt,seek tool,False,False,negotiate debt -> seek tool by talk,agency preserved,True
4572,255,Nia,care duty,recover focus,True,False,care duty -> recover focus by borrow_tool,resident boundary respected,True
4573,255,Ari,private task,recover focus,True,False,private task -> recover focus by return_tool,agency preserved,True
4574,255,Fay,recover focus,rest,True,False,recover focus -> rest by interrupt_work,agency preserved,True
4575,255,Milo,work,rest,False,True,work -> rest by wait_offscreen,agency preserved,True
4576,255,Sera,rest,negotiate debt,True,False,rest -> negotiate debt by repair_trust,agency preserved,True
4577,255,Tovan,negotiate debt,seek tool,False,False,negotiate debt -> seek tool by move,agency preserved,True
4578,255,Nia,seek tool,care duty,False,False,seek tool -> care duty by talk,agency preserved,True
4579,255,Ari,care duty,private task,True,False,care duty -> private task by offer_help,agency preserved,True
4580,255,Fay,private task,work,True,False,private task -> work by borrow_tool,resident boundary respected,True
4581,255,Milo,recover focus,work,True,False,recover focus -> work by return_tool,agency preserved,True
4582,255,Sera,work,negotiate debt,True,False,work -> negotiate debt by interrupt_work,agency preserved,True
4583,255,Tovan,rest,negotiate debt,False,True,rest -> negotiate debt by wait_offscreen,agency preserved,True
4584,255,Nia,negotiate debt,seek tool,True,False,negotiate debt -> seek tool by repair_trust,agency preserved,True
4585,255,Ari,seek tool,care duty,False,False,seek tool -> care duty by move,agency preserved,True
4586,255,Fay,care duty,private task,False,False,care duty -> private task by talk,agency preserved,True
4587,255,Milo,private task,recover focus,True,False,private task -> recover focus by offer_help,agency preserved,True
4588,255,Sera,recover focus,rest,True,False,recover focus -> rest by borrow_tool,resident boundary respected,True
4589,255,Tovan,work,rest,True,False,work -> rest by return_tool,agency preserved,True
4590,256,Nia,negotiate debt,seek tool,False,True,negotiate debt -> seek tool by wait_offscreen,agency preserved,True
4591,256,Ari,seek tool,care duty,True,False,seek tool -> care duty by repair_trust,agency preserved,True
4592,256,Fay,care duty,private task,False,False,care duty -> private task by move,agency preserved,True
4593,256,Milo,private task,recover focus,False,False,private task -> recover focus by talk,agency preserved,True
4594,256,Sera,recover focus,work,True,False,recover focus -> work by offer_help,agency preserved,True
4595,256,Tovan,work,negotiate debt,True,False,work -> negotiate debt by borrow_tool,agency preserved,True
4596,256,Nia,rest,negotiate debt,True,False,rest -> negotiate debt by return_tool,agency preserved,True
4597,256,Ari,negotiate debt,care duty,True,False,negotiate debt -> care duty by interrupt_work,agency preserved,True
4598,256,Fay,seek tool,care duty,False,True,seek tool -> care duty by wait_offscreen,agency preserved,True
4599,256,Milo,care duty,private task,True,False,care duty -> private task by repair_trust,agency preserved,True
4600,256,Sera,private task,recover focus,False,False,private task -> recover focus by move,agency preserved,True
4601,256,Tovan,recover focus,work,False,False,recover focus -> work by talk,agency preserved,True
4602,256,Nia,work,rest,True,False,work -> rest by offer_help,agency preserved,True
4603,256,Ari,rest,seek tool,True,False,rest -> seek tool by borrow_tool,agency preserved,True
4604,256,Fay,negotiate debt,seek tool,True,False,negotiate debt -> seek tool by return_tool,agency preserved,True
4605,256,Milo,seek tool,private task,True,False,seek tool -> private task by interrupt_work,agency preserved,True
4606,256,Sera,care duty,private task,False,True,care duty -> private task by wait_offscreen,agency preserved,True
4607,256,Tovan,private task,recover focus,True,True,private task -> recover focus by repair_trust,agency preserved,True
4608,257,Nia,work,rest,False,False,work -> rest by talk,agency preserved,True
4609,257,Ari,rest,negotiate debt,True,False,rest -> negotiate debt by offer_help,agency preserved,True
4610,257,Fay,negotiate debt,care duty,True,False,negotiate debt -> care duty by borrow_tool,agency preserved,True
4611,257,Milo,seek tool,care duty,True,False,seek tool -> care duty by return_tool,agency preserved,True
4612,257,Sera,care duty,recover focus,True,False,care duty -> recover focus by interrupt_work,resident boundary respected,True
4613,257,Tovan,private task,recover focus,False,True,private task -> recover focus by wait_offscreen,agency preserved,True
4614,257,Nia,recover focus,work,True,False,recover focus -> work by repair_trust,agency preserved,True
4615,257,Ari,work,rest,False,False,work -> rest by move,agency preserved,True
4616,257,Fay,rest,negotiate debt,False,False,rest -> negotiate debt by talk,agency preserved,True
4617,257,Milo,negotiate debt,seek tool,True,False,negotiate debt -> seek tool by offer_help,agency preserved,True
4618,257,Sera,seek tool,private task,True,False,seek tool -> private task by borrow_tool,agency preserved,True
4619,257,Tovan,care duty,private task,True,False,care duty -> private task by return_tool,agency preserved,True
4620,257,Nia,private task,work,True,False,private task -> work by interrupt_work,resident boundary respected,True
4621,257,Ari,recover focus,work,False,True,recover focus -> work by wait_offscreen,agency preserved,True
4622,257,Fay,work,rest,True,False,work -> rest by repair_trust,agency preserved,True
4623,257,Milo,rest,negotiate debt,False,False,rest -> negotiate debt by move,agency preserved,True
4624,257,Sera,negotiate debt,seek tool,False,False,negotiate debt -> seek tool by talk,agency preserved,True
4625,257,Tovan,seek tool,care duty,True,False,seek tool -> care duty by offer_help,agency preserved,True
4626,258,Nia,private task,recover focus,True,False,private task -> recover focus by return_tool,agency preserved,True
4627,258,Ari,recover focus,rest,True,False,recover focus -> rest by interrupt_work,agency preserved,True
4628,258,Fay,work,rest,False,True,work -> rest by wait_offscreen,agency preserved,True
4629,258,Milo,rest,negotiate debt,True,False,rest -> negotiate debt by repair_trust,agency preserved,True
4630,258,Sera,negotiate debt,seek tool,False,False,negotiate debt -> seek tool by move,agency preserved,True
4631,258,Tovan,seek tool,care duty,False,False,seek tool -> care duty by talk,agency preserved,True
4632,258,Nia,care duty,private task,True,False,care duty -> private task by offer_help,agency preserved,True
4633,258,Ari,private task,work,True,False,private task -> work by borrow_tool,agency preserved,True
4634,258,Fay,recover focus,work,True,False,recover focus -> work by return_tool,agency preserved,True
4635,258,Milo,work,negotiate debt,True,False,work -> negotiate debt by interrupt_work,agency preserved,True
4636,258,Sera,rest,negotiate debt,False,True,rest -> negotiate debt by wait_offscreen,agency preserved,True
4637,258,Tovan,negotiate debt,seek tool,True,False,negotiate debt -> seek tool by repair_trust,agency preserved,True
4638,258,Nia,seek tool,care duty,False,False,seek tool -> care duty by move,agency preserved,True
4639,258,Ari,care duty,private task,False,False,care duty -> private task by talk,agency preserved,True
4640,258,Fay,private task,recover focus,True,False,private task -> recover focus by offer_help,agency preserved,True
4641,258,Milo,recover focus,rest,True,False,recover focus -> rest by borrow_tool,agency preserved,True
4642,258,Sera,work,rest,True,False,work -> rest by return_tool,agency preserved,True
4643,258,Tovan,rest,seek tool,True,False,rest -> seek tool by interrupt_work,agency preserved,True
4644,259,Nia,seek tool,care duty,True,False,seek tool -> care duty by repair_trust,agency preserved,True
4645,259,Ari,care duty,private task,False,False,care duty -> private task by move,agency preserved,True
4646,259,Fay,private task,recover focus,False,False,private task -> recover focus by talk,agency preserved,True
4647,259,Milo,recover focus,work,True,False,recover focus -> work by offer_help,agency preserved,True
4648,259,Sera,work,negotiate debt,True,False,work -> negotiate debt by borrow_tool,resident boundary respected,True
4649,259,Tovan,rest,negotiate debt,True,False,rest -> negotiate debt by return_tool,agency preserved,True
4650,259,Nia,negotiate debt,care duty,True,False,negotiate debt -> care duty by interrupt_work,agency preserved,True
4651,259,Ari,seek tool,care duty,False,True,seek tool -> care duty by wait_offscreen,agency preserved,True
4652,259,Fay,care duty,private task,True,False,care duty -> private task by repair_trust,agency preserved,True
4653,259,Milo,private task,recover focus,False,False,private task -> recover focus by move,agency preserved,True
4654,259,Sera,recover focus,work,False,False,recover focus -> work by talk,agency preserved,True
4655,259,Tovan,work,rest,True,False,work -> rest by offer_help,agency preserved,True
4656,259,Nia,rest,seek tool,True,False,rest -> seek tool by borrow_tool,resident boundary respected,True
4657,259,Ari,negotiate debt,seek tool,True,False,negotiate debt -> seek tool by return_tool,agency preserved,True
4658,259,Fay,seek tool,private task,True,False,seek tool -> private task by interrupt_work,agency preserved,True
4659,259,Milo,care duty,private task,False,True,care duty -> private task by wait_offscreen,agency preserved,True
4660,259,Sera,private task,recover focus,True,False,private task -> recover focus by repair_trust,agency preserved,True
4661,259,Tovan,recover focus,work,False,False,recover focus -> work by move,agency preserved,True
4662,260,Nia,rest,negotiate debt,True,True,rest -> negotiate debt by offer_help,agency preserved,True
4663,260,Ari,negotiate debt,care duty,True,False,negotiate debt -> care duty by borrow_tool,agency preserved,True
4664,260,Fay,seek tool,care duty,True,False,seek tool -> care duty by return_tool,agency preserved,True
4665,260,Milo,care duty,recover focus,True,False,care duty -> recover focus by interrupt_work,agency preserved,True
4666,260,Sera,private task,recover focus,False,True,private task -> recover focus by wait_offscreen,agency preserved,True
4667,260,Tovan,recover focus,work,True,False,recover focus -> work by repair_trust,agency preserved,True
4668,260,Nia,work,rest,False,False,work -> rest by move,agency preserved,True
4669,260,Ari,rest,negotiate debt,False,False,rest -> negotiate debt by talk,agency preserved,True
4670,260,Fay,negotiate debt,seek tool,True,False,negotiate debt -> seek tool by offer_help,agency preserved,True
4671,260,Milo,seek tool,private task,True,False,seek tool -> private task by borrow_tool,agency preserved,True
4672,260,Sera,care duty,private task,True,False,care duty -> private task by return_tool,agency preserved,True
4673,260,Tovan,private task,work,True,False,private task -> work by interrupt_work,agency preserved,True
4674,260,Nia,recover focus,work,False,True,recover focus -> work by wait_offscreen,agency preserved,True
4675,260,Ari,work,rest,True,False,work -> rest by repair_trust,agency preserved,True
4676,260,Fay,rest,negotiate debt,False,False,rest -> negotiate debt by move,agency preserved,True
4677,260,Milo,negotiate debt,seek tool,False,False,negotiate debt -> seek tool by talk,agency preserved,True
4678,260,Sera,seek tool,care duty,True,False,seek tool -> care duty by offer_help,agency preserved,True
4679,260,Tovan,care duty,recover focus,True,True,care duty -> recover focus by borrow_tool,agency preserved,True
4680,261,Nia,recover focus,rest,True,False,recover focus -> rest by interrupt_work,resident boundary respected,True
4681,261,Ari,work,rest,False,True,work -> rest by wait_offscreen,agency preserved,True
4682,261,Fay,rest,negotiate debt,True,False,rest -> negotiate debt by repair_trust,agency preserved,True
4683,261,Milo,negotiate debt,seek tool,False,False,negotiate debt -> seek tool by move,agency preserved,True
4684,261,Sera,seek tool,care duty,False,False,seek tool -> care duty by talk,agency preserved,True
4685,261,Tovan,care duty,private task,True,False,care duty -> private task by offer_help,agency preserved,True
4686,261,Nia,private task,work,True,False,private task -> work by borrow_tool,agency preserved,True
4687,261,Ari,recover focus,work,True,False,recover focus -> work by return_tool,agency preserved,True
4688,261,Fay,work,negotiate debt,True,False,work -> negotiate debt by interrupt_work,resident boundary respected,True
4689,261,Milo,rest,negotiate debt,False,True,rest -> negotiate debt by wait_offscreen,agency preserved,True
4690,261,Sera,negotiate debt,seek tool,True,False,negotiate debt -> seek tool by repair_trust,agency preserved,True
4691,261,Tovan,seek tool,care duty,False,False,seek tool -> care duty by move,agency preserved,True
4692,261,Nia,care duty,private task,False,False,care duty -> private task by talk,agency preserved,True
4693,261,Ari,private task,recover focus,True,False,private task -> recover focus by offer_help,agency preserved,True
4694,261,Fay,recover focus,rest,True,False,recover focus -> rest by borrow_tool,agency preserved,True
4695,261,Milo,work,rest,True,False,work -> rest by return_tool,agency preserved,True
4696,261,Sera,rest,seek tool,True,False,rest -> seek tool by interrupt_work,resident boundary respected,True
4697,261,Tovan,negotiate debt,seek tool,False,True,negotiate debt -> seek tool by wait_offscreen,agency preserved,True
4698,262,Nia,care duty,private task,False,False,care duty -> private task by move,agency preserved,True
4699,262,Ari,private task,recover focus,False,False,private task -> recover focus by talk,agency preserved,True
4700,262,Fay,recover focus,work,True,False,recover focus -> work by offer_help,agency preserved,True
4701,262,Milo,work,negotiate debt,True,False,work -> negotiate debt by borrow_tool,agency preserved,True
4702,262,Sera,rest,negotiate debt,True,False,rest -> negotiate debt by return_tool,agency preserved,True
4703,262,Tovan,negotiate debt,care duty,True,False,negotiate debt -> care duty by interrupt_work,agency preserved,True
4704,262,Nia,seek tool,care duty,False,True,seek tool -> care duty by wait_offscreen,agency preserved,True
4705,262,Ari,care duty,private task,True,False,care duty -> private task by repair_trust,agency preserved,True
4706,262,Fay,private task,recover focus,False,False,private task -> recover focus by move,agency preserved,True
4707,262,Milo,recover focus,work,False,False,recover focus -> work by talk,agency preserved,True
4708,262,Sera,work,rest,True,False,work -> rest by offer_help,agency preserved,True
4709,262,Tovan,rest,seek tool,True,False,rest -> seek tool by borrow_tool,agency preserved,True
4710,262,Nia,negotiate debt,seek tool,True,False,negotiate debt -> seek tool by return_tool,agency preserved,True
4711,262,Ari,seek tool,private task,True,False,seek tool -> private task by interrupt_work,agency preserved,True
4712,262,Fay,care duty,private task,False,True,care duty -> private task by wait_offscreen,agency preserved,True
4713,262,Milo,private task,recover focus,True,False,private task -> recover focus by repair_trust,agency preserved,True
4714,262,Sera,recover focus,work,False,False,recover focus -> work by move,agency preserved,True
4715,262,Tovan,work,rest,False,False,work -> rest by talk,agency preserved,True
4716,263,Nia,negotiate debt,care duty,True,False,negotiate debt -> care duty by borrow_tool,resident boundary respected,True
4717,263,Ari,seek tool,care duty,True,False,seek tool -> care duty by return_tool,agency preserved,True
4718,263,Fay,care duty,recover focus,True,False,care duty -> recover focus by interrupt_work,agency preserved,True
4719,263,Milo,private task,recover focus,False,True,private task -> recover focus by wait_offscreen,agency preserved,True
4720,263,Sera,recover focus,work,True,False,recover focus -> work by repair_trust,agency preserved,True
4721,263,Tovan,work,rest,False,False,work -> rest by move,agency preserved,True
4722,263,Nia,rest,negotiate debt,False,False,rest -> negotiate debt by talk,agency preserved,True
4723,263,Ari,negotiate debt,seek tool,True,False,negotiate debt -> seek tool by offer_help,agency preserved,True
4724,263,Fay,seek tool,private task,True,False,seek tool -> private task by borrow_tool,resident boundary respected,True
4725,263,Milo,care duty,private task,True,False,care duty -> private task by return_tool,agency preserved,True
4726,263,Sera,private task,work,True,False,private task -> work by interrupt_work,agency preserved,True
4727,263,Tovan,recover focus,work,False,True,recover focus -> work by wait_offscreen,agency preserved,True
4728,263,Nia,work,rest,True,False,work -> rest by repair_trust,agency preserved,True
4729,263,Ari,rest,negotiate debt,False,False,rest -> negotiate debt by move,agency preserved,True
4730,263,Fay,negotiate debt,seek tool,False,False,negotiate debt -> seek tool by talk,agency preserved,True
4731,263,Milo,seek tool,care duty,True,False,seek tool -> care duty by offer_help,agency preserved,True
4732,263,Sera,care duty,recover focus,True,False,care duty -> recover focus by borrow_tool,resident boundary respected,True
4733,263,Tovan,private task,recover focus,True,False,private task -> recover focus by return_tool,agency preserved,True
4734,264,Nia,work,rest,False,True,work -> rest by wait_offscreen,agency preserved,True
4735,264,Ari,rest,negotiate debt,True,False,rest -> negotiate debt by repair_trust,agency preserved,True
4736,264,Fay,negotiate debt,seek tool,False,False,negotiate debt -> seek tool by move,agency preserved,True
4737,264,Milo,seek tool,care duty,False,False,seek tool -> care duty by talk,agency preserved,True
4738,264,Sera,care duty,private task,True,False,care duty -> private task by offer_help,agency preserved,True
4739,264,Tovan,private task,work,True,False,private task -> work by borrow_tool,agency preserved,True
4740,264,Nia,recover focus,work,True,False,recover focus -> work by return_tool,agency preserved,True
4741,264,Ari,work,negotiate debt,True,False,work -> negotiate debt by interrupt_work,agency preserved,True
4742,264,Fay,rest,negotiate debt,False,True,rest -> negotiate debt by wait_offscreen,agency preserved,True
4743,264,Milo,negotiate debt,seek tool,True,False,negotiate debt -> seek tool by repair_trust,agency preserved,True
4744,264,Sera,seek tool,care duty,False,False,seek tool -> care duty by move,agency preserved,True
4745,264,Tovan,care duty,private task,False,False,care duty -> private task by talk,agency preserved,True
4746,264,Nia,private task,recover focus,True,False,private task -> recover focus by offer_help,agency preserved,True
4747,264,Ari,recover focus,rest,True,False,recover focus -> rest by borrow_tool,agency preserved,True
4748,264,Fay,work,rest,True,False,work -> rest by return_tool,agency preserved,True
4749,264,Milo,rest,seek tool,True,False,rest -> seek tool by interrupt_work,agency preserved,True
4750,264,Sera,negotiate debt,seek tool,False,True,negotiate debt -> seek tool by wait_offscreen,agency preserved,True
4751,264,Tovan,seek tool,care duty,True,True,seek tool -> care duty by repair_trust,agency preserved,True
4752,265,Nia,private task,recover focus,False,False,private task -> recover focus by talk,agency preserved,True
4753,265,Ari,recover focus,work,True,False,recover focus -> work by offer_help,agency preserved,True
4754,265,Fay,work,negotiate debt,True,False,work -> negotiate debt by borrow_tool,agency preserved,True
4755,265,Milo,rest,negotiate debt,True,False,rest -> negotiate debt by return_tool,agency preserved,True
4756,265,Sera,negotiate debt,care duty,True,False,negotiate debt -> care duty by interrupt_work,resident boundary respected,True
4757,265,Tovan,seek tool,care duty,False,True,seek tool -> care duty by wait_offscreen,agency preserved,True
4758,265,Nia,care duty,private task,True,False,care duty -> private task by repair_trust,agency preserved,True
4759,265,Ari,private task,recover focus,False,False,private task -> recover focus by move,agency preserved,True
4760,265,Fay,recover focus,work,False,False,recover focus -> work by talk,agency preserved,True
4761,265,Milo,work,rest,True,False,work -> rest by offer_help,agency preserved,True
4762,265,Sera,rest,seek tool,True,False,rest -> seek tool by borrow_tool,agency preserved,True
4763,265,Tovan,negotiate debt,seek tool,True,False,negotiate debt -> seek tool by return_tool,agency preserved,True
4764,265,Nia,seek tool,private task,True,False,seek tool -> private task by interrupt_work,resident boundary respected,True
4765,265,Ari,care duty,private task,False,True,care duty -> private task by wait_offscreen,agency preserved,True
4766,265,Fay,private task,recover focus,True,False,private task -> recover focus by repair_trust,agency preserved,True
4767,265,Milo,recover focus,work,False,False,recover focus -> work by move,agency preserved,True
4768,265,Sera,work,rest,False,False,work -> rest by talk,agency preserved,True
4769,265,Tovan,rest,negotiate debt,True,False,rest -> negotiate debt by offer_help,agency preserved,True
4770,266,Nia,seek tool,care duty,True,False,seek tool -> care duty by return_tool,agency preserved,True
4771,266,Ari,care duty,recover focus,True,False,care duty -> recover focus by interrupt_work,agency preserved,True
4772,266,Fay,private task,recover focus,False,True,private task -> recover focus by wait_offscreen,agency preserved,True
4773,266,Milo,recover focus,work,True,False,recover focus -> work by repair_trust,agency preserved,True
4774,266,Sera,work,rest,False,False,work -> rest by move,agency preserved,True
4775,266,Tovan,rest,negotiate debt,False,False,rest -> negotiate debt by talk,agency preserved,True
4776,266,Nia,negotiate debt,seek tool,True,False,negotiate debt -> seek tool by offer_help,agency preserved,True
4777,266,Ari,seek tool,private task,True,False,seek tool -> private task by borrow_tool,agency preserved,True
4778,266,Fay,care duty,private task,True,False,care duty -> private task by return_tool,agency preserved,True
4779,266,Milo,private task,work,True,False,private task -> work by interrupt_work,agency preserved,True
4780,266,Sera,recover focus,work,False,True,recover focus -> work by wait_offscreen,agency preserved,True
4781,266,Tovan,work,rest,True,False,work -> rest by repair_trust,agency preserved,True
4782,266,Nia,rest,negotiate debt,False,False,rest -> negotiate debt by move,agency preserved,True
4783,266,Ari,negotiate debt,seek tool,False,False,negotiate debt -> seek tool by talk,agency preserved,True
4784,266,Fay,seek tool,care duty,True,False,seek tool -> care duty by offer_help,agency preserved,True
4785,266,Milo,care duty,recover focus,True,False,care duty -> recover focus by borrow_tool,agency preserved,True
4786,266,Sera,private task,recover focus,True,False,private task -> recover focus by return_tool,agency preserved,True
4787,266,Tovan,recover focus,rest,True,False,recover focus -> rest by interrupt_work,agency preserved,True
4788,267,Nia,rest,negotiate debt,True,False,rest -> negotiate debt by repair_trust,agency preserved,True
4789,267,Ari,negotiate debt,seek tool,False,False,negotiate debt -> seek tool by move,agency preserved,True
4790,267,Fay,seek tool,care duty,False,False,seek tool -> care duty by talk,agency preserved,True
4791,267,Milo,care duty,private task,True,False,care duty -> private task by offer_help,agency preserved,True
4792,267,Sera,private task,work,True,False,private task -> work by borrow_tool,resident boundary respected,True
4793,267,Tovan,recover focus,work,True,False,recover focus -> work by return_tool,agency preserved,True
4794,267,Nia,work,negotiate debt,True,False,work -> negotiate debt by interrupt_work,agency preserved,True
4795,267,Ari,rest,negotiate debt,False,True,rest -> negotiate debt by wait_offscreen,agency preserved,True
4796,267,Fay,negotiate debt,seek tool,True,False,negotiate debt -> seek tool by repair_trust,agency preserved,True
4797,267,Milo,seek tool,care duty,False,False,seek tool -> care duty by move,agency preserved,True
4798,267,Sera,care duty,private task,False,False,care duty -> private task by talk,agency preserved,True
4799,267,Tovan,private task,recover focus,True,False,private task -> recover focus by offer_help,agency preserved,True
4800,267,Nia,recover focus,rest,True,False,recover focus -> rest by borrow_tool,resident boundary respected,True
4801,267,Ari,work,rest,True,False,work -> rest by return_tool,agency preserved,True
4802,267,Fay,rest,seek tool,True,False,rest -> seek tool by interrupt_work,agency preserved,True
4803,267,Milo,negotiate debt,seek tool,False,True,negotiate debt -> seek tool by wait_offscreen,agency preserved,True
4804,267,Sera,seek tool,care duty,True,False,seek tool -> care duty by repair_trust,agency preserved,True
4805,267,Tovan,care duty,private task,False,False,care duty -> private task by move,agency preserved,True
4806,268,Nia,recover focus,work,True,True,recover focus -> work by offer_help,agency preserved,True
4807,268,Ari,work,negotiate debt,True,False,work -> negotiate debt by borrow_tool,agency preserved,True
4808,268,Fay,rest,negotiate debt,True,False,rest -> negotiate debt by return_tool,agency preserved,True
4809,268,Milo,negotiate debt,care duty,True,False,negotiate debt -> care duty by interrupt_work,agency preserved,True
4810,268,Sera,seek tool,care duty,False,True,seek tool -> care duty by wait_offscreen,agency preserved,True
4811,268,Tovan,care duty,private task,True,False,care duty -> private task by repair_trust,agency preserved,True
4812,268,Nia,private task,recover focus,False,False,private task -> recover focus by move,agency preserved,True
4813,268,Ari,recover focus,work,False,False,recover focus -> work by talk,agency preserved,True
4814,268,Fay,work,rest,True,False,work -> rest by offer_help,agency preserved,True
4815,268,Milo,rest,seek tool,True,False,rest -> seek tool by borrow_tool,agency preserved,True
4816,268,Sera,negotiate debt,seek tool,True,False,negotiate debt -> seek tool by return_tool,agency preserved,True
4817,268,Tovan,seek tool,private task,True,False,seek tool -> private task by interrupt_work,agency preserved,True
4818,268,Nia,care duty,private task,False,True,care duty -> private task by wait_offscreen,agency preserved,True
4819,268,Ari,private task,recover focus,True,False,private task -> recover focus by repair_trust,agency preserved,True
4820,268,Fay,recover focus,work,False,False,recover focus -> work by move,agency preserved,True
4821,268,Milo,work,rest,False,False,work -> rest by talk,agency preserved,True
4822,268,Sera,rest,negotiate debt,True,False,rest -> negotiate debt by offer_help,agency preserved,True
4823,268,Tovan,negotiate debt,care duty,True,True,negotiate debt -> care duty by borrow_tool,agency preserved,True
4824,269,Nia,care duty,recover focus,True,False,care duty -> recover focus by interrupt_work,resident boundary respected,True
4825,269,Ari,private task,recover focus,False,True,private task -> recover focus by wait_offscreen,agency preserved,True
4826,269,Fay,recover focus,work,True,False,recover focus -> work by repair_trust,agency preserved,True
4827,269,Milo,work,rest,False,False,work -> rest by move,agency preserved,True
4828,269,Sera,rest,negotiate debt,False,False,rest -> negotiate debt by talk,agency preserved,True
4829,269,Tovan,negotiate debt,seek tool,True,False,negotiate debt -> seek tool by offer_help,agency preserved,True
4830,269,Nia,seek tool,private task,True,False,seek tool -> private task by borrow_tool,agency preserved,True
4831,269,Ari,care duty,private task,True,False,care duty -> private task by return_tool,agency preserved,True
4832,269,Fay,private task,work,True,False,private task -> work by interrupt_work,resident boundary respected,True
4833,269,Milo,recover focus,work,False,True,recover focus -> work by wait_offscreen,agency preserved,True
4834,269,Sera,work,rest,True,False,work -> rest by repair_trust,agency preserved,True
4835,269,Tovan,rest,negotiate debt,False,False,rest -> negotiate debt by move,agency preserved,True
4836,269,Nia,negotiate debt,seek tool,False,False,negotiate debt -> seek tool by talk,agency preserved,True
4837,269,Ari,seek tool,care duty,True,False,seek tool -> care duty by offer_help,agency preserved,True
4838,269,Fay,care duty,recover focus,True,False,care duty -> recover focus by borrow_tool,agency preserved,True
4839,269,Milo,private task,recover focus,True,False,private task -> recover focus by return_tool,agency preserved,True
4840,269,Sera,recover focus,rest,True,False,recover focus -> rest by interrupt_work,resident boundary respected,True
4841,269,Tovan,work,rest,False,True,work -> rest by wait_offscreen,agency preserved,True
4842,270,Nia,negotiate debt,seek tool,False,False,negotiate debt -> seek tool by move,agency preserved,True
4843,270,Ari,seek tool,care duty,False,False,seek tool -> care duty by talk,agency preserved,True
4844,270,Fay,care duty,private task,True,False,care duty -> private task by offer_help,agency preserved,True
4845,270,Milo,private task,work,True,False,private task -> work by borrow_tool,agency preserved,True
4846,270,Sera,recover focus,work,True,False,recover focus -> work by return_tool,agency preserved,True
4847,270,Tovan,work,negotiate debt,True,False,work -> negotiate debt by interrupt_work,agency preserved,True
4848,270,Nia,rest,negotiate debt,False,True,rest -> negotiate debt by wait_offscreen,agency preserved,True
4849,270,Ari,negotiate debt,seek tool,True,False,negotiate debt -> seek tool by repair_trust,agency preserved,True
4850,270,Fay,seek tool,care duty,False,False,seek tool -> care duty by move,agency preserved,True
4851,270,Milo,care duty,private task,False,False,care duty -> private task by talk,agency preserved,True
4852,270,Sera,private task,recover focus,True,False,private task -> recover focus by offer_help,agency preserved,True
4853,270,Tovan,recover focus,rest,True,False,recover focus -> rest by borrow_tool,agency preserved,True
4854,270,Nia,work,rest,True,False,work -> rest by return_tool,agency preserved,True
4855,270,Ari,rest,seek tool,True,False,rest -> seek tool by interrupt_work,agency preserved,True
4856,270,Fay,negotiate debt,seek tool,False,True,negotiate debt -> seek tool by wait_offscreen,agency preserved,True
4857,270,Milo,seek tool,care duty,True,False,seek tool -> care duty by repair_trust,agency preserved,True
4858,270,Sera,care duty,private task,False,False,care duty -> private task by move,agency preserved,True
4859,270,Tovan,private task,recover focus,False,False,private task -> recover focus by talk,agency preserved,True
4860,271,Nia,work,negotiate debt,True,False,work -> negotiate debt by borrow_tool,resident boundary respected,True
4861,271,Ari,rest,negotiate debt,True,False,rest -> negotiate debt by return_tool,agency preserved,True
4862,271,Fay,negotiate debt,care duty,True,False,negotiate debt -> care duty by interrupt_work,agency preserved,True
4863,271,Milo,seek tool,care duty,False,True,seek tool -> care duty by wait_offscreen,agency preserved,True
4864,271,Sera,care duty,private task,True,False,care duty -> private task by repair_trust,agency preserved,True
4865,271,Tovan,private task,recover focus,False,False,private task -> recover focus by move,agency preserved,True
4866,271,Nia,recover focus,work,False,False,recover focus -> work by talk,agency preserved,True
4867,271,Ari,work,rest,True,False,work -> rest by offer_help,agency preserved,True
4868,271,Fay,rest,seek tool,True,False,rest -> seek tool by borrow_tool,resident boundary respected,True
4869,271,Milo,negotiate debt,seek tool,True,False,negotiate debt -> seek tool by return_tool,agency preserved,True
4870,271,Sera,seek tool,private task,True,False,seek tool -> private task by interrupt_work,agency preserved,True
4871,271,Tovan,care duty,private task,False,True,care duty -> private task by wait_offscreen,agency preserved,True
4872,271,Nia,private task,recover focus,True,False,private task -> recover focus by repair_trust,agency preserved,True
4873,271,Ari,recover focus,work,False,False,recover focus -> work by move,agency preserved,True
4874,271,Fay,work,rest,False,False,work -> rest by talk,agency preserved,True
4875,271,Milo,rest,negotiate debt,True,False,rest -> negotiate debt by offer_help,agency preserved,True
4876,271,Sera,negotiate debt,care duty,True,False,negotiate debt -> care duty by borrow_tool,resident boundary respected,True
4877,271,Tovan,seek tool,care duty,True,False,seek tool -> care duty by return_tool,agency preserved,True
4878,272,Nia,private task,recover focus,False,True,private task -> recover focus by wait_offscreen,agency preserved,True
4879,272,Ari,recover focus,work,True,False,recover focus -> work by repair_trust,agency preserved,True
4880,272,Fay,work,rest,False,False,work -> rest by move,agency preserved,True
4881,272,Milo,rest,negotiate debt,False,False,rest -> negotiate debt by talk,agency preserved,True
4882,272,Sera,negotiate debt,seek tool,True,False,negotiate debt -> seek tool by offer_help,agency preserved,True
4883,272,Tovan,seek tool,private task,True,False,seek tool -> private task by borrow_tool,agency preserved,True
4884,272,Nia,care duty,private task,True,False,care duty -> private task by return_tool,agency preserved,True
4885,272,Ari,private task,work,True,False,private task -> work by interrupt_work,agency preserved,True
4886,272,Fay,recover focus,work,False,True,recover focus -> work by wait_offscreen,agency preserved,True
4887,272,Milo,work,rest,True,False,work -> rest by repair_trust,agency preserved,True
4888,272,Sera,rest,negotiate debt,False,False,rest -> negotiate debt by move,agency preserved,True
4889,272,Tovan,negotiate debt,seek tool,False,False,negotiate debt -> seek tool by talk,agency preserved,True
4890,272,Nia,seek tool,care duty,True,False,seek tool -> care duty by offer_help,agency preserved,True
4891,272,Ari,care duty,recover focus,True,False,care duty -> recover focus by borrow_tool,agency preserved,True
4892,272,Fay,private task,recover focus,True,False,private task -> recover focus by return_tool,agency preserved,True
4893,272,Milo,recover focus,rest,True,False,recover focus -> rest by interrupt_work,agency preserved,True
4894,272,Sera,work,rest,False,True,work -> rest by wait_offscreen,agency preserved,True
4895,272,Tovan,rest,negotiate debt,True,True,rest -> negotiate debt by repair_trust,agency preserved,True
4896,273,Nia,seek tool,care duty,False,False,seek tool -> care duty by talk,agency preserved,True
4897,273,Ari,care duty,private task,True,False,care duty -> private task by offer_help,agency preserved,True
4898,273,Fay,private task,work,True,False,private task -> work by borrow_tool,agency preserved,True
4899,273,Milo,recover focus,work,True,False,recover focus -> work by return_tool,agency preserved,True
4900,273,Sera,work,negotiate debt,True,False,work -> negotiate debt by interrupt_work,resident boundary respected,True
4901,273,Tovan,rest,negotiate debt,False,True,rest -> negotiate debt by wait_offscreen,agency preserved,True
4902,273,Nia,negotiate debt,seek tool,True,False,negotiate debt -> seek tool by repair_trust,agency preserved,True
4903,273,Ari,seek tool,care duty,False,False,seek tool -> care duty by move,agency preserved,True
4904,273,Fay,care duty,private task,False,False,care duty -> private task by talk,agency preserved,True
4905,273,Milo,private task,recover focus,True,False,private task -> recover focus by offer_help,agency preserved,True
4906,273,Sera,recover focus,rest,True,False,recover focus -> rest by borrow_tool,agency preserved,True
4907,273,Tovan,work,rest,True,False,work -> rest by return_tool,agency preserved,True
4908,273,Nia,rest,seek tool,True,False,rest -> seek tool by interrupt_work,resident boundary respected,True
4909,273,Ari,negotiate debt,seek tool,False,True,negotiate debt -> seek tool by wait_offscreen,agency preserved,True
4910,273,Fay,seek tool,care duty,True,False,seek tool -> care duty by repair_trust,agency preserved,True
4911,273,Milo,care duty,private task,False,False,care duty -> private task by move,agency preserved,True
4912,273,Sera,private task,recover focus,False,False,private task -> recover focus by talk,agency preserved,True
4913,273,Tovan,recover focus,work,True,False,recover focus -> work by offer_help,agency preserved,True
4914,274,Nia,rest,negotiate debt,True,False,rest -> negotiate debt by return_tool,agency preserved,True
4915,274,Ari,negotiate debt,care duty,True,False,negotiate debt -> care duty by interrupt_work,agency preserved,True
4916,274,Fay,seek tool,care duty,False,True,seek tool -> care duty by wait_offscreen,agency preserved,True
4917,274,Milo,care duty,private task,True,False,care duty -> private task by repair_trust,agency preserved,True
4918,274,Sera,private task,recover focus,False,False,private task -> recover focus by move,agency preserved,True
4919,274,Tovan,recover focus,work,False,False,recover focus -> work by talk,agency preserved,True
4920,274,Nia,work,rest,True,False,work -> rest by offer_help,agency preserved,True
4921,274,Ari,rest,seek tool,True,False,rest -> seek tool by borrow_tool,agency preserved,True
4922,274,Fay,negotiate debt,seek tool,True,False,negotiate debt -> seek tool by return_tool,agency preserved,True
4923,274,Milo,seek tool,private task,True,False,seek tool -> private task by interrupt_work,agency preserved,True
4924,274,Sera,care duty,private task,False,True,care duty -> private task by wait_offscreen,agency preserved,True
4925,274,Tovan,private task,recover focus,True,False,private task -> recover focus by repair_trust,agency preserved,True
4926,274,Nia,recover focus,work,False,False,recover focus -> work by move,agency preserved,True
4927,274,Ari,work,rest,False,False,work -> rest by talk,agency preserved,True
4928,274,Fay,rest,negotiate debt,True,False,rest -> negotiate debt by offer_help,agency preserved,True
4929,274,Milo,negotiate debt,care duty,True,False,negotiate debt -> care duty by borrow_tool,agency preserved,True
4930,274,Sera,seek tool,care duty,True,False,seek tool -> care duty by return_tool,agency preserved,True
4931,274,Tovan,care duty,recover focus,True,False,care duty -> recover focus by interrupt_work,agency preserved,True
4932,275,Nia,recover focus,work,True,False,recover focus -> work by repair_trust,agency preserved,True
4933,275,Ari,work,rest,False,False,work -> rest by move,agency preserved,True
4934,275,Fay,rest,negotiate debt,False,False,rest -> negotiate debt by talk,agency preserved,True
4935,275,Milo,negotiate debt,seek tool,True,False,negotiate debt -> seek tool by offer_help,agency preserved,True
4936,275,Sera,seek tool,private task,True,False,seek tool -> private task by borrow_tool,resident boundary respected,True
4937,275,Tovan,care duty,private task,True,False,care duty -> private task by return_tool,agency preserved,True
4938,275,Nia,private task,work,True,False,private task -> work by interrupt_work,agency preserved,True
4939,275,Ari,recover focus,work,False,True,recover focus -> work by wait_offscreen,agency preserved,True
4940,275,Fay,work,rest,True,False,work -> rest by repair_trust,agency preserved,True
4941,275,Milo,rest,negotiate debt,False,False,rest -> negotiate debt by move,agency preserved,True
4942,275,Sera,negotiate debt,seek tool,False,False,negotiate debt -> seek tool by talk,agency preserved,True
4943,275,Tovan,seek tool,care duty,True,False,seek tool -> care duty by offer_help,agency preserved,True
4944,275,Nia,care duty,recover focus,True,False,care duty -> recover focus by borrow_tool,resident boundary respected,True
4945,275,Ari,private task,recover focus,True,False,private task -> recover focus by return_tool,agency preserved,True
4946,275,Fay,recover focus,rest,True,False,recover focus -> rest by interrupt_work,agency preserved,True
4947,275,Milo,work,rest,False,True,work -> rest by wait_offscreen,agency preserved,True
4948,275,Sera,rest,negotiate debt,True,False,rest -> negotiate debt by repair_trust,agency preserved,True
4949,275,Tovan,negotiate debt,seek tool,False,False,negotiate debt -> seek tool by move,agency preserved,True
4950,276,Nia,care duty,private task,True,True,care duty -> private task by offer_help,agency preserved,True
4951,276,Ari,private task,work,True,False,private task -> work by borrow_tool,agency preserved,True
4952,276,Fay,recover focus,work,True,False,recover focus -> work by return_tool,agency preserved,True
4953,276,Milo,work,negotiate debt,True,False,work -> negotiate debt by interrupt_work,agency preserved,True
4954,276,Sera,rest,negotiate debt,False,True,rest -> negotiate debt by wait_offscreen,agency preserved,True
4955,276,Tovan,negotiate debt,seek tool,True,False,negotiate debt -> seek tool by repair_trust,agency preserved,True
4956,276,Nia,seek tool,care duty,False,False,seek tool -> care duty by move,agency preserved,True
4957,276,Ari,care duty,private task,False,False,care duty -> private task by talk,agency preserved,True
4958,276,Fay,private task,recover focus,True,False,private task -> recover focus by offer_help,agency preserved,True
4959,276,Milo,recover focus,rest,True,False,recover focus -> rest by borrow_tool,agency preserved,True
4960,276,Sera,work,rest,True,False,work -> rest by return_tool,agency preserved,True
4961,276,Tovan,rest,seek tool,True,False,rest -> seek tool by interrupt_work,agency preserved,True
4962,276,Nia,negotiate debt,seek tool,False,True,negotiate debt -> seek tool by wait_offscreen,agency preserved,True
4963,276,Ari,seek tool,care duty,True,False,seek tool -> care duty by repair_trust,agency preserved,True
4964,276,Fay,care duty,private task,False,False,care duty -> private task by move,agency preserved,True
4965,276,Milo,private task,recover focus,False,False,private task -> recover focus by talk,agency preserved,True
4966,276,Sera,recover focus,work,True,False,recover focus -> work by offer_help,agency preserved,True
4967,276,Tovan,work,negotiate debt,True,True,work -> negotiate debt by borrow_tool,agency preserved,True
4968,277,Nia,negotiate debt,care duty,True,False,negotiate debt -> care duty by interrupt_work,resident boundary respected,True
4969,277,Ari,seek tool,care duty,False,True,seek tool -> care duty by wait_offscreen,agency preserved,True
4970,277,Fay,care duty,private task,True,False,care duty -> private task by repair_trust,agency preserved,True
4971,277,Milo,private task,recover focus,False,False,private task -> recover focus by move,agency preserved,True
4972,277,Sera,recover focus,work,False,False,recover focus -> work by talk,agency preserved,True
4973,277,Tovan,work,rest,True,False,work -> rest by offer_help,agency preserved,True
4974,277,Nia,rest,seek tool,True,False,rest -> seek tool by borrow_tool,agency preserved,True
4975,277,Ari,negotiate debt,seek tool,True,False,negotiate debt -> seek tool by return_tool,agency preserved,True
4976,277,Fay,seek tool,private task,True,False,seek tool -> private task by interrupt_work,resident boundary respected,True
4977,277,Milo,care duty,private task,False,True,care duty -> private task by wait_offscreen,agency preserved,True
4978,277,Sera,private task,recover focus,True,False,private task -> recover focus by repair_trust,agency preserved,True
4979,277,Tovan,recover focus,work,False,False,recover focus -> work by move,agency preserved,True
4980,277,Nia,work,rest,False,False,work -> rest by talk,agency preserved,True
4981,277,Ari,rest,negotiate debt,True,False,rest -> negotiate debt by offer_help,agency preserved,True
4982,277,Fay,negotiate debt,care duty,True,False,negotiate debt -> care duty by borrow_tool,agency preserved,True
4983,277,Milo,seek tool,care duty,True,False,seek tool -> care duty by return_tool,agency preserved,True
4984,277,Sera,care duty,recover focus,True,False,care duty -> recover focus by interrupt_work,resident boundary respected,True
4985,277,Tovan,private task,recover focus,False,True,private task -> recover focus by wait_offscreen,agency preserved,True
4986,278,Nia,work,rest,False,False,work -> rest by move,agency preserved,True
4987,278,Ari,rest,negotiate debt,False,False,rest -> negotiate debt by talk,agency preserved,True
4988,278,Fay,negotiate debt,seek tool,True,False,negotiate debt -> seek tool by offer_help,agency preserved,True
4989,278,Milo,seek tool,private task,True,False,seek tool -> private task by borrow_tool,agency preserved,True
4990,278,Sera,care duty,private task,True,False,care duty -> private task by return_tool,agency preserved,True
4991,278,Tovan,private task,work,True,False,private task -> work by interrupt_work,agency preserved,True
4992,278,Nia,recover focus,work,False,True,recover focus -> work by wait_offscreen,agency preserved,True
4993,278,Ari,work,rest,True,False,work -> rest by repair_trust,agency preserved,True
4994,278,Fay,rest,negotiate debt,False,False,rest -> negotiate debt by move,agency preserved,True
4995,278,Milo,negotiate debt,seek tool,False,False,negotiate debt -> seek tool by talk,agency preserved,True
4996,278,Sera,seek tool,care duty,True,False,seek tool -> care duty by offer_help,agency preserved,True
4997,278,Tovan,care duty,recover focus,True,False,care duty -> recover focus by borrow_tool,agency preserved,True
4998,278,Nia,private task,recover focus,True,False,private task -> recover focus by return_tool,agency preserved,True
4999,278,Ari,recover focus,rest,True,False,recover focus -> rest by interrupt_work,agency preserved,True
5000,278,Fay,work,rest,False,True,work -> rest by wait_offscreen,agency preserved,True
5001,278,Milo,rest,negotiate debt,True,False,rest -> negotiate debt by repair_trust,agency preserved,True
5002,278,Sera,negotiate debt,seek tool,False,False,negotiate debt -> seek tool by move,agency preserved,True
5003,278,Tovan,seek tool,care duty,False,False,seek tool -> care duty by talk,agency preserved,True
5004,279,Nia,private task,work,True,False,private task -> work by borrow_tool,resident boundary respected,True
5005,279,Ari,recover focus,work,True,False,recover focus -> work by return_tool,agency preserved,True
5006,279,Fay,work,negotiate debt,True,False,work -> negotiate debt by interrupt_work,agency preserved,True
5007,279,Milo,rest,negotiate debt,False,True,rest -> negotiate debt by wait_offscreen,agency preserved,True
5008,279,Sera,negotiate debt,seek tool,True,False,negotiate debt -> seek tool by repair_trust,agency preserved,True
5009,279,Tovan,seek tool,care duty,False,False,seek tool -> care duty by move,agency preserved,True
5010,279,Nia,care duty,private task,False,False,care duty -> private task by talk,agency preserved,True
5011,279,Ari,private task,recover focus,True,False,private task -> recover focus by offer_help,agency preserved,True
5012,279,Fay,recover focus,rest,True,False,recover focus -> rest by borrow_tool,resident boundary respected,True
5013,279,Milo,work,rest,True,False,work -> rest by return_tool,agency preserved,True
5014,279,Sera,rest,seek tool,True,False,rest -> seek tool by interrupt_work,agency preserved,True
5015,279,Tovan,negotiate debt,seek tool,False,True,negotiate debt -> seek tool by wait_offscreen,agency preserved,True
5016,279,Nia,seek tool,care duty,True,False,seek tool -> care duty by repair_trust,agency preserved,True
5017,279,Ari,care duty,private task,False,False,care duty -> private task by move,agency preserved,True
5018,279,Fay,private task,recover focus,False,False,private task -> recover focus by talk,agency preserved,True
5019,279,Milo,recover focus,work,True,False,recover focus -> work by offer_help,agency preserved,True
5020,279,Sera,work,negotiate debt,True,False,work -> negotiate debt by borrow_tool,resident boundary respected,True
5021,279,Tovan,rest,negotiate debt,True,False,rest -> negotiate debt by return_tool,agency preserved,True
5022,280,Nia,seek tool,care duty,False,True,seek tool -> care duty by wait_offscreen,agency preserved,True
5023,280,Ari,care duty,private task,True,False,care duty -> private task by repair_trust,agency preserved,True
5024,280,Fay,private task,recover focus,False,False,private task -> recover focus by move,agency preserved,True
5025,280,Milo,recover focus,work,False,False,recover focus -> work by talk,agency preserved,True
5026,280,Sera,work,rest,True,False,work -> rest by offer_help,agency preserved,True
5027,280,Tovan,rest,seek tool,True,False,rest -> seek tool by borrow_tool,agency preserved,True
5028,280,Nia,negotiate debt,seek tool,True,False,negotiate debt -> seek tool by return_tool,agency preserved,True
5029,280,Ari,seek tool,private task,True,False,seek tool -> private task by interrupt_work,agency preserved,True
5030,280,Fay,care duty,private task,False,True,care duty -> private task by wait_offscreen,agency preserved,True
5031,280,Milo,private task,recover focus,True,False,private task -> recover focus by repair_trust,agency preserved,True
5032,280,Sera,recover focus,work,False,False,recover focus -> work by move,agency preserved,True
5033,280,Tovan,work,rest,False,False,work -> rest by talk,agency preserved,True
5034,280,Nia,rest,negotiate debt,True,False,rest -> negotiate debt by offer_help,agency preserved,True
5035,280,Ari,negotiate debt,care duty,True,False,negotiate debt -> care duty by borrow_tool,agency preserved,True
5036,280,Fay,seek tool,care duty,True,False,seek tool -> care duty by return_tool,agency preserved,True
5037,280,Milo,care duty,recover focus,True,False,care duty -> recover focus by interrupt_work,agency preserved,True
5038,280,Sera,private task,recover focus,False,True,private task -> recover focus by wait_offscreen,agency preserved,True
5039,280,Tovan,recover focus,work,True,True,recover focus -> work by repair_trust,agency preserved,True
