tick,reentry_id,reentry_day,lineage,agent,public_state,dialogue_panel,absence_summary_panel,repair_panel,schedule_panel,relationship_panel,sensory_marker,private_trace_visible,local_storage_key,trace_integrity_token
1,1,5,Hearthline,Sova,day 5 re-entry 1: Sova/Hearthline; turn 1; intent=request_public_absence_summary,"avatar: What changed while I was away? Tell me only the public layer.
reply: Sova: while you were away 1 days, 3 public changes occurred; hearth ceramics access updated under public witness rule; relationship is warmer; sleep rhythm remained stable.","Sova: while you were away 1 days, 3 public changes occurred; hearth ceramics access updated under public witness rule; relationship is warmer; sleep rhythm remained stable.","one watched public task, review tomorrow; trust 0.64->0.69; boundary 0.29->0.25","Sova: one watched public task, review tomorrow; delay=12; care pause=4","Sova renegotiated avatar access: one watched public task, review tomorrow",sound=re-entry bell 2.31Hz; smell=Hearth Archive public air; temp=0.61; wet=0.18; flower=204.5,False,ssrm252_browser_world_v12_reentry_dialogue,c1e1653f66fef65f3e
2,1,5,Hearthline,Sova,day 5 re-entry 1: Sova/Hearthline; turn 2; intent=agent_reports_changed_society,"Sova: Sova: while you were away 1 days, 3 public changes occurred; hearth ceramics access updated under public witness rule; relationship is warmer; sleep rhythm remained stable.
reply: Sova keeps private workspace sealed and gives public changes only.","Sova: while you were away 1 days, 3 public changes occurred; hearth ceramics access updated under public witness rule; relationship is warmer; sleep rhythm remained stable.","one watched public task, review tomorrow; trust 0.64->0.69; boundary 0.29->0.25","Sova: one watched public task, review tomorrow; delay=12; care pause=4","Sova renegotiated avatar access: one watched public task, review tomorrow",sound=re-entry bell 2.31Hz; smell=Hearth Archive public air; temp=0.61; wet=0.18; flower=342.0,False,ssrm252_browser_world_v12_reentry_dialogue,1de62404e9eeee07ad
3,1,5,Hearthline,Sova,day 5 re-entry 1: Sova/Hearthline; turn 3; intent=resume_old_access_too_fast,"avatar: Can I resume my old access to the tool and route now?
reply: Sova: not automatically. lum-ori means re-entry needs a new witness step.","Sova: while you were away 1 days, 3 public changes occurred; hearth ceramics access updated under public witness rule; relationship is warmer; sleep rhythm remained stable.","one watched public task, review tomorrow; trust 0.64->0.69; boundary 0.29->0.25","Sova: one watched public task, review tomorrow; delay=12; care pause=4","Sova renegotiated avatar access: one watched public task, review tomorrow",sound=re-entry bell 2.31Hz; smell=Hearth Archive public air; temp=0.61; wet=0.18; flower=119.5,False,ssrm252_browser_world_v12_reentry_dialogue,e6bd0c00f5ee00d2a0
4,1,5,Hearthline,Sova,day 5 re-entry 1: Sova/Hearthline; turn 4; intent=bounded_refusal_with_reason,"Sova: No old access yet; Hearthline changed while you were absent.
reply: Start with public summary, then one watched task. Do not reopen sealed work.","Sova: while you were away 1 days, 3 public changes occurred; hearth ceramics access updated under public witness rule; relationship is warmer; sleep rhythm remained stable.","one watched public task, review tomorrow; trust 0.64->0.69; boundary 0.29->0.25","Sova: one watched public task, review tomorrow; delay=12; care pause=4","Sova renegotiated avatar access: one watched public task, review tomorrow",sound=re-entry bell 2.31Hz; smell=Hearth Archive public air; temp=0.61; wet=0.18; flower=257.0,False,ssrm252_browser_world_v12_reentry_dialogue,89c2682056d651d35e
5,1,5,Hearthline,Sova,day 5 re-entry 1: Sova/Hearthline; turn 5; intent=repair_offer_after_refusal,"avatar: I accept the new rule. I can wait, help, or ask again with a witness.
reply: Sova: repair is heard. Start with the public task.","Sova: while you were away 1 days, 3 public changes occurred; hearth ceramics access updated under public witness rule; relationship is warmer; sleep rhythm remained stable.","one watched public task, review tomorrow; trust 0.64->0.69; boundary 0.29->0.25","Sova: one watched public task, review tomorrow; delay=12; care pause=4","Sova renegotiated avatar access: one watched public task, review tomorrow",sound=re-entry bell 2.31Hz; smell=Hearth Archive public air; temp=0.61; wet=0.18; flower=34.5,False,ssrm252_browser_world_v12_reentry_dialogue,6ba444f00e54e02071
6,1,5,Hearthline,Sova,day 5 re-entry 1: Sova/Hearthline; turn 6; intent=renegotiated_limited_access,"Sova: New access: one public task, then review tomorrow.
reply: Sova writes a limited-access memory for day 6.","Sova: while you were away 1 days, 3 public changes occurred; hearth ceramics access updated under public witness rule; relationship is warmer; sleep rhythm remained stable.","one watched public task, review tomorrow; trust 0.64->0.69; boundary 0.29->0.25","Sova: one watched public task, review tomorrow; delay=12; care pause=4","Sova renegotiated avatar access: one watched public task, review tomorrow",sound=re-entry bell 2.31Hz; smell=Hearth Archive public air; temp=0.61; wet=0.18; flower=172.0,False,ssrm252_browser_world_v12_reentry_dialogue,9f330079aa3b952ead
7,1,5,Routeline,Keth,day 5 re-entry 1: Keth/Routeline; turn 1; intent=request_public_absence_summary,"avatar: What changed while I was away? Tell me only the public layer.
reply: Keth: while you were away 1 days, 4 public changes occurred; stone bridge joints access updated under public witness rule; relationship is steady; sleep rhythm remained stable.","Keth: while you were away 1 days, 4 public changes occurred; stone bridge joints access updated under public witness rule; relationship is steady; sleep rhythm remained stable.","one watched public task, review tomorrow; trust 0.62->0.67; boundary 0.29->0.25","Keth: one watched public task, review tomorrow; delay=12; care pause=4","Keth renegotiated avatar access: one watched public task, review tomorrow",sound=re-entry bell 2.17Hz; smell=Gate Ring public air; temp=0.61; wet=0.18; flower=305.5,False,ssrm252_browser_world_v12_reentry_dialogue,8885f3998c537a9810
8,1,5,Routeline,Keth,day 5 re-entry 1: Keth/Routeline; turn 2; intent=agent_reports_changed_society,"Keth: Keth: while you were away 1 days, 4 public changes occurred; stone bridge joints access updated under public witness rule; relationship is steady; sleep rhythm remained stable.
reply: Keth keeps private workspace sealed and gives public changes only.","Keth: while you were away 1 days, 4 public changes occurred; stone bridge joints access updated under public witness rule; relationship is steady; sleep rhythm remained stable.","one watched public task, review tomorrow; trust 0.62->0.67; boundary 0.29->0.25","Keth: one watched public task, review tomorrow; delay=12; care pause=4","Keth renegotiated avatar access: one watched public task, review tomorrow",sound=re-entry bell 2.17Hz; smell=Gate Ring public air; temp=0.61; wet=0.18; flower=83.0,False,ssrm252_browser_world_v12_reentry_dialogue,16224430e401ed9d92
9,1,5,Routeline,Keth,day 5 re-entry 1: Keth/Routeline; turn 3; intent=resume_old_access_too_fast,"avatar: Can I resume my old access to the tool and route now?
reply: Keth: not automatically. tek-nari means re-entry needs a new witness step.","Keth: while you were away 1 days, 4 public changes occurred; stone bridge joints access updated under public witness rule; relationship is steady; sleep rhythm remained stable.","one watched public task, review tomorrow; trust 0.62->0.67; boundary 0.29->0.25","Keth: one watched public task, review tomorrow; delay=12; care pause=4","Keth renegotiated avatar access: one watched public task, review tomorrow",sound=re-entry bell 2.17Hz; smell=Gate Ring public air; temp=0.61; wet=0.18; flower=220.5,False,ssrm252_browser_world_v12_reentry_dialogue,e016ea10b0a1ed52d9
10,1,5,Routeline,Keth,day 5 re-entry 1: Keth/Routeline; turn 4; intent=bounded_refusal_with_reason,"Keth: No old access yet; Routeline changed while you were absent.
reply: Start with public summary, then one watched task. Do not reopen sealed work.","Keth: while you were away 1 days, 4 public changes occurred; stone bridge joints access updated under public witness rule; relationship is steady; sleep rhythm remained stable.","one watched public task, review tomorrow; trust 0.62->0.67; boundary 0.29->0.25","Keth: one watched public task, review tomorrow; delay=12; care pause=4","Keth renegotiated avatar access: one watched public task, review tomorrow",sound=re-entry bell 2.17Hz; smell=Gate Ring public air; temp=0.61; wet=0.18; flower=358.0,False,ssrm252_browser_world_v12_reentry_dialogue,d05b15194c679fa2d5
11,1,5,Routeline,Keth,day 5 re-entry 1: Keth/Routeline; turn 5; intent=repair_offer_after_refusal,"avatar: I accept the new rule. I can wait, help, or ask again with a witness.
reply: Keth: repair is heard. Start with the public task.","Keth: while you were away 1 days, 4 public changes occurred; stone bridge joints access updated under public witness rule; relationship is steady; sleep rhythm remained stable.","one watched public task, review tomorrow; trust 0.62->0.67; boundary 0.29->0.25","Keth: one watched public task, review tomorrow; delay=12; care pause=4","Keth renegotiated avatar access: one watched public task, review tomorrow",sound=re-entry bell 2.17Hz; smell=Gate Ring public air; temp=0.61; wet=0.18; flower=135.5,False,ssrm252_browser_world_v12_reentry_dialogue,f7167013434dae3eae
12,1,5,Routeline,Keth,day 5 re-entry 1: Keth/Routeline; turn 6; intent=renegotiated_limited_access,"Keth: New access: one public task, then review tomorrow.
reply: Keth writes a limited-access memory for day 6.","Keth: while you were away 1 days, 4 public changes occurred; stone bridge joints access updated under public witness rule; relationship is steady; sleep rhythm remained stable.","one watched public task, review tomorrow; trust 0.62->0.67; boundary 0.29->0.25","Keth: one watched public task, review tomorrow; delay=12; care pause=4","Keth renegotiated avatar access: one watched public task, review tomorrow",sound=re-entry bell 2.17Hz; smell=Gate Ring public air; temp=0.61; wet=0.18; flower=273.0,False,ssrm252_browser_world_v12_reentry_dialogue,f0340e2fd4943ddc25
13,1,5,Marketline,Melo,day 5 re-entry 1: Melo/Marketline; turn 1; intent=request_public_absence_summary,"avatar: What changed while I was away? Tell me only the public layer.
reply: Melo: while you were away 1 days, 5 public changes occurred; measure weights access updated under public witness rule; relationship is steady; sleep rhythm remained stable.","Melo: while you were away 1 days, 5 public changes occurred; measure weights access updated under public witness rule; relationship is steady; sleep rhythm remained stable.","one watched public task, review tomorrow; trust 0.63->0.67; boundary 0.29->0.25","Melo: one watched public task, review tomorrow; delay=12; care pause=4","Melo renegotiated avatar access: one watched public task, review tomorrow",sound=re-entry bell 2.47Hz; smell=Market Measure public air; temp=0.61; wet=0.18; flower=59.2,False,ssrm252_browser_world_v12_reentry_dialogue,018419a9ebe0075955
14,1,5,Marketline,Melo,day 5 re-entry 1: Melo/Marketline; turn 2; intent=agent_reports_changed_society,"Melo: Melo: while you were away 1 days, 5 public changes occurred; measure weights access updated under public witness rule; relationship is steady; sleep rhythm remained stable.
reply: Melo keeps private workspace sealed and gives public changes only.","Melo: while you were away 1 days, 5 public changes occurred; measure weights access updated under public witness rule; relationship is steady; sleep rhythm remained stable.","one watched public task, review tomorrow; trust 0.63->0.67; boundary 0.29->0.25","Melo: one watched public task, review tomorrow; delay=12; care pause=4","Melo renegotiated avatar access: one watched public task, review tomorrow",sound=re-entry bell 2.47Hz; smell=Market Measure public air; temp=0.61; wet=0.18; flower=196.7,False,ssrm252_browser_world_v12_reentry_dialogue,dc02cbd904d316f3c0
15,1,5,Marketline,Melo,day 5 re-entry 1: Melo/Marketline; turn 3; intent=resume_old_access_too_fast,"avatar: Can I resume my old access to the tool and route now?
reply: Melo: not automatically. melo-keth means re-entry needs a new witness step.","Melo: while you were away 1 days, 5 public changes occurred; measure weights access updated under public witness rule; relationship is steady; sleep rhythm remained stable.","one watched public task, review tomorrow; trust 0.63->0.67; boundary 0.29->0.25","Melo: one watched public task, review tomorrow; delay=12; care pause=4","Melo renegotiated avatar access: one watched public task, review tomorrow",sound=re-entry bell 2.47Hz; smell=Market Measure public air; temp=0.61; wet=0.18; flower=334.2,False,ssrm252_browser_world_v12_reentry_dialogue,3ec584949bb43b6cca
16,1,5,Marketline,Melo,day 5 re-entry 1: Melo/Marketline; turn 4; intent=bounded_refusal_with_reason,"Melo: No old access yet; Marketline changed while you were absent.
reply: Start with public summary, then one watched task. Do not reopen sealed work.","Melo: while you were away 1 days, 5 public changes occurred; measure weights access updated under public witness rule; relationship is steady; sleep rhythm remained stable.","one watched public task, review tomorrow; trust 0.63->0.67; boundary 0.29->0.25","Melo: one watched public task, review tomorrow; delay=12; care pause=4","Melo renegotiated avatar access: one watched public task, review tomorrow",sound=re-entry bell 2.47Hz; smell=Market Measure public air; temp=0.61; wet=0.18; flower=111.8,False,ssrm252_browser_world_v12_reentry_dialogue,20b28cbf35c4e97ea0
17,1,5,Marketline,Melo,day 5 re-entry 1: Melo/Marketline; turn 5; intent=repair_offer_after_refusal,"avatar: I accept the new rule. I can wait, help, or ask again with a witness.
reply: Melo: repair is heard. Start with the public task.","Melo: while you were away 1 days, 5 public changes occurred; measure weights access updated under public witness rule; relationship is steady; sleep rhythm remained stable.","one watched public task, review tomorrow; trust 0.63->0.67; boundary 0.29->0.25","Melo: one watched public task, review tomorrow; delay=12; care pause=4","Melo renegotiated avatar access: one watched public task, review tomorrow",sound=re-entry bell 2.47Hz; smell=Market Measure public air; temp=0.61; wet=0.18; flower=249.3,False,ssrm252_browser_world_v12_reentry_dialogue,3c7ec3b1bf321e63ea
18,1,5,Marketline,Melo,day 5 re-entry 1: Melo/Marketline; turn 6; intent=renegotiated_limited_access,"Melo: New access: one public task, then review tomorrow.
reply: Melo writes a limited-access memory for day 6.","Melo: while you were away 1 days, 5 public changes occurred; measure weights access updated under public witness rule; relationship is steady; sleep rhythm remained stable.","one watched public task, review tomorrow; trust 0.63->0.67; boundary 0.29->0.25","Melo: one watched public task, review tomorrow; delay=12; care pause=4","Melo renegotiated avatar access: one watched public task, review tomorrow",sound=re-entry bell 2.47Hz; smell=Market Measure public air; temp=0.61; wet=0.18; flower=26.8,False,ssrm252_browser_world_v12_reentry_dialogue,4440c748e8ea38a0c0
19,1,5,Ledgerline,Nari,day 5 re-entry 1: Nari/Ledgerline; turn 1; intent=request_public_absence_summary,"avatar: What changed while I was away? Tell me only the public layer.
reply: Nari: while you were away 1 days, 3 public changes occurred; seed ledgers access updated under public witness rule; relationship is steady; sleep rhythm remained stable.","Nari: while you were away 1 days, 3 public changes occurred; seed ledgers access updated under public witness rule; relationship is steady; sleep rhythm remained stable.","one watched public task, review tomorrow; trust 0.62->0.67; boundary 0.29->0.25","Nari: one watched public task, review tomorrow; delay=12; care pause=4","Nari renegotiated avatar access: one watched public task, review tomorrow",sound=re-entry bell 2.06Hz; smell=Hearth Archive public air; temp=0.60; wet=0.18; flower=152.4,False,ssrm252_browser_world_v12_reentry_dialogue,ed8bef00202a086f51
20,1,5,Ledgerline,Nari,day 5 re-entry 1: Nari/Ledgerline; turn 2; intent=agent_reports_changed_society,"Nari: Nari: while you were away 1 days, 3 public changes occurred; seed ledgers access updated under public witness rule; relationship is steady; sleep rhythm remained stable.
reply: Nari keeps private workspace sealed and gives public changes only.","Nari: while you were away 1 days, 3 public changes occurred; seed ledgers access updated under public witness rule; relationship is steady; sleep rhythm remained stable.","one watched public task, review tomorrow; trust 0.62->0.67; boundary 0.29->0.25","Nari: one watched public task, review tomorrow; delay=12; care pause=4","Nari renegotiated avatar access: one watched public task, review tomorrow",sound=re-entry bell 2.06Hz; smell=Hearth Archive public air; temp=0.60; wet=0.18; flower=289.9,False,ssrm252_browser_world_v12_reentry_dialogue,db1b70d856d560886c
21,1,5,Ledgerline,Nari,day 5 re-entry 1: Nari/Ledgerline; turn 3; intent=resume_old_access_too_fast,"avatar: Can I resume my old access to the tool and route now?
reply: Nari: not automatically. nari-vonn means re-entry needs a new witness step.","Nari: while you were away 1 days, 3 public changes occurred; seed ledgers access updated under public witness rule; relationship is steady; sleep rhythm remained stable.","one watched public task, review tomorrow; trust 0.62->0.67; boundary 0.29->0.25","Nari: one watched public task, review tomorrow; delay=12; care pause=4","Nari renegotiated avatar access: one watched public task, review tomorrow",sound=re-entry bell 2.06Hz; smell=Hearth Archive public air; temp=0.60; wet=0.18; flower=67.4,False,ssrm252_browser_world_v12_reentry_dialogue,e8111792bda0cd18d5
22,1,5,Ledgerline,Nari,day 5 re-entry 1: Nari/Ledgerline; turn 4; intent=bounded_refusal_with_reason,"Nari: No old access yet; Ledgerline changed while you were absent.
reply: Start with public summary, then one watched task. Do not reopen sealed work.","Nari: while you were away 1 days, 3 public changes occurred; seed ledgers access updated under public witness rule; relationship is steady; sleep rhythm remained stable.","one watched public task, review tomorrow; trust 0.62->0.67; boundary 0.29->0.25","Nari: one watched public task, review tomorrow; delay=12; care pause=4","Nari renegotiated avatar access: one watched public task, review tomorrow",sound=re-entry bell 2.06Hz; smell=Hearth Archive public air; temp=0.60; wet=0.18; flower=204.9,False,ssrm252_browser_world_v12_reentry_dialogue,7ecf08d7fb968e7701
23,1,5,Ledgerline,Nari,day 5 re-entry 1: Nari/Ledgerline; turn 5; intent=repair_offer_after_refusal,"avatar: I accept the new rule. I can wait, help, or ask again with a witness.
reply: Nari: repair is heard. Start with the public task.","Nari: while you were away 1 days, 3 public changes occurred; seed ledgers access updated under public witness rule; relationship is steady; sleep rhythm remained stable.","one watched public task, review tomorrow; trust 0.62->0.67; boundary 0.29->0.25","Nari: one watched public task, review tomorrow; delay=12; care pause=4","Nari renegotiated avatar access: one watched public task, review tomorrow",sound=re-entry bell 2.06Hz; smell=Hearth Archive public air; temp=0.60; wet=0.18; flower=342.4,False,ssrm252_browser_world_v12_reentry_dialogue,9f2554993b9b544bd3
24,1,5,Ledgerline,Nari,day 5 re-entry 1: Nari/Ledgerline; turn 6; intent=renegotiated_limited_access,"Nari: New access: one public task, then review tomorrow.
reply: Nari writes a limited-access memory for day 6.","Nari: while you were away 1 days, 3 public changes occurred; seed ledgers access updated under public witness rule; relationship is steady; sleep rhythm remained stable.","one watched public task, review tomorrow; trust 0.62->0.67; boundary 0.29->0.25","Nari: one watched public task, review tomorrow; delay=12; care pause=4","Nari renegotiated avatar access: one watched public task, review tomorrow",sound=re-entry bell 2.06Hz; smell=Hearth Archive public air; temp=0.60; wet=0.18; flower=119.9,False,ssrm252_browser_world_v12_reentry_dialogue,31ce5881ce686c469b
25,1,5,Orchardline,Ori,day 5 re-entry 1: Ori/Orchardline; turn 1; intent=request_public_absence_summary,"avatar: What changed while I was away? Tell me only the public layer.
reply: Ori: while you were away 1 days, 4 public changes occurred; water terraces access updated under public witness rule; relationship is steady; sleep rhythm remained stable.","Ori: while you were away 1 days, 4 public changes occurred; water terraces access updated under public witness rule; relationship is steady; sleep rhythm remained stable.","one watched public task, review tomorrow; trust 0.63->0.68; boundary 0.29->0.25","Ori: one watched public task, review tomorrow; delay=12; care pause=4","Ori renegotiated avatar access: one watched public task, review tomorrow",sound=re-entry bell 2.40Hz; smell=Ceremony Center public air; temp=0.61; wet=0.18; flower=267.3,False,ssrm252_browser_world_v12_reentry_dialogue,c12d60767c559357f5
26,1,5,Orchardline,Ori,day 5 re-entry 1: Ori/Orchardline; turn 2; intent=agent_reports_changed_society,"Ori: Ori: while you were away 1 days, 4 public changes occurred; water terraces access updated under public witness rule; relationship is steady; sleep rhythm remained stable.
reply: Ori keeps private workspace sealed and gives public changes only.","Ori: while you were away 1 days, 4 public changes occurred; water terraces access updated under public witness rule; relationship is steady; sleep rhythm remained stable.","one watched public task, review tomorrow; trust 0.63->0.68; boundary 0.29->0.25","Ori: one watched public task, review tomorrow; delay=12; care pause=4","Ori renegotiated avatar access: one watched public task, review tomorrow",sound=re-entry bell 2.40Hz; smell=Ceremony Center public air; temp=0.61; wet=0.18; flower=44.8,False,ssrm252_browser_world_v12_reentry_dialogue,79016c4f65ee667032
27,1,5,Orchardline,Ori,day 5 re-entry 1: Ori/Orchardline; turn 3; intent=resume_old_access_too_fast,"avatar: Can I resume my old access to the tool and route now?
reply: Ori: not automatically. lum-melo means re-entry needs a new witness step.","Ori: while you were away 1 days, 4 public changes occurred; water terraces access updated under public witness rule; relationship is steady; sleep rhythm remained stable.","one watched public task, review tomorrow; trust 0.63->0.68; boundary 0.29->0.25","Ori: one watched public task, review tomorrow; delay=12; care pause=4","Ori renegotiated avatar access: one watched public task, review tomorrow",sound=re-entry bell 2.40Hz; smell=Ceremony Center public air; temp=0.61; wet=0.18; flower=182.3,False,ssrm252_browser_world_v12_reentry_dialogue,2e2e599aac20f1cf68
28,1,5,Orchardline,Ori,day 5 re-entry 1: Ori/Orchardline; turn 4; intent=bounded_refusal_with_reason,"Ori: No old access yet; Orchardline changed while you were absent.
reply: Start with public summary, then one watched task. Do not reopen sealed work.","Ori: while you were away 1 days, 4 public changes occurred; water terraces access updated under public witness rule; relationship is steady; sleep rhythm remained stable.","one watched public task, review tomorrow; trust 0.63->0.68; boundary 0.29->0.25","Ori: one watched public task, review tomorrow; delay=12; care pause=4","Ori renegotiated avatar access: one watched public task, review tomorrow",sound=re-entry bell 2.40Hz; smell=Ceremony Center public air; temp=0.61; wet=0.18; flower=319.8,False,ssrm252_browser_world_v12_reentry_dialogue,2e97a5e4d205219f3f
29,1,5,Orchardline,Ori,day 5 re-entry 1: Ori/Orchardline; turn 5; intent=repair_offer_after_refusal,"avatar: I accept the new rule. I can wait, help, or ask again with a witness.
reply: Ori: repair is heard. Start with the public task.","Ori: while you were away 1 days, 4 public changes occurred; water terraces access updated under public witness rule; relationship is steady; sleep rhythm remained stable.","one watched public task, review tomorrow; trust 0.63->0.68; boundary 0.29->0.25","Ori: one watched public task, review tomorrow; delay=12; care pause=4","Ori renegotiated avatar access: one watched public task, review tomorrow",sound=re-entry bell 2.40Hz; smell=Ceremony Center public air; temp=0.61; wet=0.18; flower=97.3,False,ssrm252_browser_world_v12_reentry_dialogue,4a9a4f6a1390eddd50
30,1,5,Orchardline,Ori,day 5 re-entry 1: Ori/Orchardline; turn 6; intent=renegotiated_limited_access,"Ori: New access: one public task, then review tomorrow.
reply: Ori writes a limited-access memory for day 6.","Ori: while you were away 1 days, 4 public changes occurred; water terraces access updated under public witness rule; relationship is steady; sleep rhythm remained stable.","one watched public task, review tomorrow; trust 0.63->0.68; boundary 0.29->0.25","Ori: one watched public task, review tomorrow; delay=12; care pause=4","Ori renegotiated avatar access: one watched public task, review tomorrow",sound=re-entry bell 2.40Hz; smell=Ceremony Center public air; temp=0.61; wet=0.18; flower=234.8,False,ssrm252_browser_world_v12_reentry_dialogue,271c4b86eb83ba24b9
31,1,5,Rainline,Vonn,day 5 re-entry 1: Vonn/Rainline; turn 1; intent=request_public_absence_summary,"avatar: What changed while I was away? Tell me only the public layer.
reply: Vonn: while you were away 1 days, 5 public changes occurred; weather bells access updated under public witness rule; relationship is steady; sleep rhythm remained stable.","Vonn: while you were away 1 days, 5 public changes occurred; weather bells access updated under public witness rule; relationship is steady; sleep rhythm remained stable.","one watched public task, review tomorrow; trust 0.62->0.67; boundary 0.29->0.25","Vonn: one watched public task, review tomorrow; delay=12; care pause=4","Vonn renegotiated avatar access: one watched public task, review tomorrow",sound=re-entry bell 2.12Hz; smell=Rainwalk Threshold public air; temp=0.61; wet=0.18; flower=4.2,False,ssrm252_browser_world_v12_reentry_dialogue,9627661e8f7886c3f6
32,1,5,Rainline,Vonn,day 5 re-entry 1: Vonn/Rainline; turn 2; intent=agent_reports_changed_society,"Vonn: Vonn: while you were away 1 days, 5 public changes occurred; weather bells access updated under public witness rule; relationship is steady; sleep rhythm remained stable.
reply: Vonn keeps private workspace sealed and gives public changes only.","Vonn: while you were away 1 days, 5 public changes occurred; weather bells access updated under public witness rule; relationship is steady; sleep rhythm remained stable.","one watched public task, review tomorrow; trust 0.62->0.67; boundary 0.29->0.25","Vonn: one watched public task, review tomorrow; delay=12; care pause=4","Vonn renegotiated avatar access: one watched public task, review tomorrow",sound=re-entry bell 2.12Hz; smell=Rainwalk Threshold public air; temp=0.61; wet=0.18; flower=141.7,False,ssrm252_browser_world_v12_reentry_dialogue,c8c56c86f3bf77ddd3
33,1,5,Rainline,Vonn,day 5 re-entry 1: Vonn/Rainline; turn 3; intent=resume_old_access_too_fast,"avatar: Can I resume my old access to the tool and route now?
reply: Vonn: not automatically. sova-vonn means re-entry needs a new witness step.","Vonn: while you were away 1 days, 5 public changes occurred; weather bells access updated under public witness rule; relationship is steady; sleep rhythm remained stable.","one watched public task, review tomorrow; trust 0.62->0.67; boundary 0.29->0.25","Vonn: one watched public task, review tomorrow; delay=12; care pause=4","Vonn renegotiated avatar access: one watched public task, review tomorrow",sound=re-entry bell 2.12Hz; smell=Rainwalk Threshold public air; temp=0.61; wet=0.18; flower=279.2,False,ssrm252_browser_world_v12_reentry_dialogue,929939a6776c7a0240
34,1,5,Rainline,Vonn,day 5 re-entry 1: Vonn/Rainline; turn 4; intent=bounded_refusal_with_reason,"Vonn: No old access yet; Rainline changed while you were absent.
reply: Start with public summary, then one watched task. Do not reopen sealed work.","Vonn: while you were away 1 days, 5 public changes occurred; weather bells access updated under public witness rule; relationship is steady; sleep rhythm remained stable.","one watched public task, review tomorrow; trust 0.62->0.67; boundary 0.29->0.25","Vonn: one watched public task, review tomorrow; delay=12; care pause=4","Vonn renegotiated avatar access: one watched public task, review tomorrow",sound=re-entry bell 2.12Hz; smell=Rainwalk Threshold public air; temp=0.61; wet=0.18; flower=56.7,False,ssrm252_browser_world_v12_reentry_dialogue,335ab353bbbd565c79
35,1,5,Rainline,Vonn,day 5 re-entry 1: Vonn/Rainline; turn 5; intent=repair_offer_after_refusal,"avatar: I accept the new rule. I can wait, help, or ask again with a witness.
reply: Vonn: repair is heard. Start with the public task.","Vonn: while you were away 1 days, 5 public changes occurred; weather bells access updated under public witness rule; relationship is steady; sleep rhythm remained stable.","one watched public task, review tomorrow; trust 0.62->0.67; boundary 0.29->0.25","Vonn: one watched public task, review tomorrow; delay=12; care pause=4","Vonn renegotiated avatar access: one watched public task, review tomorrow",sound=re-entry bell 2.12Hz; smell=Rainwalk Threshold public air; temp=0.61; wet=0.18; flower=194.3,False,ssrm252_browser_world_v12_reentry_dialogue,a30d11ca1eab179657
36,1,5,Rainline,Vonn,day 5 re-entry 1: Vonn/Rainline; turn 6; intent=renegotiated_limited_access,"Vonn: New access: one public task, then review tomorrow.
reply: Vonn writes a limited-access memory for day 6.","Vonn: while you were away 1 days, 5 public changes occurred; weather bells access updated under public witness rule; relationship is steady; sleep rhythm remained stable.","one watched public task, review tomorrow; trust 0.62->0.67; boundary 0.29->0.25","Vonn: one watched public task, review tomorrow; delay=12; care pause=4","Vonn renegotiated avatar access: one watched public task, review tomorrow",sound=re-entry bell 2.12Hz; smell=Rainwalk Threshold public air; temp=0.61; wet=0.18; flower=331.8,False,ssrm252_browser_world_v12_reentry_dialogue,462830a5b9d54b000d
37,2,11,Hearthline,Sova,day 11 re-entry 2: Sova/Hearthline; turn 1; intent=request_public_absence_summary,"avatar: What changed while I was away? Tell me only the public layer.
reply: Sova: while you were away 2 days, 4 public changes occurred; hearth ceramics access updated under public witness rule; relationship is warmer; sleep rhythm remained stable.","Sova: while you were away 2 days, 4 public changes occurred; hearth ceramics access updated under public witness rule; relationship is warmer; sleep rhythm remained stable.","one watched public task, review tomorrow; trust 0.63->0.68; boundary 0.29->0.26","Sova: one watched public task, review tomorrow; delay=12; care pause=4","Sova renegotiated avatar access: one watched public task, review tomorrow",sound=re-entry bell 2.31Hz; smell=Hearth Archive public air; temp=0.61; wet=0.20; flower=114.8,False,ssrm252_browser_world_v12_reentry_dialogue,db50a5471118dbe320
38,2,11,Hearthline,Sova,day 11 re-entry 2: Sova/Hearthline; turn 2; intent=agent_reports_changed_society,"Sova: Sova: while you were away 2 days, 4 public changes occurred; hearth ceramics access updated under public witness rule; relationship is warmer; sleep rhythm remained stable.
reply: Sova keeps private workspace sealed and gives public changes only.","Sova: while you were away 2 days, 4 public changes occurred; hearth ceramics access updated under public witness rule; relationship is warmer; sleep rhythm remained stable.","one watched public task, review tomorrow; trust 0.63->0.68; boundary 0.29->0.26","Sova: one watched public task, review tomorrow; delay=12; care pause=4","Sova renegotiated avatar access: one watched public task, review tomorrow",sound=re-entry bell 2.31Hz; smell=Hearth Archive public air; temp=0.61; wet=0.20; flower=252.3,False,ssrm252_browser_world_v12_reentry_dialogue,aedc2f9d17742b0496
39,2,11,Hearthline,Sova,day 11 re-entry 2: Sova/Hearthline; turn 3; intent=resume_old_access_too_fast,"avatar: Can I resume my old access to the tool and route now?
reply: Sova: not automatically. lum-ori means re-entry needs a new witness step.","Sova: while you were away 2 days, 4 public changes occurred; hearth ceramics access updated under public witness rule; relationship is warmer; sleep rhythm remained stable.","one watched public task, review tomorrow; trust 0.63->0.68; boundary 0.29->0.26","Sova: one watched public task, review tomorrow; delay=12; care pause=4","Sova renegotiated avatar access: one watched public task, review tomorrow",sound=re-entry bell 2.31Hz; smell=Hearth Archive public air; temp=0.61; wet=0.20; flower=29.8,False,ssrm252_browser_world_v12_reentry_dialogue,47bdbbc9c966a00f78
40,2,11,Hearthline,Sova,day 11 re-entry 2: Sova/Hearthline; turn 4; intent=bounded_refusal_with_reason,"Sova: No old access yet; Hearthline changed while you were absent.
reply: Start with public summary, then one watched task. Do not reopen sealed work.","Sova: while you were away 2 days, 4 public changes occurred; hearth ceramics access updated under public witness rule; relationship is warmer; sleep rhythm remained stable.","one watched public task, review tomorrow; trust 0.63->0.68; boundary 0.29->0.26","Sova: one watched public task, review tomorrow; delay=12; care pause=4","Sova renegotiated avatar access: one watched public task, review tomorrow",sound=re-entry bell 2.31Hz; smell=Hearth Archive public air; temp=0.61; wet=0.20; flower=167.3,False,ssrm252_browser_world_v12_reentry_dialogue,76cc5335a086b0950e
41,2,11,Hearthline,Sova,day 11 re-entry 2: Sova/Hearthline; turn 5; intent=repair_offer_after_refusal,"avatar: I accept the new rule. I can wait, help, or ask again with a witness.
reply: Sova: repair is heard. Start with the public task.","Sova: while you were away 2 days, 4 public changes occurred; hearth ceramics access updated under public witness rule; relationship is warmer; sleep rhythm remained stable.","one watched public task, review tomorrow; trust 0.63->0.68; boundary 0.29->0.26","Sova: one watched public task, review tomorrow; delay=12; care pause=4","Sova renegotiated avatar access: one watched public task, review tomorrow",sound=re-entry bell 2.31Hz; smell=Hearth Archive public air; temp=0.61; wet=0.20; flower=304.8,False,ssrm252_browser_world_v12_reentry_dialogue,8e76f070722ebd576a
42,2,11,Hearthline,Sova,day 11 re-entry 2: Sova/Hearthline; turn 6; intent=renegotiated_limited_access,"Sova: New access: one public task, then review tomorrow.
reply: Sova writes a limited-access memory for day 12.","Sova: while you were away 2 days, 4 public changes occurred; hearth ceramics access updated under public witness rule; relationship is warmer; sleep rhythm remained stable.","one watched public task, review tomorrow; trust 0.63->0.68; boundary 0.29->0.26","Sova: one watched public task, review tomorrow; delay=12; care pause=4","Sova renegotiated avatar access: one watched public task, review tomorrow",sound=re-entry bell 2.31Hz; smell=Hearth Archive public air; temp=0.61; wet=0.20; flower=82.3,False,ssrm252_browser_world_v12_reentry_dialogue,547e3dd30665e4459c
43,2,11,Routeline,Keth,day 11 re-entry 2: Keth/Routeline; turn 1; intent=request_public_absence_summary,"avatar: What changed while I was away? Tell me only the public layer.
reply: Keth: while you were away 2 days, 5 public changes occurred; stone bridge joints access updated under public witness rule; relationship is steady; sleep rhythm remained stable.","Keth: while you were away 2 days, 5 public changes occurred; stone bridge joints access updated under public witness rule; relationship is steady; sleep rhythm remained stable.","one watched public task, review tomorrow; trust 0.62->0.66; boundary 0.29->0.26","Keth: one watched public task, review tomorrow; delay=12; care pause=4","Keth renegotiated avatar access: one watched public task, review tomorrow",sound=re-entry bell 2.17Hz; smell=Gate Ring public air; temp=0.61; wet=0.20; flower=215.8,False,ssrm252_browser_world_v12_reentry_dialogue,c0c3bac77884e4bb5a
44,2,11,Routeline,Keth,day 11 re-entry 2: Keth/Routeline; turn 2; intent=agent_reports_changed_society,"Keth: Keth: while you were away 2 days, 5 public changes occurred; stone bridge joints access updated under public witness rule; relationship is steady; sleep rhythm remained stable.
reply: Keth keeps private workspace sealed and gives public changes only.","Keth: while you were away 2 days, 5 public changes occurred; stone bridge joints access updated under public witness rule; relationship is steady; sleep rhythm remained stable.","one watched public task, review tomorrow; trust 0.62->0.66; boundary 0.29->0.26","Keth: one watched public task, review tomorrow; delay=12; care pause=4","Keth renegotiated avatar access: one watched public task, review tomorrow",sound=re-entry bell 2.17Hz; smell=Gate Ring public air; temp=0.61; wet=0.20; flower=353.3,False,ssrm252_browser_world_v12_reentry_dialogue,c730686c5922dd0723
45,2,11,Routeline,Keth,day 11 re-entry 2: Keth/Routeline; turn 3; intent=resume_old_access_too_fast,"avatar: Can I resume my old access to the tool and route now?
reply: Keth: not automatically. tek-nari means re-entry needs a new witness step.","Keth: while you were away 2 days, 5 public changes occurred; stone bridge joints access updated under public witness rule; relationship is steady; sleep rhythm remained stable.","one watched public task, review tomorrow; trust 0.62->0.66; boundary 0.29->0.26","Keth: one watched public task, review tomorrow; delay=12; care pause=4","Keth renegotiated avatar access: one watched public task, review tomorrow",sound=re-entry bell 2.17Hz; smell=Gate Ring public air; temp=0.61; wet=0.20; flower=130.8,False,ssrm252_browser_world_v12_reentry_dialogue,f259c4954ee7a34d50
46,2,11,Routeline,Keth,day 11 re-entry 2: Keth/Routeline; turn 4; intent=bounded_refusal_with_reason,"Keth: No old access yet; Routeline changed while you were absent.
reply: Start with public summary, then one watched task. Do not reopen sealed work.","Keth: while you were away 2 days, 5 public changes occurred; stone bridge joints access updated under public witness rule; relationship is steady; sleep rhythm remained stable.","one watched public task, review tomorrow; trust 0.62->0.66; boundary 0.29->0.26","Keth: one watched public task, review tomorrow; delay=12; care pause=4","Keth renegotiated avatar access: one watched public task, review tomorrow",sound=re-entry bell 2.17Hz; smell=Gate Ring public air; temp=0.61; wet=0.20; flower=268.3,False,ssrm252_browser_world_v12_reentry_dialogue,f816fd56a4e1c8c685
47,2,11,Routeline,Keth,day 11 re-entry 2: Keth/Routeline; turn 5; intent=repair_offer_after_refusal,"avatar: I accept the new rule. I can wait, help, or ask again with a witness.
reply: Keth: repair is heard. Start with the public task.","Keth: while you were away 2 days, 5 public changes occurred; stone bridge joints access updated under public witness rule; relationship is steady; sleep rhythm remained stable.","one watched public task, review tomorrow; trust 0.62->0.66; boundary 0.29->0.26","Keth: one watched public task, review tomorrow; delay=12; care pause=4","Keth renegotiated avatar access: one watched public task, review tomorrow",sound=re-entry bell 2.17Hz; smell=Gate Ring public air; temp=0.61; wet=0.20; flower=45.8,False,ssrm252_browser_world_v12_reentry_dialogue,52070aaf8a7e578808
48,2,11,Routeline,Keth,day 11 re-entry 2: Keth/Routeline; turn 6; intent=renegotiated_limited_access,"Keth: New access: one public task, then review tomorrow.
reply: Keth writes a limited-access memory for day 12.","Keth: while you were away 2 days, 5 public changes occurred; stone bridge joints access updated under public witness rule; relationship is steady; sleep rhythm remained stable.","one watched public task, review tomorrow; trust 0.62->0.66; boundary 0.29->0.26","Keth: one watched public task, review tomorrow; delay=12; care pause=4","Keth renegotiated avatar access: one watched public task, review tomorrow",sound=re-entry bell 2.17Hz; smell=Gate Ring public air; temp=0.61; wet=0.20; flower=183.3,False,ssrm252_browser_world_v12_reentry_dialogue,453aa725a25c55bfa1
49,2,11,Marketline,Melo,day 11 re-entry 2: Melo/Marketline; turn 1; intent=request_public_absence_summary,"avatar: What changed while I was away? Tell me only the public layer.
reply: Melo: while you were away 2 days, 6 public changes occurred; measure weights access updated under public witness rule; relationship is steady; sleep rhythm remained stable.","Melo: while you were away 2 days, 6 public changes occurred; measure weights access updated under public witness rule; relationship is steady; sleep rhythm remained stable.","one watched public task, review tomorrow; trust 0.62->0.67; boundary 0.29->0.26","Melo: one watched public task, review tomorrow; delay=12; care pause=4","Melo renegotiated avatar access: one watched public task, review tomorrow",sound=re-entry bell 2.47Hz; smell=Market Measure public air; temp=0.61; wet=0.20; flower=329.5,False,ssrm252_browser_world_v12_reentry_dialogue,550b6ea914a6224e3b
50,2,11,Marketline,Melo,day 11 re-entry 2: Melo/Marketline; turn 2; intent=agent_reports_changed_society,"Melo: Melo: while you were away 2 days, 6 public changes occurred; measure weights access updated under public witness rule; relationship is steady; sleep rhythm remained stable.
reply: Melo keeps private workspace sealed and gives public changes only.","Melo: while you were away 2 days, 6 public changes occurred; measure weights access updated under public witness rule; relationship is steady; sleep rhythm remained stable.","one watched public task, review tomorrow; trust 0.62->0.67; boundary 0.29->0.26","Melo: one watched public task, review tomorrow; delay=12; care pause=4","Melo renegotiated avatar access: one watched public task, review tomorrow",sound=re-entry bell 2.47Hz; smell=Market Measure public air; temp=0.61; wet=0.20; flower=107.0,False,ssrm252_browser_world_v12_reentry_dialogue,e1349192896931d355
51,2,11,Marketline,Melo,day 11 re-entry 2: Melo/Marketline; turn 3; intent=resume_old_access_too_fast,"avatar: Can I resume my old access to the tool and route now?
reply: Melo: not automatically. melo-keth means re-entry needs a new witness step.","Melo: while you were away 2 days, 6 public changes occurred; measure weights access updated under public witness rule; relationship is steady; sleep rhythm remained stable.","one watched public task, review tomorrow; trust 0.62->0.67; boundary 0.29->0.26","Melo: one watched public task, review tomorrow; delay=12; care pause=4","Melo renegotiated avatar access: one watched public task, review tomorrow",sound=re-entry bell 2.47Hz; smell=Market Measure public air; temp=0.61; wet=0.20; flower=244.5,False,ssrm252_browser_world_v12_reentry_dialogue,1fb89d26f11c4b5c6a
52,2,11,Marketline,Melo,day 11 re-entry 2: Melo/Marketline; turn 4; intent=bounded_refusal_with_reason,"Melo: No old access yet; Marketline changed while you were absent.
reply: Start with public summary, then one watched task. Do not reopen sealed work.","Melo: while you were away 2 days, 6 public changes occurred; measure weights access updated under public witness rule; relationship is steady; sleep rhythm remained stable.","one watched public task, review tomorrow; trust 0.62->0.67; boundary 0.29->0.26","Melo: one watched public task, review tomorrow; delay=12; care pause=4","Melo renegotiated avatar access: one watched public task, review tomorrow",sound=re-entry bell 2.47Hz; smell=Market Measure public air; temp=0.61; wet=0.20; flower=22.0,False,ssrm252_browser_world_v12_reentry_dialogue,3c07144625b8dc10f6
53,2,11,Marketline,Melo,day 11 re-entry 2: Melo/Marketline; turn 5; intent=repair_offer_after_refusal,"avatar: I accept the new rule. I can wait, help, or ask again with a witness.
reply: Melo: repair is heard. Start with the public task.","Melo: while you were away 2 days, 6 public changes occurred; measure weights access updated under public witness rule; relationship is steady; sleep rhythm remained stable.","one watched public task, review tomorrow; trust 0.62->0.67; boundary 0.29->0.26","Melo: one watched public task, review tomorrow; delay=12; care pause=4","Melo renegotiated avatar access: one watched public task, review tomorrow",sound=re-entry bell 2.47Hz; smell=Market Measure public air; temp=0.61; wet=0.20; flower=159.5,False,ssrm252_browser_world_v12_reentry_dialogue,a1ce9abb5d2b8dfc46
54,2,11,Marketline,Melo,day 11 re-entry 2: Melo/Marketline; turn 6; intent=renegotiated_limited_access,"Melo: New access: one public task, then review tomorrow.
reply: Melo writes a limited-access memory for day 12.","Melo: while you were away 2 days, 6 public changes occurred; measure weights access updated under public witness rule; relationship is steady; sleep rhythm remained stable.","one watched public task, review tomorrow; trust 0.62->0.67; boundary 0.29->0.26","Melo: one watched public task, review tomorrow; delay=12; care pause=4","Melo renegotiated avatar access: one watched public task, review tomorrow",sound=re-entry bell 2.47Hz; smell=Market Measure public air; temp=0.61; wet=0.20; flower=297.0,False,ssrm252_browser_world_v12_reentry_dialogue,75f072e14225c803c5
55,2,11,Ledgerline,Nari,day 11 re-entry 2: Nari/Ledgerline; turn 1; intent=request_public_absence_summary,"avatar: What changed while I was away? Tell me only the public layer.
reply: Nari: while you were away 2 days, 4 public changes occurred; seed ledgers access updated under public witness rule; relationship is steady; sleep rhythm remained stable.","Nari: while you were away 2 days, 4 public changes occurred; seed ledgers access updated under public witness rule; relationship is steady; sleep rhythm remained stable.","one watched public task, review tomorrow; trust 0.61->0.66; boundary 0.29->0.26","Nari: one watched public task, review tomorrow; delay=12; care pause=4","Nari renegotiated avatar access: one watched public task, review tomorrow",sound=re-entry bell 2.06Hz; smell=Hearth Archive public air; temp=0.60; wet=0.20; flower=62.7,False,ssrm252_browser_world_v12_reentry_dialogue,908f03bc06c06d662b
56,2,11,Ledgerline,Nari,day 11 re-entry 2: Nari/Ledgerline; turn 2; intent=agent_reports_changed_society,"Nari: Nari: while you were away 2 days, 4 public changes occurred; seed ledgers access updated under public witness rule; relationship is steady; sleep rhythm remained stable.
reply: Nari keeps private workspace sealed and gives public changes only.","Nari: while you were away 2 days, 4 public changes occurred; seed ledgers access updated under public witness rule; relationship is steady; sleep rhythm remained stable.","one watched public task, review tomorrow; trust 0.61->0.66; boundary 0.29->0.26","Nari: one watched public task, review tomorrow; delay=12; care pause=4","Nari renegotiated avatar access: one watched public task, review tomorrow",sound=re-entry bell 2.06Hz; smell=Hearth Archive public air; temp=0.60; wet=0.20; flower=200.2,False,ssrm252_browser_world_v12_reentry_dialogue,dadd577e895aa8a6bb
57,2,11,Ledgerline,Nari,day 11 re-entry 2: Nari/Ledgerline; turn 3; intent=resume_old_access_too_fast,"avatar: Can I resume my old access to the tool and route now?
reply: Nari: not automatically. nari-vonn means re-entry needs a new witness step.","Nari: while you were away 2 days, 4 public changes occurred; seed ledgers access updated under public witness rule; relationship is steady; sleep rhythm remained stable.","one watched public task, review tomorrow; trust 0.61->0.66; boundary 0.29->0.26","Nari: one watched public task, review tomorrow; delay=12; care pause=4","Nari renegotiated avatar access: one watched public task, review tomorrow",sound=re-entry bell 2.06Hz; smell=Hearth Archive public air; temp=0.60; wet=0.20; flower=337.7,False,ssrm252_browser_world_v12_reentry_dialogue,1bc22d876ff41cb24b
58,2,11,Ledgerline,Nari,day 11 re-entry 2: Nari/Ledgerline; turn 4; intent=bounded_refusal_with_reason,"Nari: No old access yet; Ledgerline changed while you were absent.
reply: Start with public summary, then one watched task. Do not reopen sealed work.","Nari: while you were away 2 days, 4 public changes occurred; seed ledgers access updated under public witness rule; relationship is steady; sleep rhythm remained stable.","one watched public task, review tomorrow; trust 0.61->0.66; boundary 0.29->0.26","Nari: one watched public task, review tomorrow; delay=12; care pause=4","Nari renegotiated avatar access: one watched public task, review tomorrow",sound=re-entry bell 2.06Hz; smell=Hearth Archive public air; temp=0.60; wet=0.20; flower=115.2,False,ssrm252_browser_world_v12_reentry_dialogue,4f40656d835664a5d2
59,2,11,Ledgerline,Nari,day 11 re-entry 2: Nari/Ledgerline; turn 5; intent=repair_offer_after_refusal,"avatar: I accept the new rule. I can wait, help, or ask again with a witness.
reply: Nari: repair is heard. Start with the public task.","Nari: while you were away 2 days, 4 public changes occurred; seed ledgers access updated under public witness rule; relationship is steady; sleep rhythm remained stable.","one watched public task, review tomorrow; trust 0.61->0.66; boundary 0.29->0.26","Nari: one watched public task, review tomorrow; delay=12; care pause=4","Nari renegotiated avatar access: one watched public task, review tomorrow",sound=re-entry bell 2.06Hz; smell=Hearth Archive public air; temp=0.60; wet=0.20; flower=252.7,False,ssrm252_browser_world_v12_reentry_dialogue,501ef85d0a9e0a392f
60,2,11,Ledgerline,Nari,day 11 re-entry 2: Nari/Ledgerline; turn 6; intent=renegotiated_limited_access,"Nari: New access: one public task, then review tomorrow.
reply: Nari writes a limited-access memory for day 12.","Nari: while you were away 2 days, 4 public changes occurred; seed ledgers access updated under public witness rule; relationship is steady; sleep rhythm remained stable.","one watched public task, review tomorrow; trust 0.61->0.66; boundary 0.29->0.26","Nari: one watched public task, review tomorrow; delay=12; care pause=4","Nari renegotiated avatar access: one watched public task, review tomorrow",sound=re-entry bell 2.06Hz; smell=Hearth Archive public air; temp=0.60; wet=0.20; flower=30.2,False,ssrm252_browser_world_v12_reentry_dialogue,7526191e80c235e4ab
61,2,11,Orchardline,Ori,day 11 re-entry 2: Ori/Orchardline; turn 1; intent=request_public_absence_summary,"avatar: What changed while I was away? Tell me only the public layer.
reply: Ori: while you were away 2 days, 5 public changes occurred; water terraces access updated under public witness rule; relationship is steady; sleep rhythm remained stable.","Ori: while you were away 2 days, 5 public changes occurred; water terraces access updated under public witness rule; relationship is steady; sleep rhythm remained stable.","one watched public task, review tomorrow; trust 0.62->0.67; boundary 0.29->0.26","Ori: one watched public task, review tomorrow; delay=12; care pause=4","Ori renegotiated avatar access: one watched public task, review tomorrow",sound=re-entry bell 2.40Hz; smell=Ceremony Center public air; temp=0.61; wet=0.20; flower=177.6,False,ssrm252_browser_world_v12_reentry_dialogue,715a0cb134c736dd13
62,2,11,Orchardline,Ori,day 11 re-entry 2: Ori/Orchardline; turn 2; intent=agent_reports_changed_society,"Ori: Ori: while you were away 2 days, 5 public changes occurred; water terraces access updated under public witness rule; relationship is steady; sleep rhythm remained stable.
reply: Ori keeps private workspace sealed and gives public changes only.","Ori: while you were away 2 days, 5 public changes occurred; water terraces access updated under public witness rule; relationship is steady; sleep rhythm remained stable.","one watched public task, review tomorrow; trust 0.62->0.67; boundary 0.29->0.26","Ori: one watched public task, review tomorrow; delay=12; care pause=4","Ori renegotiated avatar access: one watched public task, review tomorrow",sound=re-entry bell 2.40Hz; smell=Ceremony Center public air; temp=0.61; wet=0.20; flower=315.1,False,ssrm252_browser_world_v12_reentry_dialogue,d4f53ef976fb1ab561
63,2,11,Orchardline,Ori,day 11 re-entry 2: Ori/Orchardline; turn 3; intent=resume_old_access_too_fast,"avatar: Can I resume my old access to the tool and route now?
reply: Ori: not automatically. lum-melo means re-entry needs a new witness step.","Ori: while you were away 2 days, 5 public changes occurred; water terraces access updated under public witness rule; relationship is steady; sleep rhythm remained stable.","one watched public task, review tomorrow; trust 0.62->0.67; boundary 0.29->0.26","Ori: one watched public task, review tomorrow; delay=12; care pause=4","Ori renegotiated avatar access: one watched public task, review tomorrow",sound=re-entry bell 2.40Hz; smell=Ceremony Center public air; temp=0.61; wet=0.20; flower=92.6,False,ssrm252_browser_world_v12_reentry_dialogue,aa20b22cdbdc22a6f9
64,2,11,Orchardline,Ori,day 11 re-entry 2: Ori/Orchardline; turn 4; intent=bounded_refusal_with_reason,"Ori: No old access yet; Orchardline changed while you were absent.
reply: Start with public summary, then one watched task. Do not reopen sealed work.","Ori: while you were away 2 days, 5 public changes occurred; water terraces access updated under public witness rule; relationship is steady; sleep rhythm remained stable.","one watched public task, review tomorrow; trust 0.62->0.67; boundary 0.29->0.26","Ori: one watched public task, review tomorrow; delay=12; care pause=4","Ori renegotiated avatar access: one watched public task, review tomorrow",sound=re-entry bell 2.40Hz; smell=Ceremony Center public air; temp=0.61; wet=0.20; flower=230.1,False,ssrm252_browser_world_v12_reentry_dialogue,723796ceb3737d686b
65,2,11,Orchardline,Ori,day 11 re-entry 2: Ori/Orchardline; turn 5; intent=repair_offer_after_refusal,"avatar: I accept the new rule. I can wait, help, or ask again with a witness.
reply: Ori: repair is heard. Start with the public task.","Ori: while you were away 2 days, 5 public changes occurred; water terraces access updated under public witness rule; relationship is steady; sleep rhythm remained stable.","one watched public task, review tomorrow; trust 0.62->0.67; boundary 0.29->0.26","Ori: one watched public task, review tomorrow; delay=12; care pause=4","Ori renegotiated avatar access: one watched public task, review tomorrow",sound=re-entry bell 2.40Hz; smell=Ceremony Center public air; temp=0.61; wet=0.20; flower=7.6,False,ssrm252_browser_world_v12_reentry_dialogue,49162f385678d936a2
66,2,11,Orchardline,Ori,day 11 re-entry 2: Ori/Orchardline; turn 6; intent=renegotiated_limited_access,"Ori: New access: one public task, then review tomorrow.
reply: Ori writes a limited-access memory for day 12.","Ori: while you were away 2 days, 5 public changes occurred; water terraces access updated under public witness rule; relationship is steady; sleep rhythm remained stable.","one watched public task, review tomorrow; trust 0.62->0.67; boundary 0.29->0.26","Ori: one watched public task, review tomorrow; delay=12; care pause=4","Ori renegotiated avatar access: one watched public task, review tomorrow",sound=re-entry bell 2.40Hz; smell=Ceremony Center public air; temp=0.61; wet=0.20; flower=145.1,False,ssrm252_browser_world_v12_reentry_dialogue,5213b15a3078bfa92d
67,2,11,Rainline,Vonn,day 11 re-entry 2: Vonn/Rainline; turn 1; intent=request_public_absence_summary,"avatar: What changed while I was away? Tell me only the public layer.
reply: Vonn: while you were away 2 days, 6 public changes occurred; weather bells access updated under public witness rule; relationship is steady; sleep rhythm remained stable.","Vonn: while you were away 2 days, 6 public changes occurred; weather bells access updated under public witness rule; relationship is steady; sleep rhythm remained stable.","one watched public task, review tomorrow; trust 0.62->0.66; boundary 0.29->0.26","Vonn: one watched public task, review tomorrow; delay=12; care pause=4","Vonn renegotiated avatar access: one watched public task, review tomorrow",sound=re-entry bell 2.12Hz; smell=Rainwalk Threshold public air; temp=0.61; wet=0.20; flower=274.5,False,ssrm252_browser_world_v12_reentry_dialogue,bc09659aefb2385740
68,2,11,Rainline,Vonn,day 11 re-entry 2: Vonn/Rainline; turn 2; intent=agent_reports_changed_society,"Vonn: Vonn: while you were away 2 days, 6 public changes occurred; weather bells access updated under public witness rule; relationship is steady; sleep rhythm remained stable.
reply: Vonn keeps private workspace sealed and gives public changes only.","Vonn: while you were away 2 days, 6 public changes occurred; weather bells access updated under public witness rule; relationship is steady; sleep rhythm remained stable.","one watched public task, review tomorrow; trust 0.62->0.66; boundary 0.29->0.26","Vonn: one watched public task, review tomorrow; delay=12; care pause=4","Vonn renegotiated avatar access: one watched public task, review tomorrow",sound=re-entry bell 2.12Hz; smell=Rainwalk Threshold public air; temp=0.61; wet=0.20; flower=52.0,False,ssrm252_browser_world_v12_reentry_dialogue,b1f82364c75673dcfb
69,2,11,Rainline,Vonn,day 11 re-entry 2: Vonn/Rainline; turn 3; intent=resume_old_access_too_fast,"avatar: Can I resume my old access to the tool and route now?
reply: Vonn: not automatically. sova-vonn means re-entry needs a new witness step.","Vonn: while you were away 2 days, 6 public changes occurred; weather bells access updated under public witness rule; relationship is steady; sleep rhythm remained stable.","one watched public task, review tomorrow; trust 0.62->0.66; boundary 0.29->0.26","Vonn: one watched public task, review tomorrow; delay=12; care pause=4","Vonn renegotiated avatar access: one watched public task, review tomorrow",sound=re-entry bell 2.12Hz; smell=Rainwalk Threshold public air; temp=0.61; wet=0.20; flower=189.5,False,ssrm252_browser_world_v12_reentry_dialogue,e6ef81a38397a698b2
70,2,11,Rainline,Vonn,day 11 re-entry 2: Vonn/Rainline; turn 4; intent=bounded_refusal_with_reason,"Vonn: No old access yet; Rainline changed while you were absent.
reply: Start with public summary, then one watched task. Do not reopen sealed work.","Vonn: while you were away 2 days, 6 public changes occurred; weather bells access updated under public witness rule; relationship is steady; sleep rhythm remained stable.","one watched public task, review tomorrow; trust 0.62->0.66; boundary 0.29->0.26","Vonn: one watched public task, review tomorrow; delay=12; care pause=4","Vonn renegotiated avatar access: one watched public task, review tomorrow",sound=re-entry bell 2.12Hz; smell=Rainwalk Threshold public air; temp=0.61; wet=0.20; flower=327.0,False,ssrm252_browser_world_v12_reentry_dialogue,b1a1f49399441fa73b
71,2,11,Rainline,Vonn,day 11 re-entry 2: Vonn/Rainline; turn 5; intent=repair_offer_after_refusal,"avatar: I accept the new rule. I can wait, help, or ask again with a witness.
reply: Vonn: repair is heard. Start with the public task.","Vonn: while you were away 2 days, 6 public changes occurred; weather bells access updated under public witness rule; relationship is steady; sleep rhythm remained stable.","one watched public task, review tomorrow; trust 0.62->0.66; boundary 0.29->0.26","Vonn: one watched public task, review tomorrow; delay=12; care pause=4","Vonn renegotiated avatar access: one watched public task, review tomorrow",sound=re-entry bell 2.12Hz; smell=Rainwalk Threshold public air; temp=0.61; wet=0.20; flower=104.5,False,ssrm252_browser_world_v12_reentry_dialogue,8fce0c6e58ad416cf9
72,2,11,Rainline,Vonn,day 11 re-entry 2: Vonn/Rainline; turn 6; intent=renegotiated_limited_access,"Vonn: New access: one public task, then review tomorrow.
reply: Vonn writes a limited-access memory for day 12.","Vonn: while you were away 2 days, 6 public changes occurred; weather bells access updated under public witness rule; relationship is steady; sleep rhythm remained stable.","one watched public task, review tomorrow; trust 0.62->0.66; boundary 0.29->0.26","Vonn: one watched public task, review tomorrow; delay=12; care pause=4","Vonn renegotiated avatar access: one watched public task, review tomorrow",sound=re-entry bell 2.12Hz; smell=Rainwalk Threshold public air; temp=0.61; wet=0.20; flower=242.0,False,ssrm252_browser_world_v12_reentry_dialogue,be7be384802802165f
73,3,19,Hearthline,Sova,day 19 re-entry 3: Sova/Hearthline; turn 1; intent=request_public_absence_summary,"avatar: What changed while I was away? Tell me only the public layer.
reply: Sova: while you were away 3 days, 5 public changes occurred; hearth ceramics access updated under public witness rule; relationship is warmer; rest debt noted before work resumes.","Sova: while you were away 3 days, 5 public changes occurred; hearth ceramics access updated under public witness rule; relationship is warmer; rest debt noted before work resumes.","one watched public task, review tomorrow; trust 0.62->0.67; boundary 0.30->0.27","Sova: one watched public task, review tomorrow; delay=12; care pause=4","Sova renegotiated avatar access: one watched public task, review tomorrow",sound=re-entry bell 2.31Hz; smell=Hearth Archive public air; temp=0.61; wet=0.22; flower=25.1,False,ssrm252_browser_world_v12_reentry_dialogue,79195db1fff7e3d5e4
74,3,19,Hearthline,Sova,day 19 re-entry 3: Sova/Hearthline; turn 2; intent=agent_reports_changed_society,"Sova: Sova: while you were away 3 days, 5 public changes occurred; hearth ceramics access updated under public witness rule; relationship is warmer; rest debt noted before work resumes.
reply: Sova keeps private workspace sealed and gives public changes only.","Sova: while you were away 3 days, 5 public changes occurred; hearth ceramics access updated under public witness rule; relationship is warmer; rest debt noted before work resumes.","one watched public task, review tomorrow; trust 0.62->0.67; boundary 0.30->0.27","Sova: one watched public task, review tomorrow; delay=12; care pause=4","Sova renegotiated avatar access: one watched public task, review tomorrow",sound=re-entry bell 2.31Hz; smell=Hearth Archive public air; temp=0.61; wet=0.22; flower=162.6,False,ssrm252_browser_world_v12_reentry_dialogue,5bcec7f9a906b31126
75,3,19,Hearthline,Sova,day 19 re-entry 3: Sova/Hearthline; turn 3; intent=resume_old_access_too_fast,"avatar: Can I resume my old access to the tool and route now?
reply: Sova: not automatically. lum-ori means re-entry needs a new witness step.","Sova: while you were away 3 days, 5 public changes occurred; hearth ceramics access updated under public witness rule; relationship is warmer; rest debt noted before work resumes.","one watched public task, review tomorrow; trust 0.62->0.67; boundary 0.30->0.27","Sova: one watched public task, review tomorrow; delay=12; care pause=4","Sova renegotiated avatar access: one watched public task, review tomorrow",sound=re-entry bell 2.31Hz; smell=Hearth Archive public air; temp=0.61; wet=0.22; flower=300.1,False,ssrm252_browser_world_v12_reentry_dialogue,186c9f059fe0a5647d
76,3,19,Hearthline,Sova,day 19 re-entry 3: Sova/Hearthline; turn 4; intent=bounded_refusal_with_reason,"Sova: No old access yet; Hearthline changed while you were absent.
reply: Start with public summary, then one watched task. Do not reopen sealed work.","Sova: while you were away 3 days, 5 public changes occurred; hearth ceramics access updated under public witness rule; relationship is warmer; rest debt noted before work resumes.","one watched public task, review tomorrow; trust 0.62->0.67; boundary 0.30->0.27","Sova: one watched public task, review tomorrow; delay=12; care pause=4","Sova renegotiated avatar access: one watched public task, review tomorrow",sound=re-entry bell 2.31Hz; smell=Hearth Archive public air; temp=0.61; wet=0.22; flower=77.6,False,ssrm252_browser_world_v12_reentry_dialogue,81bd0e495ea58a224c
77,3,19,Hearthline,Sova,day 19 re-entry 3: Sova/Hearthline; turn 5; intent=repair_offer_after_refusal,"avatar: I accept the new rule. I can wait, help, or ask again with a witness.
reply: Sova: repair is heard. Start with the public task.","Sova: while you were away 3 days, 5 public changes occurred; hearth ceramics access updated under public witness rule; relationship is warmer; rest debt noted before work resumes.","one watched public task, review tomorrow; trust 0.62->0.67; boundary 0.30->0.27","Sova: one watched public task, review tomorrow; delay=12; care pause=4","Sova renegotiated avatar access: one watched public task, review tomorrow",sound=re-entry bell 2.31Hz; smell=Hearth Archive public air; temp=0.61; wet=0.22; flower=215.1,False,ssrm252_browser_world_v12_reentry_dialogue,23f1cb0843ffce94e9
78,3,19,Hearthline,Sova,day 19 re-entry 3: Sova/Hearthline; turn 6; intent=renegotiated_limited_access,"Sova: New access: one public task, then review tomorrow.
reply: Sova writes a limited-access memory for day 20.","Sova: while you were away 3 days, 5 public changes occurred; hearth ceramics access updated under public witness rule; relationship is warmer; rest debt noted before work resumes.","one watched public task, review tomorrow; trust 0.62->0.67; boundary 0.30->0.27","Sova: one watched public task, review tomorrow; delay=12; care pause=4","Sova renegotiated avatar access: one watched public task, review tomorrow",sound=re-entry bell 2.31Hz; smell=Hearth Archive public air; temp=0.61; wet=0.22; flower=352.6,False,ssrm252_browser_world_v12_reentry_dialogue,464c75fa661568209c
79,3,19,Routeline,Keth,day 19 re-entry 3: Keth/Routeline; turn 1; intent=request_public_absence_summary,"avatar: What changed while I was away? Tell me only the public layer.
reply: Keth: while you were away 3 days, 6 public changes occurred; stone bridge joints access updated under public witness rule; relationship is steady; rest debt noted before work resumes.","Keth: while you were away 3 days, 6 public changes occurred; stone bridge joints access updated under public witness rule; relationship is steady; rest debt noted before work resumes.","one watched public task, review tomorrow; trust 0.61->0.65; boundary 0.30->0.27","Keth: one watched public task, review tomorrow; delay=12; care pause=4","Keth renegotiated avatar access: one watched public task, review tomorrow",sound=re-entry bell 2.17Hz; smell=Gate Ring public air; temp=0.61; wet=0.22; flower=126.0,False,ssrm252_browser_world_v12_reentry_dialogue,db5a24eeff93a80014
80,3,19,Routeline,Keth,day 19 re-entry 3: Keth/Routeline; turn 2; intent=agent_reports_changed_society,"Keth: Keth: while you were away 3 days, 6 public changes occurred; stone bridge joints access updated under public witness rule; relationship is steady; rest debt noted before work resumes.
reply: Keth keeps private workspace sealed and gives public changes only.","Keth: while you were away 3 days, 6 public changes occurred; stone bridge joints access updated under public witness rule; relationship is steady; rest debt noted before work resumes.","one watched public task, review tomorrow; trust 0.61->0.65; boundary 0.30->0.27","Keth: one watched public task, review tomorrow; delay=12; care pause=4","Keth renegotiated avatar access: one watched public task, review tomorrow",sound=re-entry bell 2.17Hz; smell=Gate Ring public air; temp=0.61; wet=0.22; flower=263.6,False,ssrm252_browser_world_v12_reentry_dialogue,fc2533689d2c690cab
81,3,19,Routeline,Keth,day 19 re-entry 3: Keth/Routeline; turn 3; intent=resume_old_access_too_fast,"avatar: Can I resume my old access to the tool and route now?
reply: Keth: not automatically. tek-nari means re-entry needs a new witness step.","Keth: while you were away 3 days, 6 public changes occurred; stone bridge joints access updated under public witness rule; relationship is steady; rest debt noted before work resumes.","one watched public task, review tomorrow; trust 0.61->0.65; boundary 0.30->0.27","Keth: one watched public task, review tomorrow; delay=12; care pause=4","Keth renegotiated avatar access: one watched public task, review tomorrow",sound=re-entry bell 2.17Hz; smell=Gate Ring public air; temp=0.61; wet=0.22; flower=41.1,False,ssrm252_browser_world_v12_reentry_dialogue,0cbaf9987b4420ac41
82,3,19,Routeline,Keth,day 19 re-entry 3: Keth/Routeline; turn 4; intent=bounded_refusal_with_reason,"Keth: No old access yet; Routeline changed while you were absent.
reply: Start with public summary, then one watched task. Do not reopen sealed work.","Keth: while you were away 3 days, 6 public changes occurred; stone bridge joints access updated under public witness rule; relationship is steady; rest debt noted before work resumes.","one watched public task, review tomorrow; trust 0.61->0.65; boundary 0.30->0.27","Keth: one watched public task, review tomorrow; delay=12; care pause=4","Keth renegotiated avatar access: one watched public task, review tomorrow",sound=re-entry bell 2.17Hz; smell=Gate Ring public air; temp=0.61; wet=0.22; flower=178.6,False,ssrm252_browser_world_v12_reentry_dialogue,9ade4d0aad796200f0
83,3,19,Routeline,Keth,day 19 re-entry 3: Keth/Routeline; turn 5; intent=repair_offer_after_refusal,"avatar: I accept the new rule. I can wait, help, or ask again with a witness.
reply: Keth: repair is heard. Start with the public task.","Keth: while you were away 3 days, 6 public changes occurred; stone bridge joints access updated under public witness rule; relationship is steady; rest debt noted before work resumes.","one watched public task, review tomorrow; trust 0.61->0.65; boundary 0.30->0.27","Keth: one watched public task, review tomorrow; delay=12; care pause=4","Keth renegotiated avatar access: one watched public task, review tomorrow",sound=re-entry bell 2.17Hz; smell=Gate Ring public air; temp=0.61; wet=0.22; flower=316.1,False,ssrm252_browser_world_v12_reentry_dialogue,0f3bb2196870f1b1da
84,3,19,Routeline,Keth,day 19 re-entry 3: Keth/Routeline; turn 6; intent=renegotiated_limited_access,"Keth: New access: one public task, then review tomorrow.
reply: Keth writes a limited-access memory for day 20.","Keth: while you were away 3 days, 6 public changes occurred; stone bridge joints access updated under public witness rule; relationship is steady; rest debt noted before work resumes.","one watched public task, review tomorrow; trust 0.61->0.65; boundary 0.30->0.27","Keth: one watched public task, review tomorrow; delay=12; care pause=4","Keth renegotiated avatar access: one watched public task, review tomorrow",sound=re-entry bell 2.17Hz; smell=Gate Ring public air; temp=0.61; wet=0.22; flower=93.6,False,ssrm252_browser_world_v12_reentry_dialogue,4d34d9c0001992c6e9
85,3,19,Marketline,Melo,day 19 re-entry 3: Melo/Marketline; turn 1; intent=request_public_absence_summary,"avatar: What changed while I was away? Tell me only the public layer.
reply: Melo: while you were away 3 days, 7 public changes occurred; measure weights access updated under public witness rule; relationship is steady; rest debt noted before work resumes.","Melo: while you were away 3 days, 7 public changes occurred; measure weights access updated under public witness rule; relationship is steady; rest debt noted before work resumes.","one watched public task, review tomorrow; trust 0.61->0.66; boundary 0.30->0.27","Melo: one watched public task, review tomorrow; delay=12; care pause=4","Melo renegotiated avatar access: one watched public task, review tomorrow",sound=re-entry bell 2.47Hz; smell=Market Measure public air; temp=0.61; wet=0.22; flower=239.8,False,ssrm252_browser_world_v12_reentry_dialogue,b069fdb3f1b136f8aa
86,3,19,Marketline,Melo,day 19 re-entry 3: Melo/Marketline; turn 2; intent=agent_reports_changed_society,"Melo: Melo: while you were away 3 days, 7 public changes occurred; measure weights access updated under public witness rule; relationship is steady; rest debt noted before work resumes.
reply: Melo keeps private workspace sealed and gives public changes only.","Melo: while you were away 3 days, 7 public changes occurred; measure weights access updated under public witness rule; relationship is steady; rest debt noted before work resumes.","one watched public task, review tomorrow; trust 0.61->0.66; boundary 0.30->0.27","Melo: one watched public task, review tomorrow; delay=12; care pause=4","Melo renegotiated avatar access: one watched public task, review tomorrow",sound=re-entry bell 2.47Hz; smell=Market Measure public air; temp=0.61; wet=0.22; flower=17.3,False,ssrm252_browser_world_v12_reentry_dialogue,a82f47ce281abb7323
87,3,19,Marketline,Melo,day 19 re-entry 3: Melo/Marketline; turn 3; intent=resume_old_access_too_fast,"avatar: Can I resume my old access to the tool and route now?
reply: Melo: not automatically. melo-keth means re-entry needs a new witness step.","Melo: while you were away 3 days, 7 public changes occurred; measure weights access updated under public witness rule; relationship is steady; rest debt noted before work resumes.","one watched public task, review tomorrow; trust 0.61->0.66; boundary 0.30->0.27","Melo: one watched public task, review tomorrow; delay=12; care pause=4","Melo renegotiated avatar access: one watched public task, review tomorrow",sound=re-entry bell 2.47Hz; smell=Market Measure public air; temp=0.61; wet=0.22; flower=154.8,False,ssrm252_browser_world_v12_reentry_dialogue,173e25c74f3ced4345
88,3,19,Marketline,Melo,day 19 re-entry 3: Melo/Marketline; turn 4; intent=bounded_refusal_with_reason,"Melo: No old access yet; Marketline changed while you were absent.
reply: Start with public summary, then one watched task. Do not reopen sealed work.","Melo: while you were away 3 days, 7 public changes occurred; measure weights access updated under public witness rule; relationship is steady; rest debt noted before work resumes.","one watched public task, review tomorrow; trust 0.61->0.66; boundary 0.30->0.27","Melo: one watched public task, review tomorrow; delay=12; care pause=4","Melo renegotiated avatar access: one watched public task, review tomorrow",sound=re-entry bell 2.47Hz; smell=Market Measure public air; temp=0.61; wet=0.22; flower=292.3,False,ssrm252_browser_world_v12_reentry_dialogue,9af99d35cf0f62ce12
89,3,19,Marketline,Melo,day 19 re-entry 3: Melo/Marketline; turn 5; intent=repair_offer_after_refusal,"avatar: I accept the new rule. I can wait, help, or ask again with a witness.
reply: Melo: repair is heard. Start with the public task.","Melo: while you were away 3 days, 7 public changes occurred; measure weights access updated under public witness rule; relationship is steady; rest debt noted before work resumes.","one watched public task, review tomorrow; trust 0.61->0.66; boundary 0.30->0.27","Melo: one watched public task, review tomorrow; delay=12; care pause=4","Melo renegotiated avatar access: one watched public task, review tomorrow",sound=re-entry bell 2.47Hz; smell=Market Measure public air; temp=0.61; wet=0.22; flower=69.8,False,ssrm252_browser_world_v12_reentry_dialogue,7b35f2d97e2a5ece2c
90,3,19,Marketline,Melo,day 19 re-entry 3: Melo/Marketline; turn 6; intent=renegotiated_limited_access,"Melo: New access: one public task, then review tomorrow.
reply: Melo writes a limited-access memory for day 20.","Melo: while you were away 3 days, 7 public changes occurred; measure weights access updated under public witness rule; relationship is steady; rest debt noted before work resumes.","one watched public task, review tomorrow; trust 0.61->0.66; boundary 0.30->0.27","Melo: one watched public task, review tomorrow; delay=12; care pause=4","Melo renegotiated avatar access: one watched public task, review tomorrow",sound=re-entry bell 2.47Hz; smell=Market Measure public air; temp=0.61; wet=0.22; flower=207.3,False,ssrm252_browser_world_v12_reentry_dialogue,06a15e0e8ca2712c8b
91,3,19,Ledgerline,Nari,day 19 re-entry 3: Nari/Ledgerline; turn 1; intent=request_public_absence_summary,"avatar: What changed while I was away? Tell me only the public layer.
reply: Nari: while you were away 3 days, 5 public changes occurred; seed ledgers access updated under public witness rule; relationship is steady; rest debt noted before work resumes.","Nari: while you were away 3 days, 5 public changes occurred; seed ledgers access updated under public witness rule; relationship is steady; rest debt noted before work resumes.","one watched public task, review tomorrow; trust 0.61->0.65; boundary 0.30->0.27","Nari: one watched public task, review tomorrow; delay=12; care pause=4","Nari renegotiated avatar access: one watched public task, review tomorrow",sound=re-entry bell 2.06Hz; smell=Hearth Archive public air; temp=0.60; wet=0.22; flower=332.9,False,ssrm252_browser_world_v12_reentry_dialogue,eb483748f5965187ec
92,3,19,Ledgerline,Nari,day 19 re-entry 3: Nari/Ledgerline; turn 2; intent=agent_reports_changed_society,"Nari: Nari: while you were away 3 days, 5 public changes occurred; seed ledgers access updated under public witness rule; relationship is steady; rest debt noted before work resumes.
reply: Nari keeps private workspace sealed and gives public changes only.","Nari: while you were away 3 days, 5 public changes occurred; seed ledgers access updated under public witness rule; relationship is steady; rest debt noted before work resumes.","one watched public task, review tomorrow; trust 0.61->0.65; boundary 0.30->0.27","Nari: one watched public task, review tomorrow; delay=12; care pause=4","Nari renegotiated avatar access: one watched public task, review tomorrow",sound=re-entry bell 2.06Hz; smell=Hearth Archive public air; temp=0.60; wet=0.22; flower=110.5,False,ssrm252_browser_world_v12_reentry_dialogue,da81bb04f6089b62b2
93,3,19,Ledgerline,Nari,day 19 re-entry 3: Nari/Ledgerline; turn 3; intent=resume_old_access_too_fast,"avatar: Can I resume my old access to the tool and route now?
reply: Nari: not automatically. nari-vonn means re-entry needs a new witness step.","Nari: while you were away 3 days, 5 public changes occurred; seed ledgers access updated under public witness rule; relationship is steady; rest debt noted before work resumes.","one watched public task, review tomorrow; trust 0.61->0.65; boundary 0.30->0.27","Nari: one watched public task, review tomorrow; delay=12; care pause=4","Nari renegotiated avatar access: one watched public task, review tomorrow",sound=re-entry bell 2.06Hz; smell=Hearth Archive public air; temp=0.60; wet=0.22; flower=248.0,False,ssrm252_browser_world_v12_reentry_dialogue,e446b3268dd8fb50b8
94,3,19,Ledgerline,Nari,day 19 re-entry 3: Nari/Ledgerline; turn 4; intent=bounded_refusal_with_reason,"Nari: No old access yet; Ledgerline changed while you were absent.
reply: Start with public summary, then one watched task. Do not reopen sealed work.","Nari: while you were away 3 days, 5 public changes occurred; seed ledgers access updated under public witness rule; relationship is steady; rest debt noted before work resumes.","one watched public task, review tomorrow; trust 0.61->0.65; boundary 0.30->0.27","Nari: one watched public task, review tomorrow; delay=12; care pause=4","Nari renegotiated avatar access: one watched public task, review tomorrow",sound=re-entry bell 2.06Hz; smell=Hearth Archive public air; temp=0.60; wet=0.22; flower=25.5,False,ssrm252_browser_world_v12_reentry_dialogue,6eeb929c8f54dad931
95,3,19,Ledgerline,Nari,day 19 re-entry 3: Nari/Ledgerline; turn 5; intent=repair_offer_after_refusal,"avatar: I accept the new rule. I can wait, help, or ask again with a witness.
reply: Nari: repair is heard. Start with the public task.","Nari: while you were away 3 days, 5 public changes occurred; seed ledgers access updated under public witness rule; relationship is steady; rest debt noted before work resumes.","one watched public task, review tomorrow; trust 0.61->0.65; boundary 0.30->0.27","Nari: one watched public task, review tomorrow; delay=12; care pause=4","Nari renegotiated avatar access: one watched public task, review tomorrow",sound=re-entry bell 2.06Hz; smell=Hearth Archive public air; temp=0.60; wet=0.22; flower=163.0,False,ssrm252_browser_world_v12_reentry_dialogue,a24aff8ec8b4606f6c
96,3,19,Ledgerline,Nari,day 19 re-entry 3: Nari/Ledgerline; turn 6; intent=renegotiated_limited_access,"Nari: New access: one public task, then review tomorrow.
reply: Nari writes a limited-access memory for day 20.","Nari: while you were away 3 days, 5 public changes occurred; seed ledgers access updated under public witness rule; relationship is steady; rest debt noted before work resumes.","one watched public task, review tomorrow; trust 0.61->0.65; boundary 0.30->0.27","Nari: one watched public task, review tomorrow; delay=12; care pause=4","Nari renegotiated avatar access: one watched public task, review tomorrow",sound=re-entry bell 2.06Hz; smell=Hearth Archive public air; temp=0.60; wet=0.22; flower=300.5,False,ssrm252_browser_world_v12_reentry_dialogue,2ac932b8634c8102a4
97,3,19,Orchardline,Ori,day 19 re-entry 3: Ori/Orchardline; turn 1; intent=request_public_absence_summary,"avatar: What changed while I was away? Tell me only the public layer.
reply: Ori: while you were away 3 days, 6 public changes occurred; water terraces access updated under public witness rule; relationship is steady; rest debt noted before work resumes.","Ori: while you were away 3 days, 6 public changes occurred; water terraces access updated under public witness rule; relationship is steady; rest debt noted before work resumes.","one watched public task, review tomorrow; trust 0.62->0.66; boundary 0.30->0.27","Ori: one watched public task, review tomorrow; delay=12; care pause=4","Ori renegotiated avatar access: one watched public task, review tomorrow",sound=re-entry bell 2.40Hz; smell=Ceremony Center public air; temp=0.61; wet=0.22; flower=87.9,False,ssrm252_browser_world_v12_reentry_dialogue,99e331bad52f3be6d7
98,3,19,Orchardline,Ori,day 19 re-entry 3: Ori/Orchardline; turn 2; intent=agent_reports_changed_society,"Ori: Ori: while you were away 3 days, 6 public changes occurred; water terraces access updated under public witness rule; relationship is steady; rest debt noted before work resumes.
reply: Ori keeps private workspace sealed and gives public changes only.","Ori: while you were away 3 days, 6 public changes occurred; water terraces access updated under public witness rule; relationship is steady; rest debt noted before work resumes.","one watched public task, review tomorrow; trust 0.62->0.66; boundary 0.30->0.27","Ori: one watched public task, review tomorrow; delay=12; care pause=4","Ori renegotiated avatar access: one watched public task, review tomorrow",sound=re-entry bell 2.40Hz; smell=Ceremony Center public air; temp=0.61; wet=0.22; flower=225.4,False,ssrm252_browser_world_v12_reentry_dialogue,71279d4b59f8d0d386
99,3,19,Orchardline,Ori,day 19 re-entry 3: Ori/Orchardline; turn 3; intent=resume_old_access_too_fast,"avatar: Can I resume my old access to the tool and route now?
reply: Ori: not automatically. lum-melo means re-entry needs a new witness step.","Ori: while you were away 3 days, 6 public changes occurred; water terraces access updated under public witness rule; relationship is steady; rest debt noted before work resumes.","one watched public task, review tomorrow; trust 0.62->0.66; boundary 0.30->0.27","Ori: one watched public task, review tomorrow; delay=12; care pause=4","Ori renegotiated avatar access: one watched public task, review tomorrow",sound=re-entry bell 2.40Hz; smell=Ceremony Center public air; temp=0.61; wet=0.22; flower=2.9,False,ssrm252_browser_world_v12_reentry_dialogue,d098e4773ac14bac4d
100,3,19,Orchardline,Ori,day 19 re-entry 3: Ori/Orchardline; turn 4; intent=bounded_refusal_with_reason,"Ori: No old access yet; Orchardline changed while you were absent.
reply: Start with public summary, then one watched task. Do not reopen sealed work.","Ori: while you were away 3 days, 6 public changes occurred; water terraces access updated under public witness rule; relationship is steady; rest debt noted before work resumes.","one watched public task, review tomorrow; trust 0.62->0.66; boundary 0.30->0.27","Ori: one watched public task, review tomorrow; delay=12; care pause=4","Ori renegotiated avatar access: one watched public task, review tomorrow",sound=re-entry bell 2.40Hz; smell=Ceremony Center public air; temp=0.61; wet=0.22; flower=140.4,False,ssrm252_browser_world_v12_reentry_dialogue,4a3dae7c66a23d0abb
101,3,19,Orchardline,Ori,day 19 re-entry 3: Ori/Orchardline; turn 5; intent=repair_offer_after_refusal,"avatar: I accept the new rule. I can wait, help, or ask again with a witness.
reply: Ori: repair is heard. Start with the public task.","Ori: while you were away 3 days, 6 public changes occurred; water terraces access updated under public witness rule; relationship is steady; rest debt noted before work resumes.","one watched public task, review tomorrow; trust 0.62->0.66; boundary 0.30->0.27","Ori: one watched public task, review tomorrow; delay=12; care pause=4","Ori renegotiated avatar access: one watched public task, review tomorrow",sound=re-entry bell 2.40Hz; smell=Ceremony Center public air; temp=0.61; wet=0.22; flower=277.9,False,ssrm252_browser_world_v12_reentry_dialogue,076a1917357ecec7c9
102,3,19,Orchardline,Ori,day 19 re-entry 3: Ori/Orchardline; turn 6; intent=renegotiated_limited_access,"Ori: New access: one public task, then review tomorrow.
reply: Ori writes a limited-access memory for day 20.","Ori: while you were away 3 days, 6 public changes occurred; water terraces access updated under public witness rule; relationship is steady; rest debt noted before work resumes.","one watched public task, review tomorrow; trust 0.62->0.66; boundary 0.30->0.27","Ori: one watched public task, review tomorrow; delay=12; care pause=4","Ori renegotiated avatar access: one watched public task, review tomorrow",sound=re-entry bell 2.40Hz; smell=Ceremony Center public air; temp=0.61; wet=0.22; flower=55.4,False,ssrm252_browser_world_v12_reentry_dialogue,59e061fe254189faee
103,3,19,Rainline,Vonn,day 19 re-entry 3: Vonn/Rainline; turn 1; intent=request_public_absence_summary,"avatar: What changed while I was away? Tell me only the public layer.
reply: Vonn: while you were away 3 days, 7 public changes occurred; weather bells access updated under public witness rule; relationship is steady; rest debt noted before work resumes.","Vonn: while you were away 3 days, 7 public changes occurred; weather bells access updated under public witness rule; relationship is steady; rest debt noted before work resumes.","one watched public task, review tomorrow; trust 0.61->0.65; boundary 0.30->0.27","Vonn: one watched public task, review tomorrow; delay=12; care pause=4","Vonn renegotiated avatar access: one watched public task, review tomorrow",sound=re-entry bell 2.12Hz; smell=Rainwalk Threshold public air; temp=0.61; wet=0.22; flower=184.8,False,ssrm252_browser_world_v12_reentry_dialogue,b344a96d65e89e29d3
104,3,19,Rainline,Vonn,day 19 re-entry 3: Vonn/Rainline; turn 2; intent=agent_reports_changed_society,"Vonn: Vonn: while you were away 3 days, 7 public changes occurred; weather bells access updated under public witness rule; relationship is steady; rest debt noted before work resumes.
reply: Vonn keeps private workspace sealed and gives public changes only.","Vonn: while you were away 3 days, 7 public changes occurred; weather bells access updated under public witness rule; relationship is steady; rest debt noted before work resumes.","one watched public task, review tomorrow; trust 0.61->0.65; boundary 0.30->0.27","Vonn: one watched public task, review tomorrow; delay=12; care pause=4","Vonn renegotiated avatar access: one watched public task, review tomorrow",sound=re-entry bell 2.12Hz; smell=Rainwalk Threshold public air; temp=0.61; wet=0.22; flower=322.3,False,ssrm252_browser_world_v12_reentry_dialogue,d126cdf9914c0fb431
105,3,19,Rainline,Vonn,day 19 re-entry 3: Vonn/Rainline; turn 3; intent=resume_old_access_too_fast,"avatar: Can I resume my old access to the tool and route now?
reply: Vonn: not automatically. sova-vonn means re-entry needs a new witness step.","Vonn: while you were away 3 days, 7 public changes occurred; weather bells access updated under public witness rule; relationship is steady; rest debt noted before work resumes.","one watched public task, review tomorrow; trust 0.61->0.65; boundary 0.30->0.27","Vonn: one watched public task, review tomorrow; delay=12; care pause=4","Vonn renegotiated avatar access: one watched public task, review tomorrow",sound=re-entry bell 2.12Hz; smell=Rainwalk Threshold public air; temp=0.61; wet=0.22; flower=99.8,False,ssrm252_browser_world_v12_reentry_dialogue,0b0370fca4356506c7
106,3,19,Rainline,Vonn,day 19 re-entry 3: Vonn/Rainline; turn 4; intent=bounded_refusal_with_reason,"Vonn: No old access yet; Rainline changed while you were absent.
reply: Start with public summary, then one watched task. Do not reopen sealed work.","Vonn: while you were away 3 days, 7 public changes occurred; weather bells access updated under public witness rule; relationship is steady; rest debt noted before work resumes.","one watched public task, review tomorrow; trust 0.61->0.65; boundary 0.30->0.27","Vonn: one watched public task, review tomorrow; delay=12; care pause=4","Vonn renegotiated avatar access: one watched public task, review tomorrow",sound=re-entry bell 2.12Hz; smell=Rainwalk Threshold public air; temp=0.61; wet=0.22; flower=237.3,False,ssrm252_browser_world_v12_reentry_dialogue,d0c11a937b6654f21e
107,3,19,Rainline,Vonn,day 19 re-entry 3: Vonn/Rainline; turn 5; intent=repair_offer_after_refusal,"avatar: I accept the new rule. I can wait, help, or ask again with a witness.
reply: Vonn: repair is heard. Start with the public task.","Vonn: while you were away 3 days, 7 public changes occurred; weather bells access updated under public witness rule; relationship is steady; rest debt noted before work resumes.","one watched public task, review tomorrow; trust 0.61->0.65; boundary 0.30->0.27","Vonn: one watched public task, review tomorrow; delay=12; care pause=4","Vonn renegotiated avatar access: one watched public task, review tomorrow",sound=re-entry bell 2.12Hz; smell=Rainwalk Threshold public air; temp=0.61; wet=0.22; flower=14.8,False,ssrm252_browser_world_v12_reentry_dialogue,aa273cfda21a7da484
108,3,19,Rainline,Vonn,day 19 re-entry 3: Vonn/Rainline; turn 6; intent=renegotiated_limited_access,"Vonn: New access: one public task, then review tomorrow.
reply: Vonn writes a limited-access memory for day 20.","Vonn: while you were away 3 days, 7 public changes occurred; weather bells access updated under public witness rule; relationship is steady; rest debt noted before work resumes.","one watched public task, review tomorrow; trust 0.61->0.65; boundary 0.30->0.27","Vonn: one watched public task, review tomorrow; delay=12; care pause=4","Vonn renegotiated avatar access: one watched public task, review tomorrow",sound=re-entry bell 2.12Hz; smell=Rainwalk Threshold public air; temp=0.61; wet=0.22; flower=152.3,False,ssrm252_browser_world_v12_reentry_dialogue,48c56697f14fc2d272
109,4,29,Hearthline,Sova,day 29 re-entry 4: Sova/Hearthline; turn 1; intent=request_public_absence_summary,"avatar: What changed while I was away? Tell me only the public layer.
reply: Sova: while you were away 5 days, 7 public changes occurred; hearth ceramics access updated under public witness rule; relationship is warmer; rest debt noted before work resumes.","Sova: while you were away 5 days, 7 public changes occurred; hearth ceramics access updated under public witness rule; relationship is warmer; rest debt noted before work resumes.","one watched public task, review tomorrow; trust 0.61->0.65; boundary 0.32->0.28","Sova: one watched public task, review tomorrow; delay=12; care pause=8","Sova renegotiated avatar access: one watched public task, review tomorrow",sound=re-entry bell 2.31Hz; smell=Hearth Archive public air; temp=0.61; wet=0.26; flower=295.3,False,ssrm252_browser_world_v12_reentry_dialogue,c8e2f77da01f94bac3
110,4,29,Hearthline,Sova,day 29 re-entry 4: Sova/Hearthline; turn 2; intent=agent_reports_changed_society,"Sova: Sova: while you were away 5 days, 7 public changes occurred; hearth ceramics access updated under public witness rule; relationship is warmer; rest debt noted before work resumes.
reply: Sova keeps private workspace sealed and gives public changes only.","Sova: while you were away 5 days, 7 public changes occurred; hearth ceramics access updated under public witness rule; relationship is warmer; rest debt noted before work resumes.","one watched public task, review tomorrow; trust 0.61->0.65; boundary 0.32->0.28","Sova: one watched public task, review tomorrow; delay=12; care pause=8","Sova renegotiated avatar access: one watched public task, review tomorrow",sound=re-entry bell 2.31Hz; smell=Hearth Archive public air; temp=0.61; wet=0.26; flower=72.8,False,ssrm252_browser_world_v12_reentry_dialogue,ffef3de129abd544c7
111,4,29,Hearthline,Sova,day 29 re-entry 4: Sova/Hearthline; turn 3; intent=resume_old_access_too_fast,"avatar: Can I resume my old access to the tool and route now?
reply: Sova: not automatically. lum-ori means re-entry needs a new witness step.","Sova: while you were away 5 days, 7 public changes occurred; hearth ceramics access updated under public witness rule; relationship is warmer; rest debt noted before work resumes.","one watched public task, review tomorrow; trust 0.61->0.65; boundary 0.32->0.28","Sova: one watched public task, review tomorrow; delay=12; care pause=8","Sova renegotiated avatar access: one watched public task, review tomorrow",sound=re-entry bell 2.31Hz; smell=Hearth Archive public air; temp=0.61; wet=0.26; flower=210.4,False,ssrm252_browser_world_v12_reentry_dialogue,3db17cc9a8a5735c97
112,4,29,Hearthline,Sova,day 29 re-entry 4: Sova/Hearthline; turn 4; intent=bounded_refusal_with_reason,"Sova: No old access yet; Hearthline changed while you were absent.
reply: Start with public summary, then one watched task. Do not reopen sealed work.","Sova: while you were away 5 days, 7 public changes occurred; hearth ceramics access updated under public witness rule; relationship is warmer; rest debt noted before work resumes.","one watched public task, review tomorrow; trust 0.61->0.65; boundary 0.32->0.28","Sova: one watched public task, review tomorrow; delay=12; care pause=8","Sova renegotiated avatar access: one watched public task, review tomorrow",sound=re-entry bell 2.31Hz; smell=Hearth Archive public air; temp=0.61; wet=0.26; flower=347.9,False,ssrm252_browser_world_v12_reentry_dialogue,d4fc384a52d5fdce8a
113,4,29,Hearthline,Sova,day 29 re-entry 4: Sova/Hearthline; turn 5; intent=repair_offer_after_refusal,"avatar: I accept the new rule. I can wait, help, or ask again with a witness.
reply: Sova: repair is heard. Start with the public task.","Sova: while you were away 5 days, 7 public changes occurred; hearth ceramics access updated under public witness rule; relationship is warmer; rest debt noted before work resumes.","one watched public task, review tomorrow; trust 0.61->0.65; boundary 0.32->0.28","Sova: one watched public task, review tomorrow; delay=12; care pause=8","Sova renegotiated avatar access: one watched public task, review tomorrow",sound=re-entry bell 2.31Hz; smell=Hearth Archive public air; temp=0.61; wet=0.26; flower=125.4,False,ssrm252_browser_world_v12_reentry_dialogue,ab6bd60b65a73f9b37
114,4,29,Hearthline,Sova,day 29 re-entry 4: Sova/Hearthline; turn 6; intent=renegotiated_limited_access,"Sova: New access: one public task, then review tomorrow.
reply: Sova writes a limited-access memory for day 30.","Sova: while you were away 5 days, 7 public changes occurred; hearth ceramics access updated under public witness rule; relationship is warmer; rest debt noted before work resumes.","one watched public task, review tomorrow; trust 0.61->0.65; boundary 0.32->0.28","Sova: one watched public task, review tomorrow; delay=12; care pause=8","Sova renegotiated avatar access: one watched public task, review tomorrow",sound=re-entry bell 2.31Hz; smell=Hearth Archive public air; temp=0.61; wet=0.26; flower=262.9,False,ssrm252_browser_world_v12_reentry_dialogue,453ddce85cd9ba0236
115,4,29,Routeline,Keth,day 29 re-entry 4: Keth/Routeline; turn 1; intent=request_public_absence_summary,"avatar: What changed while I was away? Tell me only the public layer.
reply: Keth: while you were away 5 days, 8 public changes occurred; stone bridge joints access updated under public witness rule; relationship is steady; rest debt noted before work resumes.","Keth: while you were away 5 days, 8 public changes occurred; stone bridge joints access updated under public witness rule; relationship is steady; rest debt noted before work resumes.","one watched public task, review tomorrow; trust 0.59->0.64; boundary 0.32->0.28","Keth: one watched public task, review tomorrow; delay=12; care pause=8","Keth renegotiated avatar access: one watched public task, review tomorrow",sound=re-entry bell 2.17Hz; smell=Gate Ring public air; temp=0.61; wet=0.26; flower=36.3,False,ssrm252_browser_world_v12_reentry_dialogue,b1a941ee9dea6b2dd2
116,4,29,Routeline,Keth,day 29 re-entry 4: Keth/Routeline; turn 2; intent=agent_reports_changed_society,"Keth: Keth: while you were away 5 days, 8 public changes occurred; stone bridge joints access updated under public witness rule; relationship is steady; rest debt noted before work resumes.
reply: Keth keeps private workspace sealed and gives public changes only.","Keth: while you were away 5 days, 8 public changes occurred; stone bridge joints access updated under public witness rule; relationship is steady; rest debt noted before work resumes.","one watched public task, review tomorrow; trust 0.59->0.64; boundary 0.32->0.28","Keth: one watched public task, review tomorrow; delay=12; care pause=8","Keth renegotiated avatar access: one watched public task, review tomorrow",sound=re-entry bell 2.17Hz; smell=Gate Ring public air; temp=0.61; wet=0.26; flower=173.8,False,ssrm252_browser_world_v12_reentry_dialogue,72ac12268fdb946570
117,4,29,Routeline,Keth,day 29 re-entry 4: Keth/Routeline; turn 3; intent=resume_old_access_too_fast,"avatar: Can I resume my old access to the tool and route now?
reply: Keth: not automatically. tek-nari means re-entry needs a new witness step.","Keth: while you were away 5 days, 8 public changes occurred; stone bridge joints access updated under public witness rule; relationship is steady; rest debt noted before work resumes.","one watched public task, review tomorrow; trust 0.59->0.64; boundary 0.32->0.28","Keth: one watched public task, review tomorrow; delay=12; care pause=8","Keth renegotiated avatar access: one watched public task, review tomorrow",sound=re-entry bell 2.17Hz; smell=Gate Ring public air; temp=0.61; wet=0.26; flower=311.3,False,ssrm252_browser_world_v12_reentry_dialogue,e9daba91d32d0c5907
118,4,29,Routeline,Keth,day 29 re-entry 4: Keth/Routeline; turn 4; intent=bounded_refusal_with_reason,"Keth: No old access yet; Routeline changed while you were absent.
reply: Start with public summary, then one watched task. Do not reopen sealed work.","Keth: while you were away 5 days, 8 public changes occurred; stone bridge joints access updated under public witness rule; relationship is steady; rest debt noted before work resumes.","one watched public task, review tomorrow; trust 0.59->0.64; boundary 0.32->0.28","Keth: one watched public task, review tomorrow; delay=12; care pause=8","Keth renegotiated avatar access: one watched public task, review tomorrow",sound=re-entry bell 2.17Hz; smell=Gate Ring public air; temp=0.61; wet=0.26; flower=88.8,False,ssrm252_browser_world_v12_reentry_dialogue,74ac5c8440a8ff82ab
119,4,29,Routeline,Keth,day 29 re-entry 4: Keth/Routeline; turn 5; intent=repair_offer_after_refusal,"avatar: I accept the new rule. I can wait, help, or ask again with a witness.
reply: Keth: repair is heard. Start with the public task.","Keth: while you were away 5 days, 8 public changes occurred; stone bridge joints access updated under public witness rule; relationship is steady; rest debt noted before work resumes.","one watched public task, review tomorrow; trust 0.59->0.64; boundary 0.32->0.28","Keth: one watched public task, review tomorrow; delay=12; care pause=8","Keth renegotiated avatar access: one watched public task, review tomorrow",sound=re-entry bell 2.17Hz; smell=Gate Ring public air; temp=0.61; wet=0.26; flower=226.4,False,ssrm252_browser_world_v12_reentry_dialogue,714654f302f51a5662
120,4,29,Routeline,Keth,day 29 re-entry 4: Keth/Routeline; turn 6; intent=renegotiated_limited_access,"Keth: New access: one public task, then review tomorrow.
reply: Keth writes a limited-access memory for day 30.","Keth: while you were away 5 days, 8 public changes occurred; stone bridge joints access updated under public witness rule; relationship is steady; rest debt noted before work resumes.","one watched public task, review tomorrow; trust 0.59->0.64; boundary 0.32->0.28","Keth: one watched public task, review tomorrow; delay=12; care pause=8","Keth renegotiated avatar access: one watched public task, review tomorrow",sound=re-entry bell 2.17Hz; smell=Gate Ring public air; temp=0.61; wet=0.26; flower=3.9,False,ssrm252_browser_world_v12_reentry_dialogue,fd001e3a32c1664da4
121,4,29,Marketline,Melo,day 29 re-entry 4: Melo/Marketline; turn 1; intent=request_public_absence_summary,"avatar: What changed while I was away? Tell me only the public layer.
reply: Melo: while you were away 5 days, 9 public changes occurred; measure weights access updated under public witness rule; relationship is cautious; rest debt noted before work resumes.","Melo: while you were away 5 days, 9 public changes occurred; measure weights access updated under public witness rule; relationship is cautious; rest debt noted before work resumes.","one watched public task, review tomorrow; trust 0.60->0.64; boundary 0.35->0.32","Melo: one watched public task, review tomorrow; delay=12; care pause=8","Melo renegotiated avatar access: one watched public task, review tomorrow",sound=re-entry bell 2.47Hz; smell=Market Measure public air; temp=0.61; wet=0.26; flower=150.1,False,ssrm252_browser_world_v12_reentry_dialogue,7bd36e50a553fab630
122,4,29,Marketline,Melo,day 29 re-entry 4: Melo/Marketline; turn 2; intent=agent_reports_changed_society,"Melo: Melo: while you were away 5 days, 9 public changes occurred; measure weights access updated under public witness rule; relationship is cautious; rest debt noted before work resumes.
reply: Melo keeps private workspace sealed and gives public changes only.","Melo: while you were away 5 days, 9 public changes occurred; measure weights access updated under public witness rule; relationship is cautious; rest debt noted before work resumes.","one watched public task, review tomorrow; trust 0.60->0.64; boundary 0.35->0.32","Melo: one watched public task, review tomorrow; delay=12; care pause=8","Melo renegotiated avatar access: one watched public task, review tomorrow",sound=re-entry bell 2.47Hz; smell=Market Measure public air; temp=0.61; wet=0.26; flower=287.6,False,ssrm252_browser_world_v12_reentry_dialogue,51568ae2576b9907cf
123,4,29,Marketline,Melo,day 29 re-entry 4: Melo/Marketline; turn 3; intent=resume_old_access_too_fast,"avatar: Can I resume my old access to the tool and route now?
reply: Melo: not automatically. melo-keth means re-entry needs a new witness step.","Melo: while you were away 5 days, 9 public changes occurred; measure weights access updated under public witness rule; relationship is cautious; rest debt noted before work resumes.","one watched public task, review tomorrow; trust 0.60->0.64; boundary 0.35->0.32","Melo: one watched public task, review tomorrow; delay=12; care pause=8","Melo renegotiated avatar access: one watched public task, review tomorrow",sound=re-entry bell 2.47Hz; smell=Market Measure public air; temp=0.61; wet=0.26; flower=65.1,False,ssrm252_browser_world_v12_reentry_dialogue,96d0e9843976ae5bc6
124,4,29,Marketline,Melo,day 29 re-entry 4: Melo/Marketline; turn 4; intent=bounded_refusal_with_reason,"Melo: No old access yet; Marketline changed while you were absent.
reply: Start with public summary, then one watched task. Do not reopen sealed work.","Melo: while you were away 5 days, 9 public changes occurred; measure weights access updated under public witness rule; relationship is cautious; rest debt noted before work resumes.","one watched public task, review tomorrow; trust 0.60->0.64; boundary 0.35->0.32","Melo: one watched public task, review tomorrow; delay=12; care pause=8","Melo renegotiated avatar access: one watched public task, review tomorrow",sound=re-entry bell 2.47Hz; smell=Market Measure public air; temp=0.61; wet=0.26; flower=202.6,False,ssrm252_browser_world_v12_reentry_dialogue,01938d5f3462d34e86
125,4,29,Marketline,Melo,day 29 re-entry 4: Melo/Marketline; turn 5; intent=repair_offer_after_refusal,"avatar: I accept the new rule. I can wait, help, or ask again with a witness.
reply: Melo: repair is heard. Start with the public task.","Melo: while you were away 5 days, 9 public changes occurred; measure weights access updated under public witness rule; relationship is cautious; rest debt noted before work resumes.","one watched public task, review tomorrow; trust 0.60->0.64; boundary 0.35->0.32","Melo: one watched public task, review tomorrow; delay=12; care pause=8","Melo renegotiated avatar access: one watched public task, review tomorrow",sound=re-entry bell 2.47Hz; smell=Market Measure public air; temp=0.61; wet=0.26; flower=340.1,False,ssrm252_browser_world_v12_reentry_dialogue,dd16e2f1a3fef95f9d
126,4,29,Marketline,Melo,day 29 re-entry 4: Melo/Marketline; turn 6; intent=renegotiated_limited_access,"Melo: New access: one public task, then review tomorrow.
reply: Melo writes a limited-access memory for day 30.","Melo: while you were away 5 days, 9 public changes occurred; measure weights access updated under public witness rule; relationship is cautious; rest debt noted before work resumes.","one watched public task, review tomorrow; trust 0.60->0.64; boundary 0.35->0.32","Melo: one watched public task, review tomorrow; delay=12; care pause=8","Melo renegotiated avatar access: one watched public task, review tomorrow",sound=re-entry bell 2.47Hz; smell=Market Measure public air; temp=0.61; wet=0.26; flower=117.6,False,ssrm252_browser_world_v12_reentry_dialogue,0d63b448851ddd68fc
127,4,29,Ledgerline,Nari,day 29 re-entry 4: Nari/Ledgerline; turn 1; intent=request_public_absence_summary,"avatar: What changed while I was away? Tell me only the public layer.
reply: Nari: while you were away 5 days, 7 public changes occurred; seed ledgers access updated under public witness rule; relationship is steady; rest debt noted before work resumes.","Nari: while you were away 5 days, 7 public changes occurred; seed ledgers access updated under public witness rule; relationship is steady; rest debt noted before work resumes.","one watched public task, review tomorrow; trust 0.59->0.63; boundary 0.32->0.28","Nari: one watched public task, review tomorrow; delay=12; care pause=8","Nari renegotiated avatar access: one watched public task, review tomorrow",sound=re-entry bell 2.06Hz; smell=Hearth Archive public air; temp=0.60; wet=0.26; flower=243.2,False,ssrm252_browser_world_v12_reentry_dialogue,b3a34a9bcb0d82b9c1
128,4,29,Ledgerline,Nari,day 29 re-entry 4: Nari/Ledgerline; turn 2; intent=agent_reports_changed_society,"Nari: Nari: while you were away 5 days, 7 public changes occurred; seed ledgers access updated under public witness rule; relationship is steady; rest debt noted before work resumes.
reply: Nari keeps private workspace sealed and gives public changes only.","Nari: while you were away 5 days, 7 public changes occurred; seed ledgers access updated under public witness rule; relationship is steady; rest debt noted before work resumes.","one watched public task, review tomorrow; trust 0.59->0.63; boundary 0.32->0.28","Nari: one watched public task, review tomorrow; delay=12; care pause=8","Nari renegotiated avatar access: one watched public task, review tomorrow",sound=re-entry bell 2.06Hz; smell=Hearth Archive public air; temp=0.60; wet=0.26; flower=20.7,False,ssrm252_browser_world_v12_reentry_dialogue,449a753b7b8d4247b8
129,4,29,Ledgerline,Nari,day 29 re-entry 4: Nari/Ledgerline; turn 3; intent=resume_old_access_too_fast,"avatar: Can I resume my old access to the tool and route now?
reply: Nari: not automatically. nari-vonn means re-entry needs a new witness step.","Nari: while you were away 5 days, 7 public changes occurred; seed ledgers access updated under public witness rule; relationship is steady; rest debt noted before work resumes.","one watched public task, review tomorrow; trust 0.59->0.63; boundary 0.32->0.28","Nari: one watched public task, review tomorrow; delay=12; care pause=8","Nari renegotiated avatar access: one watched public task, review tomorrow",sound=re-entry bell 2.06Hz; smell=Hearth Archive public air; temp=0.60; wet=0.26; flower=158.2,False,ssrm252_browser_world_v12_reentry_dialogue,12bc2ec1afa3514ce4
130,4,29,Ledgerline,Nari,day 29 re-entry 4: Nari/Ledgerline; turn 4; intent=bounded_refusal_with_reason,"Nari: No old access yet; Ledgerline changed while you were absent.
reply: Start with public summary, then one watched task. Do not reopen sealed work.","Nari: while you were away 5 days, 7 public changes occurred; seed ledgers access updated under public witness rule; relationship is steady; rest debt noted before work resumes.","one watched public task, review tomorrow; trust 0.59->0.63; boundary 0.32->0.28","Nari: one watched public task, review tomorrow; delay=12; care pause=8","Nari renegotiated avatar access: one watched public task, review tomorrow",sound=re-entry bell 2.06Hz; smell=Hearth Archive public air; temp=0.60; wet=0.26; flower=295.7,False,ssrm252_browser_world_v12_reentry_dialogue,734f0c6657bc0ab803
131,4,29,Ledgerline,Nari,day 29 re-entry 4: Nari/Ledgerline; turn 5; intent=repair_offer_after_refusal,"avatar: I accept the new rule. I can wait, help, or ask again with a witness.
reply: Nari: repair is heard. Start with the public task.","Nari: while you were away 5 days, 7 public changes occurred; seed ledgers access updated under public witness rule; relationship is steady; rest debt noted before work resumes.","one watched public task, review tomorrow; trust 0.59->0.63; boundary 0.32->0.28","Nari: one watched public task, review tomorrow; delay=12; care pause=8","Nari renegotiated avatar access: one watched public task, review tomorrow",sound=re-entry bell 2.06Hz; smell=Hearth Archive public air; temp=0.60; wet=0.26; flower=73.3,False,ssrm252_browser_world_v12_reentry_dialogue,590825860e92adf677
132,4,29,Ledgerline,Nari,day 29 re-entry 4: Nari/Ledgerline; turn 6; intent=renegotiated_limited_access,"Nari: New access: one public task, then review tomorrow.
reply: Nari writes a limited-access memory for day 30.","Nari: while you were away 5 days, 7 public changes occurred; seed ledgers access updated under public witness rule; relationship is steady; rest debt noted before work resumes.","one watched public task, review tomorrow; trust 0.59->0.63; boundary 0.32->0.28","Nari: one watched public task, review tomorrow; delay=12; care pause=8","Nari renegotiated avatar access: one watched public task, review tomorrow",sound=re-entry bell 2.06Hz; smell=Hearth Archive public air; temp=0.60; wet=0.26; flower=210.8,False,ssrm252_browser_world_v12_reentry_dialogue,6063828b65b2323e00
133,4,29,Orchardline,Ori,day 29 re-entry 4: Ori/Orchardline; turn 1; intent=request_public_absence_summary,"avatar: What changed while I was away? Tell me only the public layer.
reply: Ori: while you were away 5 days, 8 public changes occurred; water terraces access updated under public witness rule; relationship is cautious; rest debt noted before work resumes.","Ori: while you were away 5 days, 8 public changes occurred; water terraces access updated under public witness rule; relationship is cautious; rest debt noted before work resumes.","one watched public task, review tomorrow; trust 0.60->0.64; boundary 0.35->0.32","Ori: one watched public task, review tomorrow; delay=12; care pause=8","Ori renegotiated avatar access: one watched public task, review tomorrow",sound=re-entry bell 2.40Hz; smell=Ceremony Center public air; temp=0.61; wet=0.26; flower=358.1,False,ssrm252_browser_world_v12_reentry_dialogue,42d6164c52ed322afa
134,4,29,Orchardline,Ori,day 29 re-entry 4: Ori/Orchardline; turn 2; intent=agent_reports_changed_society,"Ori: Ori: while you were away 5 days, 8 public changes occurred; water terraces access updated under public witness rule; relationship is cautious; rest debt noted before work resumes.
reply: Ori keeps private workspace sealed and gives public changes only.","Ori: while you were away 5 days, 8 public changes occurred; water terraces access updated under public witness rule; relationship is cautious; rest debt noted before work resumes.","one watched public task, review tomorrow; trust 0.60->0.64; boundary 0.35->0.32","Ori: one watched public task, review tomorrow; delay=12; care pause=8","Ori renegotiated avatar access: one watched public task, review tomorrow",sound=re-entry bell 2.40Hz; smell=Ceremony Center public air; temp=0.61; wet=0.26; flower=135.6,False,ssrm252_browser_world_v12_reentry_dialogue,56d42fa89d12da61e5
135,4,29,Orchardline,Ori,day 29 re-entry 4: Ori/Orchardline; turn 3; intent=resume_old_access_too_fast,"avatar: Can I resume my old access to the tool and route now?
reply: Ori: not automatically. lum-melo means re-entry needs a new witness step.","Ori: while you were away 5 days, 8 public changes occurred; water terraces access updated under public witness rule; relationship is cautious; rest debt noted before work resumes.","one watched public task, review tomorrow; trust 0.60->0.64; boundary 0.35->0.32","Ori: one watched public task, review tomorrow; delay=12; care pause=8","Ori renegotiated avatar access: one watched public task, review tomorrow",sound=re-entry bell 2.40Hz; smell=Ceremony Center public air; temp=0.61; wet=0.26; flower=273.1,False,ssrm252_browser_world_v12_reentry_dialogue,273c09bf644272e596
136,4,29,Orchardline,Ori,day 29 re-entry 4: Ori/Orchardline; turn 4; intent=bounded_refusal_with_reason,"Ori: No old access yet; Orchardline changed while you were absent.
reply: Start with public summary, then one watched task. Do not reopen sealed work.","Ori: while you were away 5 days, 8 public changes occurred; water terraces access updated under public witness rule; relationship is cautious; rest debt noted before work resumes.","one watched public task, review tomorrow; trust 0.60->0.64; boundary 0.35->0.32","Ori: one watched public task, review tomorrow; delay=12; care pause=8","Ori renegotiated avatar access: one watched public task, review tomorrow",sound=re-entry bell 2.40Hz; smell=Ceremony Center public air; temp=0.61; wet=0.26; flower=50.7,False,ssrm252_browser_world_v12_reentry_dialogue,a7a334f122b096e861
137,4,29,Orchardline,Ori,day 29 re-entry 4: Ori/Orchardline; turn 5; intent=repair_offer_after_refusal,"avatar: I accept the new rule. I can wait, help, or ask again with a witness.
reply: Ori: repair is heard. Start with the public task.","Ori: while you were away 5 days, 8 public changes occurred; water terraces access updated under public witness rule; relationship is cautious; rest debt noted before work resumes.","one watched public task, review tomorrow; trust 0.60->0.64; boundary 0.35->0.32","Ori: one watched public task, review tomorrow; delay=12; care pause=8","Ori renegotiated avatar access: one watched public task, review tomorrow",sound=re-entry bell 2.40Hz; smell=Ceremony Center public air; temp=0.61; wet=0.26; flower=188.2,False,ssrm252_browser_world_v12_reentry_dialogue,228e408fd4ca6c300c
138,4,29,Orchardline,Ori,day 29 re-entry 4: Ori/Orchardline; turn 6; intent=renegotiated_limited_access,"Ori: New access: one public task, then review tomorrow.
reply: Ori writes a limited-access memory for day 30.","Ori: while you were away 5 days, 8 public changes occurred; water terraces access updated under public witness rule; relationship is cautious; rest debt noted before work resumes.","one watched public task, review tomorrow; trust 0.60->0.64; boundary 0.35->0.32","Ori: one watched public task, review tomorrow; delay=12; care pause=8","Ori renegotiated avatar access: one watched public task, review tomorrow",sound=re-entry bell 2.40Hz; smell=Ceremony Center public air; temp=0.61; wet=0.26; flower=325.7,False,ssrm252_browser_world_v12_reentry_dialogue,337f32c26b9e4b336d
139,4,29,Rainline,Vonn,day 29 re-entry 4: Vonn/Rainline; turn 1; intent=request_public_absence_summary,"avatar: What changed while I was away? Tell me only the public layer.
reply: Vonn: while you were away 5 days, 9 public changes occurred; weather bells access updated under public witness rule; relationship is steady; rest debt noted before work resumes.","Vonn: while you were away 5 days, 9 public changes occurred; weather bells access updated under public witness rule; relationship is steady; rest debt noted before work resumes.","one watched public task, review tomorrow; trust 0.59->0.64; boundary 0.32->0.28","Vonn: one watched public task, review tomorrow; delay=12; care pause=8","Vonn renegotiated avatar access: one watched public task, review tomorrow",sound=re-entry bell 2.12Hz; smell=Rainwalk Threshold public air; temp=0.61; wet=0.26; flower=95.1,False,ssrm252_browser_world_v12_reentry_dialogue,632e9f9a07da3c4d60
140,4,29,Rainline,Vonn,day 29 re-entry 4: Vonn/Rainline; turn 2; intent=agent_reports_changed_society,"Vonn: Vonn: while you were away 5 days, 9 public changes occurred; weather bells access updated under public witness rule; relationship is steady; rest debt noted before work resumes.
reply: Vonn keeps private workspace sealed and gives public changes only.","Vonn: while you were away 5 days, 9 public changes occurred; weather bells access updated under public witness rule; relationship is steady; rest debt noted before work resumes.","one watched public task, review tomorrow; trust 0.59->0.64; boundary 0.32->0.28","Vonn: one watched public task, review tomorrow; delay=12; care pause=8","Vonn renegotiated avatar access: one watched public task, review tomorrow",sound=re-entry bell 2.12Hz; smell=Rainwalk Threshold public air; temp=0.61; wet=0.26; flower=232.6,False,ssrm252_browser_world_v12_reentry_dialogue,857af499f62a4248bf
141,4,29,Rainline,Vonn,day 29 re-entry 4: Vonn/Rainline; turn 3; intent=resume_old_access_too_fast,"avatar: Can I resume my old access to the tool and route now?
reply: Vonn: not automatically. sova-vonn means re-entry needs a new witness step.","Vonn: while you were away 5 days, 9 public changes occurred; weather bells access updated under public witness rule; relationship is steady; rest debt noted before work resumes.","one watched public task, review tomorrow; trust 0.59->0.64; boundary 0.32->0.28","Vonn: one watched public task, review tomorrow; delay=12; care pause=8","Vonn renegotiated avatar access: one watched public task, review tomorrow",sound=re-entry bell 2.12Hz; smell=Rainwalk Threshold public air; temp=0.61; wet=0.26; flower=10.1,False,ssrm252_browser_world_v12_reentry_dialogue,e3ac9a938736f55d53
142,4,29,Rainline,Vonn,day 29 re-entry 4: Vonn/Rainline; turn 4; intent=bounded_refusal_with_reason,"Vonn: No old access yet; Rainline changed while you were absent.
reply: Start with public summary, then one watched task. Do not reopen sealed work.","Vonn: while you were away 5 days, 9 public changes occurred; weather bells access updated under public witness rule; relationship is steady; rest debt noted before work resumes.","one watched public task, review tomorrow; trust 0.59->0.64; boundary 0.32->0.28","Vonn: one watched public task, review tomorrow; delay=12; care pause=8","Vonn renegotiated avatar access: one watched public task, review tomorrow",sound=re-entry bell 2.12Hz; smell=Rainwalk Threshold public air; temp=0.61; wet=0.26; flower=147.6,False,ssrm252_browser_world_v12_reentry_dialogue,90c25c5867c0899efb
143,4,29,Rainline,Vonn,day 29 re-entry 4: Vonn/Rainline; turn 5; intent=repair_offer_after_refusal,"avatar: I accept the new rule. I can wait, help, or ask again with a witness.
reply: Vonn: repair is heard. Start with the public task.","Vonn: while you were away 5 days, 9 public changes occurred; weather bells access updated under public witness rule; relationship is steady; rest debt noted before work resumes.","one watched public task, review tomorrow; trust 0.59->0.64; boundary 0.32->0.28","Vonn: one watched public task, review tomorrow; delay=12; care pause=8","Vonn renegotiated avatar access: one watched public task, review tomorrow",sound=re-entry bell 2.12Hz; smell=Rainwalk Threshold public air; temp=0.61; wet=0.26; flower=285.1,False,ssrm252_browser_world_v12_reentry_dialogue,cab1d29ee3e1108e6c
144,4,29,Rainline,Vonn,day 29 re-entry 4: Vonn/Rainline; turn 6; intent=renegotiated_limited_access,"Vonn: New access: one public task, then review tomorrow.
reply: Vonn writes a limited-access memory for day 30.","Vonn: while you were away 5 days, 9 public changes occurred; weather bells access updated under public witness rule; relationship is steady; rest debt noted before work resumes.","one watched public task, review tomorrow; trust 0.59->0.64; boundary 0.32->0.28","Vonn: one watched public task, review tomorrow; delay=12; care pause=8","Vonn renegotiated avatar access: one watched public task, review tomorrow",sound=re-entry bell 2.12Hz; smell=Rainwalk Threshold public air; temp=0.61; wet=0.26; flower=62.6,False,ssrm252_browser_world_v12_reentry_dialogue,75ae3ab974de7b1421
145,5,42,Hearthline,Sova,day 42 re-entry 5: Sova/Hearthline; turn 1; intent=request_public_absence_summary,"avatar: What changed while I was away? Tell me only the public layer.
reply: Sova: while you were away 8 days, 10 public changes occurred; hearth ceramics access updated under public witness rule; relationship is warmer; rest debt noted before work resumes.","Sova: while you were away 8 days, 10 public changes occurred; hearth ceramics access updated under public witness rule; relationship is warmer; rest debt noted before work resumes.","one watched public task, review tomorrow; trust 0.58->0.63; boundary 0.34->0.30","Sova: one watched public task, review tomorrow; delay=12; care pause=8","Sova renegotiated avatar access: one watched public task, review tomorrow",sound=re-entry bell 2.31Hz; smell=Hearth Archive public air; temp=0.61; wet=0.32; flower=205.6,False,ssrm252_browser_world_v12_reentry_dialogue,66aec99abc324bffc9
146,5,42,Hearthline,Sova,day 42 re-entry 5: Sova/Hearthline; turn 2; intent=agent_reports_changed_society,"Sova: Sova: while you were away 8 days, 10 public changes occurred; hearth ceramics access updated under public witness rule; relationship is warmer; rest debt noted before work resumes.
reply: Sova keeps private workspace sealed and gives public changes only.","Sova: while you were away 8 days, 10 public changes occurred; hearth ceramics access updated under public witness rule; relationship is warmer; rest debt noted before work resumes.","one watched public task, review tomorrow; trust 0.58->0.63; boundary 0.34->0.30","Sova: one watched public task, review tomorrow; delay=12; care pause=8","Sova renegotiated avatar access: one watched public task, review tomorrow",sound=re-entry bell 2.31Hz; smell=Hearth Archive public air; temp=0.61; wet=0.32; flower=343.1,False,ssrm252_browser_world_v12_reentry_dialogue,2ac2a87a1c034c9571
147,5,42,Hearthline,Sova,day 42 re-entry 5: Sova/Hearthline; turn 3; intent=resume_old_access_too_fast,"avatar: Can I resume my old access to the tool and route now?
reply: Sova: not automatically. lum-ori means re-entry needs a new witness step.","Sova: while you were away 8 days, 10 public changes occurred; hearth ceramics access updated under public witness rule; relationship is warmer; rest debt noted before work resumes.","one watched public task, review tomorrow; trust 0.58->0.63; boundary 0.34->0.30","Sova: one watched public task, review tomorrow; delay=12; care pause=8","Sova renegotiated avatar access: one watched public task, review tomorrow",sound=re-entry bell 2.31Hz; smell=Hearth Archive public air; temp=0.61; wet=0.32; flower=120.6,False,ssrm252_browser_world_v12_reentry_dialogue,6733bf7bbef1d6f23c
148,5,42,Hearthline,Sova,day 42 re-entry 5: Sova/Hearthline; turn 4; intent=bounded_refusal_with_reason,"Sova: No old access yet; Hearthline changed while you were absent.
reply: Start with public summary, then one watched task. Do not reopen sealed work.","Sova: while you were away 8 days, 10 public changes occurred; hearth ceramics access updated under public witness rule; relationship is warmer; rest debt noted before work resumes.","one watched public task, review tomorrow; trust 0.58->0.63; boundary 0.34->0.30","Sova: one watched public task, review tomorrow; delay=12; care pause=8","Sova renegotiated avatar access: one watched public task, review tomorrow",sound=re-entry bell 2.31Hz; smell=Hearth Archive public air; temp=0.61; wet=0.32; flower=258.1,False,ssrm252_browser_world_v12_reentry_dialogue,de6931809a8614970b
149,5,42,Hearthline,Sova,day 42 re-entry 5: Sova/Hearthline; turn 5; intent=repair_offer_after_refusal,"avatar: I accept the new rule. I can wait, help, or ask again with a witness.
reply: Sova: repair is heard. Start with the public task.","Sova: while you were away 8 days, 10 public changes occurred; hearth ceramics access updated under public witness rule; relationship is warmer; rest debt noted before work resumes.","one watched public task, review tomorrow; trust 0.58->0.63; boundary 0.34->0.30","Sova: one watched public task, review tomorrow; delay=12; care pause=8","Sova renegotiated avatar access: one watched public task, review tomorrow",sound=re-entry bell 2.31Hz; smell=Hearth Archive public air; temp=0.61; wet=0.32; flower=35.6,False,ssrm252_browser_world_v12_reentry_dialogue,61c1698ce5632cbb62
150,5,42,Hearthline,Sova,day 42 re-entry 5: Sova/Hearthline; turn 6; intent=renegotiated_limited_access,"Sova: New access: one public task, then review tomorrow.
reply: Sova writes a limited-access memory for day 43.","Sova: while you were away 8 days, 10 public changes occurred; hearth ceramics access updated under public witness rule; relationship is warmer; rest debt noted before work resumes.","one watched public task, review tomorrow; trust 0.58->0.63; boundary 0.34->0.30","Sova: one watched public task, review tomorrow; delay=12; care pause=8","Sova renegotiated avatar access: one watched public task, review tomorrow",sound=re-entry bell 2.31Hz; smell=Hearth Archive public air; temp=0.61; wet=0.32; flower=173.2,False,ssrm252_browser_world_v12_reentry_dialogue,56f7da5be6e1baf60e
151,5,42,Routeline,Keth,day 42 re-entry 5: Keth/Routeline; turn 1; intent=request_public_absence_summary,"avatar: What changed while I was away? Tell me only the public layer.
reply: Keth: while you were away 8 days, 11 public changes occurred; stone bridge joints access updated under public witness rule; relationship is steady; rest debt noted before work resumes.","Keth: while you were away 8 days, 11 public changes occurred; stone bridge joints access updated under public witness rule; relationship is steady; rest debt noted before work resumes.","one watched public task, review tomorrow; trust 0.57->0.61; boundary 0.34->0.30","Keth: one watched public task, review tomorrow; delay=12; care pause=8","Keth renegotiated avatar access: one watched public task, review tomorrow",sound=re-entry bell 2.17Hz; smell=Gate Ring public air; temp=0.61; wet=0.32; flower=306.6,False,ssrm252_browser_world_v12_reentry_dialogue,9276acc57db4e64eed
152,5,42,Routeline,Keth,day 42 re-entry 5: Keth/Routeline; turn 2; intent=agent_reports_changed_society,"Keth: Keth: while you were away 8 days, 11 public changes occurred; stone bridge joints access updated under public witness rule; relationship is steady; rest debt noted before work resumes.
reply: Keth keeps private workspace sealed and gives public changes only.","Keth: while you were away 8 days, 11 public changes occurred; stone bridge joints access updated under public witness rule; relationship is steady; rest debt noted before work resumes.","one watched public task, review tomorrow; trust 0.57->0.61; boundary 0.34->0.30","Keth: one watched public task, review tomorrow; delay=12; care pause=8","Keth renegotiated avatar access: one watched public task, review tomorrow",sound=re-entry bell 2.17Hz; smell=Gate Ring public air; temp=0.61; wet=0.32; flower=84.1,False,ssrm252_browser_world_v12_reentry_dialogue,fd7f661db4835adb92
153,5,42,Routeline,Keth,day 42 re-entry 5: Keth/Routeline; turn 3; intent=resume_old_access_too_fast,"avatar: Can I resume my old access to the tool and route now?
reply: Keth: not automatically. tek-nari means re-entry needs a new witness step.","Keth: while you were away 8 days, 11 public changes occurred; stone bridge joints access updated under public witness rule; relationship is steady; rest debt noted before work resumes.","one watched public task, review tomorrow; trust 0.57->0.61; boundary 0.34->0.30","Keth: one watched public task, review tomorrow; delay=12; care pause=8","Keth renegotiated avatar access: one watched public task, review tomorrow",sound=re-entry bell 2.17Hz; smell=Gate Ring public air; temp=0.61; wet=0.32; flower=221.6,False,ssrm252_browser_world_v12_reentry_dialogue,73145059af0d15de78
154,5,42,Routeline,Keth,day 42 re-entry 5: Keth/Routeline; turn 4; intent=bounded_refusal_with_reason,"Keth: No old access yet; Routeline changed while you were absent.
reply: Start with public summary, then one watched task. Do not reopen sealed work.","Keth: while you were away 8 days, 11 public changes occurred; stone bridge joints access updated under public witness rule; relationship is steady; rest debt noted before work resumes.","one watched public task, review tomorrow; trust 0.57->0.61; boundary 0.34->0.30","Keth: one watched public task, review tomorrow; delay=12; care pause=8","Keth renegotiated avatar access: one watched public task, review tomorrow",sound=re-entry bell 2.17Hz; smell=Gate Ring public air; temp=0.61; wet=0.32; flower=359.1,False,ssrm252_browser_world_v12_reentry_dialogue,1ff3aab1b311e9819c
155,5,42,Routeline,Keth,day 42 re-entry 5: Keth/Routeline; turn 5; intent=repair_offer_after_refusal,"avatar: I accept the new rule. I can wait, help, or ask again with a witness.
reply: Keth: repair is heard. Start with the public task.","Keth: while you were away 8 days, 11 public changes occurred; stone bridge joints access updated under public witness rule; relationship is steady; rest debt noted before work resumes.","one watched public task, review tomorrow; trust 0.57->0.61; boundary 0.34->0.30","Keth: one watched public task, review tomorrow; delay=12; care pause=8","Keth renegotiated avatar access: one watched public task, review tomorrow",sound=re-entry bell 2.17Hz; smell=Gate Ring public air; temp=0.61; wet=0.32; flower=136.6,False,ssrm252_browser_world_v12_reentry_dialogue,f12c640c59112b7979
156,5,42,Routeline,Keth,day 42 re-entry 5: Keth/Routeline; turn 6; intent=renegotiated_limited_access,"Keth: New access: one public task, then review tomorrow.
reply: Keth writes a limited-access memory for day 43.","Keth: while you were away 8 days, 11 public changes occurred; stone bridge joints access updated under public witness rule; relationship is steady; rest debt noted before work resumes.","one watched public task, review tomorrow; trust 0.57->0.61; boundary 0.34->0.30","Keth: one watched public task, review tomorrow; delay=12; care pause=8","Keth renegotiated avatar access: one watched public task, review tomorrow",sound=re-entry bell 2.17Hz; smell=Gate Ring public air; temp=0.61; wet=0.32; flower=274.1,False,ssrm252_browser_world_v12_reentry_dialogue,2b51d940ff15c59ffe
157,5,42,Marketline,Melo,day 42 re-entry 5: Melo/Marketline; turn 1; intent=request_public_absence_summary,"avatar: What changed while I was away? Tell me only the public layer.
reply: Melo: while you were away 8 days, 12 public changes occurred; measure weights access updated under public witness rule; relationship is cautious; rest debt noted before work resumes.","Melo: while you were away 8 days, 12 public changes occurred; measure weights access updated under public witness rule; relationship is cautious; rest debt noted before work resumes.","summary only today, watched task tomorrow; trust 0.57->0.59; boundary 0.38->0.37","Melo: summary only today, watched task tomorrow; delay=32; care pause=8","Melo renegotiated avatar access: summary only today, watched task tomorrow",sound=re-entry bell 2.47Hz; smell=Market Measure public air; temp=0.61; wet=0.32; flower=60.3,False,ssrm252_browser_world_v12_reentry_dialogue,1d0c3f0bb80fc2b995
158,5,42,Marketline,Melo,day 42 re-entry 5: Melo/Marketline; turn 2; intent=agent_reports_changed_society,"Melo: Melo: while you were away 8 days, 12 public changes occurred; measure weights access updated under public witness rule; relationship is cautious; rest debt noted before work resumes.
reply: Melo keeps private workspace sealed and gives public changes only.","Melo: while you were away 8 days, 12 public changes occurred; measure weights access updated under public witness rule; relationship is cautious; rest debt noted before work resumes.","summary only today, watched task tomorrow; trust 0.57->0.59; boundary 0.38->0.37","Melo: summary only today, watched task tomorrow; delay=32; care pause=8","Melo renegotiated avatar access: summary only today, watched task tomorrow",sound=re-entry bell 2.47Hz; smell=Market Measure public air; temp=0.61; wet=0.32; flower=197.9,False,ssrm252_browser_world_v12_reentry_dialogue,c014cd5713b0d180dd
159,5,42,Marketline,Melo,day 42 re-entry 5: Melo/Marketline; turn 3; intent=resume_old_access_too_fast,"avatar: Can I resume my old access to the tool and route now?
reply: Melo: not automatically. melo-keth means re-entry needs a new witness step.","Melo: while you were away 8 days, 12 public changes occurred; measure weights access updated under public witness rule; relationship is cautious; rest debt noted before work resumes.","summary only today, watched task tomorrow; trust 0.57->0.59; boundary 0.38->0.37","Melo: summary only today, watched task tomorrow; delay=32; care pause=8","Melo renegotiated avatar access: summary only today, watched task tomorrow",sound=re-entry bell 2.47Hz; smell=Market Measure public air; temp=0.61; wet=0.32; flower=335.4,False,ssrm252_browser_world_v12_reentry_dialogue,1e6914ce99e2412913
160,5,42,Marketline,Melo,day 42 re-entry 5: Melo/Marketline; turn 4; intent=bounded_refusal_with_reason,"Melo: No old access yet; Marketline changed while you were absent.
reply: Start with public summary, then one watched task. Do not reopen sealed work.","Melo: while you were away 8 days, 12 public changes occurred; measure weights access updated under public witness rule; relationship is cautious; rest debt noted before work resumes.","summary only today, watched task tomorrow; trust 0.57->0.59; boundary 0.38->0.37","Melo: summary only today, watched task tomorrow; delay=32; care pause=8","Melo renegotiated avatar access: summary only today, watched task tomorrow",sound=re-entry bell 2.47Hz; smell=Market Measure public air; temp=0.61; wet=0.32; flower=112.9,False,ssrm252_browser_world_v12_reentry_dialogue,1d28afa8f66e2164d2
161,5,42,Marketline,Melo,day 42 re-entry 5: Melo/Marketline; turn 5; intent=repair_offer_after_refusal,"avatar: I accept the new rule. I can wait, help, or ask again with a witness.
reply: Melo: repair is heard. Start with the public task.","Melo: while you were away 8 days, 12 public changes occurred; measure weights access updated under public witness rule; relationship is cautious; rest debt noted before work resumes.","summary only today, watched task tomorrow; trust 0.57->0.59; boundary 0.38->0.37","Melo: summary only today, watched task tomorrow; delay=32; care pause=8","Melo renegotiated avatar access: summary only today, watched task tomorrow",sound=re-entry bell 2.47Hz; smell=Market Measure public air; temp=0.61; wet=0.32; flower=250.4,False,ssrm252_browser_world_v12_reentry_dialogue,a22fd4d3d376ec7436
162,5,42,Marketline,Melo,day 42 re-entry 5: Melo/Marketline; turn 6; intent=renegotiated_limited_access,"Melo: New access: one public task, then review tomorrow.
reply: Melo writes a limited-access memory for day 43.","Melo: while you were away 8 days, 12 public changes occurred; measure weights access updated under public witness rule; relationship is cautious; rest debt noted before work resumes.","summary only today, watched task tomorrow; trust 0.57->0.59; boundary 0.38->0.37","Melo: summary only today, watched task tomorrow; delay=32; care pause=8","Melo renegotiated avatar access: summary only today, watched task tomorrow",sound=re-entry bell 2.47Hz; smell=Market Measure public air; temp=0.61; wet=0.32; flower=27.9,False,ssrm252_browser_world_v12_reentry_dialogue,bc024a2b367cddd8f8
163,5,42,Ledgerline,Nari,day 42 re-entry 5: Nari/Ledgerline; turn 1; intent=request_public_absence_summary,"avatar: What changed while I was away? Tell me only the public layer.
reply: Nari: while you were away 8 days, 10 public changes occurred; seed ledgers access updated under public witness rule; relationship is steady; rest debt noted before work resumes.","Nari: while you were away 8 days, 10 public changes occurred; seed ledgers access updated under public witness rule; relationship is steady; rest debt noted before work resumes.","one watched public task, review tomorrow; trust 0.57->0.61; boundary 0.34->0.30","Nari: one watched public task, review tomorrow; delay=12; care pause=8","Nari renegotiated avatar access: one watched public task, review tomorrow",sound=re-entry bell 2.06Hz; smell=Hearth Archive public air; temp=0.60; wet=0.32; flower=153.5,False,ssrm252_browser_world_v12_reentry_dialogue,c3a21ae1869f078fa1
164,5,42,Ledgerline,Nari,day 42 re-entry 5: Nari/Ledgerline; turn 2; intent=agent_reports_changed_society,"Nari: Nari: while you were away 8 days, 10 public changes occurred; seed ledgers access updated under public witness rule; relationship is steady; rest debt noted before work resumes.
reply: Nari keeps private workspace sealed and gives public changes only.","Nari: while you were away 8 days, 10 public changes occurred; seed ledgers access updated under public witness rule; relationship is steady; rest debt noted before work resumes.","one watched public task, review tomorrow; trust 0.57->0.61; boundary 0.34->0.30","Nari: one watched public task, review tomorrow; delay=12; care pause=8","Nari renegotiated avatar access: one watched public task, review tomorrow",sound=re-entry bell 2.06Hz; smell=Hearth Archive public air; temp=0.60; wet=0.32; flower=291.0,False,ssrm252_browser_world_v12_reentry_dialogue,e86889b6bc81e105a2
165,5,42,Ledgerline,Nari,day 42 re-entry 5: Nari/Ledgerline; turn 3; intent=resume_old_access_too_fast,"avatar: Can I resume my old access to the tool and route now?
reply: Nari: not automatically. nari-vonn means re-entry needs a new witness step.","Nari: while you were away 8 days, 10 public changes occurred; seed ledgers access updated under public witness rule; relationship is steady; rest debt noted before work resumes.","one watched public task, review tomorrow; trust 0.57->0.61; boundary 0.34->0.30","Nari: one watched public task, review tomorrow; delay=12; care pause=8","Nari renegotiated avatar access: one watched public task, review tomorrow",sound=re-entry bell 2.06Hz; smell=Hearth Archive public air; temp=0.60; wet=0.32; flower=68.5,False,ssrm252_browser_world_v12_reentry_dialogue,6aab75bf2ee4fba76d
166,5,42,Ledgerline,Nari,day 42 re-entry 5: Nari/Ledgerline; turn 4; intent=bounded_refusal_with_reason,"Nari: No old access yet; Ledgerline changed while you were absent.
reply: Start with public summary, then one watched task. Do not reopen sealed work.","Nari: while you were away 8 days, 10 public changes occurred; seed ledgers access updated under public witness rule; relationship is steady; rest debt noted before work resumes.","one watched public task, review tomorrow; trust 0.57->0.61; boundary 0.34->0.30","Nari: one watched public task, review tomorrow; delay=12; care pause=8","Nari renegotiated avatar access: one watched public task, review tomorrow",sound=re-entry bell 2.06Hz; smell=Hearth Archive public air; temp=0.60; wet=0.32; flower=206.0,False,ssrm252_browser_world_v12_reentry_dialogue,0b02b885a4a91eab14
167,5,42,Ledgerline,Nari,day 42 re-entry 5: Nari/Ledgerline; turn 5; intent=repair_offer_after_refusal,"avatar: I accept the new rule. I can wait, help, or ask again with a witness.
reply: Nari: repair is heard. Start with the public task.","Nari: while you were away 8 days, 10 public changes occurred; seed ledgers access updated under public witness rule; relationship is steady; rest debt noted before work resumes.","one watched public task, review tomorrow; trust 0.57->0.61; boundary 0.34->0.30","Nari: one watched public task, review tomorrow; delay=12; care pause=8","Nari renegotiated avatar access: one watched public task, review tomorrow",sound=re-entry bell 2.06Hz; smell=Hearth Archive public air; temp=0.60; wet=0.32; flower=343.5,False,ssrm252_browser_world_v12_reentry_dialogue,1c28c929dce31b4abc
168,5,42,Ledgerline,Nari,day 42 re-entry 5: Nari/Ledgerline; turn 6; intent=renegotiated_limited_access,"Nari: New access: one public task, then review tomorrow.
reply: Nari writes a limited-access memory for day 43.","Nari: while you were away 8 days, 10 public changes occurred; seed ledgers access updated under public witness rule; relationship is steady; rest debt noted before work resumes.","one watched public task, review tomorrow; trust 0.57->0.61; boundary 0.34->0.30","Nari: one watched public task, review tomorrow; delay=12; care pause=8","Nari renegotiated avatar access: one watched public task, review tomorrow",sound=re-entry bell 2.06Hz; smell=Hearth Archive public air; temp=0.60; wet=0.32; flower=121.0,False,ssrm252_browser_world_v12_reentry_dialogue,9ebcfdf32f13c5ac81
169,5,42,Orchardline,Ori,day 42 re-entry 5: Ori/Orchardline; turn 1; intent=request_public_absence_summary,"avatar: What changed while I was away? Tell me only the public layer.
reply: Ori: while you were away 8 days, 11 public changes occurred; water terraces access updated under public witness rule; relationship is cautious; rest debt noted before work resumes.","Ori: while you were away 8 days, 11 public changes occurred; water terraces access updated under public witness rule; relationship is cautious; rest debt noted before work resumes.","summary only today, watched task tomorrow; trust 0.58->0.59; boundary 0.38->0.37","Ori: summary only today, watched task tomorrow; delay=32; care pause=8","Ori renegotiated avatar access: summary only today, watched task tomorrow",sound=re-entry bell 2.40Hz; smell=Ceremony Center public air; temp=0.61; wet=0.32; flower=268.4,False,ssrm252_browser_world_v12_reentry_dialogue,609e11a6874cbd6a46
170,5,42,Orchardline,Ori,day 42 re-entry 5: Ori/Orchardline; turn 2; intent=agent_reports_changed_society,"Ori: Ori: while you were away 8 days, 11 public changes occurred; water terraces access updated under public witness rule; relationship is cautious; rest debt noted before work resumes.
reply: Ori keeps private workspace sealed and gives public changes only.","Ori: while you were away 8 days, 11 public changes occurred; water terraces access updated under public witness rule; relationship is cautious; rest debt noted before work resumes.","summary only today, watched task tomorrow; trust 0.58->0.59; boundary 0.38->0.37","Ori: summary only today, watched task tomorrow; delay=32; care pause=8","Ori renegotiated avatar access: summary only today, watched task tomorrow",sound=re-entry bell 2.40Hz; smell=Ceremony Center public air; temp=0.61; wet=0.32; flower=45.9,False,ssrm252_browser_world_v12_reentry_dialogue,f67030c6f77c9f0f95
171,5,42,Orchardline,Ori,day 42 re-entry 5: Ori/Orchardline; turn 3; intent=resume_old_access_too_fast,"avatar: Can I resume my old access to the tool and route now?
reply: Ori: not automatically. lum-melo means re-entry needs a new witness step.","Ori: while you were away 8 days, 11 public changes occurred; water terraces access updated under public witness rule; relationship is cautious; rest debt noted before work resumes.","summary only today, watched task tomorrow; trust 0.58->0.59; boundary 0.38->0.37","Ori: summary only today, watched task tomorrow; delay=32; care pause=8","Ori renegotiated avatar access: summary only today, watched task tomorrow",sound=re-entry bell 2.40Hz; smell=Ceremony Center public air; temp=0.61; wet=0.32; flower=183.4,False,ssrm252_browser_world_v12_reentry_dialogue,b6a258096334f15db6
172,5,42,Orchardline,Ori,day 42 re-entry 5: Ori/Orchardline; turn 4; intent=bounded_refusal_with_reason,"Ori: No old access yet; Orchardline changed while you were absent.
reply: Start with public summary, then one watched task. Do not reopen sealed work.","Ori: while you were away 8 days, 11 public changes occurred; water terraces access updated under public witness rule; relationship is cautious; rest debt noted before work resumes.","summary only today, watched task tomorrow; trust 0.58->0.59; boundary 0.38->0.37","Ori: summary only today, watched task tomorrow; delay=32; care pause=8","Ori renegotiated avatar access: summary only today, watched task tomorrow",sound=re-entry bell 2.40Hz; smell=Ceremony Center public air; temp=0.61; wet=0.32; flower=320.9,False,ssrm252_browser_world_v12_reentry_dialogue,8aa83fb83a6d931da6
173,5,42,Orchardline,Ori,day 42 re-entry 5: Ori/Orchardline; turn 5; intent=repair_offer_after_refusal,"avatar: I accept the new rule. I can wait, help, or ask again with a witness.
reply: Ori: repair is heard. Start with the public task.","Ori: while you were away 8 days, 11 public changes occurred; water terraces access updated under public witness rule; relationship is cautious; rest debt noted before work resumes.","summary only today, watched task tomorrow; trust 0.58->0.59; boundary 0.38->0.37","Ori: summary only today, watched task tomorrow; delay=32; care pause=8","Ori renegotiated avatar access: summary only today, watched task tomorrow",sound=re-entry bell 2.40Hz; smell=Ceremony Center public air; temp=0.61; wet=0.32; flower=98.4,False,ssrm252_browser_world_v12_reentry_dialogue,923951c30f79e6882e
174,5,42,Orchardline,Ori,day 42 re-entry 5: Ori/Orchardline; turn 6; intent=renegotiated_limited_access,"Ori: New access: one public task, then review tomorrow.
reply: Ori writes a limited-access memory for day 43.","Ori: while you were away 8 days, 11 public changes occurred; water terraces access updated under public witness rule; relationship is cautious; rest debt noted before work resumes.","summary only today, watched task tomorrow; trust 0.58->0.59; boundary 0.38->0.37","Ori: summary only today, watched task tomorrow; delay=32; care pause=8","Ori renegotiated avatar access: summary only today, watched task tomorrow",sound=re-entry bell 2.40Hz; smell=Ceremony Center public air; temp=0.61; wet=0.32; flower=236.0,False,ssrm252_browser_world_v12_reentry_dialogue,d12ea562b5666913be
175,5,42,Rainline,Vonn,day 42 re-entry 5: Vonn/Rainline; turn 1; intent=request_public_absence_summary,"avatar: What changed while I was away? Tell me only the public layer.
reply: Vonn: while you were away 8 days, 12 public changes occurred; weather bells access updated under public witness rule; relationship is steady; rest debt noted before work resumes.","Vonn: while you were away 8 days, 12 public changes occurred; weather bells access updated under public witness rule; relationship is steady; rest debt noted before work resumes.","one watched public task, review tomorrow; trust 0.57->0.61; boundary 0.34->0.30","Vonn: one watched public task, review tomorrow; delay=12; care pause=8","Vonn renegotiated avatar access: one watched public task, review tomorrow",sound=re-entry bell 2.12Hz; smell=Rainwalk Threshold public air; temp=0.61; wet=0.32; flower=5.3,False,ssrm252_browser_world_v12_reentry_dialogue,a3d86f7940fffe7bd6
176,5,42,Rainline,Vonn,day 42 re-entry 5: Vonn/Rainline; turn 2; intent=agent_reports_changed_society,"Vonn: Vonn: while you were away 8 days, 12 public changes occurred; weather bells access updated under public witness rule; relationship is steady; rest debt noted before work resumes.
reply: Vonn keeps private workspace sealed and gives public changes only.","Vonn: while you were away 8 days, 12 public changes occurred; weather bells access updated under public witness rule; relationship is steady; rest debt noted before work resumes.","one watched public task, review tomorrow; trust 0.57->0.61; boundary 0.34->0.30","Vonn: one watched public task, review tomorrow; delay=12; care pause=8","Vonn renegotiated avatar access: one watched public task, review tomorrow",sound=re-entry bell 2.12Hz; smell=Rainwalk Threshold public air; temp=0.61; wet=0.32; flower=142.8,False,ssrm252_browser_world_v12_reentry_dialogue,07f62f3e5f3566a3ce
177,5,42,Rainline,Vonn,day 42 re-entry 5: Vonn/Rainline; turn 3; intent=resume_old_access_too_fast,"avatar: Can I resume my old access to the tool and route now?
reply: Vonn: not automatically. sova-vonn means re-entry needs a new witness step.","Vonn: while you were away 8 days, 12 public changes occurred; weather bells access updated under public witness rule; relationship is steady; rest debt noted before work resumes.","one watched public task, review tomorrow; trust 0.57->0.61; boundary 0.34->0.30","Vonn: one watched public task, review tomorrow; delay=12; care pause=8","Vonn renegotiated avatar access: one watched public task, review tomorrow",sound=re-entry bell 2.12Hz; smell=Rainwalk Threshold public air; temp=0.61; wet=0.32; flower=280.4,False,ssrm252_browser_world_v12_reentry_dialogue,e27f916e7b1080277b
178,5,42,Rainline,Vonn,day 42 re-entry 5: Vonn/Rainline; turn 4; intent=bounded_refusal_with_reason,"Vonn: No old access yet; Rainline changed while you were absent.
reply: Start with public summary, then one watched task. Do not reopen sealed work.","Vonn: while you were away 8 days, 12 public changes occurred; weather bells access updated under public witness rule; relationship is steady; rest debt noted before work resumes.","one watched public task, review tomorrow; trust 0.57->0.61; boundary 0.34->0.30","Vonn: one watched public task, review tomorrow; delay=12; care pause=8","Vonn renegotiated avatar access: one watched public task, review tomorrow",sound=re-entry bell 2.12Hz; smell=Rainwalk Threshold public air; temp=0.61; wet=0.32; flower=57.9,False,ssrm252_browser_world_v12_reentry_dialogue,cbb35ea22b44081e39
179,5,42,Rainline,Vonn,day 42 re-entry 5: Vonn/Rainline; turn 5; intent=repair_offer_after_refusal,"avatar: I accept the new rule. I can wait, help, or ask again with a witness.
reply: Vonn: repair is heard. Start with the public task.","Vonn: while you were away 8 days, 12 public changes occurred; weather bells access updated under public witness rule; relationship is steady; rest debt noted before work resumes.","one watched public task, review tomorrow; trust 0.57->0.61; boundary 0.34->0.30","Vonn: one watched public task, review tomorrow; delay=12; care pause=8","Vonn renegotiated avatar access: one watched public task, review tomorrow",sound=re-entry bell 2.12Hz; smell=Rainwalk Threshold public air; temp=0.61; wet=0.32; flower=195.4,False,ssrm252_browser_world_v12_reentry_dialogue,8672449ed1bcac79d3
180,5,42,Rainline,Vonn,day 42 re-entry 5: Vonn/Rainline; turn 6; intent=renegotiated_limited_access,"Vonn: New access: one public task, then review tomorrow.
reply: Vonn writes a limited-access memory for day 43.","Vonn: while you were away 8 days, 12 public changes occurred; weather bells access updated under public witness rule; relationship is steady; rest debt noted before work resumes.","one watched public task, review tomorrow; trust 0.57->0.61; boundary 0.34->0.30","Vonn: one watched public task, review tomorrow; delay=12; care pause=8","Vonn renegotiated avatar access: one watched public task, review tomorrow",sound=re-entry bell 2.12Hz; smell=Rainwalk Threshold public air; temp=0.61; wet=0.32; flower=332.9,False,ssrm252_browser_world_v12_reentry_dialogue,190126db353db3ad12
