plan_bias,tune_total_score,tune_maturation_score,tune_crisis_score,tune_resolved_rate,tune_coupled_response,tune_damage,selection_objective,selected
0.0,0.51872704,0.9975519999999999,0.0,0.08333333333333333,0.016025641025641028,1.3790173385172657,-0.014218068426974595,True
1.0,0.5070278720763486,0.9750536001468241,0.0,0.08333333333333333,0.021367521367521364,1.716013755909895,-0.12110256503747319,False
1.75,0.5134343955607094,0.9873738376167487,0.0,0.08333333333333333,0.02777777777777778,1.698472041320499,-0.10847086883698648,False
2.75,0.5135553576546349,0.9876064570281439,0.0,0.08333333333333333,0.02884615384615385,1.7008894965555823,-0.10863066271099431,False
4.0,0.5136852738314136,0.9878562958296414,0.0,0.08333333333333333,0.02991452991452992,1.6604751368469248,-0.09593464424388276,False
5.5,0.5134178140946736,0.9873419501820645,0.0,0.08333333333333333,0.035256410256410256,1.5884334236439805,-0.07210550594487136,False
7.0,0.5128822238467848,0.9863119689361245,0.0,0.08333333333333333,0.030982905982905984,1.589137498639378,-0.07461471854008966,False
9.0,0.52,1.0,0.0,0.08333333333333333,0.03739316239316239,1.535769029347683,-0.0507371190607151,False
11.0,0.52,1.0,0.0,0.16666666666666666,0.04594017094017094,1.5264443908881742,-0.014926907010042012,False
