policy_bias,tune_total_score,tune_maturation_score,tune_crisis_score,tune_resolved_rate,tune_env_response,tune_social_response,tune_coupled_response,tune_damage,selection_objective,selected
0.0,0.52,1.0,0.0,0.16666666666666666,0.18615392965696917,1.0,0.18615392965696917,1.6283117229704336,-0.016279298717756574,True
0.4,0.5196776000000001,0.9993799999999999,0.0,0.16666666666666666,0.16702127659574467,1.0,0.16702127659574467,1.7700311049423785,-0.09057774643173844,False
0.8,0.52,1.0,0.0,0.16666666666666666,0.1836029092488059,1.0,0.1836029092488059,1.7932503522633672,-0.07874393995709028,False
