examples,epochs,final_loss,target_mean,target_std,train_mae,positive_rate
120000,80,0.0007166634895838797,0.5604713559150696,1.554236650466919,0.03070034645497799,0.5292916666666667
