ablation,mean_total_score,total_loss,crisis_score_loss,resolved_rate_loss,env_response_loss,social_response_loss,coupled_response_loss,damage_increase
body,0.5092993297540502,0.009170865138466322,0.0,0.04999999999999999,-0.15320512820512822,0.024999999999999994,0.010256410256410258,0.02124237955089403
infrastructure,0.3308006941055631,0.18766950078695344,0.0,0.15,0.0641025641025641,0.2141025641025641,0.01730769230769231,0.0859817853750231
tools,0.5104523254413286,0.008017869451187987,0.0,0.15,0.3141025641025641,0.2019230769230769,0.01730769230769231,0.12284265620961299
social_culture,0.5182156201194313,0.00025457477308521437,0.0,0.15,0.3141025641025641,-0.7858974358974359,0.01730769230769231,0.10042270282926169
environment,0.5142563883508288,0.004213806541687792,0.0,0.15,-0.17243589743589738,0.16410256410256407,0.01730769230769231,0.11064218097284928
previous_action,0.518288342018397,0.00018185287411953688,0.0,-0.1,-0.07179487179487182,-0.017948717948717968,-0.06538461538461537,-0.20060343535663194
