source_policy,sequences,examples,mean_return,min_return,max_return,positive_return_rate,env_action_fraction,social_action_fraction,none_fraction,mean_sequence_length
balanced_strong_joint,19,25728,0.6418811915410512,-1.1206411034552324,2.5,0.47368421052631576,0.4481887437810945,0.23954446517412936,0.3122667910447761,1354.1052631578948
fixed_joint,19,24842,0.6433326946534684,-1.2323515326926406,2.5,0.47368421052631576,0.43080267289268176,0.18166814266162146,0.3875291844456968,1307.4736842105262
high_env_joint,19,25494,0.6460427454671284,-1.1840887957105473,2.5,0.47368421052631576,0.4949399858790304,0.1728642033419628,0.33219581077900684,1341.7894736842106
high_social_joint,19,23027,0.6408321758257745,-1.1395811031593897,2.5,0.47368421052631576,0.4343162374603726,0.26060711338863074,0.30507664915099664,1211.9473684210527
min_channel_planner,19,22855,0.6501437737018436,-1.1308140098806967,2.5,0.47368421052631576,0.42353970684751696,0.1982498359221177,0.37821045723036534,1202.8947368421052
return_selected,19,21438,-1.0590697139135212,-1.2676600573713181,0.22905761796490426,0.05263157894736842,0.9487358895419349,0.016559380539229406,0.03470472991883571,1128.3157894736842
