policy_bias,tune_total_score,tune_maturation_score,tune_crisis_score,tune_resolved_rate,tune_env_response,tune_social_response,tune_coupled_response,tune_damage,selection_objective,selected
0.0,0.52,1.0,0.0,0.0,0.16702127659574467,0.11486647850629614,0.0,2.564162800819049,-0.5709320962620956,True
0.2,0.51895780546709,0.9979957797444037,0.0,0.0,0.16702127659574467,0.08659357359965263,0.0,2.6248475210892517,-0.5908514601243574,False
0.4,0.5059683267139945,0.973016012911528,0.0,0.0,0.16702127659574467,0.08679982631350412,0.0,2.555219123469665,-0.5748053226875754,False
0.7,0.49561885711222187,0.9531131867542728,0.0,0.0,0.16702127659574467,0.07701910551454624,0.0,2.646858570326386,-0.609097691090577,False
1.0,0.5032498151469521,0.967788106051831,0.0,0.0,0.16702127659574467,0.17948871037776815,0.0,2.66029569729322,-0.6097347118632934,False
