ablation,mean_total_score,total_loss,crisis_score_loss,resolved_rate_loss,env_response_loss,social_response_loss,coupled_response_loss,damage_increase
body,0.6747770198045769,0.008543405794783743,0.02534165096135471,0.0,0.02324113229336544,0.004124739293558055,0.03387641861641433,0.027730145882987833
infrastructure,0.6985625131385026,-0.015242087539141913,-0.118531423036571,-0.05555555555555558,-0.026376523866989077,-0.04594819090395352,-0.09414682347619452,-0.1340958404303867
tools,0.6611080610670205,0.022212364532340212,0.0004976792035645272,0.0,0.012169855067653779,-0.0258192566451525,-0.029665665787478646,0.03464931215802247
social_culture,0.49005493333333333,0.19326549226602735,0.3477937755542235,0.6555555555555556,0.3587031469768193,0.850336717331374,0.5648851585626797,1.2251621878161334
environment,0.52,0.16332042559936066,0.3477937755542235,0.6555555555555556,0.6448451802458346,-0.004414508722583754,0.5648851585626797,0.9218883527735594
previous_action,0.6838611907706419,-0.00054076517128121,-0.0006788163290580851,0.0,-0.004683197306568632,-0.002830856334041121,-0.006671242377784048,0.008072477463997418
