plan_bias,tune_total_score,tune_maturation_score,tune_crisis_score,tune_resolved_rate,tune_coupled_response,tune_damage,selection_objective,selected
0.0,0.51872704,0.9975519999999999,0.0,0.08333333333333333,0.03311965811965812,1.0533372072962783,0.2585025284961301,False
1.0,0.559812054581359,0.9913708619820111,0.09229001323065254,0.3333333333333333,0.24893162393162394,0.5820407436389171,0.49247614224923675,False
1.75,0.6046859400397095,0.9871289615703013,0.1903726667149019,0.4166666666666667,0.3311965811965812,0.5663345053566906,0.5781376725872763,False
2.75,0.6472616856957821,0.9907986589562898,0.27509663133023216,0.5,0.3621794871794872,0.5033258640870047,0.6657540982623462,False
4.0,0.6625173413264052,0.9894768894226985,0.3083111642220872,0.5,0.42628205128205127,0.49267628293078874,0.6968085429654015,True
5.5,0.6630602268691029,1.0,0.29804213931063106,0.5,0.4198717948717949,0.51407984616987,0.6892329493767477,False
7.0,0.6553867062219257,0.9877644326464817,0.29531083592865665,0.5,0.39636752136752135,0.49563204386684195,0.6832787526341323,False
