policy_bias,tune_total_score,tune_maturation_score,tune_crisis_score,tune_resolved_rate,tune_env_response,tune_social_response,tune_coupled_response,tune_damage,selection_objective,selected
0.0,0.49861397485714287,0.9588730285714286,0.0,0.0,0.09948979591836735,0.0,0.0,2.7556118691657896,-0.6424610902016241,False
0.2,0.5023122742857142,0.9659851428571429,0.0,0.0,0.09948979591836735,0.0,0.0,2.755945467457038,-0.6407926579291094,True
0.4,0.52,1.0,0.0,0.0,0.09948979591836735,0.0,0.0,2.783219057203658,-0.6410300983051707,False
0.7,0.5100553979070133,0.9808757652057947,0.0,0.0,0.09948979591836735,0.0,0.0,2.87670294497286,-0.6757183513959488,False
1.0,0.5110422720000001,0.9827736,0.0,0.0,0.09948979591836735,0.0,0.0,2.7726986491334062,-0.64196327716269,False
