plan_bias,tune_total_score,tune_maturation_score,tune_crisis_score,tune_resolved_rate,tune_coupled_response,tune_damage,selection_objective,selected
0.0,0.51872704,0.9975519999999999,0.0,0.08333333333333333,0.014957264957264958,1.2669184163118021,0.20097355090423058,False
1.0,0.5132120897082451,0.9869463263620096,0.0,0.25,0.14316239316239318,1.4471017046550125,0.18271350974580508,False
1.75,0.5134678515627841,0.9874381760822769,0.0,0.25,0.14957264957264957,1.4036551167410547,0.1949705126631014,False
2.75,0.5136842255911714,0.987854279983022,0.0,0.25,0.16452991452991453,1.3650598102723084,0.20686696551866185,True
4.0,0.5137382240788421,0.9879581232285423,0.0,0.25,0.15384615384615385,1.4039108409665089,0.1956444823506267,False
5.5,0.5140898959950105,0.9886344153750201,0.0,0.25,0.16452991452991453,1.4316585302210136,0.18995696873583762,False
7.0,0.5136757489131273,0.987837978679091,0.0,0.25,0.1591880341880342,1.396341276539756,0.19813770077347448,False
9.0,0.5117424034952854,0.9841200067217027,0.0,0.25,0.1420940170940171,1.4184295573605,0.18858106046189732,False
11.0,0.5136263636929317,0.9877430071017916,0.0,0.25,0.14316239316239315,1.3763120908295658,0.20153308332510783,False
