planner,base_target,pressure_weight,imbalance_weight,starvation_weight,max_target,strength,tune_total_score,tune_maturation_score,tune_crisis_score,tune_resolved_rate,tune_env_response,tune_social_response,tune_coupled_response,tune_damage,selection_objective,selected
conservative_min,0.08,0.08,0.34,0.18,0.22,0.82,0.4967244370011784,0.9552393019253431,0.0,0.45,0.3885529743812418,1.0,0.3885529743812418,1.435816767666111,0.46718169285818056,False
balanced_min,0.1,0.1,0.46,0.24,0.28,0.96,0.49672167761839103,0.9552339954199827,0.0,0.3666666666666667,0.39174446374294397,1.0,0.39174446374294397,1.4434695870157683,0.40962811035328595,False
urgent_min,0.12,0.14,0.58,0.3,0.34,1.1,0.49731513511990105,0.9552032611876831,0.001269665213137143,0.45,0.39068063395570995,1.0,0.39068063395570995,1.3325435200907885,0.5062944489645781,True
env_social_guard,0.13,0.1,0.62,0.28,0.32,1.04,0.49671554207768354,0.9552221963032376,0.0,0.3666666666666667,0.3800423360833695,1.0,0.3800423360833695,1.4810705743716568,0.3844366969844094,False
high_pressure_guard,0.14,0.16,0.68,0.36,0.38,1.18,0.4994158066726467,0.9552190740567178,0.00562893367323624,0.3666666666666667,0.3779146765089014,1.0,0.3779146765089014,1.4186957630220909,0.4111604984689628,False
