tick_id,day,settlement_id,resident_id,relationship,queue_pressure,trust_repair_need,gaze,posture,gesture,movement_speed,expression_reason,visible_body_language,matches_state,not_private_workspace_dump
0,1,orchard,Mara,0.58,0.38,0.08,ambient-scan,neutral,small work motion,0.61,routine local activity,True,True,True
1,1,repair_ring,Juno,0.58,0.38,0.08,tracks-avatar,attentive,turns shoulders,0.66,avatar nearby,True,True,True
2,1,riverbend,Lio,0.64,0.38,0.08,ambient-scan,neutral,small work motion,0.61,routine local activity,True,True,True
3,1,roofward,Fay,0.64,0.38,0.08,ambient-scan,neutral,small work motion,0.61,routine local activity,True,True,True
4,1,archive,Toma,0.58,0.38,0.08,tracks-avatar,attentive,turns shoulders,0.66,avatar nearby,True,True,True
5,1,signal,Milo,0.58,0.38,0.08,ambient-scan,neutral,small work motion,0.61,routine local activity,True,True,True
6,1,orchard,Mara,0.581,0.379,0.08,ambient-scan,neutral,small work motion,0.61,routine local activity,True,True,True
7,1,repair_ring,Juno,0.58,0.386,0.08,ambient-scan,neutral,small work motion,0.61,routine local activity,True,True,True
8,1,riverbend,Lio,0.64,0.38,0.08,ambient-scan,neutral,small work motion,0.61,routine local activity,True,True,True
9,1,roofward,Fay,0.641,0.379,0.08,ambient-scan,neutral,small work motion,0.61,routine local activity,True,True,True
10,1,archive,Toma,0.58,0.386,0.08,ambient-scan,neutral,small work motion,0.61,routine local activity,True,True,True
11,1,signal,Milo,0.594,0.38,0.0596,ambient-scan,neutral,small work motion,0.61,routine local activity,True,True,True
12,1,orchard,Mara,0.591,0.375,0.08,ambient-scan,neutral,small work motion,0.61,routine local activity,True,True,True
13,1,repair_ring,Juno,0.596,0.376,0.049,ambient-scan,neutral,small work motion,0.61,routine local activity,True,True,True
14,1,riverbend,Lio,0.654,0.38,0.0596,ambient-scan,neutral,small work motion,0.61,routine local activity,True,True,True
15,1,roofward,Fay,0.651,0.375,0.08,ambient-scan,neutral,small work motion,0.61,routine local activity,True,True,True
16,1,archive,Toma,0.596,0.376,0.049,ambient-scan,neutral,small work motion,0.61,routine local activity,True,True,True
17,1,signal,Milo,0.6,0.37,0.0456,tracks-avatar,attentive,turns shoulders,0.66,avatar nearby,True,True,True
18,2,repair_ring,Juno,0.596,0.376,0.049,tracks-avatar,attentive,turns shoulders,0.66,avatar nearby,True,True,True
19,2,riverbend,Lio,0.66,0.37,0.0456,ambient-scan,neutral,small work motion,0.61,routine local activity,True,True,True
20,2,roofward,Fay,0.652,0.374,0.08,ambient-scan,neutral,small work motion,0.61,routine local activity,True,True,True
21,2,archive,Toma,0.596,0.376,0.049,tracks-avatar,attentive,turns shoulders,0.66,avatar nearby,True,True,True
22,2,signal,Milo,0.6,0.376,0.0456,ambient-scan,neutral,small work motion,0.61,routine local activity,True,True,True
23,2,orchard,Mara,0.592,0.374,0.08,ambient-scan,neutral,small work motion,0.61,routine local activity,True,True,True
24,2,repair_ring,Juno,0.596,0.382,0.049,ambient-scan,neutral,small work motion,0.61,routine local activity,True,True,True
25,2,riverbend,Lio,0.66,0.37,0.0456,ambient-scan,neutral,small work motion,0.61,routine local activity,True,True,True
26,2,roofward,Fay,0.652,0.374,0.08,ambient-scan,neutral,small work motion,0.61,routine local activity,True,True,True
27,2,archive,Toma,0.596,0.382,0.049,ambient-scan,neutral,small work motion,0.61,routine local activity,True,True,True
28,2,signal,Milo,0.614,0.376,0.0252,ambient-scan,neutral,small work motion,0.61,routine local activity,True,True,True
29,2,orchard,Mara,0.602,0.37,0.08,ambient-scan,neutral,small work motion,0.61,routine local activity,True,True,True
30,2,repair_ring,Juno,0.612,0.372,0.018,ambient-scan,neutral,small work motion,0.61,routine local activity,True,True,True
31,2,riverbend,Lio,0.674,0.37,0.0252,ambient-scan,neutral,small work motion,0.61,routine local activity,True,True,True
32,2,roofward,Fay,0.662,0.37,0.08,ambient-scan,neutral,small work motion,0.61,routine local activity,True,True,True
33,2,archive,Toma,0.612,0.372,0.018,ambient-scan,neutral,small work motion,0.61,routine local activity,True,True,True
34,2,signal,Milo,0.62,0.366,0.0112,tracks-avatar,attentive,turns shoulders,0.66,avatar nearby,True,True,True
35,2,orchard,Mara,0.602,0.37,0.08,ambient-scan,neutral,small work motion,0.61,routine local activity,True,True,True
36,3,riverbend,Lio,0.68,0.36,0.0112,ambient-scan,neutral,small work motion,0.61,routine local activity,True,True,True
37,3,roofward,Fay,0.662,0.37,0.08,ambient-scan,neutral,small work motion,0.61,routine local activity,True,True,True
38,3,archive,Toma,0.613,0.371,0.018,tracks-avatar,attentive,turns shoulders,0.66,avatar nearby,True,True,True
39,3,signal,Milo,0.62,0.372,0.0112,ambient-scan,neutral,small work motion,0.61,routine local activity,True,True,True
40,3,orchard,Mara,0.616,0.37,0.0596,ambient-scan,neutral,small work motion,0.61,routine local activity,True,True,True
41,3,repair_ring,Juno,0.613,0.371,0.018,ambient-scan,neutral,small work motion,0.61,routine local activity,True,True,True
42,3,riverbend,Lio,0.684,0.359,0.0112,ambient-scan,neutral,small work motion,0.61,routine local activity,True,True,True
43,3,roofward,Fay,0.662,0.37,0.08,ambient-scan,neutral,small work motion,0.61,routine local activity,True,True,True
44,3,archive,Toma,0.616,0.377,0.018,ambient-scan,neutral,small work motion,0.61,routine local activity,True,True,True
45,3,signal,Milo,0.622,0.372,0.0112,ambient-scan,neutral,small work motion,0.61,routine local activity,True,True,True
46,3,orchard,Mara,0.629,0.366,0.0596,ambient-scan,neutral,small work motion,0.61,routine local activity,True,True,True
47,3,repair_ring,Juno,0.637,0.361,0.0,ambient-scan,neutral,small work motion,0.61,routine local activity,True,True,True
48,3,riverbend,Lio,0.689,0.359,0.0112,soft-eye-contact,open,small beckon,0.76,trusted familiar action,True,True,True
49,3,roofward,Fay,0.672,0.366,0.08,ambient-scan,neutral,small work motion,0.61,routine local activity,True,True,True
50,3,archive,Toma,0.64,0.367,0.0,ambient-scan,neutral,small work motion,0.61,routine local activity,True,True,True
51,3,signal,Milo,0.636,0.362,0.0,tracks-avatar,attentive,turns shoulders,0.66,avatar nearby,True,True,True
52,3,orchard,Mara,0.632,0.366,0.0596,ambient-scan,neutral,small work motion,0.61,routine local activity,True,True,True
53,3,repair_ring,Juno,0.637,0.361,0.0,ambient-scan,neutral,small work motion,0.61,routine local activity,True,True,True
54,4,roofward,Fay,0.672,0.366,0.08,ambient-scan,neutral,small work motion,0.61,routine local activity,True,True,True
55,4,archive,Toma,0.643,0.367,0.0,tracks-avatar,attentive,turns shoulders,0.66,avatar nearby,True,True,True
56,4,signal,Milo,0.636,0.368,0.0,ambient-scan,neutral,small work motion,0.61,routine local activity,True,True,True
57,4,orchard,Mara,0.649,0.366,0.0392,ambient-scan,neutral,small work motion,0.61,routine local activity,True,True,True
58,4,repair_ring,Juno,0.647,0.357,0.0,ambient-scan,neutral,small work motion,0.61,routine local activity,True,True,True
59,4,riverbend,Lio,0.703,0.349,0.0,ambient-scan,neutral,small work motion,0.61,routine local activity,True,True,True
60,4,roofward,Fay,0.676,0.365,0.08,ambient-scan,neutral,small work motion,0.61,routine local activity,True,True,True
61,4,archive,Toma,0.643,0.373,0.0,ambient-scan,neutral,small work motion,0.61,routine local activity,True,True,True
62,4,signal,Milo,0.641,0.368,0.0,ambient-scan,neutral,small work motion,0.61,routine local activity,True,True,True
63,4,orchard,Mara,0.659,0.362,0.0392,ambient-scan,neutral,small work motion,0.61,routine local activity,True,True,True
64,4,repair_ring,Juno,0.671,0.347,0.0,ambient-scan,neutral,small work motion,0.61,routine local activity,True,True,True
65,4,riverbend,Lio,0.705,0.349,0.0,soft-eye-contact,open,small beckon,0.76,trusted familiar action,True,True,True
66,4,roofward,Fay,0.689,0.361,0.08,ambient-scan,neutral,small work motion,0.61,routine local activity,True,True,True
67,4,archive,Toma,0.667,0.363,0.0,ambient-scan,neutral,small work motion,0.61,routine local activity,True,True,True
68,4,signal,Milo,0.655,0.358,0.0,tracks-avatar,attentive,turns shoulders,0.66,avatar nearby,True,True,True
69,4,orchard,Mara,0.66,0.361,0.0392,ambient-scan,neutral,small work motion,0.61,routine local activity,True,True,True
70,4,repair_ring,Juno,0.674,0.347,0.0,ambient-scan,neutral,small work motion,0.61,routine local activity,True,True,True
71,4,riverbend,Lio,0.719,0.339,0.0,tracks-avatar,attentive,turns shoulders,0.66,avatar nearby,True,True,True
72,5,archive,Toma,0.667,0.363,0.0,tracks-avatar,attentive,turns shoulders,0.66,avatar nearby,True,True,True
73,5,signal,Milo,0.658,0.364,0.0,ambient-scan,neutral,small work motion,0.61,routine local activity,True,True,True
74,5,orchard,Mara,0.674,0.361,0.0188,ambient-scan,neutral,small work motion,0.61,routine local activity,True,True,True
75,5,repair_ring,Juno,0.687,0.343,0.0,soft-eye-contact,open,small beckon,0.76,trusted familiar action,True,True,True
76,5,riverbend,Lio,0.719,0.345,0.0,ambient-scan,neutral,small work motion,0.61,routine local activity,True,True,True
77,5,roofward,Fay,0.693,0.36,0.08,ambient-scan,neutral,small work motion,0.61,routine local activity,True,True,True
78,5,archive,Toma,0.67,0.369,0.0,ambient-scan,neutral,small work motion,0.61,routine local activity,True,True,True
79,5,signal,Milo,0.66,0.364,0.0,ambient-scan,neutral,small work motion,0.61,routine local activity,True,True,True
80,5,orchard,Mara,0.687,0.357,0.0188,ambient-scan,neutral,small work motion,0.61,routine local activity,True,True,True
81,5,repair_ring,Juno,0.711,0.333,0.0,ambient-scan,neutral,small work motion,0.61,routine local activity,True,True,True
82,5,riverbend,Lio,0.724,0.345,0.0,soft-eye-contact,open,small beckon,0.76,trusted familiar action,True,True,True
83,5,roofward,Fay,0.703,0.356,0.08,ambient-scan,neutral,small work motion,0.61,routine local activity,True,True,True
84,5,archive,Toma,0.694,0.359,0.0,ambient-scan,neutral,small work motion,0.61,routine local activity,True,True,True
85,5,signal,Milo,0.674,0.354,0.0,tracks-avatar,attentive,turns shoulders,0.66,avatar nearby,True,True,True
86,5,orchard,Mara,0.69,0.357,0.0188,ambient-scan,neutral,small work motion,0.61,routine local activity,True,True,True
87,5,repair_ring,Juno,0.712,0.332,0.0,ambient-scan,neutral,small work motion,0.61,routine local activity,True,True,True
88,5,riverbend,Lio,0.738,0.335,0.0,tracks-avatar,attentive,turns shoulders,0.66,avatar nearby,True,True,True
89,5,roofward,Fay,0.703,0.356,0.08,ambient-scan,neutral,small work motion,0.61,routine local activity,True,True,True
90,6,signal,Milo,0.674,0.36,0.0,ambient-scan,neutral,small work motion,0.61,routine local activity,True,True,True
91,6,orchard,Mara,0.695,0.357,0.0188,ambient-scan,neutral,small work motion,0.61,routine local activity,True,True,True
92,6,repair_ring,Juno,0.722,0.328,0.0,soft-eye-contact,open,small beckon,0.76,trusted familiar action,True,True,True
93,6,riverbend,Lio,0.741,0.341,0.0,ambient-scan,neutral,small work motion,0.61,routine local activity,True,True,True
94,6,roofward,Fay,0.717,0.356,0.0596,ambient-scan,neutral,small work motion,0.61,routine local activity,True,True,True
95,6,archive,Toma,0.698,0.358,0.0,soft-eye-contact,open,small beckon,0.76,trusted familiar action,True,True,True
96,6,signal,Milo,0.679,0.36,0.0,ambient-scan,neutral,small work motion,0.61,routine local activity,True,True,True
97,6,orchard,Mara,0.705,0.353,0.0188,ambient-scan,neutral,small work motion,0.61,routine local activity,True,True,True
98,6,repair_ring,Juno,0.746,0.318,0.0,ambient-scan,neutral,small work motion,0.61,routine local activity,True,True,True
99,6,riverbend,Lio,0.743,0.341,0.0,soft-eye-contact,open,small beckon,0.76,trusted familiar action,True,True,True
100,6,roofward,Fay,0.73,0.352,0.0596,ambient-scan,neutral,small work motion,0.61,routine local activity,True,True,True
101,6,archive,Toma,0.722,0.348,0.0,ambient-scan,neutral,small work motion,0.61,routine local activity,True,True,True
102,6,signal,Milo,0.693,0.35,0.0,tracks-avatar,attentive,turns shoulders,0.66,avatar nearby,True,True,True
103,6,orchard,Mara,0.705,0.353,0.0188,ambient-scan,neutral,small work motion,0.61,routine local activity,True,True,True
104,6,repair_ring,Juno,0.749,0.318,0.0,ambient-scan,neutral,small work motion,0.61,routine local activity,True,True,True
105,6,riverbend,Lio,0.757,0.331,0.0,tracks-avatar,attentive,turns shoulders,0.66,avatar nearby,True,True,True
106,6,roofward,Fay,0.733,0.352,0.0596,ambient-scan,neutral,small work motion,0.61,routine local activity,True,True,True
107,6,archive,Toma,0.722,0.348,0.0,ambient-scan,neutral,small work motion,0.61,routine local activity,True,True,True
108,7,orchard,Mara,0.707,0.353,0.0188,ambient-scan,neutral,small work motion,0.61,routine local activity,True,True,True
109,7,repair_ring,Juno,0.762,0.314,0.0,soft-eye-contact,open,small beckon,0.76,trusted familiar action,True,True,True
110,7,riverbend,Lio,0.757,0.337,0.0,ambient-scan,neutral,small work motion,0.61,routine local activity,True,True,True
111,7,roofward,Fay,0.75,0.352,0.0392,ambient-scan,neutral,small work motion,0.61,routine local activity,True,True,True
112,7,archive,Toma,0.732,0.344,0.0,soft-eye-contact,open,small beckon,0.76,trusted familiar action,True,True,True
113,7,signal,Milo,0.696,0.356,0.0,soft-eye-contact,open,small beckon,0.76,trusted familiar action,True,True,True
114,7,orchard,Mara,0.72,0.349,0.0188,ambient-scan,neutral,small work motion,0.61,routine local activity,True,True,True
115,7,repair_ring,Juno,0.786,0.304,0.0,ambient-scan,neutral,small work motion,0.61,routine local activity,True,True,True
116,7,riverbend,Lio,0.762,0.337,0.0,soft-eye-contact,open,small beckon,0.76,trusted familiar action,True,True,True
117,7,roofward,Fay,0.76,0.348,0.0392,ambient-scan,neutral,small work motion,0.61,routine local activity,True,True,True
118,7,archive,Toma,0.756,0.334,0.0,ambient-scan,neutral,small work motion,0.61,routine local activity,True,True,True
119,7,signal,Milo,0.71,0.346,0.0,tracks-avatar,attentive,turns shoulders,0.66,avatar nearby,True,True,True
120,7,orchard,Mara,0.724,0.348,0.0188,ambient-scan,neutral,small work motion,0.61,routine local activity,True,True,True
121,7,repair_ring,Juno,0.786,0.304,0.0,ambient-scan,neutral,small work motion,0.61,routine local activity,True,True,True
122,7,riverbend,Lio,0.776,0.327,0.0,tracks-avatar,attentive,turns shoulders,0.66,avatar nearby,True,True,True
123,7,roofward,Fay,0.761,0.347,0.0392,ambient-scan,neutral,small work motion,0.61,routine local activity,True,True,True
124,7,archive,Toma,0.759,0.334,0.0,ambient-scan,neutral,small work motion,0.61,routine local activity,True,True,True
125,7,signal,Milo,0.71,0.352,0.0,soft-eye-contact,open,small beckon,0.76,trusted familiar action,True,True,True
126,8,repair_ring,Juno,0.796,0.3,0.0,soft-eye-contact,open,small beckon,0.76,trusted familiar action,True,True,True
127,8,riverbend,Lio,0.779,0.333,0.0,ambient-scan,neutral,small work motion,0.61,routine local activity,True,True,True
128,8,roofward,Fay,0.775,0.347,0.0188,ambient-scan,neutral,small work motion,0.61,routine local activity,True,True,True
129,8,archive,Toma,0.772,0.33,0.0,soft-eye-contact,open,small beckon,0.76,trusted familiar action,True,True,True
130,8,signal,Milo,0.734,0.342,0.0,soft-eye-contact,open,small beckon,0.76,trusted familiar action,True,True,True
131,8,orchard,Mara,0.729,0.348,0.0188,ambient-scan,neutral,small work motion,0.61,routine local activity,True,True,True
132,8,repair_ring,Juno,0.82,0.29,0.0,ambient-scan,neutral,small work motion,0.61,routine local activity,True,True,True
133,8,riverbend,Lio,0.781,0.333,0.0,soft-eye-contact,open,small beckon,0.76,trusted familiar action,True,True,True
134,8,roofward,Fay,0.788,0.343,0.0188,ambient-scan,neutral,small work motion,0.61,routine local activity,True,True,True
135,8,archive,Toma,0.796,0.32,0.0,ambient-scan,neutral,small work motion,0.61,routine local activity,True,True,True
136,8,signal,Milo,0.748,0.332,0.0,tracks-avatar,attentive,turns shoulders,0.66,avatar nearby,True,True,True
137,8,orchard,Mara,0.729,0.348,0.0188,ambient-scan,neutral,small work motion,0.61,routine local activity,True,True,True
138,8,repair_ring,Juno,0.824,0.289,0.0,ambient-scan,neutral,small work motion,0.61,routine local activity,True,True,True
139,8,riverbend,Lio,0.795,0.323,0.0,tracks-avatar,attentive,turns shoulders,0.66,avatar nearby,True,True,True
140,8,roofward,Fay,0.791,0.343,0.0188,ambient-scan,neutral,small work motion,0.61,routine local activity,True,True,True
141,8,archive,Toma,0.797,0.319,0.0,ambient-scan,neutral,small work motion,0.61,routine local activity,True,True,True
142,8,signal,Milo,0.751,0.338,0.0,soft-eye-contact,open,small beckon,0.76,trusted familiar action,True,True,True
143,8,orchard,Mara,0.731,0.348,0.0188,soft-eye-contact,open,small beckon,0.76,trusted familiar action,True,True,True
144,9,riverbend,Lio,0.795,0.329,0.0,ambient-scan,neutral,small work motion,0.61,routine local activity,True,True,True
145,9,roofward,Fay,0.796,0.343,0.0188,ambient-scan,neutral,small work motion,0.61,routine local activity,True,True,True
146,9,archive,Toma,0.807,0.315,0.0,soft-eye-contact,open,small beckon,0.76,trusted familiar action,True,True,True
147,9,signal,Milo,0.775,0.328,0.0,soft-eye-contact,open,small beckon,0.76,trusted familiar action,True,True,True
148,9,orchard,Mara,0.745,0.338,0.0048,ambient-scan,neutral,small work motion,0.61,routine local activity,True,True,True
149,9,repair_ring,Juno,0.837,0.285,0.0,ambient-scan,neutral,small work motion,0.61,routine local activity,True,True,True
150,9,riverbend,Lio,0.8,0.329,0.0,soft-eye-contact,open,small beckon,0.76,trusted familiar action,True,True,True
151,9,roofward,Fay,0.806,0.339,0.0188,ambient-scan,neutral,small work motion,0.61,routine local activity,True,True,True
152,9,archive,Toma,0.831,0.305,0.0,ambient-scan,neutral,small work motion,0.61,routine local activity,True,True,True
153,9,signal,Milo,0.789,0.318,0.0,tracks-avatar,attentive,turns shoulders,0.66,avatar nearby,True,True,True
154,9,orchard,Mara,0.748,0.338,0.0048,ambient-scan,neutral,small work motion,0.61,routine local activity,True,True,True
155,9,repair_ring,Juno,0.837,0.285,0.0,ambient-scan,neutral,small work motion,0.61,routine local activity,True,True,True
156,9,riverbend,Lio,0.814,0.319,0.0,tracks-avatar,attentive,turns shoulders,0.66,avatar nearby,True,True,True
157,9,roofward,Fay,0.806,0.339,0.0188,ambient-scan,neutral,small work motion,0.61,routine local activity,True,True,True
158,9,archive,Toma,0.834,0.305,0.0,ambient-scan,neutral,small work motion,0.61,routine local activity,True,True,True
159,9,signal,Milo,0.789,0.324,0.0,soft-eye-contact,open,small beckon,0.76,trusted familiar action,True,True,True
160,9,orchard,Mara,0.753,0.338,0.0048,soft-eye-contact,open,small beckon,0.76,trusted familiar action,True,True,True
161,9,repair_ring,Juno,0.847,0.281,0.0,ambient-scan,neutral,small work motion,0.61,routine local activity,True,True,True
162,10,roofward,Fay,0.808,0.339,0.0188,ambient-scan,neutral,small work motion,0.61,routine local activity,True,True,True
163,10,archive,Toma,0.847,0.301,0.0,soft-eye-contact,open,small beckon,0.76,trusted familiar action,True,True,True
164,10,signal,Milo,0.813,0.314,0.0,soft-eye-contact,open,small beckon,0.76,trusted familiar action,True,True,True
165,10,orchard,Mara,0.767,0.328,0.0,ambient-scan,neutral,small work motion,0.61,routine local activity,True,True,True
166,10,repair_ring,Juno,0.847,0.281,0.0,ambient-scan,neutral,small work motion,0.61,routine local activity,True,True,True
167,10,riverbend,Lio,0.817,0.325,0.0,soft-eye-contact,open,small beckon,0.76,trusted familiar action,True,True,True
168,10,roofward,Fay,0.821,0.335,0.0188,ambient-scan,neutral,small work motion,0.61,routine local activity,True,True,True
169,10,archive,Toma,0.871,0.291,0.0,ambient-scan,neutral,small work motion,0.61,routine local activity,True,True,True
170,10,signal,Milo,0.827,0.304,0.0,tracks-avatar,attentive,turns shoulders,0.66,avatar nearby,True,True,True
171,10,orchard,Mara,0.768,0.327,0.0,ambient-scan,neutral,small work motion,0.61,routine local activity,True,True,True
172,10,repair_ring,Juno,0.85,0.281,0.0,ambient-scan,neutral,small work motion,0.61,routine local activity,True,True,True
173,10,riverbend,Lio,0.831,0.315,0.0,tracks-avatar,attentive,turns shoulders,0.66,avatar nearby,True,True,True
174,10,roofward,Fay,0.825,0.334,0.0188,ambient-scan,neutral,small work motion,0.61,routine local activity,True,True,True
175,10,archive,Toma,0.871,0.291,0.0,ambient-scan,neutral,small work motion,0.61,routine local activity,True,True,True
176,10,signal,Milo,0.83,0.31,0.0,soft-eye-contact,open,small beckon,0.76,trusted familiar action,True,True,True
177,10,orchard,Mara,0.77,0.327,0.0,soft-eye-contact,open,small beckon,0.76,trusted familiar action,True,True,True
178,10,repair_ring,Juno,0.863,0.277,0.0,ambient-scan,neutral,small work motion,0.61,routine local activity,True,True,True
179,10,riverbend,Lio,0.831,0.321,0.0,soft-eye-contact,open,small beckon,0.76,trusted familiar action,True,True,True
180,11,archive,Toma,0.881,0.287,0.0,soft-eye-contact,open,small beckon,0.76,trusted familiar action,True,True,True
181,11,signal,Milo,0.854,0.3,0.0,soft-eye-contact,open,small beckon,0.76,trusted familiar action,True,True,True
182,11,orchard,Mara,0.784,0.317,0.0,ambient-scan,neutral,small work motion,0.61,routine local activity,True,True,True
183,11,repair_ring,Juno,0.866,0.277,0.0,ambient-scan,neutral,small work motion,0.61,routine local activity,True,True,True
184,11,riverbend,Lio,0.855,0.311,0.0,soft-eye-contact,open,small beckon,0.76,trusted familiar action,True,True,True
185,11,roofward,Fay,0.83,0.334,0.0188,ambient-scan,neutral,small work motion,0.61,routine local activity,True,True,True
186,11,archive,Toma,0.905,0.277,0.0,ambient-scan,neutral,small work motion,0.61,routine local activity,True,True,True
187,11,signal,Milo,0.868,0.29,0.0,tracks-avatar,attentive,turns shoulders,0.66,avatar nearby,True,True,True
188,11,orchard,Mara,0.787,0.317,0.0,ambient-scan,neutral,small work motion,0.61,routine local activity,True,True,True
189,11,repair_ring,Juno,0.867,0.276,0.0,ambient-scan,neutral,small work motion,0.61,routine local activity,True,True,True
190,11,riverbend,Lio,0.869,0.301,0.0,tracks-avatar,attentive,turns shoulders,0.66,avatar nearby,True,True,True
191,11,roofward,Fay,0.83,0.334,0.0188,ambient-scan,neutral,small work motion,0.61,routine local activity,True,True,True
192,11,archive,Toma,0.909,0.276,0.0,ambient-scan,neutral,small work motion,0.61,routine local activity,True,True,True
193,11,signal,Milo,0.868,0.296,0.0,soft-eye-contact,open,small beckon,0.76,trusted familiar action,True,True,True
194,11,orchard,Mara,0.792,0.317,0.0,soft-eye-contact,open,small beckon,0.76,trusted familiar action,True,True,True
195,11,repair_ring,Juno,0.877,0.272,0.0,ambient-scan,neutral,small work motion,0.61,routine local activity,True,True,True
196,11,riverbend,Lio,0.872,0.307,0.0,soft-eye-contact,open,small beckon,0.76,trusted familiar action,True,True,True
197,11,roofward,Fay,0.832,0.334,0.0188,soft-eye-contact,open,small beckon,0.76,trusted familiar action,True,True,True
198,12,signal,Milo,0.892,0.286,0.0,soft-eye-contact,open,small beckon,0.76,trusted familiar action,True,True,True
199,12,orchard,Mara,0.806,0.307,0.0,ambient-scan,neutral,small work motion,0.61,routine local activity,True,True,True
200,12,repair_ring,Juno,0.878,0.271,0.0,ambient-scan,neutral,small work motion,0.61,routine local activity,True,True,True
201,12,riverbend,Lio,0.896,0.297,0.0,soft-eye-contact,open,small beckon,0.76,trusted familiar action,True,True,True
202,12,roofward,Fay,0.846,0.324,0.0048,ambient-scan,neutral,small work motion,0.61,routine local activity,True,True,True
203,12,archive,Toma,0.922,0.272,0.0,ambient-scan,neutral,small work motion,0.61,routine local activity,True,True,True
204,12,signal,Milo,0.906,0.276,0.0,tracks-avatar,attentive,turns shoulders,0.66,avatar nearby,True,True,True
205,12,orchard,Mara,0.806,0.307,0.0,ambient-scan,neutral,small work motion,0.61,routine local activity,True,True,True
206,12,repair_ring,Juno,0.881,0.271,0.0,ambient-scan,neutral,small work motion,0.61,routine local activity,True,True,True
207,12,riverbend,Lio,0.91,0.287,0.0,tracks-avatar,attentive,turns shoulders,0.66,avatar nearby,True,True,True
208,12,roofward,Fay,0.849,0.324,0.0048,ambient-scan,neutral,small work motion,0.61,routine local activity,True,True,True
209,12,archive,Toma,0.922,0.272,0.0,ambient-scan,neutral,small work motion,0.61,routine local activity,True,True,True
210,12,signal,Milo,0.909,0.282,0.0,soft-eye-contact,open,small beckon,0.76,trusted familiar action,True,True,True
211,12,orchard,Mara,0.808,0.307,0.0,soft-eye-contact,open,small beckon,0.76,trusted familiar action,True,True,True
212,12,repair_ring,Juno,0.894,0.267,0.0,ambient-scan,neutral,small work motion,0.61,routine local activity,True,True,True
213,12,riverbend,Lio,0.91,0.293,0.0,soft-eye-contact,open,small beckon,0.76,trusted familiar action,True,True,True
214,12,roofward,Fay,0.854,0.324,0.0048,soft-eye-contact,open,small beckon,0.76,trusted familiar action,True,True,True
215,12,archive,Toma,0.932,0.268,0.0,ambient-scan,neutral,small work motion,0.61,routine local activity,True,True,True
216,13,orchard,Mara,0.822,0.297,0.0,ambient-scan,neutral,small work motion,0.61,routine local activity,True,True,True
217,13,repair_ring,Juno,0.897,0.267,0.0,ambient-scan,neutral,small work motion,0.61,routine local activity,True,True,True
218,13,riverbend,Lio,0.934,0.283,0.0,soft-eye-contact,open,small beckon,0.76,trusted familiar action,True,True,True
219,13,roofward,Fay,0.868,0.314,0.0,ambient-scan,neutral,small work motion,0.61,routine local activity,True,True,True
220,13,archive,Toma,0.932,0.268,0.0,ambient-scan,neutral,small work motion,0.61,routine local activity,True,True,True
221,13,signal,Milo,0.933,0.272,0.0,tracks-avatar,attentive,turns shoulders,0.66,avatar nearby,True,True,True
222,13,orchard,Mara,0.826,0.296,0.0,ambient-scan,neutral,small work motion,0.61,routine local activity,True,True,True
223,13,repair_ring,Juno,0.897,0.267,0.0,ambient-scan,neutral,small work motion,0.61,routine local activity,True,True,True
224,13,riverbend,Lio,0.948,0.273,0.0,tracks-avatar,attentive,turns shoulders,0.66,avatar nearby,True,True,True
225,13,roofward,Fay,0.869,0.313,0.0,ambient-scan,neutral,small work motion,0.61,routine local activity,True,True,True
226,13,archive,Toma,0.935,0.268,0.0,ambient-scan,neutral,small work motion,0.61,routine local activity,True,True,True
227,13,signal,Milo,0.933,0.278,0.0,soft-eye-contact,open,small beckon,0.76,trusted familiar action,True,True,True
228,13,orchard,Mara,0.831,0.296,0.0,soft-eye-contact,open,small beckon,0.76,trusted familiar action,True,True,True
229,13,repair_ring,Juno,0.907,0.263,0.0,ambient-scan,neutral,small work motion,0.61,routine local activity,True,True,True
230,13,riverbend,Lio,0.951,0.279,0.0,soft-eye-contact,open,small beckon,0.76,trusted familiar action,True,True,True
231,13,roofward,Fay,0.871,0.313,0.0,soft-eye-contact,open,small beckon,0.76,trusted familiar action,True,True,True
232,13,archive,Toma,0.948,0.264,0.0,ambient-scan,neutral,small work motion,0.61,routine local activity,True,True,True
233,13,signal,Milo,0.957,0.268,0.0,ambient-scan,neutral,small work motion,0.61,routine local activity,True,True,True
234,14,repair_ring,Juno,0.907,0.263,0.0,ambient-scan,neutral,small work motion,0.61,routine local activity,True,True,True
235,14,riverbend,Lio,0.975,0.269,0.0,soft-eye-contact,open,small beckon,0.76,trusted familiar action,True,True,True
236,14,roofward,Fay,0.885,0.303,0.0,ambient-scan,neutral,small work motion,0.61,routine local activity,True,True,True
237,14,archive,Toma,0.951,0.264,0.0,ambient-scan,neutral,small work motion,0.61,routine local activity,True,True,True
238,14,signal,Milo,0.957,0.268,0.0,tracks-avatar,attentive,turns shoulders,0.66,avatar nearby,True,True,True
239,14,orchard,Mara,0.845,0.286,0.0,ambient-scan,neutral,small work motion,0.61,routine local activity,True,True,True
240,14,repair_ring,Juno,0.911,0.262,0.0,ambient-scan,neutral,small work motion,0.61,routine local activity,True,True,True
241,14,riverbend,Lio,0.98,0.259,0.0,tracks-avatar,attentive,turns shoulders,0.66,avatar nearby,True,True,True
242,14,roofward,Fay,0.888,0.303,0.0,ambient-scan,neutral,small work motion,0.61,routine local activity,True,True,True
243,14,archive,Toma,0.952,0.263,0.0,ambient-scan,neutral,small work motion,0.61,routine local activity,True,True,True
244,14,signal,Milo,0.96,0.274,0.0,soft-eye-contact,open,small beckon,0.76,trusted familiar action,True,True,True
245,14,orchard,Mara,0.847,0.286,0.0,soft-eye-contact,open,small beckon,0.76,trusted familiar action,True,True,True
246,14,repair_ring,Juno,0.924,0.258,0.0,ambient-scan,neutral,small work motion,0.61,routine local activity,True,True,True
247,14,riverbend,Lio,0.98,0.265,0.0,soft-eye-contact,open,small beckon,0.76,trusted familiar action,True,True,True
248,14,roofward,Fay,0.893,0.303,0.0,soft-eye-contact,open,small beckon,0.76,trusted familiar action,True,True,True
249,14,archive,Toma,0.962,0.259,0.0,ambient-scan,neutral,small work motion,0.61,routine local activity,True,True,True
250,14,signal,Milo,0.98,0.264,0.0,ambient-scan,neutral,small work motion,0.61,routine local activity,True,True,True
251,14,orchard,Mara,0.861,0.276,0.0,tracks-avatar,attentive,turns shoulders,0.66,avatar nearby,True,True,True
252,15,riverbend,Lio,0.98,0.255,0.0,soft-eye-contact,open,small beckon,0.76,trusted familiar action,True,True,True
253,15,roofward,Fay,0.907,0.293,0.0,ambient-scan,neutral,small work motion,0.61,routine local activity,True,True,True
254,15,archive,Toma,0.963,0.258,0.0,ambient-scan,neutral,small work motion,0.61,routine local activity,True,True,True
255,15,signal,Milo,0.98,0.264,0.0,tracks-avatar,attentive,turns shoulders,0.66,avatar nearby,True,True,True
256,15,orchard,Mara,0.861,0.282,0.0,ambient-scan,neutral,small work motion,0.61,routine local activity,True,True,True
257,15,repair_ring,Juno,0.928,0.257,0.0,ambient-scan,neutral,small work motion,0.61,routine local activity,True,True,True
258,15,riverbend,Lio,0.98,0.245,0.0,tracks-avatar,attentive,turns shoulders,0.66,avatar nearby,True,True,True
259,15,roofward,Fay,0.907,0.293,0.0,ambient-scan,neutral,small work motion,0.61,routine local activity,True,True,True
260,15,archive,Toma,0.966,0.258,0.0,ambient-scan,neutral,small work motion,0.61,routine local activity,True,True,True
261,15,signal,Milo,0.98,0.27,0.0,soft-eye-contact,open,small beckon,0.76,trusted familiar action,True,True,True
262,15,orchard,Mara,0.866,0.282,0.0,soft-eye-contact,open,small beckon,0.76,trusted familiar action,True,True,True
263,15,repair_ring,Juno,0.938,0.253,0.0,ambient-scan,neutral,small work motion,0.61,routine local activity,True,True,True
264,15,riverbend,Lio,0.98,0.251,0.0,soft-eye-contact,open,small beckon,0.76,trusted familiar action,True,True,True
265,15,roofward,Fay,0.909,0.293,0.0,soft-eye-contact,open,small beckon,0.76,trusted familiar action,True,True,True
266,15,archive,Toma,0.979,0.254,0.0,ambient-scan,neutral,small work motion,0.61,routine local activity,True,True,True
267,15,signal,Milo,0.98,0.26,0.0,ambient-scan,neutral,small work motion,0.61,routine local activity,True,True,True
268,15,orchard,Mara,0.88,0.272,0.0,tracks-avatar,attentive,turns shoulders,0.66,avatar nearby,True,True,True
269,15,repair_ring,Juno,0.938,0.253,0.0,ambient-scan,neutral,small work motion,0.61,routine local activity,True,True,True
270,16,roofward,Fay,0.923,0.283,0.0,ambient-scan,neutral,small work motion,0.61,routine local activity,True,True,True
271,16,archive,Toma,0.98,0.254,0.0,ambient-scan,neutral,small work motion,0.61,routine local activity,True,True,True
272,16,signal,Milo,0.98,0.259,0.0,tracks-avatar,attentive,turns shoulders,0.66,avatar nearby,True,True,True
273,16,orchard,Mara,0.883,0.278,0.0,ambient-scan,neutral,small work motion,0.61,routine local activity,True,True,True
274,16,repair_ring,Juno,0.94,0.253,0.0,ambient-scan,neutral,small work motion,0.61,routine local activity,True,True,True
275,16,riverbend,Lio,0.98,0.241,0.0,tracks-avatar,attentive,turns shoulders,0.66,avatar nearby,True,True,True
276,16,roofward,Fay,0.927,0.282,0.0,ambient-scan,neutral,small work motion,0.61,routine local activity,True,True,True
277,16,archive,Toma,0.98,0.254,0.0,ambient-scan,neutral,small work motion,0.61,routine local activity,True,True,True
278,16,signal,Milo,0.98,0.265,0.0,soft-eye-contact,open,small beckon,0.76,trusted familiar action,True,True,True
279,16,orchard,Mara,0.885,0.278,0.0,soft-eye-contact,open,small beckon,0.76,trusted familiar action,True,True,True
280,16,repair_ring,Juno,0.953,0.249,0.0,ambient-scan,neutral,small work motion,0.61,routine local activity,True,True,True
281,16,riverbend,Lio,0.98,0.247,0.0,soft-eye-contact,open,small beckon,0.76,trusted familiar action,True,True,True
282,16,roofward,Fay,0.932,0.282,0.0,soft-eye-contact,open,small beckon,0.76,trusted familiar action,True,True,True
283,16,archive,Toma,0.98,0.25,0.0,ambient-scan,neutral,small work motion,0.61,routine local activity,True,True,True
284,16,signal,Milo,0.98,0.255,0.0,ambient-scan,neutral,small work motion,0.61,routine local activity,True,True,True
285,16,orchard,Mara,0.899,0.268,0.0,tracks-avatar,attentive,turns shoulders,0.66,avatar nearby,True,True,True
286,16,repair_ring,Juno,0.956,0.249,0.0,ambient-scan,neutral,small work motion,0.61,routine local activity,True,True,True
287,16,riverbend,Lio,0.98,0.237,0.0,ambient-scan,neutral,small work motion,0.61,routine local activity,True,True,True
288,17,archive,Toma,0.98,0.25,0.0,ambient-scan,neutral,small work motion,0.61,routine local activity,True,True,True
289,17,signal,Milo,0.98,0.255,0.0,tracks-avatar,attentive,turns shoulders,0.66,avatar nearby,True,True,True
290,17,orchard,Mara,0.899,0.274,0.0,ambient-scan,neutral,small work motion,0.61,routine local activity,True,True,True
291,17,repair_ring,Juno,0.961,0.249,0.0,ambient-scan,neutral,small work motion,0.61,routine local activity,True,True,True
292,17,riverbend,Lio,0.98,0.237,0.0,tracks-avatar,attentive,turns shoulders,0.66,avatar nearby,True,True,True
293,17,roofward,Fay,0.946,0.272,0.0,ambient-scan,neutral,small work motion,0.61,routine local activity,True,True,True
294,17,archive,Toma,0.98,0.249,0.0,ambient-scan,neutral,small work motion,0.61,routine local activity,True,True,True
295,17,signal,Milo,0.98,0.261,0.0,soft-eye-contact,open,small beckon,0.76,trusted familiar action,True,True,True
296,17,orchard,Mara,0.904,0.274,0.0,soft-eye-contact,open,small beckon,0.76,trusted familiar action,True,True,True
297,17,repair_ring,Juno,0.971,0.245,0.0,ambient-scan,neutral,small work motion,0.61,routine local activity,True,True,True
298,17,riverbend,Lio,0.98,0.243,0.0,soft-eye-contact,open,small beckon,0.76,trusted familiar action,True,True,True
299,17,roofward,Fay,0.948,0.272,0.0,soft-eye-contact,open,small beckon,0.76,trusted familiar action,True,True,True
300,17,archive,Toma,0.98,0.245,0.0,ambient-scan,neutral,small work motion,0.61,routine local activity,True,True,True
301,17,signal,Milo,0.98,0.251,0.0,ambient-scan,neutral,small work motion,0.61,routine local activity,True,True,True
302,17,orchard,Mara,0.918,0.264,0.0,tracks-avatar,attentive,turns shoulders,0.66,avatar nearby,True,True,True
303,17,repair_ring,Juno,0.972,0.244,0.0,ambient-scan,neutral,small work motion,0.61,routine local activity,True,True,True
304,17,riverbend,Lio,0.98,0.233,0.0,ambient-scan,neutral,small work motion,0.61,routine local activity,True,True,True
305,17,roofward,Fay,0.962,0.262,0.0,tracks-avatar,attentive,turns shoulders,0.66,avatar nearby,True,True,True
306,18,signal,Milo,0.98,0.251,0.0,tracks-avatar,attentive,turns shoulders,0.66,avatar nearby,True,True,True
307,18,orchard,Mara,0.921,0.27,0.0,ambient-scan,neutral,small work motion,0.61,routine local activity,True,True,True
308,18,repair_ring,Juno,0.974,0.244,0.0,ambient-scan,neutral,small work motion,0.61,routine local activity,True,True,True
309,18,riverbend,Lio,0.98,0.233,0.0,tracks-avatar,attentive,turns shoulders,0.66,avatar nearby,True,True,True
310,18,roofward,Fay,0.962,0.268,0.0,ambient-scan,neutral,small work motion,0.61,routine local activity,True,True,True
311,18,archive,Toma,0.98,0.244,0.0,ambient-scan,neutral,small work motion,0.61,routine local activity,True,True,True
312,18,signal,Milo,0.98,0.257,0.0,soft-eye-contact,open,small beckon,0.76,trusted familiar action,True,True,True
313,18,orchard,Mara,0.923,0.27,0.0,soft-eye-contact,open,small beckon,0.76,trusted familiar action,True,True,True
314,18,repair_ring,Juno,0.98,0.24,0.0,ambient-scan,neutral,small work motion,0.61,routine local activity,True,True,True
315,18,riverbend,Lio,0.98,0.239,0.0,soft-eye-contact,open,small beckon,0.76,trusted familiar action,True,True,True
316,18,roofward,Fay,0.967,0.268,0.0,soft-eye-contact,open,small beckon,0.76,trusted familiar action,True,True,True
317,18,archive,Toma,0.98,0.24,0.0,ambient-scan,neutral,small work motion,0.61,routine local activity,True,True,True
318,18,signal,Milo,0.98,0.247,0.0,ambient-scan,neutral,small work motion,0.61,routine local activity,True,True,True
319,18,orchard,Mara,0.937,0.26,0.0,tracks-avatar,attentive,turns shoulders,0.66,avatar nearby,True,True,True
320,18,repair_ring,Juno,0.98,0.24,0.0,ambient-scan,neutral,small work motion,0.61,routine local activity,True,True,True
321,18,riverbend,Lio,0.98,0.229,0.0,ambient-scan,neutral,small work motion,0.61,routine local activity,True,True,True
322,18,roofward,Fay,0.98,0.258,0.0,tracks-avatar,attentive,turns shoulders,0.66,avatar nearby,True,True,True
323,18,archive,Toma,0.98,0.24,0.0,ambient-scan,neutral,small work motion,0.61,routine local activity,True,True,True
324,19,orchard,Mara,0.937,0.266,0.0,ambient-scan,neutral,small work motion,0.61,routine local activity,True,True,True
325,19,repair_ring,Juno,0.98,0.246,0.0,ambient-scan,neutral,small work motion,0.61,routine local activity,True,True,True
326,19,riverbend,Lio,0.98,0.228,0.0,tracks-avatar,attentive,turns shoulders,0.66,avatar nearby,True,True,True
327,19,roofward,Fay,0.98,0.264,0.0,ambient-scan,neutral,small work motion,0.61,routine local activity,True,True,True
328,19,archive,Toma,0.98,0.246,0.0,ambient-scan,neutral,small work motion,0.61,routine local activity,True,True,True
329,19,signal,Milo,0.98,0.246,0.0,soft-eye-contact,open,small beckon,0.76,trusted familiar action,True,True,True
330,19,orchard,Mara,0.942,0.266,0.0,soft-eye-contact,open,small beckon,0.76,trusted familiar action,True,True,True
331,19,repair_ring,Juno,0.98,0.242,0.0,ambient-scan,neutral,small work motion,0.61,routine local activity,True,True,True
332,19,riverbend,Lio,0.98,0.234,0.0,soft-eye-contact,open,small beckon,0.76,trusted familiar action,True,True,True
333,19,roofward,Fay,0.98,0.27,0.0,soft-eye-contact,open,small beckon,0.76,trusted familiar action,True,True,True
334,19,archive,Toma,0.98,0.242,0.0,ambient-scan,neutral,small work motion,0.61,routine local activity,True,True,True
335,19,signal,Milo,0.98,0.236,0.0,ambient-scan,neutral,small work motion,0.61,routine local activity,True,True,True
336,19,orchard,Mara,0.956,0.256,0.0,tracks-avatar,attentive,turns shoulders,0.66,avatar nearby,True,True,True
337,19,repair_ring,Juno,0.98,0.242,0.0,ambient-scan,neutral,small work motion,0.61,routine local activity,True,True,True
338,19,riverbend,Lio,0.98,0.224,0.0,ambient-scan,neutral,small work motion,0.61,routine local activity,True,True,True
339,19,roofward,Fay,0.98,0.26,0.0,tracks-avatar,attentive,turns shoulders,0.66,avatar nearby,True,True,True
340,19,archive,Toma,0.98,0.242,0.0,ambient-scan,neutral,small work motion,0.61,routine local activity,True,True,True
341,19,signal,Milo,0.98,0.236,0.0,ambient-scan,neutral,small work motion,0.61,routine local activity,True,True,True
342,20,repair_ring,Juno,0.98,0.248,0.0,ambient-scan,neutral,small work motion,0.61,routine local activity,True,True,True
343,20,riverbend,Lio,0.98,0.224,0.0,tracks-avatar,attentive,turns shoulders,0.66,avatar nearby,True,True,True
344,20,roofward,Fay,0.98,0.266,0.0,ambient-scan,neutral,small work motion,0.61,routine local activity,True,True,True
345,20,archive,Toma,0.98,0.248,0.0,ambient-scan,neutral,small work motion,0.61,routine local activity,True,True,True
346,20,signal,Milo,0.98,0.232,0.0,soft-eye-contact,open,small beckon,0.76,trusted familiar action,True,True,True
347,20,orchard,Mara,0.959,0.262,0.0,soft-eye-contact,open,small beckon,0.76,trusted familiar action,True,True,True
348,20,repair_ring,Juno,0.98,0.244,0.0,ambient-scan,neutral,small work motion,0.61,routine local activity,True,True,True
349,20,riverbend,Lio,0.98,0.23,0.0,soft-eye-contact,open,small beckon,0.76,trusted familiar action,True,True,True
350,20,roofward,Fay,0.98,0.272,0.0,soft-eye-contact,open,small beckon,0.76,trusted familiar action,True,True,True
351,20,archive,Toma,0.98,0.244,0.0,ambient-scan,neutral,small work motion,0.61,routine local activity,True,True,True
352,20,signal,Milo,0.98,0.222,0.0,ambient-scan,neutral,small work motion,0.61,routine local activity,True,True,True
353,20,orchard,Mara,0.973,0.252,0.0,tracks-avatar,attentive,turns shoulders,0.66,avatar nearby,True,True,True
354,20,repair_ring,Juno,0.98,0.243,0.0,ambient-scan,neutral,small work motion,0.61,routine local activity,True,True,True
355,20,riverbend,Lio,0.98,0.22,0.0,ambient-scan,neutral,small work motion,0.61,routine local activity,True,True,True
356,20,roofward,Fay,0.98,0.262,0.0,tracks-avatar,attentive,turns shoulders,0.66,avatar nearby,True,True,True
357,20,archive,Toma,0.98,0.243,0.0,ambient-scan,neutral,small work motion,0.61,routine local activity,True,True,True
358,20,signal,Milo,0.98,0.222,0.0,ambient-scan,neutral,small work motion,0.61,routine local activity,True,True,True
359,20,orchard,Mara,0.973,0.258,0.0,soft-eye-contact,open,small beckon,0.76,trusted familiar action,True,True,True
360,21,riverbend,Lio,0.98,0.22,0.0,tracks-avatar,attentive,turns shoulders,0.66,avatar nearby,True,True,True
361,21,roofward,Fay,0.98,0.268,0.0,ambient-scan,neutral,small work motion,0.61,routine local activity,True,True,True
362,21,archive,Toma,0.98,0.249,0.0,ambient-scan,neutral,small work motion,0.61,routine local activity,True,True,True
363,21,signal,Milo,0.98,0.218,0.0,soft-eye-contact,open,small beckon,0.76,trusted familiar action,True,True,True
364,21,orchard,Mara,0.98,0.248,0.0,soft-eye-contact,open,small beckon,0.76,trusted familiar action,True,True,True
365,21,repair_ring,Juno,0.98,0.249,0.0,ambient-scan,neutral,small work motion,0.61,routine local activity,True,True,True
366,21,riverbend,Lio,0.98,0.226,0.0,soft-eye-contact,open,small beckon,0.76,trusted familiar action,True,True,True
367,21,roofward,Fay,0.98,0.274,0.0,soft-eye-contact,open,small beckon,0.76,trusted familiar action,True,True,True
368,21,archive,Toma,0.98,0.245,0.0,ambient-scan,neutral,small work motion,0.61,routine local activity,True,True,True
369,21,signal,Milo,0.98,0.208,0.0,ambient-scan,neutral,small work motion,0.61,routine local activity,True,True,True
370,21,orchard,Mara,0.98,0.238,0.0,tracks-avatar,attentive,turns shoulders,0.66,avatar nearby,True,True,True
371,21,repair_ring,Juno,0.98,0.249,0.0,ambient-scan,neutral,small work motion,0.61,routine local activity,True,True,True
372,21,riverbend,Lio,0.98,0.216,0.0,ambient-scan,neutral,small work motion,0.61,routine local activity,True,True,True
373,21,roofward,Fay,0.98,0.264,0.0,tracks-avatar,attentive,turns shoulders,0.66,avatar nearby,True,True,True
374,21,archive,Toma,0.98,0.245,0.0,ambient-scan,neutral,small work motion,0.61,routine local activity,True,True,True
375,21,signal,Milo,0.98,0.207,0.0,ambient-scan,neutral,small work motion,0.61,routine local activity,True,True,True
376,21,orchard,Mara,0.98,0.244,0.0,soft-eye-contact,open,small beckon,0.76,trusted familiar action,True,True,True
377,21,repair_ring,Juno,0.98,0.255,0.0,soft-eye-contact,open,small beckon,0.76,trusted familiar action,True,True,True
378,22,roofward,Fay,0.98,0.27,0.0,ambient-scan,neutral,small work motion,0.61,routine local activity,True,True,True
379,22,archive,Toma,0.98,0.251,0.0,ambient-scan,neutral,small work motion,0.61,routine local activity,True,True,True
380,22,signal,Milo,0.98,0.203,0.0,soft-eye-contact,open,small beckon,0.76,trusted familiar action,True,True,True
381,22,orchard,Mara,0.98,0.234,0.0,soft-eye-contact,open,small beckon,0.76,trusted familiar action,True,True,True
382,22,repair_ring,Juno,0.98,0.245,0.0,ambient-scan,neutral,small work motion,0.61,routine local activity,True,True,True
383,22,riverbend,Lio,0.98,0.215,0.0,soft-eye-contact,open,small beckon,0.76,trusted familiar action,True,True,True
384,22,roofward,Fay,0.98,0.276,0.0,soft-eye-contact,open,small beckon,0.76,trusted familiar action,True,True,True
385,22,archive,Toma,0.98,0.247,0.0,ambient-scan,neutral,small work motion,0.61,routine local activity,True,True,True
386,22,signal,Milo,0.98,0.193,0.0,ambient-scan,neutral,small work motion,0.61,routine local activity,True,True,True
387,22,orchard,Mara,0.98,0.224,0.0,tracks-avatar,attentive,turns shoulders,0.66,avatar nearby,True,True,True
388,22,repair_ring,Juno,0.98,0.245,0.0,ambient-scan,neutral,small work motion,0.61,routine local activity,True,True,True
389,22,riverbend,Lio,0.98,0.205,0.0,ambient-scan,neutral,small work motion,0.61,routine local activity,True,True,True
390,22,roofward,Fay,0.98,0.266,0.0,tracks-avatar,attentive,turns shoulders,0.66,avatar nearby,True,True,True
391,22,archive,Toma,0.98,0.247,0.0,ambient-scan,neutral,small work motion,0.61,routine local activity,True,True,True
392,22,signal,Milo,0.98,0.193,0.0,ambient-scan,neutral,small work motion,0.61,routine local activity,True,True,True
393,22,orchard,Mara,0.98,0.23,0.0,soft-eye-contact,open,small beckon,0.76,trusted familiar action,True,True,True
394,22,repair_ring,Juno,0.98,0.251,0.0,soft-eye-contact,open,small beckon,0.76,trusted familiar action,True,True,True
395,22,riverbend,Lio,0.98,0.205,0.0,ambient-scan,neutral,small work motion,0.61,routine local activity,True,True,True
396,23,archive,Toma,0.98,0.253,0.0,ambient-scan,neutral,small work motion,0.61,routine local activity,True,True,True
397,23,signal,Milo,0.98,0.189,0.0,soft-eye-contact,open,small beckon,0.76,trusted familiar action,True,True,True
398,23,orchard,Mara,0.98,0.22,0.0,soft-eye-contact,open,small beckon,0.76,trusted familiar action,True,True,True
399,23,repair_ring,Juno,0.98,0.241,0.0,ambient-scan,neutral,small work motion,0.61,routine local activity,True,True,True
400,23,riverbend,Lio,0.98,0.201,0.0,soft-eye-contact,open,small beckon,0.76,trusted familiar action,True,True,True
401,23,roofward,Fay,0.98,0.272,0.0,soft-eye-contact,open,small beckon,0.76,trusted familiar action,True,True,True
402,23,archive,Toma,0.98,0.249,0.0,ambient-scan,neutral,small work motion,0.61,routine local activity,True,True,True
403,23,signal,Milo,0.98,0.179,0.0,ambient-scan,neutral,small work motion,0.61,routine local activity,True,True,True
404,23,orchard,Mara,0.98,0.21,0.0,tracks-avatar,attentive,turns shoulders,0.66,avatar nearby,True,True,True
405,23,repair_ring,Juno,0.98,0.24,0.0,ambient-scan,neutral,small work motion,0.61,routine local activity,True,True,True
406,23,riverbend,Lio,0.98,0.191,0.0,ambient-scan,neutral,small work motion,0.61,routine local activity,True,True,True
407,23,roofward,Fay,0.98,0.262,0.0,tracks-avatar,attentive,turns shoulders,0.66,avatar nearby,True,True,True
408,23,archive,Toma,0.98,0.248,0.0,ambient-scan,neutral,small work motion,0.61,routine local activity,True,True,True
409,23,signal,Milo,0.98,0.179,0.0,ambient-scan,neutral,small work motion,0.61,routine local activity,True,True,True
410,23,orchard,Mara,0.98,0.216,0.0,soft-eye-contact,open,small beckon,0.76,trusted familiar action,True,True,True
411,23,repair_ring,Juno,0.98,0.246,0.0,soft-eye-contact,open,small beckon,0.76,trusted familiar action,True,True,True
412,23,riverbend,Lio,0.98,0.191,0.0,ambient-scan,neutral,small work motion,0.61,routine local activity,True,True,True
413,23,roofward,Fay,0.98,0.268,0.0,soft-eye-contact,open,small beckon,0.76,trusted familiar action,True,True,True
414,24,signal,Milo,0.98,0.175,0.0,soft-eye-contact,open,small beckon,0.76,trusted familiar action,True,True,True
415,24,orchard,Mara,0.98,0.206,0.0,soft-eye-contact,open,small beckon,0.76,trusted familiar action,True,True,True
416,24,repair_ring,Juno,0.98,0.236,0.0,ambient-scan,neutral,small work motion,0.61,routine local activity,True,True,True
417,24,riverbend,Lio,0.98,0.187,0.0,soft-eye-contact,open,small beckon,0.76,trusted familiar action,True,True,True
418,24,roofward,Fay,0.98,0.258,0.0,soft-eye-contact,open,small beckon,0.76,trusted familiar action,True,True,True
419,24,archive,Toma,0.98,0.254,0.0,ambient-scan,neutral,small work motion,0.61,routine local activity,True,True,True
420,24,signal,Milo,0.98,0.165,0.0,ambient-scan,neutral,small work motion,0.61,routine local activity,True,True,True
421,24,orchard,Mara,0.98,0.196,0.0,tracks-avatar,attentive,turns shoulders,0.66,avatar nearby,True,True,True
422,24,repair_ring,Juno,0.98,0.236,0.0,ambient-scan,neutral,small work motion,0.61,routine local activity,True,True,True
423,24,riverbend,Lio,0.98,0.177,0.0,ambient-scan,neutral,small work motion,0.61,routine local activity,True,True,True
424,24,roofward,Fay,0.98,0.248,0.0,tracks-avatar,attentive,turns shoulders,0.66,avatar nearby,True,True,True
425,24,archive,Toma,0.98,0.254,0.0,ambient-scan,neutral,small work motion,0.61,routine local activity,True,True,True
426,24,signal,Milo,0.98,0.164,0.0,ambient-scan,neutral,small work motion,0.61,routine local activity,True,True,True
427,24,orchard,Mara,0.98,0.202,0.0,soft-eye-contact,open,small beckon,0.76,trusted familiar action,True,True,True
428,24,repair_ring,Juno,0.98,0.242,0.0,soft-eye-contact,open,small beckon,0.76,trusted familiar action,True,True,True
429,24,riverbend,Lio,0.98,0.176,0.0,ambient-scan,neutral,small work motion,0.61,routine local activity,True,True,True
430,24,roofward,Fay,0.98,0.254,0.0,soft-eye-contact,open,small beckon,0.76,trusted familiar action,True,True,True
431,24,archive,Toma,0.98,0.26,0.0,soft-eye-contact,open,small beckon,0.76,trusted familiar action,True,True,True
432,25,orchard,Mara,0.98,0.192,0.0,soft-eye-contact,open,small beckon,0.76,trusted familiar action,True,True,True
433,25,repair_ring,Juno,0.98,0.232,0.0,ambient-scan,neutral,small work motion,0.61,routine local activity,True,True,True
434,25,riverbend,Lio,0.98,0.172,0.0,soft-eye-contact,open,small beckon,0.76,trusted familiar action,True,True,True
435,25,roofward,Fay,0.98,0.244,0.0,soft-eye-contact,open,small beckon,0.76,trusted familiar action,True,True,True
436,25,archive,Toma,0.98,0.25,0.0,ambient-scan,neutral,small work motion,0.61,routine local activity,True,True,True
437,25,signal,Milo,0.98,0.16,0.0,ambient-scan,neutral,small work motion,0.61,routine local activity,True,True,True
438,25,orchard,Mara,0.98,0.182,0.0,tracks-avatar,attentive,turns shoulders,0.66,avatar nearby,True,True,True
439,25,repair_ring,Juno,0.98,0.232,0.0,ambient-scan,neutral,small work motion,0.61,routine local activity,True,True,True
440,25,riverbend,Lio,0.98,0.162,0.0,ambient-scan,neutral,small work motion,0.61,routine local activity,True,True,True
441,25,roofward,Fay,0.98,0.234,0.0,tracks-avatar,attentive,turns shoulders,0.66,avatar nearby,True,True,True
442,25,archive,Toma,0.98,0.25,0.0,ambient-scan,neutral,small work motion,0.61,routine local activity,True,True,True
443,25,signal,Milo,0.98,0.16,0.0,ambient-scan,neutral,small work motion,0.61,routine local activity,True,True,True
444,25,orchard,Mara,0.98,0.188,0.0,soft-eye-contact,open,small beckon,0.76,trusted familiar action,True,True,True
445,25,repair_ring,Juno,0.98,0.238,0.0,soft-eye-contact,open,small beckon,0.76,trusted familiar action,True,True,True
446,25,riverbend,Lio,0.98,0.162,0.0,ambient-scan,neutral,small work motion,0.61,routine local activity,True,True,True
447,25,roofward,Fay,0.98,0.24,0.0,soft-eye-contact,open,small beckon,0.76,trusted familiar action,True,True,True
448,25,archive,Toma,0.98,0.256,0.0,soft-eye-contact,open,small beckon,0.76,trusted familiar action,True,True,True
449,25,signal,Milo,0.98,0.156,0.0,ambient-scan,neutral,small work motion,0.61,routine local activity,True,True,True
450,26,repair_ring,Juno,0.98,0.228,0.0,ambient-scan,neutral,small work motion,0.61,routine local activity,True,True,True
451,26,riverbend,Lio,0.98,0.158,0.0,soft-eye-contact,open,small beckon,0.76,trusted familiar action,True,True,True
452,26,roofward,Fay,0.98,0.23,0.0,soft-eye-contact,open,small beckon,0.76,trusted familiar action,True,True,True
453,26,archive,Toma,0.98,0.246,0.0,ambient-scan,neutral,small work motion,0.61,routine local activity,True,True,True
454,26,signal,Milo,0.98,0.156,0.0,ambient-scan,neutral,small work motion,0.61,routine local activity,True,True,True
455,26,orchard,Mara,0.98,0.178,0.0,tracks-avatar,attentive,turns shoulders,0.66,avatar nearby,True,True,True
456,26,repair_ring,Juno,0.98,0.227,0.0,ambient-scan,neutral,small work motion,0.61,routine local activity,True,True,True
457,26,riverbend,Lio,0.98,0.148,0.0,ambient-scan,neutral,small work motion,0.61,routine local activity,True,True,True
458,26,roofward,Fay,0.98,0.22,0.0,tracks-avatar,attentive,turns shoulders,0.66,avatar nearby,True,True,True
459,26,archive,Toma,0.98,0.245,0.0,ambient-scan,neutral,small work motion,0.61,routine local activity,True,True,True
460,26,signal,Milo,0.98,0.156,0.0,ambient-scan,neutral,small work motion,0.61,routine local activity,True,True,True
461,26,orchard,Mara,0.98,0.184,0.0,soft-eye-contact,open,small beckon,0.76,trusted familiar action,True,True,True
462,26,repair_ring,Juno,0.98,0.233,0.0,soft-eye-contact,open,small beckon,0.76,trusted familiar action,True,True,True
463,26,riverbend,Lio,0.98,0.148,0.0,ambient-scan,neutral,small work motion,0.61,routine local activity,True,True,True
464,26,roofward,Fay,0.98,0.226,0.0,soft-eye-contact,open,small beckon,0.76,trusted familiar action,True,True,True
465,26,archive,Toma,0.98,0.251,0.0,soft-eye-contact,open,small beckon,0.76,trusted familiar action,True,True,True
466,26,signal,Milo,0.98,0.152,0.0,ambient-scan,neutral,small work motion,0.61,routine local activity,True,True,True
467,26,orchard,Mara,0.98,0.174,0.0,ambient-scan,neutral,small work motion,0.61,routine local activity,True,True,True
468,27,riverbend,Lio,0.98,0.144,0.0,soft-eye-contact,open,small beckon,0.76,trusted familiar action,True,True,True
469,27,roofward,Fay,0.98,0.216,0.0,soft-eye-contact,open,small beckon,0.76,trusted familiar action,True,True,True
470,27,archive,Toma,0.98,0.241,0.0,ambient-scan,neutral,small work motion,0.61,routine local activity,True,True,True
471,27,signal,Milo,0.98,0.152,0.0,ambient-scan,neutral,small work motion,0.61,routine local activity,True,True,True
472,27,orchard,Mara,0.98,0.174,0.0,tracks-avatar,attentive,turns shoulders,0.66,avatar nearby,True,True,True
473,27,repair_ring,Juno,0.98,0.223,0.0,ambient-scan,neutral,small work motion,0.61,routine local activity,True,True,True
474,27,riverbend,Lio,0.98,0.134,0.0,ambient-scan,neutral,small work motion,0.61,routine local activity,True,True,True
475,27,roofward,Fay,0.98,0.206,0.0,tracks-avatar,attentive,turns shoulders,0.66,avatar nearby,True,True,True
476,27,archive,Toma,0.98,0.241,0.0,ambient-scan,neutral,small work motion,0.61,routine local activity,True,True,True
477,27,signal,Milo,0.98,0.151,0.0,ambient-scan,neutral,small work motion,0.61,routine local activity,True,True,True
478,27,orchard,Mara,0.98,0.18,0.0,soft-eye-contact,open,small beckon,0.76,trusted familiar action,True,True,True
479,27,repair_ring,Juno,0.98,0.229,0.0,soft-eye-contact,open,small beckon,0.76,trusted familiar action,True,True,True
480,27,riverbend,Lio,0.98,0.133,0.0,ambient-scan,neutral,small work motion,0.61,routine local activity,True,True,True
481,27,roofward,Fay,0.98,0.212,0.0,soft-eye-contact,open,small beckon,0.76,trusted familiar action,True,True,True
482,27,archive,Toma,0.98,0.247,0.0,soft-eye-contact,open,small beckon,0.76,trusted familiar action,True,True,True
483,27,signal,Milo,0.98,0.147,0.0,ambient-scan,neutral,small work motion,0.61,routine local activity,True,True,True
484,27,orchard,Mara,0.98,0.17,0.0,ambient-scan,neutral,small work motion,0.61,routine local activity,True,True,True
485,27,repair_ring,Juno,0.98,0.219,0.0,tracks-avatar,attentive,turns shoulders,0.66,avatar nearby,True,True,True
486,28,roofward,Fay,0.98,0.202,0.0,soft-eye-contact,open,small beckon,0.76,trusted familiar action,True,True,True
487,28,archive,Toma,0.98,0.237,0.0,ambient-scan,neutral,small work motion,0.61,routine local activity,True,True,True
488,28,signal,Milo,0.98,0.146,0.0,ambient-scan,neutral,small work motion,0.61,routine local activity,True,True,True
489,28,orchard,Mara,0.98,0.17,0.0,tracks-avatar,attentive,turns shoulders,0.66,avatar nearby,True,True,True
490,28,repair_ring,Juno,0.98,0.225,0.0,ambient-scan,neutral,small work motion,0.61,routine local activity,True,True,True
491,28,riverbend,Lio,0.98,0.129,0.0,ambient-scan,neutral,small work motion,0.61,routine local activity,True,True,True
492,28,roofward,Fay,0.98,0.192,0.0,tracks-avatar,attentive,turns shoulders,0.66,avatar nearby,True,True,True
493,28,archive,Toma,0.98,0.237,0.0,ambient-scan,neutral,small work motion,0.61,routine local activity,True,True,True
494,28,signal,Milo,0.98,0.146,0.0,ambient-scan,neutral,small work motion,0.61,routine local activity,True,True,True
495,28,orchard,Mara,0.98,0.176,0.0,soft-eye-contact,open,small beckon,0.76,trusted familiar action,True,True,True
496,28,repair_ring,Juno,0.98,0.231,0.0,soft-eye-contact,open,small beckon,0.76,trusted familiar action,True,True,True
497,28,riverbend,Lio,0.98,0.129,0.0,ambient-scan,neutral,small work motion,0.61,routine local activity,True,True,True
498,28,roofward,Fay,0.98,0.198,0.0,soft-eye-contact,open,small beckon,0.76,trusted familiar action,True,True,True
499,28,archive,Toma,0.98,0.243,0.0,soft-eye-contact,open,small beckon,0.76,trusted familiar action,True,True,True
500,28,signal,Milo,0.98,0.142,0.0,ambient-scan,neutral,small work motion,0.61,routine local activity,True,True,True
501,28,orchard,Mara,0.98,0.166,0.0,ambient-scan,neutral,small work motion,0.61,routine local activity,True,True,True
502,28,repair_ring,Juno,0.98,0.221,0.0,tracks-avatar,attentive,turns shoulders,0.66,avatar nearby,True,True,True
503,28,riverbend,Lio,0.98,0.125,0.0,ambient-scan,neutral,small work motion,0.61,routine local activity,True,True,True
504,29,archive,Toma,0.98,0.233,0.0,ambient-scan,neutral,small work motion,0.61,routine local activity,True,True,True
505,29,signal,Milo,0.98,0.142,0.0,ambient-scan,neutral,small work motion,0.61,routine local activity,True,True,True
506,29,orchard,Mara,0.98,0.165,0.0,tracks-avatar,attentive,turns shoulders,0.66,avatar nearby,True,True,True
507,29,repair_ring,Juno,0.98,0.227,0.0,ambient-scan,neutral,small work motion,0.61,routine local activity,True,True,True
508,29,riverbend,Lio,0.98,0.125,0.0,ambient-scan,neutral,small work motion,0.61,routine local activity,True,True,True
509,29,roofward,Fay,0.98,0.188,0.0,tracks-avatar,attentive,turns shoulders,0.66,avatar nearby,True,True,True
510,29,archive,Toma,0.98,0.232,0.0,ambient-scan,neutral,small work motion,0.61,routine local activity,True,True,True
511,29,signal,Milo,0.98,0.142,0.0,ambient-scan,neutral,small work motion,0.61,routine local activity,True,True,True
512,29,orchard,Mara,0.98,0.171,0.0,soft-eye-contact,open,small beckon,0.76,trusted familiar action,True,True,True
513,29,repair_ring,Juno,0.98,0.233,0.0,soft-eye-contact,open,small beckon,0.76,trusted familiar action,True,True,True
514,29,riverbend,Lio,0.98,0.125,0.0,ambient-scan,neutral,small work motion,0.61,routine local activity,True,True,True
515,29,roofward,Fay,0.98,0.194,0.0,soft-eye-contact,open,small beckon,0.76,trusted familiar action,True,True,True
516,29,archive,Toma,0.98,0.238,0.0,soft-eye-contact,open,small beckon,0.76,trusted familiar action,True,True,True
517,29,signal,Milo,0.98,0.138,0.0,ambient-scan,neutral,small work motion,0.61,routine local activity,True,True,True
518,29,orchard,Mara,0.98,0.161,0.0,ambient-scan,neutral,small work motion,0.61,routine local activity,True,True,True
519,29,repair_ring,Juno,0.98,0.223,0.0,tracks-avatar,attentive,turns shoulders,0.66,avatar nearby,True,True,True
520,29,riverbend,Lio,0.98,0.121,0.0,ambient-scan,neutral,small work motion,0.61,routine local activity,True,True,True
521,29,roofward,Fay,0.98,0.184,0.0,ambient-scan,neutral,small work motion,0.61,routine local activity,True,True,True
522,30,signal,Milo,0.98,0.138,0.0,ambient-scan,neutral,small work motion,0.61,routine local activity,True,True,True
523,30,orchard,Mara,0.98,0.161,0.0,tracks-avatar,attentive,turns shoulders,0.66,avatar nearby,True,True,True
524,30,repair_ring,Juno,0.98,0.229,0.0,ambient-scan,neutral,small work motion,0.61,routine local activity,True,True,True
525,30,riverbend,Lio,0.98,0.121,0.0,ambient-scan,neutral,small work motion,0.61,routine local activity,True,True,True
526,30,roofward,Fay,0.98,0.184,0.0,tracks-avatar,attentive,turns shoulders,0.66,avatar nearby,True,True,True
527,30,archive,Toma,0.98,0.228,0.0,ambient-scan,neutral,small work motion,0.61,routine local activity,True,True,True
528,30,signal,Milo,0.98,0.137,0.0,ambient-scan,neutral,small work motion,0.61,routine local activity,True,True,True
529,30,orchard,Mara,0.98,0.167,0.0,soft-eye-contact,open,small beckon,0.76,trusted familiar action,True,True,True
530,30,repair_ring,Juno,0.98,0.235,0.0,soft-eye-contact,open,small beckon,0.76,trusted familiar action,True,True,True
531,30,riverbend,Lio,0.98,0.12,0.0,ambient-scan,neutral,small work motion,0.61,routine local activity,True,True,True
532,30,roofward,Fay,0.98,0.19,0.0,soft-eye-contact,open,small beckon,0.76,trusted familiar action,True,True,True
533,30,archive,Toma,0.98,0.234,0.0,soft-eye-contact,open,small beckon,0.76,trusted familiar action,True,True,True
534,30,signal,Milo,0.98,0.133,0.0,ambient-scan,neutral,small work motion,0.61,routine local activity,True,True,True
535,30,orchard,Mara,0.98,0.157,0.0,ambient-scan,neutral,small work motion,0.61,routine local activity,True,True,True
536,30,repair_ring,Juno,0.98,0.225,0.0,tracks-avatar,attentive,turns shoulders,0.66,avatar nearby,True,True,True
537,30,riverbend,Lio,0.98,0.116,0.0,ambient-scan,neutral,small work motion,0.61,routine local activity,True,True,True
538,30,roofward,Fay,0.98,0.18,0.0,ambient-scan,neutral,small work motion,0.61,routine local activity,True,True,True
539,30,archive,Toma,0.98,0.224,0.0,tracks-avatar,attentive,turns shoulders,0.66,avatar nearby,True,True,True
540,31,orchard,Mara,0.98,0.157,0.0,tracks-avatar,attentive,turns shoulders,0.66,avatar nearby,True,True,True
541,31,repair_ring,Juno,0.98,0.231,0.0,ambient-scan,neutral,small work motion,0.61,routine local activity,True,True,True
542,31,riverbend,Lio,0.98,0.115,0.0,ambient-scan,neutral,small work motion,0.61,routine local activity,True,True,True
543,31,roofward,Fay,0.98,0.18,0.0,tracks-avatar,attentive,turns shoulders,0.66,avatar nearby,True,True,True
544,31,archive,Toma,0.98,0.23,0.0,ambient-scan,neutral,small work motion,0.61,routine local activity,True,True,True
545,31,signal,Milo,0.98,0.132,0.0,ambient-scan,neutral,small work motion,0.61,routine local activity,True,True,True
546,31,orchard,Mara,0.98,0.163,0.0,soft-eye-contact,open,small beckon,0.76,trusted familiar action,True,True,True
547,31,repair_ring,Juno,0.98,0.237,0.0,soft-eye-contact,open,small beckon,0.76,trusted familiar action,True,True,True
548,31,riverbend,Lio,0.98,0.115,0.0,ambient-scan,neutral,small work motion,0.61,routine local activity,True,True,True
549,31,roofward,Fay,0.98,0.186,0.0,soft-eye-contact,open,small beckon,0.76,trusted familiar action,True,True,True
550,31,archive,Toma,0.98,0.236,0.0,soft-eye-contact,open,small beckon,0.76,trusted familiar action,True,True,True
551,31,signal,Milo,0.98,0.128,0.0,ambient-scan,neutral,small work motion,0.61,routine local activity,True,True,True
552,31,orchard,Mara,0.98,0.153,0.0,ambient-scan,neutral,small work motion,0.61,routine local activity,True,True,True
553,31,repair_ring,Juno,0.98,0.227,0.0,tracks-avatar,attentive,turns shoulders,0.66,avatar nearby,True,True,True
554,31,riverbend,Lio,0.98,0.111,0.0,ambient-scan,neutral,small work motion,0.61,routine local activity,True,True,True
555,31,roofward,Fay,0.98,0.176,0.0,ambient-scan,neutral,small work motion,0.61,routine local activity,True,True,True
556,31,archive,Toma,0.98,0.226,0.0,tracks-avatar,attentive,turns shoulders,0.66,avatar nearby,True,True,True
557,31,signal,Milo,0.98,0.128,0.0,ambient-scan,neutral,small work motion,0.61,routine local activity,True,True,True
558,32,repair_ring,Juno,0.98,0.233,0.0,ambient-scan,neutral,small work motion,0.61,routine local activity,True,True,True
559,32,riverbend,Lio,0.98,0.111,0.0,ambient-scan,neutral,small work motion,0.61,routine local activity,True,True,True
560,32,roofward,Fay,0.98,0.175,0.0,tracks-avatar,attentive,turns shoulders,0.66,avatar nearby,True,True,True
561,32,archive,Toma,0.98,0.232,0.0,ambient-scan,neutral,small work motion,0.61,routine local activity,True,True,True
562,32,signal,Milo,0.98,0.134,0.0,ambient-scan,neutral,small work motion,0.61,routine local activity,True,True,True
563,32,orchard,Mara,0.98,0.152,0.0,soft-eye-contact,open,small beckon,0.76,trusted familiar action,True,True,True
564,32,repair_ring,Juno,0.98,0.239,0.0,soft-eye-contact,open,small beckon,0.76,trusted familiar action,True,True,True
565,32,riverbend,Lio,0.98,0.111,0.0,ambient-scan,neutral,small work motion,0.61,routine local activity,True,True,True
566,32,roofward,Fay,0.98,0.181,0.0,soft-eye-contact,open,small beckon,0.76,trusted familiar action,True,True,True
567,32,archive,Toma,0.98,0.238,0.0,soft-eye-contact,open,small beckon,0.76,trusted familiar action,True,True,True
568,32,signal,Milo,0.98,0.13,0.0,ambient-scan,neutral,small work motion,0.61,routine local activity,True,True,True
569,32,orchard,Mara,0.98,0.142,0.0,ambient-scan,neutral,small work motion,0.61,routine local activity,True,True,True
570,32,repair_ring,Juno,0.98,0.229,0.0,tracks-avatar,attentive,turns shoulders,0.66,avatar nearby,True,True,True
571,32,riverbend,Lio,0.98,0.107,0.0,ambient-scan,neutral,small work motion,0.61,routine local activity,True,True,True
572,32,roofward,Fay,0.98,0.171,0.0,ambient-scan,neutral,small work motion,0.61,routine local activity,True,True,True
573,32,archive,Toma,0.98,0.228,0.0,tracks-avatar,attentive,turns shoulders,0.66,avatar nearby,True,True,True
574,32,signal,Milo,0.98,0.13,0.0,ambient-scan,neutral,small work motion,0.61,routine local activity,True,True,True
575,32,orchard,Mara,0.98,0.142,0.0,ambient-scan,neutral,small work motion,0.61,routine local activity,True,True,True
576,33,riverbend,Lio,0.98,0.107,0.0,ambient-scan,neutral,small work motion,0.61,routine local activity,True,True,True
577,33,roofward,Fay,0.98,0.171,0.0,tracks-avatar,attentive,turns shoulders,0.66,avatar nearby,True,True,True
578,33,archive,Toma,0.98,0.234,0.0,ambient-scan,neutral,small work motion,0.61,routine local activity,True,True,True
579,33,signal,Milo,0.98,0.136,0.0,ambient-scan,neutral,small work motion,0.61,routine local activity,True,True,True
580,33,orchard,Mara,0.98,0.138,0.0,soft-eye-contact,open,small beckon,0.76,trusted familiar action,True,True,True
581,33,repair_ring,Juno,0.98,0.235,0.0,soft-eye-contact,open,small beckon,0.76,trusted familiar action,True,True,True
582,33,riverbend,Lio,0.98,0.106,0.0,ambient-scan,neutral,small work motion,0.61,routine local activity,True,True,True
583,33,roofward,Fay,0.98,0.177,0.0,soft-eye-contact,open,small beckon,0.76,trusted familiar action,True,True,True
584,33,archive,Toma,0.98,0.24,0.0,soft-eye-contact,open,small beckon,0.76,trusted familiar action,True,True,True
585,33,signal,Milo,0.98,0.132,0.0,ambient-scan,neutral,small work motion,0.61,routine local activity,True,True,True
586,33,orchard,Mara,0.98,0.128,0.0,ambient-scan,neutral,small work motion,0.61,routine local activity,True,True,True
587,33,repair_ring,Juno,0.98,0.225,0.0,tracks-avatar,attentive,turns shoulders,0.66,avatar nearby,True,True,True
588,33,riverbend,Lio,0.98,0.102,0.0,ambient-scan,neutral,small work motion,0.61,routine local activity,True,True,True
589,33,roofward,Fay,0.98,0.167,0.0,ambient-scan,neutral,small work motion,0.61,routine local activity,True,True,True
590,33,archive,Toma,0.98,0.23,0.0,tracks-avatar,attentive,turns shoulders,0.66,avatar nearby,True,True,True
591,33,signal,Milo,0.98,0.131,0.0,ambient-scan,neutral,small work motion,0.61,routine local activity,True,True,True
592,33,orchard,Mara,0.98,0.128,0.0,ambient-scan,neutral,small work motion,0.61,routine local activity,True,True,True
593,33,repair_ring,Juno,0.98,0.231,0.0,soft-eye-contact,open,small beckon,0.76,trusted familiar action,True,True,True
594,34,roofward,Fay,0.98,0.167,0.0,tracks-avatar,attentive,turns shoulders,0.66,avatar nearby,True,True,True
595,34,archive,Toma,0.98,0.236,0.0,ambient-scan,neutral,small work motion,0.61,routine local activity,True,True,True
596,34,signal,Milo,0.98,0.137,0.0,ambient-scan,neutral,small work motion,0.61,routine local activity,True,True,True
597,34,orchard,Mara,0.98,0.124,0.0,soft-eye-contact,open,small beckon,0.76,trusted familiar action,True,True,True
598,34,repair_ring,Juno,0.98,0.221,0.0,soft-eye-contact,open,small beckon,0.76,trusted familiar action,True,True,True
599,34,riverbend,Lio,0.98,0.101,0.0,ambient-scan,neutral,small work motion,0.61,routine local activity,True,True,True
600,34,roofward,Fay,0.98,0.173,0.0,soft-eye-contact,open,small beckon,0.76,trusted familiar action,True,True,True
601,34,archive,Toma,0.98,0.242,0.0,soft-eye-contact,open,small beckon,0.76,trusted familiar action,True,True,True
602,34,signal,Milo,0.98,0.133,0.0,ambient-scan,neutral,small work motion,0.61,routine local activity,True,True,True
603,34,orchard,Mara,0.98,0.114,0.0,ambient-scan,neutral,small work motion,0.61,routine local activity,True,True,True
604,34,repair_ring,Juno,0.98,0.211,0.0,tracks-avatar,attentive,turns shoulders,0.66,avatar nearby,True,True,True
605,34,riverbend,Lio,0.98,0.097,0.0,ambient-scan,neutral,small work motion,0.61,routine local activity,True,True,True
606,34,roofward,Fay,0.98,0.163,0.0,ambient-scan,neutral,small work motion,0.61,routine local activity,True,True,True
607,34,archive,Toma,0.98,0.232,0.0,tracks-avatar,attentive,turns shoulders,0.66,avatar nearby,True,True,True
608,34,signal,Milo,0.98,0.133,0.0,ambient-scan,neutral,small work motion,0.61,routine local activity,True,True,True
609,34,orchard,Mara,0.98,0.113,0.0,ambient-scan,neutral,small work motion,0.61,routine local activity,True,True,True
610,34,repair_ring,Juno,0.98,0.217,0.0,soft-eye-contact,open,small beckon,0.76,trusted familiar action,True,True,True
611,34,riverbend,Lio,0.98,0.097,0.0,ambient-scan,neutral,small work motion,0.61,routine local activity,True,True,True
612,35,archive,Toma,0.98,0.238,0.0,ambient-scan,neutral,small work motion,0.61,routine local activity,True,True,True
613,35,signal,Milo,0.98,0.139,0.0,ambient-scan,neutral,small work motion,0.61,routine local activity,True,True,True
614,35,orchard,Mara,0.98,0.109,0.0,soft-eye-contact,open,small beckon,0.76,trusted familiar action,True,True,True
615,35,repair_ring,Juno,0.98,0.207,0.0,soft-eye-contact,open,small beckon,0.76,trusted familiar action,True,True,True
616,35,riverbend,Lio,0.98,0.103,0.0,ambient-scan,neutral,small work motion,0.61,routine local activity,True,True,True
617,35,roofward,Fay,0.98,0.162,0.0,soft-eye-contact,open,small beckon,0.76,trusted familiar action,True,True,True
618,35,archive,Toma,0.98,0.244,0.0,soft-eye-contact,open,small beckon,0.76,trusted familiar action,True,True,True
619,35,signal,Milo,0.98,0.135,0.0,ambient-scan,neutral,small work motion,0.61,routine local activity,True,True,True
620,35,orchard,Mara,0.98,0.099,0.0,ambient-scan,neutral,small work motion,0.61,routine local activity,True,True,True
621,35,repair_ring,Juno,0.98,0.197,0.0,tracks-avatar,attentive,turns shoulders,0.66,avatar nearby,True,True,True
622,35,riverbend,Lio,0.98,0.099,0.0,ambient-scan,neutral,small work motion,0.61,routine local activity,True,True,True
623,35,roofward,Fay,0.98,0.152,0.0,ambient-scan,neutral,small work motion,0.61,routine local activity,True,True,True
624,35,archive,Toma,0.98,0.234,0.0,tracks-avatar,attentive,turns shoulders,0.66,avatar nearby,True,True,True
625,35,signal,Milo,0.98,0.135,0.0,ambient-scan,neutral,small work motion,0.61,routine local activity,True,True,True
626,35,orchard,Mara,0.98,0.099,0.0,ambient-scan,neutral,small work motion,0.61,routine local activity,True,True,True
627,35,repair_ring,Juno,0.98,0.203,0.0,soft-eye-contact,open,small beckon,0.76,trusted familiar action,True,True,True
628,35,riverbend,Lio,0.98,0.099,0.0,ambient-scan,neutral,small work motion,0.61,routine local activity,True,True,True
629,35,roofward,Fay,0.98,0.152,0.0,ambient-scan,neutral,small work motion,0.61,routine local activity,True,True,True
630,36,signal,Milo,0.98,0.141,0.0,ambient-scan,neutral,small work motion,0.61,routine local activity,True,True,True
631,36,orchard,Mara,0.98,0.095,0.0,soft-eye-contact,open,small beckon,0.76,trusted familiar action,True,True,True
632,36,repair_ring,Juno,0.98,0.193,0.0,soft-eye-contact,open,small beckon,0.76,trusted familiar action,True,True,True
633,36,riverbend,Lio,0.98,0.105,0.0,ambient-scan,neutral,small work motion,0.61,routine local activity,True,True,True
634,36,roofward,Fay,0.98,0.148,0.0,soft-eye-contact,open,small beckon,0.76,trusted familiar action,True,True,True
635,36,archive,Toma,0.98,0.24,0.0,soft-eye-contact,open,small beckon,0.76,trusted familiar action,True,True,True
636,36,signal,Milo,0.98,0.137,0.0,ambient-scan,neutral,small work motion,0.61,routine local activity,True,True,True
637,36,orchard,Mara,0.98,0.085,0.0,ambient-scan,neutral,small work motion,0.61,routine local activity,True,True,True
638,36,repair_ring,Juno,0.98,0.183,0.0,tracks-avatar,attentive,turns shoulders,0.66,avatar nearby,True,True,True
639,36,riverbend,Lio,0.98,0.101,0.0,ambient-scan,neutral,small work motion,0.61,routine local activity,True,True,True
640,36,roofward,Fay,0.98,0.138,0.0,ambient-scan,neutral,small work motion,0.61,routine local activity,True,True,True
641,36,archive,Toma,0.98,0.23,0.0,tracks-avatar,attentive,turns shoulders,0.66,avatar nearby,True,True,True
642,36,signal,Milo,0.98,0.136,0.0,ambient-scan,neutral,small work motion,0.61,routine local activity,True,True,True
643,36,orchard,Mara,0.98,0.085,0.0,ambient-scan,neutral,small work motion,0.61,routine local activity,True,True,True
644,36,repair_ring,Juno,0.98,0.189,0.0,soft-eye-contact,open,small beckon,0.76,trusted familiar action,True,True,True
645,36,riverbend,Lio,0.98,0.1,0.0,ambient-scan,neutral,small work motion,0.61,routine local activity,True,True,True
646,36,roofward,Fay,0.98,0.138,0.0,ambient-scan,neutral,small work motion,0.61,routine local activity,True,True,True
647,36,archive,Toma,0.98,0.236,0.0,soft-eye-contact,open,small beckon,0.76,trusted familiar action,True,True,True
648,37,orchard,Mara,0.98,0.081,0.0,soft-eye-contact,open,small beckon,0.76,trusted familiar action,True,True,True
649,37,repair_ring,Juno,0.98,0.179,0.0,soft-eye-contact,open,small beckon,0.76,trusted familiar action,True,True,True
650,37,riverbend,Lio,0.98,0.106,0.0,ambient-scan,neutral,small work motion,0.61,routine local activity,True,True,True
651,37,roofward,Fay,0.98,0.134,0.0,soft-eye-contact,open,small beckon,0.76,trusted familiar action,True,True,True
652,37,archive,Toma,0.98,0.226,0.0,soft-eye-contact,open,small beckon,0.76,trusted familiar action,True,True,True
653,37,signal,Milo,0.98,0.142,0.0,ambient-scan,neutral,small work motion,0.61,routine local activity,True,True,True
654,37,orchard,Mara,0.98,0.071,0.0,ambient-scan,neutral,small work motion,0.61,routine local activity,True,True,True
655,37,repair_ring,Juno,0.98,0.169,0.0,tracks-avatar,attentive,turns shoulders,0.66,avatar nearby,True,True,True
656,37,riverbend,Lio,0.98,0.102,0.0,ambient-scan,neutral,small work motion,0.61,routine local activity,True,True,True
657,37,roofward,Fay,0.98,0.124,0.0,ambient-scan,neutral,small work motion,0.61,routine local activity,True,True,True
658,37,archive,Toma,0.98,0.216,0.0,tracks-avatar,attentive,turns shoulders,0.66,avatar nearby,True,True,True
659,37,signal,Milo,0.98,0.142,0.0,ambient-scan,neutral,small work motion,0.61,routine local activity,True,True,True
660,37,orchard,Mara,0.98,0.07,0.0,ambient-scan,neutral,small work motion,0.61,routine local activity,True,True,True
661,37,repair_ring,Juno,0.98,0.175,0.0,soft-eye-contact,open,small beckon,0.76,trusted familiar action,True,True,True
662,37,riverbend,Lio,0.98,0.102,0.0,ambient-scan,neutral,small work motion,0.61,routine local activity,True,True,True
663,37,roofward,Fay,0.98,0.123,0.0,ambient-scan,neutral,small work motion,0.61,routine local activity,True,True,True
664,37,archive,Toma,0.98,0.222,0.0,soft-eye-contact,open,small beckon,0.76,trusted familiar action,True,True,True
665,37,signal,Milo,0.98,0.148,0.0,soft-eye-contact,open,small beckon,0.76,trusted familiar action,True,True,True
666,38,repair_ring,Juno,0.98,0.165,0.0,soft-eye-contact,open,small beckon,0.76,trusted familiar action,True,True,True
667,38,riverbend,Lio,0.98,0.108,0.0,ambient-scan,neutral,small work motion,0.61,routine local activity,True,True,True
668,38,roofward,Fay,0.98,0.119,0.0,soft-eye-contact,open,small beckon,0.76,trusted familiar action,True,True,True
669,38,archive,Toma,0.98,0.212,0.0,soft-eye-contact,open,small beckon,0.76,trusted familiar action,True,True,True
670,38,signal,Milo,0.98,0.138,0.0,ambient-scan,neutral,small work motion,0.61,routine local activity,True,True,True
671,38,orchard,Mara,0.98,0.066,0.0,ambient-scan,neutral,small work motion,0.61,routine local activity,True,True,True
672,38,repair_ring,Juno,0.98,0.155,0.0,tracks-avatar,attentive,turns shoulders,0.66,avatar nearby,True,True,True
673,38,riverbend,Lio,0.98,0.104,0.0,ambient-scan,neutral,small work motion,0.61,routine local activity,True,True,True
674,38,roofward,Fay,0.98,0.109,0.0,ambient-scan,neutral,small work motion,0.61,routine local activity,True,True,True
675,38,archive,Toma,0.98,0.202,0.0,tracks-avatar,attentive,turns shoulders,0.66,avatar nearby,True,True,True
676,38,signal,Milo,0.98,0.138,0.0,ambient-scan,neutral,small work motion,0.61,routine local activity,True,True,True
677,38,orchard,Mara,0.98,0.066,0.0,ambient-scan,neutral,small work motion,0.61,routine local activity,True,True,True
678,38,repair_ring,Juno,0.98,0.161,0.0,soft-eye-contact,open,small beckon,0.76,trusted familiar action,True,True,True
679,38,riverbend,Lio,0.98,0.104,0.0,ambient-scan,neutral,small work motion,0.61,routine local activity,True,True,True
680,38,roofward,Fay,0.98,0.109,0.0,ambient-scan,neutral,small work motion,0.61,routine local activity,True,True,True
681,38,archive,Toma,0.98,0.208,0.0,soft-eye-contact,open,small beckon,0.76,trusted familiar action,True,True,True
682,38,signal,Milo,0.98,0.144,0.0,soft-eye-contact,open,small beckon,0.76,trusted familiar action,True,True,True
683,38,orchard,Mara,0.98,0.062,0.0,ambient-scan,neutral,small work motion,0.61,routine local activity,True,True,True
684,39,riverbend,Lio,0.98,0.11,0.0,ambient-scan,neutral,small work motion,0.61,routine local activity,True,True,True
685,39,roofward,Fay,0.98,0.105,0.0,soft-eye-contact,open,small beckon,0.76,trusted familiar action,True,True,True
686,39,archive,Toma,0.98,0.198,0.0,soft-eye-contact,open,small beckon,0.76,trusted familiar action,True,True,True
687,39,signal,Milo,0.98,0.134,0.0,ambient-scan,neutral,small work motion,0.61,routine local activity,True,True,True
688,39,orchard,Mara,0.98,0.062,0.0,ambient-scan,neutral,small work motion,0.61,routine local activity,True,True,True
689,39,repair_ring,Juno,0.98,0.151,0.0,tracks-avatar,attentive,turns shoulders,0.66,avatar nearby,True,True,True
690,39,riverbend,Lio,0.98,0.106,0.0,ambient-scan,neutral,small work motion,0.61,routine local activity,True,True,True
691,39,roofward,Fay,0.98,0.095,0.0,ambient-scan,neutral,small work motion,0.61,routine local activity,True,True,True
692,39,archive,Toma,0.98,0.188,0.0,tracks-avatar,attentive,turns shoulders,0.66,avatar nearby,True,True,True
693,39,signal,Milo,0.98,0.133,0.0,ambient-scan,neutral,small work motion,0.61,routine local activity,True,True,True
694,39,orchard,Mara,0.98,0.062,0.0,ambient-scan,neutral,small work motion,0.61,routine local activity,True,True,True
695,39,repair_ring,Juno,0.98,0.157,0.0,soft-eye-contact,open,small beckon,0.76,trusted familiar action,True,True,True
696,39,riverbend,Lio,0.98,0.105,0.0,ambient-scan,neutral,small work motion,0.61,routine local activity,True,True,True
697,39,roofward,Fay,0.98,0.095,0.0,ambient-scan,neutral,small work motion,0.61,routine local activity,True,True,True
698,39,archive,Toma,0.98,0.194,0.0,soft-eye-contact,open,small beckon,0.76,trusted familiar action,True,True,True
699,39,signal,Milo,0.98,0.139,0.0,soft-eye-contact,open,small beckon,0.76,trusted familiar action,True,True,True
700,39,orchard,Mara,0.98,0.058,0.0,ambient-scan,neutral,small work motion,0.61,routine local activity,True,True,True
701,39,repair_ring,Juno,0.98,0.147,0.0,ambient-scan,neutral,small work motion,0.61,routine local activity,True,True,True
702,40,roofward,Fay,0.98,0.091,0.0,soft-eye-contact,open,small beckon,0.76,trusted familiar action,True,True,True
703,40,archive,Toma,0.98,0.184,0.0,soft-eye-contact,open,small beckon,0.76,trusted familiar action,True,True,True
704,40,signal,Milo,0.98,0.129,0.0,ambient-scan,neutral,small work motion,0.61,routine local activity,True,True,True
705,40,orchard,Mara,0.98,0.058,0.0,ambient-scan,neutral,small work motion,0.61,routine local activity,True,True,True
706,40,repair_ring,Juno,0.98,0.147,0.0,tracks-avatar,attentive,turns shoulders,0.66,avatar nearby,True,True,True
707,40,riverbend,Lio,0.98,0.111,0.0,ambient-scan,neutral,small work motion,0.61,routine local activity,True,True,True
708,40,roofward,Fay,0.98,0.081,0.0,ambient-scan,neutral,small work motion,0.61,routine local activity,True,True,True
709,40,archive,Toma,0.98,0.174,0.0,tracks-avatar,attentive,turns shoulders,0.66,avatar nearby,True,True,True
710,40,signal,Milo,0.98,0.129,0.0,ambient-scan,neutral,small work motion,0.61,routine local activity,True,True,True
711,40,orchard,Mara,0.98,0.057,0.0,ambient-scan,neutral,small work motion,0.61,routine local activity,True,True,True
712,40,repair_ring,Juno,0.98,0.153,0.0,soft-eye-contact,open,small beckon,0.76,trusted familiar action,True,True,True
713,40,riverbend,Lio,0.98,0.111,0.0,ambient-scan,neutral,small work motion,0.61,routine local activity,True,True,True
714,40,roofward,Fay,0.98,0.08,0.0,ambient-scan,neutral,small work motion,0.61,routine local activity,True,True,True
715,40,archive,Toma,0.98,0.18,0.0,soft-eye-contact,open,small beckon,0.76,trusted familiar action,True,True,True
716,40,signal,Milo,0.98,0.135,0.0,soft-eye-contact,open,small beckon,0.76,trusted familiar action,True,True,True
717,40,orchard,Mara,0.98,0.053,0.0,ambient-scan,neutral,small work motion,0.61,routine local activity,True,True,True
718,40,repair_ring,Juno,0.98,0.143,0.0,ambient-scan,neutral,small work motion,0.61,routine local activity,True,True,True
719,40,riverbend,Lio,0.98,0.117,0.0,soft-eye-contact,open,small beckon,0.76,trusted familiar action,True,True,True
720,41,archive,Toma,0.98,0.17,0.0,soft-eye-contact,open,small beckon,0.76,trusted familiar action,True,True,True
721,41,signal,Milo,0.98,0.125,0.0,ambient-scan,neutral,small work motion,0.61,routine local activity,True,True,True
722,41,orchard,Mara,0.98,0.052,0.0,ambient-scan,neutral,small work motion,0.61,routine local activity,True,True,True
723,41,repair_ring,Juno,0.98,0.143,0.0,tracks-avatar,attentive,turns shoulders,0.66,avatar nearby,True,True,True
724,41,riverbend,Lio,0.98,0.107,0.0,ambient-scan,neutral,small work motion,0.61,routine local activity,True,True,True
725,41,roofward,Fay,0.98,0.076,0.0,ambient-scan,neutral,small work motion,0.61,routine local activity,True,True,True
726,41,archive,Toma,0.98,0.16,0.0,tracks-avatar,attentive,turns shoulders,0.66,avatar nearby,True,True,True
727,41,signal,Milo,0.98,0.125,0.0,ambient-scan,neutral,small work motion,0.61,routine local activity,True,True,True
728,41,orchard,Mara,0.98,0.052,0.0,ambient-scan,neutral,small work motion,0.61,routine local activity,True,True,True
729,41,repair_ring,Juno,0.98,0.149,0.0,soft-eye-contact,open,small beckon,0.76,trusted familiar action,True,True,True
730,41,riverbend,Lio,0.98,0.107,0.0,ambient-scan,neutral,small work motion,0.61,routine local activity,True,True,True
731,41,roofward,Fay,0.98,0.076,0.0,ambient-scan,neutral,small work motion,0.61,routine local activity,True,True,True
732,41,archive,Toma,0.98,0.166,0.0,soft-eye-contact,open,small beckon,0.76,trusted familiar action,True,True,True
733,41,signal,Milo,0.98,0.131,0.0,soft-eye-contact,open,small beckon,0.76,trusted familiar action,True,True,True
734,41,orchard,Mara,0.98,0.05,0.0,ambient-scan,neutral,small work motion,0.61,routine local activity,True,True,True
735,41,repair_ring,Juno,0.98,0.139,0.0,ambient-scan,neutral,small work motion,0.61,routine local activity,True,True,True
736,41,riverbend,Lio,0.98,0.113,0.0,soft-eye-contact,open,small beckon,0.76,trusted familiar action,True,True,True
737,41,roofward,Fay,0.98,0.072,0.0,ambient-scan,neutral,small work motion,0.61,routine local activity,True,True,True
738,42,signal,Milo,0.98,0.121,0.0,ambient-scan,neutral,small work motion,0.61,routine local activity,True,True,True
739,42,orchard,Mara,0.98,0.05,0.0,ambient-scan,neutral,small work motion,0.61,routine local activity,True,True,True
740,42,repair_ring,Juno,0.98,0.138,0.0,tracks-avatar,attentive,turns shoulders,0.66,avatar nearby,True,True,True
741,42,riverbend,Lio,0.98,0.103,0.0,ambient-scan,neutral,small work motion,0.61,routine local activity,True,True,True
742,42,roofward,Fay,0.98,0.072,0.0,ambient-scan,neutral,small work motion,0.61,routine local activity,True,True,True
743,42,archive,Toma,0.98,0.156,0.0,tracks-avatar,attentive,turns shoulders,0.66,avatar nearby,True,True,True
744,42,signal,Milo,0.98,0.12,0.0,ambient-scan,neutral,small work motion,0.61,routine local activity,True,True,True
745,42,orchard,Mara,0.98,0.05,0.0,ambient-scan,neutral,small work motion,0.61,routine local activity,True,True,True
746,42,repair_ring,Juno,0.98,0.144,0.0,soft-eye-contact,open,small beckon,0.76,trusted familiar action,True,True,True
747,42,riverbend,Lio,0.98,0.102,0.0,ambient-scan,neutral,small work motion,0.61,routine local activity,True,True,True
748,42,roofward,Fay,0.98,0.072,0.0,ambient-scan,neutral,small work motion,0.61,routine local activity,True,True,True
749,42,archive,Toma,0.98,0.162,0.0,soft-eye-contact,open,small beckon,0.76,trusted familiar action,True,True,True
750,42,signal,Milo,0.98,0.126,0.0,soft-eye-contact,open,small beckon,0.76,trusted familiar action,True,True,True
751,42,orchard,Mara,0.98,0.056,0.0,ambient-scan,neutral,small work motion,0.61,routine local activity,True,True,True
752,42,repair_ring,Juno,0.98,0.134,0.0,ambient-scan,neutral,small work motion,0.61,routine local activity,True,True,True
753,42,riverbend,Lio,0.98,0.108,0.0,soft-eye-contact,open,small beckon,0.76,trusted familiar action,True,True,True
754,42,roofward,Fay,0.98,0.068,0.0,ambient-scan,neutral,small work motion,0.61,routine local activity,True,True,True
755,42,archive,Toma,0.98,0.152,0.0,ambient-scan,neutral,small work motion,0.61,routine local activity,True,True,True
756,43,orchard,Mara,0.98,0.056,0.0,ambient-scan,neutral,small work motion,0.61,routine local activity,True,True,True
757,43,repair_ring,Juno,0.98,0.134,0.0,tracks-avatar,attentive,turns shoulders,0.66,avatar nearby,True,True,True
758,43,riverbend,Lio,0.98,0.098,0.0,ambient-scan,neutral,small work motion,0.61,routine local activity,True,True,True
759,43,roofward,Fay,0.98,0.068,0.0,ambient-scan,neutral,small work motion,0.61,routine local activity,True,True,True
760,43,archive,Toma,0.98,0.152,0.0,tracks-avatar,attentive,turns shoulders,0.66,avatar nearby,True,True,True
761,43,signal,Milo,0.98,0.116,0.0,ambient-scan,neutral,small work motion,0.61,routine local activity,True,True,True
762,43,orchard,Mara,0.98,0.055,0.0,ambient-scan,neutral,small work motion,0.61,routine local activity,True,True,True
763,43,repair_ring,Juno,0.98,0.14,0.0,soft-eye-contact,open,small beckon,0.76,trusted familiar action,True,True,True
764,43,riverbend,Lio,0.98,0.098,0.0,ambient-scan,neutral,small work motion,0.61,routine local activity,True,True,True
765,43,roofward,Fay,0.98,0.067,0.0,ambient-scan,neutral,small work motion,0.61,routine local activity,True,True,True
766,43,archive,Toma,0.98,0.158,0.0,soft-eye-contact,open,small beckon,0.76,trusted familiar action,True,True,True
767,43,signal,Milo,0.98,0.122,0.0,soft-eye-contact,open,small beckon,0.76,trusted familiar action,True,True,True
768,43,orchard,Mara,0.98,0.051,0.0,ambient-scan,neutral,small work motion,0.61,routine local activity,True,True,True
769,43,repair_ring,Juno,0.98,0.13,0.0,ambient-scan,neutral,small work motion,0.61,routine local activity,True,True,True
770,43,riverbend,Lio,0.98,0.104,0.0,soft-eye-contact,open,small beckon,0.76,trusted familiar action,True,True,True
771,43,roofward,Fay,0.98,0.063,0.0,ambient-scan,neutral,small work motion,0.61,routine local activity,True,True,True
772,43,archive,Toma,0.98,0.148,0.0,ambient-scan,neutral,small work motion,0.61,routine local activity,True,True,True
773,43,signal,Milo,0.98,0.112,0.0,tracks-avatar,attentive,turns shoulders,0.66,avatar nearby,True,True,True
774,44,repair_ring,Juno,0.98,0.13,0.0,tracks-avatar,attentive,turns shoulders,0.66,avatar nearby,True,True,True
775,44,riverbend,Lio,0.98,0.094,0.0,ambient-scan,neutral,small work motion,0.61,routine local activity,True,True,True
776,44,roofward,Fay,0.98,0.062,0.0,ambient-scan,neutral,small work motion,0.61,routine local activity,True,True,True
777,44,archive,Toma,0.98,0.148,0.0,tracks-avatar,attentive,turns shoulders,0.66,avatar nearby,True,True,True
778,44,signal,Milo,0.98,0.118,0.0,ambient-scan,neutral,small work motion,0.61,routine local activity,True,True,True
779,44,orchard,Mara,0.98,0.05,0.0,ambient-scan,neutral,small work motion,0.61,routine local activity,True,True,True
780,44,repair_ring,Juno,0.98,0.136,0.0,soft-eye-contact,open,small beckon,0.76,trusted familiar action,True,True,True
781,44,riverbend,Lio,0.98,0.094,0.0,ambient-scan,neutral,small work motion,0.61,routine local activity,True,True,True
782,44,roofward,Fay,0.98,0.062,0.0,ambient-scan,neutral,small work motion,0.61,routine local activity,True,True,True
783,44,archive,Toma,0.98,0.154,0.0,soft-eye-contact,open,small beckon,0.76,trusted familiar action,True,True,True
784,44,signal,Milo,0.98,0.124,0.0,soft-eye-contact,open,small beckon,0.76,trusted familiar action,True,True,True
785,44,orchard,Mara,0.98,0.056,0.0,ambient-scan,neutral,small work motion,0.61,routine local activity,True,True,True
786,44,repair_ring,Juno,0.98,0.126,0.0,ambient-scan,neutral,small work motion,0.61,routine local activity,True,True,True
787,44,riverbend,Lio,0.98,0.1,0.0,soft-eye-contact,open,small beckon,0.76,trusted familiar action,True,True,True
788,44,roofward,Fay,0.98,0.058,0.0,ambient-scan,neutral,small work motion,0.61,routine local activity,True,True,True
789,44,archive,Toma,0.98,0.144,0.0,ambient-scan,neutral,small work motion,0.61,routine local activity,True,True,True
790,44,signal,Milo,0.98,0.114,0.0,tracks-avatar,attentive,turns shoulders,0.66,avatar nearby,True,True,True
791,44,orchard,Mara,0.98,0.056,0.0,ambient-scan,neutral,small work motion,0.61,routine local activity,True,True,True
792,45,riverbend,Lio,0.98,0.09,0.0,ambient-scan,neutral,small work motion,0.61,routine local activity,True,True,True
793,45,roofward,Fay,0.98,0.058,0.0,ambient-scan,neutral,small work motion,0.61,routine local activity,True,True,True
794,45,archive,Toma,0.98,0.143,0.0,tracks-avatar,attentive,turns shoulders,0.66,avatar nearby,True,True,True
795,45,signal,Milo,0.98,0.12,0.0,ambient-scan,neutral,small work motion,0.61,routine local activity,True,True,True
796,45,orchard,Mara,0.98,0.062,0.0,ambient-scan,neutral,small work motion,0.61,routine local activity,True,True,True
797,45,repair_ring,Juno,0.98,0.125,0.0,soft-eye-contact,open,small beckon,0.76,trusted familiar action,True,True,True
798,45,riverbend,Lio,0.98,0.089,0.0,ambient-scan,neutral,small work motion,0.61,routine local activity,True,True,True
799,45,roofward,Fay,0.98,0.058,0.0,ambient-scan,neutral,small work motion,0.61,routine local activity,True,True,True
800,45,archive,Toma,0.98,0.149,0.0,soft-eye-contact,open,small beckon,0.76,trusted familiar action,True,True,True
801,45,signal,Milo,0.98,0.126,0.0,soft-eye-contact,open,small beckon,0.76,trusted familiar action,True,True,True
802,45,orchard,Mara,0.98,0.058,0.0,ambient-scan,neutral,small work motion,0.61,routine local activity,True,True,True
803,45,repair_ring,Juno,0.98,0.115,0.0,ambient-scan,neutral,small work motion,0.61,routine local activity,True,True,True
804,45,riverbend,Lio,0.98,0.095,0.0,soft-eye-contact,open,small beckon,0.76,trusted familiar action,True,True,True
805,45,roofward,Fay,0.98,0.054,0.0,ambient-scan,neutral,small work motion,0.61,routine local activity,True,True,True
806,45,archive,Toma,0.98,0.139,0.0,ambient-scan,neutral,small work motion,0.61,routine local activity,True,True,True
807,45,signal,Milo,0.98,0.116,0.0,tracks-avatar,attentive,turns shoulders,0.66,avatar nearby,True,True,True
808,45,orchard,Mara,0.98,0.058,0.0,ambient-scan,neutral,small work motion,0.61,routine local activity,True,True,True
809,45,repair_ring,Juno,0.98,0.115,0.0,ambient-scan,neutral,small work motion,0.61,routine local activity,True,True,True
810,46,roofward,Fay,0.98,0.054,0.0,ambient-scan,neutral,small work motion,0.61,routine local activity,True,True,True
811,46,archive,Toma,0.98,0.139,0.0,tracks-avatar,attentive,turns shoulders,0.66,avatar nearby,True,True,True
812,46,signal,Milo,0.98,0.122,0.0,ambient-scan,neutral,small work motion,0.61,routine local activity,True,True,True
813,46,orchard,Mara,0.98,0.064,0.0,ambient-scan,neutral,small work motion,0.61,routine local activity,True,True,True
814,46,repair_ring,Juno,0.98,0.111,0.0,soft-eye-contact,open,small beckon,0.76,trusted familiar action,True,True,True
815,46,riverbend,Lio,0.98,0.085,0.0,ambient-scan,neutral,small work motion,0.61,routine local activity,True,True,True
816,46,roofward,Fay,0.98,0.053,0.0,ambient-scan,neutral,small work motion,0.61,routine local activity,True,True,True
817,46,archive,Toma,0.98,0.145,0.0,soft-eye-contact,open,small beckon,0.76,trusted familiar action,True,True,True
818,46,signal,Milo,0.98,0.128,0.0,soft-eye-contact,open,small beckon,0.76,trusted familiar action,True,True,True
819,46,orchard,Mara,0.98,0.06,0.0,ambient-scan,neutral,small work motion,0.61,routine local activity,True,True,True
820,46,repair_ring,Juno,0.98,0.101,0.0,ambient-scan,neutral,small work motion,0.61,routine local activity,True,True,True
821,46,riverbend,Lio,0.98,0.091,0.0,soft-eye-contact,open,small beckon,0.76,trusted familiar action,True,True,True
822,46,roofward,Fay,0.98,0.05,0.0,ambient-scan,neutral,small work motion,0.61,routine local activity,True,True,True
823,46,archive,Toma,0.98,0.135,0.0,ambient-scan,neutral,small work motion,0.61,routine local activity,True,True,True
824,46,signal,Milo,0.98,0.118,0.0,tracks-avatar,attentive,turns shoulders,0.66,avatar nearby,True,True,True
825,46,orchard,Mara,0.98,0.059,0.0,ambient-scan,neutral,small work motion,0.61,routine local activity,True,True,True
826,46,repair_ring,Juno,0.98,0.101,0.0,ambient-scan,neutral,small work motion,0.61,routine local activity,True,True,True
827,46,riverbend,Lio,0.98,0.081,0.0,tracks-avatar,attentive,turns shoulders,0.66,avatar nearby,True,True,True
828,47,archive,Toma,0.98,0.135,0.0,tracks-avatar,attentive,turns shoulders,0.66,avatar nearby,True,True,True
829,47,signal,Milo,0.98,0.124,0.0,ambient-scan,neutral,small work motion,0.61,routine local activity,True,True,True
830,47,orchard,Mara,0.98,0.065,0.0,ambient-scan,neutral,small work motion,0.61,routine local activity,True,True,True
831,47,repair_ring,Juno,0.98,0.097,0.0,soft-eye-contact,open,small beckon,0.76,trusted familiar action,True,True,True
832,47,riverbend,Lio,0.98,0.087,0.0,ambient-scan,neutral,small work motion,0.61,routine local activity,True,True,True
833,47,roofward,Fay,0.98,0.056,0.0,ambient-scan,neutral,small work motion,0.61,routine local activity,True,True,True
834,47,archive,Toma,0.98,0.141,0.0,soft-eye-contact,open,small beckon,0.76,trusted familiar action,True,True,True
835,47,signal,Milo,0.98,0.13,0.0,soft-eye-contact,open,small beckon,0.76,trusted familiar action,True,True,True
836,47,orchard,Mara,0.98,0.061,0.0,ambient-scan,neutral,small work motion,0.61,routine local activity,True,True,True
837,47,repair_ring,Juno,0.98,0.087,0.0,ambient-scan,neutral,small work motion,0.61,routine local activity,True,True,True
838,47,riverbend,Lio,0.98,0.093,0.0,soft-eye-contact,open,small beckon,0.76,trusted familiar action,True,True,True
839,47,roofward,Fay,0.98,0.052,0.0,ambient-scan,neutral,small work motion,0.61,routine local activity,True,True,True
840,47,archive,Toma,0.98,0.131,0.0,ambient-scan,neutral,small work motion,0.61,routine local activity,True,True,True
841,47,signal,Milo,0.98,0.12,0.0,tracks-avatar,attentive,turns shoulders,0.66,avatar nearby,True,True,True
842,47,orchard,Mara,0.98,0.061,0.0,ambient-scan,neutral,small work motion,0.61,routine local activity,True,True,True
843,47,repair_ring,Juno,0.98,0.086,0.0,ambient-scan,neutral,small work motion,0.61,routine local activity,True,True,True
844,47,riverbend,Lio,0.98,0.083,0.0,tracks-avatar,attentive,turns shoulders,0.66,avatar nearby,True,True,True
845,47,roofward,Fay,0.98,0.052,0.0,ambient-scan,neutral,small work motion,0.61,routine local activity,True,True,True
846,48,signal,Milo,0.98,0.126,0.0,ambient-scan,neutral,small work motion,0.61,routine local activity,True,True,True
847,48,orchard,Mara,0.98,0.067,0.0,ambient-scan,neutral,small work motion,0.61,routine local activity,True,True,True
848,48,repair_ring,Juno,0.98,0.082,0.0,soft-eye-contact,open,small beckon,0.76,trusted familiar action,True,True,True
849,48,riverbend,Lio,0.98,0.089,0.0,ambient-scan,neutral,small work motion,0.61,routine local activity,True,True,True
850,48,roofward,Fay,0.98,0.058,0.0,ambient-scan,neutral,small work motion,0.61,routine local activity,True,True,True
851,48,archive,Toma,0.98,0.13,0.0,soft-eye-contact,open,small beckon,0.76,trusted familiar action,True,True,True
852,48,signal,Milo,0.98,0.132,0.0,soft-eye-contact,open,small beckon,0.76,trusted familiar action,True,True,True
853,48,orchard,Mara,0.98,0.063,0.0,ambient-scan,neutral,small work motion,0.61,routine local activity,True,True,True
854,48,repair_ring,Juno,0.98,0.072,0.0,ambient-scan,neutral,small work motion,0.61,routine local activity,True,True,True
855,48,riverbend,Lio,0.98,0.095,0.0,soft-eye-contact,open,small beckon,0.76,trusted familiar action,True,True,True
856,48,roofward,Fay,0.98,0.054,0.0,ambient-scan,neutral,small work motion,0.61,routine local activity,True,True,True
857,48,archive,Toma,0.98,0.12,0.0,ambient-scan,neutral,small work motion,0.61,routine local activity,True,True,True
858,48,signal,Milo,0.98,0.122,0.0,tracks-avatar,attentive,turns shoulders,0.66,avatar nearby,True,True,True
859,48,orchard,Mara,0.98,0.063,0.0,ambient-scan,neutral,small work motion,0.61,routine local activity,True,True,True
860,48,repair_ring,Juno,0.98,0.072,0.0,ambient-scan,neutral,small work motion,0.61,routine local activity,True,True,True
861,48,riverbend,Lio,0.98,0.085,0.0,tracks-avatar,attentive,turns shoulders,0.66,avatar nearby,True,True,True
862,48,roofward,Fay,0.98,0.054,0.0,ambient-scan,neutral,small work motion,0.61,routine local activity,True,True,True
863,48,archive,Toma,0.98,0.12,0.0,ambient-scan,neutral,small work motion,0.61,routine local activity,True,True,True
864,49,orchard,Mara,0.98,0.069,0.0,ambient-scan,neutral,small work motion,0.61,routine local activity,True,True,True
865,49,repair_ring,Juno,0.98,0.068,0.0,soft-eye-contact,open,small beckon,0.76,trusted familiar action,True,True,True
866,49,riverbend,Lio,0.98,0.091,0.0,ambient-scan,neutral,small work motion,0.61,routine local activity,True,True,True
867,49,roofward,Fay,0.98,0.06,0.0,ambient-scan,neutral,small work motion,0.61,routine local activity,True,True,True
868,49,archive,Toma,0.98,0.116,0.0,soft-eye-contact,open,small beckon,0.76,trusted familiar action,True,True,True
869,49,signal,Milo,0.98,0.128,0.0,soft-eye-contact,open,small beckon,0.76,trusted familiar action,True,True,True
870,49,orchard,Mara,0.98,0.065,0.0,ambient-scan,neutral,small work motion,0.61,routine local activity,True,True,True
871,49,repair_ring,Juno,0.98,0.058,0.0,ambient-scan,neutral,small work motion,0.61,routine local activity,True,True,True
872,49,riverbend,Lio,0.98,0.097,0.0,soft-eye-contact,open,small beckon,0.76,trusted familiar action,True,True,True
873,49,roofward,Fay,0.98,0.056,0.0,ambient-scan,neutral,small work motion,0.61,routine local activity,True,True,True
874,49,archive,Toma,0.98,0.106,0.0,ambient-scan,neutral,small work motion,0.61,routine local activity,True,True,True
875,49,signal,Milo,0.98,0.118,0.0,tracks-avatar,attentive,turns shoulders,0.66,avatar nearby,True,True,True
876,49,orchard,Mara,0.98,0.064,0.0,ambient-scan,neutral,small work motion,0.61,routine local activity,True,True,True
877,49,repair_ring,Juno,0.98,0.058,0.0,ambient-scan,neutral,small work motion,0.61,routine local activity,True,True,True
878,49,riverbend,Lio,0.98,0.087,0.0,tracks-avatar,attentive,turns shoulders,0.66,avatar nearby,True,True,True
879,49,roofward,Fay,0.98,0.055,0.0,ambient-scan,neutral,small work motion,0.61,routine local activity,True,True,True
880,49,archive,Toma,0.98,0.106,0.0,ambient-scan,neutral,small work motion,0.61,routine local activity,True,True,True
881,49,signal,Milo,0.98,0.124,0.0,soft-eye-contact,open,small beckon,0.76,trusted familiar action,True,True,True
882,50,repair_ring,Juno,0.98,0.054,0.0,soft-eye-contact,open,small beckon,0.76,trusted familiar action,True,True,True
883,50,riverbend,Lio,0.98,0.093,0.0,ambient-scan,neutral,small work motion,0.61,routine local activity,True,True,True
884,50,roofward,Fay,0.98,0.061,0.0,ambient-scan,neutral,small work motion,0.61,routine local activity,True,True,True
885,50,archive,Toma,0.98,0.102,0.0,soft-eye-contact,open,small beckon,0.76,trusted familiar action,True,True,True
886,50,signal,Milo,0.98,0.114,0.0,soft-eye-contact,open,small beckon,0.76,trusted familiar action,True,True,True
887,50,orchard,Mara,0.98,0.07,0.0,ambient-scan,neutral,small work motion,0.61,routine local activity,True,True,True
888,50,repair_ring,Juno,0.98,0.05,0.0,ambient-scan,neutral,small work motion,0.61,routine local activity,True,True,True
889,50,riverbend,Lio,0.98,0.099,0.0,soft-eye-contact,open,small beckon,0.76,trusted familiar action,True,True,True
890,50,roofward,Fay,0.98,0.057,0.0,ambient-scan,neutral,small work motion,0.61,routine local activity,True,True,True
891,50,archive,Toma,0.98,0.092,0.0,ambient-scan,neutral,small work motion,0.61,routine local activity,True,True,True
892,50,signal,Milo,0.98,0.104,0.0,tracks-avatar,attentive,turns shoulders,0.66,avatar nearby,True,True,True
893,50,orchard,Mara,0.98,0.07,0.0,ambient-scan,neutral,small work motion,0.61,routine local activity,True,True,True
894,50,repair_ring,Juno,0.98,0.056,0.0,ambient-scan,neutral,small work motion,0.61,routine local activity,True,True,True
895,50,riverbend,Lio,0.98,0.089,0.0,tracks-avatar,attentive,turns shoulders,0.66,avatar nearby,True,True,True
896,50,roofward,Fay,0.98,0.057,0.0,ambient-scan,neutral,small work motion,0.61,routine local activity,True,True,True
897,50,archive,Toma,0.98,0.091,0.0,ambient-scan,neutral,small work motion,0.61,routine local activity,True,True,True
898,50,signal,Milo,0.98,0.11,0.0,soft-eye-contact,open,small beckon,0.76,trusted familiar action,True,True,True
899,50,orchard,Mara,0.98,0.076,0.0,soft-eye-contact,open,small beckon,0.76,trusted familiar action,True,True,True
900,51,riverbend,Lio,0.98,0.095,0.0,ambient-scan,neutral,small work motion,0.61,routine local activity,True,True,True
901,51,roofward,Fay,0.98,0.063,0.0,ambient-scan,neutral,small work motion,0.61,routine local activity,True,True,True
902,51,archive,Toma,0.98,0.087,0.0,soft-eye-contact,open,small beckon,0.76,trusted familiar action,True,True,True
903,51,signal,Milo,0.98,0.1,0.0,soft-eye-contact,open,small beckon,0.76,trusted familiar action,True,True,True
904,51,orchard,Mara,0.98,0.066,0.0,ambient-scan,neutral,small work motion,0.61,routine local activity,True,True,True
905,51,repair_ring,Juno,0.98,0.052,0.0,ambient-scan,neutral,small work motion,0.61,routine local activity,True,True,True
906,51,riverbend,Lio,0.98,0.101,0.0,soft-eye-contact,open,small beckon,0.76,trusted familiar action,True,True,True
907,51,roofward,Fay,0.98,0.059,0.0,ambient-scan,neutral,small work motion,0.61,routine local activity,True,True,True
908,51,archive,Toma,0.98,0.077,0.0,ambient-scan,neutral,small work motion,0.61,routine local activity,True,True,True
909,51,signal,Milo,0.98,0.09,0.0,tracks-avatar,attentive,turns shoulders,0.66,avatar nearby,True,True,True
910,51,orchard,Mara,0.98,0.066,0.0,ambient-scan,neutral,small work motion,0.61,routine local activity,True,True,True
911,51,repair_ring,Juno,0.98,0.052,0.0,ambient-scan,neutral,small work motion,0.61,routine local activity,True,True,True
912,51,riverbend,Lio,0.98,0.091,0.0,tracks-avatar,attentive,turns shoulders,0.66,avatar nearby,True,True,True
913,51,roofward,Fay,0.98,0.059,0.0,ambient-scan,neutral,small work motion,0.61,routine local activity,True,True,True
914,51,archive,Toma,0.98,0.077,0.0,ambient-scan,neutral,small work motion,0.61,routine local activity,True,True,True
915,51,signal,Milo,0.98,0.096,0.0,soft-eye-contact,open,small beckon,0.76,trusted familiar action,True,True,True
916,51,orchard,Mara,0.98,0.072,0.0,soft-eye-contact,open,small beckon,0.76,trusted familiar action,True,True,True
917,51,repair_ring,Juno,0.98,0.05,0.0,ambient-scan,neutral,small work motion,0.61,routine local activity,True,True,True
918,52,roofward,Fay,0.98,0.065,0.0,ambient-scan,neutral,small work motion,0.61,routine local activity,True,True,True
919,52,archive,Toma,0.98,0.073,0.0,soft-eye-contact,open,small beckon,0.76,trusted familiar action,True,True,True
920,52,signal,Milo,0.98,0.086,0.0,soft-eye-contact,open,small beckon,0.76,trusted familiar action,True,True,True
921,52,orchard,Mara,0.98,0.062,0.0,ambient-scan,neutral,small work motion,0.61,routine local activity,True,True,True
922,52,repair_ring,Juno,0.98,0.05,0.0,ambient-scan,neutral,small work motion,0.61,routine local activity,True,True,True
923,52,riverbend,Lio,0.98,0.097,0.0,soft-eye-contact,open,small beckon,0.76,trusted familiar action,True,True,True
924,52,roofward,Fay,0.98,0.061,0.0,ambient-scan,neutral,small work motion,0.61,routine local activity,True,True,True
925,52,archive,Toma,0.98,0.063,0.0,ambient-scan,neutral,small work motion,0.61,routine local activity,True,True,True
926,52,signal,Milo,0.98,0.076,0.0,tracks-avatar,attentive,turns shoulders,0.66,avatar nearby,True,True,True
927,52,orchard,Mara,0.98,0.061,0.0,ambient-scan,neutral,small work motion,0.61,routine local activity,True,True,True
928,52,repair_ring,Juno,0.98,0.05,0.0,ambient-scan,neutral,small work motion,0.61,routine local activity,True,True,True
929,52,riverbend,Lio,0.98,0.087,0.0,tracks-avatar,attentive,turns shoulders,0.66,avatar nearby,True,True,True
930,52,roofward,Fay,0.98,0.06,0.0,ambient-scan,neutral,small work motion,0.61,routine local activity,True,True,True
931,52,archive,Toma,0.98,0.063,0.0,ambient-scan,neutral,small work motion,0.61,routine local activity,True,True,True
932,52,signal,Milo,0.98,0.082,0.0,soft-eye-contact,open,small beckon,0.76,trusted familiar action,True,True,True
933,52,orchard,Mara,0.98,0.067,0.0,soft-eye-contact,open,small beckon,0.76,trusted familiar action,True,True,True
934,52,repair_ring,Juno,0.98,0.056,0.0,ambient-scan,neutral,small work motion,0.61,routine local activity,True,True,True
935,52,riverbend,Lio,0.98,0.093,0.0,soft-eye-contact,open,small beckon,0.76,trusted familiar action,True,True,True
936,53,archive,Toma,0.98,0.059,0.0,soft-eye-contact,open,small beckon,0.76,trusted familiar action,True,True,True
937,53,signal,Milo,0.98,0.072,0.0,soft-eye-contact,open,small beckon,0.76,trusted familiar action,True,True,True
938,53,orchard,Mara,0.98,0.057,0.0,ambient-scan,neutral,small work motion,0.61,routine local activity,True,True,True
939,53,repair_ring,Juno,0.98,0.056,0.0,ambient-scan,neutral,small work motion,0.61,routine local activity,True,True,True
940,53,riverbend,Lio,0.98,0.083,0.0,soft-eye-contact,open,small beckon,0.76,trusted familiar action,True,True,True
941,53,roofward,Fay,0.98,0.066,0.0,ambient-scan,neutral,small work motion,0.61,routine local activity,True,True,True
942,53,archive,Toma,0.98,0.05,0.0,ambient-scan,neutral,small work motion,0.61,routine local activity,True,True,True
943,53,signal,Milo,0.98,0.062,0.0,tracks-avatar,attentive,turns shoulders,0.66,avatar nearby,True,True,True
944,53,orchard,Mara,0.98,0.057,0.0,ambient-scan,neutral,small work motion,0.61,routine local activity,True,True,True
945,53,repair_ring,Juno,0.98,0.055,0.0,ambient-scan,neutral,small work motion,0.61,routine local activity,True,True,True
946,53,riverbend,Lio,0.98,0.073,0.0,tracks-avatar,attentive,turns shoulders,0.66,avatar nearby,True,True,True
947,53,roofward,Fay,0.98,0.066,0.0,ambient-scan,neutral,small work motion,0.61,routine local activity,True,True,True
948,53,archive,Toma,0.98,0.056,0.0,ambient-scan,neutral,small work motion,0.61,routine local activity,True,True,True
949,53,signal,Milo,0.98,0.068,0.0,soft-eye-contact,open,small beckon,0.76,trusted familiar action,True,True,True
950,53,orchard,Mara,0.98,0.063,0.0,soft-eye-contact,open,small beckon,0.76,trusted familiar action,True,True,True
951,53,repair_ring,Juno,0.98,0.051,0.0,ambient-scan,neutral,small work motion,0.61,routine local activity,True,True,True
952,53,riverbend,Lio,0.98,0.079,0.0,soft-eye-contact,open,small beckon,0.76,trusted familiar action,True,True,True
953,53,roofward,Fay,0.98,0.072,0.0,soft-eye-contact,open,small beckon,0.76,trusted familiar action,True,True,True
954,54,signal,Milo,0.98,0.058,0.0,soft-eye-contact,open,small beckon,0.76,trusted familiar action,True,True,True
955,54,orchard,Mara,0.98,0.053,0.0,ambient-scan,neutral,small work motion,0.61,routine local activity,True,True,True
956,54,repair_ring,Juno,0.98,0.05,0.0,ambient-scan,neutral,small work motion,0.61,routine local activity,True,True,True
957,54,riverbend,Lio,0.98,0.069,0.0,soft-eye-contact,open,small beckon,0.76,trusted familiar action,True,True,True
958,54,roofward,Fay,0.98,0.062,0.0,ambient-scan,neutral,small work motion,0.61,routine local activity,True,True,True
959,54,archive,Toma,0.98,0.052,0.0,ambient-scan,neutral,small work motion,0.61,routine local activity,True,True,True
960,54,signal,Milo,0.98,0.05,0.0,tracks-avatar,attentive,turns shoulders,0.66,avatar nearby,True,True,True
961,54,orchard,Mara,0.98,0.053,0.0,ambient-scan,neutral,small work motion,0.61,routine local activity,True,True,True
962,54,repair_ring,Juno,0.98,0.05,0.0,ambient-scan,neutral,small work motion,0.61,routine local activity,True,True,True
963,54,riverbend,Lio,0.98,0.059,0.0,tracks-avatar,attentive,turns shoulders,0.66,avatar nearby,True,True,True
964,54,roofward,Fay,0.98,0.062,0.0,ambient-scan,neutral,small work motion,0.61,routine local activity,True,True,True
965,54,archive,Toma,0.98,0.052,0.0,ambient-scan,neutral,small work motion,0.61,routine local activity,True,True,True
966,54,signal,Milo,0.98,0.056,0.0,soft-eye-contact,open,small beckon,0.76,trusted familiar action,True,True,True
967,54,orchard,Mara,0.98,0.059,0.0,soft-eye-contact,open,small beckon,0.76,trusted familiar action,True,True,True
968,54,repair_ring,Juno,0.98,0.056,0.0,ambient-scan,neutral,small work motion,0.61,routine local activity,True,True,True
969,54,riverbend,Lio,0.98,0.065,0.0,soft-eye-contact,open,small beckon,0.76,trusted familiar action,True,True,True
970,54,roofward,Fay,0.98,0.068,0.0,soft-eye-contact,open,small beckon,0.76,trusted familiar action,True,True,True
971,54,archive,Toma,0.98,0.05,0.0,ambient-scan,neutral,small work motion,0.61,routine local activity,True,True,True
972,55,orchard,Mara,0.98,0.05,0.0,ambient-scan,neutral,small work motion,0.61,routine local activity,True,True,True
973,55,repair_ring,Juno,0.98,0.056,0.0,ambient-scan,neutral,small work motion,0.61,routine local activity,True,True,True
974,55,riverbend,Lio,0.98,0.055,0.0,soft-eye-contact,open,small beckon,0.76,trusted familiar action,True,True,True
975,55,roofward,Fay,0.98,0.058,0.0,ambient-scan,neutral,small work motion,0.61,routine local activity,True,True,True
976,55,archive,Toma,0.98,0.05,0.0,ambient-scan,neutral,small work motion,0.61,routine local activity,True,True,True
977,55,signal,Milo,0.98,0.05,0.0,tracks-avatar,attentive,turns shoulders,0.66,avatar nearby,True,True,True
978,55,orchard,Mara,0.98,0.056,0.0,ambient-scan,neutral,small work motion,0.61,routine local activity,True,True,True
979,55,repair_ring,Juno,0.98,0.056,0.0,ambient-scan,neutral,small work motion,0.61,routine local activity,True,True,True
980,55,riverbend,Lio,0.98,0.05,0.0,tracks-avatar,attentive,turns shoulders,0.66,avatar nearby,True,True,True
981,55,roofward,Fay,0.98,0.057,0.0,ambient-scan,neutral,small work motion,0.61,routine local activity,True,True,True
982,55,archive,Toma,0.98,0.05,0.0,ambient-scan,neutral,small work motion,0.61,routine local activity,True,True,True
983,55,signal,Milo,0.98,0.056,0.0,soft-eye-contact,open,small beckon,0.76,trusted familiar action,True,True,True
984,55,orchard,Mara,0.98,0.062,0.0,soft-eye-contact,open,small beckon,0.76,trusted familiar action,True,True,True
985,55,repair_ring,Juno,0.98,0.052,0.0,ambient-scan,neutral,small work motion,0.61,routine local activity,True,True,True
986,55,riverbend,Lio,0.98,0.056,0.0,soft-eye-contact,open,small beckon,0.76,trusted familiar action,True,True,True
987,55,roofward,Fay,0.98,0.063,0.0,soft-eye-contact,open,small beckon,0.76,trusted familiar action,True,True,True
988,55,archive,Toma,0.98,0.056,0.0,ambient-scan,neutral,small work motion,0.61,routine local activity,True,True,True
989,55,signal,Milo,0.98,0.05,0.0,ambient-scan,neutral,small work motion,0.61,routine local activity,True,True,True
990,56,repair_ring,Juno,0.98,0.052,0.0,ambient-scan,neutral,small work motion,0.61,routine local activity,True,True,True
991,56,riverbend,Lio,0.98,0.05,0.0,soft-eye-contact,open,small beckon,0.76,trusted familiar action,True,True,True
992,56,roofward,Fay,0.98,0.053,0.0,ambient-scan,neutral,small work motion,0.61,routine local activity,True,True,True
993,56,archive,Toma,0.98,0.056,0.0,ambient-scan,neutral,small work motion,0.61,routine local activity,True,True,True
994,56,signal,Milo,0.98,0.05,0.0,tracks-avatar,attentive,turns shoulders,0.66,avatar nearby,True,True,True
995,56,orchard,Mara,0.98,0.052,0.0,ambient-scan,neutral,small work motion,0.61,routine local activity,True,True,True
996,56,repair_ring,Juno,0.98,0.051,0.0,ambient-scan,neutral,small work motion,0.61,routine local activity,True,True,True
997,56,riverbend,Lio,0.98,0.05,0.0,tracks-avatar,attentive,turns shoulders,0.66,avatar nearby,True,True,True
998,56,roofward,Fay,0.98,0.053,0.0,ambient-scan,neutral,small work motion,0.61,routine local activity,True,True,True
999,56,archive,Toma,0.98,0.055,0.0,ambient-scan,neutral,small work motion,0.61,routine local activity,True,True,True
1000,56,signal,Milo,0.98,0.056,0.0,soft-eye-contact,open,small beckon,0.76,trusted familiar action,True,True,True
1001,56,orchard,Mara,0.98,0.058,0.0,soft-eye-contact,open,small beckon,0.76,trusted familiar action,True,True,True
1002,56,repair_ring,Juno,0.98,0.05,0.0,ambient-scan,neutral,small work motion,0.61,routine local activity,True,True,True
1003,56,riverbend,Lio,0.98,0.056,0.0,soft-eye-contact,open,small beckon,0.76,trusted familiar action,True,True,True
1004,56,roofward,Fay,0.98,0.059,0.0,soft-eye-contact,open,small beckon,0.76,trusted familiar action,True,True,True
1005,56,archive,Toma,0.98,0.051,0.0,ambient-scan,neutral,small work motion,0.61,routine local activity,True,True,True
1006,56,signal,Milo,0.98,0.05,0.0,ambient-scan,neutral,small work motion,0.61,routine local activity,True,True,True
1007,56,orchard,Mara,0.98,0.05,0.0,tracks-avatar,attentive,turns shoulders,0.66,avatar nearby,True,True,True
1008,57,riverbend,Lio,0.98,0.05,0.0,soft-eye-contact,open,small beckon,0.76,trusted familiar action,True,True,True
1009,57,roofward,Fay,0.98,0.05,0.0,ambient-scan,neutral,small work motion,0.61,routine local activity,True,True,True
1010,57,archive,Toma,0.98,0.05,0.0,ambient-scan,neutral,small work motion,0.61,routine local activity,True,True,True
1011,57,signal,Milo,0.98,0.05,0.0,tracks-avatar,attentive,turns shoulders,0.66,avatar nearby,True,True,True
1012,57,orchard,Mara,0.98,0.056,0.0,ambient-scan,neutral,small work motion,0.61,routine local activity,True,True,True
1013,57,repair_ring,Juno,0.98,0.056,0.0,ambient-scan,neutral,small work motion,0.61,routine local activity,True,True,True
1014,57,riverbend,Lio,0.98,0.056,0.0,tracks-avatar,attentive,turns shoulders,0.66,avatar nearby,True,True,True
1015,57,roofward,Fay,0.98,0.05,0.0,ambient-scan,neutral,small work motion,0.61,routine local activity,True,True,True
1016,57,archive,Toma,0.98,0.05,0.0,ambient-scan,neutral,small work motion,0.61,routine local activity,True,True,True
1017,57,signal,Milo,0.98,0.056,0.0,soft-eye-contact,open,small beckon,0.76,trusted familiar action,True,True,True
1018,57,orchard,Mara,0.98,0.062,0.0,soft-eye-contact,open,small beckon,0.76,trusted familiar action,True,True,True
1019,57,repair_ring,Juno,0.98,0.052,0.0,ambient-scan,neutral,small work motion,0.61,routine local activity,True,True,True
1020,57,riverbend,Lio,0.98,0.062,0.0,soft-eye-contact,open,small beckon,0.76,trusted familiar action,True,True,True
1021,57,roofward,Fay,0.98,0.056,0.0,soft-eye-contact,open,small beckon,0.76,trusted familiar action,True,True,True
1022,57,archive,Toma,0.98,0.056,0.0,ambient-scan,neutral,small work motion,0.61,routine local activity,True,True,True
1023,57,signal,Milo,0.98,0.05,0.0,ambient-scan,neutral,small work motion,0.61,routine local activity,True,True,True
1024,57,orchard,Mara,0.98,0.052,0.0,tracks-avatar,attentive,turns shoulders,0.66,avatar nearby,True,True,True
1025,57,repair_ring,Juno,0.98,0.052,0.0,ambient-scan,neutral,small work motion,0.61,routine local activity,True,True,True
1026,58,roofward,Fay,0.98,0.05,0.0,ambient-scan,neutral,small work motion,0.61,routine local activity,True,True,True
1027,58,archive,Toma,0.98,0.056,0.0,ambient-scan,neutral,small work motion,0.61,routine local activity,True,True,True
1028,58,signal,Milo,0.98,0.056,0.0,tracks-avatar,attentive,turns shoulders,0.66,avatar nearby,True,True,True
1029,58,orchard,Mara,0.98,0.058,0.0,ambient-scan,neutral,small work motion,0.61,routine local activity,True,True,True
1030,58,repair_ring,Juno,0.98,0.058,0.0,ambient-scan,neutral,small work motion,0.61,routine local activity,True,True,True
1031,58,riverbend,Lio,0.98,0.052,0.0,tracks-avatar,attentive,turns shoulders,0.66,avatar nearby,True,True,True
1032,58,roofward,Fay,0.98,0.056,0.0,ambient-scan,neutral,small work motion,0.61,routine local activity,True,True,True
1033,58,archive,Toma,0.98,0.056,0.0,ambient-scan,neutral,small work motion,0.61,routine local activity,True,True,True
1034,58,signal,Milo,0.98,0.062,0.0,soft-eye-contact,open,small beckon,0.76,trusted familiar action,True,True,True
1035,58,orchard,Mara,0.98,0.064,0.0,soft-eye-contact,open,small beckon,0.76,trusted familiar action,True,True,True
1036,58,repair_ring,Juno,0.98,0.054,0.0,ambient-scan,neutral,small work motion,0.61,routine local activity,True,True,True
1037,58,riverbend,Lio,0.98,0.058,0.0,soft-eye-contact,open,small beckon,0.76,trusted familiar action,True,True,True
1038,58,roofward,Fay,0.98,0.062,0.0,soft-eye-contact,open,small beckon,0.76,trusted familiar action,True,True,True
1039,58,archive,Toma,0.98,0.052,0.0,ambient-scan,neutral,small work motion,0.61,routine local activity,True,True,True
1040,58,signal,Milo,0.98,0.052,0.0,ambient-scan,neutral,small work motion,0.61,routine local activity,True,True,True
1041,58,orchard,Mara,0.98,0.054,0.0,tracks-avatar,attentive,turns shoulders,0.66,avatar nearby,True,True,True
1042,58,repair_ring,Juno,0.98,0.054,0.0,ambient-scan,neutral,small work motion,0.61,routine local activity,True,True,True
1043,58,riverbend,Lio,0.98,0.05,0.0,ambient-scan,neutral,small work motion,0.61,routine local activity,True,True,True
1044,59,archive,Toma,0.98,0.052,0.0,ambient-scan,neutral,small work motion,0.61,routine local activity,True,True,True
1045,59,signal,Milo,0.98,0.052,0.0,tracks-avatar,attentive,turns shoulders,0.66,avatar nearby,True,True,True
1046,59,orchard,Mara,0.98,0.06,0.0,ambient-scan,neutral,small work motion,0.61,routine local activity,True,True,True
1047,59,repair_ring,Juno,0.98,0.06,0.0,ambient-scan,neutral,small work motion,0.61,routine local activity,True,True,True
1048,59,riverbend,Lio,0.98,0.05,0.0,tracks-avatar,attentive,turns shoulders,0.66,avatar nearby,True,True,True
1049,59,roofward,Fay,0.98,0.052,0.0,ambient-scan,neutral,small work motion,0.61,routine local activity,True,True,True
1050,59,archive,Toma,0.98,0.051,0.0,ambient-scan,neutral,small work motion,0.61,routine local activity,True,True,True
1051,59,signal,Milo,0.98,0.058,0.0,soft-eye-contact,open,small beckon,0.76,trusted familiar action,True,True,True
1052,59,orchard,Mara,0.98,0.066,0.0,soft-eye-contact,open,small beckon,0.76,trusted familiar action,True,True,True
1053,59,repair_ring,Juno,0.98,0.056,0.0,ambient-scan,neutral,small work motion,0.61,routine local activity,True,True,True
1054,59,riverbend,Lio,0.98,0.056,0.0,soft-eye-contact,open,small beckon,0.76,trusted familiar action,True,True,True
1055,59,roofward,Fay,0.98,0.058,0.0,soft-eye-contact,open,small beckon,0.76,trusted familiar action,True,True,True
1056,59,archive,Toma,0.98,0.05,0.0,ambient-scan,neutral,small work motion,0.61,routine local activity,True,True,True
1057,59,signal,Milo,0.98,0.05,0.0,ambient-scan,neutral,small work motion,0.61,routine local activity,True,True,True
1058,59,orchard,Mara,0.98,0.056,0.0,tracks-avatar,attentive,turns shoulders,0.66,avatar nearby,True,True,True
1059,59,repair_ring,Juno,0.98,0.055,0.0,ambient-scan,neutral,small work motion,0.61,routine local activity,True,True,True
1060,59,riverbend,Lio,0.98,0.05,0.0,ambient-scan,neutral,small work motion,0.61,routine local activity,True,True,True
1061,59,roofward,Fay,0.98,0.05,0.0,tracks-avatar,attentive,turns shoulders,0.66,avatar nearby,True,True,True
1062,60,signal,Milo,0.98,0.05,0.0,tracks-avatar,attentive,turns shoulders,0.66,avatar nearby,True,True,True
1063,60,orchard,Mara,0.98,0.062,0.0,ambient-scan,neutral,small work motion,0.61,routine local activity,True,True,True
1064,60,repair_ring,Juno,0.98,0.061,0.0,ambient-scan,neutral,small work motion,0.61,routine local activity,True,True,True
1065,60,riverbend,Lio,0.98,0.05,0.0,tracks-avatar,attentive,turns shoulders,0.66,avatar nearby,True,True,True
1066,60,roofward,Fay,0.98,0.056,0.0,ambient-scan,neutral,small work motion,0.61,routine local activity,True,True,True
1067,60,archive,Toma,0.98,0.056,0.0,ambient-scan,neutral,small work motion,0.61,routine local activity,True,True,True
1068,60,signal,Milo,0.98,0.056,0.0,soft-eye-contact,open,small beckon,0.76,trusted familiar action,True,True,True
1069,60,orchard,Mara,0.98,0.068,0.0,soft-eye-contact,open,small beckon,0.76,trusted familiar action,True,True,True
1070,60,repair_ring,Juno,0.98,0.057,0.0,ambient-scan,neutral,small work motion,0.61,routine local activity,True,True,True
1071,60,riverbend,Lio,0.98,0.056,0.0,soft-eye-contact,open,small beckon,0.76,trusted familiar action,True,True,True
1072,60,roofward,Fay,0.98,0.062,0.0,soft-eye-contact,open,small beckon,0.76,trusted familiar action,True,True,True
1073,60,archive,Toma,0.98,0.052,0.0,ambient-scan,neutral,small work motion,0.61,routine local activity,True,True,True
1074,60,signal,Milo,0.98,0.05,0.0,ambient-scan,neutral,small work motion,0.61,routine local activity,True,True,True
1075,60,orchard,Mara,0.98,0.058,0.0,tracks-avatar,attentive,turns shoulders,0.66,avatar nearby,True,True,True
1076,60,repair_ring,Juno,0.98,0.057,0.0,ambient-scan,neutral,small work motion,0.61,routine local activity,True,True,True
1077,60,riverbend,Lio,0.98,0.05,0.0,ambient-scan,neutral,small work motion,0.61,routine local activity,True,True,True
1078,60,roofward,Fay,0.98,0.052,0.0,tracks-avatar,attentive,turns shoulders,0.66,avatar nearby,True,True,True
1079,60,archive,Toma,0.98,0.052,0.0,ambient-scan,neutral,small work motion,0.61,routine local activity,True,True,True
1080,61,orchard,Mara,0.98,0.064,0.0,ambient-scan,neutral,small work motion,0.61,routine local activity,True,True,True
1081,61,repair_ring,Juno,0.98,0.063,0.0,ambient-scan,neutral,small work motion,0.61,routine local activity,True,True,True
1082,61,riverbend,Lio,0.98,0.056,0.0,tracks-avatar,attentive,turns shoulders,0.66,avatar nearby,True,True,True
1083,61,roofward,Fay,0.98,0.058,0.0,ambient-scan,neutral,small work motion,0.61,routine local activity,True,True,True
1084,61,archive,Toma,0.98,0.058,0.0,ambient-scan,neutral,small work motion,0.61,routine local activity,True,True,True
1085,61,signal,Milo,0.98,0.056,0.0,soft-eye-contact,open,small beckon,0.76,trusted familiar action,True,True,True
1086,61,orchard,Mara,0.98,0.07,0.0,soft-eye-contact,open,small beckon,0.76,trusted familiar action,True,True,True
1087,61,repair_ring,Juno,0.98,0.059,0.0,ambient-scan,neutral,small work motion,0.61,routine local activity,True,True,True
1088,61,riverbend,Lio,0.98,0.062,0.0,soft-eye-contact,open,small beckon,0.76,trusted familiar action,True,True,True
1089,61,roofward,Fay,0.98,0.064,0.0,soft-eye-contact,open,small beckon,0.76,trusted familiar action,True,True,True
1090,61,archive,Toma,0.98,0.054,0.0,ambient-scan,neutral,small work motion,0.61,routine local activity,True,True,True
1091,61,signal,Milo,0.98,0.05,0.0,ambient-scan,neutral,small work motion,0.61,routine local activity,True,True,True
1092,61,orchard,Mara,0.98,0.06,0.0,tracks-avatar,attentive,turns shoulders,0.66,avatar nearby,True,True,True
1093,61,repair_ring,Juno,0.98,0.059,0.0,ambient-scan,neutral,small work motion,0.61,routine local activity,True,True,True
1094,61,riverbend,Lio,0.98,0.052,0.0,ambient-scan,neutral,small work motion,0.61,routine local activity,True,True,True
1095,61,roofward,Fay,0.98,0.054,0.0,tracks-avatar,attentive,turns shoulders,0.66,avatar nearby,True,True,True
1096,61,archive,Toma,0.98,0.054,0.0,ambient-scan,neutral,small work motion,0.61,routine local activity,True,True,True
1097,61,signal,Milo,0.98,0.05,0.0,ambient-scan,neutral,small work motion,0.61,routine local activity,True,True,True
1098,62,repair_ring,Juno,0.98,0.065,0.0,ambient-scan,neutral,small work motion,0.61,routine local activity,True,True,True
1099,62,riverbend,Lio,0.98,0.052,0.0,tracks-avatar,attentive,turns shoulders,0.66,avatar nearby,True,True,True
1100,62,roofward,Fay,0.98,0.06,0.0,ambient-scan,neutral,small work motion,0.61,routine local activity,True,True,True
1101,62,archive,Toma,0.98,0.06,0.0,ambient-scan,neutral,small work motion,0.61,routine local activity,True,True,True
1102,62,signal,Milo,0.98,0.056,0.0,soft-eye-contact,open,small beckon,0.76,trusted familiar action,True,True,True
1103,62,orchard,Mara,0.98,0.066,0.0,soft-eye-contact,open,small beckon,0.76,trusted familiar action,True,True,True
1104,62,repair_ring,Juno,0.98,0.061,0.0,ambient-scan,neutral,small work motion,0.61,routine local activity,True,True,True
1105,62,riverbend,Lio,0.98,0.058,0.0,soft-eye-contact,open,small beckon,0.76,trusted familiar action,True,True,True
1106,62,roofward,Fay,0.98,0.066,0.0,soft-eye-contact,open,small beckon,0.76,trusted familiar action,True,True,True
1107,62,archive,Toma,0.98,0.056,0.0,ambient-scan,neutral,small work motion,0.61,routine local activity,True,True,True
1108,62,signal,Milo,0.98,0.05,0.0,ambient-scan,neutral,small work motion,0.61,routine local activity,True,True,True
1109,62,orchard,Mara,0.98,0.056,0.0,tracks-avatar,attentive,turns shoulders,0.66,avatar nearby,True,True,True
1110,62,repair_ring,Juno,0.98,0.06,0.0,ambient-scan,neutral,small work motion,0.61,routine local activity,True,True,True
1111,62,riverbend,Lio,0.98,0.05,0.0,ambient-scan,neutral,small work motion,0.61,routine local activity,True,True,True
1112,62,roofward,Fay,0.98,0.056,0.0,tracks-avatar,attentive,turns shoulders,0.66,avatar nearby,True,True,True
1113,62,archive,Toma,0.98,0.055,0.0,ambient-scan,neutral,small work motion,0.61,routine local activity,True,True,True
1114,62,signal,Milo,0.98,0.05,0.0,ambient-scan,neutral,small work motion,0.61,routine local activity,True,True,True
1115,62,orchard,Mara,0.98,0.062,0.0,soft-eye-contact,open,small beckon,0.76,trusted familiar action,True,True,True
1116,63,riverbend,Lio,0.98,0.05,0.0,tracks-avatar,attentive,turns shoulders,0.66,avatar nearby,True,True,True
1117,63,roofward,Fay,0.98,0.062,0.0,ambient-scan,neutral,small work motion,0.61,routine local activity,True,True,True
1118,63,archive,Toma,0.98,0.061,0.0,ambient-scan,neutral,small work motion,0.61,routine local activity,True,True,True
1119,63,signal,Milo,0.98,0.056,0.0,soft-eye-contact,open,small beckon,0.76,trusted familiar action,True,True,True
1120,63,orchard,Mara,0.98,0.052,0.0,soft-eye-contact,open,small beckon,0.76,trusted familiar action,True,True,True
1121,63,repair_ring,Juno,0.98,0.066,0.0,ambient-scan,neutral,small work motion,0.61,routine local activity,True,True,True
1122,63,riverbend,Lio,0.98,0.056,0.0,soft-eye-contact,open,small beckon,0.76,trusted familiar action,True,True,True
1123,63,roofward,Fay,0.98,0.068,0.0,soft-eye-contact,open,small beckon,0.76,trusted familiar action,True,True,True
1124,63,archive,Toma,0.98,0.057,0.0,ambient-scan,neutral,small work motion,0.61,routine local activity,True,True,True
1125,63,signal,Milo,0.98,0.05,0.0,ambient-scan,neutral,small work motion,0.61,routine local activity,True,True,True
1126,63,orchard,Mara,0.98,0.05,0.0,tracks-avatar,attentive,turns shoulders,0.66,avatar nearby,True,True,True
1127,63,repair_ring,Juno,0.98,0.066,0.0,ambient-scan,neutral,small work motion,0.61,routine local activity,True,True,True
1128,63,riverbend,Lio,0.98,0.05,0.0,ambient-scan,neutral,small work motion,0.61,routine local activity,True,True,True
1129,63,roofward,Fay,0.98,0.058,0.0,tracks-avatar,attentive,turns shoulders,0.66,avatar nearby,True,True,True
1130,63,archive,Toma,0.98,0.057,0.0,ambient-scan,neutral,small work motion,0.61,routine local activity,True,True,True
1131,63,signal,Milo,0.98,0.056,0.0,ambient-scan,neutral,small work motion,0.61,routine local activity,True,True,True
1132,63,orchard,Mara,0.98,0.056,0.0,soft-eye-contact,open,small beckon,0.76,trusted familiar action,True,True,True
1133,63,repair_ring,Juno,0.98,0.072,0.0,soft-eye-contact,open,small beckon,0.76,trusted familiar action,True,True,True
1134,64,roofward,Fay,0.98,0.064,0.0,ambient-scan,neutral,small work motion,0.61,routine local activity,True,True,True
1135,64,archive,Toma,0.98,0.063,0.0,ambient-scan,neutral,small work motion,0.61,routine local activity,True,True,True
1136,64,signal,Milo,0.98,0.052,0.0,soft-eye-contact,open,small beckon,0.76,trusted familiar action,True,True,True
1137,64,orchard,Mara,0.98,0.05,0.0,soft-eye-contact,open,small beckon,0.76,trusted familiar action,True,True,True
1138,64,repair_ring,Juno,0.98,0.062,0.0,ambient-scan,neutral,small work motion,0.61,routine local activity,True,True,True
1139,64,riverbend,Lio,0.98,0.056,0.0,soft-eye-contact,open,small beckon,0.76,trusted familiar action,True,True,True
1140,64,roofward,Fay,0.98,0.07,0.0,soft-eye-contact,open,small beckon,0.76,trusted familiar action,True,True,True
1141,64,archive,Toma,0.98,0.059,0.0,ambient-scan,neutral,small work motion,0.61,routine local activity,True,True,True
1142,64,signal,Milo,0.98,0.05,0.0,ambient-scan,neutral,small work motion,0.61,routine local activity,True,True,True
1143,64,orchard,Mara,0.98,0.056,0.0,tracks-avatar,attentive,turns shoulders,0.66,avatar nearby,True,True,True
1144,64,repair_ring,Juno,0.98,0.062,0.0,ambient-scan,neutral,small work motion,0.61,routine local activity,True,True,True
1145,64,riverbend,Lio,0.98,0.05,0.0,ambient-scan,neutral,small work motion,0.61,routine local activity,True,True,True
1146,64,roofward,Fay,0.98,0.06,0.0,tracks-avatar,attentive,turns shoulders,0.66,avatar nearby,True,True,True
1147,64,archive,Toma,0.98,0.059,0.0,ambient-scan,neutral,small work motion,0.61,routine local activity,True,True,True
1148,64,signal,Milo,0.98,0.05,0.0,ambient-scan,neutral,small work motion,0.61,routine local activity,True,True,True
1149,64,orchard,Mara,0.98,0.062,0.0,soft-eye-contact,open,small beckon,0.76,trusted familiar action,True,True,True
1150,64,repair_ring,Juno,0.98,0.068,0.0,soft-eye-contact,open,small beckon,0.76,trusted familiar action,True,True,True
1151,64,riverbend,Lio,0.98,0.05,0.0,ambient-scan,neutral,small work motion,0.61,routine local activity,True,True,True
1152,65,archive,Toma,0.98,0.065,0.0,ambient-scan,neutral,small work motion,0.61,routine local activity,True,True,True
1153,65,signal,Milo,0.98,0.056,0.0,soft-eye-contact,open,small beckon,0.76,trusted familiar action,True,True,True
1154,65,orchard,Mara,0.98,0.052,0.0,soft-eye-contact,open,small beckon,0.76,trusted familiar action,True,True,True
1155,65,repair_ring,Juno,0.98,0.058,0.0,ambient-scan,neutral,small work motion,0.61,routine local activity,True,True,True
1156,65,riverbend,Lio,0.98,0.056,0.0,soft-eye-contact,open,small beckon,0.76,trusted familiar action,True,True,True
1157,65,roofward,Fay,0.98,0.066,0.0,soft-eye-contact,open,small beckon,0.76,trusted familiar action,True,True,True
1158,65,archive,Toma,0.98,0.061,0.0,ambient-scan,neutral,small work motion,0.61,routine local activity,True,True,True
1159,65,signal,Milo,0.98,0.05,0.0,ambient-scan,neutral,small work motion,0.61,routine local activity,True,True,True
1160,65,orchard,Mara,0.98,0.05,0.0,tracks-avatar,attentive,turns shoulders,0.66,avatar nearby,True,True,True
1161,65,repair_ring,Juno,0.98,0.057,0.0,ambient-scan,neutral,small work motion,0.61,routine local activity,True,True,True
1162,65,riverbend,Lio,0.98,0.05,0.0,ambient-scan,neutral,small work motion,0.61,routine local activity,True,True,True
1163,65,roofward,Fay,0.98,0.056,0.0,tracks-avatar,attentive,turns shoulders,0.66,avatar nearby,True,True,True
1164,65,archive,Toma,0.98,0.06,0.0,ambient-scan,neutral,small work motion,0.61,routine local activity,True,True,True
1165,65,signal,Milo,0.98,0.05,0.0,ambient-scan,neutral,small work motion,0.61,routine local activity,True,True,True
1166,65,orchard,Mara,0.98,0.056,0.0,soft-eye-contact,open,small beckon,0.76,trusted familiar action,True,True,True
1167,65,repair_ring,Juno,0.98,0.063,0.0,soft-eye-contact,open,small beckon,0.76,trusted familiar action,True,True,True
1168,65,riverbend,Lio,0.98,0.05,0.0,ambient-scan,neutral,small work motion,0.61,routine local activity,True,True,True
1169,65,roofward,Fay,0.98,0.062,0.0,soft-eye-contact,open,small beckon,0.76,trusted familiar action,True,True,True
1170,66,signal,Milo,0.98,0.056,0.0,soft-eye-contact,open,small beckon,0.76,trusted familiar action,True,True,True
1171,66,orchard,Mara,0.98,0.05,0.0,soft-eye-contact,open,small beckon,0.76,trusted familiar action,True,True,True
1172,66,repair_ring,Juno,0.98,0.053,0.0,ambient-scan,neutral,small work motion,0.61,routine local activity,True,True,True
1173,66,riverbend,Lio,0.98,0.056,0.0,soft-eye-contact,open,small beckon,0.76,trusted familiar action,True,True,True
1174,66,roofward,Fay,0.98,0.052,0.0,soft-eye-contact,open,small beckon,0.76,trusted familiar action,True,True,True
1175,66,archive,Toma,0.98,0.066,0.0,ambient-scan,neutral,small work motion,0.61,routine local activity,True,True,True
1176,66,signal,Milo,0.98,0.05,0.0,ambient-scan,neutral,small work motion,0.61,routine local activity,True,True,True
1177,66,orchard,Mara,0.98,0.05,0.0,tracks-avatar,attentive,turns shoulders,0.66,avatar nearby,True,True,True
1178,66,repair_ring,Juno,0.98,0.053,0.0,ambient-scan,neutral,small work motion,0.61,routine local activity,True,True,True
1179,66,riverbend,Lio,0.98,0.05,0.0,ambient-scan,neutral,small work motion,0.61,routine local activity,True,True,True
1180,66,roofward,Fay,0.98,0.05,0.0,tracks-avatar,attentive,turns shoulders,0.66,avatar nearby,True,True,True
1181,66,archive,Toma,0.98,0.066,0.0,ambient-scan,neutral,small work motion,0.61,routine local activity,True,True,True
1182,66,signal,Milo,0.98,0.056,0.0,ambient-scan,neutral,small work motion,0.61,routine local activity,True,True,True
1183,66,orchard,Mara,0.98,0.056,0.0,soft-eye-contact,open,small beckon,0.76,trusted familiar action,True,True,True
1184,66,repair_ring,Juno,0.98,0.059,0.0,soft-eye-contact,open,small beckon,0.76,trusted familiar action,True,True,True
1185,66,riverbend,Lio,0.98,0.056,0.0,ambient-scan,neutral,small work motion,0.61,routine local activity,True,True,True
1186,66,roofward,Fay,0.98,0.056,0.0,soft-eye-contact,open,small beckon,0.76,trusted familiar action,True,True,True
1187,66,archive,Toma,0.98,0.072,0.0,soft-eye-contact,open,small beckon,0.76,trusted familiar action,True,True,True
1188,67,orchard,Mara,0.98,0.05,0.0,soft-eye-contact,open,small beckon,0.76,trusted familiar action,True,True,True
1189,67,repair_ring,Juno,0.98,0.05,0.0,ambient-scan,neutral,small work motion,0.61,routine local activity,True,True,True
1190,67,riverbend,Lio,0.98,0.052,0.0,soft-eye-contact,open,small beckon,0.76,trusted familiar action,True,True,True
1191,67,roofward,Fay,0.98,0.05,0.0,soft-eye-contact,open,small beckon,0.76,trusted familiar action,True,True,True
1192,67,archive,Toma,0.98,0.062,0.0,ambient-scan,neutral,small work motion,0.61,routine local activity,True,True,True
1193,67,signal,Milo,0.98,0.052,0.0,ambient-scan,neutral,small work motion,0.61,routine local activity,True,True,True
1194,67,orchard,Mara,0.98,0.056,0.0,tracks-avatar,attentive,turns shoulders,0.66,avatar nearby,True,True,True
1195,67,repair_ring,Juno,0.98,0.05,0.0,ambient-scan,neutral,small work motion,0.61,routine local activity,True,True,True
1196,67,riverbend,Lio,0.98,0.05,0.0,ambient-scan,neutral,small work motion,0.61,routine local activity,True,True,True
1197,67,roofward,Fay,0.98,0.056,0.0,tracks-avatar,attentive,turns shoulders,0.66,avatar nearby,True,True,True
1198,67,archive,Toma,0.98,0.062,0.0,ambient-scan,neutral,small work motion,0.61,routine local activity,True,True,True
1199,67,signal,Milo,0.98,0.052,0.0,ambient-scan,neutral,small work motion,0.61,routine local activity,True,True,True
1200,67,orchard,Mara,0.98,0.062,0.0,soft-eye-contact,open,small beckon,0.76,trusted familiar action,True,True,True
1201,67,repair_ring,Juno,0.98,0.056,0.0,soft-eye-contact,open,small beckon,0.76,trusted familiar action,True,True,True
1202,67,riverbend,Lio,0.98,0.05,0.0,ambient-scan,neutral,small work motion,0.61,routine local activity,True,True,True
1203,67,roofward,Fay,0.98,0.062,0.0,soft-eye-contact,open,small beckon,0.76,trusted familiar action,True,True,True
1204,67,archive,Toma,0.98,0.068,0.0,soft-eye-contact,open,small beckon,0.76,trusted familiar action,True,True,True
1205,67,signal,Milo,0.98,0.05,0.0,ambient-scan,neutral,small work motion,0.61,routine local activity,True,True,True
1206,68,repair_ring,Juno,0.98,0.05,0.0,ambient-scan,neutral,small work motion,0.61,routine local activity,True,True,True
1207,68,riverbend,Lio,0.98,0.056,0.0,soft-eye-contact,open,small beckon,0.76,trusted familiar action,True,True,True
1208,68,roofward,Fay,0.98,0.052,0.0,soft-eye-contact,open,small beckon,0.76,trusted familiar action,True,True,True
1209,68,archive,Toma,0.98,0.058,0.0,ambient-scan,neutral,small work motion,0.61,routine local activity,True,True,True
1210,68,signal,Milo,0.98,0.05,0.0,ambient-scan,neutral,small work motion,0.61,routine local activity,True,True,True
1211,68,orchard,Mara,0.98,0.052,0.0,tracks-avatar,attentive,turns shoulders,0.66,avatar nearby,True,True,True
1212,68,repair_ring,Juno,0.98,0.056,0.0,ambient-scan,neutral,small work motion,0.61,routine local activity,True,True,True
1213,68,riverbend,Lio,0.98,0.05,0.0,ambient-scan,neutral,small work motion,0.61,routine local activity,True,True,True
1214,68,roofward,Fay,0.98,0.05,0.0,tracks-avatar,attentive,turns shoulders,0.66,avatar nearby,True,True,True
1215,68,archive,Toma,0.98,0.057,0.0,ambient-scan,neutral,small work motion,0.61,routine local activity,True,True,True
1216,68,signal,Milo,0.98,0.05,0.0,ambient-scan,neutral,small work motion,0.61,routine local activity,True,True,True
1217,68,orchard,Mara,0.98,0.058,0.0,soft-eye-contact,open,small beckon,0.76,trusted familiar action,True,True,True
1218,68,repair_ring,Juno,0.98,0.062,0.0,soft-eye-contact,open,small beckon,0.76,trusted familiar action,True,True,True
1219,68,riverbend,Lio,0.98,0.05,0.0,ambient-scan,neutral,small work motion,0.61,routine local activity,True,True,True
1220,68,roofward,Fay,0.98,0.056,0.0,soft-eye-contact,open,small beckon,0.76,trusted familiar action,True,True,True
1221,68,archive,Toma,0.98,0.063,0.0,soft-eye-contact,open,small beckon,0.76,trusted familiar action,True,True,True
1222,68,signal,Milo,0.98,0.056,0.0,ambient-scan,neutral,small work motion,0.61,routine local activity,True,True,True
1223,68,orchard,Mara,0.98,0.05,0.0,ambient-scan,neutral,small work motion,0.61,routine local activity,True,True,True
1224,69,riverbend,Lio,0.98,0.056,0.0,soft-eye-contact,open,small beckon,0.76,trusted familiar action,True,True,True
1225,69,roofward,Fay,0.98,0.05,0.0,soft-eye-contact,open,small beckon,0.76,trusted familiar action,True,True,True
1226,69,archive,Toma,0.98,0.053,0.0,ambient-scan,neutral,small work motion,0.61,routine local activity,True,True,True
1227,69,signal,Milo,0.98,0.056,0.0,ambient-scan,neutral,small work motion,0.61,routine local activity,True,True,True
1228,69,orchard,Mara,0.98,0.05,0.0,tracks-avatar,attentive,turns shoulders,0.66,avatar nearby,True,True,True
1229,69,repair_ring,Juno,0.98,0.052,0.0,ambient-scan,neutral,small work motion,0.61,routine local activity,True,True,True
1230,69,riverbend,Lio,0.98,0.05,0.0,ambient-scan,neutral,small work motion,0.61,routine local activity,True,True,True
1231,69,roofward,Fay,0.98,0.05,0.0,tracks-avatar,attentive,turns shoulders,0.66,avatar nearby,True,True,True
1232,69,archive,Toma,0.98,0.053,0.0,ambient-scan,neutral,small work motion,0.61,routine local activity,True,True,True
1233,69,signal,Milo,0.98,0.055,0.0,ambient-scan,neutral,small work motion,0.61,routine local activity,True,True,True
1234,69,orchard,Mara,0.98,0.056,0.0,soft-eye-contact,open,small beckon,0.76,trusted familiar action,True,True,True
1235,69,repair_ring,Juno,0.98,0.058,0.0,soft-eye-contact,open,small beckon,0.76,trusted familiar action,True,True,True
1236,69,riverbend,Lio,0.98,0.056,0.0,ambient-scan,neutral,small work motion,0.61,routine local activity,True,True,True
1237,69,roofward,Fay,0.98,0.056,0.0,soft-eye-contact,open,small beckon,0.76,trusted familiar action,True,True,True
1238,69,archive,Toma,0.98,0.059,0.0,soft-eye-contact,open,small beckon,0.76,trusted familiar action,True,True,True
1239,69,signal,Milo,0.98,0.051,0.0,ambient-scan,neutral,small work motion,0.61,routine local activity,True,True,True
1240,69,orchard,Mara,0.98,0.05,0.0,ambient-scan,neutral,small work motion,0.61,routine local activity,True,True,True
1241,69,repair_ring,Juno,0.98,0.05,0.0,tracks-avatar,attentive,turns shoulders,0.66,avatar nearby,True,True,True
1242,70,roofward,Fay,0.98,0.05,0.0,soft-eye-contact,open,small beckon,0.76,trusted familiar action,True,True,True
1243,70,archive,Toma,0.98,0.05,0.0,ambient-scan,neutral,small work motion,0.61,routine local activity,True,True,True
1244,70,signal,Milo,0.98,0.05,0.0,ambient-scan,neutral,small work motion,0.61,routine local activity,True,True,True
1245,70,orchard,Mara,0.98,0.05,0.0,tracks-avatar,attentive,turns shoulders,0.66,avatar nearby,True,True,True
1246,70,repair_ring,Juno,0.98,0.056,0.0,ambient-scan,neutral,small work motion,0.61,routine local activity,True,True,True
1247,70,riverbend,Lio,0.98,0.052,0.0,ambient-scan,neutral,small work motion,0.61,routine local activity,True,True,True
1248,70,roofward,Fay,0.98,0.056,0.0,tracks-avatar,attentive,turns shoulders,0.66,avatar nearby,True,True,True
1249,70,archive,Toma,0.98,0.05,0.0,ambient-scan,neutral,small work motion,0.61,routine local activity,True,True,True
1250,70,signal,Milo,0.98,0.05,0.0,ambient-scan,neutral,small work motion,0.61,routine local activity,True,True,True
1251,70,orchard,Mara,0.98,0.056,0.0,soft-eye-contact,open,small beckon,0.76,trusted familiar action,True,True,True
1252,70,repair_ring,Juno,0.98,0.062,0.0,soft-eye-contact,open,small beckon,0.76,trusted familiar action,True,True,True
1253,70,riverbend,Lio,0.98,0.052,0.0,ambient-scan,neutral,small work motion,0.61,routine local activity,True,True,True
1254,70,roofward,Fay,0.98,0.062,0.0,soft-eye-contact,open,small beckon,0.76,trusted familiar action,True,True,True
1255,70,archive,Toma,0.98,0.056,0.0,soft-eye-contact,open,small beckon,0.76,trusted familiar action,True,True,True
1256,70,signal,Milo,0.98,0.056,0.0,ambient-scan,neutral,small work motion,0.61,routine local activity,True,True,True
1257,70,orchard,Mara,0.98,0.05,0.0,ambient-scan,neutral,small work motion,0.61,routine local activity,True,True,True
1258,70,repair_ring,Juno,0.98,0.052,0.0,tracks-avatar,attentive,turns shoulders,0.66,avatar nearby,True,True,True
1259,70,riverbend,Lio,0.98,0.05,0.0,ambient-scan,neutral,small work motion,0.61,routine local activity,True,True,True
1260,71,archive,Toma,0.98,0.05,0.0,ambient-scan,neutral,small work motion,0.61,routine local activity,True,True,True
1261,71,signal,Milo,0.98,0.056,0.0,ambient-scan,neutral,small work motion,0.61,routine local activity,True,True,True
1262,71,orchard,Mara,0.98,0.056,0.0,tracks-avatar,attentive,turns shoulders,0.66,avatar nearby,True,True,True
1263,71,repair_ring,Juno,0.98,0.058,0.0,ambient-scan,neutral,small work motion,0.61,routine local activity,True,True,True
1264,71,riverbend,Lio,0.98,0.05,0.0,ambient-scan,neutral,small work motion,0.61,routine local activity,True,True,True
1265,71,roofward,Fay,0.98,0.052,0.0,tracks-avatar,attentive,turns shoulders,0.66,avatar nearby,True,True,True
1266,71,archive,Toma,0.98,0.056,0.0,ambient-scan,neutral,small work motion,0.61,routine local activity,True,True,True
1267,71,signal,Milo,0.98,0.056,0.0,ambient-scan,neutral,small work motion,0.61,routine local activity,True,True,True
1268,71,orchard,Mara,0.98,0.062,0.0,soft-eye-contact,open,small beckon,0.76,trusted familiar action,True,True,True
1269,71,repair_ring,Juno,0.98,0.064,0.0,soft-eye-contact,open,small beckon,0.76,trusted familiar action,True,True,True
1270,71,riverbend,Lio,0.98,0.05,0.0,ambient-scan,neutral,small work motion,0.61,routine local activity,True,True,True
1271,71,roofward,Fay,0.98,0.058,0.0,soft-eye-contact,open,small beckon,0.76,trusted familiar action,True,True,True
1272,71,archive,Toma,0.98,0.062,0.0,soft-eye-contact,open,small beckon,0.76,trusted familiar action,True,True,True
1273,71,signal,Milo,0.98,0.052,0.0,ambient-scan,neutral,small work motion,0.61,routine local activity,True,True,True
1274,71,orchard,Mara,0.98,0.052,0.0,ambient-scan,neutral,small work motion,0.61,routine local activity,True,True,True
1275,71,repair_ring,Juno,0.98,0.054,0.0,tracks-avatar,attentive,turns shoulders,0.66,avatar nearby,True,True,True
1276,71,riverbend,Lio,0.98,0.056,0.0,ambient-scan,neutral,small work motion,0.61,routine local activity,True,True,True
1277,71,roofward,Fay,0.98,0.05,0.0,ambient-scan,neutral,small work motion,0.61,routine local activity,True,True,True
1278,72,signal,Milo,0.98,0.052,0.0,ambient-scan,neutral,small work motion,0.61,routine local activity,True,True,True
1279,72,orchard,Mara,0.98,0.052,0.0,tracks-avatar,attentive,turns shoulders,0.66,avatar nearby,True,True,True
1280,72,repair_ring,Juno,0.98,0.06,0.0,ambient-scan,neutral,small work motion,0.61,routine local activity,True,True,True
1281,72,riverbend,Lio,0.98,0.056,0.0,ambient-scan,neutral,small work motion,0.61,routine local activity,True,True,True
1282,72,roofward,Fay,0.98,0.05,0.0,tracks-avatar,attentive,turns shoulders,0.66,avatar nearby,True,True,True
1283,72,archive,Toma,0.98,0.052,0.0,ambient-scan,neutral,small work motion,0.61,routine local activity,True,True,True
1284,72,signal,Milo,0.98,0.051,0.0,ambient-scan,neutral,small work motion,0.61,routine local activity,True,True,True
1285,72,orchard,Mara,0.98,0.058,0.0,soft-eye-contact,open,small beckon,0.76,trusted familiar action,True,True,True
1286,72,repair_ring,Juno,0.98,0.066,0.0,soft-eye-contact,open,small beckon,0.76,trusted familiar action,True,True,True
1287,72,riverbend,Lio,0.98,0.055,0.0,ambient-scan,neutral,small work motion,0.61,routine local activity,True,True,True
1288,72,roofward,Fay,0.98,0.056,0.0,soft-eye-contact,open,small beckon,0.76,trusted familiar action,True,True,True
1289,72,archive,Toma,0.98,0.058,0.0,soft-eye-contact,open,small beckon,0.76,trusted familiar action,True,True,True
1290,72,signal,Milo,0.98,0.05,0.0,ambient-scan,neutral,small work motion,0.61,routine local activity,True,True,True
1291,72,orchard,Mara,0.98,0.05,0.0,ambient-scan,neutral,small work motion,0.61,routine local activity,True,True,True
1292,72,repair_ring,Juno,0.98,0.056,0.0,tracks-avatar,attentive,turns shoulders,0.66,avatar nearby,True,True,True
1293,72,riverbend,Lio,0.98,0.051,0.0,ambient-scan,neutral,small work motion,0.61,routine local activity,True,True,True
1294,72,roofward,Fay,0.98,0.05,0.0,ambient-scan,neutral,small work motion,0.61,routine local activity,True,True,True
1295,72,archive,Toma,0.98,0.05,0.0,tracks-avatar,attentive,turns shoulders,0.66,avatar nearby,True,True,True
1296,73,orchard,Mara,0.98,0.05,0.0,tracks-avatar,attentive,turns shoulders,0.66,avatar nearby,True,True,True
1297,73,repair_ring,Juno,0.98,0.062,0.0,ambient-scan,neutral,small work motion,0.61,routine local activity,True,True,True
1298,73,riverbend,Lio,0.98,0.05,0.0,ambient-scan,neutral,small work motion,0.61,routine local activity,True,True,True
1299,73,roofward,Fay,0.98,0.05,0.0,tracks-avatar,attentive,turns shoulders,0.66,avatar nearby,True,True,True
1300,73,archive,Toma,0.98,0.056,0.0,ambient-scan,neutral,small work motion,0.61,routine local activity,True,True,True
1301,73,signal,Milo,0.98,0.056,0.0,ambient-scan,neutral,small work motion,0.61,routine local activity,True,True,True
1302,73,orchard,Mara,0.98,0.056,0.0,soft-eye-contact,open,small beckon,0.76,trusted familiar action,True,True,True
1303,73,repair_ring,Juno,0.98,0.068,0.0,soft-eye-contact,open,small beckon,0.76,trusted familiar action,True,True,True
1304,73,riverbend,Lio,0.98,0.05,0.0,ambient-scan,neutral,small work motion,0.61,routine local activity,True,True,True
1305,73,roofward,Fay,0.98,0.056,0.0,soft-eye-contact,open,small beckon,0.76,trusted familiar action,True,True,True
1306,73,archive,Toma,0.98,0.062,0.0,soft-eye-contact,open,small beckon,0.76,trusted familiar action,True,True,True
1307,73,signal,Milo,0.98,0.052,0.0,ambient-scan,neutral,small work motion,0.61,routine local activity,True,True,True
1308,73,orchard,Mara,0.98,0.05,0.0,ambient-scan,neutral,small work motion,0.61,routine local activity,True,True,True
1309,73,repair_ring,Juno,0.98,0.058,0.0,tracks-avatar,attentive,turns shoulders,0.66,avatar nearby,True,True,True
1310,73,riverbend,Lio,0.98,0.056,0.0,ambient-scan,neutral,small work motion,0.61,routine local activity,True,True,True
1311,73,roofward,Fay,0.98,0.05,0.0,ambient-scan,neutral,small work motion,0.61,routine local activity,True,True,True
1312,73,archive,Toma,0.98,0.052,0.0,tracks-avatar,attentive,turns shoulders,0.66,avatar nearby,True,True,True
1313,73,signal,Milo,0.98,0.052,0.0,ambient-scan,neutral,small work motion,0.61,routine local activity,True,True,True
1314,74,repair_ring,Juno,0.98,0.064,0.0,ambient-scan,neutral,small work motion,0.61,routine local activity,True,True,True
1315,74,riverbend,Lio,0.98,0.056,0.0,ambient-scan,neutral,small work motion,0.61,routine local activity,True,True,True
1316,74,roofward,Fay,0.98,0.056,0.0,tracks-avatar,attentive,turns shoulders,0.66,avatar nearby,True,True,True
1317,74,archive,Toma,0.98,0.058,0.0,ambient-scan,neutral,small work motion,0.61,routine local activity,True,True,True
1318,74,signal,Milo,0.98,0.058,0.0,ambient-scan,neutral,small work motion,0.61,routine local activity,True,True,True
1319,74,orchard,Mara,0.98,0.056,0.0,soft-eye-contact,open,small beckon,0.76,trusted familiar action,True,True,True
1320,74,repair_ring,Juno,0.98,0.07,0.0,soft-eye-contact,open,small beckon,0.76,trusted familiar action,True,True,True
1321,74,riverbend,Lio,0.98,0.056,0.0,ambient-scan,neutral,small work motion,0.61,routine local activity,True,True,True
1322,74,roofward,Fay,0.98,0.062,0.0,soft-eye-contact,open,small beckon,0.76,trusted familiar action,True,True,True
1323,74,archive,Toma,0.98,0.064,0.0,soft-eye-contact,open,small beckon,0.76,trusted familiar action,True,True,True
1324,74,signal,Milo,0.98,0.054,0.0,ambient-scan,neutral,small work motion,0.61,routine local activity,True,True,True
1325,74,orchard,Mara,0.98,0.05,0.0,ambient-scan,neutral,small work motion,0.61,routine local activity,True,True,True
1326,74,repair_ring,Juno,0.98,0.06,0.0,tracks-avatar,attentive,turns shoulders,0.66,avatar nearby,True,True,True
1327,74,riverbend,Lio,0.98,0.052,0.0,ambient-scan,neutral,small work motion,0.61,routine local activity,True,True,True
1328,74,roofward,Fay,0.98,0.052,0.0,ambient-scan,neutral,small work motion,0.61,routine local activity,True,True,True
1329,74,archive,Toma,0.98,0.054,0.0,tracks-avatar,attentive,turns shoulders,0.66,avatar nearby,True,True,True
1330,74,signal,Milo,0.98,0.054,0.0,ambient-scan,neutral,small work motion,0.61,routine local activity,True,True,True
1331,74,orchard,Mara,0.98,0.05,0.0,ambient-scan,neutral,small work motion,0.61,routine local activity,True,True,True
1332,75,riverbend,Lio,0.98,0.052,0.0,ambient-scan,neutral,small work motion,0.61,routine local activity,True,True,True
1333,75,roofward,Fay,0.98,0.052,0.0,tracks-avatar,attentive,turns shoulders,0.66,avatar nearby,True,True,True
1334,75,archive,Toma,0.98,0.06,0.0,ambient-scan,neutral,small work motion,0.61,routine local activity,True,True,True
1335,75,signal,Milo,0.98,0.06,0.0,ambient-scan,neutral,small work motion,0.61,routine local activity,True,True,True
1336,75,orchard,Mara,0.98,0.056,0.0,soft-eye-contact,open,small beckon,0.76,trusted familiar action,True,True,True
1337,75,repair_ring,Juno,0.98,0.066,0.0,soft-eye-contact,open,small beckon,0.76,trusted familiar action,True,True,True
1338,75,riverbend,Lio,0.98,0.051,0.0,ambient-scan,neutral,small work motion,0.61,routine local activity,True,True,True
1339,75,roofward,Fay,0.98,0.058,0.0,soft-eye-contact,open,small beckon,0.76,trusted familiar action,True,True,True
1340,75,archive,Toma,0.98,0.066,0.0,soft-eye-contact,open,small beckon,0.76,trusted familiar action,True,True,True
1341,75,signal,Milo,0.98,0.056,0.0,ambient-scan,neutral,small work motion,0.61,routine local activity,True,True,True
1342,75,orchard,Mara,0.98,0.05,0.0,ambient-scan,neutral,small work motion,0.61,routine local activity,True,True,True
1343,75,repair_ring,Juno,0.98,0.056,0.0,tracks-avatar,attentive,turns shoulders,0.66,avatar nearby,True,True,True
1344,75,riverbend,Lio,0.98,0.05,0.0,ambient-scan,neutral,small work motion,0.61,routine local activity,True,True,True
1345,75,roofward,Fay,0.98,0.05,0.0,ambient-scan,neutral,small work motion,0.61,routine local activity,True,True,True
1346,75,archive,Toma,0.98,0.056,0.0,tracks-avatar,attentive,turns shoulders,0.66,avatar nearby,True,True,True
1347,75,signal,Milo,0.98,0.055,0.0,ambient-scan,neutral,small work motion,0.61,routine local activity,True,True,True
1348,75,orchard,Mara,0.98,0.05,0.0,ambient-scan,neutral,small work motion,0.61,routine local activity,True,True,True
1349,75,repair_ring,Juno,0.98,0.062,0.0,soft-eye-contact,open,small beckon,0.76,trusted familiar action,True,True,True
1350,76,roofward,Fay,0.98,0.05,0.0,tracks-avatar,attentive,turns shoulders,0.66,avatar nearby,True,True,True
1351,76,archive,Toma,0.98,0.062,0.0,ambient-scan,neutral,small work motion,0.61,routine local activity,True,True,True
1352,76,signal,Milo,0.98,0.061,0.0,ambient-scan,neutral,small work motion,0.61,routine local activity,True,True,True
1353,76,orchard,Mara,0.98,0.056,0.0,soft-eye-contact,open,small beckon,0.76,trusted familiar action,True,True,True
1354,76,repair_ring,Juno,0.98,0.052,0.0,soft-eye-contact,open,small beckon,0.76,trusted familiar action,True,True,True
1355,76,riverbend,Lio,0.98,0.056,0.0,ambient-scan,neutral,small work motion,0.61,routine local activity,True,True,True
1356,76,roofward,Fay,0.98,0.056,0.0,soft-eye-contact,open,small beckon,0.76,trusted familiar action,True,True,True
1357,76,archive,Toma,0.98,0.068,0.0,soft-eye-contact,open,small beckon,0.76,trusted familiar action,True,True,True
1358,76,signal,Milo,0.98,0.057,0.0,ambient-scan,neutral,small work motion,0.61,routine local activity,True,True,True
1359,76,orchard,Mara,0.98,0.05,0.0,ambient-scan,neutral,small work motion,0.61,routine local activity,True,True,True
1360,76,repair_ring,Juno,0.98,0.05,0.0,tracks-avatar,attentive,turns shoulders,0.66,avatar nearby,True,True,True
1361,76,riverbend,Lio,0.98,0.052,0.0,ambient-scan,neutral,small work motion,0.61,routine local activity,True,True,True
1362,76,roofward,Fay,0.98,0.05,0.0,ambient-scan,neutral,small work motion,0.61,routine local activity,True,True,True
1363,76,archive,Toma,0.98,0.058,0.0,tracks-avatar,attentive,turns shoulders,0.66,avatar nearby,True,True,True
1364,76,signal,Milo,0.98,0.057,0.0,ambient-scan,neutral,small work motion,0.61,routine local activity,True,True,True
1365,76,orchard,Mara,0.98,0.056,0.0,ambient-scan,neutral,small work motion,0.61,routine local activity,True,True,True
1366,76,repair_ring,Juno,0.98,0.056,0.0,soft-eye-contact,open,small beckon,0.76,trusted familiar action,True,True,True
1367,76,riverbend,Lio,0.98,0.052,0.0,ambient-scan,neutral,small work motion,0.61,routine local activity,True,True,True
1368,77,archive,Toma,0.98,0.064,0.0,ambient-scan,neutral,small work motion,0.61,routine local activity,True,True,True
1369,77,signal,Milo,0.98,0.063,0.0,ambient-scan,neutral,small work motion,0.61,routine local activity,True,True,True
1370,77,orchard,Mara,0.98,0.052,0.0,soft-eye-contact,open,small beckon,0.76,trusted familiar action,True,True,True
1371,77,repair_ring,Juno,0.98,0.05,0.0,soft-eye-contact,open,small beckon,0.76,trusted familiar action,True,True,True
1372,77,riverbend,Lio,0.98,0.058,0.0,ambient-scan,neutral,small work motion,0.61,routine local activity,True,True,True
1373,77,roofward,Fay,0.98,0.056,0.0,soft-eye-contact,open,small beckon,0.76,trusted familiar action,True,True,True
1374,77,archive,Toma,0.98,0.07,0.0,soft-eye-contact,open,small beckon,0.76,trusted familiar action,True,True,True
1375,77,signal,Milo,0.98,0.059,0.0,ambient-scan,neutral,small work motion,0.61,routine local activity,True,True,True
1376,77,orchard,Mara,0.98,0.05,0.0,ambient-scan,neutral,small work motion,0.61,routine local activity,True,True,True
1377,77,repair_ring,Juno,0.98,0.056,0.0,tracks-avatar,attentive,turns shoulders,0.66,avatar nearby,True,True,True
1378,77,riverbend,Lio,0.98,0.054,0.0,ambient-scan,neutral,small work motion,0.61,routine local activity,True,True,True
1379,77,roofward,Fay,0.98,0.05,0.0,ambient-scan,neutral,small work motion,0.61,routine local activity,True,True,True
1380,77,archive,Toma,0.98,0.06,0.0,tracks-avatar,attentive,turns shoulders,0.66,avatar nearby,True,True,True
1381,77,signal,Milo,0.98,0.059,0.0,ambient-scan,neutral,small work motion,0.61,routine local activity,True,True,True
1382,77,orchard,Mara,0.98,0.05,0.0,ambient-scan,neutral,small work motion,0.61,routine local activity,True,True,True
1383,77,repair_ring,Juno,0.98,0.062,0.0,soft-eye-contact,open,small beckon,0.76,trusted familiar action,True,True,True
1384,77,riverbend,Lio,0.98,0.054,0.0,ambient-scan,neutral,small work motion,0.61,routine local activity,True,True,True
1385,77,roofward,Fay,0.98,0.05,0.0,ambient-scan,neutral,small work motion,0.61,routine local activity,True,True,True
1386,78,signal,Milo,0.98,0.065,0.0,ambient-scan,neutral,small work motion,0.61,routine local activity,True,True,True
1387,78,orchard,Mara,0.98,0.056,0.0,soft-eye-contact,open,small beckon,0.76,trusted familiar action,True,True,True
1388,78,repair_ring,Juno,0.98,0.052,0.0,soft-eye-contact,open,small beckon,0.76,trusted familiar action,True,True,True
1389,78,riverbend,Lio,0.98,0.06,0.0,ambient-scan,neutral,small work motion,0.61,routine local activity,True,True,True
1390,78,roofward,Fay,0.98,0.056,0.0,soft-eye-contact,open,small beckon,0.76,trusted familiar action,True,True,True
1391,78,archive,Toma,0.98,0.066,0.0,soft-eye-contact,open,small beckon,0.76,trusted familiar action,True,True,True
1392,78,signal,Milo,0.98,0.061,0.0,ambient-scan,neutral,small work motion,0.61,routine local activity,True,True,True
1393,78,orchard,Mara,0.98,0.05,0.0,ambient-scan,neutral,small work motion,0.61,routine local activity,True,True,True
1394,78,repair_ring,Juno,0.98,0.05,0.0,tracks-avatar,attentive,turns shoulders,0.66,avatar nearby,True,True,True
1395,78,riverbend,Lio,0.98,0.056,0.0,ambient-scan,neutral,small work motion,0.61,routine local activity,True,True,True
1396,78,roofward,Fay,0.98,0.05,0.0,ambient-scan,neutral,small work motion,0.61,routine local activity,True,True,True
1397,78,archive,Toma,0.98,0.056,0.0,tracks-avatar,attentive,turns shoulders,0.66,avatar nearby,True,True,True
1398,78,signal,Milo,0.98,0.06,0.0,ambient-scan,neutral,small work motion,0.61,routine local activity,True,True,True
1399,78,orchard,Mara,0.98,0.05,0.0,ambient-scan,neutral,small work motion,0.61,routine local activity,True,True,True
1400,78,repair_ring,Juno,0.98,0.056,0.0,soft-eye-contact,open,small beckon,0.76,trusted familiar action,True,True,True
1401,78,riverbend,Lio,0.98,0.055,0.0,ambient-scan,neutral,small work motion,0.61,routine local activity,True,True,True
1402,78,roofward,Fay,0.98,0.05,0.0,ambient-scan,neutral,small work motion,0.61,routine local activity,True,True,True
1403,78,archive,Toma,0.98,0.062,0.0,soft-eye-contact,open,small beckon,0.76,trusted familiar action,True,True,True
1404,79,orchard,Mara,0.98,0.056,0.0,soft-eye-contact,open,small beckon,0.76,trusted familiar action,True,True,True
1405,79,repair_ring,Juno,0.98,0.05,0.0,soft-eye-contact,open,small beckon,0.76,trusted familiar action,True,True,True
1406,79,riverbend,Lio,0.98,0.061,0.0,ambient-scan,neutral,small work motion,0.61,routine local activity,True,True,True
1407,79,roofward,Fay,0.98,0.056,0.0,soft-eye-contact,open,small beckon,0.76,trusted familiar action,True,True,True
1408,79,archive,Toma,0.98,0.052,0.0,soft-eye-contact,open,small beckon,0.76,trusted familiar action,True,True,True
1409,79,signal,Milo,0.98,0.066,0.0,ambient-scan,neutral,small work motion,0.61,routine local activity,True,True,True
1410,79,orchard,Mara,0.98,0.05,0.0,ambient-scan,neutral,small work motion,0.61,routine local activity,True,True,True
1411,79,repair_ring,Juno,0.98,0.05,0.0,tracks-avatar,attentive,turns shoulders,0.66,avatar nearby,True,True,True
1412,79,riverbend,Lio,0.98,0.057,0.0,ambient-scan,neutral,small work motion,0.61,routine local activity,True,True,True
1413,79,roofward,Fay,0.98,0.05,0.0,ambient-scan,neutral,small work motion,0.61,routine local activity,True,True,True
1414,79,archive,Toma,0.98,0.05,0.0,tracks-avatar,attentive,turns shoulders,0.66,avatar nearby,True,True,True
1415,79,signal,Milo,0.98,0.066,0.0,ambient-scan,neutral,small work motion,0.61,routine local activity,True,True,True
1416,79,orchard,Mara,0.98,0.056,0.0,ambient-scan,neutral,small work motion,0.61,routine local activity,True,True,True
1417,79,repair_ring,Juno,0.98,0.056,0.0,soft-eye-contact,open,small beckon,0.76,trusted familiar action,True,True,True
1418,79,riverbend,Lio,0.98,0.057,0.0,ambient-scan,neutral,small work motion,0.61,routine local activity,True,True,True
1419,79,roofward,Fay,0.98,0.056,0.0,ambient-scan,neutral,small work motion,0.61,routine local activity,True,True,True
1420,79,archive,Toma,0.98,0.056,0.0,soft-eye-contact,open,small beckon,0.76,trusted familiar action,True,True,True
1421,79,signal,Milo,0.98,0.072,0.0,soft-eye-contact,open,small beckon,0.76,trusted familiar action,True,True,True
1422,80,repair_ring,Juno,0.98,0.05,0.0,soft-eye-contact,open,small beckon,0.76,trusted familiar action,True,True,True
1423,80,riverbend,Lio,0.98,0.063,0.0,ambient-scan,neutral,small work motion,0.61,routine local activity,True,True,True
1424,80,roofward,Fay,0.98,0.052,0.0,soft-eye-contact,open,small beckon,0.76,trusted familiar action,True,True,True
1425,80,archive,Toma,0.98,0.05,0.0,soft-eye-contact,open,small beckon,0.76,trusted familiar action,True,True,True
1426,80,signal,Milo,0.98,0.062,0.0,ambient-scan,neutral,small work motion,0.61,routine local activity,True,True,True
1427,80,orchard,Mara,0.98,0.052,0.0,ambient-scan,neutral,small work motion,0.61,routine local activity,True,True,True
1428,80,repair_ring,Juno,0.98,0.056,0.0,tracks-avatar,attentive,turns shoulders,0.66,avatar nearby,True,True,True
1429,80,riverbend,Lio,0.98,0.059,0.0,ambient-scan,neutral,small work motion,0.61,routine local activity,True,True,True
1430,80,roofward,Fay,0.98,0.05,0.0,ambient-scan,neutral,small work motion,0.61,routine local activity,True,True,True
1431,80,archive,Toma,0.98,0.056,0.0,tracks-avatar,attentive,turns shoulders,0.66,avatar nearby,True,True,True
1432,80,signal,Milo,0.98,0.062,0.0,ambient-scan,neutral,small work motion,0.61,routine local activity,True,True,True
1433,80,orchard,Mara,0.98,0.052,0.0,ambient-scan,neutral,small work motion,0.61,routine local activity,True,True,True
1434,80,repair_ring,Juno,0.98,0.062,0.0,soft-eye-contact,open,small beckon,0.76,trusted familiar action,True,True,True
1435,80,riverbend,Lio,0.98,0.059,0.0,ambient-scan,neutral,small work motion,0.61,routine local activity,True,True,True
1436,80,roofward,Fay,0.98,0.05,0.0,ambient-scan,neutral,small work motion,0.61,routine local activity,True,True,True
1437,80,archive,Toma,0.98,0.062,0.0,soft-eye-contact,open,small beckon,0.76,trusted familiar action,True,True,True
1438,80,signal,Milo,0.98,0.068,0.0,soft-eye-contact,open,small beckon,0.76,trusted familiar action,True,True,True
1439,80,orchard,Mara,0.98,0.05,0.0,ambient-scan,neutral,small work motion,0.61,routine local activity,True,True,True
1440,81,riverbend,Lio,0.98,0.065,0.0,ambient-scan,neutral,small work motion,0.61,routine local activity,True,True,True
1441,81,roofward,Fay,0.98,0.056,0.0,soft-eye-contact,open,small beckon,0.76,trusted familiar action,True,True,True
1442,81,archive,Toma,0.98,0.052,0.0,soft-eye-contact,open,small beckon,0.76,trusted familiar action,True,True,True
1443,81,signal,Milo,0.98,0.058,0.0,ambient-scan,neutral,small work motion,0.61,routine local activity,True,True,True
1444,81,orchard,Mara,0.98,0.05,0.0,ambient-scan,neutral,small work motion,0.61,routine local activity,True,True,True
1445,81,repair_ring,Juno,0.98,0.052,0.0,tracks-avatar,attentive,turns shoulders,0.66,avatar nearby,True,True,True
1446,81,riverbend,Lio,0.98,0.061,0.0,ambient-scan,neutral,small work motion,0.61,routine local activity,True,True,True
1447,81,roofward,Fay,0.98,0.05,0.0,ambient-scan,neutral,small work motion,0.61,routine local activity,True,True,True
1448,81,archive,Toma,0.98,0.05,0.0,tracks-avatar,attentive,turns shoulders,0.66,avatar nearby,True,True,True
1449,81,signal,Milo,0.98,0.057,0.0,ambient-scan,neutral,small work motion,0.61,routine local activity,True,True,True
1450,81,orchard,Mara,0.98,0.05,0.0,ambient-scan,neutral,small work motion,0.61,routine local activity,True,True,True
1451,81,repair_ring,Juno,0.98,0.058,0.0,soft-eye-contact,open,small beckon,0.76,trusted familiar action,True,True,True
1452,81,riverbend,Lio,0.98,0.06,0.0,ambient-scan,neutral,small work motion,0.61,routine local activity,True,True,True
1453,81,roofward,Fay,0.98,0.05,0.0,ambient-scan,neutral,small work motion,0.61,routine local activity,True,True,True
1454,81,archive,Toma,0.98,0.056,0.0,soft-eye-contact,open,small beckon,0.76,trusted familiar action,True,True,True
1455,81,signal,Milo,0.98,0.063,0.0,soft-eye-contact,open,small beckon,0.76,trusted familiar action,True,True,True
1456,81,orchard,Mara,0.98,0.056,0.0,ambient-scan,neutral,small work motion,0.61,routine local activity,True,True,True
1457,81,repair_ring,Juno,0.98,0.05,0.0,ambient-scan,neutral,small work motion,0.61,routine local activity,True,True,True
1458,82,roofward,Fay,0.98,0.056,0.0,soft-eye-contact,open,small beckon,0.76,trusted familiar action,True,True,True
1459,82,archive,Toma,0.98,0.05,0.0,soft-eye-contact,open,small beckon,0.76,trusted familiar action,True,True,True
1460,82,signal,Milo,0.98,0.053,0.0,ambient-scan,neutral,small work motion,0.61,routine local activity,True,True,True
1461,82,orchard,Mara,0.98,0.056,0.0,ambient-scan,neutral,small work motion,0.61,routine local activity,True,True,True
1462,82,repair_ring,Juno,0.98,0.05,0.0,tracks-avatar,attentive,turns shoulders,0.66,avatar nearby,True,True,True
1463,82,riverbend,Lio,0.98,0.066,0.0,ambient-scan,neutral,small work motion,0.61,routine local activity,True,True,True
1464,82,roofward,Fay,0.98,0.05,0.0,ambient-scan,neutral,small work motion,0.61,routine local activity,True,True,True
1465,82,archive,Toma,0.98,0.05,0.0,tracks-avatar,attentive,turns shoulders,0.66,avatar nearby,True,True,True
1466,82,signal,Milo,0.98,0.053,0.0,ambient-scan,neutral,small work motion,0.61,routine local activity,True,True,True
1467,82,orchard,Mara,0.98,0.055,0.0,ambient-scan,neutral,small work motion,0.61,routine local activity,True,True,True
1468,82,repair_ring,Juno,0.98,0.056,0.0,soft-eye-contact,open,small beckon,0.76,trusted familiar action,True,True,True
1469,82,riverbend,Lio,0.98,0.066,0.0,ambient-scan,neutral,small work motion,0.61,routine local activity,True,True,True
1470,82,roofward,Fay,0.98,0.056,0.0,ambient-scan,neutral,small work motion,0.61,routine local activity,True,True,True
1471,82,archive,Toma,0.98,0.056,0.0,soft-eye-contact,open,small beckon,0.76,trusted familiar action,True,True,True
1472,82,signal,Milo,0.98,0.059,0.0,soft-eye-contact,open,small beckon,0.76,trusted familiar action,True,True,True
1473,82,orchard,Mara,0.98,0.051,0.0,ambient-scan,neutral,small work motion,0.61,routine local activity,True,True,True
1474,82,repair_ring,Juno,0.98,0.05,0.0,ambient-scan,neutral,small work motion,0.61,routine local activity,True,True,True
1475,82,riverbend,Lio,0.98,0.072,0.0,soft-eye-contact,open,small beckon,0.76,trusted familiar action,True,True,True
1476,83,archive,Toma,0.98,0.05,0.0,soft-eye-contact,open,small beckon,0.76,trusted familiar action,True,True,True
1477,83,signal,Milo,0.98,0.05,0.0,ambient-scan,neutral,small work motion,0.61,routine local activity,True,True,True
1478,83,orchard,Mara,0.98,0.05,0.0,ambient-scan,neutral,small work motion,0.61,routine local activity,True,True,True
1479,83,repair_ring,Juno,0.98,0.05,0.0,tracks-avatar,attentive,turns shoulders,0.66,avatar nearby,True,True,True
1480,83,riverbend,Lio,0.98,0.062,0.0,ambient-scan,neutral,small work motion,0.61,routine local activity,True,True,True
1481,83,roofward,Fay,0.98,0.052,0.0,ambient-scan,neutral,small work motion,0.61,routine local activity,True,True,True
1482,83,archive,Toma,0.98,0.056,0.0,tracks-avatar,attentive,turns shoulders,0.66,avatar nearby,True,True,True
1483,83,signal,Milo,0.98,0.05,0.0,ambient-scan,neutral,small work motion,0.61,routine local activity,True,True,True
1484,83,orchard,Mara,0.98,0.05,0.0,ambient-scan,neutral,small work motion,0.61,routine local activity,True,True,True
1485,83,repair_ring,Juno,0.98,0.056,0.0,soft-eye-contact,open,small beckon,0.76,trusted familiar action,True,True,True
1486,83,riverbend,Lio,0.98,0.062,0.0,ambient-scan,neutral,small work motion,0.61,routine local activity,True,True,True
1487,83,roofward,Fay,0.98,0.052,0.0,ambient-scan,neutral,small work motion,0.61,routine local activity,True,True,True
1488,83,archive,Toma,0.98,0.062,0.0,soft-eye-contact,open,small beckon,0.76,trusted familiar action,True,True,True
1489,83,signal,Milo,0.98,0.056,0.0,soft-eye-contact,open,small beckon,0.76,trusted familiar action,True,True,True
1490,83,orchard,Mara,0.98,0.056,0.0,ambient-scan,neutral,small work motion,0.61,routine local activity,True,True,True
1491,83,repair_ring,Juno,0.98,0.05,0.0,ambient-scan,neutral,small work motion,0.61,routine local activity,True,True,True
1492,83,riverbend,Lio,0.98,0.068,0.0,soft-eye-contact,open,small beckon,0.76,trusted familiar action,True,True,True
1493,83,roofward,Fay,0.98,0.05,0.0,ambient-scan,neutral,small work motion,0.61,routine local activity,True,True,True
1494,84,signal,Milo,0.98,0.05,0.0,ambient-scan,neutral,small work motion,0.61,routine local activity,True,True,True
1495,84,orchard,Mara,0.98,0.056,0.0,ambient-scan,neutral,small work motion,0.61,routine local activity,True,True,True
1496,84,repair_ring,Juno,0.98,0.056,0.0,tracks-avatar,attentive,turns shoulders,0.66,avatar nearby,True,True,True
1497,84,riverbend,Lio,0.98,0.058,0.0,ambient-scan,neutral,small work motion,0.61,routine local activity,True,True,True
1498,84,roofward,Fay,0.98,0.05,0.0,ambient-scan,neutral,small work motion,0.61,routine local activity,True,True,True
1499,84,archive,Toma,0.98,0.052,0.0,tracks-avatar,attentive,turns shoulders,0.66,avatar nearby,True,True,True
1500,84,signal,Milo,0.98,0.056,0.0,ambient-scan,neutral,small work motion,0.61,routine local activity,True,True,True
1501,84,orchard,Mara,0.98,0.056,0.0,ambient-scan,neutral,small work motion,0.61,routine local activity,True,True,True
1502,84,repair_ring,Juno,0.98,0.062,0.0,soft-eye-contact,open,small beckon,0.76,trusted familiar action,True,True,True
1503,84,riverbend,Lio,0.98,0.057,0.0,ambient-scan,neutral,small work motion,0.61,routine local activity,True,True,True
1504,84,roofward,Fay,0.98,0.05,0.0,ambient-scan,neutral,small work motion,0.61,routine local activity,True,True,True
1505,84,archive,Toma,0.98,0.058,0.0,soft-eye-contact,open,small beckon,0.76,trusted familiar action,True,True,True
1506,84,signal,Milo,0.98,0.062,0.0,soft-eye-contact,open,small beckon,0.76,trusted familiar action,True,True,True
1507,84,orchard,Mara,0.98,0.052,0.0,ambient-scan,neutral,small work motion,0.61,routine local activity,True,True,True
1508,84,repair_ring,Juno,0.98,0.052,0.0,ambient-scan,neutral,small work motion,0.61,routine local activity,True,True,True
1509,84,riverbend,Lio,0.98,0.063,0.0,soft-eye-contact,open,small beckon,0.76,trusted familiar action,True,True,True
1510,84,roofward,Fay,0.98,0.056,0.0,ambient-scan,neutral,small work motion,0.61,routine local activity,True,True,True
1511,84,archive,Toma,0.98,0.05,0.0,ambient-scan,neutral,small work motion,0.61,routine local activity,True,True,True
1512,85,orchard,Mara,0.98,0.052,0.0,ambient-scan,neutral,small work motion,0.61,routine local activity,True,True,True
1513,85,repair_ring,Juno,0.98,0.052,0.0,tracks-avatar,attentive,turns shoulders,0.66,avatar nearby,True,True,True
1514,85,riverbend,Lio,0.98,0.053,0.0,ambient-scan,neutral,small work motion,0.61,routine local activity,True,True,True
1515,85,roofward,Fay,0.98,0.056,0.0,ambient-scan,neutral,small work motion,0.61,routine local activity,True,True,True
1516,85,archive,Toma,0.98,0.05,0.0,tracks-avatar,attentive,turns shoulders,0.66,avatar nearby,True,True,True
1517,85,signal,Milo,0.98,0.052,0.0,ambient-scan,neutral,small work motion,0.61,routine local activity,True,True,True
1518,85,orchard,Mara,0.98,0.051,0.0,ambient-scan,neutral,small work motion,0.61,routine local activity,True,True,True
1519,85,repair_ring,Juno,0.98,0.058,0.0,soft-eye-contact,open,small beckon,0.76,trusted familiar action,True,True,True
1520,85,riverbend,Lio,0.98,0.053,0.0,ambient-scan,neutral,small work motion,0.61,routine local activity,True,True,True
1521,85,roofward,Fay,0.98,0.055,0.0,ambient-scan,neutral,small work motion,0.61,routine local activity,True,True,True
1522,85,archive,Toma,0.98,0.056,0.0,soft-eye-contact,open,small beckon,0.76,trusted familiar action,True,True,True
1523,85,signal,Milo,0.98,0.058,0.0,soft-eye-contact,open,small beckon,0.76,trusted familiar action,True,True,True
1524,85,orchard,Mara,0.98,0.05,0.0,ambient-scan,neutral,small work motion,0.61,routine local activity,True,True,True
1525,85,repair_ring,Juno,0.98,0.05,0.0,ambient-scan,neutral,small work motion,0.61,routine local activity,True,True,True
1526,85,riverbend,Lio,0.98,0.059,0.0,soft-eye-contact,open,small beckon,0.76,trusted familiar action,True,True,True
1527,85,roofward,Fay,0.98,0.051,0.0,ambient-scan,neutral,small work motion,0.61,routine local activity,True,True,True
1528,85,archive,Toma,0.98,0.05,0.0,ambient-scan,neutral,small work motion,0.61,routine local activity,True,True,True
1529,85,signal,Milo,0.98,0.05,0.0,tracks-avatar,attentive,turns shoulders,0.66,avatar nearby,True,True,True
1530,86,repair_ring,Juno,0.98,0.05,0.0,tracks-avatar,attentive,turns shoulders,0.66,avatar nearby,True,True,True
1531,86,riverbend,Lio,0.98,0.05,0.0,ambient-scan,neutral,small work motion,0.61,routine local activity,True,True,True
1532,86,roofward,Fay,0.98,0.05,0.0,ambient-scan,neutral,small work motion,0.61,routine local activity,True,True,True
1533,86,archive,Toma,0.98,0.05,0.0,tracks-avatar,attentive,turns shoulders,0.66,avatar nearby,True,True,True
1534,86,signal,Milo,0.98,0.056,0.0,ambient-scan,neutral,small work motion,0.61,routine local activity,True,True,True
1535,86,orchard,Mara,0.98,0.056,0.0,ambient-scan,neutral,small work motion,0.61,routine local activity,True,True,True
1536,86,repair_ring,Juno,0.98,0.056,0.0,soft-eye-contact,open,small beckon,0.76,trusted familiar action,True,True,True
1537,86,riverbend,Lio,0.98,0.05,0.0,ambient-scan,neutral,small work motion,0.61,routine local activity,True,True,True
1538,86,roofward,Fay,0.98,0.05,0.0,ambient-scan,neutral,small work motion,0.61,routine local activity,True,True,True
1539,86,archive,Toma,0.98,0.056,0.0,soft-eye-contact,open,small beckon,0.76,trusted familiar action,True,True,True
1540,86,signal,Milo,0.98,0.062,0.0,soft-eye-contact,open,small beckon,0.76,trusted familiar action,True,True,True
1541,86,orchard,Mara,0.98,0.052,0.0,ambient-scan,neutral,small work motion,0.61,routine local activity,True,True,True
1542,86,repair_ring,Juno,0.98,0.05,0.0,ambient-scan,neutral,small work motion,0.61,routine local activity,True,True,True
1543,86,riverbend,Lio,0.98,0.056,0.0,soft-eye-contact,open,small beckon,0.76,trusted familiar action,True,True,True
1544,86,roofward,Fay,0.98,0.056,0.0,ambient-scan,neutral,small work motion,0.61,routine local activity,True,True,True
1545,86,archive,Toma,0.98,0.05,0.0,ambient-scan,neutral,small work motion,0.61,routine local activity,True,True,True
1546,86,signal,Milo,0.98,0.052,0.0,tracks-avatar,attentive,turns shoulders,0.66,avatar nearby,True,True,True
1547,86,orchard,Mara,0.98,0.052,0.0,ambient-scan,neutral,small work motion,0.61,routine local activity,True,True,True
1548,87,riverbend,Lio,0.98,0.05,0.0,ambient-scan,neutral,small work motion,0.61,routine local activity,True,True,True
1549,87,roofward,Fay,0.98,0.056,0.0,ambient-scan,neutral,small work motion,0.61,routine local activity,True,True,True
1550,87,archive,Toma,0.98,0.056,0.0,tracks-avatar,attentive,turns shoulders,0.66,avatar nearby,True,True,True
1551,87,signal,Milo,0.98,0.058,0.0,ambient-scan,neutral,small work motion,0.61,routine local activity,True,True,True
1552,87,orchard,Mara,0.98,0.058,0.0,ambient-scan,neutral,small work motion,0.61,routine local activity,True,True,True
1553,87,repair_ring,Juno,0.98,0.056,0.0,soft-eye-contact,open,small beckon,0.76,trusted familiar action,True,True,True
1554,87,riverbend,Lio,0.98,0.056,0.0,ambient-scan,neutral,small work motion,0.61,routine local activity,True,True,True
1555,87,roofward,Fay,0.98,0.056,0.0,ambient-scan,neutral,small work motion,0.61,routine local activity,True,True,True
1556,87,archive,Toma,0.98,0.062,0.0,soft-eye-contact,open,small beckon,0.76,trusted familiar action,True,True,True
1557,87,signal,Milo,0.98,0.064,0.0,soft-eye-contact,open,small beckon,0.76,trusted familiar action,True,True,True
1558,87,orchard,Mara,0.98,0.054,0.0,ambient-scan,neutral,small work motion,0.61,routine local activity,True,True,True
1559,87,repair_ring,Juno,0.98,0.05,0.0,ambient-scan,neutral,small work motion,0.61,routine local activity,True,True,True
1560,87,riverbend,Lio,0.98,0.062,0.0,soft-eye-contact,open,small beckon,0.76,trusted familiar action,True,True,True
1561,87,roofward,Fay,0.98,0.052,0.0,ambient-scan,neutral,small work motion,0.61,routine local activity,True,True,True
1562,87,archive,Toma,0.98,0.052,0.0,ambient-scan,neutral,small work motion,0.61,routine local activity,True,True,True
1563,87,signal,Milo,0.98,0.054,0.0,tracks-avatar,attentive,turns shoulders,0.66,avatar nearby,True,True,True
1564,87,orchard,Mara,0.98,0.054,0.0,ambient-scan,neutral,small work motion,0.61,routine local activity,True,True,True
1565,87,repair_ring,Juno,0.98,0.05,0.0,ambient-scan,neutral,small work motion,0.61,routine local activity,True,True,True
1566,88,roofward,Fay,0.98,0.052,0.0,ambient-scan,neutral,small work motion,0.61,routine local activity,True,True,True
1567,88,archive,Toma,0.98,0.052,0.0,tracks-avatar,attentive,turns shoulders,0.66,avatar nearby,True,True,True
1568,88,signal,Milo,0.98,0.06,0.0,ambient-scan,neutral,small work motion,0.61,routine local activity,True,True,True
1569,88,orchard,Mara,0.98,0.06,0.0,ambient-scan,neutral,small work motion,0.61,routine local activity,True,True,True
1570,88,repair_ring,Juno,0.98,0.056,0.0,soft-eye-contact,open,small beckon,0.76,trusted familiar action,True,True,True
1571,88,riverbend,Lio,0.98,0.052,0.0,ambient-scan,neutral,small work motion,0.61,routine local activity,True,True,True
1572,88,roofward,Fay,0.98,0.051,0.0,ambient-scan,neutral,small work motion,0.61,routine local activity,True,True,True
1573,88,archive,Toma,0.98,0.058,0.0,soft-eye-contact,open,small beckon,0.76,trusted familiar action,True,True,True
1574,88,signal,Milo,0.98,0.066,0.0,soft-eye-contact,open,small beckon,0.76,trusted familiar action,True,True,True
1575,88,orchard,Mara,0.98,0.056,0.0,ambient-scan,neutral,small work motion,0.61,routine local activity,True,True,True
1576,88,repair_ring,Juno,0.98,0.05,0.0,ambient-scan,neutral,small work motion,0.61,routine local activity,True,True,True
1577,88,riverbend,Lio,0.98,0.058,0.0,soft-eye-contact,open,small beckon,0.76,trusted familiar action,True,True,True
1578,88,roofward,Fay,0.98,0.05,0.0,ambient-scan,neutral,small work motion,0.61,routine local activity,True,True,True
1579,88,archive,Toma,0.98,0.05,0.0,ambient-scan,neutral,small work motion,0.61,routine local activity,True,True,True
1580,88,signal,Milo,0.98,0.056,0.0,tracks-avatar,attentive,turns shoulders,0.66,avatar nearby,True,True,True
1581,88,orchard,Mara,0.98,0.055,0.0,ambient-scan,neutral,small work motion,0.61,routine local activity,True,True,True
1582,88,repair_ring,Juno,0.98,0.05,0.0,ambient-scan,neutral,small work motion,0.61,routine local activity,True,True,True
1583,88,riverbend,Lio,0.98,0.05,0.0,tracks-avatar,attentive,turns shoulders,0.66,avatar nearby,True,True,True
1584,89,archive,Toma,0.98,0.05,0.0,tracks-avatar,attentive,turns shoulders,0.66,avatar nearby,True,True,True
1585,89,signal,Milo,0.98,0.062,0.0,ambient-scan,neutral,small work motion,0.61,routine local activity,True,True,True
1586,89,orchard,Mara,0.98,0.061,0.0,ambient-scan,neutral,small work motion,0.61,routine local activity,True,True,True
1587,89,repair_ring,Juno,0.98,0.056,0.0,soft-eye-contact,open,small beckon,0.76,trusted familiar action,True,True,True
1588,89,riverbend,Lio,0.98,0.056,0.0,ambient-scan,neutral,small work motion,0.61,routine local activity,True,True,True
1589,89,roofward,Fay,0.98,0.056,0.0,ambient-scan,neutral,small work motion,0.61,routine local activity,True,True,True
1590,89,archive,Toma,0.98,0.056,0.0,soft-eye-contact,open,small beckon,0.76,trusted familiar action,True,True,True
1591,89,signal,Milo,0.98,0.068,0.0,soft-eye-contact,open,small beckon,0.76,trusted familiar action,True,True,True
1592,89,orchard,Mara,0.98,0.057,0.0,ambient-scan,neutral,small work motion,0.61,routine local activity,True,True,True
1593,89,repair_ring,Juno,0.98,0.05,0.0,ambient-scan,neutral,small work motion,0.61,routine local activity,True,True,True
1594,89,riverbend,Lio,0.98,0.062,0.0,soft-eye-contact,open,small beckon,0.76,trusted familiar action,True,True,True
1595,89,roofward,Fay,0.98,0.052,0.0,ambient-scan,neutral,small work motion,0.61,routine local activity,True,True,True
1596,89,archive,Toma,0.98,0.05,0.0,ambient-scan,neutral,small work motion,0.61,routine local activity,True,True,True
1597,89,signal,Milo,0.98,0.058,0.0,tracks-avatar,attentive,turns shoulders,0.66,avatar nearby,True,True,True
1598,89,orchard,Mara,0.98,0.057,0.0,ambient-scan,neutral,small work motion,0.61,routine local activity,True,True,True
1599,89,repair_ring,Juno,0.98,0.056,0.0,ambient-scan,neutral,small work motion,0.61,routine local activity,True,True,True
1600,89,riverbend,Lio,0.98,0.052,0.0,tracks-avatar,attentive,turns shoulders,0.66,avatar nearby,True,True,True
1601,89,roofward,Fay,0.98,0.052,0.0,ambient-scan,neutral,small work motion,0.61,routine local activity,True,True,True
1602,90,signal,Milo,0.98,0.064,0.0,ambient-scan,neutral,small work motion,0.61,routine local activity,True,True,True
1603,90,orchard,Mara,0.98,0.063,0.0,ambient-scan,neutral,small work motion,0.61,routine local activity,True,True,True
1604,90,repair_ring,Juno,0.98,0.052,0.0,soft-eye-contact,open,small beckon,0.76,trusted familiar action,True,True,True
1605,90,riverbend,Lio,0.98,0.058,0.0,ambient-scan,neutral,small work motion,0.61,routine local activity,True,True,True
1606,90,roofward,Fay,0.98,0.058,0.0,ambient-scan,neutral,small work motion,0.61,routine local activity,True,True,True
1607,90,archive,Toma,0.98,0.056,0.0,soft-eye-contact,open,small beckon,0.76,trusted familiar action,True,True,True
1608,90,signal,Milo,0.98,0.07,0.0,soft-eye-contact,open,small beckon,0.76,trusted familiar action,True,True,True
1609,90,orchard,Mara,0.98,0.059,0.0,ambient-scan,neutral,small work motion,0.61,routine local activity,True,True,True
1610,90,repair_ring,Juno,0.98,0.05,0.0,ambient-scan,neutral,small work motion,0.61,routine local activity,True,True,True
1611,90,riverbend,Lio,0.98,0.064,0.0,soft-eye-contact,open,small beckon,0.76,trusted familiar action,True,True,True
1612,90,roofward,Fay,0.98,0.054,0.0,ambient-scan,neutral,small work motion,0.61,routine local activity,True,True,True
1613,90,archive,Toma,0.98,0.05,0.0,ambient-scan,neutral,small work motion,0.61,routine local activity,True,True,True
1614,90,signal,Milo,0.98,0.06,0.0,tracks-avatar,attentive,turns shoulders,0.66,avatar nearby,True,True,True
1615,90,orchard,Mara,0.98,0.059,0.0,ambient-scan,neutral,small work motion,0.61,routine local activity,True,True,True
1616,90,repair_ring,Juno,0.98,0.05,0.0,ambient-scan,neutral,small work motion,0.61,routine local activity,True,True,True
1617,90,riverbend,Lio,0.98,0.054,0.0,tracks-avatar,attentive,turns shoulders,0.66,avatar nearby,True,True,True
1618,90,roofward,Fay,0.98,0.054,0.0,ambient-scan,neutral,small work motion,0.61,routine local activity,True,True,True
1619,90,archive,Toma,0.98,0.05,0.0,ambient-scan,neutral,small work motion,0.61,routine local activity,True,True,True
1620,91,orchard,Mara,0.98,0.065,0.0,ambient-scan,neutral,small work motion,0.61,routine local activity,True,True,True
1621,91,repair_ring,Juno,0.98,0.056,0.0,soft-eye-contact,open,small beckon,0.76,trusted familiar action,True,True,True
1622,91,riverbend,Lio,0.98,0.06,0.0,ambient-scan,neutral,small work motion,0.61,routine local activity,True,True,True
1623,91,roofward,Fay,0.98,0.06,0.0,ambient-scan,neutral,small work motion,0.61,routine local activity,True,True,True
1624,91,archive,Toma,0.98,0.056,0.0,soft-eye-contact,open,small beckon,0.76,trusted familiar action,True,True,True
1625,91,signal,Milo,0.98,0.066,0.0,soft-eye-contact,open,small beckon,0.76,trusted familiar action,True,True,True
1626,91,orchard,Mara,0.98,0.061,0.0,ambient-scan,neutral,small work motion,0.61,routine local activity,True,True,True
1627,91,repair_ring,Juno,0.98,0.05,0.0,ambient-scan,neutral,small work motion,0.61,routine local activity,True,True,True
1628,91,riverbend,Lio,0.98,0.066,0.0,soft-eye-contact,open,small beckon,0.76,trusted familiar action,True,True,True
1629,91,roofward,Fay,0.98,0.056,0.0,ambient-scan,neutral,small work motion,0.61,routine local activity,True,True,True
1630,91,archive,Toma,0.98,0.05,0.0,ambient-scan,neutral,small work motion,0.61,routine local activity,True,True,True
1631,91,signal,Milo,0.98,0.056,0.0,tracks-avatar,attentive,turns shoulders,0.66,avatar nearby,True,True,True
1632,91,orchard,Mara,0.98,0.06,0.0,ambient-scan,neutral,small work motion,0.61,routine local activity,True,True,True
1633,91,repair_ring,Juno,0.98,0.05,0.0,ambient-scan,neutral,small work motion,0.61,routine local activity,True,True,True
1634,91,riverbend,Lio,0.98,0.056,0.0,tracks-avatar,attentive,turns shoulders,0.66,avatar nearby,True,True,True
1635,91,roofward,Fay,0.98,0.055,0.0,ambient-scan,neutral,small work motion,0.61,routine local activity,True,True,True
1636,91,archive,Toma,0.98,0.05,0.0,ambient-scan,neutral,small work motion,0.61,routine local activity,True,True,True
1637,91,signal,Milo,0.98,0.062,0.0,soft-eye-contact,open,small beckon,0.76,trusted familiar action,True,True,True
1638,92,repair_ring,Juno,0.98,0.056,0.0,soft-eye-contact,open,small beckon,0.76,trusted familiar action,True,True,True
1639,92,riverbend,Lio,0.98,0.062,0.0,ambient-scan,neutral,small work motion,0.61,routine local activity,True,True,True
1640,92,roofward,Fay,0.98,0.061,0.0,ambient-scan,neutral,small work motion,0.61,routine local activity,True,True,True
1641,92,archive,Toma,0.98,0.056,0.0,soft-eye-contact,open,small beckon,0.76,trusted familiar action,True,True,True
1642,92,signal,Milo,0.98,0.052,0.0,soft-eye-contact,open,small beckon,0.76,trusted familiar action,True,True,True
1643,92,orchard,Mara,0.98,0.066,0.0,ambient-scan,neutral,small work motion,0.61,routine local activity,True,True,True
1644,92,repair_ring,Juno,0.98,0.05,0.0,ambient-scan,neutral,small work motion,0.61,routine local activity,True,True,True
1645,92,riverbend,Lio,0.98,0.068,0.0,soft-eye-contact,open,small beckon,0.76,trusted familiar action,True,True,True
1646,92,roofward,Fay,0.98,0.057,0.0,ambient-scan,neutral,small work motion,0.61,routine local activity,True,True,True
1647,92,archive,Toma,0.98,0.05,0.0,ambient-scan,neutral,small work motion,0.61,routine local activity,True,True,True
1648,92,signal,Milo,0.98,0.05,0.0,tracks-avatar,attentive,turns shoulders,0.66,avatar nearby,True,True,True
1649,92,orchard,Mara,0.98,0.066,0.0,ambient-scan,neutral,small work motion,0.61,routine local activity,True,True,True
1650,92,repair_ring,Juno,0.98,0.056,0.0,ambient-scan,neutral,small work motion,0.61,routine local activity,True,True,True
1651,92,riverbend,Lio,0.98,0.058,0.0,tracks-avatar,attentive,turns shoulders,0.66,avatar nearby,True,True,True
1652,92,roofward,Fay,0.98,0.057,0.0,ambient-scan,neutral,small work motion,0.61,routine local activity,True,True,True
1653,92,archive,Toma,0.98,0.056,0.0,ambient-scan,neutral,small work motion,0.61,routine local activity,True,True,True
1654,92,signal,Milo,0.98,0.056,0.0,soft-eye-contact,open,small beckon,0.76,trusted familiar action,True,True,True
1655,92,orchard,Mara,0.98,0.072,0.0,soft-eye-contact,open,small beckon,0.76,trusted familiar action,True,True,True
1656,93,riverbend,Lio,0.98,0.064,0.0,ambient-scan,neutral,small work motion,0.61,routine local activity,True,True,True
1657,93,roofward,Fay,0.98,0.063,0.0,ambient-scan,neutral,small work motion,0.61,routine local activity,True,True,True
1658,93,archive,Toma,0.98,0.052,0.0,soft-eye-contact,open,small beckon,0.76,trusted familiar action,True,True,True
1659,93,signal,Milo,0.98,0.05,0.0,soft-eye-contact,open,small beckon,0.76,trusted familiar action,True,True,True
1660,93,orchard,Mara,0.98,0.062,0.0,ambient-scan,neutral,small work motion,0.61,routine local activity,True,True,True
1661,93,repair_ring,Juno,0.98,0.052,0.0,ambient-scan,neutral,small work motion,0.61,routine local activity,True,True,True
1662,93,riverbend,Lio,0.98,0.07,0.0,soft-eye-contact,open,small beckon,0.76,trusted familiar action,True,True,True
1663,93,roofward,Fay,0.98,0.059,0.0,ambient-scan,neutral,small work motion,0.61,routine local activity,True,True,True
1664,93,archive,Toma,0.98,0.05,0.0,ambient-scan,neutral,small work motion,0.61,routine local activity,True,True,True
1665,93,signal,Milo,0.98,0.056,0.0,tracks-avatar,attentive,turns shoulders,0.66,avatar nearby,True,True,True
1666,93,orchard,Mara,0.98,0.062,0.0,ambient-scan,neutral,small work motion,0.61,routine local activity,True,True,True
1667,93,repair_ring,Juno,0.98,0.052,0.0,ambient-scan,neutral,small work motion,0.61,routine local activity,True,True,True
1668,93,riverbend,Lio,0.98,0.06,0.0,tracks-avatar,attentive,turns shoulders,0.66,avatar nearby,True,True,True
1669,93,roofward,Fay,0.98,0.059,0.0,ambient-scan,neutral,small work motion,0.61,routine local activity,True,True,True
1670,93,archive,Toma,0.98,0.05,0.0,ambient-scan,neutral,small work motion,0.61,routine local activity,True,True,True
1671,93,signal,Milo,0.98,0.062,0.0,soft-eye-contact,open,small beckon,0.76,trusted familiar action,True,True,True
1672,93,orchard,Mara,0.98,0.068,0.0,soft-eye-contact,open,small beckon,0.76,trusted familiar action,True,True,True
1673,93,repair_ring,Juno,0.98,0.05,0.0,ambient-scan,neutral,small work motion,0.61,routine local activity,True,True,True
1674,94,roofward,Fay,0.98,0.065,0.0,ambient-scan,neutral,small work motion,0.61,routine local activity,True,True,True
1675,94,archive,Toma,0.98,0.056,0.0,soft-eye-contact,open,small beckon,0.76,trusted familiar action,True,True,True
1676,94,signal,Milo,0.98,0.052,0.0,soft-eye-contact,open,small beckon,0.76,trusted familiar action,True,True,True
1677,94,orchard,Mara,0.98,0.058,0.0,ambient-scan,neutral,small work motion,0.61,routine local activity,True,True,True
1678,94,repair_ring,Juno,0.98,0.05,0.0,ambient-scan,neutral,small work motion,0.61,routine local activity,True,True,True
1679,94,riverbend,Lio,0.98,0.066,0.0,soft-eye-contact,open,small beckon,0.76,trusted familiar action,True,True,True
1680,94,roofward,Fay,0.98,0.061,0.0,ambient-scan,neutral,small work motion,0.61,routine local activity,True,True,True
1681,94,archive,Toma,0.98,0.05,0.0,ambient-scan,neutral,small work motion,0.61,routine local activity,True,True,True
1682,94,signal,Milo,0.98,0.05,0.0,tracks-avatar,attentive,turns shoulders,0.66,avatar nearby,True,True,True
1683,94,orchard,Mara,0.98,0.057,0.0,ambient-scan,neutral,small work motion,0.61,routine local activity,True,True,True
1684,94,repair_ring,Juno,0.98,0.05,0.0,ambient-scan,neutral,small work motion,0.61,routine local activity,True,True,True
1685,94,riverbend,Lio,0.98,0.056,0.0,tracks-avatar,attentive,turns shoulders,0.66,avatar nearby,True,True,True
1686,94,roofward,Fay,0.98,0.06,0.0,ambient-scan,neutral,small work motion,0.61,routine local activity,True,True,True
1687,94,archive,Toma,0.98,0.05,0.0,ambient-scan,neutral,small work motion,0.61,routine local activity,True,True,True
1688,94,signal,Milo,0.98,0.056,0.0,soft-eye-contact,open,small beckon,0.76,trusted familiar action,True,True,True
1689,94,orchard,Mara,0.98,0.063,0.0,soft-eye-contact,open,small beckon,0.76,trusted familiar action,True,True,True
1690,94,repair_ring,Juno,0.98,0.056,0.0,ambient-scan,neutral,small work motion,0.61,routine local activity,True,True,True
1691,94,riverbend,Lio,0.98,0.062,0.0,soft-eye-contact,open,small beckon,0.76,trusted familiar action,True,True,True
1692,95,archive,Toma,0.98,0.056,0.0,soft-eye-contact,open,small beckon,0.76,trusted familiar action,True,True,True
1693,95,signal,Milo,0.98,0.05,0.0,soft-eye-contact,open,small beckon,0.76,trusted familiar action,True,True,True
1694,95,orchard,Mara,0.98,0.053,0.0,ambient-scan,neutral,small work motion,0.61,routine local activity,True,True,True
1695,95,repair_ring,Juno,0.98,0.056,0.0,ambient-scan,neutral,small work motion,0.61,routine local activity,True,True,True
1696,95,riverbend,Lio,0.98,0.052,0.0,soft-eye-contact,open,small beckon,0.76,trusted familiar action,True,True,True
1697,95,roofward,Fay,0.98,0.066,0.0,ambient-scan,neutral,small work motion,0.61,routine local activity,True,True,True
1698,95,archive,Toma,0.98,0.05,0.0,ambient-scan,neutral,small work motion,0.61,routine local activity,True,True,True
1699,95,signal,Milo,0.98,0.05,0.0,tracks-avatar,attentive,turns shoulders,0.66,avatar nearby,True,True,True
1700,95,orchard,Mara,0.98,0.053,0.0,ambient-scan,neutral,small work motion,0.61,routine local activity,True,True,True
1701,95,repair_ring,Juno,0.98,0.055,0.0,ambient-scan,neutral,small work motion,0.61,routine local activity,True,True,True
1702,95,riverbend,Lio,0.98,0.05,0.0,tracks-avatar,attentive,turns shoulders,0.66,avatar nearby,True,True,True
1703,95,roofward,Fay,0.98,0.066,0.0,ambient-scan,neutral,small work motion,0.61,routine local activity,True,True,True
1704,95,archive,Toma,0.98,0.056,0.0,ambient-scan,neutral,small work motion,0.61,routine local activity,True,True,True
1705,95,signal,Milo,0.98,0.056,0.0,soft-eye-contact,open,small beckon,0.76,trusted familiar action,True,True,True
1706,95,orchard,Mara,0.98,0.059,0.0,soft-eye-contact,open,small beckon,0.76,trusted familiar action,True,True,True
1707,95,repair_ring,Juno,0.98,0.051,0.0,ambient-scan,neutral,small work motion,0.61,routine local activity,True,True,True
1708,95,riverbend,Lio,0.98,0.056,0.0,soft-eye-contact,open,small beckon,0.76,trusted familiar action,True,True,True
1709,95,roofward,Fay,0.98,0.072,0.0,soft-eye-contact,open,small beckon,0.76,trusted familiar action,True,True,True
1710,96,signal,Milo,0.98,0.05,0.0,soft-eye-contact,open,small beckon,0.76,trusted familiar action,True,True,True
1711,96,orchard,Mara,0.98,0.05,0.0,ambient-scan,neutral,small work motion,0.61,routine local activity,True,True,True
1712,96,repair_ring,Juno,0.98,0.05,0.0,ambient-scan,neutral,small work motion,0.61,routine local activity,True,True,True
1713,96,riverbend,Lio,0.98,0.05,0.0,soft-eye-contact,open,small beckon,0.76,trusted familiar action,True,True,True
1714,96,roofward,Fay,0.98,0.062,0.0,ambient-scan,neutral,small work motion,0.61,routine local activity,True,True,True
1715,96,archive,Toma,0.98,0.052,0.0,ambient-scan,neutral,small work motion,0.61,routine local activity,True,True,True
1716,96,signal,Milo,0.98,0.056,0.0,tracks-avatar,attentive,turns shoulders,0.66,avatar nearby,True,True,True
1717,96,orchard,Mara,0.98,0.05,0.0,ambient-scan,neutral,small work motion,0.61,routine local activity,True,True,True
1718,96,repair_ring,Juno,0.98,0.05,0.0,ambient-scan,neutral,small work motion,0.61,routine local activity,True,True,True
1719,96,riverbend,Lio,0.98,0.056,0.0,tracks-avatar,attentive,turns shoulders,0.66,avatar nearby,True,True,True
1720,96,roofward,Fay,0.98,0.062,0.0,ambient-scan,neutral,small work motion,0.61,routine local activity,True,True,True
1721,96,archive,Toma,0.98,0.052,0.0,ambient-scan,neutral,small work motion,0.61,routine local activity,True,True,True
1722,96,signal,Milo,0.98,0.062,0.0,soft-eye-contact,open,small beckon,0.76,trusted familiar action,True,True,True
1723,96,orchard,Mara,0.98,0.056,0.0,soft-eye-contact,open,small beckon,0.76,trusted familiar action,True,True,True
1724,96,repair_ring,Juno,0.98,0.056,0.0,ambient-scan,neutral,small work motion,0.61,routine local activity,True,True,True
1725,96,riverbend,Lio,0.98,0.062,0.0,soft-eye-contact,open,small beckon,0.76,trusted familiar action,True,True,True
1726,96,roofward,Fay,0.98,0.068,0.0,soft-eye-contact,open,small beckon,0.76,trusted familiar action,True,True,True
1727,96,archive,Toma,0.98,0.05,0.0,ambient-scan,neutral,small work motion,0.61,routine local activity,True,True,True
1728,97,orchard,Mara,0.98,0.05,0.0,ambient-scan,neutral,small work motion,0.61,routine local activity,True,True,True
1729,97,repair_ring,Juno,0.98,0.056,0.0,ambient-scan,neutral,small work motion,0.61,routine local activity,True,True,True
1730,97,riverbend,Lio,0.98,0.052,0.0,soft-eye-contact,open,small beckon,0.76,trusted familiar action,True,True,True
1731,97,roofward,Fay,0.98,0.058,0.0,ambient-scan,neutral,small work motion,0.61,routine local activity,True,True,True
1732,97,archive,Toma,0.98,0.05,0.0,ambient-scan,neutral,small work motion,0.61,routine local activity,True,True,True
1733,97,signal,Milo,0.98,0.052,0.0,tracks-avatar,attentive,turns shoulders,0.66,avatar nearby,True,True,True
1734,97,orchard,Mara,0.98,0.056,0.0,ambient-scan,neutral,small work motion,0.61,routine local activity,True,True,True
1735,97,repair_ring,Juno,0.98,0.056,0.0,ambient-scan,neutral,small work motion,0.61,routine local activity,True,True,True
1736,97,riverbend,Lio,0.98,0.05,0.0,tracks-avatar,attentive,turns shoulders,0.66,avatar nearby,True,True,True
1737,97,roofward,Fay,0.98,0.057,0.0,ambient-scan,neutral,small work motion,0.61,routine local activity,True,True,True
1738,97,archive,Toma,0.98,0.05,0.0,ambient-scan,neutral,small work motion,0.61,routine local activity,True,True,True
1739,97,signal,Milo,0.98,0.058,0.0,soft-eye-contact,open,small beckon,0.76,trusted familiar action,True,True,True
1740,97,orchard,Mara,0.98,0.062,0.0,soft-eye-contact,open,small beckon,0.76,trusted familiar action,True,True,True
1741,97,repair_ring,Juno,0.98,0.052,0.0,ambient-scan,neutral,small work motion,0.61,routine local activity,True,True,True
1742,97,riverbend,Lio,0.98,0.056,0.0,soft-eye-contact,open,small beckon,0.76,trusted familiar action,True,True,True
1743,97,roofward,Fay,0.98,0.063,0.0,soft-eye-contact,open,small beckon,0.76,trusted familiar action,True,True,True
1744,97,archive,Toma,0.98,0.056,0.0,ambient-scan,neutral,small work motion,0.61,routine local activity,True,True,True
1745,97,signal,Milo,0.98,0.05,0.0,ambient-scan,neutral,small work motion,0.61,routine local activity,True,True,True
1746,98,repair_ring,Juno,0.98,0.052,0.0,ambient-scan,neutral,small work motion,0.61,routine local activity,True,True,True
1747,98,riverbend,Lio,0.98,0.05,0.0,soft-eye-contact,open,small beckon,0.76,trusted familiar action,True,True,True
1748,98,roofward,Fay,0.98,0.053,0.0,ambient-scan,neutral,small work motion,0.61,routine local activity,True,True,True
1749,98,archive,Toma,0.98,0.056,0.0,ambient-scan,neutral,small work motion,0.61,routine local activity,True,True,True
1750,98,signal,Milo,0.98,0.05,0.0,tracks-avatar,attentive,turns shoulders,0.66,avatar nearby,True,True,True
1751,98,orchard,Mara,0.98,0.052,0.0,ambient-scan,neutral,small work motion,0.61,routine local activity,True,True,True
1752,98,repair_ring,Juno,0.98,0.051,0.0,ambient-scan,neutral,small work motion,0.61,routine local activity,True,True,True
1753,98,riverbend,Lio,0.98,0.05,0.0,tracks-avatar,attentive,turns shoulders,0.66,avatar nearby,True,True,True
1754,98,roofward,Fay,0.98,0.053,0.0,ambient-scan,neutral,small work motion,0.61,routine local activity,True,True,True
1755,98,archive,Toma,0.98,0.055,0.0,ambient-scan,neutral,small work motion,0.61,routine local activity,True,True,True
1756,98,signal,Milo,0.98,0.056,0.0,soft-eye-contact,open,small beckon,0.76,trusted familiar action,True,True,True
1757,98,orchard,Mara,0.98,0.058,0.0,soft-eye-contact,open,small beckon,0.76,trusted familiar action,True,True,True
1758,98,repair_ring,Juno,0.98,0.05,0.0,ambient-scan,neutral,small work motion,0.61,routine local activity,True,True,True
1759,98,riverbend,Lio,0.98,0.056,0.0,soft-eye-contact,open,small beckon,0.76,trusted familiar action,True,True,True
1760,98,roofward,Fay,0.98,0.059,0.0,soft-eye-contact,open,small beckon,0.76,trusted familiar action,True,True,True
1761,98,archive,Toma,0.98,0.051,0.0,ambient-scan,neutral,small work motion,0.61,routine local activity,True,True,True
1762,98,signal,Milo,0.98,0.05,0.0,ambient-scan,neutral,small work motion,0.61,routine local activity,True,True,True
1763,98,orchard,Mara,0.98,0.05,0.0,tracks-avatar,attentive,turns shoulders,0.66,avatar nearby,True,True,True
1764,99,riverbend,Lio,0.98,0.05,0.0,soft-eye-contact,open,small beckon,0.76,trusted familiar action,True,True,True
1765,99,roofward,Fay,0.98,0.05,0.0,ambient-scan,neutral,small work motion,0.61,routine local activity,True,True,True
1766,99,archive,Toma,0.98,0.05,0.0,ambient-scan,neutral,small work motion,0.61,routine local activity,True,True,True
1767,99,signal,Milo,0.98,0.05,0.0,tracks-avatar,attentive,turns shoulders,0.66,avatar nearby,True,True,True
1768,99,orchard,Mara,0.98,0.056,0.0,ambient-scan,neutral,small work motion,0.61,routine local activity,True,True,True
1769,99,repair_ring,Juno,0.98,0.056,0.0,ambient-scan,neutral,small work motion,0.61,routine local activity,True,True,True
1770,99,riverbend,Lio,0.98,0.056,0.0,tracks-avatar,attentive,turns shoulders,0.66,avatar nearby,True,True,True
1771,99,roofward,Fay,0.98,0.05,0.0,ambient-scan,neutral,small work motion,0.61,routine local activity,True,True,True
1772,99,archive,Toma,0.98,0.05,0.0,ambient-scan,neutral,small work motion,0.61,routine local activity,True,True,True
1773,99,signal,Milo,0.98,0.056,0.0,soft-eye-contact,open,small beckon,0.76,trusted familiar action,True,True,True
1774,99,orchard,Mara,0.98,0.062,0.0,soft-eye-contact,open,small beckon,0.76,trusted familiar action,True,True,True
1775,99,repair_ring,Juno,0.98,0.052,0.0,ambient-scan,neutral,small work motion,0.61,routine local activity,True,True,True
1776,99,riverbend,Lio,0.98,0.062,0.0,soft-eye-contact,open,small beckon,0.76,trusted familiar action,True,True,True
1777,99,roofward,Fay,0.98,0.056,0.0,soft-eye-contact,open,small beckon,0.76,trusted familiar action,True,True,True
1778,99,archive,Toma,0.98,0.056,0.0,ambient-scan,neutral,small work motion,0.61,routine local activity,True,True,True
1779,99,signal,Milo,0.98,0.05,0.0,ambient-scan,neutral,small work motion,0.61,routine local activity,True,True,True
1780,99,orchard,Mara,0.98,0.052,0.0,tracks-avatar,attentive,turns shoulders,0.66,avatar nearby,True,True,True
1781,99,repair_ring,Juno,0.98,0.052,0.0,ambient-scan,neutral,small work motion,0.61,routine local activity,True,True,True
1782,100,roofward,Fay,0.98,0.05,0.0,ambient-scan,neutral,small work motion,0.61,routine local activity,True,True,True
1783,100,archive,Toma,0.98,0.056,0.0,ambient-scan,neutral,small work motion,0.61,routine local activity,True,True,True
1784,100,signal,Milo,0.98,0.056,0.0,tracks-avatar,attentive,turns shoulders,0.66,avatar nearby,True,True,True
1785,100,orchard,Mara,0.98,0.058,0.0,ambient-scan,neutral,small work motion,0.61,routine local activity,True,True,True
1786,100,repair_ring,Juno,0.98,0.058,0.0,ambient-scan,neutral,small work motion,0.61,routine local activity,True,True,True
1787,100,riverbend,Lio,0.98,0.052,0.0,tracks-avatar,attentive,turns shoulders,0.66,avatar nearby,True,True,True
1788,100,roofward,Fay,0.98,0.056,0.0,ambient-scan,neutral,small work motion,0.61,routine local activity,True,True,True
1789,100,archive,Toma,0.98,0.056,0.0,ambient-scan,neutral,small work motion,0.61,routine local activity,True,True,True
1790,100,signal,Milo,0.98,0.062,0.0,soft-eye-contact,open,small beckon,0.76,trusted familiar action,True,True,True
1791,100,orchard,Mara,0.98,0.064,0.0,soft-eye-contact,open,small beckon,0.76,trusted familiar action,True,True,True
1792,100,repair_ring,Juno,0.98,0.054,0.0,ambient-scan,neutral,small work motion,0.61,routine local activity,True,True,True
1793,100,riverbend,Lio,0.98,0.058,0.0,soft-eye-contact,open,small beckon,0.76,trusted familiar action,True,True,True
1794,100,roofward,Fay,0.98,0.062,0.0,soft-eye-contact,open,small beckon,0.76,trusted familiar action,True,True,True
1795,100,archive,Toma,0.98,0.052,0.0,ambient-scan,neutral,small work motion,0.61,routine local activity,True,True,True
1796,100,signal,Milo,0.98,0.052,0.0,ambient-scan,neutral,small work motion,0.61,routine local activity,True,True,True
1797,100,orchard,Mara,0.98,0.054,0.0,tracks-avatar,attentive,turns shoulders,0.66,avatar nearby,True,True,True
1798,100,repair_ring,Juno,0.98,0.054,0.0,ambient-scan,neutral,small work motion,0.61,routine local activity,True,True,True
1799,100,riverbend,Lio,0.98,0.05,0.0,ambient-scan,neutral,small work motion,0.61,routine local activity,True,True,True
1800,101,archive,Toma,0.98,0.052,0.0,ambient-scan,neutral,small work motion,0.61,routine local activity,True,True,True
1801,101,signal,Milo,0.98,0.052,0.0,tracks-avatar,attentive,turns shoulders,0.66,avatar nearby,True,True,True
1802,101,orchard,Mara,0.98,0.06,0.0,ambient-scan,neutral,small work motion,0.61,routine local activity,True,True,True
1803,101,repair_ring,Juno,0.98,0.06,0.0,ambient-scan,neutral,small work motion,0.61,routine local activity,True,True,True
1804,101,riverbend,Lio,0.98,0.05,0.0,tracks-avatar,attentive,turns shoulders,0.66,avatar nearby,True,True,True
1805,101,roofward,Fay,0.98,0.052,0.0,ambient-scan,neutral,small work motion,0.61,routine local activity,True,True,True
1806,101,archive,Toma,0.98,0.051,0.0,ambient-scan,neutral,small work motion,0.61,routine local activity,True,True,True
1807,101,signal,Milo,0.98,0.058,0.0,soft-eye-contact,open,small beckon,0.76,trusted familiar action,True,True,True
1808,101,orchard,Mara,0.98,0.066,0.0,soft-eye-contact,open,small beckon,0.76,trusted familiar action,True,True,True
1809,101,repair_ring,Juno,0.98,0.056,0.0,ambient-scan,neutral,small work motion,0.61,routine local activity,True,True,True
1810,101,riverbend,Lio,0.98,0.056,0.0,soft-eye-contact,open,small beckon,0.76,trusted familiar action,True,True,True
1811,101,roofward,Fay,0.98,0.058,0.0,soft-eye-contact,open,small beckon,0.76,trusted familiar action,True,True,True
1812,101,archive,Toma,0.98,0.05,0.0,ambient-scan,neutral,small work motion,0.61,routine local activity,True,True,True
1813,101,signal,Milo,0.98,0.05,0.0,ambient-scan,neutral,small work motion,0.61,routine local activity,True,True,True
1814,101,orchard,Mara,0.98,0.056,0.0,tracks-avatar,attentive,turns shoulders,0.66,avatar nearby,True,True,True
1815,101,repair_ring,Juno,0.98,0.055,0.0,ambient-scan,neutral,small work motion,0.61,routine local activity,True,True,True
1816,101,riverbend,Lio,0.98,0.05,0.0,ambient-scan,neutral,small work motion,0.61,routine local activity,True,True,True
1817,101,roofward,Fay,0.98,0.05,0.0,tracks-avatar,attentive,turns shoulders,0.66,avatar nearby,True,True,True
1818,102,signal,Milo,0.98,0.05,0.0,tracks-avatar,attentive,turns shoulders,0.66,avatar nearby,True,True,True
1819,102,orchard,Mara,0.98,0.062,0.0,ambient-scan,neutral,small work motion,0.61,routine local activity,True,True,True
1820,102,repair_ring,Juno,0.98,0.061,0.0,ambient-scan,neutral,small work motion,0.61,routine local activity,True,True,True
1821,102,riverbend,Lio,0.98,0.05,0.0,tracks-avatar,attentive,turns shoulders,0.66,avatar nearby,True,True,True
1822,102,roofward,Fay,0.98,0.056,0.0,ambient-scan,neutral,small work motion,0.61,routine local activity,True,True,True
1823,102,archive,Toma,0.98,0.056,0.0,ambient-scan,neutral,small work motion,0.61,routine local activity,True,True,True
1824,102,signal,Milo,0.98,0.056,0.0,soft-eye-contact,open,small beckon,0.76,trusted familiar action,True,True,True
1825,102,orchard,Mara,0.98,0.068,0.0,soft-eye-contact,open,small beckon,0.76,trusted familiar action,True,True,True
1826,102,repair_ring,Juno,0.98,0.057,0.0,ambient-scan,neutral,small work motion,0.61,routine local activity,True,True,True
1827,102,riverbend,Lio,0.98,0.056,0.0,soft-eye-contact,open,small beckon,0.76,trusted familiar action,True,True,True
1828,102,roofward,Fay,0.98,0.062,0.0,soft-eye-contact,open,small beckon,0.76,trusted familiar action,True,True,True
1829,102,archive,Toma,0.98,0.052,0.0,ambient-scan,neutral,small work motion,0.61,routine local activity,True,True,True
1830,102,signal,Milo,0.98,0.05,0.0,ambient-scan,neutral,small work motion,0.61,routine local activity,True,True,True
1831,102,orchard,Mara,0.98,0.058,0.0,tracks-avatar,attentive,turns shoulders,0.66,avatar nearby,True,True,True
1832,102,repair_ring,Juno,0.98,0.057,0.0,ambient-scan,neutral,small work motion,0.61,routine local activity,True,True,True
1833,102,riverbend,Lio,0.98,0.05,0.0,ambient-scan,neutral,small work motion,0.61,routine local activity,True,True,True
1834,102,roofward,Fay,0.98,0.052,0.0,tracks-avatar,attentive,turns shoulders,0.66,avatar nearby,True,True,True
1835,102,archive,Toma,0.98,0.052,0.0,ambient-scan,neutral,small work motion,0.61,routine local activity,True,True,True
1836,103,orchard,Mara,0.98,0.064,0.0,ambient-scan,neutral,small work motion,0.61,routine local activity,True,True,True
1837,103,repair_ring,Juno,0.98,0.063,0.0,ambient-scan,neutral,small work motion,0.61,routine local activity,True,True,True
1838,103,riverbend,Lio,0.98,0.056,0.0,tracks-avatar,attentive,turns shoulders,0.66,avatar nearby,True,True,True
1839,103,roofward,Fay,0.98,0.058,0.0,ambient-scan,neutral,small work motion,0.61,routine local activity,True,True,True
1840,103,archive,Toma,0.98,0.058,0.0,ambient-scan,neutral,small work motion,0.61,routine local activity,True,True,True
1841,103,signal,Milo,0.98,0.056,0.0,soft-eye-contact,open,small beckon,0.76,trusted familiar action,True,True,True
1842,103,orchard,Mara,0.98,0.07,0.0,soft-eye-contact,open,small beckon,0.76,trusted familiar action,True,True,True
1843,103,repair_ring,Juno,0.98,0.059,0.0,ambient-scan,neutral,small work motion,0.61,routine local activity,True,True,True
1844,103,riverbend,Lio,0.98,0.062,0.0,soft-eye-contact,open,small beckon,0.76,trusted familiar action,True,True,True
1845,103,roofward,Fay,0.98,0.064,0.0,soft-eye-contact,open,small beckon,0.76,trusted familiar action,True,True,True
1846,103,archive,Toma,0.98,0.054,0.0,ambient-scan,neutral,small work motion,0.61,routine local activity,True,True,True
1847,103,signal,Milo,0.98,0.05,0.0,ambient-scan,neutral,small work motion,0.61,routine local activity,True,True,True
1848,103,orchard,Mara,0.98,0.06,0.0,tracks-avatar,attentive,turns shoulders,0.66,avatar nearby,True,True,True
1849,103,repair_ring,Juno,0.98,0.059,0.0,ambient-scan,neutral,small work motion,0.61,routine local activity,True,True,True
1850,103,riverbend,Lio,0.98,0.052,0.0,ambient-scan,neutral,small work motion,0.61,routine local activity,True,True,True
1851,103,roofward,Fay,0.98,0.054,0.0,tracks-avatar,attentive,turns shoulders,0.66,avatar nearby,True,True,True
1852,103,archive,Toma,0.98,0.054,0.0,ambient-scan,neutral,small work motion,0.61,routine local activity,True,True,True
1853,103,signal,Milo,0.98,0.05,0.0,ambient-scan,neutral,small work motion,0.61,routine local activity,True,True,True
1854,104,repair_ring,Juno,0.98,0.065,0.0,ambient-scan,neutral,small work motion,0.61,routine local activity,True,True,True
1855,104,riverbend,Lio,0.98,0.052,0.0,tracks-avatar,attentive,turns shoulders,0.66,avatar nearby,True,True,True
1856,104,roofward,Fay,0.98,0.06,0.0,ambient-scan,neutral,small work motion,0.61,routine local activity,True,True,True
1857,104,archive,Toma,0.98,0.06,0.0,ambient-scan,neutral,small work motion,0.61,routine local activity,True,True,True
1858,104,signal,Milo,0.98,0.056,0.0,soft-eye-contact,open,small beckon,0.76,trusted familiar action,True,True,True
1859,104,orchard,Mara,0.98,0.066,0.0,soft-eye-contact,open,small beckon,0.76,trusted familiar action,True,True,True
1860,104,repair_ring,Juno,0.98,0.061,0.0,ambient-scan,neutral,small work motion,0.61,routine local activity,True,True,True
1861,104,riverbend,Lio,0.98,0.058,0.0,soft-eye-contact,open,small beckon,0.76,trusted familiar action,True,True,True
1862,104,roofward,Fay,0.98,0.066,0.0,soft-eye-contact,open,small beckon,0.76,trusted familiar action,True,True,True
1863,104,archive,Toma,0.98,0.056,0.0,ambient-scan,neutral,small work motion,0.61,routine local activity,True,True,True
1864,104,signal,Milo,0.98,0.05,0.0,ambient-scan,neutral,small work motion,0.61,routine local activity,True,True,True
1865,104,orchard,Mara,0.98,0.056,0.0,tracks-avatar,attentive,turns shoulders,0.66,avatar nearby,True,True,True
1866,104,repair_ring,Juno,0.98,0.06,0.0,ambient-scan,neutral,small work motion,0.61,routine local activity,True,True,True
1867,104,riverbend,Lio,0.98,0.05,0.0,ambient-scan,neutral,small work motion,0.61,routine local activity,True,True,True
1868,104,roofward,Fay,0.98,0.056,0.0,tracks-avatar,attentive,turns shoulders,0.66,avatar nearby,True,True,True
1869,104,archive,Toma,0.98,0.055,0.0,ambient-scan,neutral,small work motion,0.61,routine local activity,True,True,True
1870,104,signal,Milo,0.98,0.05,0.0,ambient-scan,neutral,small work motion,0.61,routine local activity,True,True,True
1871,104,orchard,Mara,0.98,0.062,0.0,soft-eye-contact,open,small beckon,0.76,trusted familiar action,True,True,True
1872,105,riverbend,Lio,0.98,0.05,0.0,tracks-avatar,attentive,turns shoulders,0.66,avatar nearby,True,True,True
1873,105,roofward,Fay,0.98,0.062,0.0,ambient-scan,neutral,small work motion,0.61,routine local activity,True,True,True
1874,105,archive,Toma,0.98,0.061,0.0,ambient-scan,neutral,small work motion,0.61,routine local activity,True,True,True
1875,105,signal,Milo,0.98,0.056,0.0,soft-eye-contact,open,small beckon,0.76,trusted familiar action,True,True,True
1876,105,orchard,Mara,0.98,0.052,0.0,soft-eye-contact,open,small beckon,0.76,trusted familiar action,True,True,True
1877,105,repair_ring,Juno,0.98,0.066,0.0,ambient-scan,neutral,small work motion,0.61,routine local activity,True,True,True
1878,105,riverbend,Lio,0.98,0.056,0.0,soft-eye-contact,open,small beckon,0.76,trusted familiar action,True,True,True
1879,105,roofward,Fay,0.98,0.068,0.0,soft-eye-contact,open,small beckon,0.76,trusted familiar action,True,True,True
1880,105,archive,Toma,0.98,0.057,0.0,ambient-scan,neutral,small work motion,0.61,routine local activity,True,True,True
1881,105,signal,Milo,0.98,0.05,0.0,ambient-scan,neutral,small work motion,0.61,routine local activity,True,True,True
1882,105,orchard,Mara,0.98,0.05,0.0,tracks-avatar,attentive,turns shoulders,0.66,avatar nearby,True,True,True
1883,105,repair_ring,Juno,0.98,0.066,0.0,ambient-scan,neutral,small work motion,0.61,routine local activity,True,True,True
1884,105,riverbend,Lio,0.98,0.05,0.0,ambient-scan,neutral,small work motion,0.61,routine local activity,True,True,True
1885,105,roofward,Fay,0.98,0.058,0.0,tracks-avatar,attentive,turns shoulders,0.66,avatar nearby,True,True,True
1886,105,archive,Toma,0.98,0.057,0.0,ambient-scan,neutral,small work motion,0.61,routine local activity,True,True,True
1887,105,signal,Milo,0.98,0.056,0.0,ambient-scan,neutral,small work motion,0.61,routine local activity,True,True,True
1888,105,orchard,Mara,0.98,0.056,0.0,soft-eye-contact,open,small beckon,0.76,trusted familiar action,True,True,True
1889,105,repair_ring,Juno,0.98,0.072,0.0,soft-eye-contact,open,small beckon,0.76,trusted familiar action,True,True,True
1890,106,roofward,Fay,0.98,0.064,0.0,ambient-scan,neutral,small work motion,0.61,routine local activity,True,True,True
1891,106,archive,Toma,0.98,0.063,0.0,ambient-scan,neutral,small work motion,0.61,routine local activity,True,True,True
1892,106,signal,Milo,0.98,0.052,0.0,soft-eye-contact,open,small beckon,0.76,trusted familiar action,True,True,True
1893,106,orchard,Mara,0.98,0.05,0.0,soft-eye-contact,open,small beckon,0.76,trusted familiar action,True,True,True
1894,106,repair_ring,Juno,0.98,0.062,0.0,ambient-scan,neutral,small work motion,0.61,routine local activity,True,True,True
1895,106,riverbend,Lio,0.98,0.056,0.0,soft-eye-contact,open,small beckon,0.76,trusted familiar action,True,True,True
1896,106,roofward,Fay,0.98,0.07,0.0,soft-eye-contact,open,small beckon,0.76,trusted familiar action,True,True,True
1897,106,archive,Toma,0.98,0.059,0.0,ambient-scan,neutral,small work motion,0.61,routine local activity,True,True,True
1898,106,signal,Milo,0.98,0.05,0.0,ambient-scan,neutral,small work motion,0.61,routine local activity,True,True,True
1899,106,orchard,Mara,0.98,0.056,0.0,tracks-avatar,attentive,turns shoulders,0.66,avatar nearby,True,True,True
1900,106,repair_ring,Juno,0.98,0.062,0.0,ambient-scan,neutral,small work motion,0.61,routine local activity,True,True,True
1901,106,riverbend,Lio,0.98,0.05,0.0,ambient-scan,neutral,small work motion,0.61,routine local activity,True,True,True
1902,106,roofward,Fay,0.98,0.06,0.0,tracks-avatar,attentive,turns shoulders,0.66,avatar nearby,True,True,True
1903,106,archive,Toma,0.98,0.059,0.0,ambient-scan,neutral,small work motion,0.61,routine local activity,True,True,True
1904,106,signal,Milo,0.98,0.05,0.0,ambient-scan,neutral,small work motion,0.61,routine local activity,True,True,True
1905,106,orchard,Mara,0.98,0.062,0.0,soft-eye-contact,open,small beckon,0.76,trusted familiar action,True,True,True
1906,106,repair_ring,Juno,0.98,0.068,0.0,soft-eye-contact,open,small beckon,0.76,trusted familiar action,True,True,True
1907,106,riverbend,Lio,0.98,0.05,0.0,ambient-scan,neutral,small work motion,0.61,routine local activity,True,True,True
1908,107,archive,Toma,0.98,0.065,0.0,ambient-scan,neutral,small work motion,0.61,routine local activity,True,True,True
1909,107,signal,Milo,0.98,0.056,0.0,soft-eye-contact,open,small beckon,0.76,trusted familiar action,True,True,True
1910,107,orchard,Mara,0.98,0.052,0.0,soft-eye-contact,open,small beckon,0.76,trusted familiar action,True,True,True
1911,107,repair_ring,Juno,0.98,0.058,0.0,ambient-scan,neutral,small work motion,0.61,routine local activity,True,True,True
1912,107,riverbend,Lio,0.98,0.056,0.0,soft-eye-contact,open,small beckon,0.76,trusted familiar action,True,True,True
1913,107,roofward,Fay,0.98,0.066,0.0,soft-eye-contact,open,small beckon,0.76,trusted familiar action,True,True,True
1914,107,archive,Toma,0.98,0.061,0.0,ambient-scan,neutral,small work motion,0.61,routine local activity,True,True,True
1915,107,signal,Milo,0.98,0.05,0.0,ambient-scan,neutral,small work motion,0.61,routine local activity,True,True,True
1916,107,orchard,Mara,0.98,0.05,0.0,tracks-avatar,attentive,turns shoulders,0.66,avatar nearby,True,True,True
1917,107,repair_ring,Juno,0.98,0.057,0.0,ambient-scan,neutral,small work motion,0.61,routine local activity,True,True,True
1918,107,riverbend,Lio,0.98,0.05,0.0,ambient-scan,neutral,small work motion,0.61,routine local activity,True,True,True
1919,107,roofward,Fay,0.98,0.056,0.0,tracks-avatar,attentive,turns shoulders,0.66,avatar nearby,True,True,True
1920,107,archive,Toma,0.98,0.06,0.0,ambient-scan,neutral,small work motion,0.61,routine local activity,True,True,True
1921,107,signal,Milo,0.98,0.05,0.0,ambient-scan,neutral,small work motion,0.61,routine local activity,True,True,True
1922,107,orchard,Mara,0.98,0.056,0.0,soft-eye-contact,open,small beckon,0.76,trusted familiar action,True,True,True
1923,107,repair_ring,Juno,0.98,0.063,0.0,soft-eye-contact,open,small beckon,0.76,trusted familiar action,True,True,True
1924,107,riverbend,Lio,0.98,0.05,0.0,ambient-scan,neutral,small work motion,0.61,routine local activity,True,True,True
1925,107,roofward,Fay,0.98,0.062,0.0,soft-eye-contact,open,small beckon,0.76,trusted familiar action,True,True,True
1926,108,signal,Milo,0.98,0.056,0.0,soft-eye-contact,open,small beckon,0.76,trusted familiar action,True,True,True
1927,108,orchard,Mara,0.98,0.05,0.0,soft-eye-contact,open,small beckon,0.76,trusted familiar action,True,True,True
1928,108,repair_ring,Juno,0.98,0.053,0.0,ambient-scan,neutral,small work motion,0.61,routine local activity,True,True,True
1929,108,riverbend,Lio,0.98,0.056,0.0,soft-eye-contact,open,small beckon,0.76,trusted familiar action,True,True,True
1930,108,roofward,Fay,0.98,0.052,0.0,soft-eye-contact,open,small beckon,0.76,trusted familiar action,True,True,True
1931,108,archive,Toma,0.98,0.066,0.0,ambient-scan,neutral,small work motion,0.61,routine local activity,True,True,True
1932,108,signal,Milo,0.98,0.05,0.0,ambient-scan,neutral,small work motion,0.61,routine local activity,True,True,True
1933,108,orchard,Mara,0.98,0.05,0.0,tracks-avatar,attentive,turns shoulders,0.66,avatar nearby,True,True,True
1934,108,repair_ring,Juno,0.98,0.053,0.0,ambient-scan,neutral,small work motion,0.61,routine local activity,True,True,True
1935,108,riverbend,Lio,0.98,0.05,0.0,ambient-scan,neutral,small work motion,0.61,routine local activity,True,True,True
1936,108,roofward,Fay,0.98,0.05,0.0,tracks-avatar,attentive,turns shoulders,0.66,avatar nearby,True,True,True
1937,108,archive,Toma,0.98,0.066,0.0,ambient-scan,neutral,small work motion,0.61,routine local activity,True,True,True
1938,108,signal,Milo,0.98,0.056,0.0,ambient-scan,neutral,small work motion,0.61,routine local activity,True,True,True
1939,108,orchard,Mara,0.98,0.056,0.0,soft-eye-contact,open,small beckon,0.76,trusted familiar action,True,True,True
1940,108,repair_ring,Juno,0.98,0.059,0.0,soft-eye-contact,open,small beckon,0.76,trusted familiar action,True,True,True
1941,108,riverbend,Lio,0.98,0.056,0.0,ambient-scan,neutral,small work motion,0.61,routine local activity,True,True,True
1942,108,roofward,Fay,0.98,0.056,0.0,soft-eye-contact,open,small beckon,0.76,trusted familiar action,True,True,True
1943,108,archive,Toma,0.98,0.072,0.0,soft-eye-contact,open,small beckon,0.76,trusted familiar action,True,True,True
1944,109,orchard,Mara,0.98,0.05,0.0,soft-eye-contact,open,small beckon,0.76,trusted familiar action,True,True,True
1945,109,repair_ring,Juno,0.98,0.05,0.0,ambient-scan,neutral,small work motion,0.61,routine local activity,True,True,True
1946,109,riverbend,Lio,0.98,0.052,0.0,soft-eye-contact,open,small beckon,0.76,trusted familiar action,True,True,True
1947,109,roofward,Fay,0.98,0.05,0.0,soft-eye-contact,open,small beckon,0.76,trusted familiar action,True,True,True
1948,109,archive,Toma,0.98,0.062,0.0,ambient-scan,neutral,small work motion,0.61,routine local activity,True,True,True
1949,109,signal,Milo,0.98,0.052,0.0,ambient-scan,neutral,small work motion,0.61,routine local activity,True,True,True
1950,109,orchard,Mara,0.98,0.056,0.0,tracks-avatar,attentive,turns shoulders,0.66,avatar nearby,True,True,True
1951,109,repair_ring,Juno,0.98,0.05,0.0,ambient-scan,neutral,small work motion,0.61,routine local activity,True,True,True
1952,109,riverbend,Lio,0.98,0.05,0.0,ambient-scan,neutral,small work motion,0.61,routine local activity,True,True,True
1953,109,roofward,Fay,0.98,0.056,0.0,tracks-avatar,attentive,turns shoulders,0.66,avatar nearby,True,True,True
1954,109,archive,Toma,0.98,0.062,0.0,ambient-scan,neutral,small work motion,0.61,routine local activity,True,True,True
1955,109,signal,Milo,0.98,0.052,0.0,ambient-scan,neutral,small work motion,0.61,routine local activity,True,True,True
1956,109,orchard,Mara,0.98,0.062,0.0,soft-eye-contact,open,small beckon,0.76,trusted familiar action,True,True,True
1957,109,repair_ring,Juno,0.98,0.056,0.0,soft-eye-contact,open,small beckon,0.76,trusted familiar action,True,True,True
1958,109,riverbend,Lio,0.98,0.05,0.0,ambient-scan,neutral,small work motion,0.61,routine local activity,True,True,True
1959,109,roofward,Fay,0.98,0.062,0.0,soft-eye-contact,open,small beckon,0.76,trusted familiar action,True,True,True
1960,109,archive,Toma,0.98,0.068,0.0,soft-eye-contact,open,small beckon,0.76,trusted familiar action,True,True,True
1961,109,signal,Milo,0.98,0.05,0.0,ambient-scan,neutral,small work motion,0.61,routine local activity,True,True,True
1962,110,repair_ring,Juno,0.98,0.05,0.0,ambient-scan,neutral,small work motion,0.61,routine local activity,True,True,True
1963,110,riverbend,Lio,0.98,0.056,0.0,soft-eye-contact,open,small beckon,0.76,trusted familiar action,True,True,True
1964,110,roofward,Fay,0.98,0.052,0.0,soft-eye-contact,open,small beckon,0.76,trusted familiar action,True,True,True
1965,110,archive,Toma,0.98,0.058,0.0,ambient-scan,neutral,small work motion,0.61,routine local activity,True,True,True
1966,110,signal,Milo,0.98,0.05,0.0,ambient-scan,neutral,small work motion,0.61,routine local activity,True,True,True
1967,110,orchard,Mara,0.98,0.052,0.0,tracks-avatar,attentive,turns shoulders,0.66,avatar nearby,True,True,True
1968,110,repair_ring,Juno,0.98,0.056,0.0,ambient-scan,neutral,small work motion,0.61,routine local activity,True,True,True
1969,110,riverbend,Lio,0.98,0.05,0.0,ambient-scan,neutral,small work motion,0.61,routine local activity,True,True,True
1970,110,roofward,Fay,0.98,0.05,0.0,tracks-avatar,attentive,turns shoulders,0.66,avatar nearby,True,True,True
1971,110,archive,Toma,0.98,0.057,0.0,ambient-scan,neutral,small work motion,0.61,routine local activity,True,True,True
1972,110,signal,Milo,0.98,0.05,0.0,ambient-scan,neutral,small work motion,0.61,routine local activity,True,True,True
1973,110,orchard,Mara,0.98,0.058,0.0,soft-eye-contact,open,small beckon,0.76,trusted familiar action,True,True,True
1974,110,repair_ring,Juno,0.98,0.062,0.0,soft-eye-contact,open,small beckon,0.76,trusted familiar action,True,True,True
1975,110,riverbend,Lio,0.98,0.05,0.0,ambient-scan,neutral,small work motion,0.61,routine local activity,True,True,True
1976,110,roofward,Fay,0.98,0.056,0.0,soft-eye-contact,open,small beckon,0.76,trusted familiar action,True,True,True
1977,110,archive,Toma,0.98,0.063,0.0,soft-eye-contact,open,small beckon,0.76,trusted familiar action,True,True,True
1978,110,signal,Milo,0.98,0.056,0.0,ambient-scan,neutral,small work motion,0.61,routine local activity,True,True,True
1979,110,orchard,Mara,0.98,0.05,0.0,ambient-scan,neutral,small work motion,0.61,routine local activity,True,True,True
1980,111,riverbend,Lio,0.98,0.056,0.0,soft-eye-contact,open,small beckon,0.76,trusted familiar action,True,True,True
1981,111,roofward,Fay,0.98,0.05,0.0,soft-eye-contact,open,small beckon,0.76,trusted familiar action,True,True,True
1982,111,archive,Toma,0.98,0.053,0.0,ambient-scan,neutral,small work motion,0.61,routine local activity,True,True,True
1983,111,signal,Milo,0.98,0.056,0.0,ambient-scan,neutral,small work motion,0.61,routine local activity,True,True,True
1984,111,orchard,Mara,0.98,0.05,0.0,tracks-avatar,attentive,turns shoulders,0.66,avatar nearby,True,True,True
1985,111,repair_ring,Juno,0.98,0.052,0.0,ambient-scan,neutral,small work motion,0.61,routine local activity,True,True,True
1986,111,riverbend,Lio,0.98,0.05,0.0,ambient-scan,neutral,small work motion,0.61,routine local activity,True,True,True
1987,111,roofward,Fay,0.98,0.05,0.0,tracks-avatar,attentive,turns shoulders,0.66,avatar nearby,True,True,True
1988,111,archive,Toma,0.98,0.053,0.0,ambient-scan,neutral,small work motion,0.61,routine local activity,True,True,True
1989,111,signal,Milo,0.98,0.055,0.0,ambient-scan,neutral,small work motion,0.61,routine local activity,True,True,True
1990,111,orchard,Mara,0.98,0.056,0.0,soft-eye-contact,open,small beckon,0.76,trusted familiar action,True,True,True
1991,111,repair_ring,Juno,0.98,0.058,0.0,soft-eye-contact,open,small beckon,0.76,trusted familiar action,True,True,True
1992,111,riverbend,Lio,0.98,0.056,0.0,ambient-scan,neutral,small work motion,0.61,routine local activity,True,True,True
1993,111,roofward,Fay,0.98,0.056,0.0,soft-eye-contact,open,small beckon,0.76,trusted familiar action,True,True,True
1994,111,archive,Toma,0.98,0.059,0.0,soft-eye-contact,open,small beckon,0.76,trusted familiar action,True,True,True
1995,111,signal,Milo,0.98,0.051,0.0,ambient-scan,neutral,small work motion,0.61,routine local activity,True,True,True
1996,111,orchard,Mara,0.98,0.05,0.0,ambient-scan,neutral,small work motion,0.61,routine local activity,True,True,True
1997,111,repair_ring,Juno,0.98,0.05,0.0,tracks-avatar,attentive,turns shoulders,0.66,avatar nearby,True,True,True
1998,112,roofward,Fay,0.98,0.05,0.0,soft-eye-contact,open,small beckon,0.76,trusted familiar action,True,True,True
1999,112,archive,Toma,0.98,0.05,0.0,ambient-scan,neutral,small work motion,0.61,routine local activity,True,True,True
2000,112,signal,Milo,0.98,0.05,0.0,ambient-scan,neutral,small work motion,0.61,routine local activity,True,True,True
2001,112,orchard,Mara,0.98,0.05,0.0,tracks-avatar,attentive,turns shoulders,0.66,avatar nearby,True,True,True
2002,112,repair_ring,Juno,0.98,0.056,0.0,ambient-scan,neutral,small work motion,0.61,routine local activity,True,True,True
2003,112,riverbend,Lio,0.98,0.052,0.0,ambient-scan,neutral,small work motion,0.61,routine local activity,True,True,True
2004,112,roofward,Fay,0.98,0.056,0.0,tracks-avatar,attentive,turns shoulders,0.66,avatar nearby,True,True,True
2005,112,archive,Toma,0.98,0.05,0.0,ambient-scan,neutral,small work motion,0.61,routine local activity,True,True,True
2006,112,signal,Milo,0.98,0.05,0.0,ambient-scan,neutral,small work motion,0.61,routine local activity,True,True,True
2007,112,orchard,Mara,0.98,0.056,0.0,soft-eye-contact,open,small beckon,0.76,trusted familiar action,True,True,True
2008,112,repair_ring,Juno,0.98,0.062,0.0,soft-eye-contact,open,small beckon,0.76,trusted familiar action,True,True,True
2009,112,riverbend,Lio,0.98,0.052,0.0,ambient-scan,neutral,small work motion,0.61,routine local activity,True,True,True
2010,112,roofward,Fay,0.98,0.062,0.0,soft-eye-contact,open,small beckon,0.76,trusted familiar action,True,True,True
2011,112,archive,Toma,0.98,0.056,0.0,soft-eye-contact,open,small beckon,0.76,trusted familiar action,True,True,True
2012,112,signal,Milo,0.98,0.056,0.0,ambient-scan,neutral,small work motion,0.61,routine local activity,True,True,True
2013,112,orchard,Mara,0.98,0.05,0.0,ambient-scan,neutral,small work motion,0.61,routine local activity,True,True,True
2014,112,repair_ring,Juno,0.98,0.052,0.0,tracks-avatar,attentive,turns shoulders,0.66,avatar nearby,True,True,True
2015,112,riverbend,Lio,0.98,0.05,0.0,ambient-scan,neutral,small work motion,0.61,routine local activity,True,True,True
2016,113,archive,Toma,0.98,0.05,0.0,ambient-scan,neutral,small work motion,0.61,routine local activity,True,True,True
2017,113,signal,Milo,0.98,0.056,0.0,ambient-scan,neutral,small work motion,0.61,routine local activity,True,True,True
2018,113,orchard,Mara,0.98,0.056,0.0,tracks-avatar,attentive,turns shoulders,0.66,avatar nearby,True,True,True
2019,113,repair_ring,Juno,0.98,0.058,0.0,ambient-scan,neutral,small work motion,0.61,routine local activity,True,True,True
2020,113,riverbend,Lio,0.98,0.05,0.0,ambient-scan,neutral,small work motion,0.61,routine local activity,True,True,True
2021,113,roofward,Fay,0.98,0.052,0.0,tracks-avatar,attentive,turns shoulders,0.66,avatar nearby,True,True,True
2022,113,archive,Toma,0.98,0.056,0.0,ambient-scan,neutral,small work motion,0.61,routine local activity,True,True,True
2023,113,signal,Milo,0.98,0.056,0.0,ambient-scan,neutral,small work motion,0.61,routine local activity,True,True,True
2024,113,orchard,Mara,0.98,0.062,0.0,soft-eye-contact,open,small beckon,0.76,trusted familiar action,True,True,True
2025,113,repair_ring,Juno,0.98,0.064,0.0,soft-eye-contact,open,small beckon,0.76,trusted familiar action,True,True,True
2026,113,riverbend,Lio,0.98,0.05,0.0,ambient-scan,neutral,small work motion,0.61,routine local activity,True,True,True
2027,113,roofward,Fay,0.98,0.058,0.0,soft-eye-contact,open,small beckon,0.76,trusted familiar action,True,True,True
2028,113,archive,Toma,0.98,0.062,0.0,soft-eye-contact,open,small beckon,0.76,trusted familiar action,True,True,True
2029,113,signal,Milo,0.98,0.052,0.0,ambient-scan,neutral,small work motion,0.61,routine local activity,True,True,True
2030,113,orchard,Mara,0.98,0.052,0.0,ambient-scan,neutral,small work motion,0.61,routine local activity,True,True,True
2031,113,repair_ring,Juno,0.98,0.054,0.0,tracks-avatar,attentive,turns shoulders,0.66,avatar nearby,True,True,True
2032,113,riverbend,Lio,0.98,0.056,0.0,ambient-scan,neutral,small work motion,0.61,routine local activity,True,True,True
2033,113,roofward,Fay,0.98,0.05,0.0,ambient-scan,neutral,small work motion,0.61,routine local activity,True,True,True
2034,114,signal,Milo,0.98,0.052,0.0,ambient-scan,neutral,small work motion,0.61,routine local activity,True,True,True
2035,114,orchard,Mara,0.98,0.052,0.0,tracks-avatar,attentive,turns shoulders,0.66,avatar nearby,True,True,True
2036,114,repair_ring,Juno,0.98,0.06,0.0,ambient-scan,neutral,small work motion,0.61,routine local activity,True,True,True
2037,114,riverbend,Lio,0.98,0.056,0.0,ambient-scan,neutral,small work motion,0.61,routine local activity,True,True,True
2038,114,roofward,Fay,0.98,0.05,0.0,tracks-avatar,attentive,turns shoulders,0.66,avatar nearby,True,True,True
2039,114,archive,Toma,0.98,0.052,0.0,ambient-scan,neutral,small work motion,0.61,routine local activity,True,True,True
2040,114,signal,Milo,0.98,0.051,0.0,ambient-scan,neutral,small work motion,0.61,routine local activity,True,True,True
2041,114,orchard,Mara,0.98,0.058,0.0,soft-eye-contact,open,small beckon,0.76,trusted familiar action,True,True,True
2042,114,repair_ring,Juno,0.98,0.066,0.0,soft-eye-contact,open,small beckon,0.76,trusted familiar action,True,True,True
2043,114,riverbend,Lio,0.98,0.055,0.0,ambient-scan,neutral,small work motion,0.61,routine local activity,True,True,True
2044,114,roofward,Fay,0.98,0.056,0.0,soft-eye-contact,open,small beckon,0.76,trusted familiar action,True,True,True
2045,114,archive,Toma,0.98,0.058,0.0,soft-eye-contact,open,small beckon,0.76,trusted familiar action,True,True,True
2046,114,signal,Milo,0.98,0.05,0.0,ambient-scan,neutral,small work motion,0.61,routine local activity,True,True,True
2047,114,orchard,Mara,0.98,0.05,0.0,ambient-scan,neutral,small work motion,0.61,routine local activity,True,True,True
2048,114,repair_ring,Juno,0.98,0.056,0.0,tracks-avatar,attentive,turns shoulders,0.66,avatar nearby,True,True,True
2049,114,riverbend,Lio,0.98,0.051,0.0,ambient-scan,neutral,small work motion,0.61,routine local activity,True,True,True
2050,114,roofward,Fay,0.98,0.05,0.0,ambient-scan,neutral,small work motion,0.61,routine local activity,True,True,True
2051,114,archive,Toma,0.98,0.05,0.0,tracks-avatar,attentive,turns shoulders,0.66,avatar nearby,True,True,True
2052,115,orchard,Mara,0.98,0.05,0.0,tracks-avatar,attentive,turns shoulders,0.66,avatar nearby,True,True,True
2053,115,repair_ring,Juno,0.98,0.062,0.0,ambient-scan,neutral,small work motion,0.61,routine local activity,True,True,True
2054,115,riverbend,Lio,0.98,0.05,0.0,ambient-scan,neutral,small work motion,0.61,routine local activity,True,True,True
2055,115,roofward,Fay,0.98,0.05,0.0,tracks-avatar,attentive,turns shoulders,0.66,avatar nearby,True,True,True
2056,115,archive,Toma,0.98,0.056,0.0,ambient-scan,neutral,small work motion,0.61,routine local activity,True,True,True
2057,115,signal,Milo,0.98,0.056,0.0,ambient-scan,neutral,small work motion,0.61,routine local activity,True,True,True
2058,115,orchard,Mara,0.98,0.056,0.0,soft-eye-contact,open,small beckon,0.76,trusted familiar action,True,True,True
2059,115,repair_ring,Juno,0.98,0.068,0.0,soft-eye-contact,open,small beckon,0.76,trusted familiar action,True,True,True
2060,115,riverbend,Lio,0.98,0.05,0.0,ambient-scan,neutral,small work motion,0.61,routine local activity,True,True,True
2061,115,roofward,Fay,0.98,0.056,0.0,soft-eye-contact,open,small beckon,0.76,trusted familiar action,True,True,True
2062,115,archive,Toma,0.98,0.062,0.0,soft-eye-contact,open,small beckon,0.76,trusted familiar action,True,True,True
2063,115,signal,Milo,0.98,0.052,0.0,ambient-scan,neutral,small work motion,0.61,routine local activity,True,True,True
2064,115,orchard,Mara,0.98,0.05,0.0,ambient-scan,neutral,small work motion,0.61,routine local activity,True,True,True
2065,115,repair_ring,Juno,0.98,0.058,0.0,tracks-avatar,attentive,turns shoulders,0.66,avatar nearby,True,True,True
2066,115,riverbend,Lio,0.98,0.056,0.0,ambient-scan,neutral,small work motion,0.61,routine local activity,True,True,True
2067,115,roofward,Fay,0.98,0.05,0.0,ambient-scan,neutral,small work motion,0.61,routine local activity,True,True,True
2068,115,archive,Toma,0.98,0.052,0.0,tracks-avatar,attentive,turns shoulders,0.66,avatar nearby,True,True,True
2069,115,signal,Milo,0.98,0.052,0.0,ambient-scan,neutral,small work motion,0.61,routine local activity,True,True,True
2070,116,repair_ring,Juno,0.98,0.064,0.0,ambient-scan,neutral,small work motion,0.61,routine local activity,True,True,True
2071,116,riverbend,Lio,0.98,0.056,0.0,ambient-scan,neutral,small work motion,0.61,routine local activity,True,True,True
2072,116,roofward,Fay,0.98,0.056,0.0,tracks-avatar,attentive,turns shoulders,0.66,avatar nearby,True,True,True
2073,116,archive,Toma,0.98,0.058,0.0,ambient-scan,neutral,small work motion,0.61,routine local activity,True,True,True
2074,116,signal,Milo,0.98,0.058,0.0,ambient-scan,neutral,small work motion,0.61,routine local activity,True,True,True
2075,116,orchard,Mara,0.98,0.056,0.0,soft-eye-contact,open,small beckon,0.76,trusted familiar action,True,True,True
2076,116,repair_ring,Juno,0.98,0.07,0.0,soft-eye-contact,open,small beckon,0.76,trusted familiar action,True,True,True
2077,116,riverbend,Lio,0.98,0.056,0.0,ambient-scan,neutral,small work motion,0.61,routine local activity,True,True,True
2078,116,roofward,Fay,0.98,0.062,0.0,soft-eye-contact,open,small beckon,0.76,trusted familiar action,True,True,True
2079,116,archive,Toma,0.98,0.064,0.0,soft-eye-contact,open,small beckon,0.76,trusted familiar action,True,True,True
2080,116,signal,Milo,0.98,0.054,0.0,ambient-scan,neutral,small work motion,0.61,routine local activity,True,True,True
2081,116,orchard,Mara,0.98,0.05,0.0,ambient-scan,neutral,small work motion,0.61,routine local activity,True,True,True
2082,116,repair_ring,Juno,0.98,0.06,0.0,tracks-avatar,attentive,turns shoulders,0.66,avatar nearby,True,True,True
2083,116,riverbend,Lio,0.98,0.052,0.0,ambient-scan,neutral,small work motion,0.61,routine local activity,True,True,True
2084,116,roofward,Fay,0.98,0.052,0.0,ambient-scan,neutral,small work motion,0.61,routine local activity,True,True,True
2085,116,archive,Toma,0.98,0.054,0.0,tracks-avatar,attentive,turns shoulders,0.66,avatar nearby,True,True,True
2086,116,signal,Milo,0.98,0.054,0.0,ambient-scan,neutral,small work motion,0.61,routine local activity,True,True,True
2087,116,orchard,Mara,0.98,0.05,0.0,ambient-scan,neutral,small work motion,0.61,routine local activity,True,True,True
2088,117,riverbend,Lio,0.98,0.052,0.0,ambient-scan,neutral,small work motion,0.61,routine local activity,True,True,True
2089,117,roofward,Fay,0.98,0.052,0.0,tracks-avatar,attentive,turns shoulders,0.66,avatar nearby,True,True,True
2090,117,archive,Toma,0.98,0.06,0.0,ambient-scan,neutral,small work motion,0.61,routine local activity,True,True,True
2091,117,signal,Milo,0.98,0.06,0.0,ambient-scan,neutral,small work motion,0.61,routine local activity,True,True,True
2092,117,orchard,Mara,0.98,0.056,0.0,soft-eye-contact,open,small beckon,0.76,trusted familiar action,True,True,True
2093,117,repair_ring,Juno,0.98,0.066,0.0,soft-eye-contact,open,small beckon,0.76,trusted familiar action,True,True,True
2094,117,riverbend,Lio,0.98,0.051,0.0,ambient-scan,neutral,small work motion,0.61,routine local activity,True,True,True
2095,117,roofward,Fay,0.98,0.058,0.0,soft-eye-contact,open,small beckon,0.76,trusted familiar action,True,True,True
2096,117,archive,Toma,0.98,0.066,0.0,soft-eye-contact,open,small beckon,0.76,trusted familiar action,True,True,True
2097,117,signal,Milo,0.98,0.056,0.0,ambient-scan,neutral,small work motion,0.61,routine local activity,True,True,True
2098,117,orchard,Mara,0.98,0.05,0.0,ambient-scan,neutral,small work motion,0.61,routine local activity,True,True,True
2099,117,repair_ring,Juno,0.98,0.056,0.0,tracks-avatar,attentive,turns shoulders,0.66,avatar nearby,True,True,True
2100,117,riverbend,Lio,0.98,0.05,0.0,ambient-scan,neutral,small work motion,0.61,routine local activity,True,True,True
2101,117,roofward,Fay,0.98,0.05,0.0,ambient-scan,neutral,small work motion,0.61,routine local activity,True,True,True
2102,117,archive,Toma,0.98,0.056,0.0,tracks-avatar,attentive,turns shoulders,0.66,avatar nearby,True,True,True
2103,117,signal,Milo,0.98,0.055,0.0,ambient-scan,neutral,small work motion,0.61,routine local activity,True,True,True
2104,117,orchard,Mara,0.98,0.05,0.0,ambient-scan,neutral,small work motion,0.61,routine local activity,True,True,True
2105,117,repair_ring,Juno,0.98,0.062,0.0,soft-eye-contact,open,small beckon,0.76,trusted familiar action,True,True,True
2106,118,roofward,Fay,0.98,0.05,0.0,tracks-avatar,attentive,turns shoulders,0.66,avatar nearby,True,True,True
2107,118,archive,Toma,0.98,0.062,0.0,ambient-scan,neutral,small work motion,0.61,routine local activity,True,True,True
2108,118,signal,Milo,0.98,0.061,0.0,ambient-scan,neutral,small work motion,0.61,routine local activity,True,True,True
2109,118,orchard,Mara,0.98,0.056,0.0,soft-eye-contact,open,small beckon,0.76,trusted familiar action,True,True,True
2110,118,repair_ring,Juno,0.98,0.052,0.0,soft-eye-contact,open,small beckon,0.76,trusted familiar action,True,True,True
2111,118,riverbend,Lio,0.98,0.056,0.0,ambient-scan,neutral,small work motion,0.61,routine local activity,True,True,True
2112,118,roofward,Fay,0.98,0.056,0.0,soft-eye-contact,open,small beckon,0.76,trusted familiar action,True,True,True
2113,118,archive,Toma,0.98,0.068,0.0,soft-eye-contact,open,small beckon,0.76,trusted familiar action,True,True,True
2114,118,signal,Milo,0.98,0.057,0.0,ambient-scan,neutral,small work motion,0.61,routine local activity,True,True,True
2115,118,orchard,Mara,0.98,0.05,0.0,ambient-scan,neutral,small work motion,0.61,routine local activity,True,True,True
2116,118,repair_ring,Juno,0.98,0.05,0.0,tracks-avatar,attentive,turns shoulders,0.66,avatar nearby,True,True,True
2117,118,riverbend,Lio,0.98,0.052,0.0,ambient-scan,neutral,small work motion,0.61,routine local activity,True,True,True
2118,118,roofward,Fay,0.98,0.05,0.0,ambient-scan,neutral,small work motion,0.61,routine local activity,True,True,True
2119,118,archive,Toma,0.98,0.058,0.0,tracks-avatar,attentive,turns shoulders,0.66,avatar nearby,True,True,True
2120,118,signal,Milo,0.98,0.057,0.0,ambient-scan,neutral,small work motion,0.61,routine local activity,True,True,True
2121,118,orchard,Mara,0.98,0.056,0.0,ambient-scan,neutral,small work motion,0.61,routine local activity,True,True,True
2122,118,repair_ring,Juno,0.98,0.056,0.0,soft-eye-contact,open,small beckon,0.76,trusted familiar action,True,True,True
2123,118,riverbend,Lio,0.98,0.052,0.0,ambient-scan,neutral,small work motion,0.61,routine local activity,True,True,True
2124,119,archive,Toma,0.98,0.064,0.0,ambient-scan,neutral,small work motion,0.61,routine local activity,True,True,True
2125,119,signal,Milo,0.98,0.063,0.0,ambient-scan,neutral,small work motion,0.61,routine local activity,True,True,True
2126,119,orchard,Mara,0.98,0.052,0.0,soft-eye-contact,open,small beckon,0.76,trusted familiar action,True,True,True
2127,119,repair_ring,Juno,0.98,0.05,0.0,soft-eye-contact,open,small beckon,0.76,trusted familiar action,True,True,True
2128,119,riverbend,Lio,0.98,0.058,0.0,ambient-scan,neutral,small work motion,0.61,routine local activity,True,True,True
2129,119,roofward,Fay,0.98,0.056,0.0,soft-eye-contact,open,small beckon,0.76,trusted familiar action,True,True,True
2130,119,archive,Toma,0.98,0.07,0.0,soft-eye-contact,open,small beckon,0.76,trusted familiar action,True,True,True
2131,119,signal,Milo,0.98,0.059,0.0,ambient-scan,neutral,small work motion,0.61,routine local activity,True,True,True
2132,119,orchard,Mara,0.98,0.05,0.0,ambient-scan,neutral,small work motion,0.61,routine local activity,True,True,True
2133,119,repair_ring,Juno,0.98,0.056,0.0,tracks-avatar,attentive,turns shoulders,0.66,avatar nearby,True,True,True
2134,119,riverbend,Lio,0.98,0.054,0.0,ambient-scan,neutral,small work motion,0.61,routine local activity,True,True,True
2135,119,roofward,Fay,0.98,0.05,0.0,ambient-scan,neutral,small work motion,0.61,routine local activity,True,True,True
2136,119,archive,Toma,0.98,0.06,0.0,tracks-avatar,attentive,turns shoulders,0.66,avatar nearby,True,True,True
2137,119,signal,Milo,0.98,0.059,0.0,ambient-scan,neutral,small work motion,0.61,routine local activity,True,True,True
2138,119,orchard,Mara,0.98,0.05,0.0,ambient-scan,neutral,small work motion,0.61,routine local activity,True,True,True
2139,119,repair_ring,Juno,0.98,0.062,0.0,soft-eye-contact,open,small beckon,0.76,trusted familiar action,True,True,True
2140,119,riverbend,Lio,0.98,0.054,0.0,ambient-scan,neutral,small work motion,0.61,routine local activity,True,True,True
2141,119,roofward,Fay,0.98,0.05,0.0,ambient-scan,neutral,small work motion,0.61,routine local activity,True,True,True
2142,120,signal,Milo,0.98,0.065,0.0,ambient-scan,neutral,small work motion,0.61,routine local activity,True,True,True
2143,120,orchard,Mara,0.98,0.056,0.0,soft-eye-contact,open,small beckon,0.76,trusted familiar action,True,True,True
2144,120,repair_ring,Juno,0.98,0.052,0.0,soft-eye-contact,open,small beckon,0.76,trusted familiar action,True,True,True
2145,120,riverbend,Lio,0.98,0.06,0.0,ambient-scan,neutral,small work motion,0.61,routine local activity,True,True,True
2146,120,roofward,Fay,0.98,0.056,0.0,soft-eye-contact,open,small beckon,0.76,trusted familiar action,True,True,True
2147,120,archive,Toma,0.98,0.066,0.0,soft-eye-contact,open,small beckon,0.76,trusted familiar action,True,True,True
2148,120,signal,Milo,0.98,0.061,0.0,ambient-scan,neutral,small work motion,0.61,routine local activity,True,True,True
2149,120,orchard,Mara,0.98,0.05,0.0,ambient-scan,neutral,small work motion,0.61,routine local activity,True,True,True
2150,120,repair_ring,Juno,0.98,0.05,0.0,tracks-avatar,attentive,turns shoulders,0.66,avatar nearby,True,True,True
2151,120,riverbend,Lio,0.98,0.056,0.0,ambient-scan,neutral,small work motion,0.61,routine local activity,True,True,True
2152,120,roofward,Fay,0.98,0.05,0.0,ambient-scan,neutral,small work motion,0.61,routine local activity,True,True,True
2153,120,archive,Toma,0.98,0.056,0.0,tracks-avatar,attentive,turns shoulders,0.66,avatar nearby,True,True,True
2154,120,signal,Milo,0.98,0.06,0.0,ambient-scan,neutral,small work motion,0.61,routine local activity,True,True,True
2155,120,orchard,Mara,0.98,0.05,0.0,ambient-scan,neutral,small work motion,0.61,routine local activity,True,True,True
2156,120,repair_ring,Juno,0.98,0.056,0.0,soft-eye-contact,open,small beckon,0.76,trusted familiar action,True,True,True
2157,120,riverbend,Lio,0.98,0.055,0.0,ambient-scan,neutral,small work motion,0.61,routine local activity,True,True,True
2158,120,roofward,Fay,0.98,0.05,0.0,ambient-scan,neutral,small work motion,0.61,routine local activity,True,True,True
2159,120,archive,Toma,0.98,0.062,0.0,soft-eye-contact,open,small beckon,0.76,trusted familiar action,True,True,True
2160,121,orchard,Mara,0.98,0.056,0.0,soft-eye-contact,open,small beckon,0.76,trusted familiar action,True,True,True
2161,121,repair_ring,Juno,0.98,0.05,0.0,soft-eye-contact,open,small beckon,0.76,trusted familiar action,True,True,True
2162,121,riverbend,Lio,0.98,0.061,0.0,ambient-scan,neutral,small work motion,0.61,routine local activity,True,True,True
2163,121,roofward,Fay,0.98,0.056,0.0,soft-eye-contact,open,small beckon,0.76,trusted familiar action,True,True,True
2164,121,archive,Toma,0.98,0.052,0.0,soft-eye-contact,open,small beckon,0.76,trusted familiar action,True,True,True
2165,121,signal,Milo,0.98,0.066,0.0,ambient-scan,neutral,small work motion,0.61,routine local activity,True,True,True
2166,121,orchard,Mara,0.98,0.05,0.0,ambient-scan,neutral,small work motion,0.61,routine local activity,True,True,True
2167,121,repair_ring,Juno,0.98,0.05,0.0,tracks-avatar,attentive,turns shoulders,0.66,avatar nearby,True,True,True
2168,121,riverbend,Lio,0.98,0.057,0.0,ambient-scan,neutral,small work motion,0.61,routine local activity,True,True,True
2169,121,roofward,Fay,0.98,0.05,0.0,ambient-scan,neutral,small work motion,0.61,routine local activity,True,True,True
2170,121,archive,Toma,0.98,0.05,0.0,tracks-avatar,attentive,turns shoulders,0.66,avatar nearby,True,True,True
2171,121,signal,Milo,0.98,0.066,0.0,ambient-scan,neutral,small work motion,0.61,routine local activity,True,True,True
2172,121,orchard,Mara,0.98,0.056,0.0,ambient-scan,neutral,small work motion,0.61,routine local activity,True,True,True
2173,121,repair_ring,Juno,0.98,0.056,0.0,soft-eye-contact,open,small beckon,0.76,trusted familiar action,True,True,True
2174,121,riverbend,Lio,0.98,0.057,0.0,ambient-scan,neutral,small work motion,0.61,routine local activity,True,True,True
2175,121,roofward,Fay,0.98,0.056,0.0,ambient-scan,neutral,small work motion,0.61,routine local activity,True,True,True
2176,121,archive,Toma,0.98,0.056,0.0,soft-eye-contact,open,small beckon,0.76,trusted familiar action,True,True,True
2177,121,signal,Milo,0.98,0.072,0.0,soft-eye-contact,open,small beckon,0.76,trusted familiar action,True,True,True
2178,122,repair_ring,Juno,0.98,0.05,0.0,soft-eye-contact,open,small beckon,0.76,trusted familiar action,True,True,True
2179,122,riverbend,Lio,0.98,0.063,0.0,ambient-scan,neutral,small work motion,0.61,routine local activity,True,True,True
2180,122,roofward,Fay,0.98,0.052,0.0,soft-eye-contact,open,small beckon,0.76,trusted familiar action,True,True,True
2181,122,archive,Toma,0.98,0.05,0.0,soft-eye-contact,open,small beckon,0.76,trusted familiar action,True,True,True
2182,122,signal,Milo,0.98,0.062,0.0,ambient-scan,neutral,small work motion,0.61,routine local activity,True,True,True
2183,122,orchard,Mara,0.98,0.052,0.0,ambient-scan,neutral,small work motion,0.61,routine local activity,True,True,True
2184,122,repair_ring,Juno,0.98,0.056,0.0,tracks-avatar,attentive,turns shoulders,0.66,avatar nearby,True,True,True
2185,122,riverbend,Lio,0.98,0.059,0.0,ambient-scan,neutral,small work motion,0.61,routine local activity,True,True,True
2186,122,roofward,Fay,0.98,0.05,0.0,ambient-scan,neutral,small work motion,0.61,routine local activity,True,True,True
2187,122,archive,Toma,0.98,0.056,0.0,tracks-avatar,attentive,turns shoulders,0.66,avatar nearby,True,True,True
2188,122,signal,Milo,0.98,0.062,0.0,ambient-scan,neutral,small work motion,0.61,routine local activity,True,True,True
2189,122,orchard,Mara,0.98,0.052,0.0,ambient-scan,neutral,small work motion,0.61,routine local activity,True,True,True
2190,122,repair_ring,Juno,0.98,0.062,0.0,soft-eye-contact,open,small beckon,0.76,trusted familiar action,True,True,True
2191,122,riverbend,Lio,0.98,0.059,0.0,ambient-scan,neutral,small work motion,0.61,routine local activity,True,True,True
2192,122,roofward,Fay,0.98,0.05,0.0,ambient-scan,neutral,small work motion,0.61,routine local activity,True,True,True
2193,122,archive,Toma,0.98,0.062,0.0,soft-eye-contact,open,small beckon,0.76,trusted familiar action,True,True,True
2194,122,signal,Milo,0.98,0.068,0.0,soft-eye-contact,open,small beckon,0.76,trusted familiar action,True,True,True
2195,122,orchard,Mara,0.98,0.05,0.0,ambient-scan,neutral,small work motion,0.61,routine local activity,True,True,True
2196,123,riverbend,Lio,0.98,0.065,0.0,ambient-scan,neutral,small work motion,0.61,routine local activity,True,True,True
2197,123,roofward,Fay,0.98,0.056,0.0,soft-eye-contact,open,small beckon,0.76,trusted familiar action,True,True,True
2198,123,archive,Toma,0.98,0.052,0.0,soft-eye-contact,open,small beckon,0.76,trusted familiar action,True,True,True
2199,123,signal,Milo,0.98,0.058,0.0,ambient-scan,neutral,small work motion,0.61,routine local activity,True,True,True
2200,123,orchard,Mara,0.98,0.05,0.0,ambient-scan,neutral,small work motion,0.61,routine local activity,True,True,True
2201,123,repair_ring,Juno,0.98,0.052,0.0,tracks-avatar,attentive,turns shoulders,0.66,avatar nearby,True,True,True
2202,123,riverbend,Lio,0.98,0.061,0.0,ambient-scan,neutral,small work motion,0.61,routine local activity,True,True,True
2203,123,roofward,Fay,0.98,0.05,0.0,ambient-scan,neutral,small work motion,0.61,routine local activity,True,True,True
2204,123,archive,Toma,0.98,0.05,0.0,tracks-avatar,attentive,turns shoulders,0.66,avatar nearby,True,True,True
2205,123,signal,Milo,0.98,0.057,0.0,ambient-scan,neutral,small work motion,0.61,routine local activity,True,True,True
2206,123,orchard,Mara,0.98,0.05,0.0,ambient-scan,neutral,small work motion,0.61,routine local activity,True,True,True
2207,123,repair_ring,Juno,0.98,0.058,0.0,soft-eye-contact,open,small beckon,0.76,trusted familiar action,True,True,True
2208,123,riverbend,Lio,0.98,0.06,0.0,ambient-scan,neutral,small work motion,0.61,routine local activity,True,True,True
2209,123,roofward,Fay,0.98,0.05,0.0,ambient-scan,neutral,small work motion,0.61,routine local activity,True,True,True
2210,123,archive,Toma,0.98,0.056,0.0,soft-eye-contact,open,small beckon,0.76,trusted familiar action,True,True,True
2211,123,signal,Milo,0.98,0.063,0.0,soft-eye-contact,open,small beckon,0.76,trusted familiar action,True,True,True
2212,123,orchard,Mara,0.98,0.056,0.0,ambient-scan,neutral,small work motion,0.61,routine local activity,True,True,True
2213,123,repair_ring,Juno,0.98,0.05,0.0,ambient-scan,neutral,small work motion,0.61,routine local activity,True,True,True
2214,124,roofward,Fay,0.98,0.056,0.0,soft-eye-contact,open,small beckon,0.76,trusted familiar action,True,True,True
2215,124,archive,Toma,0.98,0.05,0.0,soft-eye-contact,open,small beckon,0.76,trusted familiar action,True,True,True
2216,124,signal,Milo,0.98,0.053,0.0,ambient-scan,neutral,small work motion,0.61,routine local activity,True,True,True
2217,124,orchard,Mara,0.98,0.056,0.0,ambient-scan,neutral,small work motion,0.61,routine local activity,True,True,True
2218,124,repair_ring,Juno,0.98,0.05,0.0,tracks-avatar,attentive,turns shoulders,0.66,avatar nearby,True,True,True
2219,124,riverbend,Lio,0.98,0.066,0.0,ambient-scan,neutral,small work motion,0.61,routine local activity,True,True,True
2220,124,roofward,Fay,0.98,0.05,0.0,ambient-scan,neutral,small work motion,0.61,routine local activity,True,True,True
2221,124,archive,Toma,0.98,0.05,0.0,tracks-avatar,attentive,turns shoulders,0.66,avatar nearby,True,True,True
2222,124,signal,Milo,0.98,0.053,0.0,ambient-scan,neutral,small work motion,0.61,routine local activity,True,True,True
2223,124,orchard,Mara,0.98,0.055,0.0,ambient-scan,neutral,small work motion,0.61,routine local activity,True,True,True
2224,124,repair_ring,Juno,0.98,0.056,0.0,soft-eye-contact,open,small beckon,0.76,trusted familiar action,True,True,True
2225,124,riverbend,Lio,0.98,0.066,0.0,ambient-scan,neutral,small work motion,0.61,routine local activity,True,True,True
2226,124,roofward,Fay,0.98,0.056,0.0,ambient-scan,neutral,small work motion,0.61,routine local activity,True,True,True
2227,124,archive,Toma,0.98,0.056,0.0,soft-eye-contact,open,small beckon,0.76,trusted familiar action,True,True,True
2228,124,signal,Milo,0.98,0.059,0.0,soft-eye-contact,open,small beckon,0.76,trusted familiar action,True,True,True
2229,124,orchard,Mara,0.98,0.051,0.0,ambient-scan,neutral,small work motion,0.61,routine local activity,True,True,True
2230,124,repair_ring,Juno,0.98,0.05,0.0,ambient-scan,neutral,small work motion,0.61,routine local activity,True,True,True
2231,124,riverbend,Lio,0.98,0.072,0.0,soft-eye-contact,open,small beckon,0.76,trusted familiar action,True,True,True
2232,125,archive,Toma,0.98,0.05,0.0,soft-eye-contact,open,small beckon,0.76,trusted familiar action,True,True,True
2233,125,signal,Milo,0.98,0.05,0.0,ambient-scan,neutral,small work motion,0.61,routine local activity,True,True,True
2234,125,orchard,Mara,0.98,0.05,0.0,ambient-scan,neutral,small work motion,0.61,routine local activity,True,True,True
2235,125,repair_ring,Juno,0.98,0.05,0.0,tracks-avatar,attentive,turns shoulders,0.66,avatar nearby,True,True,True
2236,125,riverbend,Lio,0.98,0.062,0.0,ambient-scan,neutral,small work motion,0.61,routine local activity,True,True,True
2237,125,roofward,Fay,0.98,0.052,0.0,ambient-scan,neutral,small work motion,0.61,routine local activity,True,True,True
2238,125,archive,Toma,0.98,0.056,0.0,tracks-avatar,attentive,turns shoulders,0.66,avatar nearby,True,True,True
2239,125,signal,Milo,0.98,0.05,0.0,ambient-scan,neutral,small work motion,0.61,routine local activity,True,True,True
2240,125,orchard,Mara,0.98,0.05,0.0,ambient-scan,neutral,small work motion,0.61,routine local activity,True,True,True
2241,125,repair_ring,Juno,0.98,0.056,0.0,soft-eye-contact,open,small beckon,0.76,trusted familiar action,True,True,True
2242,125,riverbend,Lio,0.98,0.062,0.0,ambient-scan,neutral,small work motion,0.61,routine local activity,True,True,True
2243,125,roofward,Fay,0.98,0.052,0.0,ambient-scan,neutral,small work motion,0.61,routine local activity,True,True,True
2244,125,archive,Toma,0.98,0.062,0.0,soft-eye-contact,open,small beckon,0.76,trusted familiar action,True,True,True
2245,125,signal,Milo,0.98,0.056,0.0,soft-eye-contact,open,small beckon,0.76,trusted familiar action,True,True,True
2246,125,orchard,Mara,0.98,0.056,0.0,ambient-scan,neutral,small work motion,0.61,routine local activity,True,True,True
2247,125,repair_ring,Juno,0.98,0.05,0.0,ambient-scan,neutral,small work motion,0.61,routine local activity,True,True,True
2248,125,riverbend,Lio,0.98,0.068,0.0,soft-eye-contact,open,small beckon,0.76,trusted familiar action,True,True,True
2249,125,roofward,Fay,0.98,0.05,0.0,ambient-scan,neutral,small work motion,0.61,routine local activity,True,True,True
2250,126,signal,Milo,0.98,0.05,0.0,ambient-scan,neutral,small work motion,0.61,routine local activity,True,True,True
2251,126,orchard,Mara,0.98,0.056,0.0,ambient-scan,neutral,small work motion,0.61,routine local activity,True,True,True
2252,126,repair_ring,Juno,0.98,0.056,0.0,tracks-avatar,attentive,turns shoulders,0.66,avatar nearby,True,True,True
2253,126,riverbend,Lio,0.98,0.058,0.0,ambient-scan,neutral,small work motion,0.61,routine local activity,True,True,True
2254,126,roofward,Fay,0.98,0.05,0.0,ambient-scan,neutral,small work motion,0.61,routine local activity,True,True,True
2255,126,archive,Toma,0.98,0.052,0.0,tracks-avatar,attentive,turns shoulders,0.66,avatar nearby,True,True,True
2256,126,signal,Milo,0.98,0.056,0.0,ambient-scan,neutral,small work motion,0.61,routine local activity,True,True,True
2257,126,orchard,Mara,0.98,0.056,0.0,ambient-scan,neutral,small work motion,0.61,routine local activity,True,True,True
2258,126,repair_ring,Juno,0.98,0.062,0.0,soft-eye-contact,open,small beckon,0.76,trusted familiar action,True,True,True
2259,126,riverbend,Lio,0.98,0.057,0.0,ambient-scan,neutral,small work motion,0.61,routine local activity,True,True,True
2260,126,roofward,Fay,0.98,0.05,0.0,ambient-scan,neutral,small work motion,0.61,routine local activity,True,True,True
2261,126,archive,Toma,0.98,0.058,0.0,soft-eye-contact,open,small beckon,0.76,trusted familiar action,True,True,True
2262,126,signal,Milo,0.98,0.062,0.0,soft-eye-contact,open,small beckon,0.76,trusted familiar action,True,True,True
2263,126,orchard,Mara,0.98,0.052,0.0,ambient-scan,neutral,small work motion,0.61,routine local activity,True,True,True
2264,126,repair_ring,Juno,0.98,0.052,0.0,ambient-scan,neutral,small work motion,0.61,routine local activity,True,True,True
2265,126,riverbend,Lio,0.98,0.063,0.0,soft-eye-contact,open,small beckon,0.76,trusted familiar action,True,True,True
2266,126,roofward,Fay,0.98,0.056,0.0,ambient-scan,neutral,small work motion,0.61,routine local activity,True,True,True
2267,126,archive,Toma,0.98,0.05,0.0,ambient-scan,neutral,small work motion,0.61,routine local activity,True,True,True
2268,127,orchard,Mara,0.98,0.052,0.0,ambient-scan,neutral,small work motion,0.61,routine local activity,True,True,True
2269,127,repair_ring,Juno,0.98,0.052,0.0,tracks-avatar,attentive,turns shoulders,0.66,avatar nearby,True,True,True
2270,127,riverbend,Lio,0.98,0.053,0.0,ambient-scan,neutral,small work motion,0.61,routine local activity,True,True,True
2271,127,roofward,Fay,0.98,0.056,0.0,ambient-scan,neutral,small work motion,0.61,routine local activity,True,True,True
2272,127,archive,Toma,0.98,0.05,0.0,tracks-avatar,attentive,turns shoulders,0.66,avatar nearby,True,True,True
2273,127,signal,Milo,0.98,0.052,0.0,ambient-scan,neutral,small work motion,0.61,routine local activity,True,True,True
2274,127,orchard,Mara,0.98,0.051,0.0,ambient-scan,neutral,small work motion,0.61,routine local activity,True,True,True
2275,127,repair_ring,Juno,0.98,0.058,0.0,soft-eye-contact,open,small beckon,0.76,trusted familiar action,True,True,True
2276,127,riverbend,Lio,0.98,0.053,0.0,ambient-scan,neutral,small work motion,0.61,routine local activity,True,True,True
2277,127,roofward,Fay,0.98,0.055,0.0,ambient-scan,neutral,small work motion,0.61,routine local activity,True,True,True
2278,127,archive,Toma,0.98,0.056,0.0,soft-eye-contact,open,small beckon,0.76,trusted familiar action,True,True,True
2279,127,signal,Milo,0.98,0.058,0.0,soft-eye-contact,open,small beckon,0.76,trusted familiar action,True,True,True
2280,127,orchard,Mara,0.98,0.05,0.0,ambient-scan,neutral,small work motion,0.61,routine local activity,True,True,True
2281,127,repair_ring,Juno,0.98,0.05,0.0,ambient-scan,neutral,small work motion,0.61,routine local activity,True,True,True
2282,127,riverbend,Lio,0.98,0.059,0.0,soft-eye-contact,open,small beckon,0.76,trusted familiar action,True,True,True
2283,127,roofward,Fay,0.98,0.051,0.0,ambient-scan,neutral,small work motion,0.61,routine local activity,True,True,True
2284,127,archive,Toma,0.98,0.05,0.0,ambient-scan,neutral,small work motion,0.61,routine local activity,True,True,True
2285,127,signal,Milo,0.98,0.05,0.0,tracks-avatar,attentive,turns shoulders,0.66,avatar nearby,True,True,True
2286,128,repair_ring,Juno,0.98,0.05,0.0,tracks-avatar,attentive,turns shoulders,0.66,avatar nearby,True,True,True
2287,128,riverbend,Lio,0.98,0.05,0.0,ambient-scan,neutral,small work motion,0.61,routine local activity,True,True,True
2288,128,roofward,Fay,0.98,0.05,0.0,ambient-scan,neutral,small work motion,0.61,routine local activity,True,True,True
2289,128,archive,Toma,0.98,0.05,0.0,tracks-avatar,attentive,turns shoulders,0.66,avatar nearby,True,True,True
2290,128,signal,Milo,0.98,0.056,0.0,ambient-scan,neutral,small work motion,0.61,routine local activity,True,True,True
2291,128,orchard,Mara,0.98,0.056,0.0,ambient-scan,neutral,small work motion,0.61,routine local activity,True,True,True
2292,128,repair_ring,Juno,0.98,0.056,0.0,soft-eye-contact,open,small beckon,0.76,trusted familiar action,True,True,True
2293,128,riverbend,Lio,0.98,0.05,0.0,ambient-scan,neutral,small work motion,0.61,routine local activity,True,True,True
2294,128,roofward,Fay,0.98,0.05,0.0,ambient-scan,neutral,small work motion,0.61,routine local activity,True,True,True
2295,128,archive,Toma,0.98,0.056,0.0,soft-eye-contact,open,small beckon,0.76,trusted familiar action,True,True,True
2296,128,signal,Milo,0.98,0.062,0.0,soft-eye-contact,open,small beckon,0.76,trusted familiar action,True,True,True
2297,128,orchard,Mara,0.98,0.052,0.0,ambient-scan,neutral,small work motion,0.61,routine local activity,True,True,True
2298,128,repair_ring,Juno,0.98,0.05,0.0,ambient-scan,neutral,small work motion,0.61,routine local activity,True,True,True
2299,128,riverbend,Lio,0.98,0.056,0.0,soft-eye-contact,open,small beckon,0.76,trusted familiar action,True,True,True
2300,128,roofward,Fay,0.98,0.056,0.0,ambient-scan,neutral,small work motion,0.61,routine local activity,True,True,True
2301,128,archive,Toma,0.98,0.05,0.0,ambient-scan,neutral,small work motion,0.61,routine local activity,True,True,True
2302,128,signal,Milo,0.98,0.052,0.0,tracks-avatar,attentive,turns shoulders,0.66,avatar nearby,True,True,True
2303,128,orchard,Mara,0.98,0.052,0.0,ambient-scan,neutral,small work motion,0.61,routine local activity,True,True,True
2304,129,riverbend,Lio,0.98,0.05,0.0,ambient-scan,neutral,small work motion,0.61,routine local activity,True,True,True
2305,129,roofward,Fay,0.98,0.056,0.0,ambient-scan,neutral,small work motion,0.61,routine local activity,True,True,True
2306,129,archive,Toma,0.98,0.056,0.0,tracks-avatar,attentive,turns shoulders,0.66,avatar nearby,True,True,True
2307,129,signal,Milo,0.98,0.058,0.0,ambient-scan,neutral,small work motion,0.61,routine local activity,True,True,True
2308,129,orchard,Mara,0.98,0.058,0.0,ambient-scan,neutral,small work motion,0.61,routine local activity,True,True,True
2309,129,repair_ring,Juno,0.98,0.056,0.0,soft-eye-contact,open,small beckon,0.76,trusted familiar action,True,True,True
2310,129,riverbend,Lio,0.98,0.056,0.0,ambient-scan,neutral,small work motion,0.61,routine local activity,True,True,True
2311,129,roofward,Fay,0.98,0.056,0.0,ambient-scan,neutral,small work motion,0.61,routine local activity,True,True,True
2312,129,archive,Toma,0.98,0.062,0.0,soft-eye-contact,open,small beckon,0.76,trusted familiar action,True,True,True
2313,129,signal,Milo,0.98,0.064,0.0,soft-eye-contact,open,small beckon,0.76,trusted familiar action,True,True,True
2314,129,orchard,Mara,0.98,0.054,0.0,ambient-scan,neutral,small work motion,0.61,routine local activity,True,True,True
2315,129,repair_ring,Juno,0.98,0.05,0.0,ambient-scan,neutral,small work motion,0.61,routine local activity,True,True,True
2316,129,riverbend,Lio,0.98,0.062,0.0,soft-eye-contact,open,small beckon,0.76,trusted familiar action,True,True,True
2317,129,roofward,Fay,0.98,0.052,0.0,ambient-scan,neutral,small work motion,0.61,routine local activity,True,True,True
2318,129,archive,Toma,0.98,0.052,0.0,ambient-scan,neutral,small work motion,0.61,routine local activity,True,True,True
2319,129,signal,Milo,0.98,0.054,0.0,tracks-avatar,attentive,turns shoulders,0.66,avatar nearby,True,True,True
2320,129,orchard,Mara,0.98,0.054,0.0,ambient-scan,neutral,small work motion,0.61,routine local activity,True,True,True
2321,129,repair_ring,Juno,0.98,0.05,0.0,ambient-scan,neutral,small work motion,0.61,routine local activity,True,True,True
2322,130,roofward,Fay,0.98,0.052,0.0,ambient-scan,neutral,small work motion,0.61,routine local activity,True,True,True
2323,130,archive,Toma,0.98,0.052,0.0,tracks-avatar,attentive,turns shoulders,0.66,avatar nearby,True,True,True
2324,130,signal,Milo,0.98,0.06,0.0,ambient-scan,neutral,small work motion,0.61,routine local activity,True,True,True
2325,130,orchard,Mara,0.98,0.06,0.0,ambient-scan,neutral,small work motion,0.61,routine local activity,True,True,True
2326,130,repair_ring,Juno,0.98,0.056,0.0,soft-eye-contact,open,small beckon,0.76,trusted familiar action,True,True,True
2327,130,riverbend,Lio,0.98,0.052,0.0,ambient-scan,neutral,small work motion,0.61,routine local activity,True,True,True
2328,130,roofward,Fay,0.98,0.051,0.0,ambient-scan,neutral,small work motion,0.61,routine local activity,True,True,True
2329,130,archive,Toma,0.98,0.058,0.0,soft-eye-contact,open,small beckon,0.76,trusted familiar action,True,True,True
2330,130,signal,Milo,0.98,0.066,0.0,soft-eye-contact,open,small beckon,0.76,trusted familiar action,True,True,True
2331,130,orchard,Mara,0.98,0.056,0.0,ambient-scan,neutral,small work motion,0.61,routine local activity,True,True,True
2332,130,repair_ring,Juno,0.98,0.05,0.0,ambient-scan,neutral,small work motion,0.61,routine local activity,True,True,True
2333,130,riverbend,Lio,0.98,0.058,0.0,soft-eye-contact,open,small beckon,0.76,trusted familiar action,True,True,True
2334,130,roofward,Fay,0.98,0.05,0.0,ambient-scan,neutral,small work motion,0.61,routine local activity,True,True,True
2335,130,archive,Toma,0.98,0.05,0.0,ambient-scan,neutral,small work motion,0.61,routine local activity,True,True,True
2336,130,signal,Milo,0.98,0.056,0.0,tracks-avatar,attentive,turns shoulders,0.66,avatar nearby,True,True,True
2337,130,orchard,Mara,0.98,0.055,0.0,ambient-scan,neutral,small work motion,0.61,routine local activity,True,True,True
2338,130,repair_ring,Juno,0.98,0.05,0.0,ambient-scan,neutral,small work motion,0.61,routine local activity,True,True,True
2339,130,riverbend,Lio,0.98,0.05,0.0,tracks-avatar,attentive,turns shoulders,0.66,avatar nearby,True,True,True
2340,131,archive,Toma,0.98,0.05,0.0,tracks-avatar,attentive,turns shoulders,0.66,avatar nearby,True,True,True
2341,131,signal,Milo,0.98,0.062,0.0,ambient-scan,neutral,small work motion,0.61,routine local activity,True,True,True
2342,131,orchard,Mara,0.98,0.061,0.0,ambient-scan,neutral,small work motion,0.61,routine local activity,True,True,True
2343,131,repair_ring,Juno,0.98,0.056,0.0,soft-eye-contact,open,small beckon,0.76,trusted familiar action,True,True,True
2344,131,riverbend,Lio,0.98,0.056,0.0,ambient-scan,neutral,small work motion,0.61,routine local activity,True,True,True
2345,131,roofward,Fay,0.98,0.056,0.0,ambient-scan,neutral,small work motion,0.61,routine local activity,True,True,True
2346,131,archive,Toma,0.98,0.056,0.0,soft-eye-contact,open,small beckon,0.76,trusted familiar action,True,True,True
2347,131,signal,Milo,0.98,0.068,0.0,soft-eye-contact,open,small beckon,0.76,trusted familiar action,True,True,True
2348,131,orchard,Mara,0.98,0.057,0.0,ambient-scan,neutral,small work motion,0.61,routine local activity,True,True,True
2349,131,repair_ring,Juno,0.98,0.05,0.0,ambient-scan,neutral,small work motion,0.61,routine local activity,True,True,True
2350,131,riverbend,Lio,0.98,0.062,0.0,soft-eye-contact,open,small beckon,0.76,trusted familiar action,True,True,True
2351,131,roofward,Fay,0.98,0.052,0.0,ambient-scan,neutral,small work motion,0.61,routine local activity,True,True,True
2352,131,archive,Toma,0.98,0.05,0.0,ambient-scan,neutral,small work motion,0.61,routine local activity,True,True,True
2353,131,signal,Milo,0.98,0.058,0.0,tracks-avatar,attentive,turns shoulders,0.66,avatar nearby,True,True,True
2354,131,orchard,Mara,0.98,0.057,0.0,ambient-scan,neutral,small work motion,0.61,routine local activity,True,True,True
2355,131,repair_ring,Juno,0.98,0.056,0.0,ambient-scan,neutral,small work motion,0.61,routine local activity,True,True,True
2356,131,riverbend,Lio,0.98,0.052,0.0,tracks-avatar,attentive,turns shoulders,0.66,avatar nearby,True,True,True
2357,131,roofward,Fay,0.98,0.052,0.0,ambient-scan,neutral,small work motion,0.61,routine local activity,True,True,True
2358,132,signal,Milo,0.98,0.064,0.0,ambient-scan,neutral,small work motion,0.61,routine local activity,True,True,True
2359,132,orchard,Mara,0.98,0.063,0.0,ambient-scan,neutral,small work motion,0.61,routine local activity,True,True,True
2360,132,repair_ring,Juno,0.98,0.052,0.0,soft-eye-contact,open,small beckon,0.76,trusted familiar action,True,True,True
2361,132,riverbend,Lio,0.98,0.058,0.0,ambient-scan,neutral,small work motion,0.61,routine local activity,True,True,True
2362,132,roofward,Fay,0.98,0.058,0.0,ambient-scan,neutral,small work motion,0.61,routine local activity,True,True,True
2363,132,archive,Toma,0.98,0.056,0.0,soft-eye-contact,open,small beckon,0.76,trusted familiar action,True,True,True
2364,132,signal,Milo,0.98,0.07,0.0,soft-eye-contact,open,small beckon,0.76,trusted familiar action,True,True,True
2365,132,orchard,Mara,0.98,0.059,0.0,ambient-scan,neutral,small work motion,0.61,routine local activity,True,True,True
2366,132,repair_ring,Juno,0.98,0.05,0.0,ambient-scan,neutral,small work motion,0.61,routine local activity,True,True,True
2367,132,riverbend,Lio,0.98,0.064,0.0,soft-eye-contact,open,small beckon,0.76,trusted familiar action,True,True,True
2368,132,roofward,Fay,0.98,0.054,0.0,ambient-scan,neutral,small work motion,0.61,routine local activity,True,True,True
2369,132,archive,Toma,0.98,0.05,0.0,ambient-scan,neutral,small work motion,0.61,routine local activity,True,True,True
2370,132,signal,Milo,0.98,0.06,0.0,tracks-avatar,attentive,turns shoulders,0.66,avatar nearby,True,True,True
2371,132,orchard,Mara,0.98,0.059,0.0,ambient-scan,neutral,small work motion,0.61,routine local activity,True,True,True
2372,132,repair_ring,Juno,0.98,0.05,0.0,ambient-scan,neutral,small work motion,0.61,routine local activity,True,True,True
2373,132,riverbend,Lio,0.98,0.054,0.0,tracks-avatar,attentive,turns shoulders,0.66,avatar nearby,True,True,True
2374,132,roofward,Fay,0.98,0.054,0.0,ambient-scan,neutral,small work motion,0.61,routine local activity,True,True,True
2375,132,archive,Toma,0.98,0.05,0.0,ambient-scan,neutral,small work motion,0.61,routine local activity,True,True,True
2376,133,orchard,Mara,0.98,0.065,0.0,ambient-scan,neutral,small work motion,0.61,routine local activity,True,True,True
2377,133,repair_ring,Juno,0.98,0.056,0.0,soft-eye-contact,open,small beckon,0.76,trusted familiar action,True,True,True
2378,133,riverbend,Lio,0.98,0.06,0.0,ambient-scan,neutral,small work motion,0.61,routine local activity,True,True,True
2379,133,roofward,Fay,0.98,0.06,0.0,ambient-scan,neutral,small work motion,0.61,routine local activity,True,True,True
2380,133,archive,Toma,0.98,0.056,0.0,soft-eye-contact,open,small beckon,0.76,trusted familiar action,True,True,True
2381,133,signal,Milo,0.98,0.066,0.0,soft-eye-contact,open,small beckon,0.76,trusted familiar action,True,True,True
2382,133,orchard,Mara,0.98,0.061,0.0,ambient-scan,neutral,small work motion,0.61,routine local activity,True,True,True
2383,133,repair_ring,Juno,0.98,0.05,0.0,ambient-scan,neutral,small work motion,0.61,routine local activity,True,True,True
2384,133,riverbend,Lio,0.98,0.066,0.0,soft-eye-contact,open,small beckon,0.76,trusted familiar action,True,True,True
2385,133,roofward,Fay,0.98,0.056,0.0,ambient-scan,neutral,small work motion,0.61,routine local activity,True,True,True
2386,133,archive,Toma,0.98,0.05,0.0,ambient-scan,neutral,small work motion,0.61,routine local activity,True,True,True
2387,133,signal,Milo,0.98,0.056,0.0,tracks-avatar,attentive,turns shoulders,0.66,avatar nearby,True,True,True
2388,133,orchard,Mara,0.98,0.06,0.0,ambient-scan,neutral,small work motion,0.61,routine local activity,True,True,True
2389,133,repair_ring,Juno,0.98,0.05,0.0,ambient-scan,neutral,small work motion,0.61,routine local activity,True,True,True
2390,133,riverbend,Lio,0.98,0.056,0.0,tracks-avatar,attentive,turns shoulders,0.66,avatar nearby,True,True,True
2391,133,roofward,Fay,0.98,0.055,0.0,ambient-scan,neutral,small work motion,0.61,routine local activity,True,True,True
2392,133,archive,Toma,0.98,0.05,0.0,ambient-scan,neutral,small work motion,0.61,routine local activity,True,True,True
2393,133,signal,Milo,0.98,0.062,0.0,soft-eye-contact,open,small beckon,0.76,trusted familiar action,True,True,True
2394,134,repair_ring,Juno,0.98,0.056,0.0,soft-eye-contact,open,small beckon,0.76,trusted familiar action,True,True,True
2395,134,riverbend,Lio,0.98,0.062,0.0,ambient-scan,neutral,small work motion,0.61,routine local activity,True,True,True
2396,134,roofward,Fay,0.98,0.061,0.0,ambient-scan,neutral,small work motion,0.61,routine local activity,True,True,True
2397,134,archive,Toma,0.98,0.056,0.0,soft-eye-contact,open,small beckon,0.76,trusted familiar action,True,True,True
2398,134,signal,Milo,0.98,0.052,0.0,soft-eye-contact,open,small beckon,0.76,trusted familiar action,True,True,True
2399,134,orchard,Mara,0.98,0.066,0.0,ambient-scan,neutral,small work motion,0.61,routine local activity,True,True,True
2400,134,repair_ring,Juno,0.98,0.05,0.0,ambient-scan,neutral,small work motion,0.61,routine local activity,True,True,True
2401,134,riverbend,Lio,0.98,0.068,0.0,soft-eye-contact,open,small beckon,0.76,trusted familiar action,True,True,True
2402,134,roofward,Fay,0.98,0.057,0.0,ambient-scan,neutral,small work motion,0.61,routine local activity,True,True,True
2403,134,archive,Toma,0.98,0.05,0.0,ambient-scan,neutral,small work motion,0.61,routine local activity,True,True,True
2404,134,signal,Milo,0.98,0.05,0.0,tracks-avatar,attentive,turns shoulders,0.66,avatar nearby,True,True,True
2405,134,orchard,Mara,0.98,0.066,0.0,ambient-scan,neutral,small work motion,0.61,routine local activity,True,True,True
2406,134,repair_ring,Juno,0.98,0.056,0.0,ambient-scan,neutral,small work motion,0.61,routine local activity,True,True,True
2407,134,riverbend,Lio,0.98,0.058,0.0,tracks-avatar,attentive,turns shoulders,0.66,avatar nearby,True,True,True
2408,134,roofward,Fay,0.98,0.057,0.0,ambient-scan,neutral,small work motion,0.61,routine local activity,True,True,True
2409,134,archive,Toma,0.98,0.056,0.0,ambient-scan,neutral,small work motion,0.61,routine local activity,True,True,True
2410,134,signal,Milo,0.98,0.056,0.0,soft-eye-contact,open,small beckon,0.76,trusted familiar action,True,True,True
2411,134,orchard,Mara,0.98,0.072,0.0,soft-eye-contact,open,small beckon,0.76,trusted familiar action,True,True,True
2412,135,riverbend,Lio,0.98,0.064,0.0,ambient-scan,neutral,small work motion,0.61,routine local activity,True,True,True
2413,135,roofward,Fay,0.98,0.063,0.0,ambient-scan,neutral,small work motion,0.61,routine local activity,True,True,True
2414,135,archive,Toma,0.98,0.052,0.0,soft-eye-contact,open,small beckon,0.76,trusted familiar action,True,True,True
2415,135,signal,Milo,0.98,0.05,0.0,soft-eye-contact,open,small beckon,0.76,trusted familiar action,True,True,True
2416,135,orchard,Mara,0.98,0.062,0.0,ambient-scan,neutral,small work motion,0.61,routine local activity,True,True,True
2417,135,repair_ring,Juno,0.98,0.052,0.0,ambient-scan,neutral,small work motion,0.61,routine local activity,True,True,True
2418,135,riverbend,Lio,0.98,0.07,0.0,soft-eye-contact,open,small beckon,0.76,trusted familiar action,True,True,True
2419,135,roofward,Fay,0.98,0.059,0.0,ambient-scan,neutral,small work motion,0.61,routine local activity,True,True,True
2420,135,archive,Toma,0.98,0.05,0.0,ambient-scan,neutral,small work motion,0.61,routine local activity,True,True,True
2421,135,signal,Milo,0.98,0.056,0.0,tracks-avatar,attentive,turns shoulders,0.66,avatar nearby,True,True,True
2422,135,orchard,Mara,0.98,0.062,0.0,ambient-scan,neutral,small work motion,0.61,routine local activity,True,True,True
2423,135,repair_ring,Juno,0.98,0.052,0.0,ambient-scan,neutral,small work motion,0.61,routine local activity,True,True,True
2424,135,riverbend,Lio,0.98,0.06,0.0,tracks-avatar,attentive,turns shoulders,0.66,avatar nearby,True,True,True
2425,135,roofward,Fay,0.98,0.059,0.0,ambient-scan,neutral,small work motion,0.61,routine local activity,True,True,True
2426,135,archive,Toma,0.98,0.05,0.0,ambient-scan,neutral,small work motion,0.61,routine local activity,True,True,True
2427,135,signal,Milo,0.98,0.062,0.0,soft-eye-contact,open,small beckon,0.76,trusted familiar action,True,True,True
2428,135,orchard,Mara,0.98,0.068,0.0,soft-eye-contact,open,small beckon,0.76,trusted familiar action,True,True,True
2429,135,repair_ring,Juno,0.98,0.05,0.0,ambient-scan,neutral,small work motion,0.61,routine local activity,True,True,True
2430,136,roofward,Fay,0.98,0.065,0.0,ambient-scan,neutral,small work motion,0.61,routine local activity,True,True,True
2431,136,archive,Toma,0.98,0.056,0.0,soft-eye-contact,open,small beckon,0.76,trusted familiar action,True,True,True
2432,136,signal,Milo,0.98,0.052,0.0,soft-eye-contact,open,small beckon,0.76,trusted familiar action,True,True,True
2433,136,orchard,Mara,0.98,0.058,0.0,ambient-scan,neutral,small work motion,0.61,routine local activity,True,True,True
2434,136,repair_ring,Juno,0.98,0.05,0.0,ambient-scan,neutral,small work motion,0.61,routine local activity,True,True,True
2435,136,riverbend,Lio,0.98,0.066,0.0,soft-eye-contact,open,small beckon,0.76,trusted familiar action,True,True,True
2436,136,roofward,Fay,0.98,0.061,0.0,ambient-scan,neutral,small work motion,0.61,routine local activity,True,True,True
2437,136,archive,Toma,0.98,0.05,0.0,ambient-scan,neutral,small work motion,0.61,routine local activity,True,True,True
2438,136,signal,Milo,0.98,0.05,0.0,tracks-avatar,attentive,turns shoulders,0.66,avatar nearby,True,True,True
2439,136,orchard,Mara,0.98,0.057,0.0,ambient-scan,neutral,small work motion,0.61,routine local activity,True,True,True
2440,136,repair_ring,Juno,0.98,0.05,0.0,ambient-scan,neutral,small work motion,0.61,routine local activity,True,True,True
2441,136,riverbend,Lio,0.98,0.056,0.0,tracks-avatar,attentive,turns shoulders,0.66,avatar nearby,True,True,True
2442,136,roofward,Fay,0.98,0.06,0.0,ambient-scan,neutral,small work motion,0.61,routine local activity,True,True,True
2443,136,archive,Toma,0.98,0.05,0.0,ambient-scan,neutral,small work motion,0.61,routine local activity,True,True,True
2444,136,signal,Milo,0.98,0.056,0.0,soft-eye-contact,open,small beckon,0.76,trusted familiar action,True,True,True
2445,136,orchard,Mara,0.98,0.063,0.0,soft-eye-contact,open,small beckon,0.76,trusted familiar action,True,True,True
2446,136,repair_ring,Juno,0.98,0.056,0.0,ambient-scan,neutral,small work motion,0.61,routine local activity,True,True,True
2447,136,riverbend,Lio,0.98,0.062,0.0,soft-eye-contact,open,small beckon,0.76,trusted familiar action,True,True,True
2448,137,archive,Toma,0.98,0.056,0.0,soft-eye-contact,open,small beckon,0.76,trusted familiar action,True,True,True
2449,137,signal,Milo,0.98,0.05,0.0,soft-eye-contact,open,small beckon,0.76,trusted familiar action,True,True,True
2450,137,orchard,Mara,0.98,0.053,0.0,ambient-scan,neutral,small work motion,0.61,routine local activity,True,True,True
2451,137,repair_ring,Juno,0.98,0.056,0.0,ambient-scan,neutral,small work motion,0.61,routine local activity,True,True,True
2452,137,riverbend,Lio,0.98,0.052,0.0,soft-eye-contact,open,small beckon,0.76,trusted familiar action,True,True,True
2453,137,roofward,Fay,0.98,0.066,0.0,ambient-scan,neutral,small work motion,0.61,routine local activity,True,True,True
2454,137,archive,Toma,0.98,0.05,0.0,ambient-scan,neutral,small work motion,0.61,routine local activity,True,True,True
2455,137,signal,Milo,0.98,0.05,0.0,tracks-avatar,attentive,turns shoulders,0.66,avatar nearby,True,True,True
2456,137,orchard,Mara,0.98,0.053,0.0,ambient-scan,neutral,small work motion,0.61,routine local activity,True,True,True
2457,137,repair_ring,Juno,0.98,0.055,0.0,ambient-scan,neutral,small work motion,0.61,routine local activity,True,True,True
2458,137,riverbend,Lio,0.98,0.05,0.0,tracks-avatar,attentive,turns shoulders,0.66,avatar nearby,True,True,True
2459,137,roofward,Fay,0.98,0.066,0.0,ambient-scan,neutral,small work motion,0.61,routine local activity,True,True,True
2460,137,archive,Toma,0.98,0.056,0.0,ambient-scan,neutral,small work motion,0.61,routine local activity,True,True,True
2461,137,signal,Milo,0.98,0.056,0.0,soft-eye-contact,open,small beckon,0.76,trusted familiar action,True,True,True
2462,137,orchard,Mara,0.98,0.059,0.0,soft-eye-contact,open,small beckon,0.76,trusted familiar action,True,True,True
2463,137,repair_ring,Juno,0.98,0.051,0.0,ambient-scan,neutral,small work motion,0.61,routine local activity,True,True,True
2464,137,riverbend,Lio,0.98,0.056,0.0,soft-eye-contact,open,small beckon,0.76,trusted familiar action,True,True,True
2465,137,roofward,Fay,0.98,0.072,0.0,soft-eye-contact,open,small beckon,0.76,trusted familiar action,True,True,True
2466,138,signal,Milo,0.98,0.05,0.0,soft-eye-contact,open,small beckon,0.76,trusted familiar action,True,True,True
2467,138,orchard,Mara,0.98,0.05,0.0,ambient-scan,neutral,small work motion,0.61,routine local activity,True,True,True
2468,138,repair_ring,Juno,0.98,0.05,0.0,ambient-scan,neutral,small work motion,0.61,routine local activity,True,True,True
2469,138,riverbend,Lio,0.98,0.05,0.0,soft-eye-contact,open,small beckon,0.76,trusted familiar action,True,True,True
2470,138,roofward,Fay,0.98,0.062,0.0,ambient-scan,neutral,small work motion,0.61,routine local activity,True,True,True
2471,138,archive,Toma,0.98,0.052,0.0,ambient-scan,neutral,small work motion,0.61,routine local activity,True,True,True
2472,138,signal,Milo,0.98,0.056,0.0,tracks-avatar,attentive,turns shoulders,0.66,avatar nearby,True,True,True
2473,138,orchard,Mara,0.98,0.05,0.0,ambient-scan,neutral,small work motion,0.61,routine local activity,True,True,True
2474,138,repair_ring,Juno,0.98,0.05,0.0,ambient-scan,neutral,small work motion,0.61,routine local activity,True,True,True
2475,138,riverbend,Lio,0.98,0.056,0.0,tracks-avatar,attentive,turns shoulders,0.66,avatar nearby,True,True,True
2476,138,roofward,Fay,0.98,0.062,0.0,ambient-scan,neutral,small work motion,0.61,routine local activity,True,True,True
2477,138,archive,Toma,0.98,0.052,0.0,ambient-scan,neutral,small work motion,0.61,routine local activity,True,True,True
2478,138,signal,Milo,0.98,0.062,0.0,soft-eye-contact,open,small beckon,0.76,trusted familiar action,True,True,True
2479,138,orchard,Mara,0.98,0.056,0.0,soft-eye-contact,open,small beckon,0.76,trusted familiar action,True,True,True
2480,138,repair_ring,Juno,0.98,0.056,0.0,ambient-scan,neutral,small work motion,0.61,routine local activity,True,True,True
2481,138,riverbend,Lio,0.98,0.062,0.0,soft-eye-contact,open,small beckon,0.76,trusted familiar action,True,True,True
2482,138,roofward,Fay,0.98,0.068,0.0,soft-eye-contact,open,small beckon,0.76,trusted familiar action,True,True,True
2483,138,archive,Toma,0.98,0.05,0.0,ambient-scan,neutral,small work motion,0.61,routine local activity,True,True,True
2484,139,orchard,Mara,0.98,0.05,0.0,ambient-scan,neutral,small work motion,0.61,routine local activity,True,True,True
2485,139,repair_ring,Juno,0.98,0.056,0.0,ambient-scan,neutral,small work motion,0.61,routine local activity,True,True,True
2486,139,riverbend,Lio,0.98,0.052,0.0,soft-eye-contact,open,small beckon,0.76,trusted familiar action,True,True,True
2487,139,roofward,Fay,0.98,0.058,0.0,ambient-scan,neutral,small work motion,0.61,routine local activity,True,True,True
2488,139,archive,Toma,0.98,0.05,0.0,ambient-scan,neutral,small work motion,0.61,routine local activity,True,True,True
2489,139,signal,Milo,0.98,0.052,0.0,tracks-avatar,attentive,turns shoulders,0.66,avatar nearby,True,True,True
2490,139,orchard,Mara,0.98,0.056,0.0,ambient-scan,neutral,small work motion,0.61,routine local activity,True,True,True
2491,139,repair_ring,Juno,0.98,0.056,0.0,ambient-scan,neutral,small work motion,0.61,routine local activity,True,True,True
2492,139,riverbend,Lio,0.98,0.05,0.0,tracks-avatar,attentive,turns shoulders,0.66,avatar nearby,True,True,True
2493,139,roofward,Fay,0.98,0.057,0.0,ambient-scan,neutral,small work motion,0.61,routine local activity,True,True,True
2494,139,archive,Toma,0.98,0.05,0.0,ambient-scan,neutral,small work motion,0.61,routine local activity,True,True,True
2495,139,signal,Milo,0.98,0.058,0.0,soft-eye-contact,open,small beckon,0.76,trusted familiar action,True,True,True
2496,139,orchard,Mara,0.98,0.062,0.0,soft-eye-contact,open,small beckon,0.76,trusted familiar action,True,True,True
2497,139,repair_ring,Juno,0.98,0.052,0.0,ambient-scan,neutral,small work motion,0.61,routine local activity,True,True,True
2498,139,riverbend,Lio,0.98,0.056,0.0,soft-eye-contact,open,small beckon,0.76,trusted familiar action,True,True,True
2499,139,roofward,Fay,0.98,0.063,0.0,soft-eye-contact,open,small beckon,0.76,trusted familiar action,True,True,True
2500,139,archive,Toma,0.98,0.056,0.0,ambient-scan,neutral,small work motion,0.61,routine local activity,True,True,True
2501,139,signal,Milo,0.98,0.05,0.0,ambient-scan,neutral,small work motion,0.61,routine local activity,True,True,True
2502,140,repair_ring,Juno,0.98,0.052,0.0,ambient-scan,neutral,small work motion,0.61,routine local activity,True,True,True
2503,140,riverbend,Lio,0.98,0.05,0.0,soft-eye-contact,open,small beckon,0.76,trusted familiar action,True,True,True
2504,140,roofward,Fay,0.98,0.053,0.0,ambient-scan,neutral,small work motion,0.61,routine local activity,True,True,True
2505,140,archive,Toma,0.98,0.056,0.0,ambient-scan,neutral,small work motion,0.61,routine local activity,True,True,True
2506,140,signal,Milo,0.98,0.05,0.0,tracks-avatar,attentive,turns shoulders,0.66,avatar nearby,True,True,True
2507,140,orchard,Mara,0.98,0.052,0.0,ambient-scan,neutral,small work motion,0.61,routine local activity,True,True,True
2508,140,repair_ring,Juno,0.98,0.051,0.0,ambient-scan,neutral,small work motion,0.61,routine local activity,True,True,True
2509,140,riverbend,Lio,0.98,0.05,0.0,tracks-avatar,attentive,turns shoulders,0.66,avatar nearby,True,True,True
2510,140,roofward,Fay,0.98,0.053,0.0,ambient-scan,neutral,small work motion,0.61,routine local activity,True,True,True
2511,140,archive,Toma,0.98,0.055,0.0,ambient-scan,neutral,small work motion,0.61,routine local activity,True,True,True
2512,140,signal,Milo,0.98,0.056,0.0,soft-eye-contact,open,small beckon,0.76,trusted familiar action,True,True,True
2513,140,orchard,Mara,0.98,0.058,0.0,soft-eye-contact,open,small beckon,0.76,trusted familiar action,True,True,True
2514,140,repair_ring,Juno,0.98,0.05,0.0,ambient-scan,neutral,small work motion,0.61,routine local activity,True,True,True
2515,140,riverbend,Lio,0.98,0.056,0.0,soft-eye-contact,open,small beckon,0.76,trusted familiar action,True,True,True
2516,140,roofward,Fay,0.98,0.059,0.0,soft-eye-contact,open,small beckon,0.76,trusted familiar action,True,True,True
2517,140,archive,Toma,0.98,0.051,0.0,ambient-scan,neutral,small work motion,0.61,routine local activity,True,True,True
2518,140,signal,Milo,0.98,0.05,0.0,ambient-scan,neutral,small work motion,0.61,routine local activity,True,True,True
2519,140,orchard,Mara,0.98,0.05,0.0,tracks-avatar,attentive,turns shoulders,0.66,avatar nearby,True,True,True
2520,141,riverbend,Lio,0.98,0.05,0.0,soft-eye-contact,open,small beckon,0.76,trusted familiar action,True,True,True
2521,141,roofward,Fay,0.98,0.05,0.0,ambient-scan,neutral,small work motion,0.61,routine local activity,True,True,True
2522,141,archive,Toma,0.98,0.05,0.0,ambient-scan,neutral,small work motion,0.61,routine local activity,True,True,True
2523,141,signal,Milo,0.98,0.05,0.0,tracks-avatar,attentive,turns shoulders,0.66,avatar nearby,True,True,True
2524,141,orchard,Mara,0.98,0.056,0.0,ambient-scan,neutral,small work motion,0.61,routine local activity,True,True,True
2525,141,repair_ring,Juno,0.98,0.056,0.0,ambient-scan,neutral,small work motion,0.61,routine local activity,True,True,True
2526,141,riverbend,Lio,0.98,0.056,0.0,tracks-avatar,attentive,turns shoulders,0.66,avatar nearby,True,True,True
2527,141,roofward,Fay,0.98,0.05,0.0,ambient-scan,neutral,small work motion,0.61,routine local activity,True,True,True
2528,141,archive,Toma,0.98,0.05,0.0,ambient-scan,neutral,small work motion,0.61,routine local activity,True,True,True
2529,141,signal,Milo,0.98,0.056,0.0,soft-eye-contact,open,small beckon,0.76,trusted familiar action,True,True,True
2530,141,orchard,Mara,0.98,0.062,0.0,soft-eye-contact,open,small beckon,0.76,trusted familiar action,True,True,True
2531,141,repair_ring,Juno,0.98,0.052,0.0,ambient-scan,neutral,small work motion,0.61,routine local activity,True,True,True
2532,141,riverbend,Lio,0.98,0.062,0.0,soft-eye-contact,open,small beckon,0.76,trusted familiar action,True,True,True
2533,141,roofward,Fay,0.98,0.056,0.0,soft-eye-contact,open,small beckon,0.76,trusted familiar action,True,True,True
2534,141,archive,Toma,0.98,0.056,0.0,ambient-scan,neutral,small work motion,0.61,routine local activity,True,True,True
2535,141,signal,Milo,0.98,0.05,0.0,ambient-scan,neutral,small work motion,0.61,routine local activity,True,True,True
2536,141,orchard,Mara,0.98,0.052,0.0,tracks-avatar,attentive,turns shoulders,0.66,avatar nearby,True,True,True
2537,141,repair_ring,Juno,0.98,0.052,0.0,ambient-scan,neutral,small work motion,0.61,routine local activity,True,True,True
2538,142,roofward,Fay,0.98,0.05,0.0,ambient-scan,neutral,small work motion,0.61,routine local activity,True,True,True
2539,142,archive,Toma,0.98,0.056,0.0,ambient-scan,neutral,small work motion,0.61,routine local activity,True,True,True
2540,142,signal,Milo,0.98,0.056,0.0,tracks-avatar,attentive,turns shoulders,0.66,avatar nearby,True,True,True
2541,142,orchard,Mara,0.98,0.058,0.0,ambient-scan,neutral,small work motion,0.61,routine local activity,True,True,True
2542,142,repair_ring,Juno,0.98,0.058,0.0,ambient-scan,neutral,small work motion,0.61,routine local activity,True,True,True
2543,142,riverbend,Lio,0.98,0.052,0.0,tracks-avatar,attentive,turns shoulders,0.66,avatar nearby,True,True,True
2544,142,roofward,Fay,0.98,0.056,0.0,ambient-scan,neutral,small work motion,0.61,routine local activity,True,True,True
2545,142,archive,Toma,0.98,0.056,0.0,ambient-scan,neutral,small work motion,0.61,routine local activity,True,True,True
2546,142,signal,Milo,0.98,0.062,0.0,soft-eye-contact,open,small beckon,0.76,trusted familiar action,True,True,True
2547,142,orchard,Mara,0.98,0.064,0.0,soft-eye-contact,open,small beckon,0.76,trusted familiar action,True,True,True
2548,142,repair_ring,Juno,0.98,0.054,0.0,ambient-scan,neutral,small work motion,0.61,routine local activity,True,True,True
2549,142,riverbend,Lio,0.98,0.058,0.0,soft-eye-contact,open,small beckon,0.76,trusted familiar action,True,True,True
2550,142,roofward,Fay,0.98,0.062,0.0,soft-eye-contact,open,small beckon,0.76,trusted familiar action,True,True,True
2551,142,archive,Toma,0.98,0.052,0.0,ambient-scan,neutral,small work motion,0.61,routine local activity,True,True,True
2552,142,signal,Milo,0.98,0.052,0.0,ambient-scan,neutral,small work motion,0.61,routine local activity,True,True,True
2553,142,orchard,Mara,0.98,0.054,0.0,tracks-avatar,attentive,turns shoulders,0.66,avatar nearby,True,True,True
2554,142,repair_ring,Juno,0.98,0.054,0.0,ambient-scan,neutral,small work motion,0.61,routine local activity,True,True,True
2555,142,riverbend,Lio,0.98,0.05,0.0,ambient-scan,neutral,small work motion,0.61,routine local activity,True,True,True
2556,143,archive,Toma,0.98,0.052,0.0,ambient-scan,neutral,small work motion,0.61,routine local activity,True,True,True
2557,143,signal,Milo,0.98,0.052,0.0,tracks-avatar,attentive,turns shoulders,0.66,avatar nearby,True,True,True
2558,143,orchard,Mara,0.98,0.06,0.0,ambient-scan,neutral,small work motion,0.61,routine local activity,True,True,True
2559,143,repair_ring,Juno,0.98,0.06,0.0,ambient-scan,neutral,small work motion,0.61,routine local activity,True,True,True
2560,143,riverbend,Lio,0.98,0.05,0.0,tracks-avatar,attentive,turns shoulders,0.66,avatar nearby,True,True,True
2561,143,roofward,Fay,0.98,0.052,0.0,ambient-scan,neutral,small work motion,0.61,routine local activity,True,True,True
2562,143,archive,Toma,0.98,0.051,0.0,ambient-scan,neutral,small work motion,0.61,routine local activity,True,True,True
2563,143,signal,Milo,0.98,0.058,0.0,soft-eye-contact,open,small beckon,0.76,trusted familiar action,True,True,True
2564,143,orchard,Mara,0.98,0.066,0.0,soft-eye-contact,open,small beckon,0.76,trusted familiar action,True,True,True
2565,143,repair_ring,Juno,0.98,0.056,0.0,ambient-scan,neutral,small work motion,0.61,routine local activity,True,True,True
2566,143,riverbend,Lio,0.98,0.056,0.0,soft-eye-contact,open,small beckon,0.76,trusted familiar action,True,True,True
2567,143,roofward,Fay,0.98,0.058,0.0,soft-eye-contact,open,small beckon,0.76,trusted familiar action,True,True,True
2568,143,archive,Toma,0.98,0.05,0.0,ambient-scan,neutral,small work motion,0.61,routine local activity,True,True,True
2569,143,signal,Milo,0.98,0.05,0.0,ambient-scan,neutral,small work motion,0.61,routine local activity,True,True,True
2570,143,orchard,Mara,0.98,0.056,0.0,tracks-avatar,attentive,turns shoulders,0.66,avatar nearby,True,True,True
2571,143,repair_ring,Juno,0.98,0.055,0.0,ambient-scan,neutral,small work motion,0.61,routine local activity,True,True,True
2572,143,riverbend,Lio,0.98,0.05,0.0,ambient-scan,neutral,small work motion,0.61,routine local activity,True,True,True
2573,143,roofward,Fay,0.98,0.05,0.0,tracks-avatar,attentive,turns shoulders,0.66,avatar nearby,True,True,True
2574,144,signal,Milo,0.98,0.05,0.0,tracks-avatar,attentive,turns shoulders,0.66,avatar nearby,True,True,True
2575,144,orchard,Mara,0.98,0.062,0.0,ambient-scan,neutral,small work motion,0.61,routine local activity,True,True,True
2576,144,repair_ring,Juno,0.98,0.061,0.0,ambient-scan,neutral,small work motion,0.61,routine local activity,True,True,True
2577,144,riverbend,Lio,0.98,0.05,0.0,tracks-avatar,attentive,turns shoulders,0.66,avatar nearby,True,True,True
2578,144,roofward,Fay,0.98,0.056,0.0,ambient-scan,neutral,small work motion,0.61,routine local activity,True,True,True
2579,144,archive,Toma,0.98,0.056,0.0,ambient-scan,neutral,small work motion,0.61,routine local activity,True,True,True
2580,144,signal,Milo,0.98,0.056,0.0,soft-eye-contact,open,small beckon,0.76,trusted familiar action,True,True,True
2581,144,orchard,Mara,0.98,0.068,0.0,soft-eye-contact,open,small beckon,0.76,trusted familiar action,True,True,True
2582,144,repair_ring,Juno,0.98,0.057,0.0,ambient-scan,neutral,small work motion,0.61,routine local activity,True,True,True
2583,144,riverbend,Lio,0.98,0.056,0.0,soft-eye-contact,open,small beckon,0.76,trusted familiar action,True,True,True
2584,144,roofward,Fay,0.98,0.062,0.0,soft-eye-contact,open,small beckon,0.76,trusted familiar action,True,True,True
2585,144,archive,Toma,0.98,0.052,0.0,ambient-scan,neutral,small work motion,0.61,routine local activity,True,True,True
2586,144,signal,Milo,0.98,0.05,0.0,ambient-scan,neutral,small work motion,0.61,routine local activity,True,True,True
2587,144,orchard,Mara,0.98,0.058,0.0,tracks-avatar,attentive,turns shoulders,0.66,avatar nearby,True,True,True
2588,144,repair_ring,Juno,0.98,0.057,0.0,ambient-scan,neutral,small work motion,0.61,routine local activity,True,True,True
2589,144,riverbend,Lio,0.98,0.05,0.0,ambient-scan,neutral,small work motion,0.61,routine local activity,True,True,True
2590,144,roofward,Fay,0.98,0.052,0.0,tracks-avatar,attentive,turns shoulders,0.66,avatar nearby,True,True,True
2591,144,archive,Toma,0.98,0.052,0.0,ambient-scan,neutral,small work motion,0.61,routine local activity,True,True,True
2592,145,orchard,Mara,0.98,0.064,0.0,ambient-scan,neutral,small work motion,0.61,routine local activity,True,True,True
2593,145,repair_ring,Juno,0.98,0.063,0.0,ambient-scan,neutral,small work motion,0.61,routine local activity,True,True,True
2594,145,riverbend,Lio,0.98,0.056,0.0,tracks-avatar,attentive,turns shoulders,0.66,avatar nearby,True,True,True
2595,145,roofward,Fay,0.98,0.058,0.0,ambient-scan,neutral,small work motion,0.61,routine local activity,True,True,True
2596,145,archive,Toma,0.98,0.058,0.0,ambient-scan,neutral,small work motion,0.61,routine local activity,True,True,True
2597,145,signal,Milo,0.98,0.056,0.0,soft-eye-contact,open,small beckon,0.76,trusted familiar action,True,True,True
2598,145,orchard,Mara,0.98,0.07,0.0,soft-eye-contact,open,small beckon,0.76,trusted familiar action,True,True,True
2599,145,repair_ring,Juno,0.98,0.059,0.0,ambient-scan,neutral,small work motion,0.61,routine local activity,True,True,True
2600,145,riverbend,Lio,0.98,0.062,0.0,soft-eye-contact,open,small beckon,0.76,trusted familiar action,True,True,True
2601,145,roofward,Fay,0.98,0.064,0.0,soft-eye-contact,open,small beckon,0.76,trusted familiar action,True,True,True
2602,145,archive,Toma,0.98,0.054,0.0,ambient-scan,neutral,small work motion,0.61,routine local activity,True,True,True
2603,145,signal,Milo,0.98,0.05,0.0,ambient-scan,neutral,small work motion,0.61,routine local activity,True,True,True
2604,145,orchard,Mara,0.98,0.06,0.0,tracks-avatar,attentive,turns shoulders,0.66,avatar nearby,True,True,True
2605,145,repair_ring,Juno,0.98,0.059,0.0,ambient-scan,neutral,small work motion,0.61,routine local activity,True,True,True
2606,145,riverbend,Lio,0.98,0.052,0.0,ambient-scan,neutral,small work motion,0.61,routine local activity,True,True,True
2607,145,roofward,Fay,0.98,0.054,0.0,tracks-avatar,attentive,turns shoulders,0.66,avatar nearby,True,True,True
2608,145,archive,Toma,0.98,0.054,0.0,ambient-scan,neutral,small work motion,0.61,routine local activity,True,True,True
2609,145,signal,Milo,0.98,0.05,0.0,ambient-scan,neutral,small work motion,0.61,routine local activity,True,True,True
2610,146,repair_ring,Juno,0.98,0.065,0.0,ambient-scan,neutral,small work motion,0.61,routine local activity,True,True,True
2611,146,riverbend,Lio,0.98,0.052,0.0,tracks-avatar,attentive,turns shoulders,0.66,avatar nearby,True,True,True
2612,146,roofward,Fay,0.98,0.06,0.0,ambient-scan,neutral,small work motion,0.61,routine local activity,True,True,True
2613,146,archive,Toma,0.98,0.06,0.0,ambient-scan,neutral,small work motion,0.61,routine local activity,True,True,True
2614,146,signal,Milo,0.98,0.056,0.0,soft-eye-contact,open,small beckon,0.76,trusted familiar action,True,True,True
2615,146,orchard,Mara,0.98,0.066,0.0,soft-eye-contact,open,small beckon,0.76,trusted familiar action,True,True,True
2616,146,repair_ring,Juno,0.98,0.061,0.0,ambient-scan,neutral,small work motion,0.61,routine local activity,True,True,True
2617,146,riverbend,Lio,0.98,0.058,0.0,soft-eye-contact,open,small beckon,0.76,trusted familiar action,True,True,True
2618,146,roofward,Fay,0.98,0.066,0.0,soft-eye-contact,open,small beckon,0.76,trusted familiar action,True,True,True
2619,146,archive,Toma,0.98,0.056,0.0,ambient-scan,neutral,small work motion,0.61,routine local activity,True,True,True
2620,146,signal,Milo,0.98,0.05,0.0,ambient-scan,neutral,small work motion,0.61,routine local activity,True,True,True
2621,146,orchard,Mara,0.98,0.056,0.0,tracks-avatar,attentive,turns shoulders,0.66,avatar nearby,True,True,True
2622,146,repair_ring,Juno,0.98,0.06,0.0,ambient-scan,neutral,small work motion,0.61,routine local activity,True,True,True
2623,146,riverbend,Lio,0.98,0.05,0.0,ambient-scan,neutral,small work motion,0.61,routine local activity,True,True,True
2624,146,roofward,Fay,0.98,0.056,0.0,tracks-avatar,attentive,turns shoulders,0.66,avatar nearby,True,True,True
2625,146,archive,Toma,0.98,0.055,0.0,ambient-scan,neutral,small work motion,0.61,routine local activity,True,True,True
2626,146,signal,Milo,0.98,0.05,0.0,ambient-scan,neutral,small work motion,0.61,routine local activity,True,True,True
2627,146,orchard,Mara,0.98,0.062,0.0,soft-eye-contact,open,small beckon,0.76,trusted familiar action,True,True,True
2628,147,riverbend,Lio,0.98,0.05,0.0,tracks-avatar,attentive,turns shoulders,0.66,avatar nearby,True,True,True
2629,147,roofward,Fay,0.98,0.062,0.0,ambient-scan,neutral,small work motion,0.61,routine local activity,True,True,True
2630,147,archive,Toma,0.98,0.061,0.0,ambient-scan,neutral,small work motion,0.61,routine local activity,True,True,True
2631,147,signal,Milo,0.98,0.056,0.0,soft-eye-contact,open,small beckon,0.76,trusted familiar action,True,True,True
2632,147,orchard,Mara,0.98,0.052,0.0,soft-eye-contact,open,small beckon,0.76,trusted familiar action,True,True,True
2633,147,repair_ring,Juno,0.98,0.066,0.0,ambient-scan,neutral,small work motion,0.61,routine local activity,True,True,True
2634,147,riverbend,Lio,0.98,0.056,0.0,soft-eye-contact,open,small beckon,0.76,trusted familiar action,True,True,True
2635,147,roofward,Fay,0.98,0.068,0.0,soft-eye-contact,open,small beckon,0.76,trusted familiar action,True,True,True
2636,147,archive,Toma,0.98,0.057,0.0,ambient-scan,neutral,small work motion,0.61,routine local activity,True,True,True
2637,147,signal,Milo,0.98,0.05,0.0,ambient-scan,neutral,small work motion,0.61,routine local activity,True,True,True
2638,147,orchard,Mara,0.98,0.05,0.0,tracks-avatar,attentive,turns shoulders,0.66,avatar nearby,True,True,True
2639,147,repair_ring,Juno,0.98,0.066,0.0,ambient-scan,neutral,small work motion,0.61,routine local activity,True,True,True
2640,147,riverbend,Lio,0.98,0.05,0.0,ambient-scan,neutral,small work motion,0.61,routine local activity,True,True,True
2641,147,roofward,Fay,0.98,0.058,0.0,tracks-avatar,attentive,turns shoulders,0.66,avatar nearby,True,True,True
2642,147,archive,Toma,0.98,0.057,0.0,ambient-scan,neutral,small work motion,0.61,routine local activity,True,True,True
2643,147,signal,Milo,0.98,0.056,0.0,ambient-scan,neutral,small work motion,0.61,routine local activity,True,True,True
2644,147,orchard,Mara,0.98,0.056,0.0,soft-eye-contact,open,small beckon,0.76,trusted familiar action,True,True,True
2645,147,repair_ring,Juno,0.98,0.072,0.0,soft-eye-contact,open,small beckon,0.76,trusted familiar action,True,True,True
2646,148,roofward,Fay,0.98,0.064,0.0,ambient-scan,neutral,small work motion,0.61,routine local activity,True,True,True
2647,148,archive,Toma,0.98,0.063,0.0,ambient-scan,neutral,small work motion,0.61,routine local activity,True,True,True
2648,148,signal,Milo,0.98,0.052,0.0,soft-eye-contact,open,small beckon,0.76,trusted familiar action,True,True,True
2649,148,orchard,Mara,0.98,0.05,0.0,soft-eye-contact,open,small beckon,0.76,trusted familiar action,True,True,True
2650,148,repair_ring,Juno,0.98,0.062,0.0,ambient-scan,neutral,small work motion,0.61,routine local activity,True,True,True
2651,148,riverbend,Lio,0.98,0.056,0.0,soft-eye-contact,open,small beckon,0.76,trusted familiar action,True,True,True
2652,148,roofward,Fay,0.98,0.07,0.0,soft-eye-contact,open,small beckon,0.76,trusted familiar action,True,True,True
2653,148,archive,Toma,0.98,0.059,0.0,ambient-scan,neutral,small work motion,0.61,routine local activity,True,True,True
2654,148,signal,Milo,0.98,0.05,0.0,ambient-scan,neutral,small work motion,0.61,routine local activity,True,True,True
2655,148,orchard,Mara,0.98,0.056,0.0,tracks-avatar,attentive,turns shoulders,0.66,avatar nearby,True,True,True
2656,148,repair_ring,Juno,0.98,0.062,0.0,ambient-scan,neutral,small work motion,0.61,routine local activity,True,True,True
2657,148,riverbend,Lio,0.98,0.05,0.0,ambient-scan,neutral,small work motion,0.61,routine local activity,True,True,True
2658,148,roofward,Fay,0.98,0.06,0.0,tracks-avatar,attentive,turns shoulders,0.66,avatar nearby,True,True,True
2659,148,archive,Toma,0.98,0.059,0.0,ambient-scan,neutral,small work motion,0.61,routine local activity,True,True,True
2660,148,signal,Milo,0.98,0.05,0.0,ambient-scan,neutral,small work motion,0.61,routine local activity,True,True,True
2661,148,orchard,Mara,0.98,0.062,0.0,soft-eye-contact,open,small beckon,0.76,trusted familiar action,True,True,True
2662,148,repair_ring,Juno,0.98,0.068,0.0,soft-eye-contact,open,small beckon,0.76,trusted familiar action,True,True,True
2663,148,riverbend,Lio,0.98,0.05,0.0,ambient-scan,neutral,small work motion,0.61,routine local activity,True,True,True
2664,149,archive,Toma,0.98,0.065,0.0,ambient-scan,neutral,small work motion,0.61,routine local activity,True,True,True
2665,149,signal,Milo,0.98,0.056,0.0,soft-eye-contact,open,small beckon,0.76,trusted familiar action,True,True,True
2666,149,orchard,Mara,0.98,0.052,0.0,soft-eye-contact,open,small beckon,0.76,trusted familiar action,True,True,True
2667,149,repair_ring,Juno,0.98,0.058,0.0,ambient-scan,neutral,small work motion,0.61,routine local activity,True,True,True
2668,149,riverbend,Lio,0.98,0.056,0.0,soft-eye-contact,open,small beckon,0.76,trusted familiar action,True,True,True
2669,149,roofward,Fay,0.98,0.066,0.0,soft-eye-contact,open,small beckon,0.76,trusted familiar action,True,True,True
2670,149,archive,Toma,0.98,0.061,0.0,ambient-scan,neutral,small work motion,0.61,routine local activity,True,True,True
2671,149,signal,Milo,0.98,0.05,0.0,ambient-scan,neutral,small work motion,0.61,routine local activity,True,True,True
2672,149,orchard,Mara,0.98,0.05,0.0,tracks-avatar,attentive,turns shoulders,0.66,avatar nearby,True,True,True
2673,149,repair_ring,Juno,0.98,0.057,0.0,ambient-scan,neutral,small work motion,0.61,routine local activity,True,True,True
2674,149,riverbend,Lio,0.98,0.05,0.0,ambient-scan,neutral,small work motion,0.61,routine local activity,True,True,True
2675,149,roofward,Fay,0.98,0.056,0.0,tracks-avatar,attentive,turns shoulders,0.66,avatar nearby,True,True,True
2676,149,archive,Toma,0.98,0.06,0.0,ambient-scan,neutral,small work motion,0.61,routine local activity,True,True,True
2677,149,signal,Milo,0.98,0.05,0.0,ambient-scan,neutral,small work motion,0.61,routine local activity,True,True,True
2678,149,orchard,Mara,0.98,0.056,0.0,soft-eye-contact,open,small beckon,0.76,trusted familiar action,True,True,True
2679,149,repair_ring,Juno,0.98,0.063,0.0,soft-eye-contact,open,small beckon,0.76,trusted familiar action,True,True,True
2680,149,riverbend,Lio,0.98,0.05,0.0,ambient-scan,neutral,small work motion,0.61,routine local activity,True,True,True
2681,149,roofward,Fay,0.98,0.062,0.0,soft-eye-contact,open,small beckon,0.76,trusted familiar action,True,True,True
2682,150,signal,Milo,0.98,0.056,0.0,soft-eye-contact,open,small beckon,0.76,trusted familiar action,True,True,True
2683,150,orchard,Mara,0.98,0.05,0.0,soft-eye-contact,open,small beckon,0.76,trusted familiar action,True,True,True
2684,150,repair_ring,Juno,0.98,0.053,0.0,ambient-scan,neutral,small work motion,0.61,routine local activity,True,True,True
2685,150,riverbend,Lio,0.98,0.056,0.0,soft-eye-contact,open,small beckon,0.76,trusted familiar action,True,True,True
2686,150,roofward,Fay,0.98,0.052,0.0,soft-eye-contact,open,small beckon,0.76,trusted familiar action,True,True,True
2687,150,archive,Toma,0.98,0.066,0.0,ambient-scan,neutral,small work motion,0.61,routine local activity,True,True,True
2688,150,signal,Milo,0.98,0.05,0.0,ambient-scan,neutral,small work motion,0.61,routine local activity,True,True,True
2689,150,orchard,Mara,0.98,0.05,0.0,tracks-avatar,attentive,turns shoulders,0.66,avatar nearby,True,True,True
2690,150,repair_ring,Juno,0.98,0.053,0.0,ambient-scan,neutral,small work motion,0.61,routine local activity,True,True,True
2691,150,riverbend,Lio,0.98,0.05,0.0,ambient-scan,neutral,small work motion,0.61,routine local activity,True,True,True
2692,150,roofward,Fay,0.98,0.05,0.0,tracks-avatar,attentive,turns shoulders,0.66,avatar nearby,True,True,True
2693,150,archive,Toma,0.98,0.066,0.0,ambient-scan,neutral,small work motion,0.61,routine local activity,True,True,True
2694,150,signal,Milo,0.98,0.056,0.0,ambient-scan,neutral,small work motion,0.61,routine local activity,True,True,True
2695,150,orchard,Mara,0.98,0.056,0.0,soft-eye-contact,open,small beckon,0.76,trusted familiar action,True,True,True
2696,150,repair_ring,Juno,0.98,0.059,0.0,soft-eye-contact,open,small beckon,0.76,trusted familiar action,True,True,True
2697,150,riverbend,Lio,0.98,0.056,0.0,ambient-scan,neutral,small work motion,0.61,routine local activity,True,True,True
2698,150,roofward,Fay,0.98,0.056,0.0,soft-eye-contact,open,small beckon,0.76,trusted familiar action,True,True,True
2699,150,archive,Toma,0.98,0.072,0.0,soft-eye-contact,open,small beckon,0.76,trusted familiar action,True,True,True
2700,151,orchard,Mara,0.98,0.05,0.0,soft-eye-contact,open,small beckon,0.76,trusted familiar action,True,True,True
2701,151,repair_ring,Juno,0.98,0.05,0.0,ambient-scan,neutral,small work motion,0.61,routine local activity,True,True,True
2702,151,riverbend,Lio,0.98,0.052,0.0,soft-eye-contact,open,small beckon,0.76,trusted familiar action,True,True,True
2703,151,roofward,Fay,0.98,0.05,0.0,soft-eye-contact,open,small beckon,0.76,trusted familiar action,True,True,True
2704,151,archive,Toma,0.98,0.062,0.0,ambient-scan,neutral,small work motion,0.61,routine local activity,True,True,True
2705,151,signal,Milo,0.98,0.052,0.0,ambient-scan,neutral,small work motion,0.61,routine local activity,True,True,True
2706,151,orchard,Mara,0.98,0.056,0.0,tracks-avatar,attentive,turns shoulders,0.66,avatar nearby,True,True,True
2707,151,repair_ring,Juno,0.98,0.05,0.0,ambient-scan,neutral,small work motion,0.61,routine local activity,True,True,True
2708,151,riverbend,Lio,0.98,0.05,0.0,ambient-scan,neutral,small work motion,0.61,routine local activity,True,True,True
2709,151,roofward,Fay,0.98,0.056,0.0,tracks-avatar,attentive,turns shoulders,0.66,avatar nearby,True,True,True
2710,151,archive,Toma,0.98,0.062,0.0,ambient-scan,neutral,small work motion,0.61,routine local activity,True,True,True
2711,151,signal,Milo,0.98,0.052,0.0,ambient-scan,neutral,small work motion,0.61,routine local activity,True,True,True
2712,151,orchard,Mara,0.98,0.062,0.0,soft-eye-contact,open,small beckon,0.76,trusted familiar action,True,True,True
2713,151,repair_ring,Juno,0.98,0.056,0.0,soft-eye-contact,open,small beckon,0.76,trusted familiar action,True,True,True
2714,151,riverbend,Lio,0.98,0.05,0.0,ambient-scan,neutral,small work motion,0.61,routine local activity,True,True,True
2715,151,roofward,Fay,0.98,0.062,0.0,soft-eye-contact,open,small beckon,0.76,trusted familiar action,True,True,True
2716,151,archive,Toma,0.98,0.068,0.0,soft-eye-contact,open,small beckon,0.76,trusted familiar action,True,True,True
2717,151,signal,Milo,0.98,0.05,0.0,ambient-scan,neutral,small work motion,0.61,routine local activity,True,True,True
2718,152,repair_ring,Juno,0.98,0.05,0.0,ambient-scan,neutral,small work motion,0.61,routine local activity,True,True,True
2719,152,riverbend,Lio,0.98,0.056,0.0,soft-eye-contact,open,small beckon,0.76,trusted familiar action,True,True,True
2720,152,roofward,Fay,0.98,0.052,0.0,soft-eye-contact,open,small beckon,0.76,trusted familiar action,True,True,True
2721,152,archive,Toma,0.98,0.058,0.0,ambient-scan,neutral,small work motion,0.61,routine local activity,True,True,True
2722,152,signal,Milo,0.98,0.05,0.0,ambient-scan,neutral,small work motion,0.61,routine local activity,True,True,True
2723,152,orchard,Mara,0.98,0.052,0.0,tracks-avatar,attentive,turns shoulders,0.66,avatar nearby,True,True,True
2724,152,repair_ring,Juno,0.98,0.056,0.0,ambient-scan,neutral,small work motion,0.61,routine local activity,True,True,True
2725,152,riverbend,Lio,0.98,0.05,0.0,ambient-scan,neutral,small work motion,0.61,routine local activity,True,True,True
2726,152,roofward,Fay,0.98,0.05,0.0,tracks-avatar,attentive,turns shoulders,0.66,avatar nearby,True,True,True
2727,152,archive,Toma,0.98,0.057,0.0,ambient-scan,neutral,small work motion,0.61,routine local activity,True,True,True
2728,152,signal,Milo,0.98,0.05,0.0,ambient-scan,neutral,small work motion,0.61,routine local activity,True,True,True
2729,152,orchard,Mara,0.98,0.058,0.0,soft-eye-contact,open,small beckon,0.76,trusted familiar action,True,True,True
2730,152,repair_ring,Juno,0.98,0.062,0.0,soft-eye-contact,open,small beckon,0.76,trusted familiar action,True,True,True
2731,152,riverbend,Lio,0.98,0.05,0.0,ambient-scan,neutral,small work motion,0.61,routine local activity,True,True,True
2732,152,roofward,Fay,0.98,0.056,0.0,soft-eye-contact,open,small beckon,0.76,trusted familiar action,True,True,True
2733,152,archive,Toma,0.98,0.063,0.0,soft-eye-contact,open,small beckon,0.76,trusted familiar action,True,True,True
2734,152,signal,Milo,0.98,0.056,0.0,ambient-scan,neutral,small work motion,0.61,routine local activity,True,True,True
2735,152,orchard,Mara,0.98,0.05,0.0,ambient-scan,neutral,small work motion,0.61,routine local activity,True,True,True
2736,153,riverbend,Lio,0.98,0.056,0.0,soft-eye-contact,open,small beckon,0.76,trusted familiar action,True,True,True
2737,153,roofward,Fay,0.98,0.05,0.0,soft-eye-contact,open,small beckon,0.76,trusted familiar action,True,True,True
2738,153,archive,Toma,0.98,0.053,0.0,ambient-scan,neutral,small work motion,0.61,routine local activity,True,True,True
2739,153,signal,Milo,0.98,0.056,0.0,ambient-scan,neutral,small work motion,0.61,routine local activity,True,True,True
2740,153,orchard,Mara,0.98,0.05,0.0,tracks-avatar,attentive,turns shoulders,0.66,avatar nearby,True,True,True
2741,153,repair_ring,Juno,0.98,0.052,0.0,ambient-scan,neutral,small work motion,0.61,routine local activity,True,True,True
2742,153,riverbend,Lio,0.98,0.05,0.0,ambient-scan,neutral,small work motion,0.61,routine local activity,True,True,True
2743,153,roofward,Fay,0.98,0.05,0.0,tracks-avatar,attentive,turns shoulders,0.66,avatar nearby,True,True,True
2744,153,archive,Toma,0.98,0.053,0.0,ambient-scan,neutral,small work motion,0.61,routine local activity,True,True,True
2745,153,signal,Milo,0.98,0.055,0.0,ambient-scan,neutral,small work motion,0.61,routine local activity,True,True,True
2746,153,orchard,Mara,0.98,0.056,0.0,soft-eye-contact,open,small beckon,0.76,trusted familiar action,True,True,True
2747,153,repair_ring,Juno,0.98,0.058,0.0,soft-eye-contact,open,small beckon,0.76,trusted familiar action,True,True,True
2748,153,riverbend,Lio,0.98,0.056,0.0,ambient-scan,neutral,small work motion,0.61,routine local activity,True,True,True
2749,153,roofward,Fay,0.98,0.056,0.0,soft-eye-contact,open,small beckon,0.76,trusted familiar action,True,True,True
2750,153,archive,Toma,0.98,0.059,0.0,soft-eye-contact,open,small beckon,0.76,trusted familiar action,True,True,True
2751,153,signal,Milo,0.98,0.051,0.0,ambient-scan,neutral,small work motion,0.61,routine local activity,True,True,True
2752,153,orchard,Mara,0.98,0.05,0.0,ambient-scan,neutral,small work motion,0.61,routine local activity,True,True,True
2753,153,repair_ring,Juno,0.98,0.05,0.0,tracks-avatar,attentive,turns shoulders,0.66,avatar nearby,True,True,True
2754,154,roofward,Fay,0.98,0.05,0.0,soft-eye-contact,open,small beckon,0.76,trusted familiar action,True,True,True
2755,154,archive,Toma,0.98,0.05,0.0,ambient-scan,neutral,small work motion,0.61,routine local activity,True,True,True
2756,154,signal,Milo,0.98,0.05,0.0,ambient-scan,neutral,small work motion,0.61,routine local activity,True,True,True
2757,154,orchard,Mara,0.98,0.05,0.0,tracks-avatar,attentive,turns shoulders,0.66,avatar nearby,True,True,True
2758,154,repair_ring,Juno,0.98,0.056,0.0,ambient-scan,neutral,small work motion,0.61,routine local activity,True,True,True
2759,154,riverbend,Lio,0.98,0.052,0.0,ambient-scan,neutral,small work motion,0.61,routine local activity,True,True,True
2760,154,roofward,Fay,0.98,0.056,0.0,tracks-avatar,attentive,turns shoulders,0.66,avatar nearby,True,True,True
2761,154,archive,Toma,0.98,0.05,0.0,ambient-scan,neutral,small work motion,0.61,routine local activity,True,True,True
2762,154,signal,Milo,0.98,0.05,0.0,ambient-scan,neutral,small work motion,0.61,routine local activity,True,True,True
2763,154,orchard,Mara,0.98,0.056,0.0,soft-eye-contact,open,small beckon,0.76,trusted familiar action,True,True,True
2764,154,repair_ring,Juno,0.98,0.062,0.0,soft-eye-contact,open,small beckon,0.76,trusted familiar action,True,True,True
2765,154,riverbend,Lio,0.98,0.052,0.0,ambient-scan,neutral,small work motion,0.61,routine local activity,True,True,True
2766,154,roofward,Fay,0.98,0.062,0.0,soft-eye-contact,open,small beckon,0.76,trusted familiar action,True,True,True
2767,154,archive,Toma,0.98,0.056,0.0,soft-eye-contact,open,small beckon,0.76,trusted familiar action,True,True,True
2768,154,signal,Milo,0.98,0.056,0.0,ambient-scan,neutral,small work motion,0.61,routine local activity,True,True,True
2769,154,orchard,Mara,0.98,0.05,0.0,ambient-scan,neutral,small work motion,0.61,routine local activity,True,True,True
2770,154,repair_ring,Juno,0.98,0.052,0.0,tracks-avatar,attentive,turns shoulders,0.66,avatar nearby,True,True,True
2771,154,riverbend,Lio,0.98,0.05,0.0,ambient-scan,neutral,small work motion,0.61,routine local activity,True,True,True
2772,155,archive,Toma,0.98,0.05,0.0,ambient-scan,neutral,small work motion,0.61,routine local activity,True,True,True
2773,155,signal,Milo,0.98,0.056,0.0,ambient-scan,neutral,small work motion,0.61,routine local activity,True,True,True
2774,155,orchard,Mara,0.98,0.056,0.0,tracks-avatar,attentive,turns shoulders,0.66,avatar nearby,True,True,True
2775,155,repair_ring,Juno,0.98,0.058,0.0,ambient-scan,neutral,small work motion,0.61,routine local activity,True,True,True
2776,155,riverbend,Lio,0.98,0.05,0.0,ambient-scan,neutral,small work motion,0.61,routine local activity,True,True,True
2777,155,roofward,Fay,0.98,0.052,0.0,tracks-avatar,attentive,turns shoulders,0.66,avatar nearby,True,True,True
2778,155,archive,Toma,0.98,0.056,0.0,ambient-scan,neutral,small work motion,0.61,routine local activity,True,True,True
2779,155,signal,Milo,0.98,0.056,0.0,ambient-scan,neutral,small work motion,0.61,routine local activity,True,True,True
2780,155,orchard,Mara,0.98,0.062,0.0,soft-eye-contact,open,small beckon,0.76,trusted familiar action,True,True,True
2781,155,repair_ring,Juno,0.98,0.064,0.0,soft-eye-contact,open,small beckon,0.76,trusted familiar action,True,True,True
2782,155,riverbend,Lio,0.98,0.05,0.0,ambient-scan,neutral,small work motion,0.61,routine local activity,True,True,True
2783,155,roofward,Fay,0.98,0.058,0.0,soft-eye-contact,open,small beckon,0.76,trusted familiar action,True,True,True
2784,155,archive,Toma,0.98,0.062,0.0,soft-eye-contact,open,small beckon,0.76,trusted familiar action,True,True,True
2785,155,signal,Milo,0.98,0.052,0.0,ambient-scan,neutral,small work motion,0.61,routine local activity,True,True,True
2786,155,orchard,Mara,0.98,0.052,0.0,ambient-scan,neutral,small work motion,0.61,routine local activity,True,True,True
2787,155,repair_ring,Juno,0.98,0.054,0.0,tracks-avatar,attentive,turns shoulders,0.66,avatar nearby,True,True,True
2788,155,riverbend,Lio,0.98,0.056,0.0,ambient-scan,neutral,small work motion,0.61,routine local activity,True,True,True
2789,155,roofward,Fay,0.98,0.05,0.0,ambient-scan,neutral,small work motion,0.61,routine local activity,True,True,True
2790,156,signal,Milo,0.98,0.052,0.0,ambient-scan,neutral,small work motion,0.61,routine local activity,True,True,True
2791,156,orchard,Mara,0.98,0.052,0.0,tracks-avatar,attentive,turns shoulders,0.66,avatar nearby,True,True,True
2792,156,repair_ring,Juno,0.98,0.06,0.0,ambient-scan,neutral,small work motion,0.61,routine local activity,True,True,True
2793,156,riverbend,Lio,0.98,0.056,0.0,ambient-scan,neutral,small work motion,0.61,routine local activity,True,True,True
2794,156,roofward,Fay,0.98,0.05,0.0,tracks-avatar,attentive,turns shoulders,0.66,avatar nearby,True,True,True
2795,156,archive,Toma,0.98,0.052,0.0,ambient-scan,neutral,small work motion,0.61,routine local activity,True,True,True
2796,156,signal,Milo,0.98,0.051,0.0,ambient-scan,neutral,small work motion,0.61,routine local activity,True,True,True
2797,156,orchard,Mara,0.98,0.058,0.0,soft-eye-contact,open,small beckon,0.76,trusted familiar action,True,True,True
2798,156,repair_ring,Juno,0.98,0.066,0.0,soft-eye-contact,open,small beckon,0.76,trusted familiar action,True,True,True
2799,156,riverbend,Lio,0.98,0.055,0.0,ambient-scan,neutral,small work motion,0.61,routine local activity,True,True,True
2800,156,roofward,Fay,0.98,0.056,0.0,soft-eye-contact,open,small beckon,0.76,trusted familiar action,True,True,True
2801,156,archive,Toma,0.98,0.058,0.0,soft-eye-contact,open,small beckon,0.76,trusted familiar action,True,True,True
2802,156,signal,Milo,0.98,0.05,0.0,ambient-scan,neutral,small work motion,0.61,routine local activity,True,True,True
2803,156,orchard,Mara,0.98,0.05,0.0,ambient-scan,neutral,small work motion,0.61,routine local activity,True,True,True
2804,156,repair_ring,Juno,0.98,0.056,0.0,tracks-avatar,attentive,turns shoulders,0.66,avatar nearby,True,True,True
2805,156,riverbend,Lio,0.98,0.051,0.0,ambient-scan,neutral,small work motion,0.61,routine local activity,True,True,True
2806,156,roofward,Fay,0.98,0.05,0.0,ambient-scan,neutral,small work motion,0.61,routine local activity,True,True,True
2807,156,archive,Toma,0.98,0.05,0.0,tracks-avatar,attentive,turns shoulders,0.66,avatar nearby,True,True,True
