source_policy,sequences,examples,mean_return,min_return,max_return,positive_return_rate,env_action_fraction,social_action_fraction,none_fraction,mean_sequence_length
consequence_policy,2,2651,1.1183935661476463,0.43678713229529237,1.8,1.0,0.6706903055450774,0.2957374575631837,0.033572236891738966,1325.5
counterfactual_teacher,2,2262,1.1551099766584325,-0.18978004668313503,2.5,0.5,0.5901856763925729,0.39301503094606544,0.016799292661361626,1131.0
