value_bias,tune_total_score,tune_maturation_score,tune_crisis_score,tune_resolved_rate,tune_coupled_response,tune_damage,selection_objective,selected
0.0,0.51872704,0.9975519999999999,0.0,0.08333333333333333,0.012820512820512822,1.113330481896835,0.3257634506944672,False
1.0,0.5136777228123837,0.9878417746391993,0.0,0.0,0.011752136752136752,1.1418997110568265,0.3088409030272832,False
1.75,0.5135970746307924,0.9876866819822929,0.0,0.08333333333333333,0.04807692307692307,0.9587557071409702,0.35057232939669986,True
2.75,0.5123398826505277,0.9852690050971686,0.0,0.0,0.007478632478632479,1.1233965757278292,0.3105772169682363,False
4.0,0.5133794088784827,0.987268093997082,0.0,0.08333333333333333,0.005341880341880341,1.0587121467219394,0.3297984019557131,False
5.5,0.5130918458324301,0.9867150881392885,0.0,0.08333333333333333,0.007478632478632479,1.0303174984810772,0.3347500807212208,False
7.0,0.5134158483237425,0.9873381698533511,0.0,0.08333333333333333,0.05448717948717949,1.05228055793528,0.33394124533128966,False
