repair_bias,mean_score,mean_credit_response_score,mean_targeted_repair_rate,mean_wrong_repair_rate,mean_opportunity_score,selection_objective,selected
0.0,0.7133838803016684,0.8448600832215154,0.41240522267223606,0.5875947773277639,0.4375039999999982,0.9216173032887984,False
0.75,0.7162153224190531,0.8488822055303391,0.41248022518909905,0.5875197748109009,0.4418239999999981,0.9254813437878499,False
1.25,0.7178178096669114,0.8514548868898025,0.41438498709386096,0.585615012906139,0.44527999999999823,0.9287419873784142,False
1.75,0.7270159258343132,0.8683625087488602,0.42393044163931554,0.5760695583606845,0.4634239999999985,0.9468942978788112,False
2.5,0.7309991863115041,0.8697345264098855,0.4349044676133415,0.5650955323866584,0.4841599999999987,0.9586302538155584,False
3.5,0.7369922357838441,0.8734137859513847,0.4425451602540342,0.5574548397459659,0.49884799999999896,0.9704275459440548,True
