ablation,mean_total_score,total_loss,crisis_score_loss,resolved_rate_loss,env_response_loss,social_response_loss,coupled_response_loss,damage_increase
body,0.6460115204286825,0.15067021736354314,0.31871636277322085,0.1777777777777777,0.1971697813154264,0.0,0.1971697813154264,0.3648200790601809
infrastructure,0.5958147982021683,0.2008669395900573,0.2584124894991024,0.1777777777777777,0.1252810343995755,0.0,0.1252810343995755,0.3799560688428215
tools,0.6955553619502819,0.10112637584194373,0.20734289747825502,0.1777777777777777,0.19300029132129892,0.0,0.19300029132129892,0.05256659249474638
social_culture,0.46699046548509826,0.32969127230712736,0.5901627315115812,0.8777777777777778,0.39890481015101087,1.0,0.827731490572468,1.269193625540178
environment,0.519368414117647,0.2773133236745786,0.5901627315115812,0.8777777777777778,0.827731490572468,0.0,0.827731490572468,0.9094941918048546
previous_action,0.5642498750914254,0.23243186270080018,0.4842330472933338,0.28888888888888886,0.31507387207491766,0.0,0.31507387207491766,0.5042111115247224
