ablation,mean_total_score,total_loss,crisis_score_loss,resolved_rate_loss,env_response_loss,social_response_loss,coupled_response_loss,damage_increase
body,0.498069492457415,0.012505682772464277,0.0,0.0,0.00011745042236976921,0.0,0.0,-0.023234805229785493
infrastructure,0.40092194489768423,0.10965323033219504,0.0,0.0,-0.1215282291260453,0.0,0.0,-0.0844035851306062
tools,0.453494988728973,0.057080186500906294,0.0,0.0,-0.2328757468565418,0.0,0.0,-0.2090856152611944
social_culture,0.25630233941847685,0.2542728358114024,0.0,0.0,-0.010298161817918677,0.0,0.0,-0.3970700117448578
environment,0.4841661155311056,0.026409059698773663,0.0,0.0,0.17767404834274134,-1.0,0.0,-1.0696996849727578
previous_action,0.4891830103706633,0.021392164859215967,0.0,0.0,0.00011745042236976921,0.0,0.0,-0.02306654156169463
