policy_bias,tune_total_score,tune_maturation_score,tune_crisis_score,tune_resolved_rate,tune_env_response,tune_social_response,tune_coupled_response,tune_damage,selection_objective,selected
0.0,0.459394398327611,0.8834507660146365,0.0,0.0,0.14786148501953972,0.0,0.0,2.6777144274445845,-0.6617065620769523,False
0.4,0.47269404340755605,0.9090270065529924,0.0,0.0,0.12446808510638298,0.0,0.0,2.7177009889214165,-0.6679049032788202,False
0.8,0.4592305811219255,0.8831357329267798,0.0,0.0,0.16702127659574467,0.0,0.0,2.6236900074836806,-0.6455360837612377,True
1.2,0.44389144874121583,0.8536374014254151,0.0,0.0,0.10275184541901868,0.0,0.0,2.8454583019134576,-0.7193725714563594,False
