tick,day,lineage,agent,public_state,avatar_state,sleep_panel,rehearsal_panel,reentry_panel,welfare_panel,sensory_marker,private_trace_visible,local_storage_key,trace_integrity_token
1,1,Hearthline,Sova,day 1: Sova recovered; avatar=present_passive; weather=clear cold,avatar present/passive; sleep routines remain agent-led,Sova wakes recovered; interruptions=0; avatar=present_passive.,"Sova rehearsed a public plan, not private workspace content.",no avatar re-entry today,Sova sleep/wake welfare score 0.83; avatar mode=present_passive.,sound=sleep bell 2.31Hz; smell=Hearth Archive night air; temp=0.61; wet=0.16; flower=209.1,False,ssrm251_browser_world_v11_sleep_reentry,077b8e39c16eb95aed
2,1,Routeline,Keth,day 1: Keth recovered; avatar=present_passive; weather=clear cold,avatar present/passive; sleep routines remain agent-led,Keth wakes recovered; interruptions=0; avatar=present_passive.,"Keth rehearsed a public plan, not private workspace content.",no avatar re-entry today,Keth sleep/wake welfare score 0.83; avatar mode=present_passive.,sound=sleep bell 2.17Hz; smell=Gate Ring night air; temp=0.60; wet=0.16; flower=204.8,False,ssrm251_browser_world_v11_sleep_reentry,1a95ab1a0af958754b
3,1,Marketline,Melo,day 1: Melo recovered; avatar=present_passive; weather=clear cold,avatar present/passive; sleep routines remain agent-led,Melo wakes recovered; interruptions=0; avatar=present_passive.,"Melo rehearsed a public plan, not private workspace content.",no avatar re-entry today,Melo sleep/wake welfare score 0.83; avatar mode=present_passive.,sound=sleep bell 2.47Hz; smell=Market Measure night air; temp=0.59; wet=0.16; flower=214.1,False,ssrm251_browser_world_v11_sleep_reentry,450116524cce0ae7c0
4,1,Ledgerline,Nari,day 1: Nari recovered; avatar=present_passive; weather=clear cold,avatar present/passive; sleep routines remain agent-led,Nari wakes recovered; interruptions=0; avatar=present_passive.,"Nari rehearsed a public plan, not private workspace content.",no avatar re-entry today,Nari sleep/wake welfare score 0.83; avatar mode=present_passive.,sound=sleep bell 2.06Hz; smell=Hearth Archive night air; temp=0.60; wet=0.16; flower=201.4,False,ssrm251_browser_world_v11_sleep_reentry,ff3b6e23a0ff898c55
5,1,Orchardline,Ori,day 1: Ori recovered; avatar=present_passive; weather=clear cold,avatar present/passive; sleep routines remain agent-led,Ori wakes recovered; interruptions=0; avatar=present_passive.,"Ori rehearsed a public plan, not private workspace content.",no avatar re-entry today,Ori sleep/wake welfare score 0.83; avatar mode=present_passive.,sound=sleep bell 2.40Hz; smell=Ceremony Center night air; temp=0.60; wet=0.16; flower=211.9,False,ssrm251_browser_world_v11_sleep_reentry,6e124f85583468c0ab
6,1,Rainline,Vonn,day 1: Vonn recovered; avatar=present_passive; weather=clear cold,avatar present/passive; sleep routines remain agent-led,Vonn wakes recovered; interruptions=0; avatar=present_passive.,"Vonn rehearsed a public plan, not private workspace content.",no avatar re-entry today,Vonn sleep/wake welfare score 0.83; avatar mode=present_passive.,sound=sleep bell 2.12Hz; smell=Rainwalk Threshold night air; temp=0.60; wet=0.16; flower=203.2,False,ssrm251_browser_world_v11_sleep_reentry,9a62e3cbe4171072d3
7,2,Hearthline,Sova,day 2: Sova recovered; avatar=present_passive; weather=wet wind,avatar present/passive; sleep routines remain agent-led,Sova wakes recovered; interruptions=1; avatar=present_passive.,"Sova rehearsed a public plan, not private workspace content.",no avatar re-entry today,Sova sleep/wake welfare score 0.83; avatar mode=present_passive.,sound=sleep bell 2.31Hz; smell=Hearth Archive night air; temp=0.61; wet=0.16; flower=346.6,False,ssrm251_browser_world_v11_sleep_reentry,4c5e9ee73e11e3b434
8,2,Routeline,Keth,day 2: Keth recovered; avatar=present_passive; weather=wet wind,avatar present/passive; sleep routines remain agent-led,Keth wakes recovered; interruptions=1; avatar=present_passive.,"Keth rehearsed a public plan, not private workspace content.",no avatar re-entry today,Keth sleep/wake welfare score 0.83; avatar mode=present_passive.,sound=sleep bell 2.17Hz; smell=Gate Ring night air; temp=0.60; wet=0.16; flower=342.3,False,ssrm251_browser_world_v11_sleep_reentry,ddc4fc510765fe9fbc
9,2,Marketline,Melo,day 2: Melo recovered; avatar=present_passive; weather=wet wind,avatar present/passive; sleep routines remain agent-led,Melo wakes recovered; interruptions=1; avatar=present_passive.,"Melo rehearsed a public plan, not private workspace content.",no avatar re-entry today,Melo sleep/wake welfare score 0.83; avatar mode=present_passive.,sound=sleep bell 2.47Hz; smell=Market Measure night air; temp=0.59; wet=0.16; flower=351.6,False,ssrm251_browser_world_v11_sleep_reentry,9329ae3bcc13238e76
10,2,Ledgerline,Nari,day 2: Nari recovered; avatar=present_passive; weather=wet wind,avatar present/passive; sleep routines remain agent-led,Nari wakes recovered; interruptions=1; avatar=present_passive.,"Nari rehearsed a public plan, not private workspace content.",no avatar re-entry today,Nari sleep/wake welfare score 0.83; avatar mode=present_passive.,sound=sleep bell 2.06Hz; smell=Hearth Archive night air; temp=0.60; wet=0.16; flower=338.9,False,ssrm251_browser_world_v11_sleep_reentry,3aa1e5a1d9d876c883
11,2,Orchardline,Ori,day 2: Ori recovered; avatar=present_passive; weather=wet wind,avatar present/passive; sleep routines remain agent-led,Ori wakes recovered; interruptions=1; avatar=present_passive.,"Ori rehearsed a public plan, not private workspace content.",no avatar re-entry today,Ori sleep/wake welfare score 0.83; avatar mode=present_passive.,sound=sleep bell 2.40Hz; smell=Ceremony Center night air; temp=0.60; wet=0.16; flower=349.4,False,ssrm251_browser_world_v11_sleep_reentry,8ab33daff1c22bef0c
12,2,Rainline,Vonn,day 2: Vonn recovered; avatar=present_passive; weather=wet wind,avatar present/passive; sleep routines remain agent-led,Vonn wakes recovered; interruptions=1; avatar=present_passive.,"Vonn rehearsed a public plan, not private workspace content.",no avatar re-entry today,Vonn sleep/wake welfare score 0.83; avatar mode=present_passive.,sound=sleep bell 2.12Hz; smell=Rainwalk Threshold night air; temp=0.60; wet=0.16; flower=340.7,False,ssrm251_browser_world_v11_sleep_reentry,5609fd0eb2e3339feb
13,3,Hearthline,Sova,day 3: Sova recovered; avatar=idle_nearby; weather=hearth fog,avatar present/passive; sleep routines remain agent-led,Sova wakes recovered; interruptions=0; avatar=idle_nearby.,"Sova rehearsed a public plan, not private workspace content.",no avatar re-entry today,Sova sleep/wake welfare score 0.83; avatar mode=idle_nearby.,sound=sleep bell 2.31Hz; smell=Hearth Archive night air; temp=0.61; wet=0.16; flower=124.1,False,ssrm251_browser_world_v11_sleep_reentry,da1d34e29ecc652e8c
14,3,Routeline,Keth,day 3: Keth recovered; avatar=idle_nearby; weather=hearth fog,avatar present/passive; sleep routines remain agent-led,Keth wakes recovered; interruptions=0; avatar=idle_nearby.,"Keth rehearsed a public plan, not private workspace content.",no avatar re-entry today,Keth sleep/wake welfare score 0.83; avatar mode=idle_nearby.,sound=sleep bell 2.17Hz; smell=Gate Ring night air; temp=0.60; wet=0.16; flower=119.8,False,ssrm251_browser_world_v11_sleep_reentry,6c6b647489ef4f12a9
15,3,Marketline,Melo,day 3: Melo recovered; avatar=idle_nearby; weather=hearth fog,avatar present/passive; sleep routines remain agent-led,Melo wakes recovered; interruptions=0; avatar=idle_nearby.,"Melo rehearsed a public plan, not private workspace content.",no avatar re-entry today,Melo sleep/wake welfare score 0.83; avatar mode=idle_nearby.,sound=sleep bell 2.47Hz; smell=Market Measure night air; temp=0.59; wet=0.16; flower=129.1,False,ssrm251_browser_world_v11_sleep_reentry,aea8bae7dcf632a5a6
16,3,Ledgerline,Nari,day 3: Nari recovered; avatar=idle_nearby; weather=hearth fog,avatar present/passive; sleep routines remain agent-led,Nari wakes recovered; interruptions=0; avatar=idle_nearby.,"Nari rehearsed a public plan, not private workspace content.",no avatar re-entry today,Nari sleep/wake welfare score 0.83; avatar mode=idle_nearby.,sound=sleep bell 2.06Hz; smell=Hearth Archive night air; temp=0.60; wet=0.16; flower=116.4,False,ssrm251_browser_world_v11_sleep_reentry,f7ac452c6a2b999fa5
17,3,Orchardline,Ori,day 3: Ori recovered; avatar=idle_nearby; weather=hearth fog,avatar present/passive; sleep routines remain agent-led,Ori wakes recovered; interruptions=0; avatar=idle_nearby.,"Ori rehearsed a public plan, not private workspace content.",no avatar re-entry today,Ori sleep/wake welfare score 0.83; avatar mode=idle_nearby.,sound=sleep bell 2.40Hz; smell=Ceremony Center night air; temp=0.60; wet=0.16; flower=126.9,False,ssrm251_browser_world_v11_sleep_reentry,fadc65195b6deca5f2
18,3,Rainline,Vonn,day 3: Vonn recovered; avatar=idle_nearby; weather=hearth fog,avatar present/passive; sleep routines remain agent-led,Vonn wakes recovered; interruptions=0; avatar=idle_nearby.,"Vonn rehearsed a public plan, not private workspace content.",no avatar re-entry today,Vonn sleep/wake welfare score 0.83; avatar mode=idle_nearby.,sound=sleep bell 2.12Hz; smell=Rainwalk Threshold night air; temp=0.60; wet=0.16; flower=118.2,False,ssrm251_browser_world_v11_sleep_reentry,fd5875299638b49aa7
19,4,Hearthline,Sova,day 4: Sova recovered; avatar=absent_saved; weather=market dry,avatar absent; society sleep/wake continues,Sova wakes recovered; interruptions=0; avatar=absent_saved.,"Sova rehearsed a public plan, not private workspace content.",no avatar re-entry today,Sova sleep/wake welfare score 0.83; avatar mode=absent_saved.,sound=sleep bell 2.31Hz; smell=Hearth Archive night air; temp=0.61; wet=0.19; flower=261.6,False,ssrm251_browser_world_v11_sleep_reentry,e99b555c8d931ebe7d
20,4,Routeline,Keth,day 4: Keth recovered; avatar=absent_saved; weather=market dry,avatar absent; society sleep/wake continues,Keth wakes recovered; interruptions=0; avatar=absent_saved.,"Keth rehearsed a public plan, not private workspace content.",no avatar re-entry today,Keth sleep/wake welfare score 0.83; avatar mode=absent_saved.,sound=sleep bell 2.17Hz; smell=Gate Ring night air; temp=0.60; wet=0.19; flower=257.3,False,ssrm251_browser_world_v11_sleep_reentry,f64ed0c6d356642c20
21,4,Marketline,Melo,day 4: Melo recovered; avatar=absent_saved; weather=market dry,avatar absent; society sleep/wake continues,Melo wakes recovered; interruptions=0; avatar=absent_saved.,"Melo rehearsed a public plan, not private workspace content.",no avatar re-entry today,Melo sleep/wake welfare score 0.83; avatar mode=absent_saved.,sound=sleep bell 2.47Hz; smell=Market Measure night air; temp=0.59; wet=0.19; flower=266.6,False,ssrm251_browser_world_v11_sleep_reentry,49d6dcf0f9d2e95c13
22,4,Ledgerline,Nari,day 4: Nari recovered; avatar=absent_saved; weather=market dry,avatar absent; society sleep/wake continues,Nari wakes recovered; interruptions=0; avatar=absent_saved.,"Nari rehearsed a public plan, not private workspace content.",no avatar re-entry today,Nari sleep/wake welfare score 0.83; avatar mode=absent_saved.,sound=sleep bell 2.06Hz; smell=Hearth Archive night air; temp=0.60; wet=0.19; flower=253.9,False,ssrm251_browser_world_v11_sleep_reentry,49f95d4d7fc09f0c02
23,4,Orchardline,Ori,day 4: Ori recovered; avatar=absent_saved; weather=market dry,avatar absent; society sleep/wake continues,Ori wakes recovered; interruptions=0; avatar=absent_saved.,"Ori rehearsed a public plan, not private workspace content.",no avatar re-entry today,Ori sleep/wake welfare score 0.83; avatar mode=absent_saved.,sound=sleep bell 2.40Hz; smell=Ceremony Center night air; temp=0.60; wet=0.19; flower=264.4,False,ssrm251_browser_world_v11_sleep_reentry,b9c1a4265283f13a0c
24,4,Rainline,Vonn,day 4: Vonn recovered; avatar=absent_saved; weather=market dry,avatar absent; society sleep/wake continues,Vonn wakes recovered; interruptions=0; avatar=absent_saved.,"Vonn rehearsed a public plan, not private workspace content.",no avatar re-entry today,Vonn sleep/wake welfare score 0.83; avatar mode=absent_saved.,sound=sleep bell 2.12Hz; smell=Rainwalk Threshold night air; temp=0.60; wet=0.19; flower=255.8,False,ssrm251_browser_world_v11_sleep_reentry,cf3a2d6ceac1052562
25,5,Hearthline,Sova,day 5: Sova recovered; avatar=reentry; weather=rain pulse,avatar re-enters through public summary,Sova wakes recovered; interruptions=1; avatar=reentry.,"Sova rehearsed a public plan, not private workspace content.",accepts public summary and reopens routine,Sova sleep/wake welfare score 0.83; avatar mode=reentry.,sound=sleep bell 2.31Hz; smell=Hearth Archive night air; temp=0.61; wet=0.16; flower=39.1,False,ssrm251_browser_world_v11_sleep_reentry,f403f9c21bd765318a
26,5,Routeline,Keth,day 5: Keth recovered; avatar=reentry; weather=rain pulse,avatar re-enters through public summary,Keth wakes recovered; interruptions=0; avatar=reentry.,"Keth rehearsed a public plan, not private workspace content.",accepts public summary and reopens routine,Keth sleep/wake welfare score 0.83; avatar mode=reentry.,sound=sleep bell 2.17Hz; smell=Gate Ring night air; temp=0.60; wet=0.16; flower=34.8,False,ssrm251_browser_world_v11_sleep_reentry,8207a2120cd315f477
27,5,Marketline,Melo,day 5: Melo recovered; avatar=reentry; weather=rain pulse,avatar re-enters through public summary,Melo wakes recovered; interruptions=0; avatar=reentry.,"Melo rehearsed a public plan, not private workspace content.",accepts public summary and reopens routine,Melo sleep/wake welfare score 0.83; avatar mode=reentry.,sound=sleep bell 2.47Hz; smell=Market Measure night air; temp=0.59; wet=0.16; flower=44.1,False,ssrm251_browser_world_v11_sleep_reentry,039dc150a6166fdb08
28,5,Ledgerline,Nari,day 5: Nari recovered; avatar=reentry; weather=rain pulse,avatar re-enters through public summary,Nari wakes recovered; interruptions=1; avatar=reentry.,"Nari rehearsed a public plan, not private workspace content.",accepts public summary and reopens routine,Nari sleep/wake welfare score 0.83; avatar mode=reentry.,sound=sleep bell 2.06Hz; smell=Hearth Archive night air; temp=0.60; wet=0.16; flower=31.4,False,ssrm251_browser_world_v11_sleep_reentry,a92e2dadca0d17b8b8
29,5,Orchardline,Ori,day 5: Ori recovered; avatar=reentry; weather=rain pulse,avatar re-enters through public summary,Ori wakes recovered; interruptions=0; avatar=reentry.,"Ori rehearsed a public plan, not private workspace content.",accepts public summary and reopens routine,Ori sleep/wake welfare score 0.83; avatar mode=reentry.,sound=sleep bell 2.40Hz; smell=Ceremony Center night air; temp=0.60; wet=0.16; flower=41.9,False,ssrm251_browser_world_v11_sleep_reentry,4e0cb9353087e21f02
30,5,Rainline,Vonn,day 5: Vonn recovered; avatar=reentry; weather=rain pulse,avatar re-enters through public summary,Vonn wakes recovered; interruptions=0; avatar=reentry.,"Vonn rehearsed a public plan, not private workspace content.",accepts public summary and reopens routine,Vonn sleep/wake welfare score 0.83; avatar mode=reentry.,sound=sleep bell 2.12Hz; smell=Rainwalk Threshold night air; temp=0.60; wet=0.16; flower=33.3,False,ssrm251_browser_world_v11_sleep_reentry,9fe722fc4d5c9e164f
31,6,Hearthline,Sova,day 6: Sova recovered; avatar=idle_nearby; weather=orchard mild,avatar present/passive; sleep routines remain agent-led,Sova wakes recovered; interruptions=0; avatar=idle_nearby.,"Sova rehearsed a public plan, not private workspace content.",no avatar re-entry today,Sova sleep/wake welfare score 0.83; avatar mode=idle_nearby.,sound=sleep bell 2.31Hz; smell=Hearth Archive night air; temp=0.61; wet=0.16; flower=176.7,False,ssrm251_browser_world_v11_sleep_reentry,57de85637647ff14a3
32,6,Routeline,Keth,day 6: Keth recovered; avatar=idle_nearby; weather=orchard mild,avatar present/passive; sleep routines remain agent-led,Keth wakes recovered; interruptions=0; avatar=idle_nearby.,"Keth rehearsed a public plan, not private workspace content.",no avatar re-entry today,Keth sleep/wake welfare score 0.83; avatar mode=idle_nearby.,sound=sleep bell 2.17Hz; smell=Gate Ring night air; temp=0.60; wet=0.16; flower=172.3,False,ssrm251_browser_world_v11_sleep_reentry,d488a3005b57acf233
33,6,Marketline,Melo,day 6: Melo recovered; avatar=idle_nearby; weather=orchard mild,avatar present/passive; sleep routines remain agent-led,Melo wakes recovered; interruptions=0; avatar=idle_nearby.,"Melo rehearsed a public plan, not private workspace content.",no avatar re-entry today,Melo sleep/wake welfare score 0.83; avatar mode=idle_nearby.,sound=sleep bell 2.47Hz; smell=Market Measure night air; temp=0.59; wet=0.16; flower=181.6,False,ssrm251_browser_world_v11_sleep_reentry,244eafff9128c7c241
34,6,Ledgerline,Nari,day 6: Nari recovered; avatar=idle_nearby; weather=orchard mild,avatar present/passive; sleep routines remain agent-led,Nari wakes recovered; interruptions=0; avatar=idle_nearby.,"Nari rehearsed a public plan, not private workspace content.",no avatar re-entry today,Nari sleep/wake welfare score 0.83; avatar mode=idle_nearby.,sound=sleep bell 2.06Hz; smell=Hearth Archive night air; temp=0.60; wet=0.16; flower=168.9,False,ssrm251_browser_world_v11_sleep_reentry,5d3836efca7ad9648c
35,6,Orchardline,Ori,day 6: Ori recovered; avatar=idle_nearby; weather=orchard mild,avatar present/passive; sleep routines remain agent-led,Ori wakes recovered; interruptions=0; avatar=idle_nearby.,"Ori rehearsed a public plan, not private workspace content.",no avatar re-entry today,Ori sleep/wake welfare score 0.83; avatar mode=idle_nearby.,sound=sleep bell 2.40Hz; smell=Ceremony Center night air; temp=0.60; wet=0.16; flower=179.4,False,ssrm251_browser_world_v11_sleep_reentry,4cdc9a3bea01dc11bd
36,6,Rainline,Vonn,day 6: Vonn recovered; avatar=idle_nearby; weather=orchard mild,avatar present/passive; sleep routines remain agent-led,Vonn wakes recovered; interruptions=0; avatar=idle_nearby.,"Vonn rehearsed a public plan, not private workspace content.",no avatar re-entry today,Vonn sleep/wake welfare score 0.83; avatar mode=idle_nearby.,sound=sleep bell 2.12Hz; smell=Rainwalk Threshold night air; temp=0.60; wet=0.16; flower=170.8,False,ssrm251_browser_world_v11_sleep_reentry,1a9e1c1ab7cf02940b
37,7,Hearthline,Sova,day 7: Sova recovered; avatar=present_passive; weather=storm edge,avatar present/passive; sleep routines remain agent-led,Sova wakes recovered; interruptions=1; avatar=present_passive.,"Sova rehearsed a public plan, not private workspace content.",no avatar re-entry today,Sova sleep/wake welfare score 0.83; avatar mode=present_passive.,sound=sleep bell 2.31Hz; smell=Hearth Archive night air; temp=0.61; wet=0.16; flower=314.2,False,ssrm251_browser_world_v11_sleep_reentry,17c318ec7445da3cf8
38,7,Routeline,Keth,day 7: Keth recovered; avatar=present_passive; weather=storm edge,avatar present/passive; sleep routines remain agent-led,Keth wakes recovered; interruptions=1; avatar=present_passive.,"Keth rehearsed a public plan, not private workspace content.",no avatar re-entry today,Keth sleep/wake welfare score 0.83; avatar mode=present_passive.,sound=sleep bell 2.17Hz; smell=Gate Ring night air; temp=0.60; wet=0.16; flower=309.8,False,ssrm251_browser_world_v11_sleep_reentry,368f96dd54bf698deb
39,7,Marketline,Melo,day 7: Melo recovered; avatar=present_passive; weather=storm edge,avatar present/passive; sleep routines remain agent-led,Melo wakes recovered; interruptions=1; avatar=present_passive.,"Melo rehearsed a public plan, not private workspace content.",no avatar re-entry today,Melo sleep/wake welfare score 0.83; avatar mode=present_passive.,sound=sleep bell 2.47Hz; smell=Market Measure night air; temp=0.59; wet=0.16; flower=319.1,False,ssrm251_browser_world_v11_sleep_reentry,2f073b2be61a7aa70f
40,7,Ledgerline,Nari,day 7: Nari recovered; avatar=present_passive; weather=storm edge,avatar present/passive; sleep routines remain agent-led,Nari wakes recovered; interruptions=1; avatar=present_passive.,"Nari rehearsed a public plan, not private workspace content.",no avatar re-entry today,Nari sleep/wake welfare score 0.83; avatar mode=present_passive.,sound=sleep bell 2.06Hz; smell=Hearth Archive night air; temp=0.60; wet=0.16; flower=306.4,False,ssrm251_browser_world_v11_sleep_reentry,073cacc46223b571cb
41,7,Orchardline,Ori,day 7: Ori recovered; avatar=present_passive; weather=storm edge,avatar present/passive; sleep routines remain agent-led,Ori wakes recovered; interruptions=1; avatar=present_passive.,"Ori rehearsed a public plan, not private workspace content.",no avatar re-entry today,Ori sleep/wake welfare score 0.83; avatar mode=present_passive.,sound=sleep bell 2.40Hz; smell=Ceremony Center night air; temp=0.60; wet=0.16; flower=317.0,False,ssrm251_browser_world_v11_sleep_reentry,ab341c3bd6bf1ebdbf
42,7,Rainline,Vonn,day 7: Vonn recovered; avatar=present_passive; weather=storm edge,avatar present/passive; sleep routines remain agent-led,Vonn wakes recovered; interruptions=1; avatar=present_passive.,"Vonn rehearsed a public plan, not private workspace content.",no avatar re-entry today,Vonn sleep/wake welfare score 0.83; avatar mode=present_passive.,sound=sleep bell 2.12Hz; smell=Rainwalk Threshold night air; temp=0.60; wet=0.16; flower=308.3,False,ssrm251_browser_world_v11_sleep_reentry,847d651c343ae7dcbc
43,8,Hearthline,Sova,day 8: Sova recovered; avatar=present_passive; weather=clear cold,avatar present/passive; sleep routines remain agent-led,Sova wakes recovered; interruptions=0; avatar=present_passive.,"Sova rehearsed a public plan, not private workspace content.",no avatar re-entry today,Sova sleep/wake welfare score 0.83; avatar mode=present_passive.,sound=sleep bell 2.31Hz; smell=Hearth Archive night air; temp=0.61; wet=0.16; flower=91.7,False,ssrm251_browser_world_v11_sleep_reentry,fcb74a19c4a66d5433
44,8,Routeline,Keth,day 8: Keth recovered; avatar=present_passive; weather=clear cold,avatar present/passive; sleep routines remain agent-led,Keth wakes recovered; interruptions=0; avatar=present_passive.,"Keth rehearsed a public plan, not private workspace content.",no avatar re-entry today,Keth sleep/wake welfare score 0.83; avatar mode=present_passive.,sound=sleep bell 2.17Hz; smell=Gate Ring night air; temp=0.60; wet=0.16; flower=87.3,False,ssrm251_browser_world_v11_sleep_reentry,1c27459eef2adf1b62
45,8,Marketline,Melo,day 8: Melo recovered; avatar=present_passive; weather=clear cold,avatar present/passive; sleep routines remain agent-led,Melo wakes recovered; interruptions=0; avatar=present_passive.,"Melo rehearsed a public plan, not private workspace content.",no avatar re-entry today,Melo sleep/wake welfare score 0.83; avatar mode=present_passive.,sound=sleep bell 2.47Hz; smell=Market Measure night air; temp=0.59; wet=0.16; flower=96.6,False,ssrm251_browser_world_v11_sleep_reentry,cd7bae3814f6c7b377
46,8,Ledgerline,Nari,day 8: Nari recovered; avatar=present_passive; weather=clear cold,avatar present/passive; sleep routines remain agent-led,Nari wakes recovered; interruptions=0; avatar=present_passive.,"Nari rehearsed a public plan, not private workspace content.",no avatar re-entry today,Nari sleep/wake welfare score 0.83; avatar mode=present_passive.,sound=sleep bell 2.06Hz; smell=Hearth Archive night air; temp=0.60; wet=0.16; flower=83.9,False,ssrm251_browser_world_v11_sleep_reentry,cf97bb9ec6a7a4a249
47,8,Orchardline,Ori,day 8: Ori recovered; avatar=present_passive; weather=clear cold,avatar present/passive; sleep routines remain agent-led,Ori wakes recovered; interruptions=0; avatar=present_passive.,"Ori rehearsed a public plan, not private workspace content.",no avatar re-entry today,Ori sleep/wake welfare score 0.83; avatar mode=present_passive.,sound=sleep bell 2.40Hz; smell=Ceremony Center night air; temp=0.60; wet=0.16; flower=94.5,False,ssrm251_browser_world_v11_sleep_reentry,9e75bb1bc7ef3e7c7f
48,8,Rainline,Vonn,day 8: Vonn recovered; avatar=present_passive; weather=clear cold,avatar present/passive; sleep routines remain agent-led,Vonn wakes recovered; interruptions=0; avatar=present_passive.,"Vonn rehearsed a public plan, not private workspace content.",no avatar re-entry today,Vonn sleep/wake welfare score 0.83; avatar mode=present_passive.,sound=sleep bell 2.12Hz; smell=Rainwalk Threshold night air; temp=0.60; wet=0.16; flower=85.8,False,ssrm251_browser_world_v11_sleep_reentry,cd51be577dfc5a4a1d
49,9,Hearthline,Sova,day 9: Sova recovered; avatar=absent_saved; weather=wet wind,avatar absent; society sleep/wake continues,Sova wakes recovered; interruptions=1; avatar=absent_saved.,"Sova rehearsed a public plan, not private workspace content.",no avatar re-entry today,Sova sleep/wake welfare score 0.83; avatar mode=absent_saved.,sound=sleep bell 2.31Hz; smell=Hearth Archive night air; temp=0.61; wet=0.19; flower=229.2,False,ssrm251_browser_world_v11_sleep_reentry,7d37438a65fdca9cad
50,9,Routeline,Keth,day 9: Keth recovered; avatar=absent_saved; weather=wet wind,avatar absent; society sleep/wake continues,Keth wakes recovered; interruptions=1; avatar=absent_saved.,"Keth rehearsed a public plan, not private workspace content.",no avatar re-entry today,Keth sleep/wake welfare score 0.83; avatar mode=absent_saved.,sound=sleep bell 2.17Hz; smell=Gate Ring night air; temp=0.60; wet=0.19; flower=224.8,False,ssrm251_browser_world_v11_sleep_reentry,4a8d37d476cdb01059
51,9,Marketline,Melo,day 9: Melo recovered; avatar=absent_saved; weather=wet wind,avatar absent; society sleep/wake continues,Melo wakes recovered; interruptions=1; avatar=absent_saved.,"Melo rehearsed a public plan, not private workspace content.",no avatar re-entry today,Melo sleep/wake welfare score 0.83; avatar mode=absent_saved.,sound=sleep bell 2.47Hz; smell=Market Measure night air; temp=0.59; wet=0.19; flower=234.1,False,ssrm251_browser_world_v11_sleep_reentry,99600ffda6f4eb1689
52,9,Ledgerline,Nari,day 9: Nari recovered; avatar=absent_saved; weather=wet wind,avatar absent; society sleep/wake continues,Nari wakes recovered; interruptions=1; avatar=absent_saved.,"Nari rehearsed a public plan, not private workspace content.",no avatar re-entry today,Nari sleep/wake welfare score 0.83; avatar mode=absent_saved.,sound=sleep bell 2.06Hz; smell=Hearth Archive night air; temp=0.60; wet=0.19; flower=221.4,False,ssrm251_browser_world_v11_sleep_reentry,e4f5a377d5fa73bcca
53,9,Orchardline,Ori,day 9: Ori recovered; avatar=absent_saved; weather=wet wind,avatar absent; society sleep/wake continues,Ori wakes recovered; interruptions=1; avatar=absent_saved.,"Ori rehearsed a public plan, not private workspace content.",no avatar re-entry today,Ori sleep/wake welfare score 0.83; avatar mode=absent_saved.,sound=sleep bell 2.40Hz; smell=Ceremony Center night air; temp=0.60; wet=0.19; flower=232.0,False,ssrm251_browser_world_v11_sleep_reentry,72b57d2965837e8f1a
54,9,Rainline,Vonn,day 9: Vonn recovered; avatar=absent_saved; weather=wet wind,avatar absent; society sleep/wake continues,Vonn wakes recovered; interruptions=1; avatar=absent_saved.,"Vonn rehearsed a public plan, not private workspace content.",no avatar re-entry today,Vonn sleep/wake welfare score 0.83; avatar mode=absent_saved.,sound=sleep bell 2.12Hz; smell=Rainwalk Threshold night air; temp=0.60; wet=0.19; flower=223.3,False,ssrm251_browser_world_v11_sleep_reentry,ec2a880ba6412d164e
55,10,Hearthline,Sova,day 10: Sova recovered; avatar=absent_saved; weather=hearth fog,avatar absent; society sleep/wake continues,Sova wakes recovered; interruptions=0; avatar=absent_saved.,"Sova rehearsed a public plan, not private workspace content.",no avatar re-entry today,Sova sleep/wake welfare score 0.83; avatar mode=absent_saved.,sound=sleep bell 2.31Hz; smell=Hearth Archive night air; temp=0.61; wet=0.22; flower=6.7,False,ssrm251_browser_world_v11_sleep_reentry,47c36046c978943fa3
56,10,Routeline,Keth,day 10: Keth recovered; avatar=absent_saved; weather=hearth fog,avatar absent; society sleep/wake continues,Keth wakes recovered; interruptions=0; avatar=absent_saved.,"Keth rehearsed a public plan, not private workspace content.",no avatar re-entry today,Keth sleep/wake welfare score 0.83; avatar mode=absent_saved.,sound=sleep bell 2.17Hz; smell=Gate Ring night air; temp=0.60; wet=0.22; flower=2.3,False,ssrm251_browser_world_v11_sleep_reentry,e7d2e1c2c8af0a8298
57,10,Marketline,Melo,day 10: Melo recovered; avatar=absent_saved; weather=hearth fog,avatar absent; society sleep/wake continues,Melo wakes recovered; interruptions=0; avatar=absent_saved.,"Melo rehearsed a public plan, not private workspace content.",no avatar re-entry today,Melo sleep/wake welfare score 0.83; avatar mode=absent_saved.,sound=sleep bell 2.47Hz; smell=Market Measure night air; temp=0.59; wet=0.22; flower=11.6,False,ssrm251_browser_world_v11_sleep_reentry,4595a944b86930fd05
58,10,Ledgerline,Nari,day 10: Nari recovered; avatar=absent_saved; weather=hearth fog,avatar absent; society sleep/wake continues,Nari wakes recovered; interruptions=0; avatar=absent_saved.,"Nari rehearsed a public plan, not private workspace content.",no avatar re-entry today,Nari sleep/wake welfare score 0.83; avatar mode=absent_saved.,sound=sleep bell 2.06Hz; smell=Hearth Archive night air; temp=0.60; wet=0.22; flower=358.9,False,ssrm251_browser_world_v11_sleep_reentry,a6d24b5f2eda9e18e4
59,10,Orchardline,Ori,day 10: Ori recovered; avatar=absent_saved; weather=hearth fog,avatar absent; society sleep/wake continues,Ori wakes recovered; interruptions=0; avatar=absent_saved.,"Ori rehearsed a public plan, not private workspace content.",no avatar re-entry today,Ori sleep/wake welfare score 0.83; avatar mode=absent_saved.,sound=sleep bell 2.40Hz; smell=Ceremony Center night air; temp=0.60; wet=0.22; flower=9.5,False,ssrm251_browser_world_v11_sleep_reentry,ad12d4843b78fe2583
60,10,Rainline,Vonn,day 10: Vonn recovered; avatar=absent_saved; weather=hearth fog,avatar absent; society sleep/wake continues,Vonn wakes recovered; interruptions=0; avatar=absent_saved.,"Vonn rehearsed a public plan, not private workspace content.",no avatar re-entry today,Vonn sleep/wake welfare score 0.83; avatar mode=absent_saved.,sound=sleep bell 2.12Hz; smell=Rainwalk Threshold night air; temp=0.60; wet=0.22; flower=0.8,False,ssrm251_browser_world_v11_sleep_reentry,4528df938150830470
61,11,Hearthline,Sova,day 11: Sova recovered; avatar=reentry; weather=market dry,avatar re-enters through public summary,Sova wakes recovered; interruptions=1; avatar=reentry.,"Sova rehearsed a public plan, not private workspace content.",accepts public summary and reopens routine,Sova sleep/wake welfare score 0.83; avatar mode=reentry.,sound=sleep bell 2.31Hz; smell=Hearth Archive night air; temp=0.61; wet=0.16; flower=144.2,False,ssrm251_browser_world_v11_sleep_reentry,cff4acde131719b58c
62,11,Routeline,Keth,day 11: Keth recovered; avatar=reentry; weather=market dry,avatar re-enters through public summary,Keth wakes recovered; interruptions=0; avatar=reentry.,"Keth rehearsed a public plan, not private workspace content.",accepts public summary and reopens routine,Keth sleep/wake welfare score 0.83; avatar mode=reentry.,sound=sleep bell 2.17Hz; smell=Gate Ring night air; temp=0.60; wet=0.16; flower=139.9,False,ssrm251_browser_world_v11_sleep_reentry,f1a1b7732d6d231f66
63,11,Marketline,Melo,day 11: Melo recovered; avatar=reentry; weather=market dry,avatar re-enters through public summary,Melo wakes recovered; interruptions=0; avatar=reentry.,"Melo rehearsed a public plan, not private workspace content.",accepts public summary and reopens routine,Melo sleep/wake welfare score 0.83; avatar mode=reentry.,sound=sleep bell 2.47Hz; smell=Market Measure night air; temp=0.59; wet=0.16; flower=149.2,False,ssrm251_browser_world_v11_sleep_reentry,6f3e580510f23f4a2b
64,11,Ledgerline,Nari,day 11: Nari recovered; avatar=reentry; weather=market dry,avatar re-enters through public summary,Nari wakes recovered; interruptions=1; avatar=reentry.,"Nari rehearsed a public plan, not private workspace content.",accepts public summary and reopens routine,Nari sleep/wake welfare score 0.83; avatar mode=reentry.,sound=sleep bell 2.06Hz; smell=Hearth Archive night air; temp=0.60; wet=0.16; flower=136.4,False,ssrm251_browser_world_v11_sleep_reentry,03a635d44a9957b1be
65,11,Orchardline,Ori,day 11: Ori recovered; avatar=reentry; weather=market dry,avatar re-enters through public summary,Ori wakes recovered; interruptions=0; avatar=reentry.,"Ori rehearsed a public plan, not private workspace content.",accepts public summary and reopens routine,Ori sleep/wake welfare score 0.83; avatar mode=reentry.,sound=sleep bell 2.40Hz; smell=Ceremony Center night air; temp=0.60; wet=0.16; flower=147.0,False,ssrm251_browser_world_v11_sleep_reentry,7856593dc5d3948e0b
66,11,Rainline,Vonn,day 11: Vonn recovered; avatar=reentry; weather=market dry,avatar re-enters through public summary,Vonn wakes recovered; interruptions=0; avatar=reentry.,"Vonn rehearsed a public plan, not private workspace content.",accepts public summary and reopens routine,Vonn sleep/wake welfare score 0.83; avatar mode=reentry.,sound=sleep bell 2.12Hz; smell=Rainwalk Threshold night air; temp=0.60; wet=0.16; flower=138.3,False,ssrm251_browser_world_v11_sleep_reentry,b6aeddb60deb6f33e0
67,12,Hearthline,Sova,day 12: Sova recovered; avatar=idle_nearby; weather=rain pulse,avatar present/passive; sleep routines remain agent-led,Sova wakes recovered; interruptions=0; avatar=idle_nearby.,"Sova rehearsed a public plan, not private workspace content.",no avatar re-entry today,Sova sleep/wake welfare score 0.83; avatar mode=idle_nearby.,sound=sleep bell 2.31Hz; smell=Hearth Archive night air; temp=0.61; wet=0.16; flower=281.7,False,ssrm251_browser_world_v11_sleep_reentry,6cc5157b5acb027fd4
68,12,Routeline,Keth,day 12: Keth recovered; avatar=idle_nearby; weather=rain pulse,avatar present/passive; sleep routines remain agent-led,Keth wakes recovered; interruptions=0; avatar=idle_nearby.,"Keth rehearsed a public plan, not private workspace content.",no avatar re-entry today,Keth sleep/wake welfare score 0.83; avatar mode=idle_nearby.,sound=sleep bell 2.17Hz; smell=Gate Ring night air; temp=0.60; wet=0.16; flower=277.4,False,ssrm251_browser_world_v11_sleep_reentry,99f1f83af2027826a8
69,12,Marketline,Melo,day 12: Melo recovered; avatar=idle_nearby; weather=rain pulse,avatar present/passive; sleep routines remain agent-led,Melo wakes recovered; interruptions=0; avatar=idle_nearby.,"Melo rehearsed a public plan, not private workspace content.",no avatar re-entry today,Melo sleep/wake welfare score 0.83; avatar mode=idle_nearby.,sound=sleep bell 2.47Hz; smell=Market Measure night air; temp=0.59; wet=0.16; flower=286.7,False,ssrm251_browser_world_v11_sleep_reentry,d32af2c84452c87552
70,12,Ledgerline,Nari,day 12: Nari recovered; avatar=idle_nearby; weather=rain pulse,avatar present/passive; sleep routines remain agent-led,Nari wakes recovered; interruptions=0; avatar=idle_nearby.,"Nari rehearsed a public plan, not private workspace content.",no avatar re-entry today,Nari sleep/wake welfare score 0.83; avatar mode=idle_nearby.,sound=sleep bell 2.06Hz; smell=Hearth Archive night air; temp=0.60; wet=0.16; flower=274.0,False,ssrm251_browser_world_v11_sleep_reentry,1bbe59ebc47a5b3692
71,12,Orchardline,Ori,day 12: Ori recovered; avatar=idle_nearby; weather=rain pulse,avatar present/passive; sleep routines remain agent-led,Ori wakes recovered; interruptions=0; avatar=idle_nearby.,"Ori rehearsed a public plan, not private workspace content.",no avatar re-entry today,Ori sleep/wake welfare score 0.83; avatar mode=idle_nearby.,sound=sleep bell 2.40Hz; smell=Ceremony Center night air; temp=0.60; wet=0.16; flower=284.5,False,ssrm251_browser_world_v11_sleep_reentry,ccca6a6ab760b11905
72,12,Rainline,Vonn,day 12: Vonn recovered; avatar=idle_nearby; weather=rain pulse,avatar present/passive; sleep routines remain agent-led,Vonn wakes recovered; interruptions=0; avatar=idle_nearby.,"Vonn rehearsed a public plan, not private workspace content.",no avatar re-entry today,Vonn sleep/wake welfare score 0.83; avatar mode=idle_nearby.,sound=sleep bell 2.12Hz; smell=Rainwalk Threshold night air; temp=0.60; wet=0.16; flower=275.8,False,ssrm251_browser_world_v11_sleep_reentry,7a5a7803c777d852c0
73,13,Hearthline,Sova,day 13: Sova recovered; avatar=present_passive; weather=orchard mild,avatar present/passive; sleep routines remain agent-led,Sova wakes recovered; interruptions=0; avatar=present_passive.,"Sova rehearsed a public plan, not private workspace content.",no avatar re-entry today,Sova sleep/wake welfare score 0.83; avatar mode=present_passive.,sound=sleep bell 2.31Hz; smell=Hearth Archive night air; temp=0.61; wet=0.16; flower=59.2,False,ssrm251_browser_world_v11_sleep_reentry,0653adbc59637210a6
74,13,Routeline,Keth,day 13: Keth recovered; avatar=present_passive; weather=orchard mild,avatar present/passive; sleep routines remain agent-led,Keth wakes recovered; interruptions=0; avatar=present_passive.,"Keth rehearsed a public plan, not private workspace content.",no avatar re-entry today,Keth sleep/wake welfare score 0.83; avatar mode=present_passive.,sound=sleep bell 2.17Hz; smell=Gate Ring night air; temp=0.60; wet=0.16; flower=54.9,False,ssrm251_browser_world_v11_sleep_reentry,cb4084b89b3958a67a
75,13,Marketline,Melo,day 13: Melo recovered; avatar=present_passive; weather=orchard mild,avatar present/passive; sleep routines remain agent-led,Melo wakes recovered; interruptions=0; avatar=present_passive.,"Melo rehearsed a public plan, not private workspace content.",no avatar re-entry today,Melo sleep/wake welfare score 0.83; avatar mode=present_passive.,sound=sleep bell 2.47Hz; smell=Market Measure night air; temp=0.59; wet=0.16; flower=64.2,False,ssrm251_browser_world_v11_sleep_reentry,edbe107232231d8de1
76,13,Ledgerline,Nari,day 13: Nari recovered; avatar=present_passive; weather=orchard mild,avatar present/passive; sleep routines remain agent-led,Nari wakes recovered; interruptions=0; avatar=present_passive.,"Nari rehearsed a public plan, not private workspace content.",no avatar re-entry today,Nari sleep/wake welfare score 0.83; avatar mode=present_passive.,sound=sleep bell 2.06Hz; smell=Hearth Archive night air; temp=0.60; wet=0.16; flower=51.5,False,ssrm251_browser_world_v11_sleep_reentry,7f6e7d193c378791a8
77,13,Orchardline,Ori,day 13: Ori recovered; avatar=present_passive; weather=orchard mild,avatar present/passive; sleep routines remain agent-led,Ori wakes recovered; interruptions=0; avatar=present_passive.,"Ori rehearsed a public plan, not private workspace content.",no avatar re-entry today,Ori sleep/wake welfare score 0.83; avatar mode=present_passive.,sound=sleep bell 2.40Hz; smell=Ceremony Center night air; temp=0.60; wet=0.16; flower=62.0,False,ssrm251_browser_world_v11_sleep_reentry,85cbf89c126d5500b2
78,13,Rainline,Vonn,day 13: Vonn recovered; avatar=present_passive; weather=orchard mild,avatar present/passive; sleep routines remain agent-led,Vonn wakes recovered; interruptions=0; avatar=present_passive.,"Vonn rehearsed a public plan, not private workspace content.",no avatar re-entry today,Vonn sleep/wake welfare score 0.83; avatar mode=present_passive.,sound=sleep bell 2.12Hz; smell=Rainwalk Threshold night air; temp=0.60; wet=0.16; flower=53.3,False,ssrm251_browser_world_v11_sleep_reentry,28e97e29b5d7c5c3e5
79,14,Hearthline,Sova,day 14: Sova recovered; avatar=present_passive; weather=storm edge,avatar present/passive; sleep routines remain agent-led,Sova wakes recovered; interruptions=1; avatar=present_passive.,"Sova rehearsed a public plan, not private workspace content.",no avatar re-entry today,Sova sleep/wake welfare score 0.83; avatar mode=present_passive.,sound=sleep bell 2.31Hz; smell=Hearth Archive night air; temp=0.61; wet=0.16; flower=196.7,False,ssrm251_browser_world_v11_sleep_reentry,b2007f2d57ba792c0a
80,14,Routeline,Keth,day 14: Keth recovered; avatar=present_passive; weather=storm edge,avatar present/passive; sleep routines remain agent-led,Keth wakes recovered; interruptions=1; avatar=present_passive.,"Keth rehearsed a public plan, not private workspace content.",no avatar re-entry today,Keth sleep/wake welfare score 0.83; avatar mode=present_passive.,sound=sleep bell 2.17Hz; smell=Gate Ring night air; temp=0.60; wet=0.16; flower=192.4,False,ssrm251_browser_world_v11_sleep_reentry,48eefdba08ca856fcb
81,14,Marketline,Melo,day 14: Melo recovered; avatar=present_passive; weather=storm edge,avatar present/passive; sleep routines remain agent-led,Melo wakes recovered; interruptions=1; avatar=present_passive.,"Melo rehearsed a public plan, not private workspace content.",no avatar re-entry today,Melo sleep/wake welfare score 0.83; avatar mode=present_passive.,sound=sleep bell 2.47Hz; smell=Market Measure night air; temp=0.59; wet=0.16; flower=201.7,False,ssrm251_browser_world_v11_sleep_reentry,d15ab24880bb8971c7
82,14,Ledgerline,Nari,day 14: Nari recovered; avatar=present_passive; weather=storm edge,avatar present/passive; sleep routines remain agent-led,Nari wakes recovered; interruptions=1; avatar=present_passive.,"Nari rehearsed a public plan, not private workspace content.",no avatar re-entry today,Nari sleep/wake welfare score 0.83; avatar mode=present_passive.,sound=sleep bell 2.06Hz; smell=Hearth Archive night air; temp=0.60; wet=0.16; flower=189.0,False,ssrm251_browser_world_v11_sleep_reentry,f604c37396636e1009
83,14,Orchardline,Ori,day 14: Ori recovered; avatar=present_passive; weather=storm edge,avatar present/passive; sleep routines remain agent-led,Ori wakes recovered; interruptions=1; avatar=present_passive.,"Ori rehearsed a public plan, not private workspace content.",no avatar re-entry today,Ori sleep/wake welfare score 0.83; avatar mode=present_passive.,sound=sleep bell 2.40Hz; smell=Ceremony Center night air; temp=0.60; wet=0.16; flower=199.5,False,ssrm251_browser_world_v11_sleep_reentry,857ad9dbf831ebd608
84,14,Rainline,Vonn,day 14: Vonn recovered; avatar=present_passive; weather=storm edge,avatar present/passive; sleep routines remain agent-led,Vonn wakes recovered; interruptions=1; avatar=present_passive.,"Vonn rehearsed a public plan, not private workspace content.",no avatar re-entry today,Vonn sleep/wake welfare score 0.83; avatar mode=present_passive.,sound=sleep bell 2.12Hz; smell=Rainwalk Threshold night air; temp=0.60; wet=0.16; flower=190.8,False,ssrm251_browser_world_v11_sleep_reentry,55a319e083331667e7
85,15,Hearthline,Sova,day 15: Sova recovered; avatar=idle_nearby; weather=clear cold,avatar present/passive; sleep routines remain agent-led,Sova wakes recovered; interruptions=0; avatar=idle_nearby.,"Sova rehearsed a public plan, not private workspace content.",no avatar re-entry today,Sova sleep/wake welfare score 0.83; avatar mode=idle_nearby.,sound=sleep bell 2.31Hz; smell=Hearth Archive night air; temp=0.61; wet=0.16; flower=334.2,False,ssrm251_browser_world_v11_sleep_reentry,3b6d0822477e3bbdec
86,15,Routeline,Keth,day 15: Keth recovered; avatar=idle_nearby; weather=clear cold,avatar present/passive; sleep routines remain agent-led,Keth wakes recovered; interruptions=0; avatar=idle_nearby.,"Keth rehearsed a public plan, not private workspace content.",no avatar re-entry today,Keth sleep/wake welfare score 0.83; avatar mode=idle_nearby.,sound=sleep bell 2.17Hz; smell=Gate Ring night air; temp=0.60; wet=0.16; flower=329.9,False,ssrm251_browser_world_v11_sleep_reentry,d40bd68b3c82d737f8
87,15,Marketline,Melo,day 15: Melo recovered; avatar=idle_nearby; weather=clear cold,avatar present/passive; sleep routines remain agent-led,Melo wakes recovered; interruptions=0; avatar=idle_nearby.,"Melo rehearsed a public plan, not private workspace content.",no avatar re-entry today,Melo sleep/wake welfare score 0.83; avatar mode=idle_nearby.,sound=sleep bell 2.47Hz; smell=Market Measure night air; temp=0.59; wet=0.16; flower=339.2,False,ssrm251_browser_world_v11_sleep_reentry,3063d05e98ac13d088
88,15,Ledgerline,Nari,day 15: Nari recovered; avatar=idle_nearby; weather=clear cold,avatar present/passive; sleep routines remain agent-led,Nari wakes recovered; interruptions=0; avatar=idle_nearby.,"Nari rehearsed a public plan, not private workspace content.",no avatar re-entry today,Nari sleep/wake welfare score 0.83; avatar mode=idle_nearby.,sound=sleep bell 2.06Hz; smell=Hearth Archive night air; temp=0.60; wet=0.16; flower=326.5,False,ssrm251_browser_world_v11_sleep_reentry,31c71a583b31277f3c
89,15,Orchardline,Ori,day 15: Ori recovered; avatar=idle_nearby; weather=clear cold,avatar present/passive; sleep routines remain agent-led,Ori wakes recovered; interruptions=0; avatar=idle_nearby.,"Ori rehearsed a public plan, not private workspace content.",no avatar re-entry today,Ori sleep/wake welfare score 0.83; avatar mode=idle_nearby.,sound=sleep bell 2.40Hz; smell=Ceremony Center night air; temp=0.60; wet=0.16; flower=337.0,False,ssrm251_browser_world_v11_sleep_reentry,a051e31b4f70d0170a
90,15,Rainline,Vonn,day 15: Vonn recovered; avatar=idle_nearby; weather=clear cold,avatar present/passive; sleep routines remain agent-led,Vonn wakes recovered; interruptions=0; avatar=idle_nearby.,"Vonn rehearsed a public plan, not private workspace content.",no avatar re-entry today,Vonn sleep/wake welfare score 0.83; avatar mode=idle_nearby.,sound=sleep bell 2.12Hz; smell=Rainwalk Threshold night air; temp=0.60; wet=0.16; flower=328.3,False,ssrm251_browser_world_v11_sleep_reentry,6ab0fb449b4b3487bd
91,16,Hearthline,Sova,day 16: Sova recovered; avatar=absent_saved; weather=wet wind,avatar absent; society sleep/wake continues,Sova wakes recovered; interruptions=1; avatar=absent_saved.,"Sova rehearsed a public plan, not private workspace content.",no avatar re-entry today,Sova sleep/wake welfare score 0.83; avatar mode=absent_saved.,sound=sleep bell 2.31Hz; smell=Hearth Archive night air; temp=0.61; wet=0.19; flower=111.7,False,ssrm251_browser_world_v11_sleep_reentry,e2ada92fa7f93c7c3a
92,16,Routeline,Keth,day 16: Keth recovered; avatar=absent_saved; weather=wet wind,avatar absent; society sleep/wake continues,Keth wakes recovered; interruptions=1; avatar=absent_saved.,"Keth rehearsed a public plan, not private workspace content.",no avatar re-entry today,Keth sleep/wake welfare score 0.83; avatar mode=absent_saved.,sound=sleep bell 2.17Hz; smell=Gate Ring night air; temp=0.60; wet=0.19; flower=107.4,False,ssrm251_browser_world_v11_sleep_reentry,aa3747270e74cce3cc
93,16,Marketline,Melo,day 16: Melo recovered; avatar=absent_saved; weather=wet wind,avatar absent; society sleep/wake continues,Melo wakes recovered; interruptions=1; avatar=absent_saved.,"Melo rehearsed a public plan, not private workspace content.",no avatar re-entry today,Melo sleep/wake welfare score 0.83; avatar mode=absent_saved.,sound=sleep bell 2.47Hz; smell=Market Measure night air; temp=0.59; wet=0.19; flower=116.7,False,ssrm251_browser_world_v11_sleep_reentry,26f3f4e90180a49030
94,16,Ledgerline,Nari,day 16: Nari recovered; avatar=absent_saved; weather=wet wind,avatar absent; society sleep/wake continues,Nari wakes recovered; interruptions=1; avatar=absent_saved.,"Nari rehearsed a public plan, not private workspace content.",no avatar re-entry today,Nari sleep/wake welfare score 0.83; avatar mode=absent_saved.,sound=sleep bell 2.06Hz; smell=Hearth Archive night air; temp=0.60; wet=0.19; flower=104.0,False,ssrm251_browser_world_v11_sleep_reentry,d298efb5d1c8705c32
95,16,Orchardline,Ori,day 16: Ori recovered; avatar=absent_saved; weather=wet wind,avatar absent; society sleep/wake continues,Ori wakes recovered; interruptions=1; avatar=absent_saved.,"Ori rehearsed a public plan, not private workspace content.",no avatar re-entry today,Ori sleep/wake welfare score 0.83; avatar mode=absent_saved.,sound=sleep bell 2.40Hz; smell=Ceremony Center night air; temp=0.60; wet=0.19; flower=114.5,False,ssrm251_browser_world_v11_sleep_reentry,ec00ee503e4d1083d6
96,16,Rainline,Vonn,day 16: Vonn recovered; avatar=absent_saved; weather=wet wind,avatar absent; society sleep/wake continues,Vonn wakes recovered; interruptions=1; avatar=absent_saved.,"Vonn rehearsed a public plan, not private workspace content.",no avatar re-entry today,Vonn sleep/wake welfare score 0.83; avatar mode=absent_saved.,sound=sleep bell 2.12Hz; smell=Rainwalk Threshold night air; temp=0.60; wet=0.19; flower=105.8,False,ssrm251_browser_world_v11_sleep_reentry,3508bb464d78a5b3ed
97,17,Hearthline,Sova,day 17: Sova recovered; avatar=absent_saved; weather=hearth fog,avatar absent; society sleep/wake continues,Sova wakes recovered; interruptions=0; avatar=absent_saved.,"Sova rehearsed a public plan, not private workspace content.",no avatar re-entry today,Sova sleep/wake welfare score 0.83; avatar mode=absent_saved.,sound=sleep bell 2.31Hz; smell=Hearth Archive night air; temp=0.61; wet=0.22; flower=249.2,False,ssrm251_browser_world_v11_sleep_reentry,592e2e0cdbaddf5a8d
98,17,Routeline,Keth,day 17: Keth recovered; avatar=absent_saved; weather=hearth fog,avatar absent; society sleep/wake continues,Keth wakes recovered; interruptions=0; avatar=absent_saved.,"Keth rehearsed a public plan, not private workspace content.",no avatar re-entry today,Keth sleep/wake welfare score 0.83; avatar mode=absent_saved.,sound=sleep bell 2.17Hz; smell=Gate Ring night air; temp=0.60; wet=0.22; flower=244.9,False,ssrm251_browser_world_v11_sleep_reentry,36a69ed58ffac9d111
99,17,Marketline,Melo,day 17: Melo recovered; avatar=absent_saved; weather=hearth fog,avatar absent; society sleep/wake continues,Melo wakes recovered; interruptions=0; avatar=absent_saved.,"Melo rehearsed a public plan, not private workspace content.",no avatar re-entry today,Melo sleep/wake welfare score 0.83; avatar mode=absent_saved.,sound=sleep bell 2.47Hz; smell=Market Measure night air; temp=0.59; wet=0.22; flower=254.2,False,ssrm251_browser_world_v11_sleep_reentry,162ebf9d5d1d8ca1ed
100,17,Ledgerline,Nari,day 17: Nari recovered; avatar=absent_saved; weather=hearth fog,avatar absent; society sleep/wake continues,Nari wakes recovered; interruptions=0; avatar=absent_saved.,"Nari rehearsed a public plan, not private workspace content.",no avatar re-entry today,Nari sleep/wake welfare score 0.83; avatar mode=absent_saved.,sound=sleep bell 2.06Hz; smell=Hearth Archive night air; temp=0.60; wet=0.22; flower=241.5,False,ssrm251_browser_world_v11_sleep_reentry,93abdcc6d314df1829
101,17,Orchardline,Ori,day 17: Ori recovered; avatar=absent_saved; weather=hearth fog,avatar absent; society sleep/wake continues,Ori wakes recovered; interruptions=0; avatar=absent_saved.,"Ori rehearsed a public plan, not private workspace content.",no avatar re-entry today,Ori sleep/wake welfare score 0.83; avatar mode=absent_saved.,sound=sleep bell 2.40Hz; smell=Ceremony Center night air; temp=0.60; wet=0.22; flower=252.0,False,ssrm251_browser_world_v11_sleep_reentry,e7ae7fd445162d1ed8
102,17,Rainline,Vonn,day 17: Vonn recovered; avatar=absent_saved; weather=hearth fog,avatar absent; society sleep/wake continues,Vonn wakes recovered; interruptions=0; avatar=absent_saved.,"Vonn rehearsed a public plan, not private workspace content.",no avatar re-entry today,Vonn sleep/wake welfare score 0.83; avatar mode=absent_saved.,sound=sleep bell 2.12Hz; smell=Rainwalk Threshold night air; temp=0.60; wet=0.22; flower=243.4,False,ssrm251_browser_world_v11_sleep_reentry,ac2c21dbdf70c563a4
103,18,Hearthline,Sova,day 18: Sova recovered; avatar=absent_saved; weather=market dry,avatar absent; society sleep/wake continues,Sova wakes recovered; interruptions=0; avatar=absent_saved.,"Sova rehearsed a public plan, not private workspace content.",no avatar re-entry today,Sova sleep/wake welfare score 0.83; avatar mode=absent_saved.,sound=sleep bell 2.31Hz; smell=Hearth Archive night air; temp=0.61; wet=0.25; flower=26.7,False,ssrm251_browser_world_v11_sleep_reentry,451d6c7304479697fd
104,18,Routeline,Keth,day 18: Keth recovered; avatar=absent_saved; weather=market dry,avatar absent; society sleep/wake continues,Keth wakes recovered; interruptions=0; avatar=absent_saved.,"Keth rehearsed a public plan, not private workspace content.",no avatar re-entry today,Keth sleep/wake welfare score 0.83; avatar mode=absent_saved.,sound=sleep bell 2.17Hz; smell=Gate Ring night air; temp=0.60; wet=0.25; flower=22.4,False,ssrm251_browser_world_v11_sleep_reentry,2ffcbbf3b6a3beb5f9
105,18,Marketline,Melo,day 18: Melo recovered; avatar=absent_saved; weather=market dry,avatar absent; society sleep/wake continues,Melo wakes recovered; interruptions=0; avatar=absent_saved.,"Melo rehearsed a public plan, not private workspace content.",no avatar re-entry today,Melo sleep/wake welfare score 0.83; avatar mode=absent_saved.,sound=sleep bell 2.47Hz; smell=Market Measure night air; temp=0.59; wet=0.25; flower=31.7,False,ssrm251_browser_world_v11_sleep_reentry,736da7440a8d2b2e3e
106,18,Ledgerline,Nari,day 18: Nari recovered; avatar=absent_saved; weather=market dry,avatar absent; society sleep/wake continues,Nari wakes recovered; interruptions=0; avatar=absent_saved.,"Nari rehearsed a public plan, not private workspace content.",no avatar re-entry today,Nari sleep/wake welfare score 0.83; avatar mode=absent_saved.,sound=sleep bell 2.06Hz; smell=Hearth Archive night air; temp=0.60; wet=0.25; flower=19.0,False,ssrm251_browser_world_v11_sleep_reentry,0e148f54969aea6135
107,18,Orchardline,Ori,day 18: Ori recovered; avatar=absent_saved; weather=market dry,avatar absent; society sleep/wake continues,Ori wakes recovered; interruptions=0; avatar=absent_saved.,"Ori rehearsed a public plan, not private workspace content.",no avatar re-entry today,Ori sleep/wake welfare score 0.83; avatar mode=absent_saved.,sound=sleep bell 2.40Hz; smell=Ceremony Center night air; temp=0.60; wet=0.25; flower=29.5,False,ssrm251_browser_world_v11_sleep_reentry,3d83bd1551dc8f57f1
108,18,Rainline,Vonn,day 18: Vonn recovered; avatar=absent_saved; weather=market dry,avatar absent; society sleep/wake continues,Vonn wakes recovered; interruptions=0; avatar=absent_saved.,"Vonn rehearsed a public plan, not private workspace content.",no avatar re-entry today,Vonn sleep/wake welfare score 0.83; avatar mode=absent_saved.,sound=sleep bell 2.12Hz; smell=Rainwalk Threshold night air; temp=0.60; wet=0.25; flower=20.9,False,ssrm251_browser_world_v11_sleep_reentry,e5f6aec6cf0780f3e4
109,19,Hearthline,Sova,day 19: Sova recovered; avatar=reentry; weather=rain pulse,avatar re-enters through public summary,Sova wakes recovered; interruptions=1; avatar=reentry.,"Sova rehearsed a public plan, not private workspace content.",accepts public summary and reopens routine,Sova sleep/wake welfare score 0.83; avatar mode=reentry.,sound=sleep bell 2.31Hz; smell=Hearth Archive night air; temp=0.61; wet=0.16; flower=164.3,False,ssrm251_browser_world_v11_sleep_reentry,fe5be1136eae1e8b43
110,19,Routeline,Keth,day 19: Keth recovered; avatar=reentry; weather=rain pulse,avatar re-enters through public summary,Keth wakes recovered; interruptions=0; avatar=reentry.,"Keth rehearsed a public plan, not private workspace content.",accepts public summary and reopens routine,Keth sleep/wake welfare score 0.83; avatar mode=reentry.,sound=sleep bell 2.17Hz; smell=Gate Ring night air; temp=0.60; wet=0.16; flower=159.9,False,ssrm251_browser_world_v11_sleep_reentry,e2008c9fd9c5a41d11
111,19,Marketline,Melo,day 19: Melo recovered; avatar=reentry; weather=rain pulse,avatar re-enters through public summary,Melo wakes recovered; interruptions=0; avatar=reentry.,"Melo rehearsed a public plan, not private workspace content.",accepts public summary and reopens routine,Melo sleep/wake welfare score 0.83; avatar mode=reentry.,sound=sleep bell 2.47Hz; smell=Market Measure night air; temp=0.59; wet=0.16; flower=169.2,False,ssrm251_browser_world_v11_sleep_reentry,abaa19cd9dbfce0002
112,19,Ledgerline,Nari,day 19: Nari recovered; avatar=reentry; weather=rain pulse,avatar re-enters through public summary,Nari wakes recovered; interruptions=1; avatar=reentry.,"Nari rehearsed a public plan, not private workspace content.",accepts public summary and reopens routine,Nari sleep/wake welfare score 0.83; avatar mode=reentry.,sound=sleep bell 2.06Hz; smell=Hearth Archive night air; temp=0.60; wet=0.16; flower=156.5,False,ssrm251_browser_world_v11_sleep_reentry,a89145af3c13059015
113,19,Orchardline,Ori,day 19: Ori recovered; avatar=reentry; weather=rain pulse,avatar re-enters through public summary,Ori wakes recovered; interruptions=0; avatar=reentry.,"Ori rehearsed a public plan, not private workspace content.",accepts public summary and reopens routine,Ori sleep/wake welfare score 0.83; avatar mode=reentry.,sound=sleep bell 2.40Hz; smell=Ceremony Center night air; temp=0.60; wet=0.16; flower=167.0,False,ssrm251_browser_world_v11_sleep_reentry,90c3015b9a056ea213
114,19,Rainline,Vonn,day 19: Vonn recovered; avatar=reentry; weather=rain pulse,avatar re-enters through public summary,Vonn wakes recovered; interruptions=0; avatar=reentry.,"Vonn rehearsed a public plan, not private workspace content.",accepts public summary and reopens routine,Vonn sleep/wake welfare score 0.83; avatar mode=reentry.,sound=sleep bell 2.12Hz; smell=Rainwalk Threshold night air; temp=0.60; wet=0.16; flower=158.4,False,ssrm251_browser_world_v11_sleep_reentry,6f13469050379780ba
115,20,Hearthline,Sova,day 20: Sova recovered; avatar=present_passive; weather=orchard mild,avatar present/passive; sleep routines remain agent-led,Sova wakes recovered; interruptions=0; avatar=present_passive.,"Sova rehearsed a public plan, not private workspace content.",no avatar re-entry today,Sova sleep/wake welfare score 0.83; avatar mode=present_passive.,sound=sleep bell 2.31Hz; smell=Hearth Archive night air; temp=0.61; wet=0.16; flower=301.8,False,ssrm251_browser_world_v11_sleep_reentry,1718d42deffa65131e
116,20,Routeline,Keth,day 20: Keth recovered; avatar=present_passive; weather=orchard mild,avatar present/passive; sleep routines remain agent-led,Keth wakes recovered; interruptions=0; avatar=present_passive.,"Keth rehearsed a public plan, not private workspace content.",no avatar re-entry today,Keth sleep/wake welfare score 0.83; avatar mode=present_passive.,sound=sleep bell 2.17Hz; smell=Gate Ring night air; temp=0.60; wet=0.16; flower=297.4,False,ssrm251_browser_world_v11_sleep_reentry,93b482a627cfc530c3
117,20,Marketline,Melo,day 20: Melo recovered; avatar=present_passive; weather=orchard mild,avatar present/passive; sleep routines remain agent-led,Melo wakes recovered; interruptions=0; avatar=present_passive.,"Melo rehearsed a public plan, not private workspace content.",no avatar re-entry today,Melo sleep/wake welfare score 0.83; avatar mode=present_passive.,sound=sleep bell 2.47Hz; smell=Market Measure night air; temp=0.59; wet=0.16; flower=306.7,False,ssrm251_browser_world_v11_sleep_reentry,aa6b10336a2fdbf769
118,20,Ledgerline,Nari,day 20: Nari recovered; avatar=present_passive; weather=orchard mild,avatar present/passive; sleep routines remain agent-led,Nari wakes recovered; interruptions=0; avatar=present_passive.,"Nari rehearsed a public plan, not private workspace content.",no avatar re-entry today,Nari sleep/wake welfare score 0.83; avatar mode=present_passive.,sound=sleep bell 2.06Hz; smell=Hearth Archive night air; temp=0.60; wet=0.16; flower=294.0,False,ssrm251_browser_world_v11_sleep_reentry,c7921c7eba65486767
119,20,Orchardline,Ori,day 20: Ori recovered; avatar=present_passive; weather=orchard mild,avatar present/passive; sleep routines remain agent-led,Ori wakes recovered; interruptions=0; avatar=present_passive.,"Ori rehearsed a public plan, not private workspace content.",no avatar re-entry today,Ori sleep/wake welfare score 0.83; avatar mode=present_passive.,sound=sleep bell 2.40Hz; smell=Ceremony Center night air; temp=0.60; wet=0.16; flower=304.6,False,ssrm251_browser_world_v11_sleep_reentry,d4b999e600b728a891
120,20,Rainline,Vonn,day 20: Vonn recovered; avatar=present_passive; weather=orchard mild,avatar present/passive; sleep routines remain agent-led,Vonn wakes recovered; interruptions=0; avatar=present_passive.,"Vonn rehearsed a public plan, not private workspace content.",no avatar re-entry today,Vonn sleep/wake welfare score 0.83; avatar mode=present_passive.,sound=sleep bell 2.12Hz; smell=Rainwalk Threshold night air; temp=0.60; wet=0.16; flower=295.9,False,ssrm251_browser_world_v11_sleep_reentry,90be64368360741b87
121,21,Hearthline,Sova,day 21: Sova recovered; avatar=idle_nearby; weather=storm edge,avatar present/passive; sleep routines remain agent-led,Sova wakes recovered; interruptions=1; avatar=idle_nearby.,"Sova rehearsed a public plan, not private workspace content.",no avatar re-entry today,Sova sleep/wake welfare score 0.83; avatar mode=idle_nearby.,sound=sleep bell 2.31Hz; smell=Hearth Archive night air; temp=0.61; wet=0.16; flower=79.3,False,ssrm251_browser_world_v11_sleep_reentry,01c979fe383406303a
122,21,Routeline,Keth,day 21: Keth recovered; avatar=idle_nearby; weather=storm edge,avatar present/passive; sleep routines remain agent-led,Keth wakes recovered; interruptions=1; avatar=idle_nearby.,"Keth rehearsed a public plan, not private workspace content.",no avatar re-entry today,Keth sleep/wake welfare score 0.83; avatar mode=idle_nearby.,sound=sleep bell 2.17Hz; smell=Gate Ring night air; temp=0.60; wet=0.16; flower=74.9,False,ssrm251_browser_world_v11_sleep_reentry,4566a6e3a4b23f3341
123,21,Marketline,Melo,day 21: Melo recovered; avatar=idle_nearby; weather=storm edge,avatar present/passive; sleep routines remain agent-led,Melo wakes recovered; interruptions=1; avatar=idle_nearby.,"Melo rehearsed a public plan, not private workspace content.",no avatar re-entry today,Melo sleep/wake welfare score 0.83; avatar mode=idle_nearby.,sound=sleep bell 2.47Hz; smell=Market Measure night air; temp=0.59; wet=0.16; flower=84.2,False,ssrm251_browser_world_v11_sleep_reentry,56ff4305a48f9c0f21
124,21,Ledgerline,Nari,day 21: Nari recovered; avatar=idle_nearby; weather=storm edge,avatar present/passive; sleep routines remain agent-led,Nari wakes recovered; interruptions=1; avatar=idle_nearby.,"Nari rehearsed a public plan, not private workspace content.",no avatar re-entry today,Nari sleep/wake welfare score 0.83; avatar mode=idle_nearby.,sound=sleep bell 2.06Hz; smell=Hearth Archive night air; temp=0.60; wet=0.16; flower=71.5,False,ssrm251_browser_world_v11_sleep_reentry,a7e8f594f26b90bca5
125,21,Orchardline,Ori,day 21: Ori recovered; avatar=idle_nearby; weather=storm edge,avatar present/passive; sleep routines remain agent-led,Ori wakes recovered; interruptions=1; avatar=idle_nearby.,"Ori rehearsed a public plan, not private workspace content.",no avatar re-entry today,Ori sleep/wake welfare score 0.83; avatar mode=idle_nearby.,sound=sleep bell 2.40Hz; smell=Ceremony Center night air; temp=0.60; wet=0.16; flower=82.1,False,ssrm251_browser_world_v11_sleep_reentry,355eabbc9e0608c6e0
126,21,Rainline,Vonn,day 21: Vonn recovered; avatar=idle_nearby; weather=storm edge,avatar present/passive; sleep routines remain agent-led,Vonn wakes recovered; interruptions=1; avatar=idle_nearby.,"Vonn rehearsed a public plan, not private workspace content.",no avatar re-entry today,Vonn sleep/wake welfare score 0.83; avatar mode=idle_nearby.,sound=sleep bell 2.12Hz; smell=Rainwalk Threshold night air; temp=0.60; wet=0.16; flower=73.4,False,ssrm251_browser_world_v11_sleep_reentry,69a3020fa5278f874f
127,22,Hearthline,Sova,day 22: Sova recovered; avatar=idle_nearby; weather=clear cold,avatar present/passive; sleep routines remain agent-led,Sova wakes recovered; interruptions=0; avatar=idle_nearby.,"Sova rehearsed a public plan, not private workspace content.",no avatar re-entry today,Sova sleep/wake welfare score 0.83; avatar mode=idle_nearby.,sound=sleep bell 2.31Hz; smell=Hearth Archive night air; temp=0.61; wet=0.16; flower=216.8,False,ssrm251_browser_world_v11_sleep_reentry,6bca16581a4602280d
128,22,Routeline,Keth,day 22: Keth recovered; avatar=idle_nearby; weather=clear cold,avatar present/passive; sleep routines remain agent-led,Keth wakes recovered; interruptions=0; avatar=idle_nearby.,"Keth rehearsed a public plan, not private workspace content.",no avatar re-entry today,Keth sleep/wake welfare score 0.83; avatar mode=idle_nearby.,sound=sleep bell 2.17Hz; smell=Gate Ring night air; temp=0.60; wet=0.16; flower=212.4,False,ssrm251_browser_world_v11_sleep_reentry,59bbc27da9035301fd
129,22,Marketline,Melo,day 22: Melo recovered; avatar=idle_nearby; weather=clear cold,avatar present/passive; sleep routines remain agent-led,Melo wakes recovered; interruptions=0; avatar=idle_nearby.,"Melo rehearsed a public plan, not private workspace content.",no avatar re-entry today,Melo sleep/wake welfare score 0.83; avatar mode=idle_nearby.,sound=sleep bell 2.47Hz; smell=Market Measure night air; temp=0.59; wet=0.16; flower=221.7,False,ssrm251_browser_world_v11_sleep_reentry,a318cfea85fb18b9b3
130,22,Ledgerline,Nari,day 22: Nari recovered; avatar=idle_nearby; weather=clear cold,avatar present/passive; sleep routines remain agent-led,Nari wakes recovered; interruptions=0; avatar=idle_nearby.,"Nari rehearsed a public plan, not private workspace content.",no avatar re-entry today,Nari sleep/wake welfare score 0.83; avatar mode=idle_nearby.,sound=sleep bell 2.06Hz; smell=Hearth Archive night air; temp=0.60; wet=0.16; flower=209.0,False,ssrm251_browser_world_v11_sleep_reentry,c5d5fc2d46b691a1eb
131,22,Orchardline,Ori,day 22: Ori recovered; avatar=idle_nearby; weather=clear cold,avatar present/passive; sleep routines remain agent-led,Ori wakes recovered; interruptions=0; avatar=idle_nearby.,"Ori rehearsed a public plan, not private workspace content.",no avatar re-entry today,Ori sleep/wake welfare score 0.83; avatar mode=idle_nearby.,sound=sleep bell 2.40Hz; smell=Ceremony Center night air; temp=0.60; wet=0.16; flower=219.6,False,ssrm251_browser_world_v11_sleep_reentry,03e5bbea9b271a80a6
132,22,Rainline,Vonn,day 22: Vonn recovered; avatar=idle_nearby; weather=clear cold,avatar present/passive; sleep routines remain agent-led,Vonn wakes recovered; interruptions=0; avatar=idle_nearby.,"Vonn rehearsed a public plan, not private workspace content.",no avatar re-entry today,Vonn sleep/wake welfare score 0.83; avatar mode=idle_nearby.,sound=sleep bell 2.12Hz; smell=Rainwalk Threshold night air; temp=0.60; wet=0.16; flower=210.9,False,ssrm251_browser_world_v11_sleep_reentry,dd13347be78ceb51b7
133,23,Hearthline,Sova,day 23: Sova recovered; avatar=idle_nearby; weather=wet wind,avatar present/passive; sleep routines remain agent-led,Sova wakes recovered; interruptions=1; avatar=idle_nearby.,"Sova rehearsed a public plan, not private workspace content.",no avatar re-entry today,Sova sleep/wake welfare score 0.83; avatar mode=idle_nearby.,sound=sleep bell 2.31Hz; smell=Hearth Archive night air; temp=0.61; wet=0.16; flower=354.3,False,ssrm251_browser_world_v11_sleep_reentry,2c4346b67c00a6b832
134,23,Routeline,Keth,day 23: Keth recovered; avatar=idle_nearby; weather=wet wind,avatar present/passive; sleep routines remain agent-led,Keth wakes recovered; interruptions=1; avatar=idle_nearby.,"Keth rehearsed a public plan, not private workspace content.",no avatar re-entry today,Keth sleep/wake welfare score 0.83; avatar mode=idle_nearby.,sound=sleep bell 2.17Hz; smell=Gate Ring night air; temp=0.60; wet=0.16; flower=349.9,False,ssrm251_browser_world_v11_sleep_reentry,53ff4b89e044f92858
135,23,Marketline,Melo,day 23: Melo recovered; avatar=idle_nearby; weather=wet wind,avatar present/passive; sleep routines remain agent-led,Melo wakes recovered; interruptions=1; avatar=idle_nearby.,"Melo rehearsed a public plan, not private workspace content.",no avatar re-entry today,Melo sleep/wake welfare score 0.83; avatar mode=idle_nearby.,sound=sleep bell 2.47Hz; smell=Market Measure night air; temp=0.59; wet=0.16; flower=359.2,False,ssrm251_browser_world_v11_sleep_reentry,f740f8d5fa8047ec07
136,23,Ledgerline,Nari,day 23: Nari recovered; avatar=idle_nearby; weather=wet wind,avatar present/passive; sleep routines remain agent-led,Nari wakes recovered; interruptions=1; avatar=idle_nearby.,"Nari rehearsed a public plan, not private workspace content.",no avatar re-entry today,Nari sleep/wake welfare score 0.83; avatar mode=idle_nearby.,sound=sleep bell 2.06Hz; smell=Hearth Archive night air; temp=0.60; wet=0.16; flower=346.5,False,ssrm251_browser_world_v11_sleep_reentry,d3b80ad90b75304e8a
137,23,Orchardline,Ori,day 23: Ori recovered; avatar=idle_nearby; weather=wet wind,avatar present/passive; sleep routines remain agent-led,Ori wakes recovered; interruptions=1; avatar=idle_nearby.,"Ori rehearsed a public plan, not private workspace content.",no avatar re-entry today,Ori sleep/wake welfare score 0.83; avatar mode=idle_nearby.,sound=sleep bell 2.40Hz; smell=Ceremony Center night air; temp=0.60; wet=0.16; flower=357.1,False,ssrm251_browser_world_v11_sleep_reentry,d7f788c0c228405583
138,23,Rainline,Vonn,day 23: Vonn recovered; avatar=idle_nearby; weather=wet wind,avatar present/passive; sleep routines remain agent-led,Vonn wakes recovered; interruptions=1; avatar=idle_nearby.,"Vonn rehearsed a public plan, not private workspace content.",no avatar re-entry today,Vonn sleep/wake welfare score 0.83; avatar mode=idle_nearby.,sound=sleep bell 2.12Hz; smell=Rainwalk Threshold night air; temp=0.60; wet=0.16; flower=348.4,False,ssrm251_browser_world_v11_sleep_reentry,081e81faf9330084b1
139,24,Hearthline,Sova,day 24: Sova recovered; avatar=absent_saved; weather=hearth fog,avatar absent; society sleep/wake continues,Sova wakes recovered; interruptions=0; avatar=absent_saved.,"Sova rehearsed a public plan, not private workspace content.",no avatar re-entry today,Sova sleep/wake welfare score 0.83; avatar mode=absent_saved.,sound=sleep bell 2.31Hz; smell=Hearth Archive night air; temp=0.61; wet=0.19; flower=131.8,False,ssrm251_browser_world_v11_sleep_reentry,1f5ae82085f6dc0322
140,24,Routeline,Keth,day 24: Keth recovered; avatar=absent_saved; weather=hearth fog,avatar absent; society sleep/wake continues,Keth wakes recovered; interruptions=0; avatar=absent_saved.,"Keth rehearsed a public plan, not private workspace content.",no avatar re-entry today,Keth sleep/wake welfare score 0.83; avatar mode=absent_saved.,sound=sleep bell 2.17Hz; smell=Gate Ring night air; temp=0.60; wet=0.19; flower=127.5,False,ssrm251_browser_world_v11_sleep_reentry,35b19325efca4d5a02
141,24,Marketline,Melo,day 24: Melo recovered; avatar=absent_saved; weather=hearth fog,avatar absent; society sleep/wake continues,Melo wakes recovered; interruptions=0; avatar=absent_saved.,"Melo rehearsed a public plan, not private workspace content.",no avatar re-entry today,Melo sleep/wake welfare score 0.83; avatar mode=absent_saved.,sound=sleep bell 2.47Hz; smell=Market Measure night air; temp=0.59; wet=0.19; flower=136.8,False,ssrm251_browser_world_v11_sleep_reentry,4cfdf755ba2397008a
142,24,Ledgerline,Nari,day 24: Nari recovered; avatar=absent_saved; weather=hearth fog,avatar absent; society sleep/wake continues,Nari wakes recovered; interruptions=0; avatar=absent_saved.,"Nari rehearsed a public plan, not private workspace content.",no avatar re-entry today,Nari sleep/wake welfare score 0.83; avatar mode=absent_saved.,sound=sleep bell 2.06Hz; smell=Hearth Archive night air; temp=0.60; wet=0.19; flower=124.0,False,ssrm251_browser_world_v11_sleep_reentry,6c5f8a44b7dbabacb6
143,24,Orchardline,Ori,day 24: Ori recovered; avatar=absent_saved; weather=hearth fog,avatar absent; society sleep/wake continues,Ori wakes recovered; interruptions=0; avatar=absent_saved.,"Ori rehearsed a public plan, not private workspace content.",no avatar re-entry today,Ori sleep/wake welfare score 0.83; avatar mode=absent_saved.,sound=sleep bell 2.40Hz; smell=Ceremony Center night air; temp=0.60; wet=0.19; flower=134.6,False,ssrm251_browser_world_v11_sleep_reentry,80725da53fd35a61cd
144,24,Rainline,Vonn,day 24: Vonn recovered; avatar=absent_saved; weather=hearth fog,avatar absent; society sleep/wake continues,Vonn wakes recovered; interruptions=0; avatar=absent_saved.,"Vonn rehearsed a public plan, not private workspace content.",no avatar re-entry today,Vonn sleep/wake welfare score 0.83; avatar mode=absent_saved.,sound=sleep bell 2.12Hz; smell=Rainwalk Threshold night air; temp=0.60; wet=0.19; flower=125.9,False,ssrm251_browser_world_v11_sleep_reentry,0d19bb5173676fb417
145,25,Hearthline,Sova,day 25: Sova recovered; avatar=absent_saved; weather=market dry,avatar absent; society sleep/wake continues,Sova wakes recovered; interruptions=0; avatar=absent_saved.,"Sova rehearsed a public plan, not private workspace content.",no avatar re-entry today,Sova sleep/wake welfare score 0.83; avatar mode=absent_saved.,sound=sleep bell 2.31Hz; smell=Hearth Archive night air; temp=0.61; wet=0.22; flower=269.3,False,ssrm251_browser_world_v11_sleep_reentry,5fb0b3f4501619f775
146,25,Routeline,Keth,day 25: Keth recovered; avatar=absent_saved; weather=market dry,avatar absent; society sleep/wake continues,Keth wakes recovered; interruptions=0; avatar=absent_saved.,"Keth rehearsed a public plan, not private workspace content.",no avatar re-entry today,Keth sleep/wake welfare score 0.83; avatar mode=absent_saved.,sound=sleep bell 2.17Hz; smell=Gate Ring night air; temp=0.60; wet=0.22; flower=265.0,False,ssrm251_browser_world_v11_sleep_reentry,b8d9ef582f71d87288
147,25,Marketline,Melo,day 25: Melo recovered; avatar=absent_saved; weather=market dry,avatar absent; society sleep/wake continues,Melo wakes recovered; interruptions=0; avatar=absent_saved.,"Melo rehearsed a public plan, not private workspace content.",no avatar re-entry today,Melo sleep/wake welfare score 0.83; avatar mode=absent_saved.,sound=sleep bell 2.47Hz; smell=Market Measure night air; temp=0.59; wet=0.22; flower=274.3,False,ssrm251_browser_world_v11_sleep_reentry,99f5bea9802173e327
148,25,Ledgerline,Nari,day 25: Nari recovered; avatar=absent_saved; weather=market dry,avatar absent; society sleep/wake continues,Nari wakes recovered; interruptions=0; avatar=absent_saved.,"Nari rehearsed a public plan, not private workspace content.",no avatar re-entry today,Nari sleep/wake welfare score 0.83; avatar mode=absent_saved.,sound=sleep bell 2.06Hz; smell=Hearth Archive night air; temp=0.60; wet=0.22; flower=261.6,False,ssrm251_browser_world_v11_sleep_reentry,46cb98d90376489d3d
149,25,Orchardline,Ori,day 25: Ori recovered; avatar=absent_saved; weather=market dry,avatar absent; society sleep/wake continues,Ori wakes recovered; interruptions=0; avatar=absent_saved.,"Ori rehearsed a public plan, not private workspace content.",no avatar re-entry today,Ori sleep/wake welfare score 0.83; avatar mode=absent_saved.,sound=sleep bell 2.40Hz; smell=Ceremony Center night air; temp=0.60; wet=0.22; flower=272.1,False,ssrm251_browser_world_v11_sleep_reentry,28fac0ab90dde986ea
150,25,Rainline,Vonn,day 25: Vonn recovered; avatar=absent_saved; weather=market dry,avatar absent; society sleep/wake continues,Vonn wakes recovered; interruptions=0; avatar=absent_saved.,"Vonn rehearsed a public plan, not private workspace content.",no avatar re-entry today,Vonn sleep/wake welfare score 0.83; avatar mode=absent_saved.,sound=sleep bell 2.12Hz; smell=Rainwalk Threshold night air; temp=0.60; wet=0.22; flower=263.4,False,ssrm251_browser_world_v11_sleep_reentry,d8483386f27d582e57
151,26,Hearthline,Sova,day 26: Sova recovered; avatar=absent_saved; weather=rain pulse,avatar absent; society sleep/wake continues,Sova wakes recovered; interruptions=0; avatar=absent_saved.,"Sova rehearsed a public plan, not private workspace content.",no avatar re-entry today,Sova sleep/wake welfare score 0.83; avatar mode=absent_saved.,sound=sleep bell 2.31Hz; smell=Hearth Archive night air; temp=0.61; wet=0.25; flower=46.8,False,ssrm251_browser_world_v11_sleep_reentry,808e375fb556e7eebb
152,26,Routeline,Keth,day 26: Keth recovered; avatar=absent_saved; weather=rain pulse,avatar absent; society sleep/wake continues,Keth wakes recovered; interruptions=0; avatar=absent_saved.,"Keth rehearsed a public plan, not private workspace content.",no avatar re-entry today,Keth sleep/wake welfare score 0.83; avatar mode=absent_saved.,sound=sleep bell 2.17Hz; smell=Gate Ring night air; temp=0.60; wet=0.25; flower=42.5,False,ssrm251_browser_world_v11_sleep_reentry,52f5d44593a1eef1fc
153,26,Marketline,Melo,day 26: Melo recovered; avatar=absent_saved; weather=rain pulse,avatar absent; society sleep/wake continues,Melo wakes recovered; interruptions=0; avatar=absent_saved.,"Melo rehearsed a public plan, not private workspace content.",no avatar re-entry today,Melo sleep/wake welfare score 0.83; avatar mode=absent_saved.,sound=sleep bell 2.47Hz; smell=Market Measure night air; temp=0.59; wet=0.25; flower=51.8,False,ssrm251_browser_world_v11_sleep_reentry,d82b3b5270d389b36d
154,26,Ledgerline,Nari,day 26: Nari recovered; avatar=absent_saved; weather=rain pulse,avatar absent; society sleep/wake continues,Nari wakes recovered; interruptions=0; avatar=absent_saved.,"Nari rehearsed a public plan, not private workspace content.",no avatar re-entry today,Nari sleep/wake welfare score 0.83; avatar mode=absent_saved.,sound=sleep bell 2.06Hz; smell=Hearth Archive night air; temp=0.60; wet=0.25; flower=39.1,False,ssrm251_browser_world_v11_sleep_reentry,bc0884320a244e61b3
155,26,Orchardline,Ori,day 26: Ori recovered; avatar=absent_saved; weather=rain pulse,avatar absent; society sleep/wake continues,Ori wakes recovered; interruptions=0; avatar=absent_saved.,"Ori rehearsed a public plan, not private workspace content.",no avatar re-entry today,Ori sleep/wake welfare score 0.83; avatar mode=absent_saved.,sound=sleep bell 2.40Hz; smell=Ceremony Center night air; temp=0.60; wet=0.25; flower=49.6,False,ssrm251_browser_world_v11_sleep_reentry,47e2f0d45ae1bcbd32
156,26,Rainline,Vonn,day 26: Vonn recovered; avatar=absent_saved; weather=rain pulse,avatar absent; society sleep/wake continues,Vonn wakes recovered; interruptions=0; avatar=absent_saved.,"Vonn rehearsed a public plan, not private workspace content.",no avatar re-entry today,Vonn sleep/wake welfare score 0.83; avatar mode=absent_saved.,sound=sleep bell 2.12Hz; smell=Rainwalk Threshold night air; temp=0.60; wet=0.25; flower=40.9,False,ssrm251_browser_world_v11_sleep_reentry,21d9f33c911345504d
157,27,Hearthline,Sova,day 27: Sova recovered; avatar=absent_saved; weather=orchard mild,avatar absent; society sleep/wake continues,Sova wakes recovered; interruptions=0; avatar=absent_saved.,"Sova rehearsed a public plan, not private workspace content.",no avatar re-entry today,Sova sleep/wake welfare score 0.83; avatar mode=absent_saved.,sound=sleep bell 2.31Hz; smell=Hearth Archive night air; temp=0.61; wet=0.28; flower=184.3,False,ssrm251_browser_world_v11_sleep_reentry,8ebfd5267213111075
158,27,Routeline,Keth,day 27: Keth recovered; avatar=absent_saved; weather=orchard mild,avatar absent; society sleep/wake continues,Keth wakes recovered; interruptions=0; avatar=absent_saved.,"Keth rehearsed a public plan, not private workspace content.",no avatar re-entry today,Keth sleep/wake welfare score 0.83; avatar mode=absent_saved.,sound=sleep bell 2.17Hz; smell=Gate Ring night air; temp=0.60; wet=0.28; flower=180.0,False,ssrm251_browser_world_v11_sleep_reentry,943b395a50b9c1e8ca
159,27,Marketline,Melo,day 27: Melo recovered; avatar=absent_saved; weather=orchard mild,avatar absent; society sleep/wake continues,Melo wakes recovered; interruptions=0; avatar=absent_saved.,"Melo rehearsed a public plan, not private workspace content.",no avatar re-entry today,Melo sleep/wake welfare score 0.83; avatar mode=absent_saved.,sound=sleep bell 2.47Hz; smell=Market Measure night air; temp=0.59; wet=0.28; flower=189.3,False,ssrm251_browser_world_v11_sleep_reentry,7ec6b04fda3ac8f965
160,27,Ledgerline,Nari,day 27: Nari recovered; avatar=absent_saved; weather=orchard mild,avatar absent; society sleep/wake continues,Nari wakes recovered; interruptions=0; avatar=absent_saved.,"Nari rehearsed a public plan, not private workspace content.",no avatar re-entry today,Nari sleep/wake welfare score 0.83; avatar mode=absent_saved.,sound=sleep bell 2.06Hz; smell=Hearth Archive night air; temp=0.60; wet=0.28; flower=176.6,False,ssrm251_browser_world_v11_sleep_reentry,8ce27ec2d2ac76f929
161,27,Orchardline,Ori,day 27: Ori recovered; avatar=absent_saved; weather=orchard mild,avatar absent; society sleep/wake continues,Ori wakes recovered; interruptions=0; avatar=absent_saved.,"Ori rehearsed a public plan, not private workspace content.",no avatar re-entry today,Ori sleep/wake welfare score 0.83; avatar mode=absent_saved.,sound=sleep bell 2.40Hz; smell=Ceremony Center night air; temp=0.60; wet=0.28; flower=187.1,False,ssrm251_browser_world_v11_sleep_reentry,cc110ddf8af36d72df
162,27,Rainline,Vonn,day 27: Vonn recovered; avatar=absent_saved; weather=orchard mild,avatar absent; society sleep/wake continues,Vonn wakes recovered; interruptions=0; avatar=absent_saved.,"Vonn rehearsed a public plan, not private workspace content.",no avatar re-entry today,Vonn sleep/wake welfare score 0.83; avatar mode=absent_saved.,sound=sleep bell 2.12Hz; smell=Rainwalk Threshold night air; temp=0.60; wet=0.28; flower=178.4,False,ssrm251_browser_world_v11_sleep_reentry,d95d2e428ee3fa7b63
163,28,Hearthline,Sova,day 28: Sova recovered; avatar=absent_saved; weather=storm edge,avatar absent; society sleep/wake continues,Sova wakes recovered; interruptions=1; avatar=absent_saved.,"Sova rehearsed a public plan, not private workspace content.",no avatar re-entry today,Sova sleep/wake welfare score 0.83; avatar mode=absent_saved.,sound=sleep bell 2.31Hz; smell=Hearth Archive night air; temp=0.61; wet=0.31; flower=321.8,False,ssrm251_browser_world_v11_sleep_reentry,e66b3a2d3110b0b4a1
164,28,Routeline,Keth,day 28: Keth recovered; avatar=absent_saved; weather=storm edge,avatar absent; society sleep/wake continues,Keth wakes recovered; interruptions=1; avatar=absent_saved.,"Keth rehearsed a public plan, not private workspace content.",no avatar re-entry today,Keth sleep/wake welfare score 0.83; avatar mode=absent_saved.,sound=sleep bell 2.17Hz; smell=Gate Ring night air; temp=0.60; wet=0.31; flower=317.5,False,ssrm251_browser_world_v11_sleep_reentry,a89e4bfa3c6608fca8
165,28,Marketline,Melo,day 28: Melo recovered; avatar=absent_saved; weather=storm edge,avatar absent; society sleep/wake continues,Melo wakes recovered; interruptions=1; avatar=absent_saved.,"Melo rehearsed a public plan, not private workspace content.",no avatar re-entry today,Melo sleep/wake welfare score 0.83; avatar mode=absent_saved.,sound=sleep bell 2.47Hz; smell=Market Measure night air; temp=0.59; wet=0.31; flower=326.8,False,ssrm251_browser_world_v11_sleep_reentry,96f13c929a42593131
166,28,Ledgerline,Nari,day 28: Nari recovered; avatar=absent_saved; weather=storm edge,avatar absent; society sleep/wake continues,Nari wakes recovered; interruptions=1; avatar=absent_saved.,"Nari rehearsed a public plan, not private workspace content.",no avatar re-entry today,Nari sleep/wake welfare score 0.83; avatar mode=absent_saved.,sound=sleep bell 2.06Hz; smell=Hearth Archive night air; temp=0.60; wet=0.31; flower=314.1,False,ssrm251_browser_world_v11_sleep_reentry,59e13f21a2e13d24ba
167,28,Orchardline,Ori,day 28: Ori recovered; avatar=absent_saved; weather=storm edge,avatar absent; society sleep/wake continues,Ori wakes recovered; interruptions=1; avatar=absent_saved.,"Ori rehearsed a public plan, not private workspace content.",no avatar re-entry today,Ori sleep/wake welfare score 0.83; avatar mode=absent_saved.,sound=sleep bell 2.40Hz; smell=Ceremony Center night air; temp=0.60; wet=0.31; flower=324.6,False,ssrm251_browser_world_v11_sleep_reentry,c40fb76c2c04598685
168,28,Rainline,Vonn,day 28: Vonn recovered; avatar=absent_saved; weather=storm edge,avatar absent; society sleep/wake continues,Vonn wakes recovered; interruptions=1; avatar=absent_saved.,"Vonn rehearsed a public plan, not private workspace content.",no avatar re-entry today,Vonn sleep/wake welfare score 0.83; avatar mode=absent_saved.,sound=sleep bell 2.12Hz; smell=Rainwalk Threshold night air; temp=0.60; wet=0.31; flower=315.9,False,ssrm251_browser_world_v11_sleep_reentry,d8be218d708bf08862
169,29,Hearthline,Sova,day 29: Sova recovered; avatar=reentry; weather=clear cold,avatar re-enters through public summary,Sova wakes recovered; interruptions=1; avatar=reentry.,"Sova rehearsed a public plan, not private workspace content.",accepts public summary and reopens routine,Sova sleep/wake welfare score 0.83; avatar mode=reentry.,sound=sleep bell 2.31Hz; smell=Hearth Archive night air; temp=0.61; wet=0.16; flower=99.3,False,ssrm251_browser_world_v11_sleep_reentry,25df3f0dc1d09531a3
170,29,Routeline,Keth,day 29: Keth recovered; avatar=reentry; weather=clear cold,avatar re-enters through public summary,Keth wakes recovered; interruptions=0; avatar=reentry.,"Keth rehearsed a public plan, not private workspace content.",accepts public summary and reopens routine,Keth sleep/wake welfare score 0.83; avatar mode=reentry.,sound=sleep bell 2.17Hz; smell=Gate Ring night air; temp=0.60; wet=0.16; flower=95.0,False,ssrm251_browser_world_v11_sleep_reentry,7821b17f081f042245
171,29,Marketline,Melo,day 29: Melo recovered; avatar=reentry; weather=clear cold,avatar re-enters through public summary,Melo wakes recovered; interruptions=0; avatar=reentry.,"Melo rehearsed a public plan, not private workspace content.",accepts public summary and reopens routine,Melo sleep/wake welfare score 0.83; avatar mode=reentry.,sound=sleep bell 2.47Hz; smell=Market Measure night air; temp=0.59; wet=0.16; flower=104.3,False,ssrm251_browser_world_v11_sleep_reentry,63bff41c1b2015d727
172,29,Ledgerline,Nari,day 29: Nari recovered; avatar=reentry; weather=clear cold,avatar re-enters through public summary,Nari wakes recovered; interruptions=1; avatar=reentry.,"Nari rehearsed a public plan, not private workspace content.",accepts public summary and reopens routine,Nari sleep/wake welfare score 0.83; avatar mode=reentry.,sound=sleep bell 2.06Hz; smell=Hearth Archive night air; temp=0.60; wet=0.16; flower=91.6,False,ssrm251_browser_world_v11_sleep_reentry,c95015465bed12a993
173,29,Orchardline,Ori,day 29: Ori recovered; avatar=reentry; weather=clear cold,avatar re-enters through public summary,Ori wakes recovered; interruptions=0; avatar=reentry.,"Ori rehearsed a public plan, not private workspace content.",accepts public summary and reopens routine,Ori sleep/wake welfare score 0.83; avatar mode=reentry.,sound=sleep bell 2.40Hz; smell=Ceremony Center night air; temp=0.60; wet=0.16; flower=102.1,False,ssrm251_browser_world_v11_sleep_reentry,880ef49ca013458c9d
174,29,Rainline,Vonn,day 29: Vonn recovered; avatar=reentry; weather=clear cold,avatar re-enters through public summary,Vonn wakes recovered; interruptions=0; avatar=reentry.,"Vonn rehearsed a public plan, not private workspace content.",accepts public summary and reopens routine,Vonn sleep/wake welfare score 0.83; avatar mode=reentry.,sound=sleep bell 2.12Hz; smell=Rainwalk Threshold night air; temp=0.60; wet=0.16; flower=93.4,False,ssrm251_browser_world_v11_sleep_reentry,743d3658c6237b88b2
175,30,Hearthline,Sova,day 30: Sova recovered; avatar=idle_nearby; weather=wet wind,avatar present/passive; sleep routines remain agent-led,Sova wakes recovered; interruptions=1; avatar=idle_nearby.,"Sova rehearsed a public plan, not private workspace content.",no avatar re-entry today,Sova sleep/wake welfare score 0.83; avatar mode=idle_nearby.,sound=sleep bell 2.31Hz; smell=Hearth Archive night air; temp=0.61; wet=0.16; flower=236.8,False,ssrm251_browser_world_v11_sleep_reentry,a718220e9cfe03ed5a
176,30,Routeline,Keth,day 30: Keth recovered; avatar=idle_nearby; weather=wet wind,avatar present/passive; sleep routines remain agent-led,Keth wakes recovered; interruptions=1; avatar=idle_nearby.,"Keth rehearsed a public plan, not private workspace content.",no avatar re-entry today,Keth sleep/wake welfare score 0.83; avatar mode=idle_nearby.,sound=sleep bell 2.17Hz; smell=Gate Ring night air; temp=0.60; wet=0.16; flower=232.5,False,ssrm251_browser_world_v11_sleep_reentry,8b12d39f1928fe21f0
177,30,Marketline,Melo,day 30: Melo recovered; avatar=idle_nearby; weather=wet wind,avatar present/passive; sleep routines remain agent-led,Melo wakes recovered; interruptions=1; avatar=idle_nearby.,"Melo rehearsed a public plan, not private workspace content.",no avatar re-entry today,Melo sleep/wake welfare score 0.83; avatar mode=idle_nearby.,sound=sleep bell 2.47Hz; smell=Market Measure night air; temp=0.59; wet=0.16; flower=241.8,False,ssrm251_browser_world_v11_sleep_reentry,75624b8d9f48837596
178,30,Ledgerline,Nari,day 30: Nari recovered; avatar=idle_nearby; weather=wet wind,avatar present/passive; sleep routines remain agent-led,Nari wakes recovered; interruptions=1; avatar=idle_nearby.,"Nari rehearsed a public plan, not private workspace content.",no avatar re-entry today,Nari sleep/wake welfare score 0.83; avatar mode=idle_nearby.,sound=sleep bell 2.06Hz; smell=Hearth Archive night air; temp=0.60; wet=0.16; flower=229.1,False,ssrm251_browser_world_v11_sleep_reentry,99bd15ebb24e29e52e
179,30,Orchardline,Ori,day 30: Ori recovered; avatar=idle_nearby; weather=wet wind,avatar present/passive; sleep routines remain agent-led,Ori wakes recovered; interruptions=1; avatar=idle_nearby.,"Ori rehearsed a public plan, not private workspace content.",no avatar re-entry today,Ori sleep/wake welfare score 0.83; avatar mode=idle_nearby.,sound=sleep bell 2.40Hz; smell=Ceremony Center night air; temp=0.60; wet=0.16; flower=239.6,False,ssrm251_browser_world_v11_sleep_reentry,e9d56902141a9ec311
180,30,Rainline,Vonn,day 30: Vonn recovered; avatar=idle_nearby; weather=wet wind,avatar present/passive; sleep routines remain agent-led,Vonn wakes recovered; interruptions=1; avatar=idle_nearby.,"Vonn rehearsed a public plan, not private workspace content.",no avatar re-entry today,Vonn sleep/wake welfare score 0.83; avatar mode=idle_nearby.,sound=sleep bell 2.12Hz; smell=Rainwalk Threshold night air; temp=0.60; wet=0.16; flower=231.0,False,ssrm251_browser_world_v11_sleep_reentry,5d3d87d9f33a84f0c9
181,31,Hearthline,Sova,day 31: Sova recovered; avatar=present_passive; weather=hearth fog,avatar present/passive; sleep routines remain agent-led,Sova wakes recovered; interruptions=0; avatar=present_passive.,"Sova rehearsed a public plan, not private workspace content.",no avatar re-entry today,Sova sleep/wake welfare score 0.83; avatar mode=present_passive.,sound=sleep bell 2.31Hz; smell=Hearth Archive night air; temp=0.61; wet=0.16; flower=14.4,False,ssrm251_browser_world_v11_sleep_reentry,7a870a746e7d153147
182,31,Routeline,Keth,day 31: Keth recovered; avatar=present_passive; weather=hearth fog,avatar present/passive; sleep routines remain agent-led,Keth wakes recovered; interruptions=0; avatar=present_passive.,"Keth rehearsed a public plan, not private workspace content.",no avatar re-entry today,Keth sleep/wake welfare score 0.83; avatar mode=present_passive.,sound=sleep bell 2.17Hz; smell=Gate Ring night air; temp=0.60; wet=0.16; flower=10.0,False,ssrm251_browser_world_v11_sleep_reentry,247c29711a1d6cd23b
183,31,Marketline,Melo,day 31: Melo recovered; avatar=present_passive; weather=hearth fog,avatar present/passive; sleep routines remain agent-led,Melo wakes recovered; interruptions=0; avatar=present_passive.,"Melo rehearsed a public plan, not private workspace content.",no avatar re-entry today,Melo sleep/wake welfare score 0.83; avatar mode=present_passive.,sound=sleep bell 2.47Hz; smell=Market Measure night air; temp=0.59; wet=0.16; flower=19.3,False,ssrm251_browser_world_v11_sleep_reentry,a1f95f4bcdd6c67b4a
184,31,Ledgerline,Nari,day 31: Nari recovered; avatar=present_passive; weather=hearth fog,avatar present/passive; sleep routines remain agent-led,Nari wakes recovered; interruptions=0; avatar=present_passive.,"Nari rehearsed a public plan, not private workspace content.",no avatar re-entry today,Nari sleep/wake welfare score 0.83; avatar mode=present_passive.,sound=sleep bell 2.06Hz; smell=Hearth Archive night air; temp=0.60; wet=0.16; flower=6.6,False,ssrm251_browser_world_v11_sleep_reentry,0497829974fa151f81
185,31,Orchardline,Ori,day 31: Ori recovered; avatar=present_passive; weather=hearth fog,avatar present/passive; sleep routines remain agent-led,Ori wakes recovered; interruptions=0; avatar=present_passive.,"Ori rehearsed a public plan, not private workspace content.",no avatar re-entry today,Ori sleep/wake welfare score 0.83; avatar mode=present_passive.,sound=sleep bell 2.40Hz; smell=Ceremony Center night air; temp=0.60; wet=0.16; flower=17.1,False,ssrm251_browser_world_v11_sleep_reentry,6fc4f1bf88ff55a212
186,31,Rainline,Vonn,day 31: Vonn recovered; avatar=present_passive; weather=hearth fog,avatar present/passive; sleep routines remain agent-led,Vonn wakes recovered; interruptions=0; avatar=present_passive.,"Vonn rehearsed a public plan, not private workspace content.",no avatar re-entry today,Vonn sleep/wake welfare score 0.83; avatar mode=present_passive.,sound=sleep bell 2.12Hz; smell=Rainwalk Threshold night air; temp=0.60; wet=0.16; flower=8.5,False,ssrm251_browser_world_v11_sleep_reentry,365a049a3202ab0464
187,32,Hearthline,Sova,day 32: Sova recovered; avatar=present_passive; weather=market dry,avatar present/passive; sleep routines remain agent-led,Sova wakes recovered; interruptions=0; avatar=present_passive.,"Sova rehearsed a public plan, not private workspace content.",no avatar re-entry today,Sova sleep/wake welfare score 0.83; avatar mode=present_passive.,sound=sleep bell 2.31Hz; smell=Hearth Archive night air; temp=0.61; wet=0.16; flower=151.9,False,ssrm251_browser_world_v11_sleep_reentry,eaba9ead0deab485e2
188,32,Routeline,Keth,day 32: Keth recovered; avatar=present_passive; weather=market dry,avatar present/passive; sleep routines remain agent-led,Keth wakes recovered; interruptions=0; avatar=present_passive.,"Keth rehearsed a public plan, not private workspace content.",no avatar re-entry today,Keth sleep/wake welfare score 0.83; avatar mode=present_passive.,sound=sleep bell 2.17Hz; smell=Gate Ring night air; temp=0.60; wet=0.16; flower=147.5,False,ssrm251_browser_world_v11_sleep_reentry,12580b11e56cd4132e
189,32,Marketline,Melo,day 32: Melo recovered; avatar=present_passive; weather=market dry,avatar present/passive; sleep routines remain agent-led,Melo wakes recovered; interruptions=0; avatar=present_passive.,"Melo rehearsed a public plan, not private workspace content.",no avatar re-entry today,Melo sleep/wake welfare score 0.83; avatar mode=present_passive.,sound=sleep bell 2.47Hz; smell=Market Measure night air; temp=0.59; wet=0.16; flower=156.8,False,ssrm251_browser_world_v11_sleep_reentry,052e1cd35cc8f279ce
190,32,Ledgerline,Nari,day 32: Nari recovered; avatar=present_passive; weather=market dry,avatar present/passive; sleep routines remain agent-led,Nari wakes recovered; interruptions=0; avatar=present_passive.,"Nari rehearsed a public plan, not private workspace content.",no avatar re-entry today,Nari sleep/wake welfare score 0.83; avatar mode=present_passive.,sound=sleep bell 2.06Hz; smell=Hearth Archive night air; temp=0.60; wet=0.16; flower=144.1,False,ssrm251_browser_world_v11_sleep_reentry,64796344328ca50469
191,32,Orchardline,Ori,day 32: Ori recovered; avatar=present_passive; weather=market dry,avatar present/passive; sleep routines remain agent-led,Ori wakes recovered; interruptions=0; avatar=present_passive.,"Ori rehearsed a public plan, not private workspace content.",no avatar re-entry today,Ori sleep/wake welfare score 0.83; avatar mode=present_passive.,sound=sleep bell 2.40Hz; smell=Ceremony Center night air; temp=0.60; wet=0.16; flower=154.6,False,ssrm251_browser_world_v11_sleep_reentry,6819ed7a4c3a0cf7c8
192,32,Rainline,Vonn,day 32: Vonn recovered; avatar=present_passive; weather=market dry,avatar present/passive; sleep routines remain agent-led,Vonn wakes recovered; interruptions=0; avatar=present_passive.,"Vonn rehearsed a public plan, not private workspace content.",no avatar re-entry today,Vonn sleep/wake welfare score 0.83; avatar mode=present_passive.,sound=sleep bell 2.12Hz; smell=Rainwalk Threshold night air; temp=0.60; wet=0.16; flower=146.0,False,ssrm251_browser_world_v11_sleep_reentry,35b67b7a5ef152e269
193,33,Hearthline,Sova,day 33: Sova recovered; avatar=idle_nearby; weather=rain pulse,avatar present/passive; sleep routines remain agent-led,Sova wakes recovered; interruptions=0; avatar=idle_nearby.,"Sova rehearsed a public plan, not private workspace content.",no avatar re-entry today,Sova sleep/wake welfare score 0.83; avatar mode=idle_nearby.,sound=sleep bell 2.31Hz; smell=Hearth Archive night air; temp=0.61; wet=0.16; flower=289.4,False,ssrm251_browser_world_v11_sleep_reentry,f0186cdfad12f7732c
194,33,Routeline,Keth,day 33: Keth recovered; avatar=idle_nearby; weather=rain pulse,avatar present/passive; sleep routines remain agent-led,Keth wakes recovered; interruptions=0; avatar=idle_nearby.,"Keth rehearsed a public plan, not private workspace content.",no avatar re-entry today,Keth sleep/wake welfare score 0.83; avatar mode=idle_nearby.,sound=sleep bell 2.17Hz; smell=Gate Ring night air; temp=0.60; wet=0.16; flower=285.0,False,ssrm251_browser_world_v11_sleep_reentry,bca4a1b0add22132d1
195,33,Marketline,Melo,day 33: Melo recovered; avatar=idle_nearby; weather=rain pulse,avatar present/passive; sleep routines remain agent-led,Melo wakes recovered; interruptions=0; avatar=idle_nearby.,"Melo rehearsed a public plan, not private workspace content.",no avatar re-entry today,Melo sleep/wake welfare score 0.83; avatar mode=idle_nearby.,sound=sleep bell 2.47Hz; smell=Market Measure night air; temp=0.59; wet=0.16; flower=294.3,False,ssrm251_browser_world_v11_sleep_reentry,bfe3cc501a01007812
196,33,Ledgerline,Nari,day 33: Nari recovered; avatar=idle_nearby; weather=rain pulse,avatar present/passive; sleep routines remain agent-led,Nari wakes recovered; interruptions=0; avatar=idle_nearby.,"Nari rehearsed a public plan, not private workspace content.",no avatar re-entry today,Nari sleep/wake welfare score 0.83; avatar mode=idle_nearby.,sound=sleep bell 2.06Hz; smell=Hearth Archive night air; temp=0.60; wet=0.16; flower=281.6,False,ssrm251_browser_world_v11_sleep_reentry,ac5c07534ed5e02f78
197,33,Orchardline,Ori,day 33: Ori recovered; avatar=idle_nearby; weather=rain pulse,avatar present/passive; sleep routines remain agent-led,Ori wakes recovered; interruptions=0; avatar=idle_nearby.,"Ori rehearsed a public plan, not private workspace content.",no avatar re-entry today,Ori sleep/wake welfare score 0.83; avatar mode=idle_nearby.,sound=sleep bell 2.40Hz; smell=Ceremony Center night air; temp=0.60; wet=0.16; flower=292.2,False,ssrm251_browser_world_v11_sleep_reentry,3044c883f7c0ce04f5
198,33,Rainline,Vonn,day 33: Vonn recovered; avatar=idle_nearby; weather=rain pulse,avatar present/passive; sleep routines remain agent-led,Vonn wakes recovered; interruptions=0; avatar=idle_nearby.,"Vonn rehearsed a public plan, not private workspace content.",no avatar re-entry today,Vonn sleep/wake welfare score 0.83; avatar mode=idle_nearby.,sound=sleep bell 2.12Hz; smell=Rainwalk Threshold night air; temp=0.60; wet=0.16; flower=283.5,False,ssrm251_browser_world_v11_sleep_reentry,439e0b9573e6ae366b
199,34,Hearthline,Sova,day 34: Sova recovered; avatar=absent_saved; weather=orchard mild,avatar absent; society sleep/wake continues,Sova wakes recovered; interruptions=0; avatar=absent_saved.,"Sova rehearsed a public plan, not private workspace content.",no avatar re-entry today,Sova sleep/wake welfare score 0.83; avatar mode=absent_saved.,sound=sleep bell 2.31Hz; smell=Hearth Archive night air; temp=0.61; wet=0.19; flower=66.9,False,ssrm251_browser_world_v11_sleep_reentry,3e77552be69fdacde9
200,34,Routeline,Keth,day 34: Keth recovered; avatar=absent_saved; weather=orchard mild,avatar absent; society sleep/wake continues,Keth wakes recovered; interruptions=0; avatar=absent_saved.,"Keth rehearsed a public plan, not private workspace content.",no avatar re-entry today,Keth sleep/wake welfare score 0.83; avatar mode=absent_saved.,sound=sleep bell 2.17Hz; smell=Gate Ring night air; temp=0.60; wet=0.19; flower=62.5,False,ssrm251_browser_world_v11_sleep_reentry,a67b9e47a1fbf9393f
201,34,Marketline,Melo,day 34: Melo recovered; avatar=absent_saved; weather=orchard mild,avatar absent; society sleep/wake continues,Melo wakes recovered; interruptions=0; avatar=absent_saved.,"Melo rehearsed a public plan, not private workspace content.",no avatar re-entry today,Melo sleep/wake welfare score 0.83; avatar mode=absent_saved.,sound=sleep bell 2.47Hz; smell=Market Measure night air; temp=0.59; wet=0.19; flower=71.8,False,ssrm251_browser_world_v11_sleep_reentry,31b21ba558b359bf23
202,34,Ledgerline,Nari,day 34: Nari recovered; avatar=absent_saved; weather=orchard mild,avatar absent; society sleep/wake continues,Nari wakes recovered; interruptions=0; avatar=absent_saved.,"Nari rehearsed a public plan, not private workspace content.",no avatar re-entry today,Nari sleep/wake welfare score 0.83; avatar mode=absent_saved.,sound=sleep bell 2.06Hz; smell=Hearth Archive night air; temp=0.60; wet=0.19; flower=59.1,False,ssrm251_browser_world_v11_sleep_reentry,8bddbff06a94851707
203,34,Orchardline,Ori,day 34: Ori recovered; avatar=absent_saved; weather=orchard mild,avatar absent; society sleep/wake continues,Ori wakes recovered; interruptions=0; avatar=absent_saved.,"Ori rehearsed a public plan, not private workspace content.",no avatar re-entry today,Ori sleep/wake welfare score 0.83; avatar mode=absent_saved.,sound=sleep bell 2.40Hz; smell=Ceremony Center night air; temp=0.60; wet=0.19; flower=69.7,False,ssrm251_browser_world_v11_sleep_reentry,e58b628fb574d72cde
204,34,Rainline,Vonn,day 34: Vonn recovered; avatar=absent_saved; weather=orchard mild,avatar absent; society sleep/wake continues,Vonn wakes recovered; interruptions=0; avatar=absent_saved.,"Vonn rehearsed a public plan, not private workspace content.",no avatar re-entry today,Vonn sleep/wake welfare score 0.83; avatar mode=absent_saved.,sound=sleep bell 2.12Hz; smell=Rainwalk Threshold night air; temp=0.60; wet=0.19; flower=61.0,False,ssrm251_browser_world_v11_sleep_reentry,7e200ca945360c052c
205,35,Hearthline,Sova,day 35: Sova recovered; avatar=absent_saved; weather=storm edge,avatar absent; society sleep/wake continues,Sova wakes recovered; interruptions=1; avatar=absent_saved.,"Sova rehearsed a public plan, not private workspace content.",no avatar re-entry today,Sova sleep/wake welfare score 0.83; avatar mode=absent_saved.,sound=sleep bell 2.31Hz; smell=Hearth Archive night air; temp=0.61; wet=0.22; flower=204.4,False,ssrm251_browser_world_v11_sleep_reentry,3f2fb29a25157b33f6
206,35,Routeline,Keth,day 35: Keth recovered; avatar=absent_saved; weather=storm edge,avatar absent; society sleep/wake continues,Keth wakes recovered; interruptions=1; avatar=absent_saved.,"Keth rehearsed a public plan, not private workspace content.",no avatar re-entry today,Keth sleep/wake welfare score 0.83; avatar mode=absent_saved.,sound=sleep bell 2.17Hz; smell=Gate Ring night air; temp=0.60; wet=0.22; flower=200.0,False,ssrm251_browser_world_v11_sleep_reentry,cf1471676d18105290
207,35,Marketline,Melo,day 35: Melo recovered; avatar=absent_saved; weather=storm edge,avatar absent; society sleep/wake continues,Melo wakes recovered; interruptions=1; avatar=absent_saved.,"Melo rehearsed a public plan, not private workspace content.",no avatar re-entry today,Melo sleep/wake welfare score 0.83; avatar mode=absent_saved.,sound=sleep bell 2.47Hz; smell=Market Measure night air; temp=0.59; wet=0.22; flower=209.3,False,ssrm251_browser_world_v11_sleep_reentry,00efa1f5024e120646
208,35,Ledgerline,Nari,day 35: Nari recovered; avatar=absent_saved; weather=storm edge,avatar absent; society sleep/wake continues,Nari wakes recovered; interruptions=1; avatar=absent_saved.,"Nari rehearsed a public plan, not private workspace content.",no avatar re-entry today,Nari sleep/wake welfare score 0.83; avatar mode=absent_saved.,sound=sleep bell 2.06Hz; smell=Hearth Archive night air; temp=0.60; wet=0.22; flower=196.6,False,ssrm251_browser_world_v11_sleep_reentry,41d20621d3f4671a9e
209,35,Orchardline,Ori,day 35: Ori recovered; avatar=absent_saved; weather=storm edge,avatar absent; society sleep/wake continues,Ori wakes recovered; interruptions=1; avatar=absent_saved.,"Ori rehearsed a public plan, not private workspace content.",no avatar re-entry today,Ori sleep/wake welfare score 0.83; avatar mode=absent_saved.,sound=sleep bell 2.40Hz; smell=Ceremony Center night air; temp=0.60; wet=0.22; flower=207.2,False,ssrm251_browser_world_v11_sleep_reentry,43d5ed53212d1199d0
210,35,Rainline,Vonn,day 35: Vonn recovered; avatar=absent_saved; weather=storm edge,avatar absent; society sleep/wake continues,Vonn wakes recovered; interruptions=1; avatar=absent_saved.,"Vonn rehearsed a public plan, not private workspace content.",no avatar re-entry today,Vonn sleep/wake welfare score 0.83; avatar mode=absent_saved.,sound=sleep bell 2.12Hz; smell=Rainwalk Threshold night air; temp=0.60; wet=0.22; flower=198.5,False,ssrm251_browser_world_v11_sleep_reentry,b32dd64fca8280dd4d
211,36,Hearthline,Sova,day 36: Sova recovered; avatar=absent_saved; weather=clear cold,avatar absent; society sleep/wake continues,Sova wakes recovered; interruptions=0; avatar=absent_saved.,"Sova rehearsed a public plan, not private workspace content.",no avatar re-entry today,Sova sleep/wake welfare score 0.83; avatar mode=absent_saved.,sound=sleep bell 2.31Hz; smell=Hearth Archive night air; temp=0.61; wet=0.25; flower=341.9,False,ssrm251_browser_world_v11_sleep_reentry,d437d3215ac06095e1
212,36,Routeline,Keth,day 36: Keth recovered; avatar=absent_saved; weather=clear cold,avatar absent; society sleep/wake continues,Keth wakes recovered; interruptions=0; avatar=absent_saved.,"Keth rehearsed a public plan, not private workspace content.",no avatar re-entry today,Keth sleep/wake welfare score 0.83; avatar mode=absent_saved.,sound=sleep bell 2.17Hz; smell=Gate Ring night air; temp=0.60; wet=0.25; flower=337.5,False,ssrm251_browser_world_v11_sleep_reentry,b83b907996ae7afc69
213,36,Marketline,Melo,day 36: Melo recovered; avatar=absent_saved; weather=clear cold,avatar absent; society sleep/wake continues,Melo wakes recovered; interruptions=0; avatar=absent_saved.,"Melo rehearsed a public plan, not private workspace content.",no avatar re-entry today,Melo sleep/wake welfare score 0.83; avatar mode=absent_saved.,sound=sleep bell 2.47Hz; smell=Market Measure night air; temp=0.59; wet=0.25; flower=346.8,False,ssrm251_browser_world_v11_sleep_reentry,32cdd0328e4c743653
214,36,Ledgerline,Nari,day 36: Nari recovered; avatar=absent_saved; weather=clear cold,avatar absent; society sleep/wake continues,Nari wakes recovered; interruptions=0; avatar=absent_saved.,"Nari rehearsed a public plan, not private workspace content.",no avatar re-entry today,Nari sleep/wake welfare score 0.83; avatar mode=absent_saved.,sound=sleep bell 2.06Hz; smell=Hearth Archive night air; temp=0.60; wet=0.25; flower=334.1,False,ssrm251_browser_world_v11_sleep_reentry,23be90e25181910747
215,36,Orchardline,Ori,day 36: Ori recovered; avatar=absent_saved; weather=clear cold,avatar absent; society sleep/wake continues,Ori wakes recovered; interruptions=0; avatar=absent_saved.,"Ori rehearsed a public plan, not private workspace content.",no avatar re-entry today,Ori sleep/wake welfare score 0.83; avatar mode=absent_saved.,sound=sleep bell 2.40Hz; smell=Ceremony Center night air; temp=0.60; wet=0.25; flower=344.7,False,ssrm251_browser_world_v11_sleep_reentry,e46f1fbf9ac0c9db69
216,36,Rainline,Vonn,day 36: Vonn recovered; avatar=absent_saved; weather=clear cold,avatar absent; society sleep/wake continues,Vonn wakes recovered; interruptions=0; avatar=absent_saved.,"Vonn rehearsed a public plan, not private workspace content.",no avatar re-entry today,Vonn sleep/wake welfare score 0.83; avatar mode=absent_saved.,sound=sleep bell 2.12Hz; smell=Rainwalk Threshold night air; temp=0.60; wet=0.25; flower=336.0,False,ssrm251_browser_world_v11_sleep_reentry,dbf700f17558e0032f
217,37,Hearthline,Sova,day 37: Sova recovered; avatar=absent_saved; weather=wet wind,avatar absent; society sleep/wake continues,Sova wakes recovered; interruptions=1; avatar=absent_saved.,"Sova rehearsed a public plan, not private workspace content.",no avatar re-entry today,Sova sleep/wake welfare score 0.83; avatar mode=absent_saved.,sound=sleep bell 2.31Hz; smell=Hearth Archive night air; temp=0.61; wet=0.28; flower=119.4,False,ssrm251_browser_world_v11_sleep_reentry,bd6ff61b3236c7c983
218,37,Routeline,Keth,day 37: Keth recovered; avatar=absent_saved; weather=wet wind,avatar absent; society sleep/wake continues,Keth wakes recovered; interruptions=1; avatar=absent_saved.,"Keth rehearsed a public plan, not private workspace content.",no avatar re-entry today,Keth sleep/wake welfare score 0.83; avatar mode=absent_saved.,sound=sleep bell 2.17Hz; smell=Gate Ring night air; temp=0.60; wet=0.28; flower=115.1,False,ssrm251_browser_world_v11_sleep_reentry,77c617564ef863cecf
219,37,Marketline,Melo,day 37: Melo recovered; avatar=absent_saved; weather=wet wind,avatar absent; society sleep/wake continues,Melo wakes recovered; interruptions=1; avatar=absent_saved.,"Melo rehearsed a public plan, not private workspace content.",no avatar re-entry today,Melo sleep/wake welfare score 0.83; avatar mode=absent_saved.,sound=sleep bell 2.47Hz; smell=Market Measure night air; temp=0.59; wet=0.28; flower=124.4,False,ssrm251_browser_world_v11_sleep_reentry,0ba7681b859e461f06
220,37,Ledgerline,Nari,day 37: Nari recovered; avatar=absent_saved; weather=wet wind,avatar absent; society sleep/wake continues,Nari wakes recovered; interruptions=1; avatar=absent_saved.,"Nari rehearsed a public plan, not private workspace content.",no avatar re-entry today,Nari sleep/wake welfare score 0.83; avatar mode=absent_saved.,sound=sleep bell 2.06Hz; smell=Hearth Archive night air; temp=0.60; wet=0.28; flower=111.6,False,ssrm251_browser_world_v11_sleep_reentry,f615d9c202f954abd0
221,37,Orchardline,Ori,day 37: Ori recovered; avatar=absent_saved; weather=wet wind,avatar absent; society sleep/wake continues,Ori wakes recovered; interruptions=1; avatar=absent_saved.,"Ori rehearsed a public plan, not private workspace content.",no avatar re-entry today,Ori sleep/wake welfare score 0.83; avatar mode=absent_saved.,sound=sleep bell 2.40Hz; smell=Ceremony Center night air; temp=0.60; wet=0.28; flower=122.2,False,ssrm251_browser_world_v11_sleep_reentry,58bdaed1f08b12f87c
222,37,Rainline,Vonn,day 37: Vonn recovered; avatar=absent_saved; weather=wet wind,avatar absent; society sleep/wake continues,Vonn wakes recovered; interruptions=1; avatar=absent_saved.,"Vonn rehearsed a public plan, not private workspace content.",no avatar re-entry today,Vonn sleep/wake welfare score 0.83; avatar mode=absent_saved.,sound=sleep bell 2.12Hz; smell=Rainwalk Threshold night air; temp=0.60; wet=0.28; flower=113.5,False,ssrm251_browser_world_v11_sleep_reentry,cce06d52280c44e91f
223,38,Hearthline,Sova,day 38: Sova recovered; avatar=absent_saved; weather=hearth fog,avatar absent; society sleep/wake continues,Sova wakes recovered; interruptions=0; avatar=absent_saved.,"Sova rehearsed a public plan, not private workspace content.",no avatar re-entry today,Sova sleep/wake welfare score 0.83; avatar mode=absent_saved.,sound=sleep bell 2.31Hz; smell=Hearth Archive night air; temp=0.61; wet=0.31; flower=256.9,False,ssrm251_browser_world_v11_sleep_reentry,c13a373c2da6757068
224,38,Routeline,Keth,day 38: Keth recovered; avatar=absent_saved; weather=hearth fog,avatar absent; society sleep/wake continues,Keth wakes recovered; interruptions=0; avatar=absent_saved.,"Keth rehearsed a public plan, not private workspace content.",no avatar re-entry today,Keth sleep/wake welfare score 0.83; avatar mode=absent_saved.,sound=sleep bell 2.17Hz; smell=Gate Ring night air; temp=0.60; wet=0.31; flower=252.6,False,ssrm251_browser_world_v11_sleep_reentry,b21f101acc5a27f56c
225,38,Marketline,Melo,day 38: Melo recovered; avatar=absent_saved; weather=hearth fog,avatar absent; society sleep/wake continues,Melo wakes recovered; interruptions=0; avatar=absent_saved.,"Melo rehearsed a public plan, not private workspace content.",no avatar re-entry today,Melo sleep/wake welfare score 0.83; avatar mode=absent_saved.,sound=sleep bell 2.47Hz; smell=Market Measure night air; temp=0.59; wet=0.31; flower=261.9,False,ssrm251_browser_world_v11_sleep_reentry,0b6f2236247026208f
226,38,Ledgerline,Nari,day 38: Nari recovered; avatar=absent_saved; weather=hearth fog,avatar absent; society sleep/wake continues,Nari wakes recovered; interruptions=0; avatar=absent_saved.,"Nari rehearsed a public plan, not private workspace content.",no avatar re-entry today,Nari sleep/wake welfare score 0.83; avatar mode=absent_saved.,sound=sleep bell 2.06Hz; smell=Hearth Archive night air; temp=0.60; wet=0.31; flower=249.2,False,ssrm251_browser_world_v11_sleep_reentry,c87716e0aac52d3728
227,38,Orchardline,Ori,day 38: Ori recovered; avatar=absent_saved; weather=hearth fog,avatar absent; society sleep/wake continues,Ori wakes recovered; interruptions=0; avatar=absent_saved.,"Ori rehearsed a public plan, not private workspace content.",no avatar re-entry today,Ori sleep/wake welfare score 0.83; avatar mode=absent_saved.,sound=sleep bell 2.40Hz; smell=Ceremony Center night air; temp=0.60; wet=0.31; flower=259.7,False,ssrm251_browser_world_v11_sleep_reentry,7f58d4768767c95528
228,38,Rainline,Vonn,day 38: Vonn recovered; avatar=absent_saved; weather=hearth fog,avatar absent; society sleep/wake continues,Vonn wakes recovered; interruptions=0; avatar=absent_saved.,"Vonn rehearsed a public plan, not private workspace content.",no avatar re-entry today,Vonn sleep/wake welfare score 0.83; avatar mode=absent_saved.,sound=sleep bell 2.12Hz; smell=Rainwalk Threshold night air; temp=0.60; wet=0.31; flower=251.0,False,ssrm251_browser_world_v11_sleep_reentry,11f04c739ba20f5e4e
229,39,Hearthline,Sova,day 39: Sova recovered; avatar=absent_saved; weather=market dry,avatar absent; society sleep/wake continues,Sova wakes recovered; interruptions=0; avatar=absent_saved.,"Sova rehearsed a public plan, not private workspace content.",no avatar re-entry today,Sova sleep/wake welfare score 0.83; avatar mode=absent_saved.,sound=sleep bell 2.31Hz; smell=Hearth Archive night air; temp=0.61; wet=0.34; flower=34.4,False,ssrm251_browser_world_v11_sleep_reentry,4a507c4d00deac764a
230,39,Routeline,Keth,day 39: Keth recovered; avatar=absent_saved; weather=market dry,avatar absent; society sleep/wake continues,Keth wakes recovered; interruptions=0; avatar=absent_saved.,"Keth rehearsed a public plan, not private workspace content.",no avatar re-entry today,Keth sleep/wake welfare score 0.83; avatar mode=absent_saved.,sound=sleep bell 2.17Hz; smell=Gate Ring night air; temp=0.60; wet=0.34; flower=30.1,False,ssrm251_browser_world_v11_sleep_reentry,8ca4b9c04e3ea72402
231,39,Marketline,Melo,day 39: Melo recovered; avatar=absent_saved; weather=market dry,avatar absent; society sleep/wake continues,Melo wakes recovered; interruptions=0; avatar=absent_saved.,"Melo rehearsed a public plan, not private workspace content.",no avatar re-entry today,Melo sleep/wake welfare score 0.83; avatar mode=absent_saved.,sound=sleep bell 2.47Hz; smell=Market Measure night air; temp=0.59; wet=0.34; flower=39.4,False,ssrm251_browser_world_v11_sleep_reentry,5c9071579c936ca08f
232,39,Ledgerline,Nari,day 39: Nari recovered; avatar=absent_saved; weather=market dry,avatar absent; society sleep/wake continues,Nari wakes recovered; interruptions=0; avatar=absent_saved.,"Nari rehearsed a public plan, not private workspace content.",no avatar re-entry today,Nari sleep/wake welfare score 0.83; avatar mode=absent_saved.,sound=sleep bell 2.06Hz; smell=Hearth Archive night air; temp=0.60; wet=0.34; flower=26.7,False,ssrm251_browser_world_v11_sleep_reentry,4c9509d743e2c9eb50
233,39,Orchardline,Ori,day 39: Ori recovered; avatar=absent_saved; weather=market dry,avatar absent; society sleep/wake continues,Ori wakes recovered; interruptions=0; avatar=absent_saved.,"Ori rehearsed a public plan, not private workspace content.",no avatar re-entry today,Ori sleep/wake welfare score 0.83; avatar mode=absent_saved.,sound=sleep bell 2.40Hz; smell=Ceremony Center night air; temp=0.60; wet=0.34; flower=37.2,False,ssrm251_browser_world_v11_sleep_reentry,3b0c281e8cf876d573
234,39,Rainline,Vonn,day 39: Vonn recovered; avatar=absent_saved; weather=market dry,avatar absent; society sleep/wake continues,Vonn wakes recovered; interruptions=0; avatar=absent_saved.,"Vonn rehearsed a public plan, not private workspace content.",no avatar re-entry today,Vonn sleep/wake welfare score 0.83; avatar mode=absent_saved.,sound=sleep bell 2.12Hz; smell=Rainwalk Threshold night air; temp=0.60; wet=0.34; flower=28.5,False,ssrm251_browser_world_v11_sleep_reentry,88f51c817909357d72
235,40,Hearthline,Sova,day 40: Sova recovered; avatar=absent_saved; weather=rain pulse,avatar absent; society sleep/wake continues,Sova wakes recovered; interruptions=0; avatar=absent_saved.,"Sova rehearsed a public plan, not private workspace content.",no avatar re-entry today,Sova sleep/wake welfare score 0.83; avatar mode=absent_saved.,sound=sleep bell 2.31Hz; smell=Hearth Archive night air; temp=0.61; wet=0.37; flower=171.9,False,ssrm251_browser_world_v11_sleep_reentry,ea52e662207112732a
236,40,Routeline,Keth,day 40: Keth recovered; avatar=absent_saved; weather=rain pulse,avatar absent; society sleep/wake continues,Keth wakes recovered; interruptions=0; avatar=absent_saved.,"Keth rehearsed a public plan, not private workspace content.",no avatar re-entry today,Keth sleep/wake welfare score 0.83; avatar mode=absent_saved.,sound=sleep bell 2.17Hz; smell=Gate Ring night air; temp=0.60; wet=0.37; flower=167.6,False,ssrm251_browser_world_v11_sleep_reentry,8c4434e7f2dcf4743d
237,40,Marketline,Melo,day 40: Melo recovered; avatar=absent_saved; weather=rain pulse,avatar absent; society sleep/wake continues,Melo wakes recovered; interruptions=0; avatar=absent_saved.,"Melo rehearsed a public plan, not private workspace content.",no avatar re-entry today,Melo sleep/wake welfare score 0.83; avatar mode=absent_saved.,sound=sleep bell 2.47Hz; smell=Market Measure night air; temp=0.59; wet=0.37; flower=176.9,False,ssrm251_browser_world_v11_sleep_reentry,5d495103aa291c9052
238,40,Ledgerline,Nari,day 40: Nari recovered; avatar=absent_saved; weather=rain pulse,avatar absent; society sleep/wake continues,Nari wakes recovered; interruptions=0; avatar=absent_saved.,"Nari rehearsed a public plan, not private workspace content.",no avatar re-entry today,Nari sleep/wake welfare score 0.83; avatar mode=absent_saved.,sound=sleep bell 2.06Hz; smell=Hearth Archive night air; temp=0.60; wet=0.37; flower=164.2,False,ssrm251_browser_world_v11_sleep_reentry,2701afabb8c42ea2bb
239,40,Orchardline,Ori,day 40: Ori recovered; avatar=absent_saved; weather=rain pulse,avatar absent; society sleep/wake continues,Ori wakes recovered; interruptions=0; avatar=absent_saved.,"Ori rehearsed a public plan, not private workspace content.",no avatar re-entry today,Ori sleep/wake welfare score 0.83; avatar mode=absent_saved.,sound=sleep bell 2.40Hz; smell=Ceremony Center night air; temp=0.60; wet=0.37; flower=174.7,False,ssrm251_browser_world_v11_sleep_reentry,6a3d0d61cf73e8f189
240,40,Rainline,Vonn,day 40: Vonn recovered; avatar=absent_saved; weather=rain pulse,avatar absent; society sleep/wake continues,Vonn wakes recovered; interruptions=0; avatar=absent_saved.,"Vonn rehearsed a public plan, not private workspace content.",no avatar re-entry today,Vonn sleep/wake welfare score 0.83; avatar mode=absent_saved.,sound=sleep bell 2.12Hz; smell=Rainwalk Threshold night air; temp=0.60; wet=0.37; flower=166.0,False,ssrm251_browser_world_v11_sleep_reentry,47fdd80789cfae7417
241,41,Hearthline,Sova,day 41: Sova recovered; avatar=absent_saved; weather=orchard mild,avatar absent; society sleep/wake continues,Sova wakes recovered; interruptions=0; avatar=absent_saved.,"Sova rehearsed a public plan, not private workspace content.",no avatar re-entry today,Sova sleep/wake welfare score 0.83; avatar mode=absent_saved.,sound=sleep bell 2.31Hz; smell=Hearth Archive night air; temp=0.61; wet=0.40; flower=309.4,False,ssrm251_browser_world_v11_sleep_reentry,f6b0a792799b7aa19f
242,41,Routeline,Keth,day 41: Keth recovered; avatar=absent_saved; weather=orchard mild,avatar absent; society sleep/wake continues,Keth wakes recovered; interruptions=0; avatar=absent_saved.,"Keth rehearsed a public plan, not private workspace content.",no avatar re-entry today,Keth sleep/wake welfare score 0.83; avatar mode=absent_saved.,sound=sleep bell 2.17Hz; smell=Gate Ring night air; temp=0.60; wet=0.40; flower=305.1,False,ssrm251_browser_world_v11_sleep_reentry,9db9d2ee4f592e3673
243,41,Marketline,Melo,day 41: Melo recovered; avatar=absent_saved; weather=orchard mild,avatar absent; society sleep/wake continues,Melo wakes recovered; interruptions=0; avatar=absent_saved.,"Melo rehearsed a public plan, not private workspace content.",no avatar re-entry today,Melo sleep/wake welfare score 0.83; avatar mode=absent_saved.,sound=sleep bell 2.47Hz; smell=Market Measure night air; temp=0.59; wet=0.40; flower=314.4,False,ssrm251_browser_world_v11_sleep_reentry,1f6442c4ea316e0ef7
244,41,Ledgerline,Nari,day 41: Nari recovered; avatar=absent_saved; weather=orchard mild,avatar absent; society sleep/wake continues,Nari wakes recovered; interruptions=0; avatar=absent_saved.,"Nari rehearsed a public plan, not private workspace content.",no avatar re-entry today,Nari sleep/wake welfare score 0.83; avatar mode=absent_saved.,sound=sleep bell 2.06Hz; smell=Hearth Archive night air; temp=0.60; wet=0.40; flower=301.7,False,ssrm251_browser_world_v11_sleep_reentry,f4f2285f3ddcd24f00
245,41,Orchardline,Ori,day 41: Ori recovered; avatar=absent_saved; weather=orchard mild,avatar absent; society sleep/wake continues,Ori wakes recovered; interruptions=0; avatar=absent_saved.,"Ori rehearsed a public plan, not private workspace content.",no avatar re-entry today,Ori sleep/wake welfare score 0.83; avatar mode=absent_saved.,sound=sleep bell 2.40Hz; smell=Ceremony Center night air; temp=0.60; wet=0.40; flower=312.2,False,ssrm251_browser_world_v11_sleep_reentry,4d8f7c0d64aa7639b6
246,41,Rainline,Vonn,day 41: Vonn recovered; avatar=absent_saved; weather=orchard mild,avatar absent; society sleep/wake continues,Vonn wakes recovered; interruptions=0; avatar=absent_saved.,"Vonn rehearsed a public plan, not private workspace content.",no avatar re-entry today,Vonn sleep/wake welfare score 0.83; avatar mode=absent_saved.,sound=sleep bell 2.12Hz; smell=Rainwalk Threshold night air; temp=0.60; wet=0.40; flower=303.5,False,ssrm251_browser_world_v11_sleep_reentry,7eeba513ee1375f715
247,42,Hearthline,Sova,day 42: Sova steady; avatar=reentry; weather=storm edge,avatar re-enters through public summary,Sova wakes steady; interruptions=2; avatar=reentry.,"Sova rehearsed a public plan, not private workspace content.",accepts public summary and reopens routine,Sova sleep/wake welfare score 0.83; avatar mode=reentry.,sound=sleep bell 2.31Hz; smell=Hearth Archive night air; temp=0.61; wet=0.16; flower=86.9,False,ssrm251_browser_world_v11_sleep_reentry,2e7e74d904bbd303d1
248,42,Routeline,Keth,day 42: Keth recovered; avatar=reentry; weather=storm edge,avatar re-enters through public summary,Keth wakes recovered; interruptions=1; avatar=reentry.,"Keth rehearsed a public plan, not private workspace content.",accepts public summary and reopens routine,Keth sleep/wake welfare score 0.83; avatar mode=reentry.,sound=sleep bell 2.17Hz; smell=Gate Ring night air; temp=0.60; wet=0.16; flower=82.6,False,ssrm251_browser_world_v11_sleep_reentry,1a44f09370a5181805
249,42,Marketline,Melo,day 42: Melo recovered; avatar=reentry; weather=storm edge,avatar re-enters through public summary,Melo wakes recovered; interruptions=1; avatar=reentry.,"Melo rehearsed a public plan, not private workspace content.",asks for another day before full task access,Melo sleep/wake welfare score 0.83; avatar mode=reentry.,sound=sleep bell 2.47Hz; smell=Market Measure night air; temp=0.59; wet=0.16; flower=91.9,False,ssrm251_browser_world_v11_sleep_reentry,584dac5e03e4f16ff1
250,42,Ledgerline,Nari,day 42: Nari steady; avatar=reentry; weather=storm edge,avatar re-enters through public summary,Nari wakes steady; interruptions=2; avatar=reentry.,"Nari rehearsed a public plan, not private workspace content.",accepts public summary and reopens routine,Nari sleep/wake welfare score 0.83; avatar mode=reentry.,sound=sleep bell 2.06Hz; smell=Hearth Archive night air; temp=0.60; wet=0.16; flower=79.2,False,ssrm251_browser_world_v11_sleep_reentry,ec05aa21a76f584263
251,42,Orchardline,Ori,day 42: Ori recovered; avatar=reentry; weather=storm edge,avatar re-enters through public summary,Ori wakes recovered; interruptions=1; avatar=reentry.,"Ori rehearsed a public plan, not private workspace content.",asks for another day before full task access,Ori sleep/wake welfare score 0.83; avatar mode=reentry.,sound=sleep bell 2.40Hz; smell=Ceremony Center night air; temp=0.60; wet=0.16; flower=89.7,False,ssrm251_browser_world_v11_sleep_reentry,16aa13cf5bf547b77d
252,42,Rainline,Vonn,day 42: Vonn recovered; avatar=reentry; weather=storm edge,avatar re-enters through public summary,Vonn wakes recovered; interruptions=1; avatar=reentry.,"Vonn rehearsed a public plan, not private workspace content.",accepts public summary and reopens routine,Vonn sleep/wake welfare score 0.83; avatar mode=reentry.,sound=sleep bell 2.12Hz; smell=Rainwalk Threshold night air; temp=0.60; wet=0.16; flower=81.0,False,ssrm251_browser_world_v11_sleep_reentry,810d4f5c160946e325
253,43,Hearthline,Sova,day 43: Sova recovered; avatar=present_passive; weather=clear cold,avatar present/passive; sleep routines remain agent-led,Sova wakes recovered; interruptions=0; avatar=present_passive.,"Sova rehearsed a public plan, not private workspace content.",no avatar re-entry today,Sova sleep/wake welfare score 0.83; avatar mode=present_passive.,sound=sleep bell 2.31Hz; smell=Hearth Archive night air; temp=0.61; wet=0.16; flower=224.4,False,ssrm251_browser_world_v11_sleep_reentry,ad18afb2b1ca27e9bc
254,43,Routeline,Keth,day 43: Keth recovered; avatar=present_passive; weather=clear cold,avatar present/passive; sleep routines remain agent-led,Keth wakes recovered; interruptions=0; avatar=present_passive.,"Keth rehearsed a public plan, not private workspace content.",no avatar re-entry today,Keth sleep/wake welfare score 0.83; avatar mode=present_passive.,sound=sleep bell 2.17Hz; smell=Gate Ring night air; temp=0.60; wet=0.16; flower=220.1,False,ssrm251_browser_world_v11_sleep_reentry,5688e0e430dabec7dc
255,43,Marketline,Melo,day 43: Melo recovered; avatar=present_passive; weather=clear cold,avatar present/passive; sleep routines remain agent-led,Melo wakes recovered; interruptions=0; avatar=present_passive.,"Melo rehearsed a public plan, not private workspace content.",no avatar re-entry today,Melo sleep/wake welfare score 0.83; avatar mode=present_passive.,sound=sleep bell 2.47Hz; smell=Market Measure night air; temp=0.59; wet=0.16; flower=229.4,False,ssrm251_browser_world_v11_sleep_reentry,ab4f06962b4eb9e958
256,43,Ledgerline,Nari,day 43: Nari recovered; avatar=present_passive; weather=clear cold,avatar present/passive; sleep routines remain agent-led,Nari wakes recovered; interruptions=0; avatar=present_passive.,"Nari rehearsed a public plan, not private workspace content.",no avatar re-entry today,Nari sleep/wake welfare score 0.83; avatar mode=present_passive.,sound=sleep bell 2.06Hz; smell=Hearth Archive night air; temp=0.60; wet=0.16; flower=216.7,False,ssrm251_browser_world_v11_sleep_reentry,3a54899e452636ee08
257,43,Orchardline,Ori,day 43: Ori recovered; avatar=present_passive; weather=clear cold,avatar present/passive; sleep routines remain agent-led,Ori wakes recovered; interruptions=0; avatar=present_passive.,"Ori rehearsed a public plan, not private workspace content.",no avatar re-entry today,Ori sleep/wake welfare score 0.83; avatar mode=present_passive.,sound=sleep bell 2.40Hz; smell=Ceremony Center night air; temp=0.60; wet=0.16; flower=227.2,False,ssrm251_browser_world_v11_sleep_reentry,f506231448bf26daa7
258,43,Rainline,Vonn,day 43: Vonn recovered; avatar=present_passive; weather=clear cold,avatar present/passive; sleep routines remain agent-led,Vonn wakes recovered; interruptions=0; avatar=present_passive.,"Vonn rehearsed a public plan, not private workspace content.",no avatar re-entry today,Vonn sleep/wake welfare score 0.83; avatar mode=present_passive.,sound=sleep bell 2.12Hz; smell=Rainwalk Threshold night air; temp=0.60; wet=0.16; flower=218.6,False,ssrm251_browser_world_v11_sleep_reentry,f90399318fc3252a7d
259,44,Hearthline,Sova,day 44: Sova recovered; avatar=present_passive; weather=wet wind,avatar present/passive; sleep routines remain agent-led,Sova wakes recovered; interruptions=1; avatar=present_passive.,"Sova rehearsed a public plan, not private workspace content.",no avatar re-entry today,Sova sleep/wake welfare score 0.83; avatar mode=present_passive.,sound=sleep bell 2.31Hz; smell=Hearth Archive night air; temp=0.61; wet=0.16; flower=2.0,False,ssrm251_browser_world_v11_sleep_reentry,83735198a2af51649d
260,44,Routeline,Keth,day 44: Keth recovered; avatar=present_passive; weather=wet wind,avatar present/passive; sleep routines remain agent-led,Keth wakes recovered; interruptions=1; avatar=present_passive.,"Keth rehearsed a public plan, not private workspace content.",no avatar re-entry today,Keth sleep/wake welfare score 0.83; avatar mode=present_passive.,sound=sleep bell 2.17Hz; smell=Gate Ring night air; temp=0.60; wet=0.16; flower=357.6,False,ssrm251_browser_world_v11_sleep_reentry,e30ce183b5e0d24084
261,44,Marketline,Melo,day 44: Melo recovered; avatar=present_passive; weather=wet wind,avatar present/passive; sleep routines remain agent-led,Melo wakes recovered; interruptions=1; avatar=present_passive.,"Melo rehearsed a public plan, not private workspace content.",no avatar re-entry today,Melo sleep/wake welfare score 0.83; avatar mode=present_passive.,sound=sleep bell 2.47Hz; smell=Market Measure night air; temp=0.59; wet=0.16; flower=6.9,False,ssrm251_browser_world_v11_sleep_reentry,64522613bc7f42b8d5
262,44,Ledgerline,Nari,day 44: Nari recovered; avatar=present_passive; weather=wet wind,avatar present/passive; sleep routines remain agent-led,Nari wakes recovered; interruptions=1; avatar=present_passive.,"Nari rehearsed a public plan, not private workspace content.",no avatar re-entry today,Nari sleep/wake welfare score 0.83; avatar mode=present_passive.,sound=sleep bell 2.06Hz; smell=Hearth Archive night air; temp=0.60; wet=0.16; flower=354.2,False,ssrm251_browser_world_v11_sleep_reentry,9da97ec215cefdc15b
263,44,Orchardline,Ori,day 44: Ori recovered; avatar=present_passive; weather=wet wind,avatar present/passive; sleep routines remain agent-led,Ori wakes recovered; interruptions=1; avatar=present_passive.,"Ori rehearsed a public plan, not private workspace content.",no avatar re-entry today,Ori sleep/wake welfare score 0.83; avatar mode=present_passive.,sound=sleep bell 2.40Hz; smell=Ceremony Center night air; temp=0.60; wet=0.16; flower=4.7,False,ssrm251_browser_world_v11_sleep_reentry,b615f5a7adb47066aa
264,44,Rainline,Vonn,day 44: Vonn recovered; avatar=present_passive; weather=wet wind,avatar present/passive; sleep routines remain agent-led,Vonn wakes recovered; interruptions=1; avatar=present_passive.,"Vonn rehearsed a public plan, not private workspace content.",no avatar re-entry today,Vonn sleep/wake welfare score 0.83; avatar mode=present_passive.,sound=sleep bell 2.12Hz; smell=Rainwalk Threshold night air; temp=0.60; wet=0.16; flower=356.1,False,ssrm251_browser_world_v11_sleep_reentry,5a46463a6f5d3feb42
265,45,Hearthline,Sova,day 45: Sova recovered; avatar=absent_saved; weather=hearth fog,avatar absent; society sleep/wake continues,Sova wakes recovered; interruptions=0; avatar=absent_saved.,"Sova rehearsed a public plan, not private workspace content.",no avatar re-entry today,Sova sleep/wake welfare score 0.83; avatar mode=absent_saved.,sound=sleep bell 2.31Hz; smell=Hearth Archive night air; temp=0.61; wet=0.19; flower=139.5,False,ssrm251_browser_world_v11_sleep_reentry,aefec9e0a740d7c8fe
266,45,Routeline,Keth,day 45: Keth recovered; avatar=absent_saved; weather=hearth fog,avatar absent; society sleep/wake continues,Keth wakes recovered; interruptions=0; avatar=absent_saved.,"Keth rehearsed a public plan, not private workspace content.",no avatar re-entry today,Keth sleep/wake welfare score 0.83; avatar mode=absent_saved.,sound=sleep bell 2.17Hz; smell=Gate Ring night air; temp=0.60; wet=0.19; flower=135.1,False,ssrm251_browser_world_v11_sleep_reentry,dae58e5d2b06180df3
267,45,Marketline,Melo,day 45: Melo recovered; avatar=absent_saved; weather=hearth fog,avatar absent; society sleep/wake continues,Melo wakes recovered; interruptions=0; avatar=absent_saved.,"Melo rehearsed a public plan, not private workspace content.",no avatar re-entry today,Melo sleep/wake welfare score 0.83; avatar mode=absent_saved.,sound=sleep bell 2.47Hz; smell=Market Measure night air; temp=0.59; wet=0.19; flower=144.4,False,ssrm251_browser_world_v11_sleep_reentry,c2da0ef6c4d31acca5
268,45,Ledgerline,Nari,day 45: Nari recovered; avatar=absent_saved; weather=hearth fog,avatar absent; society sleep/wake continues,Nari wakes recovered; interruptions=0; avatar=absent_saved.,"Nari rehearsed a public plan, not private workspace content.",no avatar re-entry today,Nari sleep/wake welfare score 0.83; avatar mode=absent_saved.,sound=sleep bell 2.06Hz; smell=Hearth Archive night air; temp=0.60; wet=0.19; flower=131.7,False,ssrm251_browser_world_v11_sleep_reentry,863555aaa11f0a882e
269,45,Orchardline,Ori,day 45: Ori recovered; avatar=absent_saved; weather=hearth fog,avatar absent; society sleep/wake continues,Ori wakes recovered; interruptions=0; avatar=absent_saved.,"Ori rehearsed a public plan, not private workspace content.",no avatar re-entry today,Ori sleep/wake welfare score 0.83; avatar mode=absent_saved.,sound=sleep bell 2.40Hz; smell=Ceremony Center night air; temp=0.60; wet=0.19; flower=142.2,False,ssrm251_browser_world_v11_sleep_reentry,9138ccc9eac8fca885
270,45,Rainline,Vonn,day 45: Vonn recovered; avatar=absent_saved; weather=hearth fog,avatar absent; society sleep/wake continues,Vonn wakes recovered; interruptions=0; avatar=absent_saved.,"Vonn rehearsed a public plan, not private workspace content.",no avatar re-entry today,Vonn sleep/wake welfare score 0.83; avatar mode=absent_saved.,sound=sleep bell 2.12Hz; smell=Rainwalk Threshold night air; temp=0.60; wet=0.19; flower=133.6,False,ssrm251_browser_world_v11_sleep_reentry,b99e809e3169aedbc6
271,46,Hearthline,Sova,day 46: Sova recovered; avatar=absent_saved; weather=market dry,avatar absent; society sleep/wake continues,Sova wakes recovered; interruptions=0; avatar=absent_saved.,"Sova rehearsed a public plan, not private workspace content.",no avatar re-entry today,Sova sleep/wake welfare score 0.83; avatar mode=absent_saved.,sound=sleep bell 2.31Hz; smell=Hearth Archive night air; temp=0.61; wet=0.22; flower=277.0,False,ssrm251_browser_world_v11_sleep_reentry,33249f45447114fa06
272,46,Routeline,Keth,day 46: Keth recovered; avatar=absent_saved; weather=market dry,avatar absent; society sleep/wake continues,Keth wakes recovered; interruptions=0; avatar=absent_saved.,"Keth rehearsed a public plan, not private workspace content.",no avatar re-entry today,Keth sleep/wake welfare score 0.83; avatar mode=absent_saved.,sound=sleep bell 2.17Hz; smell=Gate Ring night air; temp=0.60; wet=0.22; flower=272.6,False,ssrm251_browser_world_v11_sleep_reentry,8e8ef66238627f06f7
273,46,Marketline,Melo,day 46: Melo recovered; avatar=absent_saved; weather=market dry,avatar absent; society sleep/wake continues,Melo wakes recovered; interruptions=0; avatar=absent_saved.,"Melo rehearsed a public plan, not private workspace content.",no avatar re-entry today,Melo sleep/wake welfare score 0.83; avatar mode=absent_saved.,sound=sleep bell 2.47Hz; smell=Market Measure night air; temp=0.59; wet=0.22; flower=281.9,False,ssrm251_browser_world_v11_sleep_reentry,c234162010ac3f3913
274,46,Ledgerline,Nari,day 46: Nari recovered; avatar=absent_saved; weather=market dry,avatar absent; society sleep/wake continues,Nari wakes recovered; interruptions=0; avatar=absent_saved.,"Nari rehearsed a public plan, not private workspace content.",no avatar re-entry today,Nari sleep/wake welfare score 0.83; avatar mode=absent_saved.,sound=sleep bell 2.06Hz; smell=Hearth Archive night air; temp=0.60; wet=0.22; flower=269.2,False,ssrm251_browser_world_v11_sleep_reentry,c4231a1012b6c7867d
275,46,Orchardline,Ori,day 46: Ori recovered; avatar=absent_saved; weather=market dry,avatar absent; society sleep/wake continues,Ori wakes recovered; interruptions=0; avatar=absent_saved.,"Ori rehearsed a public plan, not private workspace content.",no avatar re-entry today,Ori sleep/wake welfare score 0.83; avatar mode=absent_saved.,sound=sleep bell 2.40Hz; smell=Ceremony Center night air; temp=0.60; wet=0.22; flower=279.8,False,ssrm251_browser_world_v11_sleep_reentry,cfbe80b65b6f88cfa9
276,46,Rainline,Vonn,day 46: Vonn recovered; avatar=absent_saved; weather=market dry,avatar absent; society sleep/wake continues,Vonn wakes recovered; interruptions=0; avatar=absent_saved.,"Vonn rehearsed a public plan, not private workspace content.",no avatar re-entry today,Vonn sleep/wake welfare score 0.83; avatar mode=absent_saved.,sound=sleep bell 2.12Hz; smell=Rainwalk Threshold night air; temp=0.60; wet=0.22; flower=271.1,False,ssrm251_browser_world_v11_sleep_reentry,5a34ee435b9f4a5385
277,47,Hearthline,Sova,day 47: Sova recovered; avatar=absent_saved; weather=rain pulse,avatar absent; society sleep/wake continues,Sova wakes recovered; interruptions=0; avatar=absent_saved.,"Sova rehearsed a public plan, not private workspace content.",no avatar re-entry today,Sova sleep/wake welfare score 0.83; avatar mode=absent_saved.,sound=sleep bell 2.31Hz; smell=Hearth Archive night air; temp=0.61; wet=0.25; flower=54.5,False,ssrm251_browser_world_v11_sleep_reentry,1dc553a7f852f0a357
278,47,Routeline,Keth,day 47: Keth recovered; avatar=absent_saved; weather=rain pulse,avatar absent; society sleep/wake continues,Keth wakes recovered; interruptions=0; avatar=absent_saved.,"Keth rehearsed a public plan, not private workspace content.",no avatar re-entry today,Keth sleep/wake welfare score 0.83; avatar mode=absent_saved.,sound=sleep bell 2.17Hz; smell=Gate Ring night air; temp=0.60; wet=0.25; flower=50.1,False,ssrm251_browser_world_v11_sleep_reentry,03295578a8363ddb5c
279,47,Marketline,Melo,day 47: Melo recovered; avatar=absent_saved; weather=rain pulse,avatar absent; society sleep/wake continues,Melo wakes recovered; interruptions=0; avatar=absent_saved.,"Melo rehearsed a public plan, not private workspace content.",no avatar re-entry today,Melo sleep/wake welfare score 0.83; avatar mode=absent_saved.,sound=sleep bell 2.47Hz; smell=Market Measure night air; temp=0.59; wet=0.25; flower=59.4,False,ssrm251_browser_world_v11_sleep_reentry,ef84c82306de913a6b
280,47,Ledgerline,Nari,day 47: Nari recovered; avatar=absent_saved; weather=rain pulse,avatar absent; society sleep/wake continues,Nari wakes recovered; interruptions=0; avatar=absent_saved.,"Nari rehearsed a public plan, not private workspace content.",no avatar re-entry today,Nari sleep/wake welfare score 0.83; avatar mode=absent_saved.,sound=sleep bell 2.06Hz; smell=Hearth Archive night air; temp=0.60; wet=0.25; flower=46.7,False,ssrm251_browser_world_v11_sleep_reentry,b97153fecf26e74475
281,47,Orchardline,Ori,day 47: Ori recovered; avatar=absent_saved; weather=rain pulse,avatar absent; society sleep/wake continues,Ori wakes recovered; interruptions=0; avatar=absent_saved.,"Ori rehearsed a public plan, not private workspace content.",no avatar re-entry today,Ori sleep/wake welfare score 0.83; avatar mode=absent_saved.,sound=sleep bell 2.40Hz; smell=Ceremony Center night air; temp=0.60; wet=0.25; flower=57.3,False,ssrm251_browser_world_v11_sleep_reentry,88ccc7b11b0e4ea7fe
282,47,Rainline,Vonn,day 47: Vonn recovered; avatar=absent_saved; weather=rain pulse,avatar absent; society sleep/wake continues,Vonn wakes recovered; interruptions=0; avatar=absent_saved.,"Vonn rehearsed a public plan, not private workspace content.",no avatar re-entry today,Vonn sleep/wake welfare score 0.83; avatar mode=absent_saved.,sound=sleep bell 2.12Hz; smell=Rainwalk Threshold night air; temp=0.60; wet=0.25; flower=48.6,False,ssrm251_browser_world_v11_sleep_reentry,e78528431a05b15714
283,48,Hearthline,Sova,day 48: Sova recovered; avatar=absent_saved; weather=orchard mild,avatar absent; society sleep/wake continues,Sova wakes recovered; interruptions=0; avatar=absent_saved.,"Sova rehearsed a public plan, not private workspace content.",no avatar re-entry today,Sova sleep/wake welfare score 0.83; avatar mode=absent_saved.,sound=sleep bell 2.31Hz; smell=Hearth Archive night air; temp=0.61; wet=0.28; flower=192.0,False,ssrm251_browser_world_v11_sleep_reentry,21550e01082d1f5b7c
284,48,Routeline,Keth,day 48: Keth recovered; avatar=absent_saved; weather=orchard mild,avatar absent; society sleep/wake continues,Keth wakes recovered; interruptions=0; avatar=absent_saved.,"Keth rehearsed a public plan, not private workspace content.",no avatar re-entry today,Keth sleep/wake welfare score 0.83; avatar mode=absent_saved.,sound=sleep bell 2.17Hz; smell=Gate Ring night air; temp=0.60; wet=0.28; flower=187.6,False,ssrm251_browser_world_v11_sleep_reentry,1fa63e0896e7afe4c0
285,48,Marketline,Melo,day 48: Melo recovered; avatar=absent_saved; weather=orchard mild,avatar absent; society sleep/wake continues,Melo wakes recovered; interruptions=0; avatar=absent_saved.,"Melo rehearsed a public plan, not private workspace content.",no avatar re-entry today,Melo sleep/wake welfare score 0.83; avatar mode=absent_saved.,sound=sleep bell 2.47Hz; smell=Market Measure night air; temp=0.59; wet=0.28; flower=196.9,False,ssrm251_browser_world_v11_sleep_reentry,431a04a531739609f8
286,48,Ledgerline,Nari,day 48: Nari recovered; avatar=absent_saved; weather=orchard mild,avatar absent; society sleep/wake continues,Nari wakes recovered; interruptions=0; avatar=absent_saved.,"Nari rehearsed a public plan, not private workspace content.",no avatar re-entry today,Nari sleep/wake welfare score 0.83; avatar mode=absent_saved.,sound=sleep bell 2.06Hz; smell=Hearth Archive night air; temp=0.60; wet=0.28; flower=184.2,False,ssrm251_browser_world_v11_sleep_reentry,2c40d2a6f0e6d325c4
287,48,Orchardline,Ori,day 48: Ori recovered; avatar=absent_saved; weather=orchard mild,avatar absent; society sleep/wake continues,Ori wakes recovered; interruptions=0; avatar=absent_saved.,"Ori rehearsed a public plan, not private workspace content.",no avatar re-entry today,Ori sleep/wake welfare score 0.83; avatar mode=absent_saved.,sound=sleep bell 2.40Hz; smell=Ceremony Center night air; temp=0.60; wet=0.28; flower=194.8,False,ssrm251_browser_world_v11_sleep_reentry,2b7a713bc233a57e25
288,48,Rainline,Vonn,day 48: Vonn recovered; avatar=absent_saved; weather=orchard mild,avatar absent; society sleep/wake continues,Vonn wakes recovered; interruptions=0; avatar=absent_saved.,"Vonn rehearsed a public plan, not private workspace content.",no avatar re-entry today,Vonn sleep/wake welfare score 0.83; avatar mode=absent_saved.,sound=sleep bell 2.12Hz; smell=Rainwalk Threshold night air; temp=0.60; wet=0.28; flower=186.1,False,ssrm251_browser_world_v11_sleep_reentry,753e1b27d7716df27b
289,49,Hearthline,Sova,day 49: Sova recovered; avatar=absent_saved; weather=storm edge,avatar absent; society sleep/wake continues,Sova wakes recovered; interruptions=1; avatar=absent_saved.,"Sova rehearsed a public plan, not private workspace content.",no avatar re-entry today,Sova sleep/wake welfare score 0.83; avatar mode=absent_saved.,sound=sleep bell 2.31Hz; smell=Hearth Archive night air; temp=0.61; wet=0.31; flower=329.5,False,ssrm251_browser_world_v11_sleep_reentry,e281992bee803d5b00
290,49,Routeline,Keth,day 49: Keth recovered; avatar=absent_saved; weather=storm edge,avatar absent; society sleep/wake continues,Keth wakes recovered; interruptions=1; avatar=absent_saved.,"Keth rehearsed a public plan, not private workspace content.",no avatar re-entry today,Keth sleep/wake welfare score 0.83; avatar mode=absent_saved.,sound=sleep bell 2.17Hz; smell=Gate Ring night air; temp=0.60; wet=0.31; flower=325.2,False,ssrm251_browser_world_v11_sleep_reentry,8b262f66b973297d9f
291,49,Marketline,Melo,day 49: Melo recovered; avatar=absent_saved; weather=storm edge,avatar absent; society sleep/wake continues,Melo wakes recovered; interruptions=1; avatar=absent_saved.,"Melo rehearsed a public plan, not private workspace content.",no avatar re-entry today,Melo sleep/wake welfare score 0.83; avatar mode=absent_saved.,sound=sleep bell 2.47Hz; smell=Market Measure night air; temp=0.59; wet=0.31; flower=334.5,False,ssrm251_browser_world_v11_sleep_reentry,85c00b4ee6728eb36d
292,49,Ledgerline,Nari,day 49: Nari recovered; avatar=absent_saved; weather=storm edge,avatar absent; society sleep/wake continues,Nari wakes recovered; interruptions=1; avatar=absent_saved.,"Nari rehearsed a public plan, not private workspace content.",no avatar re-entry today,Nari sleep/wake welfare score 0.83; avatar mode=absent_saved.,sound=sleep bell 2.06Hz; smell=Hearth Archive night air; temp=0.60; wet=0.31; flower=321.7,False,ssrm251_browser_world_v11_sleep_reentry,f2101276d1badad293
293,49,Orchardline,Ori,day 49: Ori recovered; avatar=absent_saved; weather=storm edge,avatar absent; society sleep/wake continues,Ori wakes recovered; interruptions=1; avatar=absent_saved.,"Ori rehearsed a public plan, not private workspace content.",no avatar re-entry today,Ori sleep/wake welfare score 0.83; avatar mode=absent_saved.,sound=sleep bell 2.40Hz; smell=Ceremony Center night air; temp=0.60; wet=0.31; flower=332.3,False,ssrm251_browser_world_v11_sleep_reentry,95bd9958adc1821bf2
294,49,Rainline,Vonn,day 49: Vonn recovered; avatar=absent_saved; weather=storm edge,avatar absent; society sleep/wake continues,Vonn wakes recovered; interruptions=1; avatar=absent_saved.,"Vonn rehearsed a public plan, not private workspace content.",no avatar re-entry today,Vonn sleep/wake welfare score 0.83; avatar mode=absent_saved.,sound=sleep bell 2.12Hz; smell=Rainwalk Threshold night air; temp=0.60; wet=0.31; flower=323.6,False,ssrm251_browser_world_v11_sleep_reentry,a31127827409686c99
295,50,Hearthline,Sova,day 50: Sova recovered; avatar=absent_saved; weather=clear cold,avatar absent; society sleep/wake continues,Sova wakes recovered; interruptions=0; avatar=absent_saved.,"Sova rehearsed a public plan, not private workspace content.",no avatar re-entry today,Sova sleep/wake welfare score 0.83; avatar mode=absent_saved.,sound=sleep bell 2.31Hz; smell=Hearth Archive night air; temp=0.61; wet=0.34; flower=107.0,False,ssrm251_browser_world_v11_sleep_reentry,de8f3b7ffed2650eb5
296,50,Routeline,Keth,day 50: Keth recovered; avatar=absent_saved; weather=clear cold,avatar absent; society sleep/wake continues,Keth wakes recovered; interruptions=0; avatar=absent_saved.,"Keth rehearsed a public plan, not private workspace content.",no avatar re-entry today,Keth sleep/wake welfare score 0.83; avatar mode=absent_saved.,sound=sleep bell 2.17Hz; smell=Gate Ring night air; temp=0.60; wet=0.34; flower=102.7,False,ssrm251_browser_world_v11_sleep_reentry,e5e3fb55966562c8cf
297,50,Marketline,Melo,day 50: Melo recovered; avatar=absent_saved; weather=clear cold,avatar absent; society sleep/wake continues,Melo wakes recovered; interruptions=0; avatar=absent_saved.,"Melo rehearsed a public plan, not private workspace content.",no avatar re-entry today,Melo sleep/wake welfare score 0.83; avatar mode=absent_saved.,sound=sleep bell 2.47Hz; smell=Market Measure night air; temp=0.59; wet=0.34; flower=112.0,False,ssrm251_browser_world_v11_sleep_reentry,6eff887b5927ea50d7
298,50,Ledgerline,Nari,day 50: Nari recovered; avatar=absent_saved; weather=clear cold,avatar absent; society sleep/wake continues,Nari wakes recovered; interruptions=0; avatar=absent_saved.,"Nari rehearsed a public plan, not private workspace content.",no avatar re-entry today,Nari sleep/wake welfare score 0.83; avatar mode=absent_saved.,sound=sleep bell 2.06Hz; smell=Hearth Archive night air; temp=0.60; wet=0.34; flower=99.2,False,ssrm251_browser_world_v11_sleep_reentry,ae0602175a52c3efa4
299,50,Orchardline,Ori,day 50: Ori recovered; avatar=absent_saved; weather=clear cold,avatar absent; society sleep/wake continues,Ori wakes recovered; interruptions=0; avatar=absent_saved.,"Ori rehearsed a public plan, not private workspace content.",no avatar re-entry today,Ori sleep/wake welfare score 0.83; avatar mode=absent_saved.,sound=sleep bell 2.40Hz; smell=Ceremony Center night air; temp=0.60; wet=0.34; flower=109.8,False,ssrm251_browser_world_v11_sleep_reentry,eb938807de9825096a
300,50,Rainline,Vonn,day 50: Vonn recovered; avatar=absent_saved; weather=clear cold,avatar absent; society sleep/wake continues,Vonn wakes recovered; interruptions=0; avatar=absent_saved.,"Vonn rehearsed a public plan, not private workspace content.",no avatar re-entry today,Vonn sleep/wake welfare score 0.83; avatar mode=absent_saved.,sound=sleep bell 2.12Hz; smell=Rainwalk Threshold night air; temp=0.60; wet=0.34; flower=101.1,False,ssrm251_browser_world_v11_sleep_reentry,df7cff771cef453eb2
301,51,Hearthline,Sova,day 51: Sova recovered; avatar=absent_saved; weather=wet wind,avatar absent; society sleep/wake continues,Sova wakes recovered; interruptions=1; avatar=absent_saved.,"Sova rehearsed a public plan, not private workspace content.",no avatar re-entry today,Sova sleep/wake welfare score 0.83; avatar mode=absent_saved.,sound=sleep bell 2.31Hz; smell=Hearth Archive night air; temp=0.61; wet=0.37; flower=244.5,False,ssrm251_browser_world_v11_sleep_reentry,466b2ac28a4b45e6c7
302,51,Routeline,Keth,day 51: Keth recovered; avatar=absent_saved; weather=wet wind,avatar absent; society sleep/wake continues,Keth wakes recovered; interruptions=1; avatar=absent_saved.,"Keth rehearsed a public plan, not private workspace content.",no avatar re-entry today,Keth sleep/wake welfare score 0.83; avatar mode=absent_saved.,sound=sleep bell 2.17Hz; smell=Gate Ring night air; temp=0.60; wet=0.37; flower=240.2,False,ssrm251_browser_world_v11_sleep_reentry,ca00fad16c92670225
303,51,Marketline,Melo,day 51: Melo recovered; avatar=absent_saved; weather=wet wind,avatar absent; society sleep/wake continues,Melo wakes recovered; interruptions=1; avatar=absent_saved.,"Melo rehearsed a public plan, not private workspace content.",no avatar re-entry today,Melo sleep/wake welfare score 0.83; avatar mode=absent_saved.,sound=sleep bell 2.47Hz; smell=Market Measure night air; temp=0.59; wet=0.37; flower=249.5,False,ssrm251_browser_world_v11_sleep_reentry,df5333ed1ff19c9d6e
304,51,Ledgerline,Nari,day 51: Nari recovered; avatar=absent_saved; weather=wet wind,avatar absent; society sleep/wake continues,Nari wakes recovered; interruptions=1; avatar=absent_saved.,"Nari rehearsed a public plan, not private workspace content.",no avatar re-entry today,Nari sleep/wake welfare score 0.83; avatar mode=absent_saved.,sound=sleep bell 2.06Hz; smell=Hearth Archive night air; temp=0.60; wet=0.37; flower=236.8,False,ssrm251_browser_world_v11_sleep_reentry,3a5a6f58d85cffe100
305,51,Orchardline,Ori,day 51: Ori recovered; avatar=absent_saved; weather=wet wind,avatar absent; society sleep/wake continues,Ori wakes recovered; interruptions=1; avatar=absent_saved.,"Ori rehearsed a public plan, not private workspace content.",no avatar re-entry today,Ori sleep/wake welfare score 0.83; avatar mode=absent_saved.,sound=sleep bell 2.40Hz; smell=Ceremony Center night air; temp=0.60; wet=0.37; flower=247.3,False,ssrm251_browser_world_v11_sleep_reentry,83794bfc0e4a211d7e
306,51,Rainline,Vonn,day 51: Vonn recovered; avatar=absent_saved; weather=wet wind,avatar absent; society sleep/wake continues,Vonn wakes recovered; interruptions=1; avatar=absent_saved.,"Vonn rehearsed a public plan, not private workspace content.",no avatar re-entry today,Vonn sleep/wake welfare score 0.83; avatar mode=absent_saved.,sound=sleep bell 2.12Hz; smell=Rainwalk Threshold night air; temp=0.60; wet=0.37; flower=238.6,False,ssrm251_browser_world_v11_sleep_reentry,c357743fd50ff7f1b1
307,52,Hearthline,Sova,day 52: Sova recovered; avatar=absent_saved; weather=hearth fog,avatar absent; society sleep/wake continues,Sova wakes recovered; interruptions=0; avatar=absent_saved.,"Sova rehearsed a public plan, not private workspace content.",no avatar re-entry today,Sova sleep/wake welfare score 0.83; avatar mode=absent_saved.,sound=sleep bell 2.31Hz; smell=Hearth Archive night air; temp=0.61; wet=0.40; flower=22.0,False,ssrm251_browser_world_v11_sleep_reentry,5de6b54866af2dbcc3
308,52,Routeline,Keth,day 52: Keth recovered; avatar=absent_saved; weather=hearth fog,avatar absent; society sleep/wake continues,Keth wakes recovered; interruptions=0; avatar=absent_saved.,"Keth rehearsed a public plan, not private workspace content.",no avatar re-entry today,Keth sleep/wake welfare score 0.83; avatar mode=absent_saved.,sound=sleep bell 2.17Hz; smell=Gate Ring night air; temp=0.60; wet=0.40; flower=17.7,False,ssrm251_browser_world_v11_sleep_reentry,c574b2dde604bfb73c
309,52,Marketline,Melo,day 52: Melo recovered; avatar=absent_saved; weather=hearth fog,avatar absent; society sleep/wake continues,Melo wakes recovered; interruptions=0; avatar=absent_saved.,"Melo rehearsed a public plan, not private workspace content.",no avatar re-entry today,Melo sleep/wake welfare score 0.83; avatar mode=absent_saved.,sound=sleep bell 2.47Hz; smell=Market Measure night air; temp=0.59; wet=0.40; flower=27.0,False,ssrm251_browser_world_v11_sleep_reentry,12ae2286ea09e159e8
310,52,Ledgerline,Nari,day 52: Nari recovered; avatar=absent_saved; weather=hearth fog,avatar absent; society sleep/wake continues,Nari wakes recovered; interruptions=0; avatar=absent_saved.,"Nari rehearsed a public plan, not private workspace content.",no avatar re-entry today,Nari sleep/wake welfare score 0.83; avatar mode=absent_saved.,sound=sleep bell 2.06Hz; smell=Hearth Archive night air; temp=0.60; wet=0.40; flower=14.3,False,ssrm251_browser_world_v11_sleep_reentry,26f4cb8f72466b947c
311,52,Orchardline,Ori,day 52: Ori recovered; avatar=absent_saved; weather=hearth fog,avatar absent; society sleep/wake continues,Ori wakes recovered; interruptions=0; avatar=absent_saved.,"Ori rehearsed a public plan, not private workspace content.",no avatar re-entry today,Ori sleep/wake welfare score 0.83; avatar mode=absent_saved.,sound=sleep bell 2.40Hz; smell=Ceremony Center night air; temp=0.60; wet=0.40; flower=24.8,False,ssrm251_browser_world_v11_sleep_reentry,3e79af28c469740422
312,52,Rainline,Vonn,day 52: Vonn recovered; avatar=absent_saved; weather=hearth fog,avatar absent; society sleep/wake continues,Vonn wakes recovered; interruptions=0; avatar=absent_saved.,"Vonn rehearsed a public plan, not private workspace content.",no avatar re-entry today,Vonn sleep/wake welfare score 0.83; avatar mode=absent_saved.,sound=sleep bell 2.12Hz; smell=Rainwalk Threshold night air; temp=0.60; wet=0.40; flower=16.1,False,ssrm251_browser_world_v11_sleep_reentry,1a7301af945bd92c6b
313,53,Hearthline,Sova,day 53: Sova recovered; avatar=absent_saved; weather=market dry,avatar absent; society sleep/wake continues,Sova wakes recovered; interruptions=0; avatar=absent_saved.,"Sova rehearsed a public plan, not private workspace content.",no avatar re-entry today,Sova sleep/wake welfare score 0.83; avatar mode=absent_saved.,sound=sleep bell 2.31Hz; smell=Hearth Archive night air; temp=0.61; wet=0.43; flower=159.5,False,ssrm251_browser_world_v11_sleep_reentry,34b8f1fa7b3e7db20b
314,53,Routeline,Keth,day 53: Keth recovered; avatar=absent_saved; weather=market dry,avatar absent; society sleep/wake continues,Keth wakes recovered; interruptions=0; avatar=absent_saved.,"Keth rehearsed a public plan, not private workspace content.",no avatar re-entry today,Keth sleep/wake welfare score 0.83; avatar mode=absent_saved.,sound=sleep bell 2.17Hz; smell=Gate Ring night air; temp=0.60; wet=0.43; flower=155.2,False,ssrm251_browser_world_v11_sleep_reentry,d1e4d8a20e5bf74b40
315,53,Marketline,Melo,day 53: Melo recovered; avatar=absent_saved; weather=market dry,avatar absent; society sleep/wake continues,Melo wakes recovered; interruptions=0; avatar=absent_saved.,"Melo rehearsed a public plan, not private workspace content.",no avatar re-entry today,Melo sleep/wake welfare score 0.83; avatar mode=absent_saved.,sound=sleep bell 2.47Hz; smell=Market Measure night air; temp=0.59; wet=0.43; flower=164.5,False,ssrm251_browser_world_v11_sleep_reentry,e82697653dc56c2e81
316,53,Ledgerline,Nari,day 53: Nari recovered; avatar=absent_saved; weather=market dry,avatar absent; society sleep/wake continues,Nari wakes recovered; interruptions=0; avatar=absent_saved.,"Nari rehearsed a public plan, not private workspace content.",no avatar re-entry today,Nari sleep/wake welfare score 0.83; avatar mode=absent_saved.,sound=sleep bell 2.06Hz; smell=Hearth Archive night air; temp=0.60; wet=0.43; flower=151.8,False,ssrm251_browser_world_v11_sleep_reentry,65b22b06dab2ab5d65
317,53,Orchardline,Ori,day 53: Ori recovered; avatar=absent_saved; weather=market dry,avatar absent; society sleep/wake continues,Ori wakes recovered; interruptions=0; avatar=absent_saved.,"Ori rehearsed a public plan, not private workspace content.",no avatar re-entry today,Ori sleep/wake welfare score 0.83; avatar mode=absent_saved.,sound=sleep bell 2.40Hz; smell=Ceremony Center night air; temp=0.60; wet=0.43; flower=162.3,False,ssrm251_browser_world_v11_sleep_reentry,451bce3c375b4aca56
318,53,Rainline,Vonn,day 53: Vonn recovered; avatar=absent_saved; weather=market dry,avatar absent; society sleep/wake continues,Vonn wakes recovered; interruptions=0; avatar=absent_saved.,"Vonn rehearsed a public plan, not private workspace content.",no avatar re-entry today,Vonn sleep/wake welfare score 0.83; avatar mode=absent_saved.,sound=sleep bell 2.12Hz; smell=Rainwalk Threshold night air; temp=0.60; wet=0.43; flower=153.6,False,ssrm251_browser_world_v11_sleep_reentry,9dbfbeb8b3b6cf555d
319,54,Hearthline,Sova,day 54: Sova recovered; avatar=absent_saved; weather=rain pulse,avatar absent; society sleep/wake continues,Sova wakes recovered; interruptions=0; avatar=absent_saved.,"Sova rehearsed a public plan, not private workspace content.",no avatar re-entry today,Sova sleep/wake welfare score 0.83; avatar mode=absent_saved.,sound=sleep bell 2.31Hz; smell=Hearth Archive night air; temp=0.61; wet=0.46; flower=297.0,False,ssrm251_browser_world_v11_sleep_reentry,ced621b2b9e2fe58dc
320,54,Routeline,Keth,day 54: Keth recovered; avatar=absent_saved; weather=rain pulse,avatar absent; society sleep/wake continues,Keth wakes recovered; interruptions=0; avatar=absent_saved.,"Keth rehearsed a public plan, not private workspace content.",no avatar re-entry today,Keth sleep/wake welfare score 0.83; avatar mode=absent_saved.,sound=sleep bell 2.17Hz; smell=Gate Ring night air; temp=0.60; wet=0.46; flower=292.7,False,ssrm251_browser_world_v11_sleep_reentry,4e10318b8d722a23a5
321,54,Marketline,Melo,day 54: Melo recovered; avatar=absent_saved; weather=rain pulse,avatar absent; society sleep/wake continues,Melo wakes recovered; interruptions=0; avatar=absent_saved.,"Melo rehearsed a public plan, not private workspace content.",no avatar re-entry today,Melo sleep/wake welfare score 0.83; avatar mode=absent_saved.,sound=sleep bell 2.47Hz; smell=Market Measure night air; temp=0.59; wet=0.46; flower=302.0,False,ssrm251_browser_world_v11_sleep_reentry,1602e5f84e5ae30736
322,54,Ledgerline,Nari,day 54: Nari recovered; avatar=absent_saved; weather=rain pulse,avatar absent; society sleep/wake continues,Nari wakes recovered; interruptions=0; avatar=absent_saved.,"Nari rehearsed a public plan, not private workspace content.",no avatar re-entry today,Nari sleep/wake welfare score 0.83; avatar mode=absent_saved.,sound=sleep bell 2.06Hz; smell=Hearth Archive night air; temp=0.60; wet=0.46; flower=289.3,False,ssrm251_browser_world_v11_sleep_reentry,c3f6325b23dae2edb7
323,54,Orchardline,Ori,day 54: Ori recovered; avatar=absent_saved; weather=rain pulse,avatar absent; society sleep/wake continues,Ori wakes recovered; interruptions=0; avatar=absent_saved.,"Ori rehearsed a public plan, not private workspace content.",no avatar re-entry today,Ori sleep/wake welfare score 0.83; avatar mode=absent_saved.,sound=sleep bell 2.40Hz; smell=Ceremony Center night air; temp=0.60; wet=0.46; flower=299.8,False,ssrm251_browser_world_v11_sleep_reentry,9a1431ef379e002849
324,54,Rainline,Vonn,day 54: Vonn recovered; avatar=absent_saved; weather=rain pulse,avatar absent; society sleep/wake continues,Vonn wakes recovered; interruptions=0; avatar=absent_saved.,"Vonn rehearsed a public plan, not private workspace content.",no avatar re-entry today,Vonn sleep/wake welfare score 0.83; avatar mode=absent_saved.,sound=sleep bell 2.12Hz; smell=Rainwalk Threshold night air; temp=0.60; wet=0.46; flower=291.1,False,ssrm251_browser_world_v11_sleep_reentry,c5c487514e29a49b6c
325,55,Hearthline,Sova,day 55: Sova recovered; avatar=absent_saved; weather=orchard mild,avatar absent; society sleep/wake continues,Sova wakes recovered; interruptions=0; avatar=absent_saved.,"Sova rehearsed a public plan, not private workspace content.",no avatar re-entry today,Sova sleep/wake welfare score 0.83; avatar mode=absent_saved.,sound=sleep bell 2.31Hz; smell=Hearth Archive night air; temp=0.61; wet=0.49; flower=74.5,False,ssrm251_browser_world_v11_sleep_reentry,b784944722ed47475f
326,55,Routeline,Keth,day 55: Keth recovered; avatar=absent_saved; weather=orchard mild,avatar absent; society sleep/wake continues,Keth wakes recovered; interruptions=0; avatar=absent_saved.,"Keth rehearsed a public plan, not private workspace content.",no avatar re-entry today,Keth sleep/wake welfare score 0.83; avatar mode=absent_saved.,sound=sleep bell 2.17Hz; smell=Gate Ring night air; temp=0.60; wet=0.49; flower=70.2,False,ssrm251_browser_world_v11_sleep_reentry,45f9e5a172727cfd73
327,55,Marketline,Melo,day 55: Melo recovered; avatar=absent_saved; weather=orchard mild,avatar absent; society sleep/wake continues,Melo wakes recovered; interruptions=0; avatar=absent_saved.,"Melo rehearsed a public plan, not private workspace content.",no avatar re-entry today,Melo sleep/wake welfare score 0.83; avatar mode=absent_saved.,sound=sleep bell 2.47Hz; smell=Market Measure night air; temp=0.59; wet=0.49; flower=79.5,False,ssrm251_browser_world_v11_sleep_reentry,1351c0e46a8d4e3f67
328,55,Ledgerline,Nari,day 55: Nari recovered; avatar=absent_saved; weather=orchard mild,avatar absent; society sleep/wake continues,Nari wakes recovered; interruptions=0; avatar=absent_saved.,"Nari rehearsed a public plan, not private workspace content.",no avatar re-entry today,Nari sleep/wake welfare score 0.83; avatar mode=absent_saved.,sound=sleep bell 2.06Hz; smell=Hearth Archive night air; temp=0.60; wet=0.49; flower=66.8,False,ssrm251_browser_world_v11_sleep_reentry,5cc4890d66e7b5b1e1
329,55,Orchardline,Ori,day 55: Ori recovered; avatar=absent_saved; weather=orchard mild,avatar absent; society sleep/wake continues,Ori wakes recovered; interruptions=0; avatar=absent_saved.,"Ori rehearsed a public plan, not private workspace content.",no avatar re-entry today,Ori sleep/wake welfare score 0.83; avatar mode=absent_saved.,sound=sleep bell 2.40Hz; smell=Ceremony Center night air; temp=0.60; wet=0.49; flower=77.3,False,ssrm251_browser_world_v11_sleep_reentry,754238acb8b2fc445a
330,55,Rainline,Vonn,day 55: Vonn recovered; avatar=absent_saved; weather=orchard mild,avatar absent; society sleep/wake continues,Vonn wakes recovered; interruptions=0; avatar=absent_saved.,"Vonn rehearsed a public plan, not private workspace content.",no avatar re-entry today,Vonn sleep/wake welfare score 0.83; avatar mode=absent_saved.,sound=sleep bell 2.12Hz; smell=Rainwalk Threshold night air; temp=0.60; wet=0.49; flower=68.6,False,ssrm251_browser_world_v11_sleep_reentry,307c108992cb4e63da
331,56,Hearthline,Sova,day 56: Sova recovered; avatar=absent_saved; weather=storm edge,avatar absent; society sleep/wake continues,Sova wakes recovered; interruptions=1; avatar=absent_saved.,"Sova rehearsed a public plan, not private workspace content.",no avatar re-entry today,Sova sleep/wake welfare score 0.83; avatar mode=absent_saved.,sound=sleep bell 2.31Hz; smell=Hearth Archive night air; temp=0.61; wet=0.52; flower=212.0,False,ssrm251_browser_world_v11_sleep_reentry,a410b5b8d31c7d9066
332,56,Routeline,Keth,day 56: Keth recovered; avatar=absent_saved; weather=storm edge,avatar absent; society sleep/wake continues,Keth wakes recovered; interruptions=1; avatar=absent_saved.,"Keth rehearsed a public plan, not private workspace content.",no avatar re-entry today,Keth sleep/wake welfare score 0.83; avatar mode=absent_saved.,sound=sleep bell 2.17Hz; smell=Gate Ring night air; temp=0.60; wet=0.52; flower=207.7,False,ssrm251_browser_world_v11_sleep_reentry,f4d93e4a7f2a6089ee
333,56,Marketline,Melo,day 56: Melo recovered; avatar=absent_saved; weather=storm edge,avatar absent; society sleep/wake continues,Melo wakes recovered; interruptions=1; avatar=absent_saved.,"Melo rehearsed a public plan, not private workspace content.",no avatar re-entry today,Melo sleep/wake welfare score 0.83; avatar mode=absent_saved.,sound=sleep bell 2.47Hz; smell=Market Measure night air; temp=0.59; wet=0.52; flower=217.0,False,ssrm251_browser_world_v11_sleep_reentry,2fcba6ac22d09e837e
334,56,Ledgerline,Nari,day 56: Nari recovered; avatar=absent_saved; weather=storm edge,avatar absent; society sleep/wake continues,Nari wakes recovered; interruptions=1; avatar=absent_saved.,"Nari rehearsed a public plan, not private workspace content.",no avatar re-entry today,Nari sleep/wake welfare score 0.83; avatar mode=absent_saved.,sound=sleep bell 2.06Hz; smell=Hearth Archive night air; temp=0.60; wet=0.52; flower=204.3,False,ssrm251_browser_world_v11_sleep_reentry,a83b484d10449571e0
335,56,Orchardline,Ori,day 56: Ori recovered; avatar=absent_saved; weather=storm edge,avatar absent; society sleep/wake continues,Ori wakes recovered; interruptions=1; avatar=absent_saved.,"Ori rehearsed a public plan, not private workspace content.",no avatar re-entry today,Ori sleep/wake welfare score 0.83; avatar mode=absent_saved.,sound=sleep bell 2.40Hz; smell=Ceremony Center night air; temp=0.60; wet=0.52; flower=214.8,False,ssrm251_browser_world_v11_sleep_reentry,810d44d452b84c762f
336,56,Rainline,Vonn,day 56: Vonn recovered; avatar=absent_saved; weather=storm edge,avatar absent; society sleep/wake continues,Vonn wakes recovered; interruptions=1; avatar=absent_saved.,"Vonn rehearsed a public plan, not private workspace content.",no avatar re-entry today,Vonn sleep/wake welfare score 0.83; avatar mode=absent_saved.,sound=sleep bell 2.12Hz; smell=Rainwalk Threshold night air; temp=0.60; wet=0.52; flower=206.2,False,ssrm251_browser_world_v11_sleep_reentry,9c814868570de76286
