ablation,mean_total_score,total_loss,crisis_score_loss,resolved_rate_loss,env_response_loss,social_response_loss,coupled_response_loss,damage_increase
body,0.7210621061494689,0.12762707923194527,0.21147565421112557,0.1333333333333332,0.13333333333333341,0.0,0.13333333333333341,0.21564472631750164
infrastructure,0.4055677752986675,0.44312141008274664,0.6875733182406839,0.6133333333333333,0.6514320977069511,0.0,0.6514320977069511,1.1197430502898749
tools,0.6024649333442473,0.2462242520371668,0.46515871643362705,0.34666666666666657,0.38901496063935803,0.0,0.38901496063935803,0.2582416269922323
social_culture,0.5118921134547776,0.33679707192663655,0.7064149009171616,0.9666666666666666,0.07855957751036446,1.0,0.9645133136599267,1.4624509437283792
environment,0.5192400857114564,0.3294490996699577,0.7064149009171616,0.9666666666666666,0.9645133136599267,0.0,0.9645133136599267,0.9383143731754651
previous_action,0.6219521327262199,0.22673705265519428,0.4731583420512625,0.34666666666666657,0.4033275069073571,0.0,0.4033275069073571,0.26065120551690635
