ablation,mean_total_score,total_loss,crisis_score_loss,resolved_rate_loss,env_response_loss,social_response_loss,coupled_response_loss,damage_increase
body,0.4955814995152716,0.022553500053615616,0.0,0.07333333333333332,0.04395627691380116,0.0,0.04395627691380116,0.15956434500850802
infrastructure,0.46122525323240665,0.05690974633648055,0.0,0.033333333333333326,0.010768954552955484,0.0,0.010768954552955484,0.04697285400086271
tools,0.49645614880573313,0.021678850763154067,0.0,0.13999999999999999,0.06905452870943743,0.0,0.06905452870943743,0.09611697167816624
social_culture,0.4783143613226895,0.03982063824619769,0.0,0.13999999999999999,-0.22580847191837844,1.0,0.08478656105347682,1.2233121079739973
environment,0.5183331245692505,-0.00019812500036331393,0.0,0.13999999999999999,0.08478656105347682,0.0,0.08478656105347682,0.19266596125585633
previous_action,0.48757196816353404,0.030563031405353158,0.0,0.10666666666666666,0.053681978551008425,0.0,0.053681978551008425,0.03322416875802281
