policy_bias,tune_total_score,tune_maturation_score,tune_crisis_score,tune_resolved_rate,tune_env_response,tune_social_response,tune_coupled_response,tune_damage,selection_objective,selected
0.0,0.5002671779206675,0.9620522652320529,0.0,0.0,0.350765306122449,0.0,0.0,2.5870375518139044,-0.5685823521887767,False
0.2,0.52,1.0,0.0,0.0,0.350765306122449,0.0,0.0,2.5520901865572023,-0.5480178062865917,False
0.4,0.5075717028571429,0.9760994285714286,0.0,0.0,0.26778658271819367,0.0,0.0,2.551832863974931,-0.5417817460748808,False
0.7,0.5109104440426069,0.982520084697321,0.0,0.0,0.26778658271819367,0.0,0.0,2.503920201601683,-0.5240223947463722,True
1.0,0.509916199497769,0.9806080759572482,0.0,0.0,0.34225466782457664,0.0,0.0,2.5494203183184165,-0.550355433944684,False
