controller,ablation,mean_score,score_loss,mean_development_score,development_loss,mean_knowledge_score,knowledge_loss,mean_recovery_score,recovery_loss
gru,body,0.7163226282248178,0.28367737177518215,0.58,0.40947552427291545,0.05347170949732795,0.9465282905026721,0.9579118613357357,0.001288138664264138
gru,infrastructure,0.7150406491238546,0.28495935087614543,0.58,0.40947552427291545,0.053018907163921006,0.946981092836079,0.9513683359786265,0.007831664021373363
gru,tools,0.8049987502996963,0.19500124970030375,0.9948857421489723,-0.005410217876056889,0.06291979572455586,0.9370802042754441,0.9550447050156998,0.004155294984300006
gru,social_culture,1.0,0.0,0.971447112064649,0.018028412208266453,1.0,0.0,0.9591999999999998,0.0
gru,environment,0.9823758452007632,0.017624154799236846,0.98408135136892,0.005394172903995353,0.8554261318790143,0.14457386812098572,0.957402678284676,0.001797321715323874
gru,previous_action,1.0,0.0,0.9833076464536749,0.0061678778192405526,1.0,0.0,0.9591999999999998,0.0
