commit_actions,tune_total_score,tune_maturation_score,tune_crisis_score,tune_resolved_rate,tune_env_response,tune_social_response,tune_coupled_response,tune_damage,selection_objective,selected
14,0.6560064023438417,1.0,0.2833466715496701,0.6333333333333333,0.5970093356491533,0.8062255753365176,0.488504125054277,0.8376710899916586,1.6559890494881926,True
42,0.6512288261296912,1.0,0.2733933877701902,0.6333333333333333,0.6138026487190621,0.7994192357794181,0.5084834997828919,0.8889410639934483,1.648814891041494,False
