ablation,mean_total_score,total_loss,crisis_score_loss,resolved_rate_loss,env_response_loss,social_response_loss,coupled_response_loss,damage_increase
body,0.500550851747299,0.005867274643558074,0.0,-0.24444444444444446,-0.1431310248271509,0.5179138321995465,-0.04602218128973593,0.08704417474234738
infrastructure,0.45379863280645005,0.052619493584406984,0.0,0.0,0.0,0.0523708421797594,0.0,0.037605342771512396
tools,0.29506990111574166,0.21134822527511538,0.0,0.0,0.0,0.3974078166298366,0.0,0.1536497053502459
social_culture,0.45330974899698084,0.053108377393876194,0.0,0.0,-0.18053459763089408,1.0,0.0,0.9910540018653211
environment,0.52,-0.01358187360914298,0.0,0.0,0.0,0.15500841389995934,0.0,-0.0017698862896207146
previous_action,0.52,-0.01358187360914298,0.0,0.0,-0.029617480998814127,0.023233603420136695,-0.026358746507140596,-0.10638541312055283
