ablation,mean_total_score,total_loss,crisis_score_loss,resolved_rate_loss,env_response_loss,social_response_loss,coupled_response_loss,damage_increase
body,0.517708672,0.0015275519999998766,0.0,0.05,-0.005769230769230749,-0.0993589743589744,0.01794871794871795,0.08590253940714176
infrastructure,0.33027299702820867,0.18896322697179124,0.0,0.1,-0.11474358974358972,0.35320512820512817,0.025,0.6450294496060018
tools,0.5176903541294055,0.001545869870594463,0.0,0.1,0.13525641025641028,0.35,0.025,-0.0263189516319009
social_culture,0.5179878101234582,0.0012484138765417319,0.0,0.1,0.13525641025641028,-0.6467948717948718,0.025,-0.01691432564360018
environment,0.5184250351323365,0.0008111888676634038,0.0,0.05,0.03525641025641027,0.31987179487179485,0.020512820512820516,0.13390245636239073
previous_action,0.52,-0.0007637760000001048,0.0,-0.04999999999999999,0.061538461538461556,-0.014743589743589802,-0.0057692307692307696,-0.13203521579461763
