ablation,mean_total_score,total_loss,crisis_score_loss,resolved_rate_loss,env_response_loss,social_response_loss,coupled_response_loss,damage_increase
body,0.505131433454551,0.027355703881953852,0.02810521599237167,-0.11111111111111105,-0.044641954446322074,0.0,-0.044641954446322074,0.09658891981221052
infrastructure,0.47393126910291633,0.05855586823358855,0.01637594632416344,0.05555555555555558,0.05602836879432621,0.0,0.05602836879432621,0.22600646676153713
tools,0.5120679694852973,0.020419167851207565,0.02810521599237167,0.12222222222222226,0.12249601968446949,0.0,0.12249601968446949,0.11504938965422107
social_culture,0.4573419217990338,0.07514521553747106,0.02810521599237167,0.35555555555555557,-0.17449124023282353,1.0,0.35537176654101127,1.2329775474184677
environment,0.5069204299132959,0.02556670742320899,0.02810521599237167,0.35555555555555557,0.35537176654101127,0.0,0.35537176654101127,0.26149644901064084
previous_action,0.5312633953863205,0.001223741950184376,-0.0024553021735738735,0.0,-0.0008449239568439348,0.0,-0.0008449239568439348,-0.022462897526053238
