controller,ablation,mean_score,score_loss,mean_development_score,development_loss,mean_knowledge_score,knowledge_loss,mean_recovery_score,recovery_loss
return_selected_gru,body,0.9699471887225609,0.030052811277439084,0.6799466248983743,0.2904191528663942,1.0,0.0,0.9591999999999998,0.0
return_selected_gru,infrastructure,0.6883552478421937,0.3116447521578063,0.58,0.39036577776476855,0.045108192472229844,0.9548918075277701,0.9521131309643385,0.007086869035661358
return_selected_gru,tools,0.998387144323007,0.0016128556769929858,0.9945667816492095,-0.02420100388444102,1.0,0.0,0.9545006774504827,0.004699322549517104
return_selected_gru,social_culture,1.0,0.0,0.9277949064916644,0.042570871273104105,1.0,0.0,0.9588923062640854,0.00030769373591443827
return_selected_gru,environment,1.0,0.0,0.9036058134247844,0.0667599643399841,1.0,0.0,0.9591999999999998,0.0
return_selected_gru,previous_action,1.0,0.0,0.9777542711926175,-0.0073884934278489744,1.0,0.0,0.9591999999999998,0.0
