active_bias,tune_total_score,tune_maturation_score,tune_crisis_score,tune_resolved_rate,tune_env_response,tune_social_response,tune_coupled_response,tune_damage,selection_objective,selected
0.0,0.48897551554471486,0.9403375298936822,0.0,0.08333333333333333,0.16702127659574467,0.09948979591836735,0.0,2.4886663532961575,-0.48280138454377775,True
0.4,0.48101078227392546,0.9250207351421642,0.0,0.08333333333333333,0.16702127659574467,0.09948979591836735,0.0,2.522416179794826,-0.49813721539161415,False
0.8,0.4710378639416063,0.9058420460415506,0.0,0.0,0.16702127659574467,0.0,0.0,2.500692943100824,-0.5785577181949733,False
