env_quota,social_quota,coordinator_strength,tune_total_score,tune_maturation_score,tune_crisis_score,tune_resolved_rate,tune_env_response,tune_social_response,tune_coupled_response,tune_damage,selection_objective,selected
0.0,0.0,0.0,0.52,1.0,0.0,0.05555555555555555,0.234552757273122,0.45821392386741927,0.02695035460992908,2.0543232293563354,-0.27644826904330716,False
0.1,0.1,0.7,0.8030719645811697,1.0,0.5897332595441035,0.8666666666666667,0.8351280937907077,1.0,0.8351280937907077,0.8528498686226206,1.9436801033168087,False
0.12,0.12,0.8,0.8071485168974984,1.0,0.5982260768697883,0.8666666666666667,0.8556954696772326,1.0,0.8556954696772326,0.857966641815699,1.968113143963133,False
0.14,0.14,0.9,0.8725552893589348,1.0,0.7344901861644474,1.0,0.9583333333333334,1.0,0.9583333333333334,0.8133613728634841,2.317111692761039,True
0.16,0.14,1.0,0.8692320132267554,1.0,0.7275666942224069,1.0,0.9583333333333334,1.0,0.9583333333333334,0.8331427784121711,2.3020798026845917,False
0.14,0.16,1.0,0.8610939857512964,1.0,0.7106124703152005,0.9333333333333332,0.945578231292517,1.0,0.945578231292517,0.7643142247554039,2.2499335117648314,False
0.18,0.16,1.1,0.8546655343484679,1.0,0.6972198632259747,0.9333333333333332,0.9583333333333334,1.0,0.9583333333333334,0.8208003907829292,2.2245734497107184,False
0.16,0.18,1.1,0.8594534047342196,1.0,0.7071945931962906,0.9333333333333332,0.945578231292517,1.0,0.945578231292517,0.7740795879522894,2.242512812271518,False
0.2,0.18,1.2,0.8701189556266195,1.0,0.7294144908887906,1.0,0.9574829931972789,1.0,0.9574829931972789,0.8266485877424254,2.3058438198071842,False
