router,social_bias,environment_bias,infrastructure_bias,tool_bias,teaching_bias,tune_total_score,tune_maturation_score,tune_crisis_score,tune_resolved_rate,tune_coupled_response,tune_damage,selection_objective,selected
none,0.0,0.0,0.0,0.0,0.0,0.31009873527989124,0.5963437216920986,0.0,0.0,0.0,1.6088148711077297,-0.011664238941654748,False
balanced,1.0,1.0,1.0,1.0,1.0,0.3610461110037504,0.6943194442379815,0.0,0.0,0.0,1.558030989448381,0.04943991311407414,False
social_env,1.55,1.45,0.75,0.7,1.2,0.4184938606837384,0.804795885930266,0.0,0.0,0.0,1.5793903803391172,0.10261578461591492,False
environment_first,0.55,2.0,0.7,0.65,0.55,0.3344544172862107,0.6431815717042515,0.0,0.0,0.0,1.6168189113724063,0.011090635011729466,False
social_first,2.0,0.55,0.6,0.6,1.35,0.46626359322666167,0.8966607562051185,0.0,0.0,0.0,1.4627509197259758,0.1737134092814665,False
build_tool,0.45,0.7,1.65,1.7,0.55,0.3342189540970564,0.6427287578789544,0.0,0.0,0.0,1.5481733417839822,0.024584285740259892,False
teaching_tradition,1.1,0.75,0.7,0.7,2.0,0.46221270250322966,0.88887058173698,0.0,0.0,0.0,1.6325865481580046,0.13569539287162868,False
high_pressure,1.8,1.6,1.3,1.25,1.5,0.49299529532057884,0.9480678756164977,0.0,0.08333333333333333,0.0,1.4647219998296204,0.20463422868798808,True
