source_policy,sequences,examples,mean_return,min_return,max_return,positive_return_rate,env_action_fraction,social_action_fraction,none_fraction,mean_sequence_length
balanced_strong_joint,19,25728,0.6309705955018852,-1.1864378566692768,2.5,0.47368421052631576,0.4488883706467662,0.23958333333333334,0.3115282960199005,1354.1052631578948
fixed_joint,19,24842,0.6333610499230365,-1.2325659464754697,2.5,0.47368421052631576,0.4281861363819338,0.1817083970694791,0.3901054665485871,1307.4736842105262
high_env_joint,19,25494,0.6346069833306711,-1.2261482206643333,2.5,0.47368421052631576,0.487997175806072,0.17333490232996,0.338667921863968,1341.7894736842106
high_social_joint,19,23027,0.6329492777836033,-1.1801672859370549,2.5,0.47368421052631576,0.4302340730446867,0.26065054066964866,0.30911538628566465,1211.9473684210527
min_channel_planner,19,22855,0.647784496474051,-1.0780394942668006,2.5,0.47368421052631576,0.39151170422227083,0.2739881863924743,0.3345001093852549,1202.8947368421052
return_selected,19,21438,-1.0590697139135212,-1.2676600573713181,0.22905761796490426,0.05263157894736842,0.9487358895419349,0.016559380539229406,0.03470472991883571,1128.3157894736842
student_counterfactual_iteration_1,19,25615,0.8228350488710706,-0.17174570466826605,1.4688010683892139,0.7894736842105263,0.6086667967987507,0.28018739020105404,0.1111458130001952,1348.157894736842
