architecture,train_loss,train_accuracy,device_used,parameter_count,train_sequences,train_steps
frame_mlp,2.033389091491699,0.19714455428741143,mps,9932,52,47138
gru,1.9481220245361328,0.2012389155246298,mps,28236,52,47138
