iteration,source,aggregate_sequences,aggregate_examples,epochs,final_loss,train_accuracy,weighted_train_accuracy,mean_return,positive_return_rate,mean_weight,max_weight,env_action_fraction,social_action_fraction,none_fraction,device_used,parameter_count
0,behavior_sources,114,144829,14,0.32870951294898987,0.9881446395404235,0.9855804775106285,1.0925816472021204,0.631578947368421,4.955950622364724,8.0,0.5933963501784864,0.2767125368538069,0.12989111296770675,mps,29640
1,student_iteration_1,133,166169,14,0.0011882924009114504,0.9858818431837467,0.9821963348936753,0.9695325076229969,0.5939849624060151,4.698997141604447,8.0,0.5778695183818883,0.2766761549988265,0.14545432661928517,mps,29640
