option_bias,mean_score,mean_social_response_score,mean_variant_targeted_rate,selection_objective,selected
0.7,0.7119902254908349,0.8137381477754108,0.4,0.8821883291349006,True
1.0,0.7118488439541351,0.8138713076103128,0.4,0.8820682531717852,False
1.35,0.7116021836238977,0.8138753679362862,0.4,0.8818222424937036,False
1.7,0.7114268231118255,0.8138821186094007,0.4,0.8816479620893296,False
2.1,0.711276266422123,0.8138849653062076,0.4,0.8814978608711164,False
