ablation,mean_total_score,total_loss,crisis_score_loss,resolved_rate_loss,env_response_loss,social_response_loss,coupled_response_loss,damage_increase
body,0.4916486300163561,0.028351369983643904,0.0,0.12222222222222223,0.11461481823609873,-0.003546099290780119,0.1146148182360987,0.14684145729618292
infrastructure,0.3766263843720647,0.14337361562793532,0.0,0.17777777777777778,-0.02960844635093951,0.22777008757155118,0.14638859157522158,0.3446438158644525
tools,0.5192379605591502,0.0007620394408498488,0.0,0.0,0.005381876742204306,0.012056737588652472,0.009637195891140454,0.036783874010863915
social_culture,0.46179428742814627,0.05820571257185375,0.0,0.17777777777777778,-0.02960844635093951,0.2286204277076056,0.147238931711276,0.27246024158161264
environment,0.5051848081751072,0.01481519182489277,0.0,0.17777777777777778,0.26973495139574555,-0.7713795722923944,0.147238931711276,-0.5335302031807014
previous_action,0.5165943466666666,0.003405653333333425,0.0,0.0,-0.013182980198448824,0.13709389027327967,0.07213786042944077,0.09938543148869039
