ablation,mean_total_score,total_loss,crisis_score_loss,resolved_rate_loss,env_response_loss,social_response_loss,coupled_response_loss,damage_increase
body,0.5009871667701032,0.008245649776793096,0.0,0.16666666666666669,0.007092198581560294,0.40431155522244133,0.17327972160992508,0.39533228248815
infrastructure,0.43240054540123857,0.07683227114565777,0.0,0.22222222222222227,-0.013457084961644217,0.30766174247627404,0.15712325902489108,0.5611827554787978
tools,0.49458375300469376,0.014649063542202578,0.0,0.11111111111111113,0.07497828918801566,0.232982403333109,0.09065039170115352,-0.04185215995151803
social_culture,0.2635036732986949,0.24572914324820144,0.0,0.2888888888888889,0.033653218255274286,0.5861183480484392,0.17923210256230604,0.23173558687958895
environment,0.52,-0.01076718345310368,0.0,0.2888888888888889,0.3071448161864014,-0.3410394270189442,0.17923210256230604,-0.07681785536942898
previous_action,0.5063167568046953,0.0029160597422009937,0.0,0.05555555555555561,-0.008523921381354604,0.2245575096822846,0.15172630148865798,-0.08055581489039221
