architecture,train_loss,train_accuracy,device_used,parameter_count,train_sequences,train_steps
frame_mlp,2.1795730590820312,0.14065085493656923,mps,6684,52,47138
gru,2.139845371246338,0.13910221053078195,mps,18876,52,47138
