ablation,mean_total_score,total_loss,crisis_score_loss,resolved_rate_loss,env_response_loss,social_response_loss,coupled_response_loss,damage_increase
body,0.5087019005947448,0.00912574740525518,0.0,0.10666666666666663,-0.018451129469269745,0.2611826123592139,0.0003325534035270167,0.486338067324372
infrastructure,0.4511120048032874,0.06671564319671264,0.0,0.06666666666666665,-0.20499030619159167,0.1738391215003416,-0.014883651251529198,0.3696020888078595
tools,0.5061795716528592,0.011648076347140823,0.0,-0.03333333333333338,-0.0706268616675563,0.18832900038996492,-0.04471995818248699,-0.007141850732655497
social_culture,0.5168840864883767,0.0009435615116233365,0.0,0.27999999999999997,-0.19569216004602139,0.46572374904698294,0.08519693688560938,0.7708315453539021
environment,0.52,-0.0021723519999999885,0.0,0.27999999999999997,0.18225147112646387,-0.516505937515269,0.08519693688560938,-0.029398726750976323
previous_action,0.5027231570595032,0.015104490940496818,0.0,0.0,0.01660061232786922,0.009482351552899282,0.009643186723124003,-0.13390587411811827
