pass_name,seed,visited_sequences,visited_steps,teacher_student_disagreement,mean_recovery_weight,mean_state_readiness,mean_survival_urgency,final_student_alive,final_student_readiness,final_student_score
student_recovery_1,20261231,14,7845,0.9277246653919694,4.045346913371985,0.3249246219429742,0.5858112043662154,0,0.41252216179519174,0.21353438252510737
student_recovery_1,20261232,14,8201,0.9292769174490916,3.8989533902302917,0.3264304363067631,0.5995000330436153,0,0.4124244835534751,0.2160100642758665
student_recovery_1,20261233,14,8183,0.9285103262862031,3.8826631547295274,0.32667048568402857,0.6202892926514955,0,0.4177318230528577,0.21899308777204865
student_recovery_2,20262231,14,9732,0.9856144677353063,3.62038664114747,0.3723283097370175,0.6317391019656724,12,0.5063347915934219,0.6374506018096251
student_recovery_2,20262232,14,8734,0.9885504923288299,3.672914553443587,0.3449617353480473,0.6210873294194095,4,0.4984463605537863,0.49550342767086153
student_recovery_2,20262233,14,10080,0.9883928571428572,3.5741998706644926,0.37416295916488856,0.6296672809609396,14,0.5147467838882195,0.6780319971715891
