ablation,mean_total_score,total_loss,crisis_score_loss,resolved_rate_loss,env_response_loss,social_response_loss,coupled_response_loss,damage_increase
body,0.517708672,0.0007637759999999938,0.0,0.05,-0.17884615384615385,0.03589743589743591,0.007692307692307691,0.06526771212212101
infrastructure,0.33139021742652786,0.18708223057347217,0.0,0.1,-0.026282051282051272,0.24807692307692308,0.01346153846153846,0.05596828865193748
tools,0.5166104493838759,0.0018619986161241275,0.0,0.1,0.22371794871794873,0.24807692307692308,0.01346153846153846,0.08045267689342528
social_culture,0.52,-0.0015275519999999876,0.0,0.1,0.22371794871794873,-0.7519230769230769,0.01346153846153846,0.11390659798521052
environment,0.5176693076634025,0.0008031403365975631,0.0,0.1,-0.22884615384615384,0.19230769230769232,0.010256410256410255,0.09561113572174196
previous_action,0.5192362239999999,-0.0007637759999998828,0.0,-0.04999999999999999,0.05192307692307693,-0.1102564102564102,-0.03461538461538461,-0.07483356114375361
