architecture,ablation,mean_score,score_loss,mean_response_score,response_loss,mean_inference_score,inference_loss
return_selected_option_gru,regime_signal,0.6473468258323793,0.11820822850126189,0.6573231873762071,0.18132755950545842,0.20809410089821273,0.0051278186349151544
return_selected_option_gru,infrastructure,0.45581650052289413,0.3097385538107471,0.49504122204940854,0.343609524832257,0.2045537150620072,0.008668204471120683
return_selected_option_gru,social_culture,0.7674292561440323,-0.0018742018103911073,0.8383603630734638,0.0002903838082016774,0.2200087227799076,-0.006786803246779716
return_selected_option_gru,body,0.552566641203034,0.21298841313060723,0.5831863808492854,0.2554643660323801,0.2065019281296791,0.006719991403448783
