ablation,mean_total_score,total_loss,crisis_score_loss,resolved_rate_loss,env_response_loss,social_response_loss,coupled_response_loss,damage_increase
body,0.6643114402381205,0.03802725303610688,0.07922344382522267,0.050000000000000044,0.10769230769230775,0.0,0.10769230769230775,-0.0017791714883748089
infrastructure,0.6047701618250633,0.09756853144916411,0.031693968750933166,0.0,0.009615384615384581,0.0,0.009615384615384581,0.07681793269497394
tools,0.6654667806296561,0.036871912644571236,0.0768164846761899,0.09999999999999998,0.1461538461538462,0.0,0.1461538461538462,-0.13788696685923763
social_culture,0.52,0.18233869327422736,0.3798722776546403,0.65,0.31538461538461543,1.0,0.6455128205128206,0.5459784225394618
environment,0.52,0.18233869327422736,0.3798722776546403,0.65,0.6455128205128206,0.0,0.6455128205128206,0.3390481355839182
previous_action,0.6761696201851382,0.026169073089089223,0.05292770226893584,0.0,0.11923076923076925,0.0,0.11923076923076925,-0.01910766384699636
