router,social_bias,environment_bias,infrastructure_bias,tool_bias,teaching_bias,tune_score,tune_development,tune_knowledge,tune_recovery,tune_births,selection_objective,selected
none,0.0,0.0,0.0,0.0,0.0,1.0,0.9975741085128069,1.0,0.9591999999999999,2.3333333333333335,1.0979193527128202,False
balanced,1.0,1.0,1.0,1.0,1.0,1.0,1.0,1.0,0.9591999999999999,3.0,1.10198,False
social_env,1.55,1.45,0.75,0.7,1.2,1.0,0.9956888469550309,1.0,0.9591999999999999,5.333333333333333,1.1078722211738756,True
environment_first,0.55,2.0,0.7,0.65,0.55,1.0,0.9906080776068151,1.0,0.9591999999999999,3.3333333333333335,1.1037452019401703,False
social_first,2.0,0.55,0.6,0.6,1.35,1.0,0.9977680912964019,1.0,0.9591999999999999,3.3333333333333335,1.10392420228241,False
build_tool,0.45,0.7,1.65,1.7,0.55,1.0,1.0,1.0,0.9590656656663937,3.6666666666666665,1.1059766416416597,False
teaching_tradition,1.1,0.75,0.7,0.7,2.0,1.0,1.0,1.0,0.9548232449922538,2.6666666666666665,1.0998705811248062,False
high_pressure,1.8,1.6,1.3,1.25,1.5,1.0,1.0,1.0,0.9591999999999999,3.6666666666666665,1.10598,False
