architecture,ablation,mean_score,score_loss,mean_credit_response_score,credit_response_loss,mean_targeted_repair_rate,targeted_repair_loss,mean_opportunity_score,opportunity_loss,mean_culture_score,culture_loss
repair_critic_gru,regime_signal,0.6248246374874247,0.11961365044591665,0.5147899297195271,0.3804843013096397,0.4,0.002431247790738722,0.4,0.08454399999999973,0.9749609980116121,-0.04125974220888917
repair_critic_gru,social_culture,0.7725919137093229,-0.028153625775981572,0.9332157881145982,-0.03794155708543134,0.6544948745139625,-0.25206362672322374,0.6815359999999988,-0.19699199999999906,0.9337608634964709,-5.960769374802055e-05
repair_critic_gru,memory,0.6236968938198598,0.1207413941134815,0.5214945100344303,0.37377972099473655,0.4,0.002431247790738722,0.4,0.08454399999999973,0.9721802041657288,-0.038478948363005916
repair_critic_gru,body,0.6966589679765661,0.0477793199567752,0.7991994184560771,0.0960748125730897,0.3983388712147991,0.004092376575939638,0.42099199999999753,0.06355200000000222,0.8079292489150113,0.12577200688771162
