tick_id,day,week,settlement_id,resident_id,circadian_hour,sleep_state,sleep_quality,fatigue_before,fatigue_after,rest_debt_before,rest_debt_after,dream_workspace_private,visible_sleep_marker,frequency_hz,flower_phase,bounded_cycle
0,1,1,glass_harbor,Nia,0.0,asleep,0.7224,0.24,0.189432,0.18,0.12582,True,"curled posture, low breath rhythm",6.840667,0.0644,True
1,1,1,cinder_garden,Pax,1.5,asleep,0.7224,0.24,0.189432,0.18,0.12582,True,"curled posture, low breath rhythm",9.460667,0.095108,True
2,1,1,lichen_bridge,Rin,3.0,asleep,0.7224,0.24,0.189432,0.18,0.12582,True,"curled posture, low breath rhythm",8.190667,0.086917,True
3,1,1,orchid_engine,Eli,4.5,asleep,0.7224,0.24,0.189432,0.18,0.12582,True,"curled posture, low breath rhythm",10.580667,0.115325,True
4,1,1,moss_ward,Ari,6.0,awake,0.0,0.24,0.258,0.18,0.19,True,upright work rhythm,6.01878,0.073933,True
5,1,1,glass_harbor,Oren,7.5,awake,0.0,0.24,0.264,0.18,0.19,True,upright work rhythm,7.22124,0.090442,True
6,1,1,cinder_garden,Vale,9.0,awake,0.0,0.24,0.258,0.18,0.19,True,upright work rhythm,9.83878,0.12115,True
7,1,1,lichen_bridge,Sol,10.5,awake,0.0,0.24,0.264,0.18,0.19,True,upright work rhythm,8.57124,0.112958,True
8,1,1,orchid_engine,Bea,12.0,awake,0.0,0.24,0.258,0.18,0.19,True,upright work rhythm,10.95878,0.141367,True
9,1,1,moss_ward,Fay,13.5,awake,0.0,0.24,0.258,0.18,0.19,True,upright work rhythm,6.36878,0.099975,True
10,1,1,glass_harbor,Puck,15.0,awake,0.0,0.24,0.264,0.18,0.19,True,upright work rhythm,7.57124,0.116483,True
11,1,1,cinder_garden,Wren,16.5,awake,0.0,0.24,0.258,0.18,0.19,True,upright work rhythm,10.18878,0.147192,True
12,1,1,lichen_bridge,Kio,18.0,awake,0.0,0.24,0.264,0.18,0.19,True,upright work rhythm,8.92124,0.139,True
13,1,1,orchid_engine,Cai,19.5,awake,0.0,0.24,0.258,0.18,0.19,True,upright work rhythm,11.30878,0.167408,True
14,1,1,moss_ward,Milo,21.0,awake,0.0,0.24,0.258,0.18,0.19,True,upright work rhythm,6.71878,0.126017,True
15,1,1,glass_harbor,Sera,22.5,asleep,0.7224,0.24,0.189432,0.18,0.12582,True,"curled posture, low breath rhythm",7.890667,0.142525,True
16,2,1,lichen_bridge,Kio,0.0,asleep,0.7348,0.264,0.212564,0.19,0.13489,True,"curled posture, low breath rhythm",8.060151,0.159833,True
17,2,1,orchid_engine,Cai,1.5,asleep,0.73326,0.258,0.206672,0.19,0.135006,True,"curled posture, low breath rhythm",10.447735,0.188242,True
18,2,1,moss_ward,Milo,3.0,asleep,0.73476,0.258,0.206567,0.19,0.134893,True,"curled posture, low breath rhythm",5.857692,0.14685,True
19,2,1,glass_harbor,Sera,4.5,asleep,0.74014,0.189432,0.137622,0.12582,0.070309,True,"curled posture, low breath rhythm",7.029425,0.163358,True
20,2,1,cinder_garden,Juno,6.0,awake,0.0,0.24,0.264,0.18,0.19,True,upright work rhythm,9.70124,0.194067,True
21,2,1,lichen_bridge,Luma,7.5,awake,0.0,0.24,0.258,0.18,0.19,True,upright work rhythm,8.42878,0.185875,True
22,2,1,orchid_engine,Dax,9.0,awake,0.0,0.24,0.258,0.18,0.19,True,upright work rhythm,10.81878,0.214283,True
23,2,1,moss_ward,Tala,10.5,awake,0.0,0.24,0.258,0.18,0.19,True,upright work rhythm,6.22878,0.172892,True
24,2,1,glass_harbor,Nia,12.0,awake,0.0,0.189432,0.207432,0.12582,0.13582,True,upright work rhythm,7.408047,0.1894,True
25,2,1,cinder_garden,Pax,13.5,awake,0.0,0.189432,0.213432,0.12582,0.13582,True,upright work rhythm,10.030507,0.220108,True
26,2,1,lichen_bridge,Rin,15.0,awake,0.0,0.189432,0.207432,0.12582,0.13582,True,upright work rhythm,8.758047,0.211917,True
27,2,1,orchid_engine,Eli,16.5,awake,0.0,0.189432,0.207432,0.12582,0.13582,True,upright work rhythm,11.148047,0.240325,True
28,2,1,moss_ward,Ari,18.0,awake,0.0,0.258,0.276,0.19,0.2,True,upright work rhythm,6.58616,0.198933,True
29,2,1,glass_harbor,Oren,19.5,awake,0.0,0.264,0.282,0.19,0.2,True,upright work rhythm,7.78862,0.215442,True
30,2,1,cinder_garden,Vale,21.0,awake,0.0,0.258,0.282,0.19,0.2,True,upright work rhythm,10.40862,0.24615,True
31,2,1,lichen_bridge,Sol,22.5,asleep,0.7325,0.264,0.212725,0.19,0.135063,True,"curled posture, low breath rhythm",9.110217,0.237958,True
32,3,1,moss_ward,Ari,0.0,asleep,0.74712,0.276,0.223702,0.2,0.143966,True,"curled posture, low breath rhythm",5.724718,0.219767,True
33,3,1,glass_harbor,Oren,1.5,asleep,0.74536,0.282,0.229825,0.2,0.144098,True,"curled posture, low breath rhythm",6.927228,0.236275,True
34,3,1,cinder_garden,Vale,3.0,asleep,0.74636,0.282,0.229755,0.2,0.144023,True,"curled posture, low breath rhythm",9.547199,0.266983,True
35,3,1,lichen_bridge,Sol,4.5,asleep,0.753,0.212725,0.160015,0.135063,0.078588,True,"curled posture, low breath rhythm",8.248606,0.258792,True
36,3,1,orchid_engine,Bea,6.0,awake,0.0,0.258,0.276,0.19,0.2,True,upright work rhythm,10.68616,0.2872,True
37,3,1,moss_ward,Fay,7.5,awake,0.0,0.258,0.276,0.19,0.2,True,upright work rhythm,6.09616,0.245808,True
38,3,1,glass_harbor,Puck,9.0,awake,0.0,0.264,0.282,0.19,0.2,True,upright work rhythm,7.29862,0.262317,True
39,3,1,cinder_garden,Wren,10.5,awake,0.0,0.258,0.276,0.19,0.2,True,upright work rhythm,9.91616,0.293025,True
40,3,1,lichen_bridge,Kio,12.0,awake,0.0,0.212564,0.230564,0.13489,0.14489,True,upright work rhythm,8.627531,0.284833,True
41,3,1,orchid_engine,Cai,13.5,awake,0.0,0.206672,0.224672,0.135006,0.145006,True,upright work rhythm,11.015115,0.313242,True
42,3,1,moss_ward,Milo,15.0,awake,0.0,0.206567,0.224567,0.134893,0.144893,True,upright work rhythm,6.425072,0.27185,True
43,3,1,glass_harbor,Sera,16.5,awake,0.0,0.137622,0.155622,0.070309,0.080309,True,upright work rhythm,7.596805,0.288358,True
44,3,1,cinder_garden,Juno,18.0,awake,0.0,0.264,0.282,0.19,0.2,True,upright work rhythm,10.26862,0.319067,True
45,3,1,lichen_bridge,Luma,19.5,awake,0.0,0.258,0.276,0.19,0.2,True,upright work rhythm,8.99616,0.310875,True
46,3,1,orchid_engine,Dax,21.0,awake,0.0,0.258,0.276,0.19,0.2,True,upright work rhythm,11.38616,0.339283,True
47,3,1,moss_ward,Tala,22.5,asleep,0.73526,0.258,0.206532,0.19,0.134856,True,"curled posture, low breath rhythm",6.767678,0.297892,True
48,4,1,cinder_garden,Juno,0.0,asleep,0.74636,0.282,0.229755,0.2,0.144023,True,"curled posture, low breath rhythm",9.407199,0.3399,True
49,4,1,lichen_bridge,Luma,1.5,asleep,0.74732,0.276,0.223688,0.2,0.143951,True,"curled posture, low breath rhythm",8.134712,0.331708,True
50,4,1,orchid_engine,Dax,3.0,asleep,0.74712,0.276,0.223702,0.2,0.143966,True,"curled posture, low breath rhythm",10.524718,0.360117,True
51,4,1,moss_ward,Tala,4.5,asleep,0.75496,0.206532,0.153685,0.134856,0.078234,True,"curled posture, low breath rhythm",5.906011,0.318725,True
52,4,1,glass_harbor,Nia,6.0,awake,0.0,0.207432,0.225432,0.13582,0.14582,True,upright work rhythm,7.135427,0.335233,True
53,4,1,cinder_garden,Pax,7.5,awake,0.0,0.213432,0.237432,0.13582,0.14582,True,upright work rhythm,9.760347,0.365942,True
54,4,1,lichen_bridge,Rin,9.0,awake,0.0,0.207432,0.225432,0.13582,0.14582,True,upright work rhythm,8.485427,0.35775,True
55,4,1,orchid_engine,Eli,10.5,awake,0.0,0.207432,0.231432,0.13582,0.14582,True,upright work rhythm,10.877887,0.386158,True
56,4,1,moss_ward,Ari,12.0,awake,0.0,0.223702,0.247702,0.143966,0.153966,True,upright work rhythm,6.294558,0.344767,True
57,4,1,glass_harbor,Oren,13.5,awake,0.0,0.229825,0.247825,0.144098,0.154098,True,upright work rhythm,7.494608,0.361275,True
58,4,1,cinder_garden,Vale,15.0,awake,0.0,0.229755,0.253755,0.144023,0.154023,True,upright work rhythm,10.117039,0.391983,True
59,4,1,lichen_bridge,Sol,16.5,awake,0.0,0.160015,0.178015,0.078588,0.088587,True,upright work rhythm,8.815986,0.383792,True
60,4,1,orchid_engine,Bea,18.0,awake,0.0,0.276,0.3,0.2,0.21,True,upright work rhythm,11.256,0.4122,True
61,4,1,moss_ward,Fay,19.5,awake,0.0,0.276,0.3,0.2,0.21,True,upright work rhythm,6.666,0.370808,True
62,4,1,glass_harbor,Puck,21.0,awake,0.0,0.282,0.3,0.2,0.21,True,upright work rhythm,7.866,0.387317,True
63,4,1,cinder_garden,Wren,22.5,asleep,0.74732,0.276,0.223688,0.2,0.143951,True,"curled posture, low breath rhythm",10.454712,0.418025,True
64,5,1,orchid_engine,Bea,0.0,asleep,0.75872,0.3,0.24689,0.21,0.153096,True,"curled posture, low breath rhythm",10.394225,0.433033,True
65,5,1,moss_ward,Fay,1.5,asleep,0.75822,0.3,0.246925,0.21,0.153134,True,"curled posture, low breath rhythm",5.804239,0.391642,True
66,5,1,glass_harbor,Puck,3.0,asleep,0.75792,0.3,0.246946,0.21,0.153156,True,"curled posture, low breath rhythm",7.004248,0.40815,True
67,5,1,cinder_garden,Wren,4.5,asleep,0.76586,0.223688,0.170077,0.143951,0.086512,True,"curled posture, low breath rhythm",9.592732,0.438858,True
68,5,1,lichen_bridge,Kio,6.0,awake,0.0,0.230564,0.254564,0.14489,0.15489,True,upright work rhythm,8.357371,0.430667,True
69,5,1,orchid_engine,Cai,7.5,awake,0.0,0.224672,0.242672,0.145006,0.155006,True,upright work rhythm,10.742495,0.459075,True
70,5,1,moss_ward,Milo,9.0,awake,0.0,0.224567,0.242567,0.144893,0.154893,True,upright work rhythm,6.152452,0.417683,True
71,5,1,glass_harbor,Sera,10.5,awake,0.0,0.155622,0.173622,0.080309,0.090309,True,upright work rhythm,7.324185,0.434192,True
72,5,1,cinder_garden,Juno,12.0,awake,0.0,0.229755,0.247755,0.144023,0.154023,True,upright work rhythm,9.974579,0.4649,True
73,5,1,lichen_bridge,Luma,13.5,awake,0.0,0.223688,0.247688,0.143951,0.153951,True,upright work rhythm,8.704552,0.456708,True
74,5,1,orchid_engine,Dax,15.0,awake,0.0,0.223702,0.241702,0.143966,0.153966,True,upright work rhythm,11.092098,0.485117,True
75,5,1,moss_ward,Tala,16.5,awake,0.0,0.153685,0.171685,0.078234,0.088234,True,upright work rhythm,6.473391,0.443725,True
76,5,1,glass_harbor,Nia,18.0,awake,0.0,0.225432,0.243432,0.14582,0.15582,True,upright work rhythm,7.702807,0.460233,True
77,5,1,cinder_garden,Pax,19.5,awake,0.0,0.237432,0.255432,0.14582,0.15582,True,upright work rhythm,10.327727,0.490942,True
78,5,1,lichen_bridge,Rin,21.0,awake,0.0,0.225432,0.249432,0.14582,0.15582,True,upright work rhythm,9.055267,0.48275,True
79,5,1,orchid_engine,Eli,22.5,asleep,0.76306,0.231432,0.178018,0.14582,0.088591,True,"curled posture, low breath rhythm",11.415987,0.511158,True
80,6,1,glass_harbor,Nia,0.0,asleep,0.77792,0.243432,0.188978,0.15582,0.097476,True,"curled posture, low breath rhythm",6.840481,0.481067,True
81,6,1,cinder_garden,Pax,1.5,asleep,0.77436,0.255432,0.201227,0.15582,0.097743,True,"curled posture, low breath rhythm",9.465503,0.511775,True
82,6,1,lichen_bridge,Rin,3.0,asleep,0.77956,0.249432,0.194863,0.15582,0.097353,True,"curled posture, low breath rhythm",8.192894,0.503583,True
83,6,1,orchid_engine,Eli,4.5,asleep,0.78356,0.178018,0.123169,0.088591,0.029824,True,"curled posture, low breath rhythm",10.553499,0.531992,True
84,6,1,moss_ward,Ari,6.0,awake,0.0,0.247702,0.265702,0.153966,0.163966,True,upright work rhythm,6.021938,0.4906,True
85,6,1,glass_harbor,Oren,7.5,awake,0.0,0.247825,0.271825,0.154098,0.164098,True,upright work rhythm,7.224448,0.507108,True
86,6,1,cinder_garden,Vale,9.0,awake,0.0,0.253755,0.271755,0.154023,0.164023,True,upright work rhythm,9.844419,0.537817,True
87,6,1,lichen_bridge,Sol,10.5,awake,0.0,0.178015,0.202015,0.088587,0.098587,True,upright work rhythm,8.545826,0.529625,True
88,6,1,orchid_engine,Bea,12.0,awake,0.0,0.24689,0.26489,0.153096,0.163096,True,upright work rhythm,10.961605,0.558033,True
89,6,1,moss_ward,Fay,13.5,awake,0.0,0.246925,0.264925,0.153134,0.163134,True,upright work rhythm,6.371619,0.516642,True
90,6,1,glass_harbor,Puck,15.0,awake,0.0,0.246946,0.270946,0.153156,0.163156,True,upright work rhythm,7.574088,0.53315,True
91,6,1,cinder_garden,Wren,16.5,awake,0.0,0.170077,0.188077,0.086512,0.096512,True,upright work rhythm,10.160112,0.563858,True
92,6,1,lichen_bridge,Kio,18.0,awake,0.0,0.254564,0.278564,0.15489,0.16489,True,upright work rhythm,8.927211,0.555667,True
93,6,1,orchid_engine,Cai,19.5,awake,0.0,0.242672,0.260672,0.155006,0.165006,True,upright work rhythm,11.309875,0.584075,True
94,6,1,moss_ward,Milo,21.0,awake,0.0,0.242567,0.260567,0.154893,0.164893,True,upright work rhythm,6.719832,0.542683,True
95,6,1,glass_harbor,Sera,22.5,asleep,0.78356,0.173622,0.118773,0.090309,0.031542,True,"curled posture, low breath rhythm",7.861697,0.559192,True
96,7,1,lichen_bridge,Kio,0.0,asleep,0.79116,0.278564,0.223183,0.16489,0.105553,True,"curled posture, low breath rhythm",8.064505,0.5765,True
97,7,1,orchid_engine,Cai,1.5,asleep,0.78776,0.260672,0.205529,0.165006,0.105924,True,"curled posture, low breath rhythm",10.447267,0.604908,True
98,7,1,moss_ward,Milo,3.0,asleep,0.78806,0.260567,0.205403,0.164893,0.105789,True,"curled posture, low breath rhythm",5.857215,0.563517,True
99,7,1,glass_harbor,Sera,4.5,asleep,0.7948,0.118773,0.063137,0.031542,0.0,True,"curled posture, low breath rhythm",6.998886,0.580025,True
100,7,1,cinder_garden,Juno,6.0,awake,0.0,0.247755,0.271755,0.154023,0.164023,True,upright work rhythm,9.704419,0.610733,True
101,7,1,lichen_bridge,Luma,7.5,awake,0.0,0.247688,0.265688,0.153951,0.163951,True,upright work rhythm,8.431932,0.602542,True
102,7,1,orchid_engine,Dax,9.0,awake,0.0,0.241702,0.259702,0.153966,0.163966,True,upright work rhythm,10.819478,0.63095,True
103,7,1,moss_ward,Tala,10.5,awake,0.0,0.171685,0.189685,0.088234,0.098234,True,upright work rhythm,6.200771,0.589558,True
104,7,1,glass_harbor,Nia,12.0,awake,0.0,0.188978,0.206978,0.097476,0.107476,True,upright work rhythm,7.407861,0.606067,True
105,7,1,cinder_garden,Pax,13.5,awake,0.0,0.201227,0.225227,0.097743,0.107743,True,upright work rhythm,10.035343,0.636775,True
106,7,1,lichen_bridge,Rin,15.0,awake,0.0,0.194863,0.212863,0.097353,0.107353,True,upright work rhythm,8.760274,0.628583,True
107,7,1,orchid_engine,Eli,16.5,awake,0.0,0.123169,0.141169,0.029824,0.039824,True,upright work rhythm,11.120879,0.656992,True
108,7,1,moss_ward,Ari,18.0,awake,0.0,0.265702,0.283702,0.163966,0.173966,True,upright work rhythm,6.589318,0.6156,True
109,7,1,glass_harbor,Oren,19.5,awake,0.0,0.271825,0.289825,0.164098,0.174098,True,upright work rhythm,7.791828,0.632108,True
110,7,1,cinder_garden,Vale,21.0,awake,0.0,0.271755,0.295755,0.164023,0.174023,True,upright work rhythm,10.414259,0.662817,True
111,7,1,lichen_bridge,Sol,22.5,asleep,0.79292,0.202015,0.146511,0.098587,0.039119,True,"curled posture, low breath rhythm",9.083069,0.654625,True
112,8,2,moss_ward,Ari,0.0,asleep,0.79472,0.283702,0.228071,0.173966,0.114362,True,"curled posture, low breath rhythm",5.739509,0.637433,True
113,8,2,glass_harbor,Oren,1.5,asleep,0.79212,0.289825,0.234376,0.174098,0.114689,True,"curled posture, low breath rhythm",6.942094,0.653942,True
114,8,2,cinder_garden,Vale,3.0,asleep,0.79512,0.295755,0.240096,0.174023,0.114389,True,"curled posture, low breath rhythm",9.56444,0.68465,True
115,8,2,lichen_bridge,Sol,4.5,asleep,0.7996,0.146511,0.090539,0.039119,0.0,True,"curled posture, low breath rhythm",8.233121,0.676458,True
116,8,2,orchid_engine,Bea,6.0,awake,0.0,0.26489,0.28289,0.163096,0.173096,True,upright work rhythm,10.701985,0.704867,True
117,8,2,moss_ward,Fay,7.5,awake,0.0,0.264925,0.282925,0.163134,0.173134,True,upright work rhythm,6.111999,0.663475,True
118,8,2,glass_harbor,Puck,9.0,awake,0.0,0.270946,0.288946,0.163156,0.173156,True,upright work rhythm,7.314468,0.679983,True
119,8,2,cinder_garden,Wren,10.5,awake,0.0,0.188077,0.206077,0.096512,0.106512,True,upright work rhythm,9.900492,0.710692,True
120,8,2,lichen_bridge,Kio,12.0,awake,0.0,0.223183,0.241183,0.105553,0.115553,True,upright work rhythm,8.644885,0.7025,True
121,8,2,orchid_engine,Cai,13.5,awake,0.0,0.205529,0.223529,0.105924,0.115924,True,upright work rhythm,11.027647,0.730908,True
122,8,2,moss_ward,Milo,15.0,awake,0.0,0.205403,0.223403,0.105789,0.115789,True,upright work rhythm,6.437595,0.689517,True
123,8,2,glass_harbor,Sera,16.5,awake,0.0,0.063137,0.081137,0.0,0.01,True,upright work rhythm,7.579266,0.706025,True
124,8,2,cinder_garden,Juno,18.0,awake,0.0,0.271755,0.289755,0.164023,0.174023,True,upright work rhythm,10.284799,0.736733,True
125,8,2,lichen_bridge,Luma,19.5,awake,0.0,0.265688,0.283688,0.163951,0.173951,True,upright work rhythm,9.012312,0.728542,True
126,8,2,orchid_engine,Dax,21.0,awake,0.0,0.259702,0.277702,0.163966,0.173966,True,upright work rhythm,11.399858,0.75695,True
127,8,2,moss_ward,Tala,22.5,asleep,0.79092,0.189685,0.13432,0.098234,0.038915,True,"curled posture, low breath rhythm",6.751071,0.715558,True
128,9,2,cinder_garden,Juno,0.0,asleep,0.79512,0.289755,0.234096,0.174023,0.114389,True,"curled posture, low breath rhythm",9.42198,0.757567,True
129,9,2,lichen_bridge,Luma,1.5,asleep,0.79212,0.283688,0.228239,0.173951,0.114542,True,"curled posture, low breath rhythm",8.149578,0.749375,True
130,9,2,orchid_engine,Dax,3.0,asleep,0.79472,0.277702,0.222071,0.173966,0.114362,True,"curled posture, low breath rhythm",10.537049,0.777783,True
131,9,2,moss_ward,Tala,4.5,asleep,0.7964,0.13432,0.078572,0.038915,0.0,True,"curled posture, low breath rhythm",5.888215,0.736392,True
132,9,2,glass_harbor,Nia,6.0,awake,0.0,0.206978,0.224978,0.107476,0.117476,True,upright work rhythm,7.148241,0.7529,True
133,9,2,cinder_garden,Pax,7.5,awake,0.0,0.225227,0.249227,0.107743,0.117743,True,upright work rhythm,9.778183,0.783608,True
134,9,2,lichen_bridge,Rin,9.0,awake,0.0,0.212863,0.230863,0.107353,0.117353,True,upright work rhythm,8.500654,0.775417,True
135,9,2,orchid_engine,Eli,10.5,awake,0.0,0.141169,0.165169,0.039824,0.049824,True,upright work rhythm,10.863719,0.803825,True
136,9,2,moss_ward,Ari,12.0,awake,0.0,0.228071,0.252071,0.114362,0.124362,True,upright work rhythm,6.309349,0.762433,True
137,9,2,glass_harbor,Oren,13.5,awake,0.0,0.234376,0.252376,0.114689,0.124689,True,upright work rhythm,7.509474,0.778942,True
138,9,2,cinder_garden,Vale,15.0,awake,0.0,0.240096,0.264096,0.114389,0.124389,True,upright work rhythm,10.13428,0.80965,True
139,9,2,lichen_bridge,Sol,16.5,awake,0.0,0.090539,0.108539,0.0,0.01,True,upright work rhythm,8.800501,0.801458,True
140,9,2,orchid_engine,Bea,18.0,awake,0.0,0.28289,0.30689,0.173096,0.183096,True,upright work rhythm,11.271825,0.829867,True
141,9,2,moss_ward,Fay,19.5,awake,0.0,0.282925,0.306925,0.173134,0.183134,True,upright work rhythm,6.681839,0.788475,True
142,9,2,glass_harbor,Puck,21.0,awake,0.0,0.288946,0.306946,0.173156,0.183156,True,upright work rhythm,7.881848,0.804983,True
143,9,2,cinder_garden,Wren,22.5,asleep,0.79412,0.206077,0.150489,0.106512,0.046953,True,"curled posture, low breath rhythm",10.4377,0.835692,True
144,10,2,orchid_engine,Bea,0.0,asleep,0.79742,0.30689,0.25107,0.183096,0.12329,True,"curled posture, low breath rhythm",10.408939,0.8507,True
145,10,2,moss_ward,Fay,1.5,asleep,0.79492,0.306925,0.25128,0.183134,0.123515,True,"curled posture, low breath rhythm",5.819025,0.809308,True
146,10,2,glass_harbor,Puck,3.0,asleep,0.79662,0.306946,0.251182,0.183156,0.12341,True,"curled posture, low breath rhythm",7.018985,0.825817,True
147,10,2,cinder_garden,Wren,4.5,asleep,0.8016,0.150489,0.094377,0.046953,0.0,True,"curled posture, low breath rhythm",9.574695,0.856525,True
148,10,2,lichen_bridge,Kio,6.0,awake,0.0,0.241183,0.265183,0.115553,0.125553,True,upright work rhythm,8.374725,0.848333,True
149,10,2,orchid_engine,Cai,7.5,awake,0.0,0.223529,0.241529,0.115924,0.125924,True,upright work rhythm,10.755027,0.876742,True
150,10,2,moss_ward,Milo,9.0,awake,0.0,0.223403,0.241403,0.115789,0.125789,True,upright work rhythm,6.164975,0.83535,True
151,10,2,glass_harbor,Sera,10.5,awake,0.0,0.081137,0.099137,0.01,0.02,True,upright work rhythm,7.306646,0.851858,True
152,10,2,cinder_garden,Juno,12.0,awake,0.0,0.234096,0.252096,0.114389,0.124389,True,upright work rhythm,9.98936,0.882567,True
153,10,2,lichen_bridge,Luma,13.5,awake,0.0,0.228239,0.252239,0.114542,0.124542,True,upright work rhythm,8.719418,0.874375,True
154,10,2,orchid_engine,Dax,15.0,awake,0.0,0.222071,0.240071,0.114362,0.124362,True,upright work rhythm,11.104429,0.902783,True
155,10,2,moss_ward,Tala,16.5,awake,0.0,0.078572,0.096572,0.0,0.01,True,upright work rhythm,6.455595,0.861392,True
156,10,2,glass_harbor,Nia,18.0,awake,0.0,0.224978,0.242978,0.117476,0.127476,True,upright work rhythm,7.715621,0.8779,True
157,10,2,cinder_garden,Pax,19.5,awake,0.0,0.249227,0.267227,0.117743,0.127743,True,upright work rhythm,10.345563,0.908608,True
158,10,2,lichen_bridge,Rin,21.0,awake,0.0,0.230863,0.254863,0.117353,0.127353,True,upright work rhythm,9.070494,0.900417,True
159,10,2,orchid_engine,Eli,22.5,asleep,0.79412,0.165169,0.10958,0.049824,0.0,True,"curled posture, low breath rhythm",11.400928,0.928825,True
160,11,2,glass_harbor,Nia,0.0,asleep,0.79812,0.242978,0.187109,0.127476,0.067617,True,"curled posture, low breath rhythm",6.852715,0.898733,True
161,11,2,cinder_garden,Pax,1.5,asleep,0.79452,0.267227,0.21161,0.127743,0.068154,True,"curled posture, low breath rhythm",9.48276,0.929442,True
162,11,2,lichen_bridge,Rin,3.0,asleep,0.80372,0.254863,0.198602,0.127353,0.067074,True,"curled posture, low breath rhythm",8.207427,0.92125,True
163,11,2,orchid_engine,Eli,4.5,asleep,0.8008,0.10958,0.053524,0.0,0.0,True,"curled posture, low breath rhythm",10.537945,0.949658,True
164,11,2,moss_ward,Ari,6.0,awake,0.0,0.252071,0.270071,0.124362,0.134362,True,upright work rhythm,6.036729,0.908267,True
165,11,2,glass_harbor,Oren,7.5,awake,0.0,0.252376,0.276376,0.124689,0.134689,True,upright work rhythm,7.239314,0.924775,True
166,11,2,cinder_garden,Vale,9.0,awake,0.0,0.264096,0.282096,0.124389,0.134389,True,upright work rhythm,9.86166,0.955483,True
167,11,2,lichen_bridge,Sol,10.5,awake,0.0,0.108539,0.132539,0.01,0.02,True,upright work rhythm,8.530341,0.947292,True
168,11,2,orchid_engine,Bea,12.0,awake,0.0,0.25107,0.26907,0.12329,0.13329,True,upright work rhythm,10.976319,0.9757,True
169,11,2,moss_ward,Fay,13.5,awake,0.0,0.25128,0.26928,0.123515,0.133515,True,upright work rhythm,6.386405,0.934308,True
170,11,2,glass_harbor,Puck,15.0,awake,0.0,0.251182,0.275182,0.12341,0.13341,True,upright work rhythm,7.588825,0.950817,True
171,11,2,cinder_garden,Wren,16.5,awake,0.0,0.094377,0.112377,0.0,0.01,True,upright work rhythm,10.142075,0.981525,True
172,11,2,lichen_bridge,Kio,18.0,awake,0.0,0.265183,0.289183,0.125553,0.135553,True,upright work rhythm,8.944565,0.973333,True
173,11,2,orchid_engine,Cai,19.5,awake,0.0,0.241529,0.259529,0.125924,0.135924,True,upright work rhythm,11.322407,0.001742,True
174,11,2,moss_ward,Milo,21.0,awake,0.0,0.241403,0.259403,0.125789,0.135789,True,upright work rhythm,6.732355,0.96035,True
175,11,2,glass_harbor,Sera,22.5,asleep,0.79452,0.099137,0.043521,0.02,0.0,True,"curled posture, low breath rhythm",7.843843,0.976858,True
176,12,2,lichen_bridge,Kio,0.0,asleep,0.80522,0.289183,0.232817,0.135553,0.075162,True,"curled posture, low breath rhythm",8.081455,0.994167,True
177,12,2,orchid_engine,Cai,1.5,asleep,0.79732,0.259529,0.203716,0.135924,0.076125,True,"curled posture, low breath rhythm",10.459524,0.022575,True
178,12,2,moss_ward,Milo,3.0,asleep,0.79802,0.259403,0.203541,0.135789,0.075937,True,"curled posture, low breath rhythm",5.869452,0.981183,True
179,12,2,glass_harbor,Sera,4.5,asleep,0.802,0.043521,0.0,0.0,0.0,True,"curled posture, low breath rhythm",6.986,0.997692,True
180,12,2,cinder_garden,Juno,6.0,awake,0.0,0.252096,0.276096,0.124389,0.134389,True,upright work rhythm,9.7192,0.0284,True
181,12,2,lichen_bridge,Luma,7.5,awake,0.0,0.252239,0.270239,0.124542,0.134542,True,upright work rhythm,8.446798,0.020208,True
182,12,2,orchid_engine,Dax,9.0,awake,0.0,0.240071,0.258071,0.124362,0.134362,True,upright work rhythm,10.831809,0.048617,True
183,12,2,moss_ward,Tala,10.5,awake,0.0,0.096572,0.114572,0.01,0.02,True,upright work rhythm,6.182975,0.007225,True
184,12,2,glass_harbor,Nia,12.0,awake,0.0,0.187109,0.205109,0.067617,0.077617,True,upright work rhythm,7.420095,0.023733,True
185,12,2,cinder_garden,Pax,13.5,awake,0.0,0.21161,0.23561,0.068154,0.078154,True,upright work rhythm,10.0526,0.054442,True
186,12,2,lichen_bridge,Rin,15.0,awake,0.0,0.198602,0.216602,0.067074,0.077074,True,upright work rhythm,8.774807,0.04625,True
187,12,2,orchid_engine,Eli,16.5,awake,0.0,0.053524,0.071524,0.0,0.01,True,upright work rhythm,11.105325,0.074658,True
188,12,2,moss_ward,Ari,18.0,awake,0.0,0.270071,0.288071,0.134362,0.144362,True,upright work rhythm,6.604109,0.033267,True
189,12,2,glass_harbor,Oren,19.5,awake,0.0,0.276376,0.294376,0.134689,0.144689,True,upright work rhythm,7.806694,0.049775,True
190,12,2,cinder_garden,Vale,21.0,awake,0.0,0.282096,0.306096,0.134389,0.144389,True,upright work rhythm,10.4315,0.080483,True
191,12,2,lichen_bridge,Sol,22.5,asleep,0.79772,0.132539,0.076698,0.02,0.0,True,"curled posture, low breath rhythm",9.067446,0.072292,True
192,13,2,moss_ward,Ari,0.0,asleep,0.80192,0.288071,0.231937,0.144362,0.084218,True,"curled posture, low breath rhythm",5.741094,0.0541,True
193,13,2,glass_harbor,Oren,1.5,asleep,0.79932,0.294376,0.238424,0.144689,0.08474,True,"curled posture, low breath rhythm",6.943754,0.070608,True
194,13,2,cinder_garden,Vale,3.0,asleep,0.80512,0.306096,0.249738,0.144389,0.084005,True,"curled posture, low breath rhythm",9.568393,0.101317,True
195,13,2,lichen_bridge,Sol,4.5,asleep,0.8044,0.076698,0.02039,0.0,0.0,True,"curled posture, low breath rhythm",8.20436,0.093125,True
196,13,2,orchid_engine,Bea,6.0,awake,0.0,0.26907,0.28707,0.13329,0.14329,True,upright work rhythm,10.703699,0.121533,True
197,13,2,moss_ward,Fay,7.5,awake,0.0,0.26928,0.28728,0.133515,0.143515,True,upright work rhythm,6.113785,0.080142,True
198,13,2,glass_harbor,Puck,9.0,awake,0.0,0.275182,0.293182,0.13341,0.14341,True,upright work rhythm,7.316205,0.09665,True
199,13,2,cinder_garden,Wren,10.5,awake,0.0,0.112377,0.130377,0.01,0.02,True,upright work rhythm,9.869455,0.127358,True
200,13,2,lichen_bridge,Kio,12.0,awake,0.0,0.232817,0.250817,0.075162,0.085162,True,upright work rhythm,8.648835,0.119167,True
201,13,2,orchid_engine,Cai,13.5,awake,0.0,0.203716,0.221716,0.076125,0.086125,True,upright work rhythm,11.026904,0.147575,True
202,13,2,moss_ward,Milo,15.0,awake,0.0,0.203541,0.221541,0.075937,0.085937,True,upright work rhythm,6.436832,0.106183,True
203,13,2,glass_harbor,Sera,16.5,awake,0.0,0.0,0.018,0.0,0.01,True,upright work rhythm,7.55338,0.122692,True
204,13,2,cinder_garden,Juno,18.0,awake,0.0,0.276096,0.294096,0.134389,0.144389,True,upright work rhythm,10.28658,0.1534,True
205,13,2,lichen_bridge,Luma,19.5,awake,0.0,0.270239,0.288239,0.134542,0.144542,True,upright work rhythm,9.014178,0.145208,True
206,13,2,orchid_engine,Dax,21.0,awake,0.0,0.258071,0.276071,0.134362,0.144362,True,upright work rhythm,11.399189,0.173617,True
207,13,2,moss_ward,Tala,22.5,asleep,0.79612,0.114572,0.058844,0.02,0.0,True,"curled posture, low breath rhythm",6.720126,0.132225,True
208,14,2,cinder_garden,Juno,0.0,asleep,0.80512,0.294096,0.237738,0.144389,0.084005,True,"curled posture, low breath rhythm",9.423473,0.174233,True
209,14,2,lichen_bridge,Luma,1.5,asleep,0.79772,0.288239,0.232399,0.144542,0.084713,True,"curled posture, low breath rhythm",8.151284,0.166042,True
210,14,2,orchid_engine,Dax,3.0,asleep,0.80192,0.276071,0.219937,0.144362,0.084218,True,"curled posture, low breath rhythm",10.536174,0.19445,True
211,14,2,moss_ward,Tala,4.5,asleep,0.8036,0.058844,0.002592,0.0,0.0,True,"curled posture, low breath rhythm",5.857063,0.153058,True
212,14,2,glass_harbor,Nia,6.0,awake,0.0,0.205109,0.223109,0.077617,0.087617,True,upright work rhythm,7.147475,0.169567,True
213,14,2,cinder_garden,Pax,7.5,awake,0.0,0.23561,0.25961,0.078154,0.088154,True,upright work rhythm,9.78244,0.200275,True
214,14,2,lichen_bridge,Rin,9.0,awake,0.0,0.216602,0.234602,0.077074,0.087074,True,upright work rhythm,8.502187,0.192083,True
215,14,2,orchid_engine,Eli,10.5,awake,0.0,0.071524,0.095524,0.01,0.02,True,upright work rhythm,10.835165,0.220492,True
216,14,2,moss_ward,Ari,12.0,awake,0.0,0.231937,0.255937,0.084218,0.094218,True,upright work rhythm,6.310934,0.1791,True
217,14,2,glass_harbor,Oren,13.5,awake,0.0,0.238424,0.256424,0.08474,0.09474,True,upright work rhythm,7.511134,0.195608,True
218,14,2,cinder_garden,Vale,15.0,awake,0.0,0.249738,0.273738,0.084005,0.094005,True,upright work rhythm,10.138233,0.226317,True
219,14,2,lichen_bridge,Sol,16.5,awake,0.0,0.02039,0.03839,0.0,0.01,True,upright work rhythm,8.77174,0.218125,True
220,14,2,orchid_engine,Bea,18.0,awake,0.0,0.28707,0.31107,0.14329,0.15329,True,upright work rhythm,11.273539,0.246533,True
221,14,2,moss_ward,Fay,19.5,awake,0.0,0.28728,0.31128,0.143515,0.153515,True,upright work rhythm,6.683625,0.205142,True
222,14,2,glass_harbor,Puck,21.0,awake,0.0,0.293182,0.311182,0.14341,0.15341,True,upright work rhythm,7.883585,0.22165,True
223,14,2,cinder_garden,Wren,22.5,asleep,0.79852,0.130377,0.074481,0.02,0.0,True,"curled posture, low breath rhythm",10.406537,0.252358,True
224,15,3,orchid_engine,Bea,0.0,asleep,0.80542,0.31107,0.254691,0.15329,0.092883,True,"curled posture, low breath rhythm",10.423423,0.268367,True
225,15,3,moss_ward,Fay,1.5,asleep,0.79972,0.31128,0.2553,0.153515,0.093536,True,"curled posture, low breath rhythm",5.833673,0.226975,True
226,15,3,glass_harbor,Puck,3.0,asleep,0.80382,0.311182,0.254915,0.15341,0.093123,True,"curled posture, low breath rhythm",7.033515,0.243483,True
227,15,3,cinder_garden,Wren,4.5,asleep,0.806,0.074481,0.018061,0.0,0.0,True,"curled posture, low breath rhythm",9.556405,0.274192,True
228,15,3,lichen_bridge,Kio,6.0,awake,0.0,0.250817,0.274817,0.085162,0.095162,True,upright work rhythm,8.391675,0.266,True
229,15,3,orchid_engine,Cai,7.5,awake,0.0,0.221716,0.239716,0.086125,0.096125,True,upright work rhythm,10.767284,0.294408,True
230,15,3,moss_ward,Milo,9.0,awake,0.0,0.221541,0.239541,0.085937,0.095937,True,upright work rhythm,6.177212,0.253017,True
231,15,3,glass_harbor,Sera,10.5,awake,0.0,0.018,0.036,0.01,0.02,True,upright work rhythm,7.29376,0.269525,True
232,15,3,cinder_garden,Juno,12.0,awake,0.0,0.237738,0.255738,0.084005,0.094005,True,upright work rhythm,10.003853,0.300233,True
233,15,3,lichen_bridge,Luma,13.5,awake,0.0,0.232399,0.256399,0.084713,0.094713,True,upright work rhythm,8.734124,0.292042,True
234,15,3,orchid_engine,Dax,15.0,awake,0.0,0.219937,0.237937,0.084218,0.094218,True,upright work rhythm,11.116554,0.32045,True
235,15,3,moss_ward,Tala,16.5,awake,0.0,0.002592,0.020592,0.0,0.01,True,upright work rhythm,6.437443,0.279058,True
236,15,3,glass_harbor,Nia,18.0,awake,0.0,0.223109,0.241109,0.087617,0.097617,True,upright work rhythm,7.727855,0.295567,True
237,15,3,cinder_garden,Pax,19.5,awake,0.0,0.25961,0.27761,0.088154,0.098154,True,upright work rhythm,10.36282,0.326275,True
238,15,3,lichen_bridge,Rin,21.0,awake,0.0,0.234602,0.258602,0.087074,0.097074,True,upright work rhythm,9.085027,0.318083,True
239,15,3,orchid_engine,Eli,22.5,asleep,0.79852,0.095524,0.039628,0.02,0.0,True,"curled posture, low breath rhythm",11.385247,0.346492,True
240,16,3,glass_harbor,Nia,0.0,asleep,0.80532,0.241109,0.184737,0.097617,0.037218,True,"curled posture, low breath rhythm",6.864742,0.3164,True
241,16,3,cinder_garden,Pax,1.5,asleep,0.80172,0.27761,0.22149,0.098154,0.038025,True,"curled posture, low breath rhythm",9.499811,0.347108,True
242,16,3,lichen_bridge,Rin,3.0,asleep,0.80752,0.258602,0.202076,0.097074,0.03651,True,"curled posture, low breath rhythm",8.221851,0.338917,True
243,16,3,orchid_engine,Eli,4.5,asleep,0.8052,0.039628,0.0,0.0,0.0,True,"curled posture, low breath rhythm",10.529,0.367325,True
244,16,3,moss_ward,Ari,6.0,awake,0.0,0.255937,0.273937,0.094218,0.104218,True,upright work rhythm,6.051314,0.325933,True
245,16,3,glass_harbor,Oren,7.5,awake,0.0,0.256424,0.280424,0.09474,0.10474,True,upright work rhythm,7.253974,0.342442,True
246,16,3,cinder_garden,Vale,9.0,awake,0.0,0.273738,0.291738,0.094005,0.104005,True,upright work rhythm,9.878613,0.37315,True
247,16,3,lichen_bridge,Sol,10.5,awake,0.0,0.03839,0.06239,0.01,0.02,True,upright work rhythm,8.51458,0.364958,True
248,16,3,orchid_engine,Bea,12.0,awake,0.0,0.254691,0.272691,0.092883,0.102883,True,upright work rhythm,10.990803,0.393367,True
249,16,3,moss_ward,Fay,13.5,awake,0.0,0.2553,0.2733,0.093536,0.103536,True,upright work rhythm,6.401053,0.351975,True
250,16,3,glass_harbor,Puck,15.0,awake,0.0,0.254915,0.278915,0.093123,0.103123,True,upright work rhythm,7.603355,0.368483,True
251,16,3,cinder_garden,Wren,16.5,awake,0.0,0.018061,0.036061,0.0,0.01,True,upright work rhythm,10.123785,0.399192,True
252,16,3,lichen_bridge,Kio,18.0,awake,0.0,0.274817,0.298817,0.095162,0.105162,True,upright work rhythm,8.961515,0.391,True
253,16,3,orchid_engine,Cai,19.5,awake,0.0,0.239716,0.257716,0.096125,0.106125,True,upright work rhythm,11.334664,0.419408,True
254,16,3,moss_ward,Milo,21.0,awake,0.0,0.239541,0.257541,0.095937,0.105937,True,upright work rhythm,6.744592,0.378017,True
255,16,3,glass_harbor,Sera,22.5,asleep,0.79972,0.036,0.0,0.02,0.0,True,"curled posture, low breath rhythm",7.839,0.394525,True
256,17,3,lichen_bridge,Kio,0.0,asleep,0.80752,0.298817,0.242291,0.105162,0.044598,True,"curled posture, low breath rhythm",8.098339,0.411833,True
257,17,3,orchid_engine,Cai,1.5,asleep,0.80092,0.257716,0.201652,0.106125,0.046056,True,"curled posture, low breath rhythm",10.471677,0.440242,True
258,17,3,moss_ward,Milo,3.0,asleep,0.80402,0.257541,0.20126,0.105937,0.045636,True,"curled posture, low breath rhythm",5.881517,0.39885,True
259,17,3,glass_harbor,Sera,4.5,asleep,0.8072,0.0,0.0,0.0,0.0,True,"curled posture, low breath rhythm",6.999,0.415358,True
260,17,3,cinder_garden,Juno,6.0,awake,0.0,0.255738,0.279738,0.094005,0.104005,True,upright work rhythm,9.733693,0.446067,True
261,17,3,lichen_bridge,Luma,7.5,awake,0.0,0.256399,0.274399,0.094713,0.104713,True,upright work rhythm,8.461504,0.437875,True
262,17,3,orchid_engine,Dax,9.0,awake,0.0,0.237937,0.255937,0.094218,0.104218,True,upright work rhythm,10.843934,0.466283,True
263,17,3,moss_ward,Tala,10.5,awake,0.0,0.020592,0.038592,0.01,0.02,True,upright work rhythm,6.164823,0.424892,True
264,17,3,glass_harbor,Nia,12.0,awake,0.0,0.184737,0.202737,0.037218,0.047218,True,upright work rhythm,7.432122,0.4414,True
265,17,3,cinder_garden,Pax,13.5,awake,0.0,0.22149,0.24549,0.038025,0.048025,True,upright work rhythm,10.069651,0.472108,True
266,17,3,lichen_bridge,Rin,15.0,awake,0.0,0.202076,0.220076,0.03651,0.04651,True,upright work rhythm,8.789231,0.463917,True
267,17,3,orchid_engine,Eli,16.5,awake,0.0,0.0,0.018,0.0,0.01,True,upright work rhythm,11.09638,0.492325,True
268,17,3,moss_ward,Ari,18.0,awake,0.0,0.273937,0.291937,0.104218,0.114218,True,upright work rhythm,6.618694,0.450933,True
269,17,3,glass_harbor,Oren,19.5,awake,0.0,0.280424,0.298424,0.10474,0.11474,True,upright work rhythm,7.821354,0.467442,True
270,17,3,cinder_garden,Vale,21.0,awake,0.0,0.291738,0.315738,0.104005,0.114005,True,upright work rhythm,10.448453,0.49815,True
271,17,3,lichen_bridge,Sol,22.5,asleep,0.80412,0.06239,0.006102,0.02,0.0,True,"curled posture, low breath rhythm",9.051502,0.489958,True
272,18,3,moss_ward,Ari,0.0,asleep,0.80752,0.291937,0.23541,0.114218,0.053654,True,"curled posture, low breath rhythm",5.755518,0.471767,True
273,18,3,glass_harbor,Oren,1.5,asleep,0.80452,0.298424,0.242108,0.11474,0.054401,True,"curled posture, low breath rhythm",6.958264,0.488275,True
274,18,3,cinder_garden,Vale,3.0,asleep,0.80752,0.315738,0.259212,0.114005,0.053441,True,"curled posture, low breath rhythm",9.585277,0.518983,True
275,18,3,lichen_bridge,Sol,4.5,asleep,0.8096,0.006102,0.0,0.0,0.0,True,"curled posture, low breath rhythm",8.209,0.510792,True
276,18,3,orchid_engine,Bea,6.0,awake,0.0,0.272691,0.290691,0.102883,0.112883,True,upright work rhythm,10.718183,0.5392,True
277,18,3,moss_ward,Fay,7.5,awake,0.0,0.2733,0.2913,0.103536,0.113536,True,upright work rhythm,6.128433,0.497808,True
278,18,3,glass_harbor,Puck,9.0,awake,0.0,0.278915,0.296915,0.103123,0.113123,True,upright work rhythm,7.330735,0.514317,True
279,18,3,cinder_garden,Wren,10.5,awake,0.0,0.036061,0.054061,0.01,0.02,True,upright work rhythm,9.851165,0.545025,True
280,18,3,lichen_bridge,Kio,12.0,awake,0.0,0.242291,0.260291,0.044598,0.054598,True,upright work rhythm,8.665719,0.536833,True
281,18,3,orchid_engine,Cai,13.5,awake,0.0,0.201652,0.219652,0.046056,0.056056,True,upright work rhythm,11.039057,0.565242,True
282,18,3,moss_ward,Milo,15.0,awake,0.0,0.20126,0.21926,0.045636,0.055636,True,upright work rhythm,6.448897,0.52385,True
283,18,3,glass_harbor,Sera,16.5,awake,0.0,0.0,0.018,0.0,0.01,True,upright work rhythm,7.56638,0.540358,True
284,18,3,cinder_garden,Juno,18.0,awake,0.0,0.279738,0.297738,0.104005,0.114005,True,upright work rhythm,10.301073,0.571067,True
285,18,3,lichen_bridge,Luma,19.5,awake,0.0,0.274399,0.292399,0.104713,0.114713,True,upright work rhythm,9.028884,0.562875,True
286,18,3,orchid_engine,Dax,21.0,awake,0.0,0.255937,0.273937,0.104218,0.114218,True,upright work rhythm,11.411314,0.591283,True
287,18,3,moss_ward,Tala,22.5,asleep,0.80172,0.038592,0.0,0.02,0.0,True,"curled posture, low breath rhythm",6.709,0.549892,True
288,19,3,cinder_garden,Juno,0.0,asleep,0.80752,0.297738,0.241212,0.114005,0.053441,True,"curled posture, low breath rhythm",9.437897,0.5919,True
289,19,3,lichen_bridge,Luma,1.5,asleep,0.80212,0.292399,0.23625,0.114713,0.054554,True,"curled posture, low breath rhythm",8.165863,0.583708,True
290,19,3,orchid_engine,Dax,3.0,asleep,0.80752,0.273937,0.21741,0.114218,0.053654,True,"curled posture, low breath rhythm",10.548138,0.612117,True
291,19,3,moss_ward,Tala,4.5,asleep,0.8092,0.0,0.0,0.0,0.0,True,"curled posture, low breath rhythm",5.869,0.570725,True
292,19,3,glass_harbor,Nia,6.0,awake,0.0,0.202737,0.220737,0.047218,0.057218,True,upright work rhythm,7.159502,0.587233,True
293,19,3,cinder_garden,Pax,7.5,awake,0.0,0.24549,0.26949,0.048025,0.058025,True,upright work rhythm,9.799491,0.617942,True
294,19,3,lichen_bridge,Rin,9.0,awake,0.0,0.220076,0.238076,0.04651,0.05651,True,upright work rhythm,8.516611,0.60975,True
295,19,3,orchid_engine,Eli,10.5,awake,0.0,0.018,0.042,0.01,0.02,True,upright work rhythm,10.82622,0.638158,True
296,19,3,moss_ward,Ari,12.0,awake,0.0,0.23541,0.25941,0.053654,0.063654,True,upright work rhythm,6.325358,0.596767,True
297,19,3,glass_harbor,Oren,13.5,awake,0.0,0.242108,0.260108,0.054401,0.064401,True,upright work rhythm,7.525644,0.613275,True
298,19,3,cinder_garden,Vale,15.0,awake,0.0,0.259212,0.283212,0.053441,0.063441,True,upright work rhythm,10.155117,0.643983,True
299,19,3,lichen_bridge,Sol,16.5,awake,0.0,0.0,0.018,0.0,0.01,True,upright work rhythm,8.77638,0.635792,True
300,19,3,orchid_engine,Bea,18.0,awake,0.0,0.290691,0.314691,0.112883,0.122883,True,upright work rhythm,11.288023,0.6642,True
301,19,3,moss_ward,Fay,19.5,awake,0.0,0.2913,0.3153,0.113536,0.123536,True,upright work rhythm,6.698273,0.622808,True
302,19,3,glass_harbor,Puck,21.0,awake,0.0,0.296915,0.314915,0.113123,0.123123,True,upright work rhythm,7.898115,0.639317,True
303,19,3,cinder_garden,Wren,22.5,asleep,0.80652,0.054061,0.0,0.02,0.0,True,"curled posture, low breath rhythm",10.389,0.670025,True
304,20,3,orchid_engine,Bea,0.0,asleep,0.80752,0.314691,0.258164,0.122883,0.062319,True,"curled posture, low breath rhythm",10.424847,0.685033,True
305,20,3,moss_ward,Fay,1.5,asleep,0.80492,0.3153,0.258955,0.123536,0.063167,True,"curled posture, low breath rhythm",5.835172,0.643642,True
306,20,3,glass_harbor,Puck,3.0,asleep,0.80752,0.314915,0.258388,0.123123,0.062559,True,"curled posture, low breath rhythm",7.034939,0.66015,True
307,20,3,cinder_garden,Wren,4.5,asleep,0.813,0.0,0.0,0.0,0.0,True,"curled posture, low breath rhythm",9.549,0.690858,True
308,20,3,lichen_bridge,Kio,6.0,awake,0.0,0.260291,0.284291,0.054598,0.064598,True,upright work rhythm,8.395559,0.682667,True
309,20,3,orchid_engine,Cai,7.5,awake,0.0,0.219652,0.237652,0.056056,0.066056,True,upright work rhythm,10.766437,0.711075,True
310,20,3,moss_ward,Milo,9.0,awake,0.0,0.21926,0.23726,0.055636,0.065636,True,upright work rhythm,6.176277,0.669683,True
311,20,3,glass_harbor,Sera,10.5,awake,0.0,0.018,0.036,0.01,0.02,True,upright work rhythm,7.29376,0.686192,True
312,20,3,cinder_garden,Juno,12.0,awake,0.0,0.241212,0.259212,0.053441,0.063441,True,upright work rhythm,10.005277,0.7169,True
313,20,3,lichen_bridge,Luma,13.5,awake,0.0,0.23625,0.26025,0.054554,0.064554,True,upright work rhythm,8.735703,0.708708,True
314,20,3,orchid_engine,Dax,15.0,awake,0.0,0.21741,0.23541,0.053654,0.063654,True,upright work rhythm,11.115518,0.737117,True
315,20,3,moss_ward,Tala,16.5,awake,0.0,0.0,0.018,0.0,0.01,True,upright work rhythm,6.43638,0.695725,True
316,20,3,glass_harbor,Nia,18.0,awake,0.0,0.220737,0.238737,0.057218,0.067218,True,upright work rhythm,7.726882,0.712233,True
317,20,3,cinder_garden,Pax,19.5,awake,0.0,0.26949,0.28749,0.058025,0.068025,True,upright work rhythm,10.366871,0.742942,True
318,20,3,lichen_bridge,Rin,21.0,awake,0.0,0.238076,0.262076,0.05651,0.06651,True,upright work rhythm,9.086451,0.73475,True
319,20,3,orchid_engine,Eli,22.5,asleep,0.80332,0.042,0.0,0.02,0.0,True,"curled posture, low breath rhythm",11.369,0.763158,True
320,21,3,glass_harbor,Nia,0.0,asleep,0.80752,0.238737,0.18221,0.067218,0.006654,True,"curled posture, low breath rhythm",6.863706,0.733067,True
321,21,3,cinder_garden,Pax,1.5,asleep,0.80752,0.28749,0.230964,0.068025,0.007461,True,"curled posture, low breath rhythm",9.503695,0.763775,True
322,21,3,lichen_bridge,Rin,3.0,asleep,0.80752,0.262076,0.20555,0.06651,0.005946,True,"curled posture, low breath rhythm",8.223275,0.755583,True
323,21,3,orchid_engine,Eli,4.5,asleep,0.8108,0.0,0.0,0.0,0.0,True,"curled posture, low breath rhythm",10.529,0.783992,True
324,21,3,moss_ward,Ari,6.0,awake,0.0,0.25941,0.27741,0.063654,0.073654,True,upright work rhythm,6.052738,0.7426,True
325,21,3,glass_harbor,Oren,7.5,awake,0.0,0.260108,0.284108,0.064401,0.074401,True,upright work rhythm,7.255484,0.759108,True
326,21,3,cinder_garden,Vale,9.0,awake,0.0,0.283212,0.301212,0.063441,0.073441,True,upright work rhythm,9.882497,0.789817,True
327,21,3,lichen_bridge,Sol,10.5,awake,0.0,0.018,0.042,0.01,0.02,True,upright work rhythm,8.50622,0.781625,True
328,21,3,orchid_engine,Bea,12.0,awake,0.0,0.258164,0.276164,0.062319,0.072319,True,upright work rhythm,10.992227,0.810033,True
329,21,3,moss_ward,Fay,13.5,awake,0.0,0.258955,0.276955,0.063167,0.073167,True,upright work rhythm,6.402552,0.768642,True
330,21,3,glass_harbor,Puck,15.0,awake,0.0,0.258388,0.282388,0.062559,0.072559,True,upright work rhythm,7.604779,0.78515,True
331,21,3,cinder_garden,Wren,16.5,awake,0.0,0.0,0.018,0.0,0.01,True,upright work rhythm,10.11638,0.815858,True
332,21,3,lichen_bridge,Kio,18.0,awake,0.0,0.284291,0.308291,0.064598,0.074598,True,upright work rhythm,8.965399,0.807667,True
333,21,3,orchid_engine,Cai,19.5,awake,0.0,0.237652,0.255652,0.066056,0.076056,True,upright work rhythm,11.333817,0.836075,True
334,21,3,moss_ward,Milo,21.0,awake,0.0,0.23726,0.25526,0.065636,0.075636,True,upright work rhythm,6.743657,0.794683,True
335,21,3,glass_harbor,Sera,22.5,asleep,0.80532,0.036,0.0,0.02,0.0,True,"curled posture, low breath rhythm",7.839,0.811192,True
336,22,4,lichen_bridge,Kio,0.0,asleep,0.80752,0.308291,0.251765,0.074598,0.014034,True,"curled posture, low breath rhythm",8.115223,0.8295,True
337,22,4,orchid_engine,Cai,1.5,asleep,0.80752,0.255652,0.199125,0.076056,0.015492,True,"curled posture, low breath rhythm",10.483641,0.857908,True
338,22,4,moss_ward,Milo,3.0,asleep,0.80752,0.25526,0.198733,0.075636,0.015072,True,"curled posture, low breath rhythm",5.893481,0.816517,True
339,22,4,glass_harbor,Sera,4.5,asleep,0.812,0.0,0.0,0.0,0.0,True,"curled posture, low breath rhythm",7.012,0.833025,True
340,22,4,cinder_garden,Juno,6.0,awake,0.0,0.259212,0.283212,0.063441,0.073441,True,upright work rhythm,9.748117,0.863733,True
341,22,4,lichen_bridge,Luma,7.5,awake,0.0,0.26025,0.27825,0.064554,0.074554,True,upright work rhythm,8.476083,0.855542,True
342,22,4,orchid_engine,Dax,9.0,awake,0.0,0.23541,0.25341,0.063654,0.073654,True,upright work rhythm,10.855898,0.88395,True
343,22,4,moss_ward,Tala,10.5,awake,0.0,0.018,0.036,0.01,0.02,True,upright work rhythm,6.17676,0.842558,True
344,22,4,glass_harbor,Nia,12.0,awake,0.0,0.18221,0.20021,0.006654,0.016654,True,upright work rhythm,7.444086,0.859067,True
345,22,4,cinder_garden,Pax,13.5,awake,0.0,0.230964,0.254964,0.007461,0.017461,True,upright work rhythm,10.086535,0.889775,True
346,22,4,lichen_bridge,Rin,15.0,awake,0.0,0.20555,0.22355,0.005946,0.015946,True,upright work rhythm,8.803655,0.881583,True
347,22,4,orchid_engine,Eli,16.5,awake,0.0,0.0,0.018,0.0,0.01,True,upright work rhythm,11.10938,0.909992,True
348,22,4,moss_ward,Ari,18.0,awake,0.0,0.27741,0.29541,0.073654,0.083654,True,upright work rhythm,6.633118,0.8686,True
349,22,4,glass_harbor,Oren,19.5,awake,0.0,0.284108,0.302108,0.074401,0.084401,True,upright work rhythm,7.835864,0.885108,True
350,22,4,cinder_garden,Vale,21.0,awake,0.0,0.301212,0.325212,0.073441,0.083441,True,upright work rhythm,10.465337,0.915817,True
351,22,4,lichen_bridge,Sol,22.5,asleep,0.80752,0.042,0.0,0.02,0.0,True,"curled posture, low breath rhythm",9.062,0.907625,True
352,23,4,moss_ward,Ari,0.0,asleep,0.80752,0.29541,0.238884,0.083654,0.02309,True,"curled posture, low breath rhythm",5.769942,0.889433,True
353,23,4,glass_harbor,Oren,1.5,asleep,0.80752,0.302108,0.245581,0.084401,0.023837,True,"curled posture, low breath rhythm",6.972688,0.905942,True
354,23,4,cinder_garden,Vale,3.0,asleep,0.80752,0.325212,0.268685,0.083441,0.022877,True,"curled posture, low breath rhythm",9.602161,0.93665,True
355,23,4,lichen_bridge,Sol,4.5,asleep,0.813,0.0,0.0,0.0,0.0,True,"curled posture, low breath rhythm",8.222,0.928458,True
356,23,4,orchid_engine,Bea,6.0,awake,0.0,0.276164,0.294164,0.072319,0.082319,True,upright work rhythm,10.732607,0.956867,True
357,23,4,moss_ward,Fay,7.5,awake,0.0,0.276955,0.294955,0.073167,0.083167,True,upright work rhythm,6.142932,0.915475,True
358,23,4,glass_harbor,Puck,9.0,awake,0.0,0.282388,0.300388,0.072559,0.082559,True,upright work rhythm,7.345159,0.931983,True
359,23,4,cinder_garden,Wren,10.5,awake,0.0,0.018,0.036,0.01,0.02,True,upright work rhythm,9.85676,0.962692,True
360,23,4,lichen_bridge,Kio,12.0,awake,0.0,0.251765,0.269765,0.014034,0.024034,True,upright work rhythm,8.682603,0.9545,True
361,23,4,orchid_engine,Cai,13.5,awake,0.0,0.199125,0.217125,0.015492,0.025492,True,upright work rhythm,11.051021,0.982908,True
362,23,4,moss_ward,Milo,15.0,awake,0.0,0.198733,0.216733,0.015072,0.025072,True,upright work rhythm,6.460861,0.941517,True
363,23,4,glass_harbor,Sera,16.5,awake,0.0,0.0,0.018,0.0,0.01,True,upright work rhythm,7.57938,0.958025,True
364,23,4,cinder_garden,Juno,18.0,awake,0.0,0.283212,0.301212,0.073441,0.083441,True,upright work rhythm,10.315497,0.988733,True
365,23,4,lichen_bridge,Luma,19.5,awake,0.0,0.27825,0.29625,0.074554,0.084554,True,upright work rhythm,9.043463,0.980542,True
366,23,4,orchid_engine,Dax,21.0,awake,0.0,0.25341,0.27141,0.073654,0.083654,True,upright work rhythm,11.423278,0.00895,True
367,23,4,moss_ward,Tala,22.5,asleep,0.80692,0.036,0.0,0.02,0.0,True,"curled posture, low breath rhythm",6.722,0.967558,True
368,24,4,cinder_garden,Juno,0.0,asleep,0.80752,0.301212,0.244685,0.083441,0.022877,True,"curled posture, low breath rhythm",9.452321,0.009567,True
369,24,4,lichen_bridge,Luma,1.5,asleep,0.80752,0.29625,0.239724,0.084554,0.02399,True,"curled posture, low breath rhythm",8.180287,0.001375,True
370,24,4,orchid_engine,Dax,3.0,asleep,0.80752,0.27141,0.214884,0.083654,0.02309,True,"curled posture, low breath rhythm",10.560102,0.029783,True
371,24,4,moss_ward,Tala,4.5,asleep,0.8128,0.0,0.0,0.0,0.0,True,"curled posture, low breath rhythm",5.882,0.988392,True
372,24,4,glass_harbor,Nia,6.0,awake,0.0,0.20021,0.21821,0.016654,0.026654,True,upright work rhythm,7.171466,0.0049,True
373,24,4,cinder_garden,Pax,7.5,awake,0.0,0.254964,0.278964,0.017461,0.027461,True,upright work rhythm,9.816375,0.035608,True
374,24,4,lichen_bridge,Rin,9.0,awake,0.0,0.22355,0.24155,0.015946,0.025946,True,upright work rhythm,8.531035,0.027417,True
375,24,4,orchid_engine,Eli,10.5,awake,0.0,0.018,0.042,0.01,0.02,True,upright work rhythm,10.83922,0.055825,True
376,24,4,moss_ward,Ari,12.0,awake,0.0,0.238884,0.262884,0.02309,0.03309,True,upright work rhythm,6.339782,0.014433,True
377,24,4,glass_harbor,Oren,13.5,awake,0.0,0.245581,0.263581,0.023837,0.033837,True,upright work rhythm,7.540068,0.030942,True
378,24,4,cinder_garden,Vale,15.0,awake,0.0,0.268685,0.292685,0.022877,0.032877,True,upright work rhythm,10.172001,0.06165,True
379,24,4,lichen_bridge,Sol,16.5,awake,0.0,0.0,0.018,0.0,0.01,True,upright work rhythm,8.78938,0.053458,True
380,24,4,orchid_engine,Bea,18.0,awake,0.0,0.294164,0.318164,0.082319,0.092319,True,upright work rhythm,11.302447,0.081867,True
381,24,4,moss_ward,Fay,19.5,awake,0.0,0.294955,0.318955,0.083167,0.093167,True,upright work rhythm,6.712772,0.040475,True
382,24,4,glass_harbor,Puck,21.0,awake,0.0,0.300388,0.318388,0.082559,0.092559,True,upright work rhythm,7.912539,0.056983,True
383,24,4,cinder_garden,Wren,22.5,asleep,0.80752,0.036,0.0,0.02,0.0,True,"curled posture, low breath rhythm",10.402,0.087692,True
384,25,4,orchid_engine,Bea,0.0,asleep,0.80752,0.318164,0.261638,0.092319,0.031755,True,"curled posture, low breath rhythm",10.439272,0.1027,True
385,25,4,moss_ward,Fay,1.5,asleep,0.80752,0.318955,0.262429,0.093167,0.032603,True,"curled posture, low breath rhythm",5.849596,0.061308,True
386,25,4,glass_harbor,Puck,3.0,asleep,0.80752,0.318388,0.261862,0.092559,0.031995,True,"curled posture, low breath rhythm",7.049363,0.077817,True
387,25,4,cinder_garden,Wren,4.5,asleep,0.813,0.0,0.0,0.0,0.0,True,"curled posture, low breath rhythm",9.562,0.108525,True
388,25,4,lichen_bridge,Kio,6.0,awake,0.0,0.269765,0.293765,0.024034,0.034034,True,upright work rhythm,8.412443,0.100333,True
389,25,4,orchid_engine,Cai,7.5,awake,0.0,0.217125,0.235125,0.025492,0.035492,True,upright work rhythm,10.778401,0.128742,True
390,25,4,moss_ward,Milo,9.0,awake,0.0,0.216733,0.234733,0.025072,0.035072,True,upright work rhythm,6.188241,0.08735,True
391,25,4,glass_harbor,Sera,10.5,awake,0.0,0.018,0.036,0.01,0.02,True,upright work rhythm,7.30676,0.103858,True
392,25,4,cinder_garden,Juno,12.0,awake,0.0,0.244685,0.262685,0.022877,0.032877,True,upright work rhythm,10.019701,0.134567,True
393,25,4,lichen_bridge,Luma,13.5,awake,0.0,0.239724,0.263724,0.02399,0.03399,True,upright work rhythm,8.750127,0.126375,True
394,25,4,orchid_engine,Dax,15.0,awake,0.0,0.214884,0.232884,0.02309,0.03309,True,upright work rhythm,11.127482,0.154783,True
395,25,4,moss_ward,Tala,16.5,awake,0.0,0.0,0.018,0.0,0.01,True,upright work rhythm,6.44938,0.113392,True
396,25,4,glass_harbor,Nia,18.0,awake,0.0,0.21821,0.23621,0.026654,0.036654,True,upright work rhythm,7.738846,0.1299,True
397,25,4,cinder_garden,Pax,19.5,awake,0.0,0.278964,0.296964,0.027461,0.037461,True,upright work rhythm,10.383755,0.160608,True
398,25,4,lichen_bridge,Rin,21.0,awake,0.0,0.24155,0.26555,0.025946,0.035946,True,upright work rhythm,9.100875,0.152417,True
399,25,4,orchid_engine,Eli,22.5,asleep,0.80752,0.042,0.0,0.02,0.0,True,"curled posture, low breath rhythm",11.382,0.180825,True
400,26,4,glass_harbor,Nia,0.0,asleep,0.80752,0.23621,0.179684,0.036654,0.0,True,"curled posture, low breath rhythm",6.87567,0.150733,True
401,26,4,cinder_garden,Pax,1.5,asleep,0.80752,0.296964,0.240437,0.037461,0.0,True,"curled posture, low breath rhythm",9.520579,0.181442,True
402,26,4,lichen_bridge,Rin,3.0,asleep,0.80752,0.26555,0.209023,0.035946,0.0,True,"curled posture, low breath rhythm",8.2377,0.17325,True
403,26,4,orchid_engine,Eli,4.5,asleep,0.813,0.0,0.0,0.0,0.0,True,"curled posture, low breath rhythm",10.542,0.201658,True
404,26,4,moss_ward,Ari,6.0,awake,0.0,0.262884,0.280884,0.03309,0.04309,True,upright work rhythm,6.067162,0.160267,True
405,26,4,glass_harbor,Oren,7.5,awake,0.0,0.263581,0.287581,0.033837,0.043837,True,upright work rhythm,7.269908,0.176775,True
406,26,4,cinder_garden,Vale,9.0,awake,0.0,0.292685,0.310685,0.032877,0.042877,True,upright work rhythm,9.899381,0.207483,True
407,26,4,lichen_bridge,Sol,10.5,awake,0.0,0.018,0.042,0.01,0.02,True,upright work rhythm,8.51922,0.199292,True
408,26,4,orchid_engine,Bea,12.0,awake,0.0,0.261638,0.279638,0.031755,0.041755,True,upright work rhythm,11.006652,0.2277,True
409,26,4,moss_ward,Fay,13.5,awake,0.0,0.262429,0.280429,0.032603,0.042603,True,upright work rhythm,6.416976,0.186308,True
410,26,4,glass_harbor,Puck,15.0,awake,0.0,0.261862,0.285862,0.031995,0.041995,True,upright work rhythm,7.619203,0.202817,True
411,26,4,cinder_garden,Wren,16.5,awake,0.0,0.0,0.018,0.0,0.01,True,upright work rhythm,10.12938,0.233525,True
412,26,4,lichen_bridge,Kio,18.0,awake,0.0,0.293765,0.317765,0.034034,0.044034,True,upright work rhythm,8.982283,0.225333,True
413,26,4,orchid_engine,Cai,19.5,awake,0.0,0.235125,0.253125,0.035492,0.045492,True,upright work rhythm,11.345781,0.253742,True
414,26,4,moss_ward,Milo,21.0,awake,0.0,0.234733,0.252733,0.035072,0.045072,True,upright work rhythm,6.755621,0.21235,True
415,26,4,glass_harbor,Sera,22.5,asleep,0.80752,0.036,0.0,0.02,0.0,True,"curled posture, low breath rhythm",7.852,0.228858,True
416,27,4,lichen_bridge,Kio,0.0,asleep,0.80752,0.317765,0.261238,0.044034,0.0,True,"curled posture, low breath rhythm",8.119108,0.246167,True
417,27,4,orchid_engine,Cai,1.5,asleep,0.80752,0.253125,0.196599,0.045492,0.0,True,"curled posture, low breath rhythm",10.482606,0.274575,True
418,27,4,moss_ward,Milo,3.0,asleep,0.80752,0.252733,0.196207,0.045072,0.0,True,"curled posture, low breath rhythm",5.892445,0.233183,True
419,27,4,glass_harbor,Sera,4.5,asleep,0.813,0.0,0.0,0.0,0.0,True,"curled posture, low breath rhythm",7.012,0.249692,True
420,27,4,cinder_garden,Juno,6.0,awake,0.0,0.262685,0.286685,0.032877,0.042877,True,upright work rhythm,9.749541,0.2804,True
421,27,4,lichen_bridge,Luma,7.5,awake,0.0,0.263724,0.281724,0.03399,0.04399,True,upright work rhythm,8.477507,0.272208,True
422,27,4,orchid_engine,Dax,9.0,awake,0.0,0.232884,0.250884,0.03309,0.04309,True,upright work rhythm,10.854862,0.300617,True
423,27,4,moss_ward,Tala,10.5,awake,0.0,0.018,0.036,0.01,0.02,True,upright work rhythm,6.17676,0.259225,True
424,27,4,glass_harbor,Nia,12.0,awake,0.0,0.179684,0.197684,0.0,0.01,True,upright work rhythm,7.44305,0.275733,True
425,27,4,cinder_garden,Pax,13.5,awake,0.0,0.240437,0.264437,0.0,0.01,True,upright work rhythm,10.090419,0.306442,True
426,27,4,lichen_bridge,Rin,15.0,awake,0.0,0.209023,0.227023,0.0,0.01,True,upright work rhythm,8.80508,0.29825,True
427,27,4,orchid_engine,Eli,16.5,awake,0.0,0.0,0.018,0.0,0.01,True,upright work rhythm,11.10938,0.326658,True
428,27,4,moss_ward,Ari,18.0,awake,0.0,0.280884,0.298884,0.04309,0.05309,True,upright work rhythm,6.634542,0.285267,True
429,27,4,glass_harbor,Oren,19.5,awake,0.0,0.287581,0.305581,0.043837,0.053837,True,upright work rhythm,7.837288,0.301775,True
430,27,4,cinder_garden,Vale,21.0,awake,0.0,0.310685,0.334685,0.042877,0.052877,True,upright work rhythm,10.469221,0.332483,True
431,27,4,lichen_bridge,Sol,22.5,asleep,0.80752,0.042,0.0,0.02,0.0,True,"curled posture, low breath rhythm",9.062,0.324292,True
432,28,4,moss_ward,Ari,0.0,asleep,0.80752,0.298884,0.242358,0.05309,0.0,True,"curled posture, low breath rhythm",5.771367,0.3061,True
433,28,4,glass_harbor,Oren,1.5,asleep,0.80752,0.305581,0.249055,0.053837,0.0,True,"curled posture, low breath rhythm",6.974112,0.322608,True
434,28,4,cinder_garden,Vale,3.0,asleep,0.80752,0.334685,0.278159,0.052877,0.0,True,"curled posture, low breath rhythm",9.606045,0.353317,True
435,28,4,lichen_bridge,Sol,4.5,asleep,0.813,0.0,0.0,0.0,0.0,True,"curled posture, low breath rhythm",8.222,0.345125,True
436,28,4,orchid_engine,Bea,6.0,awake,0.0,0.279638,0.297638,0.041755,0.051755,True,upright work rhythm,10.734032,0.373533,True
437,28,4,moss_ward,Fay,7.5,awake,0.0,0.280429,0.298429,0.042603,0.052603,True,upright work rhythm,6.144356,0.332142,True
438,28,4,glass_harbor,Puck,9.0,awake,0.0,0.285862,0.303862,0.041995,0.051995,True,upright work rhythm,7.346583,0.34865,True
439,28,4,cinder_garden,Wren,10.5,awake,0.0,0.018,0.036,0.01,0.02,True,upright work rhythm,9.85676,0.379358,True
440,28,4,lichen_bridge,Kio,12.0,awake,0.0,0.261238,0.279238,0.0,0.01,True,upright work rhythm,8.686488,0.371167,True
441,28,4,orchid_engine,Cai,13.5,awake,0.0,0.196599,0.214599,0.0,0.01,True,upright work rhythm,11.049986,0.399575,True
442,28,4,moss_ward,Milo,15.0,awake,0.0,0.196207,0.214207,0.0,0.01,True,upright work rhythm,6.459825,0.358183,True
443,28,4,glass_harbor,Sera,16.5,awake,0.0,0.0,0.018,0.0,0.01,True,upright work rhythm,7.57938,0.374692,True
444,28,4,cinder_garden,Juno,18.0,awake,0.0,0.286685,0.304685,0.042877,0.052877,True,upright work rhythm,10.316921,0.4054,True
445,28,4,lichen_bridge,Luma,19.5,awake,0.0,0.281724,0.299724,0.04399,0.05399,True,upright work rhythm,9.044887,0.397208,True
446,28,4,orchid_engine,Dax,21.0,awake,0.0,0.250884,0.268884,0.04309,0.05309,True,upright work rhythm,11.422242,0.425617,True
447,28,4,moss_ward,Tala,22.5,asleep,0.80752,0.036,0.0,0.02,0.0,True,"curled posture, low breath rhythm",6.722,0.384225,True
448,29,5,cinder_garden,Juno,0.0,asleep,0.80752,0.304685,0.248159,0.052877,0.0,True,"curled posture, low breath rhythm",9.466745,0.427233,True
449,29,5,lichen_bridge,Luma,1.5,asleep,0.80752,0.299724,0.243198,0.05399,0.0,True,"curled posture, low breath rhythm",8.194711,0.419042,True
450,29,5,orchid_engine,Dax,3.0,asleep,0.80752,0.268884,0.212358,0.05309,0.0,True,"curled posture, low breath rhythm",10.572067,0.44745,True
451,29,5,moss_ward,Tala,4.5,asleep,0.813,0.0,0.0,0.0,0.0,True,"curled posture, low breath rhythm",5.895,0.406058,True
452,29,5,glass_harbor,Nia,6.0,awake,0.0,0.197684,0.215684,0.01,0.02,True,upright work rhythm,7.18343,0.422567,True
453,29,5,cinder_garden,Pax,7.5,awake,0.0,0.264437,0.288437,0.01,0.02,True,upright work rhythm,9.833259,0.453275,True
454,29,5,lichen_bridge,Rin,9.0,awake,0.0,0.227023,0.245023,0.01,0.02,True,upright work rhythm,8.54546,0.445083,True
455,29,5,orchid_engine,Eli,10.5,awake,0.0,0.018,0.042,0.01,0.02,True,upright work rhythm,10.85222,0.473492,True
456,29,5,moss_ward,Ari,12.0,awake,0.0,0.242358,0.266358,0.0,0.01,True,upright work rhythm,6.354207,0.4321,True
457,29,5,glass_harbor,Oren,13.5,awake,0.0,0.249055,0.267055,0.0,0.01,True,upright work rhythm,7.554492,0.448608,True
458,29,5,cinder_garden,Vale,15.0,awake,0.0,0.278159,0.302159,0.0,0.01,True,upright work rhythm,10.188885,0.479317,True
459,29,5,lichen_bridge,Sol,16.5,awake,0.0,0.0,0.018,0.0,0.01,True,upright work rhythm,8.80238,0.471125,True
460,29,5,orchid_engine,Bea,18.0,awake,0.0,0.297638,0.321638,0.051755,0.061755,True,upright work rhythm,11.316872,0.499533,True
461,29,5,moss_ward,Fay,19.5,awake,0.0,0.298429,0.322429,0.052603,0.062603,True,upright work rhythm,6.727196,0.458142,True
462,29,5,glass_harbor,Puck,21.0,awake,0.0,0.303862,0.321862,0.051995,0.061995,True,upright work rhythm,7.926963,0.47465,True
463,29,5,cinder_garden,Wren,22.5,asleep,0.80752,0.036,0.0,0.02,0.0,True,"curled posture, low breath rhythm",10.415,0.505358,True
464,30,5,orchid_engine,Bea,0.0,asleep,0.80752,0.321638,0.265112,0.061755,0.001191,True,"curled posture, low breath rhythm",10.453696,0.520367,True
465,30,5,moss_ward,Fay,1.5,asleep,0.80752,0.322429,0.265903,0.062603,0.002039,True,"curled posture, low breath rhythm",5.86402,0.478975,True
466,30,5,glass_harbor,Puck,3.0,asleep,0.80752,0.321862,0.265336,0.061995,0.001431,True,"curled posture, low breath rhythm",7.063788,0.495483,True
467,30,5,cinder_garden,Wren,4.5,asleep,0.813,0.0,0.0,0.0,0.0,True,"curled posture, low breath rhythm",9.575,0.526192,True
468,30,5,lichen_bridge,Kio,6.0,awake,0.0,0.279238,0.303238,0.01,0.02,True,upright work rhythm,8.429328,0.518,True
469,30,5,orchid_engine,Cai,7.5,awake,0.0,0.214599,0.232599,0.01,0.02,True,upright work rhythm,10.790366,0.546408,True
470,30,5,moss_ward,Milo,9.0,awake,0.0,0.214207,0.232207,0.01,0.02,True,upright work rhythm,6.200205,0.505017,True
471,30,5,glass_harbor,Sera,10.5,awake,0.0,0.018,0.036,0.01,0.02,True,upright work rhythm,7.31976,0.521525,True
472,30,5,cinder_garden,Juno,12.0,awake,0.0,0.248159,0.266159,0.0,0.01,True,upright work rhythm,10.034125,0.552233,True
473,30,5,lichen_bridge,Luma,13.5,awake,0.0,0.243198,0.267198,0.0,0.01,True,upright work rhythm,8.764551,0.544042,True
474,30,5,orchid_engine,Dax,15.0,awake,0.0,0.212358,0.230358,0.0,0.01,True,upright work rhythm,11.139447,0.57245,True
475,30,5,moss_ward,Tala,16.5,awake,0.0,0.0,0.018,0.0,0.01,True,upright work rhythm,6.46238,0.531058,True
476,30,5,glass_harbor,Nia,18.0,awake,0.0,0.215684,0.233684,0.02,0.03,True,upright work rhythm,7.75081,0.547567,True
477,30,5,cinder_garden,Pax,19.5,awake,0.0,0.288437,0.306437,0.02,0.03,True,upright work rhythm,10.400639,0.578275,True
478,30,5,lichen_bridge,Rin,21.0,awake,0.0,0.245023,0.269023,0.02,0.03,True,upright work rhythm,9.1153,0.570083,True
479,30,5,orchid_engine,Eli,22.5,asleep,0.80752,0.042,0.0,0.02,0.0,True,"curled posture, low breath rhythm",11.395,0.598492,True
480,31,5,glass_harbor,Nia,0.0,asleep,0.80752,0.233684,0.177158,0.03,0.0,True,"curled posture, low breath rhythm",6.887635,0.5684,True
481,31,5,cinder_garden,Pax,1.5,asleep,0.80752,0.306437,0.249911,0.03,0.0,True,"curled posture, low breath rhythm",9.537463,0.599108,True
482,31,5,lichen_bridge,Rin,3.0,asleep,0.80752,0.269023,0.212497,0.03,0.0,True,"curled posture, low breath rhythm",8.252124,0.590917,True
483,31,5,orchid_engine,Eli,4.5,asleep,0.813,0.0,0.0,0.0,0.0,True,"curled posture, low breath rhythm",10.555,0.619325,True
484,31,5,moss_ward,Ari,6.0,awake,0.0,0.266358,0.284358,0.01,0.02,True,upright work rhythm,6.081587,0.577933,True
485,31,5,glass_harbor,Oren,7.5,awake,0.0,0.267055,0.291055,0.01,0.02,True,upright work rhythm,7.284332,0.594442,True
486,31,5,cinder_garden,Vale,9.0,awake,0.0,0.302159,0.320159,0.01,0.02,True,upright work rhythm,9.916265,0.62515,True
487,31,5,lichen_bridge,Sol,10.5,awake,0.0,0.018,0.042,0.01,0.02,True,upright work rhythm,8.53222,0.616958,True
488,31,5,orchid_engine,Bea,12.0,awake,0.0,0.265112,0.283112,0.001191,0.011191,True,upright work rhythm,11.021076,0.645367,True
489,31,5,moss_ward,Fay,13.5,awake,0.0,0.265903,0.283903,0.002039,0.012039,True,upright work rhythm,6.4314,0.603975,True
490,31,5,glass_harbor,Puck,15.0,awake,0.0,0.265336,0.289336,0.001431,0.011431,True,upright work rhythm,7.633628,0.620483,True
491,31,5,cinder_garden,Wren,16.5,awake,0.0,0.0,0.018,0.0,0.01,True,upright work rhythm,10.14238,0.651192,True
492,31,5,lichen_bridge,Kio,18.0,awake,0.0,0.303238,0.327238,0.02,0.03,True,upright work rhythm,8.999168,0.643,True
493,31,5,orchid_engine,Cai,19.5,awake,0.0,0.232599,0.250599,0.02,0.03,True,upright work rhythm,11.357746,0.671408,True
494,31,5,moss_ward,Milo,21.0,awake,0.0,0.232207,0.250207,0.02,0.03,True,upright work rhythm,6.767585,0.630017,True
495,31,5,glass_harbor,Sera,22.5,asleep,0.80752,0.036,0.0,0.02,0.0,True,"curled posture, low breath rhythm",7.865,0.646525,True
496,32,5,lichen_bridge,Kio,0.0,asleep,0.80752,0.327238,0.270712,0.03,0.0,True,"curled posture, low breath rhythm",8.135992,0.663833,True
497,32,5,orchid_engine,Cai,1.5,asleep,0.80752,0.250599,0.194073,0.03,0.0,True,"curled posture, low breath rhythm",10.49457,0.692242,True
498,32,5,moss_ward,Milo,3.0,asleep,0.80752,0.250207,0.193681,0.03,0.0,True,"curled posture, low breath rhythm",5.904409,0.65085,True
499,32,5,glass_harbor,Sera,4.5,asleep,0.813,0.0,0.0,0.0,0.0,True,"curled posture, low breath rhythm",7.025,0.667358,True
500,32,5,cinder_garden,Juno,6.0,awake,0.0,0.266159,0.290159,0.01,0.02,True,upright work rhythm,9.763965,0.698067,True
501,32,5,lichen_bridge,Luma,7.5,awake,0.0,0.267198,0.285198,0.01,0.02,True,upright work rhythm,8.491931,0.689875,True
502,32,5,orchid_engine,Dax,9.0,awake,0.0,0.230358,0.248358,0.01,0.02,True,upright work rhythm,10.866827,0.718283,True
503,32,5,moss_ward,Tala,10.5,awake,0.0,0.018,0.036,0.01,0.02,True,upright work rhythm,6.18976,0.676892,True
504,32,5,glass_harbor,Nia,12.0,awake,0.0,0.177158,0.195158,0.0,0.01,True,upright work rhythm,7.455015,0.6934,True
505,32,5,cinder_garden,Pax,13.5,awake,0.0,0.249911,0.273911,0.0,0.01,True,upright work rhythm,10.107303,0.724108,True
506,32,5,lichen_bridge,Rin,15.0,awake,0.0,0.212497,0.230497,0.0,0.01,True,upright work rhythm,8.819504,0.715917,True
507,32,5,orchid_engine,Eli,16.5,awake,0.0,0.0,0.018,0.0,0.01,True,upright work rhythm,11.12238,0.744325,True
508,32,5,moss_ward,Ari,18.0,awake,0.0,0.284358,0.302358,0.02,0.03,True,upright work rhythm,6.648967,0.702933,True
509,32,5,glass_harbor,Oren,19.5,awake,0.0,0.291055,0.309055,0.02,0.03,True,upright work rhythm,7.851712,0.719442,True
510,32,5,cinder_garden,Vale,21.0,awake,0.0,0.320159,0.344159,0.02,0.03,True,upright work rhythm,10.486105,0.75015,True
511,32,5,lichen_bridge,Sol,22.5,asleep,0.80752,0.042,0.0,0.02,0.0,True,"curled posture, low breath rhythm",9.075,0.741958,True
512,33,5,moss_ward,Ari,0.0,asleep,0.80752,0.302358,0.245831,0.03,0.0,True,"curled posture, low breath rhythm",5.785791,0.723767,True
513,33,5,glass_harbor,Oren,1.5,asleep,0.80752,0.309055,0.252528,0.03,0.0,True,"curled posture, low breath rhythm",6.988537,0.740275,True
514,33,5,cinder_garden,Vale,3.0,asleep,0.80752,0.344159,0.287632,0.03,0.0,True,"curled posture, low breath rhythm",9.622929,0.770983,True
515,33,5,lichen_bridge,Sol,4.5,asleep,0.813,0.0,0.0,0.0,0.0,True,"curled posture, low breath rhythm",8.235,0.762792,True
516,33,5,orchid_engine,Bea,6.0,awake,0.0,0.283112,0.301112,0.011191,0.021191,True,upright work rhythm,10.748456,0.7912,True
517,33,5,moss_ward,Fay,7.5,awake,0.0,0.283903,0.301903,0.012039,0.022039,True,upright work rhythm,6.15878,0.749808,True
518,33,5,glass_harbor,Puck,9.0,awake,0.0,0.289336,0.307336,0.011431,0.021431,True,upright work rhythm,7.361008,0.766317,True
519,33,5,cinder_garden,Wren,10.5,awake,0.0,0.018,0.036,0.01,0.02,True,upright work rhythm,9.86976,0.797025,True
520,33,5,lichen_bridge,Kio,12.0,awake,0.0,0.270712,0.288712,0.0,0.01,True,upright work rhythm,8.703372,0.788833,True
521,33,5,orchid_engine,Cai,13.5,awake,0.0,0.194073,0.212073,0.0,0.01,True,upright work rhythm,11.06195,0.817242,True
522,33,5,moss_ward,Milo,15.0,awake,0.0,0.193681,0.211681,0.0,0.01,True,upright work rhythm,6.471789,0.77585,True
523,33,5,glass_harbor,Sera,16.5,awake,0.0,0.0,0.018,0.0,0.01,True,upright work rhythm,7.59238,0.792358,True
524,33,5,cinder_garden,Juno,18.0,awake,0.0,0.290159,0.308159,0.02,0.03,True,upright work rhythm,10.331345,0.823067,True
525,33,5,lichen_bridge,Luma,19.5,awake,0.0,0.285198,0.303198,0.02,0.03,True,upright work rhythm,9.059311,0.814875,True
526,33,5,orchid_engine,Dax,21.0,awake,0.0,0.248358,0.266358,0.02,0.03,True,upright work rhythm,11.434207,0.843283,True
527,33,5,moss_ward,Tala,22.5,asleep,0.80752,0.036,0.0,0.02,0.0,True,"curled posture, low breath rhythm",6.735,0.801892,True
528,34,5,cinder_garden,Juno,0.0,asleep,0.80752,0.308159,0.251632,0.03,0.0,True,"curled posture, low breath rhythm",9.468169,0.8439,True
529,34,5,lichen_bridge,Luma,1.5,asleep,0.80752,0.303198,0.246671,0.03,0.0,True,"curled posture, low breath rhythm",8.196135,0.835708,True
530,34,5,orchid_engine,Dax,3.0,asleep,0.80752,0.266358,0.209831,0.03,0.0,True,"curled posture, low breath rhythm",10.571031,0.864117,True
531,34,5,moss_ward,Tala,4.5,asleep,0.813,0.0,0.0,0.0,0.0,True,"curled posture, low breath rhythm",5.895,0.822725,True
532,34,5,glass_harbor,Nia,6.0,awake,0.0,0.195158,0.213158,0.01,0.02,True,upright work rhythm,7.182395,0.839233,True
533,34,5,cinder_garden,Pax,7.5,awake,0.0,0.273911,0.297911,0.01,0.02,True,upright work rhythm,9.837143,0.869942,True
534,34,5,lichen_bridge,Rin,9.0,awake,0.0,0.230497,0.248497,0.01,0.02,True,upright work rhythm,8.546884,0.86175,True
535,34,5,orchid_engine,Eli,10.5,awake,0.0,0.018,0.042,0.01,0.02,True,upright work rhythm,10.85222,0.890158,True
536,34,5,moss_ward,Ari,12.0,awake,0.0,0.245831,0.269831,0.0,0.01,True,upright work rhythm,6.355631,0.848767,True
537,34,5,glass_harbor,Oren,13.5,awake,0.0,0.252528,0.270528,0.0,0.01,True,upright work rhythm,7.555917,0.865275,True
538,34,5,cinder_garden,Vale,15.0,awake,0.0,0.287632,0.311632,0.0,0.01,True,upright work rhythm,10.192769,0.895983,True
539,34,5,lichen_bridge,Sol,16.5,awake,0.0,0.0,0.018,0.0,0.01,True,upright work rhythm,8.80238,0.887792,True
540,34,5,orchid_engine,Bea,18.0,awake,0.0,0.301112,0.325112,0.021191,0.031191,True,upright work rhythm,11.318296,0.9162,True
541,34,5,moss_ward,Fay,19.5,awake,0.0,0.301903,0.325903,0.022039,0.032039,True,upright work rhythm,6.72862,0.874808,True
542,34,5,glass_harbor,Puck,21.0,awake,0.0,0.307336,0.325336,0.021431,0.031431,True,upright work rhythm,7.928388,0.891317,True
543,34,5,cinder_garden,Wren,22.5,asleep,0.80752,0.036,0.0,0.02,0.0,True,"curled posture, low breath rhythm",10.415,0.922025,True
544,35,5,orchid_engine,Bea,0.0,asleep,0.80752,0.325112,0.268585,0.031191,0.0,True,"curled posture, low breath rhythm",10.45512,0.937033,True
545,35,5,moss_ward,Fay,1.5,asleep,0.80752,0.325903,0.269376,0.032039,0.0,True,"curled posture, low breath rhythm",5.865444,0.895642,True
546,35,5,glass_harbor,Puck,3.0,asleep,0.80752,0.325336,0.268809,0.031431,0.0,True,"curled posture, low breath rhythm",7.065212,0.91215,True
547,35,5,cinder_garden,Wren,4.5,asleep,0.813,0.0,0.0,0.0,0.0,True,"curled posture, low breath rhythm",9.575,0.942858,True
548,35,5,lichen_bridge,Kio,6.0,awake,0.0,0.288712,0.312712,0.01,0.02,True,upright work rhythm,8.433212,0.934667,True
549,35,5,orchid_engine,Cai,7.5,awake,0.0,0.212073,0.230073,0.01,0.02,True,upright work rhythm,10.78933,0.963075,True
550,35,5,moss_ward,Milo,9.0,awake,0.0,0.211681,0.229681,0.01,0.02,True,upright work rhythm,6.199169,0.921683,True
551,35,5,glass_harbor,Sera,10.5,awake,0.0,0.018,0.036,0.01,0.02,True,upright work rhythm,7.31976,0.938192,True
552,35,5,cinder_garden,Juno,12.0,awake,0.0,0.251632,0.269632,0.0,0.01,True,upright work rhythm,10.035549,0.9689,True
553,35,5,lichen_bridge,Luma,13.5,awake,0.0,0.246671,0.270671,0.0,0.01,True,upright work rhythm,8.765975,0.960708,True
554,35,5,orchid_engine,Dax,15.0,awake,0.0,0.209831,0.227831,0.0,0.01,True,upright work rhythm,11.138411,0.989117,True
555,35,5,moss_ward,Tala,16.5,awake,0.0,0.0,0.018,0.0,0.01,True,upright work rhythm,6.46238,0.947725,True
556,35,5,glass_harbor,Nia,18.0,awake,0.0,0.213158,0.231158,0.02,0.03,True,upright work rhythm,7.749775,0.964233,True
557,35,5,cinder_garden,Pax,19.5,awake,0.0,0.297911,0.315911,0.02,0.03,True,upright work rhythm,10.404523,0.994942,True
558,35,5,lichen_bridge,Rin,21.0,awake,0.0,0.248497,0.272497,0.02,0.03,True,upright work rhythm,9.116724,0.98675,True
559,35,5,orchid_engine,Eli,22.5,asleep,0.80752,0.042,0.0,0.02,0.0,True,"curled posture, low breath rhythm",11.395,0.015158,True
560,36,6,glass_harbor,Nia,0.0,asleep,0.80752,0.231158,0.174631,0.03,0.0,True,"curled posture, low breath rhythm",6.899599,0.986067,True
561,36,6,cinder_garden,Pax,1.5,asleep,0.80752,0.315911,0.259384,0.03,0.0,True,"curled posture, low breath rhythm",9.554348,0.016775,True
562,36,6,lichen_bridge,Rin,3.0,asleep,0.80752,0.272497,0.21597,0.03,0.0,True,"curled posture, low breath rhythm",8.266548,0.008583,True
563,36,6,orchid_engine,Eli,4.5,asleep,0.813,0.0,0.0,0.0,0.0,True,"curled posture, low breath rhythm",10.568,0.036992,True
564,36,6,moss_ward,Ari,6.0,awake,0.0,0.269831,0.287831,0.01,0.02,True,upright work rhythm,6.096011,0.9956,True
565,36,6,glass_harbor,Oren,7.5,awake,0.0,0.270528,0.294528,0.01,0.02,True,upright work rhythm,7.298757,0.012108,True
566,36,6,cinder_garden,Vale,9.0,awake,0.0,0.311632,0.329632,0.01,0.02,True,upright work rhythm,9.933149,0.042817,True
567,36,6,lichen_bridge,Sol,10.5,awake,0.0,0.018,0.042,0.01,0.02,True,upright work rhythm,8.54522,0.034625,True
568,36,6,orchid_engine,Bea,12.0,awake,0.0,0.268585,0.286585,0.0,0.01,True,upright work rhythm,11.0355,0.063033,True
569,36,6,moss_ward,Fay,13.5,awake,0.0,0.269376,0.287376,0.0,0.01,True,upright work rhythm,6.445824,0.021642,True
570,36,6,glass_harbor,Puck,15.0,awake,0.0,0.268809,0.292809,0.0,0.01,True,upright work rhythm,7.648052,0.03815,True
571,36,6,cinder_garden,Wren,16.5,awake,0.0,0.0,0.018,0.0,0.01,True,upright work rhythm,10.15538,0.068858,True
572,36,6,lichen_bridge,Kio,18.0,awake,0.0,0.312712,0.336712,0.02,0.03,True,upright work rhythm,9.016052,0.060667,True
573,36,6,orchid_engine,Cai,19.5,awake,0.0,0.230073,0.248073,0.02,0.03,True,upright work rhythm,11.36971,0.089075,True
574,36,6,moss_ward,Milo,21.0,awake,0.0,0.229681,0.247681,0.02,0.03,True,upright work rhythm,6.779549,0.047683,True
575,36,6,glass_harbor,Sera,22.5,asleep,0.80752,0.036,0.0,0.02,0.0,True,"curled posture, low breath rhythm",7.878,0.064192,True
576,37,6,lichen_bridge,Kio,0.0,asleep,0.80752,0.336712,0.280185,0.03,0.0,True,"curled posture, low breath rhythm",8.152876,0.0815,True
577,37,6,orchid_engine,Cai,1.5,asleep,0.80752,0.248073,0.191546,0.03,0.0,True,"curled posture, low breath rhythm",10.506534,0.109908,True
578,37,6,moss_ward,Milo,3.0,asleep,0.80752,0.247681,0.191154,0.03,0.0,True,"curled posture, low breath rhythm",5.916373,0.068517,True
579,37,6,glass_harbor,Sera,4.5,asleep,0.813,0.0,0.0,0.0,0.0,True,"curled posture, low breath rhythm",7.038,0.085025,True
580,37,6,cinder_garden,Juno,6.0,awake,0.0,0.269632,0.293632,0.01,0.02,True,upright work rhythm,9.778389,0.115733,True
581,37,6,lichen_bridge,Luma,7.5,awake,0.0,0.270671,0.288671,0.01,0.02,True,upright work rhythm,8.506355,0.107542,True
582,37,6,orchid_engine,Dax,9.0,awake,0.0,0.227831,0.245831,0.01,0.02,True,upright work rhythm,10.878791,0.13595,True
583,37,6,moss_ward,Tala,10.5,awake,0.0,0.018,0.036,0.01,0.02,True,upright work rhythm,6.20276,0.094558,True
584,37,6,glass_harbor,Nia,12.0,awake,0.0,0.174631,0.192631,0.0,0.01,True,upright work rhythm,7.466979,0.111067,True
585,37,6,cinder_garden,Pax,13.5,awake,0.0,0.259384,0.283384,0.0,0.01,True,upright work rhythm,10.124188,0.141775,True
586,37,6,lichen_bridge,Rin,15.0,awake,0.0,0.21597,0.23397,0.0,0.01,True,upright work rhythm,8.833928,0.133583,True
587,37,6,orchid_engine,Eli,16.5,awake,0.0,0.0,0.018,0.0,0.01,True,upright work rhythm,11.13538,0.161992,True
588,37,6,moss_ward,Ari,18.0,awake,0.0,0.287831,0.305831,0.02,0.03,True,upright work rhythm,6.663391,0.1206,True
589,37,6,glass_harbor,Oren,19.5,awake,0.0,0.294528,0.312528,0.02,0.03,True,upright work rhythm,7.866137,0.137108,True
590,37,6,cinder_garden,Vale,21.0,awake,0.0,0.329632,0.353632,0.02,0.03,True,upright work rhythm,10.502989,0.167817,True
591,37,6,lichen_bridge,Sol,22.5,asleep,0.80752,0.042,0.0,0.02,0.0,True,"curled posture, low breath rhythm",9.088,0.159625,True
592,38,6,moss_ward,Ari,0.0,asleep,0.80752,0.305831,0.249305,0.03,0.0,True,"curled posture, low breath rhythm",5.800215,0.141433,True
593,38,6,glass_harbor,Oren,1.5,asleep,0.80752,0.312528,0.256002,0.03,0.0,True,"curled posture, low breath rhythm",7.002961,0.157942,True
594,38,6,cinder_garden,Vale,3.0,asleep,0.80752,0.353632,0.297106,0.03,0.0,True,"curled posture, low breath rhythm",9.639813,0.18865,True
595,38,6,lichen_bridge,Sol,4.5,asleep,0.813,0.0,0.0,0.0,0.0,True,"curled posture, low breath rhythm",8.248,0.180458,True
596,38,6,orchid_engine,Bea,6.0,awake,0.0,0.286585,0.304585,0.01,0.02,True,upright work rhythm,10.76288,0.208867,True
597,38,6,moss_ward,Fay,7.5,awake,0.0,0.287376,0.305376,0.01,0.02,True,upright work rhythm,6.173204,0.167475,True
598,38,6,glass_harbor,Puck,9.0,awake,0.0,0.292809,0.310809,0.01,0.02,True,upright work rhythm,7.375432,0.183983,True
599,38,6,cinder_garden,Wren,10.5,awake,0.0,0.018,0.036,0.01,0.02,True,upright work rhythm,9.88276,0.214692,True
600,38,6,lichen_bridge,Kio,12.0,awake,0.0,0.280185,0.298185,0.0,0.01,True,upright work rhythm,8.720256,0.2065,True
601,38,6,orchid_engine,Cai,13.5,awake,0.0,0.191546,0.209546,0.0,0.01,True,upright work rhythm,11.073914,0.234908,True
602,38,6,moss_ward,Milo,15.0,awake,0.0,0.191154,0.209154,0.0,0.01,True,upright work rhythm,6.483753,0.193517,True
603,38,6,glass_harbor,Sera,16.5,awake,0.0,0.0,0.018,0.0,0.01,True,upright work rhythm,7.60538,0.210025,True
604,38,6,cinder_garden,Juno,18.0,awake,0.0,0.293632,0.311632,0.02,0.03,True,upright work rhythm,10.345769,0.240733,True
605,38,6,lichen_bridge,Luma,19.5,awake,0.0,0.288671,0.306671,0.02,0.03,True,upright work rhythm,9.073735,0.232542,True
606,38,6,orchid_engine,Dax,21.0,awake,0.0,0.245831,0.263831,0.02,0.03,True,upright work rhythm,11.446171,0.26095,True
607,38,6,moss_ward,Tala,22.5,asleep,0.80752,0.036,0.0,0.02,0.0,True,"curled posture, low breath rhythm",6.748,0.219558,True
608,39,6,cinder_garden,Juno,0.0,asleep,0.80752,0.311632,0.255106,0.03,0.0,True,"curled posture, low breath rhythm",9.482593,0.261567,True
609,39,6,lichen_bridge,Luma,1.5,asleep,0.80752,0.306671,0.250145,0.03,0.0,True,"curled posture, low breath rhythm",8.210559,0.253375,True
610,39,6,orchid_engine,Dax,3.0,asleep,0.80752,0.263831,0.207305,0.03,0.0,True,"curled posture, low breath rhythm",10.582995,0.281783,True
611,39,6,moss_ward,Tala,4.5,asleep,0.813,0.0,0.0,0.0,0.0,True,"curled posture, low breath rhythm",5.908,0.240392,True
612,39,6,glass_harbor,Nia,6.0,awake,0.0,0.192631,0.210631,0.01,0.02,True,upright work rhythm,7.194359,0.2569,True
613,39,6,cinder_garden,Pax,7.5,awake,0.0,0.283384,0.307384,0.01,0.02,True,upright work rhythm,9.854028,0.287608,True
614,39,6,lichen_bridge,Rin,9.0,awake,0.0,0.23397,0.25197,0.01,0.02,True,upright work rhythm,8.561308,0.279417,True
615,39,6,orchid_engine,Eli,10.5,awake,0.0,0.018,0.042,0.01,0.02,True,upright work rhythm,10.86522,0.307825,True
616,39,6,moss_ward,Ari,12.0,awake,0.0,0.249305,0.273305,0.0,0.01,True,upright work rhythm,6.370055,0.266433,True
617,39,6,glass_harbor,Oren,13.5,awake,0.0,0.256002,0.274002,0.0,0.01,True,upright work rhythm,7.570341,0.282942,True
618,39,6,cinder_garden,Vale,15.0,awake,0.0,0.297106,0.321106,0.0,0.01,True,upright work rhythm,10.209653,0.31365,True
619,39,6,lichen_bridge,Sol,16.5,awake,0.0,0.0,0.018,0.0,0.01,True,upright work rhythm,8.81538,0.305458,True
620,39,6,orchid_engine,Bea,18.0,awake,0.0,0.304585,0.328585,0.02,0.03,True,upright work rhythm,11.33272,0.333867,True
621,39,6,moss_ward,Fay,19.5,awake,0.0,0.305376,0.329376,0.02,0.03,True,upright work rhythm,6.743044,0.292475,True
622,39,6,glass_harbor,Puck,21.0,awake,0.0,0.310809,0.328809,0.02,0.03,True,upright work rhythm,7.942812,0.308983,True
623,39,6,cinder_garden,Wren,22.5,asleep,0.80752,0.036,0.0,0.02,0.0,True,"curled posture, low breath rhythm",10.428,0.339692,True
624,40,6,orchid_engine,Bea,0.0,asleep,0.80752,0.328585,0.272059,0.03,0.0,True,"curled posture, low breath rhythm",10.469544,0.3547,True
625,40,6,moss_ward,Fay,1.5,asleep,0.80752,0.329376,0.27285,0.03,0.0,True,"curled posture, low breath rhythm",5.879868,0.313308,True
626,40,6,glass_harbor,Puck,3.0,asleep,0.80752,0.328809,0.272283,0.03,0.0,True,"curled posture, low breath rhythm",7.079636,0.329817,True
627,40,6,cinder_garden,Wren,4.5,asleep,0.813,0.0,0.0,0.0,0.0,True,"curled posture, low breath rhythm",9.588,0.360525,True
628,40,6,lichen_bridge,Kio,6.0,awake,0.0,0.298185,0.322185,0.01,0.02,True,upright work rhythm,8.450096,0.352333,True
629,40,6,orchid_engine,Cai,7.5,awake,0.0,0.209546,0.227546,0.01,0.02,True,upright work rhythm,10.801294,0.380742,True
630,40,6,moss_ward,Milo,9.0,awake,0.0,0.209154,0.227154,0.01,0.02,True,upright work rhythm,6.211133,0.33935,True
631,40,6,glass_harbor,Sera,10.5,awake,0.0,0.018,0.036,0.01,0.02,True,upright work rhythm,7.33276,0.355858,True
632,40,6,cinder_garden,Juno,12.0,awake,0.0,0.255106,0.273106,0.0,0.01,True,upright work rhythm,10.049973,0.386567,True
633,40,6,lichen_bridge,Luma,13.5,awake,0.0,0.250145,0.274145,0.0,0.01,True,upright work rhythm,8.780399,0.378375,True
634,40,6,orchid_engine,Dax,15.0,awake,0.0,0.207305,0.225305,0.0,0.01,True,upright work rhythm,11.150375,0.406783,True
635,40,6,moss_ward,Tala,16.5,awake,0.0,0.0,0.018,0.0,0.01,True,upright work rhythm,6.47538,0.365392,True
636,40,6,glass_harbor,Nia,18.0,awake,0.0,0.210631,0.228631,0.02,0.03,True,upright work rhythm,7.761739,0.3819,True
637,40,6,cinder_garden,Pax,19.5,awake,0.0,0.307384,0.325384,0.02,0.03,True,upright work rhythm,10.421408,0.412608,True
638,40,6,lichen_bridge,Rin,21.0,awake,0.0,0.25197,0.27597,0.02,0.03,True,upright work rhythm,9.131148,0.404417,True
639,40,6,orchid_engine,Eli,22.5,asleep,0.80752,0.042,0.0,0.02,0.0,True,"curled posture, low breath rhythm",11.408,0.432825,True
640,41,6,glass_harbor,Nia,0.0,asleep,0.80752,0.228631,0.172105,0.03,0.0,True,"curled posture, low breath rhythm",6.898563,0.402733,True
641,41,6,cinder_garden,Pax,1.5,asleep,0.80752,0.325384,0.268858,0.03,0.0,True,"curled posture, low breath rhythm",9.558232,0.433442,True
642,41,6,lichen_bridge,Rin,3.0,asleep,0.80752,0.27597,0.219444,0.03,0.0,True,"curled posture, low breath rhythm",8.267972,0.42525,True
643,41,6,orchid_engine,Eli,4.5,asleep,0.813,0.0,0.0,0.0,0.0,True,"curled posture, low breath rhythm",10.568,0.453658,True
644,41,6,moss_ward,Ari,6.0,awake,0.0,0.273305,0.291305,0.01,0.02,True,upright work rhythm,6.097435,0.412267,True
645,41,6,glass_harbor,Oren,7.5,awake,0.0,0.274002,0.298002,0.01,0.02,True,upright work rhythm,7.300181,0.428775,True
646,41,6,cinder_garden,Vale,9.0,awake,0.0,0.321106,0.339106,0.01,0.02,True,upright work rhythm,9.937033,0.459483,True
647,41,6,lichen_bridge,Sol,10.5,awake,0.0,0.018,0.042,0.01,0.02,True,upright work rhythm,8.54522,0.451292,True
648,41,6,orchid_engine,Bea,12.0,awake,0.0,0.272059,0.290059,0.0,0.01,True,upright work rhythm,11.036924,0.4797,True
649,41,6,moss_ward,Fay,13.5,awake,0.0,0.27285,0.29085,0.0,0.01,True,upright work rhythm,6.447248,0.438308,True
650,41,6,glass_harbor,Puck,15.0,awake,0.0,0.272283,0.296283,0.0,0.01,True,upright work rhythm,7.649476,0.454817,True
651,41,6,cinder_garden,Wren,16.5,awake,0.0,0.0,0.018,0.0,0.01,True,upright work rhythm,10.15538,0.485525,True
652,41,6,lichen_bridge,Kio,18.0,awake,0.0,0.322185,0.346185,0.02,0.03,True,upright work rhythm,9.019936,0.477333,True
653,41,6,orchid_engine,Cai,19.5,awake,0.0,0.227546,0.245546,0.02,0.03,True,upright work rhythm,11.368674,0.505742,True
654,41,6,moss_ward,Milo,21.0,awake,0.0,0.227154,0.245154,0.02,0.03,True,upright work rhythm,6.778513,0.46435,True
655,41,6,glass_harbor,Sera,22.5,asleep,0.80752,0.036,0.0,0.02,0.0,True,"curled posture, low breath rhythm",7.878,0.480858,True
656,42,6,lichen_bridge,Kio,0.0,asleep,0.80752,0.346185,0.289659,0.03,0.0,True,"curled posture, low breath rhythm",8.15676,0.498167,True
657,42,6,orchid_engine,Cai,1.5,asleep,0.80752,0.245546,0.18902,0.03,0.0,True,"curled posture, low breath rhythm",10.505498,0.526575,True
658,42,6,moss_ward,Milo,3.0,asleep,0.80752,0.245154,0.188628,0.03,0.0,True,"curled posture, low breath rhythm",5.915337,0.485183,True
659,42,6,glass_harbor,Sera,4.5,asleep,0.813,0.0,0.0,0.0,0.0,True,"curled posture, low breath rhythm",7.038,0.501692,True
660,42,6,cinder_garden,Juno,6.0,awake,0.0,0.273106,0.297106,0.01,0.02,True,upright work rhythm,9.779813,0.5324,True
661,42,6,lichen_bridge,Luma,7.5,awake,0.0,0.274145,0.292145,0.01,0.02,True,upright work rhythm,8.507779,0.524208,True
662,42,6,orchid_engine,Dax,9.0,awake,0.0,0.225305,0.243305,0.01,0.02,True,upright work rhythm,10.877755,0.552617,True
663,42,6,moss_ward,Tala,10.5,awake,0.0,0.018,0.036,0.01,0.02,True,upright work rhythm,6.20276,0.511225,True
664,42,6,glass_harbor,Nia,12.0,awake,0.0,0.172105,0.190105,0.0,0.01,True,upright work rhythm,7.465943,0.527733,True
665,42,6,cinder_garden,Pax,13.5,awake,0.0,0.268858,0.292858,0.0,0.01,True,upright work rhythm,10.128072,0.558442,True
666,42,6,lichen_bridge,Rin,15.0,awake,0.0,0.219444,0.237444,0.0,0.01,True,upright work rhythm,8.835352,0.55025,True
667,42,6,orchid_engine,Eli,16.5,awake,0.0,0.0,0.018,0.0,0.01,True,upright work rhythm,11.13538,0.578658,True
668,42,6,moss_ward,Ari,18.0,awake,0.0,0.291305,0.309305,0.02,0.03,True,upright work rhythm,6.664815,0.537267,True
669,42,6,glass_harbor,Oren,19.5,awake,0.0,0.298002,0.316002,0.02,0.03,True,upright work rhythm,7.867561,0.553775,True
670,42,6,cinder_garden,Vale,21.0,awake,0.0,0.339106,0.363106,0.02,0.03,True,upright work rhythm,10.506873,0.584483,True
671,42,6,lichen_bridge,Sol,22.5,asleep,0.80752,0.042,0.0,0.02,0.0,True,"curled posture, low breath rhythm",9.088,0.576292,True
672,43,7,moss_ward,Ari,0.0,asleep,0.80752,0.309305,0.252778,0.03,0.0,True,"curled posture, low breath rhythm",5.814639,0.5591,True
673,43,7,glass_harbor,Oren,1.5,asleep,0.80752,0.316002,0.259476,0.03,0.0,True,"curled posture, low breath rhythm",7.017385,0.575608,True
674,43,7,cinder_garden,Vale,3.0,asleep,0.80752,0.363106,0.30658,0.03,0.0,True,"curled posture, low breath rhythm",9.656698,0.606317,True
675,43,7,lichen_bridge,Sol,4.5,asleep,0.813,0.0,0.0,0.0,0.0,True,"curled posture, low breath rhythm",8.261,0.598125,True
676,43,7,orchid_engine,Bea,6.0,awake,0.0,0.290059,0.308059,0.01,0.02,True,upright work rhythm,10.777304,0.626533,True
677,43,7,moss_ward,Fay,7.5,awake,0.0,0.29085,0.30885,0.01,0.02,True,upright work rhythm,6.187628,0.585142,True
678,43,7,glass_harbor,Puck,9.0,awake,0.0,0.296283,0.314283,0.01,0.02,True,upright work rhythm,7.389856,0.60165,True
679,43,7,cinder_garden,Wren,10.5,awake,0.0,0.018,0.036,0.01,0.02,True,upright work rhythm,9.89576,0.632358,True
680,43,7,lichen_bridge,Kio,12.0,awake,0.0,0.289659,0.307659,0.0,0.01,True,upright work rhythm,8.73714,0.624167,True
681,43,7,orchid_engine,Cai,13.5,awake,0.0,0.18902,0.20702,0.0,0.01,True,upright work rhythm,11.085878,0.652575,True
682,43,7,moss_ward,Milo,15.0,awake,0.0,0.188628,0.206628,0.0,0.01,True,upright work rhythm,6.495717,0.611183,True
683,43,7,glass_harbor,Sera,16.5,awake,0.0,0.0,0.018,0.0,0.01,True,upright work rhythm,7.61838,0.627692,True
684,43,7,cinder_garden,Juno,18.0,awake,0.0,0.297106,0.315106,0.02,0.03,True,upright work rhythm,10.360193,0.6584,True
685,43,7,lichen_bridge,Luma,19.5,awake,0.0,0.292145,0.310145,0.02,0.03,True,upright work rhythm,9.088159,0.650208,True
686,43,7,orchid_engine,Dax,21.0,awake,0.0,0.243305,0.261305,0.02,0.03,True,upright work rhythm,11.458135,0.678617,True
687,43,7,moss_ward,Tala,22.5,asleep,0.80752,0.036,0.0,0.02,0.0,True,"curled posture, low breath rhythm",6.761,0.637225,True
688,44,7,cinder_garden,Juno,0.0,asleep,0.80752,0.315106,0.25858,0.03,0.0,True,"curled posture, low breath rhythm",9.497018,0.679233,True
689,44,7,lichen_bridge,Luma,1.5,asleep,0.80752,0.310145,0.253618,0.03,0.0,True,"curled posture, low breath rhythm",8.224984,0.671042,True
690,44,7,orchid_engine,Dax,3.0,asleep,0.80752,0.261305,0.204778,0.03,0.0,True,"curled posture, low breath rhythm",10.594959,0.69945,True
691,44,7,moss_ward,Tala,4.5,asleep,0.813,0.0,0.0,0.0,0.0,True,"curled posture, low breath rhythm",5.921,0.658058,True
692,44,7,glass_harbor,Nia,6.0,awake,0.0,0.190105,0.208105,0.01,0.02,True,upright work rhythm,7.206323,0.674567,True
693,44,7,cinder_garden,Pax,7.5,awake,0.0,0.292858,0.316858,0.01,0.02,True,upright work rhythm,9.870912,0.705275,True
694,44,7,lichen_bridge,Rin,9.0,awake,0.0,0.237444,0.255444,0.01,0.02,True,upright work rhythm,8.575732,0.697083,True
695,44,7,orchid_engine,Eli,10.5,awake,0.0,0.018,0.042,0.01,0.02,True,upright work rhythm,10.87822,0.725492,True
696,44,7,moss_ward,Ari,12.0,awake,0.0,0.252778,0.276778,0.0,0.01,True,upright work rhythm,6.384479,0.6841,True
697,44,7,glass_harbor,Oren,13.5,awake,0.0,0.259476,0.277476,0.0,0.01,True,upright work rhythm,7.584765,0.700608,True
698,44,7,cinder_garden,Vale,15.0,awake,0.0,0.30658,0.33058,0.0,0.01,True,upright work rhythm,10.226538,0.731317,True
699,44,7,lichen_bridge,Sol,16.5,awake,0.0,0.0,0.018,0.0,0.01,True,upright work rhythm,8.82838,0.723125,True
700,44,7,orchid_engine,Bea,18.0,awake,0.0,0.308059,0.332059,0.02,0.03,True,upright work rhythm,11.347144,0.751533,True
701,44,7,moss_ward,Fay,19.5,awake,0.0,0.30885,0.33285,0.02,0.03,True,upright work rhythm,6.757468,0.710142,True
702,44,7,glass_harbor,Puck,21.0,awake,0.0,0.314283,0.332283,0.02,0.03,True,upright work rhythm,7.957236,0.72665,True
703,44,7,cinder_garden,Wren,22.5,asleep,0.80752,0.036,0.0,0.02,0.0,True,"curled posture, low breath rhythm",10.441,0.757358,True
704,45,7,orchid_engine,Bea,0.0,asleep,0.80752,0.332059,0.275532,0.03,0.0,True,"curled posture, low breath rhythm",10.483968,0.772367,True
705,45,7,moss_ward,Fay,1.5,asleep,0.80752,0.33285,0.276323,0.03,0.0,True,"curled posture, low breath rhythm",5.894293,0.730975,True
706,45,7,glass_harbor,Puck,3.0,asleep,0.80752,0.332283,0.275756,0.03,0.0,True,"curled posture, low breath rhythm",7.09406,0.747483,True
707,45,7,cinder_garden,Wren,4.5,asleep,0.813,0.0,0.0,0.0,0.0,True,"curled posture, low breath rhythm",9.601,0.778192,True
708,45,7,lichen_bridge,Kio,6.0,awake,0.0,0.307659,0.331659,0.01,0.02,True,upright work rhythm,8.46698,0.77,True
709,45,7,orchid_engine,Cai,7.5,awake,0.0,0.20702,0.22502,0.01,0.02,True,upright work rhythm,10.813258,0.798408,True
710,45,7,moss_ward,Milo,9.0,awake,0.0,0.206628,0.224628,0.01,0.02,True,upright work rhythm,6.223097,0.757017,True
711,45,7,glass_harbor,Sera,10.5,awake,0.0,0.018,0.036,0.01,0.02,True,upright work rhythm,7.34576,0.773525,True
712,45,7,cinder_garden,Juno,12.0,awake,0.0,0.25858,0.27658,0.0,0.01,True,upright work rhythm,10.064398,0.804233,True
713,45,7,lichen_bridge,Luma,13.5,awake,0.0,0.253618,0.277618,0.0,0.01,True,upright work rhythm,8.794824,0.796042,True
714,45,7,orchid_engine,Dax,15.0,awake,0.0,0.204778,0.222778,0.0,0.01,True,upright work rhythm,11.162339,0.82445,True
715,45,7,moss_ward,Tala,16.5,awake,0.0,0.0,0.018,0.0,0.01,True,upright work rhythm,6.48838,0.783058,True
716,45,7,glass_harbor,Nia,18.0,awake,0.0,0.208105,0.226105,0.02,0.03,True,upright work rhythm,7.773703,0.799567,True
717,45,7,cinder_garden,Pax,19.5,awake,0.0,0.316858,0.334858,0.02,0.03,True,upright work rhythm,10.438292,0.830275,True
718,45,7,lichen_bridge,Rin,21.0,awake,0.0,0.255444,0.279444,0.02,0.03,True,upright work rhythm,9.145572,0.822083,True
719,45,7,orchid_engine,Eli,22.5,asleep,0.80752,0.042,0.0,0.02,0.0,True,"curled posture, low breath rhythm",11.421,0.850492,True
720,46,7,glass_harbor,Nia,0.0,asleep,0.80752,0.226105,0.169578,0.03,0.0,True,"curled posture, low breath rhythm",6.910527,0.8204,True
721,46,7,cinder_garden,Pax,1.5,asleep,0.80752,0.334858,0.278332,0.03,0.0,True,"curled posture, low breath rhythm",9.575116,0.851108,True
722,46,7,lichen_bridge,Rin,3.0,asleep,0.80752,0.279444,0.222918,0.03,0.0,True,"curled posture, low breath rhythm",8.282396,0.842917,True
723,46,7,orchid_engine,Eli,4.5,asleep,0.813,0.0,0.0,0.0,0.0,True,"curled posture, low breath rhythm",10.581,0.871325,True
724,46,7,moss_ward,Ari,6.0,awake,0.0,0.276778,0.294778,0.01,0.02,True,upright work rhythm,6.111859,0.829933,True
725,46,7,glass_harbor,Oren,7.5,awake,0.0,0.277476,0.301476,0.01,0.02,True,upright work rhythm,7.314605,0.846442,True
726,46,7,cinder_garden,Vale,9.0,awake,0.0,0.33058,0.34858,0.01,0.02,True,upright work rhythm,9.953918,0.87715,True
727,46,7,lichen_bridge,Sol,10.5,awake,0.0,0.018,0.042,0.01,0.02,True,upright work rhythm,8.55822,0.868958,True
728,46,7,orchid_engine,Bea,12.0,awake,0.0,0.275532,0.293532,0.0,0.01,True,upright work rhythm,11.051348,0.897367,True
729,46,7,moss_ward,Fay,13.5,awake,0.0,0.276323,0.294323,0.0,0.01,True,upright work rhythm,6.461673,0.855975,True
730,46,7,glass_harbor,Puck,15.0,awake,0.0,0.275756,0.299756,0.0,0.01,True,upright work rhythm,7.6639,0.872483,True
731,46,7,cinder_garden,Wren,16.5,awake,0.0,0.0,0.018,0.0,0.01,True,upright work rhythm,10.16838,0.903192,True
732,46,7,lichen_bridge,Kio,18.0,awake,0.0,0.331659,0.355659,0.02,0.03,True,upright work rhythm,9.03682,0.895,True
733,46,7,orchid_engine,Cai,19.5,awake,0.0,0.22502,0.24302,0.02,0.03,True,upright work rhythm,11.380638,0.923408,True
734,46,7,moss_ward,Milo,21.0,awake,0.0,0.224628,0.242628,0.02,0.03,True,upright work rhythm,6.790477,0.882017,True
735,46,7,glass_harbor,Sera,22.5,asleep,0.80752,0.036,0.0,0.02,0.0,True,"curled posture, low breath rhythm",7.891,0.898525,True
736,47,7,lichen_bridge,Kio,0.0,asleep,0.80752,0.355659,0.299133,0.03,0.0,True,"curled posture, low breath rhythm",8.173644,0.915833,True
737,47,7,orchid_engine,Cai,1.5,asleep,0.80752,0.24302,0.186493,0.03,0.0,True,"curled posture, low breath rhythm",10.517462,0.944242,True
738,47,7,moss_ward,Milo,3.0,asleep,0.80752,0.242628,0.186101,0.03,0.0,True,"curled posture, low breath rhythm",5.927302,0.90285,True
739,47,7,glass_harbor,Sera,4.5,asleep,0.813,0.0,0.0,0.0,0.0,True,"curled posture, low breath rhythm",7.051,0.919358,True
740,47,7,cinder_garden,Juno,6.0,awake,0.0,0.27658,0.30058,0.01,0.02,True,upright work rhythm,9.794238,0.950067,True
741,47,7,lichen_bridge,Luma,7.5,awake,0.0,0.277618,0.295618,0.01,0.02,True,upright work rhythm,8.522204,0.941875,True
742,47,7,orchid_engine,Dax,9.0,awake,0.0,0.222778,0.240778,0.01,0.02,True,upright work rhythm,10.889719,0.970283,True
743,47,7,moss_ward,Tala,10.5,awake,0.0,0.018,0.036,0.01,0.02,True,upright work rhythm,6.21576,0.928892,True
744,47,7,glass_harbor,Nia,12.0,awake,0.0,0.169578,0.187578,0.0,0.01,True,upright work rhythm,7.477907,0.9454,True
745,47,7,cinder_garden,Pax,13.5,awake,0.0,0.278332,0.302332,0.0,0.01,True,upright work rhythm,10.144956,0.976108,True
746,47,7,lichen_bridge,Rin,15.0,awake,0.0,0.222918,0.240918,0.0,0.01,True,upright work rhythm,8.849776,0.967917,True
747,47,7,orchid_engine,Eli,16.5,awake,0.0,0.0,0.018,0.0,0.01,True,upright work rhythm,11.14838,0.996325,True
748,47,7,moss_ward,Ari,18.0,awake,0.0,0.294778,0.312778,0.02,0.03,True,upright work rhythm,6.679239,0.954933,True
749,47,7,glass_harbor,Oren,19.5,awake,0.0,0.301476,0.319476,0.02,0.03,True,upright work rhythm,7.881985,0.971442,True
750,47,7,cinder_garden,Vale,21.0,awake,0.0,0.34858,0.37258,0.02,0.03,True,upright work rhythm,10.523758,0.00215,True
751,47,7,lichen_bridge,Sol,22.5,asleep,0.80752,0.042,0.0,0.02,0.0,True,"curled posture, low breath rhythm",9.101,0.993958,True
752,48,7,moss_ward,Ari,0.0,asleep,0.80752,0.312778,0.256252,0.03,0.0,True,"curled posture, low breath rhythm",5.816063,0.975767,True
753,48,7,glass_harbor,Oren,1.5,asleep,0.80752,0.319476,0.262949,0.03,0.0,True,"curled posture, low breath rhythm",7.018809,0.992275,True
754,48,7,cinder_garden,Vale,3.0,asleep,0.80752,0.37258,0.316053,0.03,0.0,True,"curled posture, low breath rhythm",9.660582,0.022983,True
755,48,7,lichen_bridge,Sol,4.5,asleep,0.813,0.0,0.0,0.0,0.0,True,"curled posture, low breath rhythm",8.261,0.014792,True
756,48,7,orchid_engine,Bea,6.0,awake,0.0,0.293532,0.311532,0.01,0.02,True,upright work rhythm,10.778728,0.0432,True
757,48,7,moss_ward,Fay,7.5,awake,0.0,0.294323,0.312323,0.01,0.02,True,upright work rhythm,6.189053,0.001808,True
758,48,7,glass_harbor,Puck,9.0,awake,0.0,0.299756,0.317756,0.01,0.02,True,upright work rhythm,7.39128,0.018317,True
759,48,7,cinder_garden,Wren,10.5,awake,0.0,0.018,0.036,0.01,0.02,True,upright work rhythm,9.89576,0.049025,True
760,48,7,lichen_bridge,Kio,12.0,awake,0.0,0.299133,0.317133,0.0,0.01,True,upright work rhythm,8.741024,0.040833,True
761,48,7,orchid_engine,Cai,13.5,awake,0.0,0.186493,0.204493,0.0,0.01,True,upright work rhythm,11.084842,0.069242,True
762,48,7,moss_ward,Milo,15.0,awake,0.0,0.186101,0.204101,0.0,0.01,True,upright work rhythm,6.494682,0.02785,True
763,48,7,glass_harbor,Sera,16.5,awake,0.0,0.0,0.018,0.0,0.01,True,upright work rhythm,7.61838,0.044358,True
764,48,7,cinder_garden,Juno,18.0,awake,0.0,0.30058,0.31858,0.02,0.03,True,upright work rhythm,10.361618,0.075067,True
765,48,7,lichen_bridge,Luma,19.5,awake,0.0,0.295618,0.313618,0.02,0.03,True,upright work rhythm,9.089584,0.066875,True
766,48,7,orchid_engine,Dax,21.0,awake,0.0,0.240778,0.258778,0.02,0.03,True,upright work rhythm,11.457099,0.095283,True
767,48,7,moss_ward,Tala,22.5,asleep,0.80752,0.036,0.0,0.02,0.0,True,"curled posture, low breath rhythm",6.761,0.053892,True
768,49,7,cinder_garden,Juno,0.0,asleep,0.80752,0.31858,0.262053,0.03,0.0,True,"curled posture, low breath rhythm",9.498442,0.0959,True
769,49,7,lichen_bridge,Luma,1.5,asleep,0.80752,0.313618,0.257092,0.03,0.0,True,"curled posture, low breath rhythm",8.226408,0.087708,True
770,49,7,orchid_engine,Dax,3.0,asleep,0.80752,0.258778,0.202252,0.03,0.0,True,"curled posture, low breath rhythm",10.593923,0.116117,True
771,49,7,moss_ward,Tala,4.5,asleep,0.813,0.0,0.0,0.0,0.0,True,"curled posture, low breath rhythm",5.921,0.074725,True
772,49,7,glass_harbor,Nia,6.0,awake,0.0,0.187578,0.205578,0.01,0.02,True,upright work rhythm,7.205287,0.091233,True
773,49,7,cinder_garden,Pax,7.5,awake,0.0,0.302332,0.326332,0.01,0.02,True,upright work rhythm,9.874796,0.121942,True
774,49,7,lichen_bridge,Rin,9.0,awake,0.0,0.240918,0.258918,0.01,0.02,True,upright work rhythm,8.577156,0.11375,True
775,49,7,orchid_engine,Eli,10.5,awake,0.0,0.018,0.042,0.01,0.02,True,upright work rhythm,10.87822,0.142158,True
776,49,7,moss_ward,Ari,12.0,awake,0.0,0.256252,0.280252,0.0,0.01,True,upright work rhythm,6.385903,0.100767,True
777,49,7,glass_harbor,Oren,13.5,awake,0.0,0.262949,0.280949,0.0,0.01,True,upright work rhythm,7.586189,0.117275,True
778,49,7,cinder_garden,Vale,15.0,awake,0.0,0.316053,0.340053,0.0,0.01,True,upright work rhythm,10.230422,0.147983,True
779,49,7,lichen_bridge,Sol,16.5,awake,0.0,0.0,0.018,0.0,0.01,True,upright work rhythm,8.82838,0.139792,True
780,49,7,orchid_engine,Bea,18.0,awake,0.0,0.311532,0.335532,0.02,0.03,True,upright work rhythm,11.348568,0.1682,True
781,49,7,moss_ward,Fay,19.5,awake,0.0,0.312323,0.336323,0.02,0.03,True,upright work rhythm,6.758893,0.126808,True
782,49,7,glass_harbor,Puck,21.0,awake,0.0,0.317756,0.335756,0.02,0.03,True,upright work rhythm,7.95866,0.143317,True
783,49,7,cinder_garden,Wren,22.5,asleep,0.80752,0.036,0.0,0.02,0.0,True,"curled posture, low breath rhythm",10.441,0.174025,True
784,50,8,orchid_engine,Bea,0.0,asleep,0.80752,0.335532,0.279006,0.03,0.0,True,"curled posture, low breath rhythm",10.498392,0.190033,True
785,50,8,moss_ward,Fay,1.5,asleep,0.80752,0.336323,0.279797,0.03,0.0,True,"curled posture, low breath rhythm",5.908717,0.148642,True
786,50,8,glass_harbor,Puck,3.0,asleep,0.80752,0.335756,0.27923,0.03,0.0,True,"curled posture, low breath rhythm",7.108484,0.16515,True
787,50,8,cinder_garden,Wren,4.5,asleep,0.813,0.0,0.0,0.0,0.0,True,"curled posture, low breath rhythm",9.614,0.195858,True
788,50,8,lichen_bridge,Kio,6.0,awake,0.0,0.317133,0.341133,0.01,0.02,True,upright work rhythm,8.483864,0.187667,True
789,50,8,orchid_engine,Cai,7.5,awake,0.0,0.204493,0.222493,0.01,0.02,True,upright work rhythm,10.825222,0.216075,True
790,50,8,moss_ward,Milo,9.0,awake,0.0,0.204101,0.222101,0.01,0.02,True,upright work rhythm,6.235062,0.174683,True
791,50,8,glass_harbor,Sera,10.5,awake,0.0,0.018,0.036,0.01,0.02,True,upright work rhythm,7.35876,0.191192,True
792,50,8,cinder_garden,Juno,12.0,awake,0.0,0.262053,0.280053,0.0,0.01,True,upright work rhythm,10.078822,0.2219,True
793,50,8,lichen_bridge,Luma,13.5,awake,0.0,0.257092,0.281092,0.0,0.01,True,upright work rhythm,8.809248,0.213708,True
794,50,8,orchid_engine,Dax,15.0,awake,0.0,0.202252,0.220252,0.0,0.01,True,upright work rhythm,11.174303,0.242117,True
795,50,8,moss_ward,Tala,16.5,awake,0.0,0.0,0.018,0.0,0.01,True,upright work rhythm,6.50138,0.200725,True
796,50,8,glass_harbor,Nia,18.0,awake,0.0,0.205578,0.223578,0.02,0.03,True,upright work rhythm,7.785667,0.217233,True
797,50,8,cinder_garden,Pax,19.5,awake,0.0,0.326332,0.344332,0.02,0.03,True,upright work rhythm,10.455176,0.247942,True
798,50,8,lichen_bridge,Rin,21.0,awake,0.0,0.258918,0.282918,0.02,0.03,True,upright work rhythm,9.159996,0.23975,True
799,50,8,orchid_engine,Eli,22.5,asleep,0.80752,0.042,0.0,0.02,0.0,True,"curled posture, low breath rhythm",11.434,0.268158,True
800,51,8,glass_harbor,Nia,0.0,asleep,0.80752,0.223578,0.167052,0.03,0.0,True,"curled posture, low breath rhythm",6.922491,0.238067,True
801,51,8,cinder_garden,Pax,1.5,asleep,0.80752,0.344332,0.287805,0.03,0.0,True,"curled posture, low breath rhythm",9.592,0.268775,True
802,51,8,lichen_bridge,Rin,3.0,asleep,0.80752,0.282918,0.226391,0.03,0.0,True,"curled posture, low breath rhythm",8.29682,0.260583,True
803,51,8,orchid_engine,Eli,4.5,asleep,0.813,0.0,0.0,0.0,0.0,True,"curled posture, low breath rhythm",10.594,0.288992,True
804,51,8,moss_ward,Ari,6.0,awake,0.0,0.280252,0.298252,0.01,0.02,True,upright work rhythm,6.126283,0.2476,True
805,51,8,glass_harbor,Oren,7.5,awake,0.0,0.280949,0.304949,0.01,0.02,True,upright work rhythm,7.329029,0.264108,True
806,51,8,cinder_garden,Vale,9.0,awake,0.0,0.340053,0.358053,0.01,0.02,True,upright work rhythm,9.970802,0.294817,True
807,51,8,lichen_bridge,Sol,10.5,awake,0.0,0.018,0.042,0.01,0.02,True,upright work rhythm,8.57122,0.286625,True
808,51,8,orchid_engine,Bea,12.0,awake,0.0,0.279006,0.297006,0.0,0.01,True,upright work rhythm,11.065772,0.315033,True
809,51,8,moss_ward,Fay,13.5,awake,0.0,0.279797,0.297797,0.0,0.01,True,upright work rhythm,6.476097,0.273642,True
810,51,8,glass_harbor,Puck,15.0,awake,0.0,0.27923,0.30323,0.0,0.01,True,upright work rhythm,7.678324,0.29015,True
811,51,8,cinder_garden,Wren,16.5,awake,0.0,0.0,0.018,0.0,0.01,True,upright work rhythm,10.18138,0.320858,True
812,51,8,lichen_bridge,Kio,18.0,awake,0.0,0.341133,0.365133,0.02,0.03,True,upright work rhythm,9.053704,0.312667,True
813,51,8,orchid_engine,Cai,19.5,awake,0.0,0.222493,0.240493,0.02,0.03,True,upright work rhythm,11.392602,0.341075,True
814,51,8,moss_ward,Milo,21.0,awake,0.0,0.222101,0.240101,0.02,0.03,True,upright work rhythm,6.802442,0.299683,True
815,51,8,glass_harbor,Sera,22.5,asleep,0.80752,0.036,0.0,0.02,0.0,True,"curled posture, low breath rhythm",7.904,0.316192,True
816,52,8,lichen_bridge,Kio,0.0,asleep,0.80752,0.365133,0.308606,0.03,0.0,True,"curled posture, low breath rhythm",8.190529,0.3335,True
817,52,8,orchid_engine,Cai,1.5,asleep,0.80752,0.240493,0.183967,0.03,0.0,True,"curled posture, low breath rhythm",10.529426,0.361908,True
818,52,8,moss_ward,Milo,3.0,asleep,0.80752,0.240101,0.183575,0.03,0.0,True,"curled posture, low breath rhythm",5.939266,0.320517,True
819,52,8,glass_harbor,Sera,4.5,asleep,0.813,0.0,0.0,0.0,0.0,True,"curled posture, low breath rhythm",7.064,0.337025,True
820,52,8,cinder_garden,Juno,6.0,awake,0.0,0.280053,0.304053,0.01,0.02,True,upright work rhythm,9.808662,0.367733,True
821,52,8,lichen_bridge,Luma,7.5,awake,0.0,0.281092,0.299092,0.01,0.02,True,upright work rhythm,8.536628,0.359542,True
822,52,8,orchid_engine,Dax,9.0,awake,0.0,0.220252,0.238252,0.01,0.02,True,upright work rhythm,10.901683,0.38795,True
823,52,8,moss_ward,Tala,10.5,awake,0.0,0.018,0.036,0.01,0.02,True,upright work rhythm,6.22876,0.346558,True
824,52,8,glass_harbor,Nia,12.0,awake,0.0,0.167052,0.185052,0.0,0.01,True,upright work rhythm,7.489871,0.363067,True
825,52,8,cinder_garden,Pax,13.5,awake,0.0,0.287805,0.311805,0.0,0.01,True,upright work rhythm,10.16184,0.393775,True
826,52,8,lichen_bridge,Rin,15.0,awake,0.0,0.226391,0.244391,0.0,0.01,True,upright work rhythm,8.8642,0.385583,True
827,52,8,orchid_engine,Eli,16.5,awake,0.0,0.0,0.018,0.0,0.01,True,upright work rhythm,11.16138,0.413992,True
828,52,8,moss_ward,Ari,18.0,awake,0.0,0.298252,0.316252,0.02,0.03,True,upright work rhythm,6.693663,0.3726,True
829,52,8,glass_harbor,Oren,19.5,awake,0.0,0.304949,0.322949,0.02,0.03,True,upright work rhythm,7.896409,0.389108,True
830,52,8,cinder_garden,Vale,21.0,awake,0.0,0.358053,0.382053,0.02,0.03,True,upright work rhythm,10.540642,0.419817,True
831,52,8,lichen_bridge,Sol,22.5,asleep,0.80752,0.042,0.0,0.02,0.0,True,"curled posture, low breath rhythm",9.114,0.411625,True
832,53,8,moss_ward,Ari,0.0,asleep,0.80752,0.316252,0.259726,0.03,0.0,True,"curled posture, low breath rhythm",5.830487,0.393433,True
833,53,8,glass_harbor,Oren,1.5,asleep,0.80752,0.322949,0.266423,0.03,0.0,True,"curled posture, low breath rhythm",7.033233,0.409942,True
834,53,8,cinder_garden,Vale,3.0,asleep,0.80752,0.382053,0.325527,0.03,0.0,True,"curled posture, low breath rhythm",9.677466,0.44065,True
835,53,8,lichen_bridge,Sol,4.5,asleep,0.813,0.0,0.0,0.0,0.0,True,"curled posture, low breath rhythm",8.274,0.432458,True
836,53,8,orchid_engine,Bea,6.0,awake,0.0,0.297006,0.315006,0.01,0.02,True,upright work rhythm,10.793152,0.460867,True
837,53,8,moss_ward,Fay,7.5,awake,0.0,0.297797,0.315797,0.01,0.02,True,upright work rhythm,6.203477,0.419475,True
838,53,8,glass_harbor,Puck,9.0,awake,0.0,0.30323,0.32123,0.01,0.02,True,upright work rhythm,7.405704,0.435983,True
839,53,8,cinder_garden,Wren,10.5,awake,0.0,0.018,0.036,0.01,0.02,True,upright work rhythm,9.90876,0.466692,True
840,53,8,lichen_bridge,Kio,12.0,awake,0.0,0.308606,0.326606,0.0,0.01,True,upright work rhythm,8.757909,0.4585,True
841,53,8,orchid_engine,Cai,13.5,awake,0.0,0.183967,0.201967,0.0,0.01,True,upright work rhythm,11.096806,0.486908,True
842,53,8,moss_ward,Milo,15.0,awake,0.0,0.183575,0.201575,0.0,0.01,True,upright work rhythm,6.506646,0.445517,True
843,53,8,glass_harbor,Sera,16.5,awake,0.0,0.0,0.018,0.0,0.01,True,upright work rhythm,7.63138,0.462025,True
844,53,8,cinder_garden,Juno,18.0,awake,0.0,0.304053,0.322053,0.02,0.03,True,upright work rhythm,10.376042,0.492733,True
845,53,8,lichen_bridge,Luma,19.5,awake,0.0,0.299092,0.317092,0.02,0.03,True,upright work rhythm,9.104008,0.484542,True
846,53,8,orchid_engine,Dax,21.0,awake,0.0,0.238252,0.256252,0.02,0.03,True,upright work rhythm,11.469063,0.51295,True
847,53,8,moss_ward,Tala,22.5,asleep,0.80752,0.036,0.0,0.02,0.0,True,"curled posture, low breath rhythm",6.774,0.471558,True
848,54,8,cinder_garden,Juno,0.0,asleep,0.80752,0.322053,0.265527,0.03,0.0,True,"curled posture, low breath rhythm",9.512866,0.513567,True
849,54,8,lichen_bridge,Luma,1.5,asleep,0.80752,0.317092,0.260566,0.03,0.0,True,"curled posture, low breath rhythm",8.240832,0.505375,True
850,54,8,orchid_engine,Dax,3.0,asleep,0.80752,0.256252,0.199726,0.03,0.0,True,"curled posture, low breath rhythm",10.605887,0.533783,True
851,54,8,moss_ward,Tala,4.5,asleep,0.813,0.0,0.0,0.0,0.0,True,"curled posture, low breath rhythm",5.934,0.492392,True
852,54,8,glass_harbor,Nia,6.0,awake,0.0,0.185052,0.203052,0.01,0.02,True,upright work rhythm,7.217251,0.5089,True
853,54,8,cinder_garden,Pax,7.5,awake,0.0,0.311805,0.335805,0.01,0.02,True,upright work rhythm,9.89168,0.539608,True
854,54,8,lichen_bridge,Rin,9.0,awake,0.0,0.244391,0.262391,0.01,0.02,True,upright work rhythm,8.59158,0.531417,True
855,54,8,orchid_engine,Eli,10.5,awake,0.0,0.018,0.042,0.01,0.02,True,upright work rhythm,10.89122,0.559825,True
856,54,8,moss_ward,Ari,12.0,awake,0.0,0.259726,0.283726,0.0,0.01,True,upright work rhythm,6.400327,0.518433,True
857,54,8,glass_harbor,Oren,13.5,awake,0.0,0.266423,0.284423,0.0,0.01,True,upright work rhythm,7.600613,0.534942,True
858,54,8,cinder_garden,Vale,15.0,awake,0.0,0.325527,0.349527,0.0,0.01,True,upright work rhythm,10.247306,0.56565,True
859,54,8,lichen_bridge,Sol,16.5,awake,0.0,0.0,0.018,0.0,0.01,True,upright work rhythm,8.84138,0.557458,True
860,54,8,orchid_engine,Bea,18.0,awake,0.0,0.315006,0.339006,0.02,0.03,True,upright work rhythm,11.362992,0.585867,True
861,54,8,moss_ward,Fay,19.5,awake,0.0,0.315797,0.339797,0.02,0.03,True,upright work rhythm,6.773317,0.544475,True
862,54,8,glass_harbor,Puck,21.0,awake,0.0,0.32123,0.33923,0.02,0.03,True,upright work rhythm,7.973084,0.560983,True
863,54,8,cinder_garden,Wren,22.5,asleep,0.80752,0.036,0.0,0.02,0.0,True,"curled posture, low breath rhythm",10.454,0.591692,True
864,55,8,orchid_engine,Bea,0.0,asleep,0.80752,0.339006,0.28248,0.03,0.0,True,"curled posture, low breath rhythm",10.499817,0.6067,True
865,55,8,moss_ward,Fay,1.5,asleep,0.80752,0.339797,0.283271,0.03,0.0,True,"curled posture, low breath rhythm",5.910141,0.565308,True
866,55,8,glass_harbor,Puck,3.0,asleep,0.80752,0.33923,0.282704,0.03,0.0,True,"curled posture, low breath rhythm",7.109908,0.581817,True
867,55,8,cinder_garden,Wren,4.5,asleep,0.813,0.0,0.0,0.0,0.0,True,"curled posture, low breath rhythm",9.614,0.612525,True
868,55,8,lichen_bridge,Kio,6.0,awake,0.0,0.326606,0.350606,0.01,0.02,True,upright work rhythm,8.487749,0.604333,True
869,55,8,orchid_engine,Cai,7.5,awake,0.0,0.201967,0.219967,0.01,0.02,True,upright work rhythm,10.824186,0.632742,True
870,55,8,moss_ward,Milo,9.0,awake,0.0,0.201575,0.219575,0.01,0.02,True,upright work rhythm,6.234026,0.59135,True
871,55,8,glass_harbor,Sera,10.5,awake,0.0,0.018,0.036,0.01,0.02,True,upright work rhythm,7.35876,0.607858,True
872,55,8,cinder_garden,Juno,12.0,awake,0.0,0.265527,0.283527,0.0,0.01,True,upright work rhythm,10.080246,0.638567,True
873,55,8,lichen_bridge,Luma,13.5,awake,0.0,0.260566,0.284566,0.0,0.01,True,upright work rhythm,8.810672,0.630375,True
874,55,8,orchid_engine,Dax,15.0,awake,0.0,0.199726,0.217726,0.0,0.01,True,upright work rhythm,11.173267,0.658783,True
875,55,8,moss_ward,Tala,16.5,awake,0.0,0.0,0.018,0.0,0.01,True,upright work rhythm,6.50138,0.617392,True
876,55,8,glass_harbor,Nia,18.0,awake,0.0,0.203052,0.221052,0.02,0.03,True,upright work rhythm,7.784631,0.6339,True
877,55,8,cinder_garden,Pax,19.5,awake,0.0,0.335805,0.353805,0.02,0.03,True,upright work rhythm,10.45906,0.664608,True
878,55,8,lichen_bridge,Rin,21.0,awake,0.0,0.262391,0.286391,0.02,0.03,True,upright work rhythm,9.16142,0.656417,True
879,55,8,orchid_engine,Eli,22.5,asleep,0.80752,0.042,0.0,0.02,0.0,True,"curled posture, low breath rhythm",11.434,0.684825,True
880,56,8,glass_harbor,Nia,0.0,asleep,0.80752,0.221052,0.164526,0.03,0.0,True,"curled posture, low breath rhythm",6.921455,0.654733,True
881,56,8,cinder_garden,Pax,1.5,asleep,0.80752,0.353805,0.297279,0.03,0.0,True,"curled posture, low breath rhythm",9.595884,0.685442,True
882,56,8,lichen_bridge,Rin,3.0,asleep,0.80752,0.286391,0.229865,0.03,0.0,True,"curled posture, low breath rhythm",8.298245,0.67725,True
883,56,8,orchid_engine,Eli,4.5,asleep,0.813,0.0,0.0,0.0,0.0,True,"curled posture, low breath rhythm",10.594,0.705658,True
884,56,8,moss_ward,Ari,6.0,awake,0.0,0.283726,0.301726,0.01,0.02,True,upright work rhythm,6.127707,0.664267,True
885,56,8,glass_harbor,Oren,7.5,awake,0.0,0.284423,0.308423,0.01,0.02,True,upright work rhythm,7.330453,0.680775,True
886,56,8,cinder_garden,Vale,9.0,awake,0.0,0.349527,0.367527,0.01,0.02,True,upright work rhythm,9.974686,0.711483,True
887,56,8,lichen_bridge,Sol,10.5,awake,0.0,0.018,0.042,0.01,0.02,True,upright work rhythm,8.57122,0.703292,True
888,56,8,orchid_engine,Bea,12.0,awake,0.0,0.28248,0.30048,0.0,0.01,True,upright work rhythm,11.067197,0.7317,True
889,56,8,moss_ward,Fay,13.5,awake,0.0,0.283271,0.301271,0.0,0.01,True,upright work rhythm,6.477521,0.690308,True
890,56,8,glass_harbor,Puck,15.0,awake,0.0,0.282704,0.306704,0.0,0.01,True,upright work rhythm,7.679748,0.706817,True
891,56,8,cinder_garden,Wren,16.5,awake,0.0,0.0,0.018,0.0,0.01,True,upright work rhythm,10.18138,0.737525,True
892,56,8,lichen_bridge,Kio,18.0,awake,0.0,0.350606,0.374606,0.02,0.03,True,upright work rhythm,9.057589,0.729333,True
893,56,8,orchid_engine,Cai,19.5,awake,0.0,0.219967,0.237967,0.02,0.03,True,upright work rhythm,11.391566,0.757742,True
894,56,8,moss_ward,Milo,21.0,awake,0.0,0.219575,0.237575,0.02,0.03,True,upright work rhythm,6.801406,0.71635,True
895,56,8,glass_harbor,Sera,22.5,asleep,0.80752,0.036,0.0,0.02,0.0,True,"curled posture, low breath rhythm",7.904,0.732858,True
896,57,9,lichen_bridge,Kio,0.0,asleep,0.80752,0.374606,0.31808,0.03,0.0,True,"curled posture, low breath rhythm",8.207413,0.751167,True
897,57,9,orchid_engine,Cai,1.5,asleep,0.80752,0.237967,0.181441,0.03,0.0,True,"curled posture, low breath rhythm",10.541391,0.779575,True
898,57,9,moss_ward,Milo,3.0,asleep,0.80752,0.237575,0.181049,0.03,0.0,True,"curled posture, low breath rhythm",5.95123,0.738183,True
899,57,9,glass_harbor,Sera,4.5,asleep,0.813,0.0,0.0,0.0,0.0,True,"curled posture, low breath rhythm",7.077,0.754692,True
900,57,9,cinder_garden,Juno,6.0,awake,0.0,0.283527,0.307527,0.01,0.02,True,upright work rhythm,9.823086,0.7854,True
901,57,9,lichen_bridge,Luma,7.5,awake,0.0,0.284566,0.302566,0.01,0.02,True,upright work rhythm,8.551052,0.777208,True
902,57,9,orchid_engine,Dax,9.0,awake,0.0,0.217726,0.235726,0.01,0.02,True,upright work rhythm,10.913647,0.805617,True
903,57,9,moss_ward,Tala,10.5,awake,0.0,0.018,0.036,0.01,0.02,True,upright work rhythm,6.24176,0.764225,True
904,57,9,glass_harbor,Nia,12.0,awake,0.0,0.164526,0.182526,0.0,0.01,True,upright work rhythm,7.501835,0.780733,True
905,57,9,cinder_garden,Pax,13.5,awake,0.0,0.297279,0.321279,0.0,0.01,True,upright work rhythm,10.178724,0.811442,True
906,57,9,lichen_bridge,Rin,15.0,awake,0.0,0.229865,0.247865,0.0,0.01,True,upright work rhythm,8.878625,0.80325,True
907,57,9,orchid_engine,Eli,16.5,awake,0.0,0.0,0.018,0.0,0.01,True,upright work rhythm,11.17438,0.831658,True
908,57,9,moss_ward,Ari,18.0,awake,0.0,0.301726,0.319726,0.02,0.03,True,upright work rhythm,6.708087,0.790267,True
909,57,9,glass_harbor,Oren,19.5,awake,0.0,0.308423,0.326423,0.02,0.03,True,upright work rhythm,7.910833,0.806775,True
910,57,9,cinder_garden,Vale,21.0,awake,0.0,0.367527,0.391527,0.02,0.03,True,upright work rhythm,10.557526,0.837483,True
911,57,9,lichen_bridge,Sol,22.5,asleep,0.80752,0.042,0.0,0.02,0.0,True,"curled posture, low breath rhythm",9.127,0.829292,True
912,58,9,moss_ward,Ari,0.0,asleep,0.80752,0.319726,0.263199,0.03,0.0,True,"curled posture, low breath rhythm",5.844912,0.8111,True
913,58,9,glass_harbor,Oren,1.5,asleep,0.80752,0.326423,0.269896,0.03,0.0,True,"curled posture, low breath rhythm",7.047658,0.827608,True
914,58,9,cinder_garden,Vale,3.0,asleep,0.80752,0.391527,0.335,0.03,0.0,True,"curled posture, low breath rhythm",9.69435,0.858317,True
915,58,9,lichen_bridge,Sol,4.5,asleep,0.813,0.0,0.0,0.0,0.0,True,"curled posture, low breath rhythm",8.287,0.850125,True
916,58,9,orchid_engine,Bea,6.0,awake,0.0,0.30048,0.31848,0.01,0.02,True,upright work rhythm,10.807577,0.878533,True
917,58,9,moss_ward,Fay,7.5,awake,0.0,0.301271,0.319271,0.01,0.02,True,upright work rhythm,6.217901,0.837142,True
918,58,9,glass_harbor,Puck,9.0,awake,0.0,0.306704,0.324704,0.01,0.02,True,upright work rhythm,7.420128,0.85365,True
919,58,9,cinder_garden,Wren,10.5,awake,0.0,0.018,0.036,0.01,0.02,True,upright work rhythm,9.92176,0.884358,True
920,58,9,lichen_bridge,Kio,12.0,awake,0.0,0.31808,0.33608,0.0,0.01,True,upright work rhythm,8.774793,0.876167,True
921,58,9,orchid_engine,Cai,13.5,awake,0.0,0.181441,0.199441,0.0,0.01,True,upright work rhythm,11.108771,0.904575,True
922,58,9,moss_ward,Milo,15.0,awake,0.0,0.181049,0.199049,0.0,0.01,True,upright work rhythm,6.51861,0.863183,True
923,58,9,glass_harbor,Sera,16.5,awake,0.0,0.0,0.018,0.0,0.01,True,upright work rhythm,7.64438,0.879692,True
924,58,9,cinder_garden,Juno,18.0,awake,0.0,0.307527,0.325527,0.02,0.03,True,upright work rhythm,10.390466,0.9104,True
925,58,9,lichen_bridge,Luma,19.5,awake,0.0,0.302566,0.320566,0.02,0.03,True,upright work rhythm,9.118432,0.902208,True
926,58,9,orchid_engine,Dax,21.0,awake,0.0,0.235726,0.253726,0.02,0.03,True,upright work rhythm,11.481027,0.930617,True
927,58,9,moss_ward,Tala,22.5,asleep,0.80752,0.036,0.0,0.02,0.0,True,"curled posture, low breath rhythm",6.787,0.889225,True
928,59,9,cinder_garden,Juno,0.0,asleep,0.80752,0.325527,0.269,0.03,0.0,True,"curled posture, low breath rhythm",9.52729,0.931233,True
929,59,9,lichen_bridge,Luma,1.5,asleep,0.80752,0.320566,0.264039,0.03,0.0,True,"curled posture, low breath rhythm",8.255256,0.923042,True
930,59,9,orchid_engine,Dax,3.0,asleep,0.80752,0.253726,0.197199,0.03,0.0,True,"curled posture, low breath rhythm",10.617852,0.95145,True
931,59,9,moss_ward,Tala,4.5,asleep,0.813,0.0,0.0,0.0,0.0,True,"curled posture, low breath rhythm",5.947,0.910058,True
932,59,9,glass_harbor,Nia,6.0,awake,0.0,0.182526,0.200526,0.01,0.02,True,upright work rhythm,7.229215,0.926567,True
933,59,9,cinder_garden,Pax,7.5,awake,0.0,0.321279,0.345279,0.01,0.02,True,upright work rhythm,9.908564,0.957275,True
934,59,9,lichen_bridge,Rin,9.0,awake,0.0,0.247865,0.265865,0.01,0.02,True,upright work rhythm,8.606005,0.949083,True
935,59,9,orchid_engine,Eli,10.5,awake,0.0,0.018,0.042,0.01,0.02,True,upright work rhythm,10.90422,0.977492,True
936,59,9,moss_ward,Ari,12.0,awake,0.0,0.263199,0.287199,0.0,0.01,True,upright work rhythm,6.414752,0.9361,True
937,59,9,glass_harbor,Oren,13.5,awake,0.0,0.269896,0.287896,0.0,0.01,True,upright work rhythm,7.615038,0.952608,True
938,59,9,cinder_garden,Vale,15.0,awake,0.0,0.335,0.359,0.0,0.01,True,upright work rhythm,10.26419,0.983317,True
939,59,9,lichen_bridge,Sol,16.5,awake,0.0,0.0,0.018,0.0,0.01,True,upright work rhythm,8.85438,0.975125,True
940,59,9,orchid_engine,Bea,18.0,awake,0.0,0.31848,0.34248,0.02,0.03,True,upright work rhythm,11.377417,0.003533,True
941,59,9,moss_ward,Fay,19.5,awake,0.0,0.319271,0.343271,0.02,0.03,True,upright work rhythm,6.787741,0.962142,True
942,59,9,glass_harbor,Puck,21.0,awake,0.0,0.324704,0.342704,0.02,0.03,True,upright work rhythm,7.987508,0.97865,True
943,59,9,cinder_garden,Wren,22.5,asleep,0.80752,0.036,0.0,0.02,0.0,True,"curled posture, low breath rhythm",10.467,0.009358,True
944,60,9,orchid_engine,Bea,0.0,asleep,0.80752,0.34248,0.285953,0.03,0.0,True,"curled posture, low breath rhythm",10.514241,0.024367,True
945,60,9,moss_ward,Fay,1.5,asleep,0.80752,0.343271,0.286744,0.03,0.0,True,"curled posture, low breath rhythm",5.924565,0.982975,True
946,60,9,glass_harbor,Puck,3.0,asleep,0.80752,0.342704,0.286177,0.03,0.0,True,"curled posture, low breath rhythm",7.124333,0.999483,True
947,60,9,cinder_garden,Wren,4.5,asleep,0.813,0.0,0.0,0.0,0.0,True,"curled posture, low breath rhythm",9.627,0.030192,True
948,60,9,lichen_bridge,Kio,6.0,awake,0.0,0.33608,0.36008,0.01,0.02,True,upright work rhythm,8.504633,0.022,True
949,60,9,orchid_engine,Cai,7.5,awake,0.0,0.199441,0.217441,0.01,0.02,True,upright work rhythm,10.836151,0.050408,True
950,60,9,moss_ward,Milo,9.0,awake,0.0,0.199049,0.217049,0.01,0.02,True,upright work rhythm,6.24599,0.009017,True
951,60,9,glass_harbor,Sera,10.5,awake,0.0,0.018,0.036,0.01,0.02,True,upright work rhythm,7.37176,0.025525,True
952,60,9,cinder_garden,Juno,12.0,awake,0.0,0.269,0.287,0.0,0.01,True,upright work rhythm,10.09467,0.056233,True
953,60,9,lichen_bridge,Luma,13.5,awake,0.0,0.264039,0.288039,0.0,0.01,True,upright work rhythm,8.825096,0.048042,True
954,60,9,orchid_engine,Dax,15.0,awake,0.0,0.197199,0.215199,0.0,0.01,True,upright work rhythm,11.185232,0.07645,True
955,60,9,moss_ward,Tala,16.5,awake,0.0,0.0,0.018,0.0,0.01,True,upright work rhythm,6.51438,0.035058,True
956,60,9,glass_harbor,Nia,18.0,awake,0.0,0.200526,0.218526,0.02,0.03,True,upright work rhythm,7.796595,0.051567,True
957,60,9,cinder_garden,Pax,19.5,awake,0.0,0.345279,0.363279,0.02,0.03,True,upright work rhythm,10.475944,0.082275,True
958,60,9,lichen_bridge,Rin,21.0,awake,0.0,0.265865,0.289865,0.02,0.03,True,upright work rhythm,9.175845,0.074083,True
959,60,9,orchid_engine,Eli,22.5,asleep,0.80752,0.042,0.0,0.02,0.0,True,"curled posture, low breath rhythm",11.447,0.102492,True
960,61,9,glass_harbor,Nia,0.0,asleep,0.80752,0.218526,0.161999,0.03,0.0,True,"curled posture, low breath rhythm",6.93342,0.0724,True
961,61,9,cinder_garden,Pax,1.5,asleep,0.80752,0.363279,0.306752,0.03,0.0,True,"curled posture, low breath rhythm",9.612768,0.103108,True
962,61,9,lichen_bridge,Rin,3.0,asleep,0.80752,0.289865,0.233338,0.03,0.0,True,"curled posture, low breath rhythm",8.312669,0.094917,True
963,61,9,orchid_engine,Eli,4.5,asleep,0.813,0.0,0.0,0.0,0.0,True,"curled posture, low breath rhythm",10.607,0.123325,True
964,61,9,moss_ward,Ari,6.0,awake,0.0,0.287199,0.305199,0.01,0.02,True,upright work rhythm,6.142132,0.081933,True
965,61,9,glass_harbor,Oren,7.5,awake,0.0,0.287896,0.311896,0.01,0.02,True,upright work rhythm,7.344878,0.098442,True
966,61,9,cinder_garden,Vale,9.0,awake,0.0,0.359,0.377,0.01,0.02,True,upright work rhythm,9.99157,0.12915,True
967,61,9,lichen_bridge,Sol,10.5,awake,0.0,0.018,0.042,0.01,0.02,True,upright work rhythm,8.58422,0.120958,True
968,61,9,orchid_engine,Bea,12.0,awake,0.0,0.285953,0.303953,0.0,0.01,True,upright work rhythm,11.081621,0.149367,True
969,61,9,moss_ward,Fay,13.5,awake,0.0,0.286744,0.304744,0.0,0.01,True,upright work rhythm,6.491945,0.107975,True
970,61,9,glass_harbor,Puck,15.0,awake,0.0,0.286177,0.310177,0.0,0.01,True,upright work rhythm,7.694173,0.124483,True
971,61,9,cinder_garden,Wren,16.5,awake,0.0,0.0,0.018,0.0,0.01,True,upright work rhythm,10.19438,0.155192,True
972,61,9,lichen_bridge,Kio,18.0,awake,0.0,0.36008,0.38408,0.02,0.03,True,upright work rhythm,9.074473,0.147,True
973,61,9,orchid_engine,Cai,19.5,awake,0.0,0.217441,0.235441,0.02,0.03,True,upright work rhythm,11.403531,0.175408,True
974,61,9,moss_ward,Milo,21.0,awake,0.0,0.217049,0.235049,0.02,0.03,True,upright work rhythm,6.81337,0.134017,True
975,61,9,glass_harbor,Sera,22.5,asleep,0.80752,0.036,0.0,0.02,0.0,True,"curled posture, low breath rhythm",7.917,0.150525,True
976,62,9,lichen_bridge,Kio,0.0,asleep,0.80752,0.38408,0.327553,0.03,0.0,True,"curled posture, low breath rhythm",8.211297,0.167833,True
977,62,9,orchid_engine,Cai,1.5,asleep,0.80752,0.235441,0.178914,0.03,0.0,True,"curled posture, low breath rhythm",10.540355,0.196242,True
978,62,9,moss_ward,Milo,3.0,asleep,0.80752,0.235049,0.178522,0.03,0.0,True,"curled posture, low breath rhythm",5.950194,0.15485,True
979,62,9,glass_harbor,Sera,4.5,asleep,0.813,0.0,0.0,0.0,0.0,True,"curled posture, low breath rhythm",7.077,0.171358,True
980,62,9,cinder_garden,Juno,6.0,awake,0.0,0.287,0.311,0.01,0.02,True,upright work rhythm,9.82451,0.202067,True
981,62,9,lichen_bridge,Luma,7.5,awake,0.0,0.288039,0.306039,0.01,0.02,True,upright work rhythm,8.552476,0.193875,True
982,62,9,orchid_engine,Dax,9.0,awake,0.0,0.215199,0.233199,0.01,0.02,True,upright work rhythm,10.912612,0.222283,True
983,62,9,moss_ward,Tala,10.5,awake,0.0,0.018,0.036,0.01,0.02,True,upright work rhythm,6.24176,0.180892,True
984,62,9,glass_harbor,Nia,12.0,awake,0.0,0.161999,0.179999,0.0,0.01,True,upright work rhythm,7.5008,0.1974,True
985,62,9,cinder_garden,Pax,13.5,awake,0.0,0.306752,0.330752,0.0,0.01,True,upright work rhythm,10.182608,0.228108,True
986,62,9,lichen_bridge,Rin,15.0,awake,0.0,0.233338,0.251338,0.0,0.01,True,upright work rhythm,8.880049,0.219917,True
987,62,9,orchid_engine,Eli,16.5,awake,0.0,0.0,0.018,0.0,0.01,True,upright work rhythm,11.17438,0.248325,True
988,62,9,moss_ward,Ari,18.0,awake,0.0,0.305199,0.323199,0.02,0.03,True,upright work rhythm,6.709512,0.206933,True
989,62,9,glass_harbor,Oren,19.5,awake,0.0,0.311896,0.329896,0.02,0.03,True,upright work rhythm,7.912258,0.223442,True
990,62,9,cinder_garden,Vale,21.0,awake,0.0,0.377,0.401,0.02,0.03,True,upright work rhythm,10.56141,0.25415,True
991,62,9,lichen_bridge,Sol,22.5,asleep,0.80752,0.042,0.0,0.02,0.0,True,"curled posture, low breath rhythm",9.127,0.245958,True
992,63,9,moss_ward,Ari,0.0,asleep,0.80752,0.323199,0.266673,0.03,0.0,True,"curled posture, low breath rhythm",5.846336,0.227767,True
993,63,9,glass_harbor,Oren,1.5,asleep,0.80752,0.329896,0.27337,0.03,0.0,True,"curled posture, low breath rhythm",7.049082,0.244275,True
994,63,9,cinder_garden,Vale,3.0,asleep,0.80752,0.401,0.344474,0.03,0.0,True,"curled posture, low breath rhythm",9.698234,0.274983,True
995,63,9,lichen_bridge,Sol,4.5,asleep,0.813,0.0,0.0,0.0,0.0,True,"curled posture, low breath rhythm",8.287,0.266792,True
996,63,9,orchid_engine,Bea,6.0,awake,0.0,0.303953,0.321953,0.01,0.02,True,upright work rhythm,10.809001,0.2952,True
997,63,9,moss_ward,Fay,7.5,awake,0.0,0.304744,0.322744,0.01,0.02,True,upright work rhythm,6.219325,0.253808,True
998,63,9,glass_harbor,Puck,9.0,awake,0.0,0.310177,0.328177,0.01,0.02,True,upright work rhythm,7.421553,0.270317,True
999,63,9,cinder_garden,Wren,10.5,awake,0.0,0.018,0.036,0.01,0.02,True,upright work rhythm,9.92176,0.301025,True
1000,63,9,lichen_bridge,Kio,12.0,awake,0.0,0.327553,0.345553,0.0,0.01,True,upright work rhythm,8.778677,0.292833,True
1001,63,9,orchid_engine,Cai,13.5,awake,0.0,0.178914,0.196914,0.0,0.01,True,upright work rhythm,11.107735,0.321242,True
1002,63,9,moss_ward,Milo,15.0,awake,0.0,0.178522,0.196522,0.0,0.01,True,upright work rhythm,6.517574,0.27985,True
1003,63,9,glass_harbor,Sera,16.5,awake,0.0,0.0,0.018,0.0,0.01,True,upright work rhythm,7.64438,0.296358,True
1004,63,9,cinder_garden,Juno,18.0,awake,0.0,0.311,0.329,0.02,0.03,True,upright work rhythm,10.39189,0.327067,True
1005,63,9,lichen_bridge,Luma,19.5,awake,0.0,0.306039,0.324039,0.02,0.03,True,upright work rhythm,9.119856,0.318875,True
1006,63,9,orchid_engine,Dax,21.0,awake,0.0,0.233199,0.251199,0.02,0.03,True,upright work rhythm,11.479992,0.347283,True
1007,63,9,moss_ward,Tala,22.5,asleep,0.80752,0.036,0.0,0.02,0.0,True,"curled posture, low breath rhythm",6.787,0.305892,True
1008,64,10,cinder_garden,Juno,0.0,asleep,0.80752,0.329,0.272474,0.03,0.0,True,"curled posture, low breath rhythm",9.541714,0.3489,True
1009,64,10,lichen_bridge,Luma,1.5,asleep,0.80752,0.324039,0.267513,0.03,0.0,True,"curled posture, low breath rhythm",8.26968,0.340708,True
1010,64,10,orchid_engine,Dax,3.0,asleep,0.80752,0.251199,0.194673,0.03,0.0,True,"curled posture, low breath rhythm",10.629816,0.369117,True
1011,64,10,moss_ward,Tala,4.5,asleep,0.813,0.0,0.0,0.0,0.0,True,"curled posture, low breath rhythm",5.96,0.327725,True
1012,64,10,glass_harbor,Nia,6.0,awake,0.0,0.179999,0.197999,0.01,0.02,True,upright work rhythm,7.24118,0.344233,True
1013,64,10,cinder_garden,Pax,7.5,awake,0.0,0.330752,0.354752,0.01,0.02,True,upright work rhythm,9.925448,0.374942,True
1014,64,10,lichen_bridge,Rin,9.0,awake,0.0,0.251338,0.269338,0.01,0.02,True,upright work rhythm,8.620429,0.36675,True
1015,64,10,orchid_engine,Eli,10.5,awake,0.0,0.018,0.042,0.01,0.02,True,upright work rhythm,10.91722,0.395158,True
1016,64,10,moss_ward,Ari,12.0,awake,0.0,0.266673,0.290673,0.0,0.01,True,upright work rhythm,6.429176,0.353767,True
1017,64,10,glass_harbor,Oren,13.5,awake,0.0,0.27337,0.29137,0.0,0.01,True,upright work rhythm,7.629462,0.370275,True
1018,64,10,cinder_garden,Vale,15.0,awake,0.0,0.344474,0.368474,0.0,0.01,True,upright work rhythm,10.281074,0.400983,True
1019,64,10,lichen_bridge,Sol,16.5,awake,0.0,0.0,0.018,0.0,0.01,True,upright work rhythm,8.86738,0.392792,True
1020,64,10,orchid_engine,Bea,18.0,awake,0.0,0.321953,0.345953,0.02,0.03,True,upright work rhythm,11.391841,0.4212,True
1021,64,10,moss_ward,Fay,19.5,awake,0.0,0.322744,0.346744,0.02,0.03,True,upright work rhythm,6.802165,0.379808,True
1022,64,10,glass_harbor,Puck,21.0,awake,0.0,0.328177,0.346177,0.02,0.03,True,upright work rhythm,8.001933,0.396317,True
1023,64,10,cinder_garden,Wren,22.5,asleep,0.80752,0.036,0.0,0.02,0.0,True,"curled posture, low breath rhythm",10.48,0.427025,True
1024,65,10,orchid_engine,Bea,0.0,asleep,0.80752,0.345953,0.289427,0.03,0.0,True,"curled posture, low breath rhythm",10.528665,0.442033,True
1025,65,10,moss_ward,Fay,1.5,asleep,0.80752,0.346744,0.290218,0.03,0.0,True,"curled posture, low breath rhythm",5.938989,0.400642,True
1026,65,10,glass_harbor,Puck,3.0,asleep,0.80752,0.346177,0.289651,0.03,0.0,True,"curled posture, low breath rhythm",7.138757,0.41715,True
1027,65,10,cinder_garden,Wren,4.5,asleep,0.813,0.0,0.0,0.0,0.0,True,"curled posture, low breath rhythm",9.64,0.447858,True
1028,65,10,lichen_bridge,Kio,6.0,awake,0.0,0.345553,0.369553,0.01,0.02,True,upright work rhythm,8.521517,0.439667,True
1029,65,10,orchid_engine,Cai,7.5,awake,0.0,0.196914,0.214914,0.01,0.02,True,upright work rhythm,10.848115,0.468075,True
1030,65,10,moss_ward,Milo,9.0,awake,0.0,0.196522,0.214522,0.01,0.02,True,upright work rhythm,6.257954,0.426683,True
1031,65,10,glass_harbor,Sera,10.5,awake,0.0,0.018,0.036,0.01,0.02,True,upright work rhythm,7.38476,0.443192,True
1032,65,10,cinder_garden,Juno,12.0,awake,0.0,0.272474,0.290474,0.0,0.01,True,upright work rhythm,10.109094,0.4739,True
1033,65,10,lichen_bridge,Luma,13.5,awake,0.0,0.267513,0.291513,0.0,0.01,True,upright work rhythm,8.83952,0.465708,True
1034,65,10,orchid_engine,Dax,15.0,awake,0.0,0.194673,0.212673,0.0,0.01,True,upright work rhythm,11.197196,0.494117,True
1035,65,10,moss_ward,Tala,16.5,awake,0.0,0.0,0.018,0.0,0.01,True,upright work rhythm,6.52738,0.452725,True
1036,65,10,glass_harbor,Nia,18.0,awake,0.0,0.197999,0.215999,0.02,0.03,True,upright work rhythm,7.80856,0.469233,True
1037,65,10,cinder_garden,Pax,19.5,awake,0.0,0.354752,0.372752,0.02,0.03,True,upright work rhythm,10.492828,0.499942,True
1038,65,10,lichen_bridge,Rin,21.0,awake,0.0,0.269338,0.293338,0.02,0.03,True,upright work rhythm,9.190269,0.49175,True
1039,65,10,orchid_engine,Eli,22.5,asleep,0.80752,0.042,0.0,0.02,0.0,True,"curled posture, low breath rhythm",11.46,0.520158,True
1040,66,10,glass_harbor,Nia,0.0,asleep,0.80752,0.215999,0.159473,0.03,0.0,True,"curled posture, low breath rhythm",6.945384,0.490067,True
1041,66,10,cinder_garden,Pax,1.5,asleep,0.80752,0.372752,0.316226,0.03,0.0,True,"curled posture, low breath rhythm",9.629653,0.520775,True
1042,66,10,lichen_bridge,Rin,3.0,asleep,0.80752,0.293338,0.236812,0.03,0.0,True,"curled posture, low breath rhythm",8.327093,0.512583,True
1043,66,10,orchid_engine,Eli,4.5,asleep,0.813,0.0,0.0,0.0,0.0,True,"curled posture, low breath rhythm",10.62,0.540992,True
1044,66,10,moss_ward,Ari,6.0,awake,0.0,0.290673,0.308673,0.01,0.02,True,upright work rhythm,6.156556,0.4996,True
1045,66,10,glass_harbor,Oren,7.5,awake,0.0,0.29137,0.31537,0.01,0.02,True,upright work rhythm,7.359302,0.516108,True
1046,66,10,cinder_garden,Vale,9.0,awake,0.0,0.368474,0.386474,0.01,0.02,True,upright work rhythm,10.008454,0.546817,True
1047,66,10,lichen_bridge,Sol,10.5,awake,0.0,0.018,0.042,0.01,0.02,True,upright work rhythm,8.59722,0.538625,True
1048,66,10,orchid_engine,Bea,12.0,awake,0.0,0.289427,0.307427,0.0,0.01,True,upright work rhythm,11.096045,0.567033,True
1049,66,10,moss_ward,Fay,13.5,awake,0.0,0.290218,0.308218,0.0,0.01,True,upright work rhythm,6.506369,0.525642,True
1050,66,10,glass_harbor,Puck,15.0,awake,0.0,0.289651,0.313651,0.0,0.01,True,upright work rhythm,7.708597,0.54215,True
1051,66,10,cinder_garden,Wren,16.5,awake,0.0,0.0,0.018,0.0,0.01,True,upright work rhythm,10.20738,0.572858,True
1052,66,10,lichen_bridge,Kio,18.0,awake,0.0,0.369553,0.393553,0.02,0.03,True,upright work rhythm,9.091357,0.564667,True
1053,66,10,orchid_engine,Cai,19.5,awake,0.0,0.214914,0.232914,0.02,0.03,True,upright work rhythm,11.415495,0.593075,True
1054,66,10,moss_ward,Milo,21.0,awake,0.0,0.214522,0.232522,0.02,0.03,True,upright work rhythm,6.825334,0.551683,True
1055,66,10,glass_harbor,Sera,22.5,asleep,0.80752,0.036,0.0,0.02,0.0,True,"curled posture, low breath rhythm",7.93,0.568192,True
1056,67,10,lichen_bridge,Kio,0.0,asleep,0.80752,0.393553,0.337027,0.03,0.0,True,"curled posture, low breath rhythm",8.228181,0.5855,True
1057,67,10,orchid_engine,Cai,1.5,asleep,0.80752,0.232914,0.176388,0.03,0.0,True,"curled posture, low breath rhythm",10.552319,0.613908,True
1058,67,10,moss_ward,Milo,3.0,asleep,0.80752,0.232522,0.175996,0.03,0.0,True,"curled posture, low breath rhythm",5.962158,0.572517,True
1059,67,10,glass_harbor,Sera,4.5,asleep,0.813,0.0,0.0,0.0,0.0,True,"curled posture, low breath rhythm",7.09,0.589025,True
1060,67,10,cinder_garden,Juno,6.0,awake,0.0,0.290474,0.314474,0.01,0.02,True,upright work rhythm,9.838934,0.619733,True
1061,67,10,lichen_bridge,Luma,7.5,awake,0.0,0.291513,0.309513,0.01,0.02,True,upright work rhythm,8.5669,0.611542,True
1062,67,10,orchid_engine,Dax,9.0,awake,0.0,0.212673,0.230673,0.01,0.02,True,upright work rhythm,10.924576,0.63995,True
1063,67,10,moss_ward,Tala,10.5,awake,0.0,0.018,0.036,0.01,0.02,True,upright work rhythm,6.25476,0.598558,True
1064,67,10,glass_harbor,Nia,12.0,awake,0.0,0.159473,0.177473,0.0,0.01,True,upright work rhythm,7.512764,0.615067,True
1065,67,10,cinder_garden,Pax,13.5,awake,0.0,0.316226,0.340226,0.0,0.01,True,upright work rhythm,10.199493,0.645775,True
1066,67,10,lichen_bridge,Rin,15.0,awake,0.0,0.236812,0.254812,0.0,0.01,True,upright work rhythm,8.894473,0.637583,True
1067,67,10,orchid_engine,Eli,16.5,awake,0.0,0.0,0.018,0.0,0.01,True,upright work rhythm,11.18738,0.665992,True
1068,67,10,moss_ward,Ari,18.0,awake,0.0,0.308673,0.326673,0.02,0.03,True,upright work rhythm,6.723936,0.6246,True
1069,67,10,glass_harbor,Oren,19.5,awake,0.0,0.31537,0.33337,0.02,0.03,True,upright work rhythm,7.926682,0.641108,True
1070,67,10,cinder_garden,Vale,21.0,awake,0.0,0.386474,0.410474,0.02,0.03,True,upright work rhythm,10.578294,0.671817,True
1071,67,10,lichen_bridge,Sol,22.5,asleep,0.80752,0.042,0.0,0.02,0.0,True,"curled posture, low breath rhythm",9.14,0.663625,True
1072,68,10,moss_ward,Ari,0.0,asleep,0.80752,0.326673,0.270146,0.03,0.0,True,"curled posture, low breath rhythm",5.86076,0.645433,True
1073,68,10,glass_harbor,Oren,1.5,asleep,0.80752,0.33337,0.276844,0.03,0.0,True,"curled posture, low breath rhythm",7.063506,0.661942,True
1074,68,10,cinder_garden,Vale,3.0,asleep,0.80752,0.410474,0.353948,0.03,0.0,True,"curled posture, low breath rhythm",9.715119,0.69265,True
1075,68,10,lichen_bridge,Sol,4.5,asleep,0.813,0.0,0.0,0.0,0.0,True,"curled posture, low breath rhythm",8.3,0.684458,True
1076,68,10,orchid_engine,Bea,6.0,awake,0.0,0.307427,0.325427,0.01,0.02,True,upright work rhythm,10.823425,0.712867,True
1077,68,10,moss_ward,Fay,7.5,awake,0.0,0.308218,0.326218,0.01,0.02,True,upright work rhythm,6.233749,0.671475,True
1078,68,10,glass_harbor,Puck,9.0,awake,0.0,0.313651,0.331651,0.01,0.02,True,upright work rhythm,7.435977,0.687983,True
1079,68,10,cinder_garden,Wren,10.5,awake,0.0,0.018,0.036,0.01,0.02,True,upright work rhythm,9.93476,0.718692,True
1080,68,10,lichen_bridge,Kio,12.0,awake,0.0,0.337027,0.355027,0.0,0.01,True,upright work rhythm,8.795561,0.7105,True
1081,68,10,orchid_engine,Cai,13.5,awake,0.0,0.176388,0.194388,0.0,0.01,True,upright work rhythm,11.119699,0.738908,True
1082,68,10,moss_ward,Milo,15.0,awake,0.0,0.175996,0.193996,0.0,0.01,True,upright work rhythm,6.529538,0.697517,True
1083,68,10,glass_harbor,Sera,16.5,awake,0.0,0.0,0.018,0.0,0.01,True,upright work rhythm,7.65738,0.714025,True
1084,68,10,cinder_garden,Juno,18.0,awake,0.0,0.314474,0.332474,0.02,0.03,True,upright work rhythm,10.406314,0.744733,True
1085,68,10,lichen_bridge,Luma,19.5,awake,0.0,0.309513,0.327513,0.02,0.03,True,upright work rhythm,9.13428,0.736542,True
1086,68,10,orchid_engine,Dax,21.0,awake,0.0,0.230673,0.248673,0.02,0.03,True,upright work rhythm,11.491956,0.76495,True
1087,68,10,moss_ward,Tala,22.5,asleep,0.80752,0.036,0.0,0.02,0.0,True,"curled posture, low breath rhythm",6.8,0.723558,True
1088,69,10,cinder_garden,Juno,0.0,asleep,0.80752,0.332474,0.275948,0.03,0.0,True,"curled posture, low breath rhythm",9.543139,0.765567,True
1089,69,10,lichen_bridge,Luma,1.5,asleep,0.80752,0.327513,0.270986,0.03,0.0,True,"curled posture, low breath rhythm",8.271104,0.757375,True
1090,69,10,orchid_engine,Dax,3.0,asleep,0.80752,0.248673,0.192146,0.03,0.0,True,"curled posture, low breath rhythm",10.62878,0.785783,True
1091,69,10,moss_ward,Tala,4.5,asleep,0.813,0.0,0.0,0.0,0.0,True,"curled posture, low breath rhythm",5.96,0.744392,True
1092,69,10,glass_harbor,Nia,6.0,awake,0.0,0.177473,0.195473,0.01,0.02,True,upright work rhythm,7.240144,0.7609,True
1093,69,10,cinder_garden,Pax,7.5,awake,0.0,0.340226,0.364226,0.01,0.02,True,upright work rhythm,9.929333,0.791608,True
1094,69,10,lichen_bridge,Rin,9.0,awake,0.0,0.254812,0.272812,0.01,0.02,True,upright work rhythm,8.621853,0.783417,True
1095,69,10,orchid_engine,Eli,10.5,awake,0.0,0.018,0.042,0.01,0.02,True,upright work rhythm,10.91722,0.811825,True
1096,69,10,moss_ward,Ari,12.0,awake,0.0,0.270146,0.294146,0.0,0.01,True,upright work rhythm,6.4306,0.770433,True
1097,69,10,glass_harbor,Oren,13.5,awake,0.0,0.276844,0.294844,0.0,0.01,True,upright work rhythm,7.630886,0.786942,True
1098,69,10,cinder_garden,Vale,15.0,awake,0.0,0.353948,0.377948,0.0,0.01,True,upright work rhythm,10.284959,0.81765,True
1099,69,10,lichen_bridge,Sol,16.5,awake,0.0,0.0,0.018,0.0,0.01,True,upright work rhythm,8.86738,0.809458,True
1100,69,10,orchid_engine,Bea,18.0,awake,0.0,0.325427,0.349427,0.02,0.03,True,upright work rhythm,11.393265,0.837867,True
1101,69,10,moss_ward,Fay,19.5,awake,0.0,0.326218,0.350218,0.02,0.03,True,upright work rhythm,6.803589,0.796475,True
1102,69,10,glass_harbor,Puck,21.0,awake,0.0,0.331651,0.349651,0.02,0.03,True,upright work rhythm,8.003357,0.812983,True
1103,69,10,cinder_garden,Wren,22.5,asleep,0.80752,0.036,0.0,0.02,0.0,True,"curled posture, low breath rhythm",10.48,0.843692,True
1104,70,10,orchid_engine,Bea,0.0,asleep,0.80752,0.349427,0.2929,0.03,0.0,True,"curled posture, low breath rhythm",10.530089,0.8587,True
1105,70,10,moss_ward,Fay,1.5,asleep,0.80752,0.350218,0.293691,0.03,0.0,True,"curled posture, low breath rhythm",5.940413,0.817308,True
1106,70,10,glass_harbor,Puck,3.0,asleep,0.80752,0.349651,0.293124,0.03,0.0,True,"curled posture, low breath rhythm",7.140181,0.833817,True
1107,70,10,cinder_garden,Wren,4.5,asleep,0.813,0.0,0.0,0.0,0.0,True,"curled posture, low breath rhythm",9.64,0.864525,True
1108,70,10,lichen_bridge,Kio,6.0,awake,0.0,0.355027,0.379027,0.01,0.02,True,upright work rhythm,8.525401,0.856333,True
1109,70,10,orchid_engine,Cai,7.5,awake,0.0,0.194388,0.212388,0.01,0.02,True,upright work rhythm,10.847079,0.884742,True
1110,70,10,moss_ward,Milo,9.0,awake,0.0,0.193996,0.211996,0.01,0.02,True,upright work rhythm,6.256918,0.84335,True
1111,70,10,glass_harbor,Sera,10.5,awake,0.0,0.018,0.036,0.01,0.02,True,upright work rhythm,7.38476,0.859858,True
1112,70,10,cinder_garden,Juno,12.0,awake,0.0,0.275948,0.293948,0.0,0.01,True,upright work rhythm,10.110519,0.890567,True
1113,70,10,lichen_bridge,Luma,13.5,awake,0.0,0.270986,0.294986,0.0,0.01,True,upright work rhythm,8.840944,0.882375,True
1114,70,10,orchid_engine,Dax,15.0,awake,0.0,0.192146,0.210146,0.0,0.01,True,upright work rhythm,11.19616,0.910783,True
1115,70,10,moss_ward,Tala,16.5,awake,0.0,0.0,0.018,0.0,0.01,True,upright work rhythm,6.52738,0.869392,True
1116,70,10,glass_harbor,Nia,18.0,awake,0.0,0.195473,0.213473,0.02,0.03,True,upright work rhythm,7.807524,0.8859,True
1117,70,10,cinder_garden,Pax,19.5,awake,0.0,0.364226,0.382226,0.02,0.03,True,upright work rhythm,10.496713,0.916608,True
1118,70,10,lichen_bridge,Rin,21.0,awake,0.0,0.272812,0.296812,0.02,0.03,True,upright work rhythm,9.191693,0.908417,True
1119,70,10,orchid_engine,Eli,22.5,asleep,0.80752,0.042,0.0,0.02,0.0,True,"curled posture, low breath rhythm",11.46,0.936825,True
1120,71,11,glass_harbor,Nia,0.0,asleep,0.80752,0.213473,0.156946,0.03,0.0,True,"curled posture, low breath rhythm",6.957348,0.907733,True
1121,71,11,cinder_garden,Pax,1.5,asleep,0.80752,0.382226,0.3257,0.03,0.0,True,"curled posture, low breath rhythm",9.646537,0.938442,True
1122,71,11,lichen_bridge,Rin,3.0,asleep,0.80752,0.296812,0.240286,0.03,0.0,True,"curled posture, low breath rhythm",8.341517,0.93025,True
1123,71,11,orchid_engine,Eli,4.5,asleep,0.813,0.0,0.0,0.0,0.0,True,"curled posture, low breath rhythm",10.633,0.958658,True
1124,71,11,moss_ward,Ari,6.0,awake,0.0,0.294146,0.312146,0.01,0.02,True,upright work rhythm,6.17098,0.917267,True
1125,71,11,glass_harbor,Oren,7.5,awake,0.0,0.294844,0.318844,0.01,0.02,True,upright work rhythm,7.373726,0.933775,True
1126,71,11,cinder_garden,Vale,9.0,awake,0.0,0.377948,0.395948,0.01,0.02,True,upright work rhythm,10.025339,0.964483,True
1127,71,11,lichen_bridge,Sol,10.5,awake,0.0,0.018,0.042,0.01,0.02,True,upright work rhythm,8.61022,0.956292,True
1128,71,11,orchid_engine,Bea,12.0,awake,0.0,0.2929,0.3109,0.0,0.01,True,upright work rhythm,11.110469,0.9847,True
1129,71,11,moss_ward,Fay,13.5,awake,0.0,0.293691,0.311691,0.0,0.01,True,upright work rhythm,6.520793,0.943308,True
1130,71,11,glass_harbor,Puck,15.0,awake,0.0,0.293124,0.317124,0.0,0.01,True,upright work rhythm,7.723021,0.959817,True
1131,71,11,cinder_garden,Wren,16.5,awake,0.0,0.0,0.018,0.0,0.01,True,upright work rhythm,10.22038,0.990525,True
1132,71,11,lichen_bridge,Kio,18.0,awake,0.0,0.379027,0.403027,0.02,0.03,True,upright work rhythm,9.108241,0.982333,True
1133,71,11,orchid_engine,Cai,19.5,awake,0.0,0.212388,0.230388,0.02,0.03,True,upright work rhythm,11.427459,0.010742,True
1134,71,11,moss_ward,Milo,21.0,awake,0.0,0.211996,0.229996,0.02,0.03,True,upright work rhythm,6.837298,0.96935,True
1135,71,11,glass_harbor,Sera,22.5,asleep,0.80752,0.036,0.0,0.02,0.0,True,"curled posture, low breath rhythm",7.943,0.985858,True
1136,72,11,lichen_bridge,Kio,0.0,asleep,0.80752,0.403027,0.346501,0.03,0.0,True,"curled posture, low breath rhythm",8.245065,0.003167,True
1137,72,11,orchid_engine,Cai,1.5,asleep,0.80752,0.230388,0.173861,0.03,0.0,True,"curled posture, low breath rhythm",10.564283,0.031575,True
1138,72,11,moss_ward,Milo,3.0,asleep,0.80752,0.229996,0.173469,0.03,0.0,True,"curled posture, low breath rhythm",5.974122,0.990183,True
1139,72,11,glass_harbor,Sera,4.5,asleep,0.813,0.0,0.0,0.0,0.0,True,"curled posture, low breath rhythm",7.103,0.006692,True
1140,72,11,cinder_garden,Juno,6.0,awake,0.0,0.293948,0.317948,0.01,0.02,True,upright work rhythm,9.853359,0.0374,True
1141,72,11,lichen_bridge,Luma,7.5,awake,0.0,0.294986,0.312986,0.01,0.02,True,upright work rhythm,8.581324,0.029208,True
1142,72,11,orchid_engine,Dax,9.0,awake,0.0,0.210146,0.228146,0.01,0.02,True,upright work rhythm,10.93654,0.057617,True
1143,72,11,moss_ward,Tala,10.5,awake,0.0,0.018,0.036,0.01,0.02,True,upright work rhythm,6.26776,0.016225,True
1144,72,11,glass_harbor,Nia,12.0,awake,0.0,0.156946,0.174946,0.0,0.01,True,upright work rhythm,7.524728,0.032733,True
1145,72,11,cinder_garden,Pax,13.5,awake,0.0,0.3257,0.3497,0.0,0.01,True,upright work rhythm,10.216377,0.063442,True
1146,72,11,lichen_bridge,Rin,15.0,awake,0.0,0.240286,0.258286,0.0,0.01,True,upright work rhythm,8.908897,0.05525,True
1147,72,11,orchid_engine,Eli,16.5,awake,0.0,0.0,0.018,0.0,0.01,True,upright work rhythm,11.20038,0.083658,True
1148,72,11,moss_ward,Ari,18.0,awake,0.0,0.312146,0.330146,0.02,0.03,True,upright work rhythm,6.73836,0.042267,True
1149,72,11,glass_harbor,Oren,19.5,awake,0.0,0.318844,0.336844,0.02,0.03,True,upright work rhythm,7.941106,0.058775,True
1150,72,11,cinder_garden,Vale,21.0,awake,0.0,0.395948,0.419948,0.02,0.03,True,upright work rhythm,10.595179,0.089483,True
1151,72,11,lichen_bridge,Sol,22.5,asleep,0.80752,0.042,0.0,0.02,0.0,True,"curled posture, low breath rhythm",9.153,0.081292,True
1152,73,11,moss_ward,Ari,0.0,asleep,0.80752,0.330146,0.27362,0.03,0.0,True,"curled posture, low breath rhythm",5.875184,0.0631,True
1153,73,11,glass_harbor,Oren,1.5,asleep,0.80752,0.336844,0.280317,0.03,0.0,True,"curled posture, low breath rhythm",7.07793,0.079608,True
1154,73,11,cinder_garden,Vale,3.0,asleep,0.80752,0.419948,0.363421,0.03,0.0,True,"curled posture, low breath rhythm",9.732003,0.110317,True
1155,73,11,lichen_bridge,Sol,4.5,asleep,0.813,0.0,0.0,0.0,0.0,True,"curled posture, low breath rhythm",8.313,0.102125,True
1156,73,11,orchid_engine,Bea,6.0,awake,0.0,0.3109,0.3289,0.01,0.02,True,upright work rhythm,10.837849,0.130533,True
1157,73,11,moss_ward,Fay,7.5,awake,0.0,0.311691,0.329691,0.01,0.02,True,upright work rhythm,6.248173,0.089142,True
1158,73,11,glass_harbor,Puck,9.0,awake,0.0,0.317124,0.335124,0.01,0.02,True,upright work rhythm,7.450401,0.10565,True
1159,73,11,cinder_garden,Wren,10.5,awake,0.0,0.018,0.036,0.01,0.02,True,upright work rhythm,9.94776,0.136358,True
1160,73,11,lichen_bridge,Kio,12.0,awake,0.0,0.346501,0.364501,0.0,0.01,True,upright work rhythm,8.812445,0.128167,True
1161,73,11,orchid_engine,Cai,13.5,awake,0.0,0.173861,0.191861,0.0,0.01,True,upright work rhythm,11.131663,0.156575,True
1162,73,11,moss_ward,Milo,15.0,awake,0.0,0.173469,0.191469,0.0,0.01,True,upright work rhythm,6.541502,0.115183,True
1163,73,11,glass_harbor,Sera,16.5,awake,0.0,0.0,0.018,0.0,0.01,True,upright work rhythm,7.67038,0.131692,True
1164,73,11,cinder_garden,Juno,18.0,awake,0.0,0.317948,0.335948,0.02,0.03,True,upright work rhythm,10.420739,0.1624,True
1165,73,11,lichen_bridge,Luma,19.5,awake,0.0,0.312986,0.330986,0.02,0.03,True,upright work rhythm,9.148704,0.154208,True
1166,73,11,orchid_engine,Dax,21.0,awake,0.0,0.228146,0.246146,0.02,0.03,True,upright work rhythm,11.50392,0.182617,True
1167,73,11,moss_ward,Tala,22.5,asleep,0.80752,0.036,0.0,0.02,0.0,True,"curled posture, low breath rhythm",6.813,0.141225,True
1168,74,11,cinder_garden,Juno,0.0,asleep,0.80752,0.335948,0.279421,0.03,0.0,True,"curled posture, low breath rhythm",9.557563,0.183233,True
1169,74,11,lichen_bridge,Luma,1.5,asleep,0.80752,0.330986,0.27446,0.03,0.0,True,"curled posture, low breath rhythm",8.285529,0.175042,True
1170,74,11,orchid_engine,Dax,3.0,asleep,0.80752,0.246146,0.18962,0.03,0.0,True,"curled posture, low breath rhythm",10.640744,0.20345,True
1171,74,11,moss_ward,Tala,4.5,asleep,0.813,0.0,0.0,0.0,0.0,True,"curled posture, low breath rhythm",5.973,0.162058,True
1172,74,11,glass_harbor,Nia,6.0,awake,0.0,0.174946,0.192946,0.01,0.02,True,upright work rhythm,7.252108,0.178567,True
1173,74,11,cinder_garden,Pax,7.5,awake,0.0,0.3497,0.3737,0.01,0.02,True,upright work rhythm,9.946217,0.209275,True
1174,74,11,lichen_bridge,Rin,9.0,awake,0.0,0.258286,0.276286,0.01,0.02,True,upright work rhythm,8.636277,0.201083,True
1175,74,11,orchid_engine,Eli,10.5,awake,0.0,0.018,0.042,0.01,0.02,True,upright work rhythm,10.93022,0.229492,True
1176,74,11,moss_ward,Ari,12.0,awake,0.0,0.27362,0.29762,0.0,0.01,True,upright work rhythm,6.445024,0.1881,True
1177,74,11,glass_harbor,Oren,13.5,awake,0.0,0.280317,0.298317,0.0,0.01,True,upright work rhythm,7.64531,0.204608,True
1178,74,11,cinder_garden,Vale,15.0,awake,0.0,0.363421,0.387421,0.0,0.01,True,upright work rhythm,10.301843,0.235317,True
1179,74,11,lichen_bridge,Sol,16.5,awake,0.0,0.0,0.018,0.0,0.01,True,upright work rhythm,8.88038,0.227125,True
1180,74,11,orchid_engine,Bea,18.0,awake,0.0,0.3289,0.3529,0.02,0.03,True,upright work rhythm,11.407689,0.255533,True
1181,74,11,moss_ward,Fay,19.5,awake,0.0,0.329691,0.353691,0.02,0.03,True,upright work rhythm,6.818013,0.214142,True
1182,74,11,glass_harbor,Puck,21.0,awake,0.0,0.335124,0.353124,0.02,0.03,True,upright work rhythm,8.017781,0.23065,True
1183,74,11,cinder_garden,Wren,22.5,asleep,0.80752,0.036,0.0,0.02,0.0,True,"curled posture, low breath rhythm",10.493,0.261358,True
1184,75,11,orchid_engine,Bea,0.0,asleep,0.80752,0.3529,0.296374,0.03,0.0,True,"curled posture, low breath rhythm",10.544513,0.276367,True
1185,75,11,moss_ward,Fay,1.5,asleep,0.80752,0.353691,0.297165,0.03,0.0,True,"curled posture, low breath rhythm",5.954838,0.234975,True
1186,75,11,glass_harbor,Puck,3.0,asleep,0.80752,0.353124,0.296598,0.03,0.0,True,"curled posture, low breath rhythm",7.154605,0.251483,True
1187,75,11,cinder_garden,Wren,4.5,asleep,0.813,0.0,0.0,0.0,0.0,True,"curled posture, low breath rhythm",9.653,0.282192,True
1188,75,11,lichen_bridge,Kio,6.0,awake,0.0,0.364501,0.388501,0.01,0.02,True,upright work rhythm,8.542285,0.274,True
1189,75,11,orchid_engine,Cai,7.5,awake,0.0,0.191861,0.209861,0.01,0.02,True,upright work rhythm,10.859043,0.302408,True
1190,75,11,moss_ward,Milo,9.0,awake,0.0,0.191469,0.209469,0.01,0.02,True,upright work rhythm,6.268882,0.261017,True
1191,75,11,glass_harbor,Sera,10.5,awake,0.0,0.018,0.036,0.01,0.02,True,upright work rhythm,7.39776,0.277525,True
1192,75,11,cinder_garden,Juno,12.0,awake,0.0,0.279421,0.297421,0.0,0.01,True,upright work rhythm,10.124943,0.308233,True
1193,75,11,lichen_bridge,Luma,13.5,awake,0.0,0.27446,0.29846,0.0,0.01,True,upright work rhythm,8.855369,0.300042,True
1194,75,11,orchid_engine,Dax,15.0,awake,0.0,0.18962,0.20762,0.0,0.01,True,upright work rhythm,11.208124,0.32845,True
1195,75,11,moss_ward,Tala,16.5,awake,0.0,0.0,0.018,0.0,0.01,True,upright work rhythm,6.54038,0.287058,True
1196,75,11,glass_harbor,Nia,18.0,awake,0.0,0.192946,0.210946,0.02,0.03,True,upright work rhythm,7.819488,0.303567,True
1197,75,11,cinder_garden,Pax,19.5,awake,0.0,0.3737,0.3917,0.02,0.03,True,upright work rhythm,10.513597,0.334275,True
1198,75,11,lichen_bridge,Rin,21.0,awake,0.0,0.276286,0.300286,0.02,0.03,True,upright work rhythm,9.206117,0.326083,True
1199,75,11,orchid_engine,Eli,22.5,asleep,0.80752,0.042,0.0,0.02,0.0,True,"curled posture, low breath rhythm",11.473,0.354492,True
1200,76,11,glass_harbor,Nia,0.0,asleep,0.80752,0.210946,0.15442,0.03,0.0,True,"curled posture, low breath rhythm",6.956312,0.3244,True
1201,76,11,cinder_garden,Pax,1.5,asleep,0.80752,0.3917,0.335173,0.03,0.0,True,"curled posture, low breath rhythm",9.650421,0.355108,True
1202,76,11,lichen_bridge,Rin,3.0,asleep,0.80752,0.300286,0.243759,0.03,0.0,True,"curled posture, low breath rhythm",8.342941,0.346917,True
1203,76,11,orchid_engine,Eli,4.5,asleep,0.813,0.0,0.0,0.0,0.0,True,"curled posture, low breath rhythm",10.633,0.375325,True
1204,76,11,moss_ward,Ari,6.0,awake,0.0,0.29762,0.31562,0.01,0.02,True,upright work rhythm,6.172404,0.333933,True
1205,76,11,glass_harbor,Oren,7.5,awake,0.0,0.298317,0.322317,0.01,0.02,True,upright work rhythm,7.37515,0.350442,True
1206,76,11,cinder_garden,Vale,9.0,awake,0.0,0.387421,0.405421,0.01,0.02,True,upright work rhythm,10.029223,0.38115,True
1207,76,11,lichen_bridge,Sol,10.5,awake,0.0,0.018,0.042,0.01,0.02,True,upright work rhythm,8.61022,0.372958,True
1208,76,11,orchid_engine,Bea,12.0,awake,0.0,0.296374,0.314374,0.0,0.01,True,upright work rhythm,11.111893,0.401367,True
1209,76,11,moss_ward,Fay,13.5,awake,0.0,0.297165,0.315165,0.0,0.01,True,upright work rhythm,6.522218,0.359975,True
1210,76,11,glass_harbor,Puck,15.0,awake,0.0,0.296598,0.320598,0.0,0.01,True,upright work rhythm,7.724445,0.376483,True
1211,76,11,cinder_garden,Wren,16.5,awake,0.0,0.0,0.018,0.0,0.01,True,upright work rhythm,10.22038,0.407192,True
1212,76,11,lichen_bridge,Kio,18.0,awake,0.0,0.388501,0.412501,0.02,0.03,True,upright work rhythm,9.112125,0.399,True
1213,76,11,orchid_engine,Cai,19.5,awake,0.0,0.209861,0.227861,0.02,0.03,True,upright work rhythm,11.426423,0.427408,True
1214,76,11,moss_ward,Milo,21.0,awake,0.0,0.209469,0.227469,0.02,0.03,True,upright work rhythm,6.836262,0.386017,True
1215,76,11,glass_harbor,Sera,22.5,asleep,0.80752,0.036,0.0,0.02,0.0,True,"curled posture, low breath rhythm",7.943,0.402525,True
1216,77,11,lichen_bridge,Kio,0.0,asleep,0.80752,0.412501,0.355974,0.03,0.0,True,"curled posture, low breath rhythm",8.248949,0.419833,True
1217,77,11,orchid_engine,Cai,1.5,asleep,0.80752,0.227861,0.171335,0.03,0.0,True,"curled posture, low breath rhythm",10.563247,0.448242,True
1218,77,11,moss_ward,Milo,3.0,asleep,0.80752,0.227469,0.170943,0.03,0.0,True,"curled posture, low breath rhythm",5.973087,0.40685,True
1219,77,11,glass_harbor,Sera,4.5,asleep,0.813,0.0,0.0,0.0,0.0,True,"curled posture, low breath rhythm",7.103,0.423358,True
1220,77,11,cinder_garden,Juno,6.0,awake,0.0,0.297421,0.321421,0.01,0.02,True,upright work rhythm,9.854783,0.454067,True
1221,77,11,lichen_bridge,Luma,7.5,awake,0.0,0.29846,0.31646,0.01,0.02,True,upright work rhythm,8.582749,0.445875,True
1222,77,11,orchid_engine,Dax,9.0,awake,0.0,0.20762,0.22562,0.01,0.02,True,upright work rhythm,10.935504,0.474283,True
1223,77,11,moss_ward,Tala,10.5,awake,0.0,0.018,0.036,0.01,0.02,True,upright work rhythm,6.26776,0.432892,True
1224,77,11,glass_harbor,Nia,12.0,awake,0.0,0.15442,0.17242,0.0,0.01,True,upright work rhythm,7.523692,0.4494,True
1225,77,11,cinder_garden,Pax,13.5,awake,0.0,0.335173,0.359173,0.0,0.01,True,upright work rhythm,10.220261,0.480108,True
1226,77,11,lichen_bridge,Rin,15.0,awake,0.0,0.243759,0.261759,0.0,0.01,True,upright work rhythm,8.910321,0.471917,True
1227,77,11,orchid_engine,Eli,16.5,awake,0.0,0.0,0.018,0.0,0.01,True,upright work rhythm,11.20038,0.500325,True
1228,77,11,moss_ward,Ari,18.0,awake,0.0,0.31562,0.33362,0.02,0.03,True,upright work rhythm,6.739784,0.458933,True
1229,77,11,glass_harbor,Oren,19.5,awake,0.0,0.322317,0.340317,0.02,0.03,True,upright work rhythm,7.94253,0.475442,True
1230,77,11,cinder_garden,Vale,21.0,awake,0.0,0.405421,0.429421,0.02,0.03,True,upright work rhythm,10.599063,0.50615,True
1231,77,11,lichen_bridge,Sol,22.5,asleep,0.80752,0.042,0.0,0.02,0.0,True,"curled posture, low breath rhythm",9.153,0.497958,True
1232,78,12,moss_ward,Ari,0.0,asleep,0.80752,0.33362,0.277094,0.03,0.0,True,"curled posture, low breath rhythm",5.889608,0.480767,True
1233,78,12,glass_harbor,Oren,1.5,asleep,0.80752,0.340317,0.283791,0.03,0.0,True,"curled posture, low breath rhythm",7.092354,0.497275,True
1234,78,12,cinder_garden,Vale,3.0,asleep,0.80752,0.429421,0.372895,0.03,0.0,True,"curled posture, low breath rhythm",9.748887,0.527983,True
1235,78,12,lichen_bridge,Sol,4.5,asleep,0.813,0.0,0.0,0.0,0.0,True,"curled posture, low breath rhythm",8.326,0.519792,True
1236,78,12,orchid_engine,Bea,6.0,awake,0.0,0.314374,0.332374,0.01,0.02,True,upright work rhythm,10.852273,0.5482,True
1237,78,12,moss_ward,Fay,7.5,awake,0.0,0.315165,0.333165,0.01,0.02,True,upright work rhythm,6.262598,0.506808,True
1238,78,12,glass_harbor,Puck,9.0,awake,0.0,0.320598,0.338598,0.01,0.02,True,upright work rhythm,7.464825,0.523317,True
1239,78,12,cinder_garden,Wren,10.5,awake,0.0,0.018,0.036,0.01,0.02,True,upright work rhythm,9.96076,0.554025,True
1240,78,12,lichen_bridge,Kio,12.0,awake,0.0,0.355974,0.373974,0.0,0.01,True,upright work rhythm,8.829329,0.545833,True
1241,78,12,orchid_engine,Cai,13.5,awake,0.0,0.171335,0.189335,0.0,0.01,True,upright work rhythm,11.143627,0.574242,True
1242,78,12,moss_ward,Milo,15.0,awake,0.0,0.170943,0.188943,0.0,0.01,True,upright work rhythm,6.553467,0.53285,True
1243,78,12,glass_harbor,Sera,16.5,awake,0.0,0.0,0.018,0.0,0.01,True,upright work rhythm,7.68338,0.549358,True
1244,78,12,cinder_garden,Juno,18.0,awake,0.0,0.321421,0.339421,0.02,0.03,True,upright work rhythm,10.435163,0.580067,True
1245,78,12,lichen_bridge,Luma,19.5,awake,0.0,0.31646,0.33446,0.02,0.03,True,upright work rhythm,9.163129,0.571875,True
1246,78,12,orchid_engine,Dax,21.0,awake,0.0,0.22562,0.24362,0.02,0.03,True,upright work rhythm,11.515884,0.600283,True
1247,78,12,moss_ward,Tala,22.5,asleep,0.80752,0.036,0.0,0.02,0.0,True,"curled posture, low breath rhythm",6.826,0.558892,True
1248,79,12,cinder_garden,Juno,0.0,asleep,0.80752,0.339421,0.282895,0.03,0.0,True,"curled posture, low breath rhythm",9.571987,0.6009,True
1249,79,12,lichen_bridge,Luma,1.5,asleep,0.80752,0.33446,0.277934,0.03,0.0,True,"curled posture, low breath rhythm",8.299953,0.592708,True
1250,79,12,orchid_engine,Dax,3.0,asleep,0.80752,0.24362,0.187094,0.03,0.0,True,"curled posture, low breath rhythm",10.652708,0.621117,True
1251,79,12,moss_ward,Tala,4.5,asleep,0.813,0.0,0.0,0.0,0.0,True,"curled posture, low breath rhythm",5.986,0.579725,True
1252,79,12,glass_harbor,Nia,6.0,awake,0.0,0.17242,0.19042,0.01,0.02,True,upright work rhythm,7.264072,0.596233,True
1253,79,12,cinder_garden,Pax,7.5,awake,0.0,0.359173,0.383173,0.01,0.02,True,upright work rhythm,9.963101,0.626942,True
1254,79,12,lichen_bridge,Rin,9.0,awake,0.0,0.261759,0.279759,0.01,0.02,True,upright work rhythm,8.650701,0.61875,True
1255,79,12,orchid_engine,Eli,10.5,awake,0.0,0.018,0.042,0.01,0.02,True,upright work rhythm,10.94322,0.647158,True
1256,79,12,moss_ward,Ari,12.0,awake,0.0,0.277094,0.301094,0.0,0.01,True,upright work rhythm,6.459448,0.605767,True
1257,79,12,glass_harbor,Oren,13.5,awake,0.0,0.283791,0.301791,0.0,0.01,True,upright work rhythm,7.659734,0.622275,True
1258,79,12,cinder_garden,Vale,15.0,awake,0.0,0.372895,0.396895,0.0,0.01,True,upright work rhythm,10.318727,0.652983,True
1259,79,12,lichen_bridge,Sol,16.5,awake,0.0,0.0,0.018,0.0,0.01,True,upright work rhythm,8.89338,0.644792,True
1260,79,12,orchid_engine,Bea,18.0,awake,0.0,0.332374,0.356374,0.02,0.03,True,upright work rhythm,11.422113,0.6732,True
1261,79,12,moss_ward,Fay,19.5,awake,0.0,0.333165,0.357165,0.02,0.03,True,upright work rhythm,6.832438,0.631808,True
1262,79,12,glass_harbor,Puck,21.0,awake,0.0,0.338598,0.356598,0.02,0.03,True,upright work rhythm,8.032205,0.648317,True
1263,79,12,cinder_garden,Wren,22.5,asleep,0.80752,0.036,0.0,0.02,0.0,True,"curled posture, low breath rhythm",10.506,0.679025,True
1264,80,12,orchid_engine,Bea,0.0,asleep,0.80752,0.356374,0.299848,0.03,0.0,True,"curled posture, low breath rhythm",10.558938,0.694033,True
1265,80,12,moss_ward,Fay,1.5,asleep,0.80752,0.357165,0.300639,0.03,0.0,True,"curled posture, low breath rhythm",5.969262,0.652642,True
1266,80,12,glass_harbor,Puck,3.0,asleep,0.80752,0.356598,0.300072,0.03,0.0,True,"curled posture, low breath rhythm",7.169029,0.66915,True
1267,80,12,cinder_garden,Wren,4.5,asleep,0.813,0.0,0.0,0.0,0.0,True,"curled posture, low breath rhythm",9.666,0.699858,True
1268,80,12,lichen_bridge,Kio,6.0,awake,0.0,0.373974,0.397974,0.01,0.02,True,upright work rhythm,8.559169,0.691667,True
1269,80,12,orchid_engine,Cai,7.5,awake,0.0,0.189335,0.207335,0.01,0.02,True,upright work rhythm,10.871007,0.720075,True
1270,80,12,moss_ward,Milo,9.0,awake,0.0,0.188943,0.206943,0.01,0.02,True,upright work rhythm,6.280847,0.678683,True
1271,80,12,glass_harbor,Sera,10.5,awake,0.0,0.018,0.036,0.01,0.02,True,upright work rhythm,7.41076,0.695192,True
1272,80,12,cinder_garden,Juno,12.0,awake,0.0,0.282895,0.300895,0.0,0.01,True,upright work rhythm,10.139367,0.7259,True
1273,80,12,lichen_bridge,Luma,13.5,awake,0.0,0.277934,0.301934,0.0,0.01,True,upright work rhythm,8.869793,0.717708,True
1274,80,12,orchid_engine,Dax,15.0,awake,0.0,0.187094,0.205094,0.0,0.01,True,upright work rhythm,11.220088,0.746117,True
1275,80,12,moss_ward,Tala,16.5,awake,0.0,0.0,0.018,0.0,0.01,True,upright work rhythm,6.55338,0.704725,True
1276,80,12,glass_harbor,Nia,18.0,awake,0.0,0.19042,0.20842,0.02,0.03,True,upright work rhythm,7.831452,0.721233,True
1277,80,12,cinder_garden,Pax,19.5,awake,0.0,0.383173,0.401173,0.02,0.03,True,upright work rhythm,10.530481,0.751942,True
1278,80,12,lichen_bridge,Rin,21.0,awake,0.0,0.279759,0.303759,0.02,0.03,True,upright work rhythm,9.220541,0.74375,True
1279,80,12,orchid_engine,Eli,22.5,asleep,0.80752,0.042,0.0,0.02,0.0,True,"curled posture, low breath rhythm",11.486,0.772158,True
1280,81,12,glass_harbor,Nia,0.0,asleep,0.80752,0.20842,0.151894,0.03,0.0,True,"curled posture, low breath rhythm",6.968276,0.742067,True
1281,81,12,cinder_garden,Pax,1.5,asleep,0.80752,0.401173,0.344647,0.03,0.0,True,"curled posture, low breath rhythm",9.667305,0.772775,True
1282,81,12,lichen_bridge,Rin,3.0,asleep,0.80752,0.303759,0.247233,0.03,0.0,True,"curled posture, low breath rhythm",8.357365,0.764583,True
1283,81,12,orchid_engine,Eli,4.5,asleep,0.813,0.0,0.0,0.0,0.0,True,"curled posture, low breath rhythm",10.646,0.792992,True
1284,81,12,moss_ward,Ari,6.0,awake,0.0,0.301094,0.319094,0.01,0.02,True,upright work rhythm,6.186828,0.7516,True
1285,81,12,glass_harbor,Oren,7.5,awake,0.0,0.301791,0.325791,0.01,0.02,True,upright work rhythm,7.389574,0.768108,True
1286,81,12,cinder_garden,Vale,9.0,awake,0.0,0.396895,0.414895,0.01,0.02,True,upright work rhythm,10.046107,0.798817,True
1287,81,12,lichen_bridge,Sol,10.5,awake,0.0,0.018,0.042,0.01,0.02,True,upright work rhythm,8.62322,0.790625,True
1288,81,12,orchid_engine,Bea,12.0,awake,0.0,0.299848,0.317848,0.0,0.01,True,upright work rhythm,11.126318,0.819033,True
1289,81,12,moss_ward,Fay,13.5,awake,0.0,0.300639,0.318639,0.0,0.01,True,upright work rhythm,6.536642,0.777642,True
1290,81,12,glass_harbor,Puck,15.0,awake,0.0,0.300072,0.324072,0.0,0.01,True,upright work rhythm,7.738869,0.79415,True
1291,81,12,cinder_garden,Wren,16.5,awake,0.0,0.0,0.018,0.0,0.01,True,upright work rhythm,10.23338,0.824858,True
1292,81,12,lichen_bridge,Kio,18.0,awake,0.0,0.397974,0.421974,0.02,0.03,True,upright work rhythm,9.129009,0.816667,True
1293,81,12,orchid_engine,Cai,19.5,awake,0.0,0.207335,0.225335,0.02,0.03,True,upright work rhythm,11.438387,0.845075,True
1294,81,12,moss_ward,Milo,21.0,awake,0.0,0.206943,0.224943,0.02,0.03,True,upright work rhythm,6.848227,0.803683,True
1295,81,12,glass_harbor,Sera,22.5,asleep,0.80752,0.036,0.0,0.02,0.0,True,"curled posture, low breath rhythm",7.956,0.820192,True
1296,82,12,lichen_bridge,Kio,0.0,asleep,0.80752,0.421974,0.365448,0.03,0.0,True,"curled posture, low breath rhythm",8.265834,0.8375,True
1297,82,12,orchid_engine,Cai,1.5,asleep,0.80752,0.225335,0.168809,0.03,0.0,True,"curled posture, low breath rhythm",10.575212,0.865908,True
1298,82,12,moss_ward,Milo,3.0,asleep,0.80752,0.224943,0.168417,0.03,0.0,True,"curled posture, low breath rhythm",5.985051,0.824517,True
1299,82,12,glass_harbor,Sera,4.5,asleep,0.813,0.0,0.0,0.0,0.0,True,"curled posture, low breath rhythm",7.116,0.841025,True
1300,82,12,cinder_garden,Juno,6.0,awake,0.0,0.300895,0.324895,0.01,0.02,True,upright work rhythm,9.869207,0.871733,True
1301,82,12,lichen_bridge,Luma,7.5,awake,0.0,0.301934,0.319934,0.01,0.02,True,upright work rhythm,8.597173,0.863542,True
1302,82,12,orchid_engine,Dax,9.0,awake,0.0,0.205094,0.223094,0.01,0.02,True,upright work rhythm,10.947468,0.89195,True
1303,82,12,moss_ward,Tala,10.5,awake,0.0,0.018,0.036,0.01,0.02,True,upright work rhythm,6.28076,0.850558,True
1304,82,12,glass_harbor,Nia,12.0,awake,0.0,0.151894,0.169894,0.0,0.01,True,upright work rhythm,7.535656,0.867067,True
1305,82,12,cinder_garden,Pax,13.5,awake,0.0,0.344647,0.368647,0.0,0.01,True,upright work rhythm,10.237145,0.897775,True
1306,82,12,lichen_bridge,Rin,15.0,awake,0.0,0.247233,0.265233,0.0,0.01,True,upright work rhythm,8.924745,0.889583,True
1307,82,12,orchid_engine,Eli,16.5,awake,0.0,0.0,0.018,0.0,0.01,True,upright work rhythm,11.21338,0.917992,True
1308,82,12,moss_ward,Ari,18.0,awake,0.0,0.319094,0.337094,0.02,0.03,True,upright work rhythm,6.754208,0.8766,True
1309,82,12,glass_harbor,Oren,19.5,awake,0.0,0.325791,0.343791,0.02,0.03,True,upright work rhythm,7.956954,0.893108,True
1310,82,12,cinder_garden,Vale,21.0,awake,0.0,0.414895,0.438895,0.02,0.03,True,upright work rhythm,10.615947,0.923817,True
1311,82,12,lichen_bridge,Sol,22.5,asleep,0.80752,0.042,0.0,0.02,0.0,True,"curled posture, low breath rhythm",9.166,0.915625,True
1312,83,12,moss_ward,Ari,0.0,asleep,0.80752,0.337094,0.280567,0.03,0.0,True,"curled posture, low breath rhythm",5.891033,0.897433,True
1313,83,12,glass_harbor,Oren,1.5,asleep,0.80752,0.343791,0.287264,0.03,0.0,True,"curled posture, low breath rhythm",7.093778,0.913942,True
1314,83,12,cinder_garden,Vale,3.0,asleep,0.80752,0.438895,0.382368,0.03,0.0,True,"curled posture, low breath rhythm",9.752771,0.94465,True
1315,83,12,lichen_bridge,Sol,4.5,asleep,0.813,0.0,0.0,0.0,0.0,True,"curled posture, low breath rhythm",8.326,0.936458,True
1316,83,12,orchid_engine,Bea,6.0,awake,0.0,0.317848,0.335848,0.01,0.02,True,upright work rhythm,10.853698,0.964867,True
1317,83,12,moss_ward,Fay,7.5,awake,0.0,0.318639,0.336639,0.01,0.02,True,upright work rhythm,6.264022,0.923475,True
1318,83,12,glass_harbor,Puck,9.0,awake,0.0,0.324072,0.342072,0.01,0.02,True,upright work rhythm,7.466249,0.939983,True
1319,83,12,cinder_garden,Wren,10.5,awake,0.0,0.018,0.036,0.01,0.02,True,upright work rhythm,9.96076,0.970692,True
1320,83,12,lichen_bridge,Kio,12.0,awake,0.0,0.365448,0.383448,0.0,0.01,True,upright work rhythm,8.833214,0.9625,True
1321,83,12,orchid_engine,Cai,13.5,awake,0.0,0.168809,0.186809,0.0,0.01,True,upright work rhythm,11.142592,0.990908,True
1322,83,12,moss_ward,Milo,15.0,awake,0.0,0.168417,0.186417,0.0,0.01,True,upright work rhythm,6.552431,0.949517,True
1323,83,12,glass_harbor,Sera,16.5,awake,0.0,0.0,0.018,0.0,0.01,True,upright work rhythm,7.68338,0.966025,True
1324,83,12,cinder_garden,Juno,18.0,awake,0.0,0.324895,0.342895,0.02,0.03,True,upright work rhythm,10.436587,0.996733,True
1325,83,12,lichen_bridge,Luma,19.5,awake,0.0,0.319934,0.337934,0.02,0.03,True,upright work rhythm,9.164553,0.988542,True
1326,83,12,orchid_engine,Dax,21.0,awake,0.0,0.223094,0.241094,0.02,0.03,True,upright work rhythm,11.514848,0.01695,True
1327,83,12,moss_ward,Tala,22.5,asleep,0.80752,0.036,0.0,0.02,0.0,True,"curled posture, low breath rhythm",6.826,0.975558,True
1328,84,12,cinder_garden,Juno,0.0,asleep,0.80752,0.342895,0.286368,0.03,0.0,True,"curled posture, low breath rhythm",9.573411,0.017567,True
1329,84,12,lichen_bridge,Luma,1.5,asleep,0.80752,0.337934,0.281407,0.03,0.0,True,"curled posture, low breath rhythm",8.301377,0.009375,True
1330,84,12,orchid_engine,Dax,3.0,asleep,0.80752,0.241094,0.184567,0.03,0.0,True,"curled posture, low breath rhythm",10.651673,0.037783,True
1331,84,12,moss_ward,Tala,4.5,asleep,0.813,0.0,0.0,0.0,0.0,True,"curled posture, low breath rhythm",5.986,0.996392,True
1332,84,12,glass_harbor,Nia,6.0,awake,0.0,0.169894,0.187894,0.01,0.02,True,upright work rhythm,7.263036,0.0129,True
1333,84,12,cinder_garden,Pax,7.5,awake,0.0,0.368647,0.392647,0.01,0.02,True,upright work rhythm,9.966985,0.043608,True
1334,84,12,lichen_bridge,Rin,9.0,awake,0.0,0.265233,0.283233,0.01,0.02,True,upright work rhythm,8.652125,0.035417,True
1335,84,12,orchid_engine,Eli,10.5,awake,0.0,0.018,0.042,0.01,0.02,True,upright work rhythm,10.94322,0.063825,True
1336,84,12,moss_ward,Ari,12.0,awake,0.0,0.280567,0.304567,0.0,0.01,True,upright work rhythm,6.460873,0.022433,True
1337,84,12,glass_harbor,Oren,13.5,awake,0.0,0.287264,0.305264,0.0,0.01,True,upright work rhythm,7.661158,0.038942,True
1338,84,12,cinder_garden,Vale,15.0,awake,0.0,0.382368,0.406368,0.0,0.01,True,upright work rhythm,10.322611,0.06965,True
1339,84,12,lichen_bridge,Sol,16.5,awake,0.0,0.0,0.018,0.0,0.01,True,upright work rhythm,8.89338,0.061458,True
1340,84,12,orchid_engine,Bea,18.0,awake,0.0,0.335848,0.359848,0.02,0.03,True,upright work rhythm,11.423538,0.089867,True
1341,84,12,moss_ward,Fay,19.5,awake,0.0,0.336639,0.360639,0.02,0.03,True,upright work rhythm,6.833862,0.048475,True
1342,84,12,glass_harbor,Puck,21.0,awake,0.0,0.342072,0.360072,0.02,0.03,True,upright work rhythm,8.033629,0.064983,True
1343,84,12,cinder_garden,Wren,22.5,asleep,0.80752,0.036,0.0,0.02,0.0,True,"curled posture, low breath rhythm",10.506,0.095692,True
1344,85,13,orchid_engine,Bea,0.0,asleep,0.80752,0.359848,0.303321,0.03,0.0,True,"curled posture, low breath rhythm",10.573362,0.1117,True
1345,85,13,moss_ward,Fay,1.5,asleep,0.80752,0.360639,0.304112,0.03,0.0,True,"curled posture, low breath rhythm",5.983686,0.070308,True
1346,85,13,glass_harbor,Puck,3.0,asleep,0.80752,0.360072,0.303545,0.03,0.0,True,"curled posture, low breath rhythm",7.183454,0.086817,True
1347,85,13,cinder_garden,Wren,4.5,asleep,0.813,0.0,0.0,0.0,0.0,True,"curled posture, low breath rhythm",9.679,0.117525,True
1348,85,13,lichen_bridge,Kio,6.0,awake,0.0,0.383448,0.407448,0.01,0.02,True,upright work rhythm,8.576054,0.109333,True
1349,85,13,orchid_engine,Cai,7.5,awake,0.0,0.186809,0.204809,0.01,0.02,True,upright work rhythm,10.882972,0.137742,True
1350,85,13,moss_ward,Milo,9.0,awake,0.0,0.186417,0.204417,0.01,0.02,True,upright work rhythm,6.292811,0.09635,True
1351,85,13,glass_harbor,Sera,10.5,awake,0.0,0.018,0.036,0.01,0.02,True,upright work rhythm,7.42376,0.112858,True
1352,85,13,cinder_garden,Juno,12.0,awake,0.0,0.286368,0.304368,0.0,0.01,True,upright work rhythm,10.153791,0.143567,True
1353,85,13,lichen_bridge,Luma,13.5,awake,0.0,0.281407,0.305407,0.0,0.01,True,upright work rhythm,8.884217,0.135375,True
1354,85,13,orchid_engine,Dax,15.0,awake,0.0,0.184567,0.202567,0.0,0.01,True,upright work rhythm,11.232053,0.163783,True
1355,85,13,moss_ward,Tala,16.5,awake,0.0,0.0,0.018,0.0,0.01,True,upright work rhythm,6.56638,0.122392,True
1356,85,13,glass_harbor,Nia,18.0,awake,0.0,0.187894,0.205894,0.02,0.03,True,upright work rhythm,7.843416,0.1389,True
1357,85,13,cinder_garden,Pax,19.5,awake,0.0,0.392647,0.410647,0.02,0.03,True,upright work rhythm,10.547365,0.169608,True
1358,85,13,lichen_bridge,Rin,21.0,awake,0.0,0.283233,0.307233,0.02,0.03,True,upright work rhythm,9.234965,0.161417,True
1359,85,13,orchid_engine,Eli,22.5,asleep,0.80752,0.042,0.0,0.02,0.0,True,"curled posture, low breath rhythm",11.499,0.189825,True
1360,86,13,glass_harbor,Nia,0.0,asleep,0.80752,0.205894,0.149367,0.03,0.0,True,"curled posture, low breath rhythm",6.980241,0.159733,True
1361,86,13,cinder_garden,Pax,1.5,asleep,0.80752,0.410647,0.35412,0.03,0.0,True,"curled posture, low breath rhythm",9.684189,0.190442,True
1362,86,13,lichen_bridge,Rin,3.0,asleep,0.80752,0.307233,0.250706,0.03,0.0,True,"curled posture, low breath rhythm",8.37179,0.18225,True
1363,86,13,orchid_engine,Eli,4.5,asleep,0.813,0.0,0.0,0.0,0.0,True,"curled posture, low breath rhythm",10.659,0.210658,True
1364,86,13,moss_ward,Ari,6.0,awake,0.0,0.304567,0.322567,0.01,0.02,True,upright work rhythm,6.201253,0.169267,True
1365,86,13,glass_harbor,Oren,7.5,awake,0.0,0.305264,0.329264,0.01,0.02,True,upright work rhythm,7.403998,0.185775,True
1366,86,13,cinder_garden,Vale,9.0,awake,0.0,0.406368,0.424368,0.01,0.02,True,upright work rhythm,10.062991,0.216483,True
1367,86,13,lichen_bridge,Sol,10.5,awake,0.0,0.018,0.042,0.01,0.02,True,upright work rhythm,8.63622,0.208292,True
1368,86,13,orchid_engine,Bea,12.0,awake,0.0,0.303321,0.321321,0.0,0.01,True,upright work rhythm,11.140742,0.2367,True
1369,86,13,moss_ward,Fay,13.5,awake,0.0,0.304112,0.322112,0.0,0.01,True,upright work rhythm,6.551066,0.195308,True
1370,86,13,glass_harbor,Puck,15.0,awake,0.0,0.303545,0.327545,0.0,0.01,True,upright work rhythm,7.753294,0.211817,True
1371,86,13,cinder_garden,Wren,16.5,awake,0.0,0.0,0.018,0.0,0.01,True,upright work rhythm,10.24638,0.242525,True
1372,86,13,lichen_bridge,Kio,18.0,awake,0.0,0.407448,0.431448,0.02,0.03,True,upright work rhythm,9.145894,0.234333,True
1373,86,13,orchid_engine,Cai,19.5,awake,0.0,0.204809,0.222809,0.02,0.03,True,upright work rhythm,11.450352,0.262742,True
1374,86,13,moss_ward,Milo,21.0,awake,0.0,0.204417,0.222417,0.02,0.03,True,upright work rhythm,6.860191,0.22135,True
1375,86,13,glass_harbor,Sera,22.5,asleep,0.80752,0.036,0.0,0.02,0.0,True,"curled posture, low breath rhythm",7.969,0.237858,True
1376,87,13,lichen_bridge,Kio,0.0,asleep,0.80752,0.431448,0.374921,0.03,0.0,True,"curled posture, low breath rhythm",8.282718,0.255167,True
1377,87,13,orchid_engine,Cai,1.5,asleep,0.80752,0.222809,0.166282,0.03,0.0,True,"curled posture, low breath rhythm",10.587176,0.283575,True
1378,87,13,moss_ward,Milo,3.0,asleep,0.80752,0.222417,0.16589,0.03,0.0,True,"curled posture, low breath rhythm",5.997015,0.242183,True
1379,87,13,glass_harbor,Sera,4.5,asleep,0.813,0.0,0.0,0.0,0.0,True,"curled posture, low breath rhythm",7.129,0.258692,True
1380,87,13,cinder_garden,Juno,6.0,awake,0.0,0.304368,0.328368,0.01,0.02,True,upright work rhythm,9.883631,0.2894,True
1381,87,13,lichen_bridge,Luma,7.5,awake,0.0,0.305407,0.323407,0.01,0.02,True,upright work rhythm,8.611597,0.281208,True
1382,87,13,orchid_engine,Dax,9.0,awake,0.0,0.202567,0.220567,0.01,0.02,True,upright work rhythm,10.959433,0.309617,True
1383,87,13,moss_ward,Tala,10.5,awake,0.0,0.018,0.036,0.01,0.02,True,upright work rhythm,6.29376,0.268225,True
1384,87,13,glass_harbor,Nia,12.0,awake,0.0,0.149367,0.167367,0.0,0.01,True,upright work rhythm,7.547621,0.284733,True
1385,87,13,cinder_garden,Pax,13.5,awake,0.0,0.35412,0.37812,0.0,0.01,True,upright work rhythm,10.254029,0.315442,True
1386,87,13,lichen_bridge,Rin,15.0,awake,0.0,0.250706,0.268706,0.0,0.01,True,upright work rhythm,8.93917,0.30725,True
1387,87,13,orchid_engine,Eli,16.5,awake,0.0,0.0,0.018,0.0,0.01,True,upright work rhythm,11.22638,0.335658,True
1388,87,13,moss_ward,Ari,18.0,awake,0.0,0.322567,0.340567,0.02,0.03,True,upright work rhythm,6.768633,0.294267,True
1389,87,13,glass_harbor,Oren,19.5,awake,0.0,0.329264,0.347264,0.02,0.03,True,upright work rhythm,7.971378,0.310775,True
1390,87,13,cinder_garden,Vale,21.0,awake,0.0,0.424368,0.448368,0.02,0.03,True,upright work rhythm,10.632831,0.341483,True
1391,87,13,lichen_bridge,Sol,22.5,asleep,0.80752,0.042,0.0,0.02,0.0,True,"curled posture, low breath rhythm",9.179,0.333292,True
1392,88,13,moss_ward,Ari,0.0,asleep,0.80752,0.340567,0.284041,0.03,0.0,True,"curled posture, low breath rhythm",5.905457,0.3151,True
1393,88,13,glass_harbor,Oren,1.5,asleep,0.80752,0.347264,0.290738,0.03,0.0,True,"curled posture, low breath rhythm",7.108203,0.331608,True
1394,88,13,cinder_garden,Vale,3.0,asleep,0.80752,0.448368,0.391842,0.03,0.0,True,"curled posture, low breath rhythm",9.769655,0.362317,True
1395,88,13,lichen_bridge,Sol,4.5,asleep,0.813,0.0,0.0,0.0,0.0,True,"curled posture, low breath rhythm",8.339,0.354125,True
1396,88,13,orchid_engine,Bea,6.0,awake,0.0,0.321321,0.339321,0.01,0.02,True,upright work rhythm,10.868122,0.382533,True
1397,88,13,moss_ward,Fay,7.5,awake,0.0,0.322112,0.340112,0.01,0.02,True,upright work rhythm,6.278446,0.341142,True
1398,88,13,glass_harbor,Puck,9.0,awake,0.0,0.327545,0.345545,0.01,0.02,True,upright work rhythm,7.480674,0.35765,True
1399,88,13,cinder_garden,Wren,10.5,awake,0.0,0.018,0.036,0.01,0.02,True,upright work rhythm,9.97376,0.388358,True
1400,88,13,lichen_bridge,Kio,12.0,awake,0.0,0.374921,0.392921,0.0,0.01,True,upright work rhythm,8.850098,0.380167,True
1401,88,13,orchid_engine,Cai,13.5,awake,0.0,0.166282,0.184282,0.0,0.01,True,upright work rhythm,11.154556,0.408575,True
1402,88,13,moss_ward,Milo,15.0,awake,0.0,0.16589,0.18389,0.0,0.01,True,upright work rhythm,6.564395,0.367183,True
1403,88,13,glass_harbor,Sera,16.5,awake,0.0,0.0,0.018,0.0,0.01,True,upright work rhythm,7.69638,0.383692,True
1404,88,13,cinder_garden,Juno,18.0,awake,0.0,0.328368,0.346368,0.02,0.03,True,upright work rhythm,10.451011,0.4144,True
1405,88,13,lichen_bridge,Luma,19.5,awake,0.0,0.323407,0.341407,0.02,0.03,True,upright work rhythm,9.178977,0.406208,True
1406,88,13,orchid_engine,Dax,21.0,awake,0.0,0.220567,0.238567,0.02,0.03,True,upright work rhythm,11.526813,0.434617,True
1407,88,13,moss_ward,Tala,22.5,asleep,0.80752,0.036,0.0,0.02,0.0,True,"curled posture, low breath rhythm",6.839,0.393225,True
1408,89,13,cinder_garden,Juno,0.0,asleep,0.80752,0.346368,0.289842,0.03,0.0,True,"curled posture, low breath rhythm",9.587835,0.435233,True
1409,89,13,lichen_bridge,Luma,1.5,asleep,0.80752,0.341407,0.284881,0.03,0.0,True,"curled posture, low breath rhythm",8.315801,0.427042,True
1410,89,13,orchid_engine,Dax,3.0,asleep,0.80752,0.238567,0.182041,0.03,0.0,True,"curled posture, low breath rhythm",10.663637,0.45545,True
1411,89,13,moss_ward,Tala,4.5,asleep,0.813,0.0,0.0,0.0,0.0,True,"curled posture, low breath rhythm",5.999,0.414058,True
1412,89,13,glass_harbor,Nia,6.0,awake,0.0,0.167367,0.185367,0.01,0.02,True,upright work rhythm,7.275001,0.430567,True
1413,89,13,cinder_garden,Pax,7.5,awake,0.0,0.37812,0.40212,0.01,0.02,True,upright work rhythm,9.983869,0.461275,True
1414,89,13,lichen_bridge,Rin,9.0,awake,0.0,0.268706,0.286706,0.01,0.02,True,upright work rhythm,8.66655,0.453083,True
1415,89,13,orchid_engine,Eli,10.5,awake,0.0,0.018,0.042,0.01,0.02,True,upright work rhythm,10.95622,0.481492,True
1416,89,13,moss_ward,Ari,12.0,awake,0.0,0.284041,0.308041,0.0,0.01,True,upright work rhythm,6.475297,0.4401,True
1417,89,13,glass_harbor,Oren,13.5,awake,0.0,0.290738,0.308738,0.0,0.01,True,upright work rhythm,7.675583,0.456608,True
1418,89,13,cinder_garden,Vale,15.0,awake,0.0,0.391842,0.415842,0.0,0.01,True,upright work rhythm,10.339495,0.487317,True
1419,89,13,lichen_bridge,Sol,16.5,awake,0.0,0.0,0.018,0.0,0.01,True,upright work rhythm,8.90638,0.479125,True
1420,89,13,orchid_engine,Bea,18.0,awake,0.0,0.339321,0.363321,0.02,0.03,True,upright work rhythm,11.437962,0.507533,True
1421,89,13,moss_ward,Fay,19.5,awake,0.0,0.340112,0.364112,0.02,0.03,True,upright work rhythm,6.848286,0.466142,True
1422,89,13,glass_harbor,Puck,21.0,awake,0.0,0.345545,0.363545,0.02,0.03,True,upright work rhythm,8.048054,0.48265,True
1423,89,13,cinder_garden,Wren,22.5,asleep,0.80752,0.036,0.0,0.02,0.0,True,"curled posture, low breath rhythm",10.519,0.513358,True
1424,90,13,orchid_engine,Bea,0.0,asleep,0.80752,0.363321,0.306795,0.03,0.0,True,"curled posture, low breath rhythm",10.574786,0.528367,True
1425,90,13,moss_ward,Fay,1.5,asleep,0.80752,0.364112,0.307586,0.03,0.0,True,"curled posture, low breath rhythm",5.98511,0.486975,True
1426,90,13,glass_harbor,Puck,3.0,asleep,0.80752,0.363545,0.307019,0.03,0.0,True,"curled posture, low breath rhythm",7.184878,0.503483,True
1427,90,13,cinder_garden,Wren,4.5,asleep,0.813,0.0,0.0,0.0,0.0,True,"curled posture, low breath rhythm",9.679,0.534192,True
1428,90,13,lichen_bridge,Kio,6.0,awake,0.0,0.392921,0.416921,0.01,0.02,True,upright work rhythm,8.579938,0.526,True
1429,90,13,orchid_engine,Cai,7.5,awake,0.0,0.184282,0.202282,0.01,0.02,True,upright work rhythm,10.881936,0.554408,True
1430,90,13,moss_ward,Milo,9.0,awake,0.0,0.18389,0.20189,0.01,0.02,True,upright work rhythm,6.291775,0.513017,True
1431,90,13,glass_harbor,Sera,10.5,awake,0.0,0.018,0.036,0.01,0.02,True,upright work rhythm,7.42376,0.529525,True
1432,90,13,cinder_garden,Juno,12.0,awake,0.0,0.289842,0.307842,0.0,0.01,True,upright work rhythm,10.155215,0.560233,True
1433,90,13,lichen_bridge,Luma,13.5,awake,0.0,0.284881,0.308881,0.0,0.01,True,upright work rhythm,8.885641,0.552042,True
1434,90,13,orchid_engine,Dax,15.0,awake,0.0,0.182041,0.200041,0.0,0.01,True,upright work rhythm,11.231017,0.58045,True
1435,90,13,moss_ward,Tala,16.5,awake,0.0,0.0,0.018,0.0,0.01,True,upright work rhythm,6.56638,0.539058,True
1436,90,13,glass_harbor,Nia,18.0,awake,0.0,0.185367,0.203367,0.02,0.03,True,upright work rhythm,7.842381,0.555567,True
1437,90,13,cinder_garden,Pax,19.5,awake,0.0,0.40212,0.42012,0.02,0.03,True,upright work rhythm,10.551249,0.586275,True
1438,90,13,lichen_bridge,Rin,21.0,awake,0.0,0.286706,0.310706,0.02,0.03,True,upright work rhythm,9.23639,0.578083,True
1439,90,13,orchid_engine,Eli,22.5,asleep,0.80752,0.042,0.0,0.02,0.0,True,"curled posture, low breath rhythm",11.499,0.606492,True
1440,91,13,glass_harbor,Nia,0.0,asleep,0.80752,0.203367,0.146841,0.03,0.0,True,"curled posture, low breath rhythm",6.979205,0.5764,True
1441,91,13,cinder_garden,Pax,1.5,asleep,0.80752,0.42012,0.363594,0.03,0.0,True,"curled posture, low breath rhythm",9.688074,0.607108,True
1442,91,13,lichen_bridge,Rin,3.0,asleep,0.80752,0.310706,0.25418,0.03,0.0,True,"curled posture, low breath rhythm",8.373214,0.598917,True
1443,91,13,orchid_engine,Eli,4.5,asleep,0.813,0.0,0.0,0.0,0.0,True,"curled posture, low breath rhythm",10.659,0.627325,True
1444,91,13,moss_ward,Ari,6.0,awake,0.0,0.308041,0.326041,0.01,0.02,True,upright work rhythm,6.202677,0.585933,True
1445,91,13,glass_harbor,Oren,7.5,awake,0.0,0.308738,0.332738,0.01,0.02,True,upright work rhythm,7.405423,0.602442,True
1446,91,13,cinder_garden,Vale,9.0,awake,0.0,0.415842,0.433842,0.01,0.02,True,upright work rhythm,10.066875,0.63315,True
1447,91,13,lichen_bridge,Sol,10.5,awake,0.0,0.018,0.042,0.01,0.02,True,upright work rhythm,8.63622,0.624958,True
1448,91,13,orchid_engine,Bea,12.0,awake,0.0,0.306795,0.324795,0.0,0.01,True,upright work rhythm,11.142166,0.653367,True
1449,91,13,moss_ward,Fay,13.5,awake,0.0,0.307586,0.325586,0.0,0.01,True,upright work rhythm,6.55249,0.611975,True
1450,91,13,glass_harbor,Puck,15.0,awake,0.0,0.307019,0.331019,0.0,0.01,True,upright work rhythm,7.754718,0.628483,True
1451,91,13,cinder_garden,Wren,16.5,awake,0.0,0.0,0.018,0.0,0.01,True,upright work rhythm,10.24638,0.659192,True
1452,91,13,lichen_bridge,Kio,18.0,awake,0.0,0.416921,0.440921,0.02,0.03,True,upright work rhythm,9.149778,0.651,True
1453,91,13,orchid_engine,Cai,19.5,awake,0.0,0.202282,0.220282,0.02,0.03,True,upright work rhythm,11.449316,0.679408,True
1454,91,13,moss_ward,Milo,21.0,awake,0.0,0.20189,0.21989,0.02,0.03,True,upright work rhythm,6.859155,0.638017,True
1455,91,13,glass_harbor,Sera,22.5,asleep,0.80752,0.036,0.0,0.02,0.0,True,"curled posture, low breath rhythm",7.969,0.654525,True
1456,92,14,lichen_bridge,Kio,0.0,asleep,0.80752,0.440921,0.384395,0.03,0.0,True,"curled posture, low breath rhythm",8.299602,0.672833,True
1457,92,14,orchid_engine,Cai,1.5,asleep,0.80752,0.220282,0.163756,0.03,0.0,True,"curled posture, low breath rhythm",10.59914,0.701242,True
1458,92,14,moss_ward,Milo,3.0,asleep,0.80752,0.21989,0.163364,0.03,0.0,True,"curled posture, low breath rhythm",6.008979,0.65985,True
1459,92,14,glass_harbor,Sera,4.5,asleep,0.813,0.0,0.0,0.0,0.0,True,"curled posture, low breath rhythm",7.142,0.676358,True
1460,92,14,cinder_garden,Juno,6.0,awake,0.0,0.307842,0.331842,0.01,0.02,True,upright work rhythm,9.898055,0.707067,True
1461,92,14,lichen_bridge,Luma,7.5,awake,0.0,0.308881,0.326881,0.01,0.02,True,upright work rhythm,8.626021,0.698875,True
1462,92,14,orchid_engine,Dax,9.0,awake,0.0,0.200041,0.218041,0.01,0.02,True,upright work rhythm,10.971397,0.727283,True
1463,92,14,moss_ward,Tala,10.5,awake,0.0,0.018,0.036,0.01,0.02,True,upright work rhythm,6.30676,0.685892,True
1464,92,14,glass_harbor,Nia,12.0,awake,0.0,0.146841,0.164841,0.0,0.01,True,upright work rhythm,7.559585,0.7024,True
1465,92,14,cinder_garden,Pax,13.5,awake,0.0,0.363594,0.387594,0.0,0.01,True,upright work rhythm,10.270914,0.733108,True
1466,92,14,lichen_bridge,Rin,15.0,awake,0.0,0.25418,0.27218,0.0,0.01,True,upright work rhythm,8.953594,0.724917,True
1467,92,14,orchid_engine,Eli,16.5,awake,0.0,0.0,0.018,0.0,0.01,True,upright work rhythm,11.23938,0.753325,True
1468,92,14,moss_ward,Ari,18.0,awake,0.0,0.326041,0.344041,0.02,0.03,True,upright work rhythm,6.783057,0.711933,True
1469,92,14,glass_harbor,Oren,19.5,awake,0.0,0.332738,0.350738,0.02,0.03,True,upright work rhythm,7.985803,0.728442,True
1470,92,14,cinder_garden,Vale,21.0,awake,0.0,0.433842,0.457842,0.02,0.03,True,upright work rhythm,10.649715,0.75915,True
1471,92,14,lichen_bridge,Sol,22.5,asleep,0.80752,0.042,0.0,0.02,0.0,True,"curled posture, low breath rhythm",9.192,0.750958,True
1472,93,14,moss_ward,Ari,0.0,asleep,0.80752,0.344041,0.287514,0.03,0.0,True,"curled posture, low breath rhythm",5.919881,0.732767,True
1473,93,14,glass_harbor,Oren,1.5,asleep,0.80752,0.350738,0.294212,0.03,0.0,True,"curled posture, low breath rhythm",7.122627,0.749275,True
1474,93,14,cinder_garden,Vale,3.0,asleep,0.80752,0.457842,0.401316,0.03,0.0,True,"curled posture, low breath rhythm",9.786539,0.779983,True
1475,93,14,lichen_bridge,Sol,4.5,asleep,0.813,0.0,0.0,0.0,0.0,True,"curled posture, low breath rhythm",8.352,0.771792,True
1476,93,14,orchid_engine,Bea,6.0,awake,0.0,0.324795,0.342795,0.01,0.02,True,upright work rhythm,10.882546,0.8002,True
1477,93,14,moss_ward,Fay,7.5,awake,0.0,0.325586,0.343586,0.01,0.02,True,upright work rhythm,6.29287,0.758808,True
1478,93,14,glass_harbor,Puck,9.0,awake,0.0,0.331019,0.349019,0.01,0.02,True,upright work rhythm,7.495098,0.775317,True
1479,93,14,cinder_garden,Wren,10.5,awake,0.0,0.018,0.036,0.01,0.02,True,upright work rhythm,9.98676,0.806025,True
1480,93,14,lichen_bridge,Kio,12.0,awake,0.0,0.384395,0.402395,0.0,0.01,True,upright work rhythm,8.866982,0.797833,True
1481,93,14,orchid_engine,Cai,13.5,awake,0.0,0.163756,0.181756,0.0,0.01,True,upright work rhythm,11.16652,0.826242,True
1482,93,14,moss_ward,Milo,15.0,awake,0.0,0.163364,0.181364,0.0,0.01,True,upright work rhythm,6.576359,0.78485,True
1483,93,14,glass_harbor,Sera,16.5,awake,0.0,0.0,0.018,0.0,0.01,True,upright work rhythm,7.70938,0.801358,True
1484,93,14,cinder_garden,Juno,18.0,awake,0.0,0.331842,0.349842,0.02,0.03,True,upright work rhythm,10.465435,0.832067,True
1485,93,14,lichen_bridge,Luma,19.5,awake,0.0,0.326881,0.344881,0.02,0.03,True,upright work rhythm,9.193401,0.823875,True
1486,93,14,orchid_engine,Dax,21.0,awake,0.0,0.218041,0.236041,0.02,0.03,True,upright work rhythm,11.538777,0.852283,True
1487,93,14,moss_ward,Tala,22.5,asleep,0.80752,0.036,0.0,0.02,0.0,True,"curled posture, low breath rhythm",6.852,0.810892,True
1488,94,14,cinder_garden,Juno,0.0,asleep,0.80752,0.349842,0.293316,0.03,0.0,True,"curled posture, low breath rhythm",9.602259,0.8529,True
1489,94,14,lichen_bridge,Luma,1.5,asleep,0.80752,0.344881,0.288354,0.03,0.0,True,"curled posture, low breath rhythm",8.330225,0.844708,True
1490,94,14,orchid_engine,Dax,3.0,asleep,0.80752,0.236041,0.179514,0.03,0.0,True,"curled posture, low breath rhythm",10.675601,0.873117,True
1491,94,14,moss_ward,Tala,4.5,asleep,0.813,0.0,0.0,0.0,0.0,True,"curled posture, low breath rhythm",6.012,0.831725,True
1492,94,14,glass_harbor,Nia,6.0,awake,0.0,0.164841,0.182841,0.01,0.02,True,upright work rhythm,7.286965,0.848233,True
1493,94,14,cinder_garden,Pax,7.5,awake,0.0,0.387594,0.411594,0.01,0.02,True,upright work rhythm,10.000754,0.878942,True
1494,94,14,lichen_bridge,Rin,9.0,awake,0.0,0.27218,0.29018,0.01,0.02,True,upright work rhythm,8.680974,0.87075,True
1495,94,14,orchid_engine,Eli,10.5,awake,0.0,0.018,0.042,0.01,0.02,True,upright work rhythm,10.96922,0.899158,True
1496,94,14,moss_ward,Ari,12.0,awake,0.0,0.287514,0.311514,0.0,0.01,True,upright work rhythm,6.489721,0.857767,True
1497,94,14,glass_harbor,Oren,13.5,awake,0.0,0.294212,0.312212,0.0,0.01,True,upright work rhythm,7.690007,0.874275,True
1498,94,14,cinder_garden,Vale,15.0,awake,0.0,0.401316,0.425316,0.0,0.01,True,upright work rhythm,10.356379,0.904983,True
1499,94,14,lichen_bridge,Sol,16.5,awake,0.0,0.0,0.018,0.0,0.01,True,upright work rhythm,8.91938,0.896792,True
1500,94,14,orchid_engine,Bea,18.0,awake,0.0,0.342795,0.366795,0.02,0.03,True,upright work rhythm,11.452386,0.9252,True
1501,94,14,moss_ward,Fay,19.5,awake,0.0,0.343586,0.367586,0.02,0.03,True,upright work rhythm,6.86271,0.883808,True
1502,94,14,glass_harbor,Puck,21.0,awake,0.0,0.349019,0.367019,0.02,0.03,True,upright work rhythm,8.062478,0.900317,True
1503,94,14,cinder_garden,Wren,22.5,asleep,0.80752,0.036,0.0,0.02,0.0,True,"curled posture, low breath rhythm",10.532,0.931025,True
1504,95,14,orchid_engine,Bea,0.0,asleep,0.80752,0.366795,0.310268,0.03,0.0,True,"curled posture, low breath rhythm",10.58921,0.946033,True
1505,95,14,moss_ward,Fay,1.5,asleep,0.80752,0.367586,0.311059,0.03,0.0,True,"curled posture, low breath rhythm",5.999534,0.904642,True
1506,95,14,glass_harbor,Puck,3.0,asleep,0.80752,0.367019,0.310492,0.03,0.0,True,"curled posture, low breath rhythm",7.199302,0.92115,True
1507,95,14,cinder_garden,Wren,4.5,asleep,0.813,0.0,0.0,0.0,0.0,True,"curled posture, low breath rhythm",9.692,0.951858,True
1508,95,14,lichen_bridge,Kio,6.0,awake,0.0,0.402395,0.426395,0.01,0.02,True,upright work rhythm,8.596822,0.943667,True
1509,95,14,orchid_engine,Cai,7.5,awake,0.0,0.181756,0.199756,0.01,0.02,True,upright work rhythm,10.8939,0.972075,True
1510,95,14,moss_ward,Milo,9.0,awake,0.0,0.181364,0.199364,0.01,0.02,True,upright work rhythm,6.303739,0.930683,True
1511,95,14,glass_harbor,Sera,10.5,awake,0.0,0.018,0.036,0.01,0.02,True,upright work rhythm,7.43676,0.947192,True
1512,95,14,cinder_garden,Juno,12.0,awake,0.0,0.293316,0.311316,0.0,0.01,True,upright work rhythm,10.169639,0.9779,True
1513,95,14,lichen_bridge,Luma,13.5,awake,0.0,0.288354,0.312354,0.0,0.01,True,upright work rhythm,8.900065,0.969708,True
1514,95,14,orchid_engine,Dax,15.0,awake,0.0,0.179514,0.197514,0.0,0.01,True,upright work rhythm,11.242981,0.998117,True
1515,95,14,moss_ward,Tala,16.5,awake,0.0,0.0,0.018,0.0,0.01,True,upright work rhythm,6.57938,0.956725,True
1516,95,14,glass_harbor,Nia,18.0,awake,0.0,0.182841,0.200841,0.02,0.03,True,upright work rhythm,7.854345,0.973233,True
1517,95,14,cinder_garden,Pax,19.5,awake,0.0,0.411594,0.429594,0.02,0.03,True,upright work rhythm,10.568134,0.003942,True
1518,95,14,lichen_bridge,Rin,21.0,awake,0.0,0.29018,0.31418,0.02,0.03,True,upright work rhythm,9.250814,0.99575,True
1519,95,14,orchid_engine,Eli,22.5,asleep,0.80752,0.042,0.0,0.02,0.0,True,"curled posture, low breath rhythm",11.512,0.024158,True
1520,96,14,glass_harbor,Nia,0.0,asleep,0.80752,0.200841,0.144314,0.03,0.0,True,"curled posture, low breath rhythm",6.991169,0.994067,True
1521,96,14,cinder_garden,Pax,1.5,asleep,0.80752,0.429594,0.373068,0.03,0.0,True,"curled posture, low breath rhythm",9.704958,0.024775,True
1522,96,14,lichen_bridge,Rin,3.0,asleep,0.80752,0.31418,0.257654,0.03,0.0,True,"curled posture, low breath rhythm",8.387638,0.016583,True
1523,96,14,orchid_engine,Eli,4.5,asleep,0.813,0.0,0.0,0.0,0.0,True,"curled posture, low breath rhythm",10.672,0.044992,True
1524,96,14,moss_ward,Ari,6.0,awake,0.0,0.311514,0.329514,0.01,0.02,True,upright work rhythm,6.217101,0.0036,True
1525,96,14,glass_harbor,Oren,7.5,awake,0.0,0.312212,0.336212,0.01,0.02,True,upright work rhythm,7.419847,0.020108,True
1526,96,14,cinder_garden,Vale,9.0,awake,0.0,0.425316,0.443316,0.01,0.02,True,upright work rhythm,10.083759,0.050817,True
1527,96,14,lichen_bridge,Sol,10.5,awake,0.0,0.018,0.042,0.01,0.02,True,upright work rhythm,8.64922,0.042625,True
1528,96,14,orchid_engine,Bea,12.0,awake,0.0,0.310268,0.328268,0.0,0.01,True,upright work rhythm,11.15659,0.071033,True
1529,96,14,moss_ward,Fay,13.5,awake,0.0,0.311059,0.329059,0.0,0.01,True,upright work rhythm,6.566914,0.029642,True
1530,96,14,glass_harbor,Puck,15.0,awake,0.0,0.310492,0.334492,0.0,0.01,True,upright work rhythm,7.769142,0.04615,True
1531,96,14,cinder_garden,Wren,16.5,awake,0.0,0.0,0.018,0.0,0.01,True,upright work rhythm,10.25938,0.076858,True
1532,96,14,lichen_bridge,Kio,18.0,awake,0.0,0.426395,0.450395,0.02,0.03,True,upright work rhythm,9.166662,0.068667,True
1533,96,14,orchid_engine,Cai,19.5,awake,0.0,0.199756,0.217756,0.02,0.03,True,upright work rhythm,11.46128,0.097075,True
1534,96,14,moss_ward,Milo,21.0,awake,0.0,0.199364,0.217364,0.02,0.03,True,upright work rhythm,6.871119,0.055683,True
1535,96,14,glass_harbor,Sera,22.5,asleep,0.80752,0.036,0.0,0.02,0.0,True,"curled posture, low breath rhythm",7.982,0.072192,True
1536,97,14,lichen_bridge,Kio,0.0,asleep,0.80752,0.450395,0.393869,0.03,0.0,True,"curled posture, low breath rhythm",8.303486,0.0895,True
1537,97,14,orchid_engine,Cai,1.5,asleep,0.80752,0.217756,0.161229,0.03,0.0,True,"curled posture, low breath rhythm",10.598104,0.117908,True
1538,97,14,moss_ward,Milo,3.0,asleep,0.80752,0.217364,0.160837,0.03,0.0,True,"curled posture, low breath rhythm",6.007943,0.076517,True
1539,97,14,glass_harbor,Sera,4.5,asleep,0.813,0.0,0.0,0.0,0.0,True,"curled posture, low breath rhythm",7.142,0.093025,True
1540,97,14,cinder_garden,Juno,6.0,awake,0.0,0.311316,0.335316,0.01,0.02,True,upright work rhythm,9.899479,0.123733,True
1541,97,14,lichen_bridge,Luma,7.5,awake,0.0,0.312354,0.330354,0.01,0.02,True,upright work rhythm,8.627445,0.115542,True
1542,97,14,orchid_engine,Dax,9.0,awake,0.0,0.197514,0.215514,0.01,0.02,True,upright work rhythm,10.970361,0.14395,True
1543,97,14,moss_ward,Tala,10.5,awake,0.0,0.018,0.036,0.01,0.02,True,upright work rhythm,6.30676,0.102558,True
1544,97,14,glass_harbor,Nia,12.0,awake,0.0,0.144314,0.162314,0.0,0.01,True,upright work rhythm,7.558549,0.119067,True
1545,97,14,cinder_garden,Pax,13.5,awake,0.0,0.373068,0.397068,0.0,0.01,True,upright work rhythm,10.274798,0.149775,True
1546,97,14,lichen_bridge,Rin,15.0,awake,0.0,0.257654,0.275654,0.0,0.01,True,upright work rhythm,8.955018,0.141583,True
1547,97,14,orchid_engine,Eli,16.5,awake,0.0,0.0,0.018,0.0,0.01,True,upright work rhythm,11.23938,0.169992,True
1548,97,14,moss_ward,Ari,18.0,awake,0.0,0.329514,0.347514,0.02,0.03,True,upright work rhythm,6.784481,0.1286,True
1549,97,14,glass_harbor,Oren,19.5,awake,0.0,0.336212,0.354212,0.02,0.03,True,upright work rhythm,7.987227,0.145108,True
1550,97,14,cinder_garden,Vale,21.0,awake,0.0,0.443316,0.467316,0.02,0.03,True,upright work rhythm,10.653599,0.175817,True
1551,97,14,lichen_bridge,Sol,22.5,asleep,0.80752,0.042,0.0,0.02,0.0,True,"curled posture, low breath rhythm",9.192,0.167625,True
1552,98,14,moss_ward,Ari,0.0,asleep,0.80752,0.347514,0.290988,0.03,0.0,True,"curled posture, low breath rhythm",5.921305,0.149433,True
1553,98,14,glass_harbor,Oren,1.5,asleep,0.80752,0.354212,0.297685,0.03,0.0,True,"curled posture, low breath rhythm",7.124051,0.165942,True
1554,98,14,cinder_garden,Vale,3.0,asleep,0.80752,0.467316,0.410789,0.03,0.0,True,"curled posture, low breath rhythm",9.790424,0.19665,True
1555,98,14,lichen_bridge,Sol,4.5,asleep,0.813,0.0,0.0,0.0,0.0,True,"curled posture, low breath rhythm",8.352,0.188458,True
1556,98,14,orchid_engine,Bea,6.0,awake,0.0,0.328268,0.346268,0.01,0.02,True,upright work rhythm,10.88397,0.216867,True
1557,98,14,moss_ward,Fay,7.5,awake,0.0,0.329059,0.347059,0.01,0.02,True,upright work rhythm,6.294294,0.175475,True
1558,98,14,glass_harbor,Puck,9.0,awake,0.0,0.334492,0.352492,0.01,0.02,True,upright work rhythm,7.496522,0.191983,True
1559,98,14,cinder_garden,Wren,10.5,awake,0.0,0.018,0.036,0.01,0.02,True,upright work rhythm,9.98676,0.222692,True
1560,98,14,lichen_bridge,Kio,12.0,awake,0.0,0.393869,0.411869,0.0,0.01,True,upright work rhythm,8.870866,0.2145,True
1561,98,14,orchid_engine,Cai,13.5,awake,0.0,0.161229,0.179229,0.0,0.01,True,upright work rhythm,11.165484,0.242908,True
1562,98,14,moss_ward,Milo,15.0,awake,0.0,0.160837,0.178837,0.0,0.01,True,upright work rhythm,6.575323,0.201517,True
1563,98,14,glass_harbor,Sera,16.5,awake,0.0,0.0,0.018,0.0,0.01,True,upright work rhythm,7.70938,0.218025,True
1564,98,14,cinder_garden,Juno,18.0,awake,0.0,0.335316,0.353316,0.02,0.03,True,upright work rhythm,10.466859,0.248733,True
1565,98,14,lichen_bridge,Luma,19.5,awake,0.0,0.330354,0.348354,0.02,0.03,True,upright work rhythm,9.194825,0.240542,True
1566,98,14,orchid_engine,Dax,21.0,awake,0.0,0.215514,0.233514,0.02,0.03,True,upright work rhythm,11.537741,0.26895,True
1567,98,14,moss_ward,Tala,22.5,asleep,0.80752,0.036,0.0,0.02,0.0,True,"curled posture, low breath rhythm",6.852,0.227558,True
1568,99,15,cinder_garden,Juno,0.0,asleep,0.80752,0.353316,0.296789,0.03,0.0,True,"curled posture, low breath rhythm",9.616684,0.270567,True
1569,99,15,lichen_bridge,Luma,1.5,asleep,0.80752,0.348354,0.291828,0.03,0.0,True,"curled posture, low breath rhythm",8.344649,0.262375,True
1570,99,15,orchid_engine,Dax,3.0,asleep,0.80752,0.233514,0.176988,0.03,0.0,True,"curled posture, low breath rhythm",10.687565,0.290783,True
1571,99,15,moss_ward,Tala,4.5,asleep,0.813,0.0,0.0,0.0,0.0,True,"curled posture, low breath rhythm",6.025,0.249392,True
1572,99,15,glass_harbor,Nia,6.0,awake,0.0,0.162314,0.180314,0.01,0.02,True,upright work rhythm,7.298929,0.2659,True
1573,99,15,cinder_garden,Pax,7.5,awake,0.0,0.397068,0.421068,0.01,0.02,True,upright work rhythm,10.017638,0.296608,True
1574,99,15,lichen_bridge,Rin,9.0,awake,0.0,0.275654,0.293654,0.01,0.02,True,upright work rhythm,8.695398,0.288417,True
1575,99,15,orchid_engine,Eli,10.5,awake,0.0,0.018,0.042,0.01,0.02,True,upright work rhythm,10.98222,0.316825,True
1576,99,15,moss_ward,Ari,12.0,awake,0.0,0.290988,0.314988,0.0,0.01,True,upright work rhythm,6.504145,0.275433,True
1577,99,15,glass_harbor,Oren,13.5,awake,0.0,0.297685,0.315685,0.0,0.01,True,upright work rhythm,7.704431,0.291942,True
1578,99,15,cinder_garden,Vale,15.0,awake,0.0,0.410789,0.434789,0.0,0.01,True,upright work rhythm,10.373264,0.32265,True
1579,99,15,lichen_bridge,Sol,16.5,awake,0.0,0.0,0.018,0.0,0.01,True,upright work rhythm,8.93238,0.314458,True
1580,99,15,orchid_engine,Bea,18.0,awake,0.0,0.346268,0.370268,0.02,0.03,True,upright work rhythm,11.46681,0.342867,True
1581,99,15,moss_ward,Fay,19.5,awake,0.0,0.347059,0.371059,0.02,0.03,True,upright work rhythm,6.877134,0.301475,True
1582,99,15,glass_harbor,Puck,21.0,awake,0.0,0.352492,0.370492,0.02,0.03,True,upright work rhythm,8.076902,0.317983,True
1583,99,15,cinder_garden,Wren,22.5,asleep,0.80752,0.036,0.0,0.02,0.0,True,"curled posture, low breath rhythm",10.545,0.348692,True
1584,100,15,orchid_engine,Bea,0.0,asleep,0.80752,0.370268,0.313742,0.03,0.0,True,"curled posture, low breath rhythm",10.603634,0.3637,True
1585,100,15,moss_ward,Fay,1.5,asleep,0.80752,0.371059,0.314533,0.03,0.0,True,"curled posture, low breath rhythm",6.013959,0.322308,True
1586,100,15,glass_harbor,Puck,3.0,asleep,0.80752,0.370492,0.313966,0.03,0.0,True,"curled posture, low breath rhythm",7.213726,0.338817,True
1587,100,15,cinder_garden,Wren,4.5,asleep,0.813,0.0,0.0,0.0,0.0,True,"curled posture, low breath rhythm",9.705,0.369525,True
1588,100,15,lichen_bridge,Kio,6.0,awake,0.0,0.411869,0.435869,0.01,0.02,True,upright work rhythm,8.613706,0.361333,True
1589,100,15,orchid_engine,Cai,7.5,awake,0.0,0.179229,0.197229,0.01,0.02,True,upright work rhythm,10.905864,0.389742,True
1590,100,15,moss_ward,Milo,9.0,awake,0.0,0.178837,0.196837,0.01,0.02,True,upright work rhythm,6.315703,0.34835,True
1591,100,15,glass_harbor,Sera,10.5,awake,0.0,0.018,0.036,0.01,0.02,True,upright work rhythm,7.44976,0.364858,True
1592,100,15,cinder_garden,Juno,12.0,awake,0.0,0.296789,0.314789,0.0,0.01,True,upright work rhythm,10.184064,0.395567,True
1593,100,15,lichen_bridge,Luma,13.5,awake,0.0,0.291828,0.315828,0.0,0.01,True,upright work rhythm,8.914489,0.387375,True
1594,100,15,orchid_engine,Dax,15.0,awake,0.0,0.176988,0.194988,0.0,0.01,True,upright work rhythm,11.254945,0.415783,True
1595,100,15,moss_ward,Tala,16.5,awake,0.0,0.0,0.018,0.0,0.01,True,upright work rhythm,6.59238,0.374392,True
1596,100,15,glass_harbor,Nia,18.0,awake,0.0,0.180314,0.198314,0.02,0.03,True,upright work rhythm,7.866309,0.3909,True
1597,100,15,cinder_garden,Pax,19.5,awake,0.0,0.421068,0.439068,0.02,0.03,True,upright work rhythm,10.585018,0.421608,True
1598,100,15,lichen_bridge,Rin,21.0,awake,0.0,0.293654,0.317654,0.02,0.03,True,upright work rhythm,9.265238,0.413417,True
1599,100,15,orchid_engine,Eli,22.5,asleep,0.80752,0.042,0.0,0.02,0.0,True,"curled posture, low breath rhythm",11.525,0.441825,True
1600,101,15,glass_harbor,Nia,0.0,asleep,0.80752,0.198314,0.141788,0.03,0.0,True,"curled posture, low breath rhythm",7.003133,0.411733,True
1601,101,15,cinder_garden,Pax,1.5,asleep,0.80752,0.439068,0.382541,0.03,0.0,True,"curled posture, low breath rhythm",9.721842,0.442442,True
1602,101,15,lichen_bridge,Rin,3.0,asleep,0.80752,0.317654,0.261127,0.03,0.0,True,"curled posture, low breath rhythm",8.402062,0.43425,True
1603,101,15,orchid_engine,Eli,4.5,asleep,0.813,0.0,0.0,0.0,0.0,True,"curled posture, low breath rhythm",10.685,0.462658,True
1604,101,15,moss_ward,Ari,6.0,awake,0.0,0.314988,0.332988,0.01,0.02,True,upright work rhythm,6.231525,0.421267,True
1605,101,15,glass_harbor,Oren,7.5,awake,0.0,0.315685,0.339685,0.01,0.02,True,upright work rhythm,7.434271,0.437775,True
1606,101,15,cinder_garden,Vale,9.0,awake,0.0,0.434789,0.452789,0.01,0.02,True,upright work rhythm,10.100644,0.468483,True
1607,101,15,lichen_bridge,Sol,10.5,awake,0.0,0.018,0.042,0.01,0.02,True,upright work rhythm,8.66222,0.460292,True
1608,101,15,orchid_engine,Bea,12.0,awake,0.0,0.313742,0.331742,0.0,0.01,True,upright work rhythm,11.171014,0.4887,True
1609,101,15,moss_ward,Fay,13.5,awake,0.0,0.314533,0.332533,0.0,0.01,True,upright work rhythm,6.581339,0.447308,True
1610,101,15,glass_harbor,Puck,15.0,awake,0.0,0.313966,0.337966,0.0,0.01,True,upright work rhythm,7.783566,0.463817,True
1611,101,15,cinder_garden,Wren,16.5,awake,0.0,0.0,0.018,0.0,0.01,True,upright work rhythm,10.27238,0.494525,True
1612,101,15,lichen_bridge,Kio,18.0,awake,0.0,0.435869,0.459869,0.02,0.03,True,upright work rhythm,9.183546,0.486333,True
1613,101,15,orchid_engine,Cai,19.5,awake,0.0,0.197229,0.215229,0.02,0.03,True,upright work rhythm,11.473244,0.514742,True
1614,101,15,moss_ward,Milo,21.0,awake,0.0,0.196837,0.214837,0.02,0.03,True,upright work rhythm,6.883083,0.47335,True
1615,101,15,glass_harbor,Sera,22.5,asleep,0.80752,0.036,0.0,0.02,0.0,True,"curled posture, low breath rhythm",7.995,0.489858,True
1616,102,15,lichen_bridge,Kio,0.0,asleep,0.80752,0.459869,0.403342,0.03,0.0,True,"curled posture, low breath rhythm",8.32037,0.507167,True
1617,102,15,orchid_engine,Cai,1.5,asleep,0.80752,0.215229,0.158703,0.03,0.0,True,"curled posture, low breath rhythm",10.610068,0.535575,True
1618,102,15,moss_ward,Milo,3.0,asleep,0.80752,0.214837,0.158311,0.03,0.0,True,"curled posture, low breath rhythm",6.019908,0.494183,True
1619,102,15,glass_harbor,Sera,4.5,asleep,0.813,0.0,0.0,0.0,0.0,True,"curled posture, low breath rhythm",7.155,0.510692,True
1620,102,15,cinder_garden,Juno,6.0,awake,0.0,0.314789,0.338789,0.01,0.02,True,upright work rhythm,9.913904,0.5414,True
1621,102,15,lichen_bridge,Luma,7.5,awake,0.0,0.315828,0.333828,0.01,0.02,True,upright work rhythm,8.641869,0.533208,True
1622,102,15,orchid_engine,Dax,9.0,awake,0.0,0.194988,0.212988,0.01,0.02,True,upright work rhythm,10.982325,0.561617,True
1623,102,15,moss_ward,Tala,10.5,awake,0.0,0.018,0.036,0.01,0.02,True,upright work rhythm,6.31976,0.520225,True
1624,102,15,glass_harbor,Nia,12.0,awake,0.0,0.141788,0.159788,0.0,0.01,True,upright work rhythm,7.570513,0.536733,True
1625,102,15,cinder_garden,Pax,13.5,awake,0.0,0.382541,0.406541,0.0,0.01,True,upright work rhythm,10.291682,0.567442,True
1626,102,15,lichen_bridge,Rin,15.0,awake,0.0,0.261127,0.279127,0.0,0.01,True,upright work rhythm,8.969442,0.55925,True
1627,102,15,orchid_engine,Eli,16.5,awake,0.0,0.0,0.018,0.0,0.01,True,upright work rhythm,11.25238,0.587658,True
1628,102,15,moss_ward,Ari,18.0,awake,0.0,0.332988,0.350988,0.02,0.03,True,upright work rhythm,6.798905,0.546267,True
1629,102,15,glass_harbor,Oren,19.5,awake,0.0,0.339685,0.357685,0.02,0.03,True,upright work rhythm,8.001651,0.562775,True
1630,102,15,cinder_garden,Vale,21.0,awake,0.0,0.452789,0.476789,0.02,0.03,True,upright work rhythm,10.670484,0.593483,True
1631,102,15,lichen_bridge,Sol,22.5,asleep,0.80752,0.042,0.0,0.02,0.0,True,"curled posture, low breath rhythm",9.205,0.585292,True
1632,103,15,moss_ward,Ari,0.0,asleep,0.80752,0.350988,0.294462,0.03,0.0,True,"curled posture, low breath rhythm",5.935729,0.5671,True
1633,103,15,glass_harbor,Oren,1.5,asleep,0.80752,0.357685,0.301159,0.03,0.0,True,"curled posture, low breath rhythm",7.138475,0.583608,True
1634,103,15,cinder_garden,Vale,3.0,asleep,0.80752,0.476789,0.420263,0.03,0.0,True,"curled posture, low breath rhythm",9.807308,0.614317,True
1635,103,15,lichen_bridge,Sol,4.5,asleep,0.813,0.0,0.0,0.0,0.0,True,"curled posture, low breath rhythm",8.365,0.606125,True
1636,103,15,orchid_engine,Bea,6.0,awake,0.0,0.331742,0.349742,0.01,0.02,True,upright work rhythm,10.898394,0.634533,True
1637,103,15,moss_ward,Fay,7.5,awake,0.0,0.332533,0.350533,0.01,0.02,True,upright work rhythm,6.308719,0.593142,True
1638,103,15,glass_harbor,Puck,9.0,awake,0.0,0.337966,0.355966,0.01,0.02,True,upright work rhythm,7.510946,0.60965,True
1639,103,15,cinder_garden,Wren,10.5,awake,0.0,0.018,0.036,0.01,0.02,True,upright work rhythm,9.99976,0.640358,True
1640,103,15,lichen_bridge,Kio,12.0,awake,0.0,0.403342,0.421342,0.0,0.01,True,upright work rhythm,8.88775,0.632167,True
1641,103,15,orchid_engine,Cai,13.5,awake,0.0,0.158703,0.176703,0.0,0.01,True,upright work rhythm,11.177448,0.660575,True
1642,103,15,moss_ward,Milo,15.0,awake,0.0,0.158311,0.176311,0.0,0.01,True,upright work rhythm,6.587288,0.619183,True
1643,103,15,glass_harbor,Sera,16.5,awake,0.0,0.0,0.018,0.0,0.01,True,upright work rhythm,7.72238,0.635692,True
1644,103,15,cinder_garden,Juno,18.0,awake,0.0,0.338789,0.356789,0.02,0.03,True,upright work rhythm,10.481284,0.6664,True
1645,103,15,lichen_bridge,Luma,19.5,awake,0.0,0.333828,0.351828,0.02,0.03,True,upright work rhythm,9.209249,0.658208,True
1646,103,15,orchid_engine,Dax,21.0,awake,0.0,0.212988,0.230988,0.02,0.03,True,upright work rhythm,11.549705,0.686617,True
1647,103,15,moss_ward,Tala,22.5,asleep,0.80752,0.036,0.0,0.02,0.0,True,"curled posture, low breath rhythm",6.865,0.645225,True
1648,104,15,cinder_garden,Juno,0.0,asleep,0.80752,0.356789,0.300263,0.03,0.0,True,"curled posture, low breath rhythm",9.618108,0.687233,True
1649,104,15,lichen_bridge,Luma,1.5,asleep,0.80752,0.351828,0.295302,0.03,0.0,True,"curled posture, low breath rhythm",8.346074,0.679042,True
1650,104,15,orchid_engine,Dax,3.0,asleep,0.80752,0.230988,0.174462,0.03,0.0,True,"curled posture, low breath rhythm",10.686529,0.70745,True
1651,104,15,moss_ward,Tala,4.5,asleep,0.813,0.0,0.0,0.0,0.0,True,"curled posture, low breath rhythm",6.025,0.666058,True
1652,104,15,glass_harbor,Nia,6.0,awake,0.0,0.159788,0.177788,0.01,0.02,True,upright work rhythm,7.297893,0.682567,True
1653,104,15,cinder_garden,Pax,7.5,awake,0.0,0.406541,0.430541,0.01,0.02,True,upright work rhythm,10.021522,0.713275,True
1654,104,15,lichen_bridge,Rin,9.0,awake,0.0,0.279127,0.297127,0.01,0.02,True,upright work rhythm,8.696822,0.705083,True
1655,104,15,orchid_engine,Eli,10.5,awake,0.0,0.018,0.042,0.01,0.02,True,upright work rhythm,10.98222,0.733492,True
1656,104,15,moss_ward,Ari,12.0,awake,0.0,0.294462,0.318462,0.0,0.01,True,upright work rhythm,6.505569,0.6921,True
1657,104,15,glass_harbor,Oren,13.5,awake,0.0,0.301159,0.319159,0.0,0.01,True,upright work rhythm,7.705855,0.708608,True
1658,104,15,cinder_garden,Vale,15.0,awake,0.0,0.420263,0.444263,0.0,0.01,True,upright work rhythm,10.377148,0.739317,True
1659,104,15,lichen_bridge,Sol,16.5,awake,0.0,0.0,0.018,0.0,0.01,True,upright work rhythm,8.93238,0.731125,True
1660,104,15,orchid_engine,Bea,18.0,awake,0.0,0.349742,0.373742,0.02,0.03,True,upright work rhythm,11.468234,0.759533,True
1661,104,15,moss_ward,Fay,19.5,awake,0.0,0.350533,0.374533,0.02,0.03,True,upright work rhythm,6.878559,0.718142,True
1662,104,15,glass_harbor,Puck,21.0,awake,0.0,0.355966,0.373966,0.02,0.03,True,upright work rhythm,8.078326,0.73465,True
1663,104,15,cinder_garden,Wren,22.5,asleep,0.80752,0.036,0.0,0.02,0.0,True,"curled posture, low breath rhythm",10.545,0.765358,True
1664,105,15,orchid_engine,Bea,0.0,asleep,0.80752,0.373742,0.317216,0.03,0.0,True,"curled posture, low breath rhythm",10.605058,0.780367,True
1665,105,15,moss_ward,Fay,1.5,asleep,0.80752,0.374533,0.318007,0.03,0.0,True,"curled posture, low breath rhythm",6.015383,0.738975,True
1666,105,15,glass_harbor,Puck,3.0,asleep,0.80752,0.373966,0.31744,0.03,0.0,True,"curled posture, low breath rhythm",7.21515,0.755483,True
1667,105,15,cinder_garden,Wren,4.5,asleep,0.813,0.0,0.0,0.0,0.0,True,"curled posture, low breath rhythm",9.705,0.786192,True
1668,105,15,lichen_bridge,Kio,6.0,awake,0.0,0.421342,0.445342,0.01,0.02,True,upright work rhythm,8.61759,0.778,True
1669,105,15,orchid_engine,Cai,7.5,awake,0.0,0.176703,0.194703,0.01,0.02,True,upright work rhythm,10.904828,0.806408,True
1670,105,15,moss_ward,Milo,9.0,awake,0.0,0.176311,0.194311,0.01,0.02,True,upright work rhythm,6.314668,0.765017,True
1671,105,15,glass_harbor,Sera,10.5,awake,0.0,0.018,0.036,0.01,0.02,True,upright work rhythm,7.44976,0.781525,True
1672,105,15,cinder_garden,Juno,12.0,awake,0.0,0.300263,0.318263,0.0,0.01,True,upright work rhythm,10.185488,0.812233,True
1673,105,15,lichen_bridge,Luma,13.5,awake,0.0,0.295302,0.319302,0.0,0.01,True,upright work rhythm,8.915914,0.804042,True
1674,105,15,orchid_engine,Dax,15.0,awake,0.0,0.174462,0.192462,0.0,0.01,True,upright work rhythm,11.253909,0.83245,True
1675,105,15,moss_ward,Tala,16.5,awake,0.0,0.0,0.018,0.0,0.01,True,upright work rhythm,6.59238,0.791058,True
1676,105,15,glass_harbor,Nia,18.0,awake,0.0,0.177788,0.195788,0.02,0.03,True,upright work rhythm,7.865273,0.807567,True
1677,105,15,cinder_garden,Pax,19.5,awake,0.0,0.430541,0.448541,0.02,0.03,True,upright work rhythm,10.588902,0.838275,True
1678,105,15,lichen_bridge,Rin,21.0,awake,0.0,0.297127,0.321127,0.02,0.03,True,upright work rhythm,9.266662,0.830083,True
1679,105,15,orchid_engine,Eli,22.5,asleep,0.80752,0.042,0.0,0.02,0.0,True,"curled posture, low breath rhythm",11.525,0.858492,True
1680,106,16,glass_harbor,Nia,0.0,asleep,0.80752,0.195788,0.139262,0.03,0.0,True,"curled posture, low breath rhythm",7.015097,0.8294,True
1681,106,16,cinder_garden,Pax,1.5,asleep,0.80752,0.448541,0.392015,0.03,0.0,True,"curled posture, low breath rhythm",9.738726,0.860108,True
1682,106,16,lichen_bridge,Rin,3.0,asleep,0.80752,0.321127,0.264601,0.03,0.0,True,"curled posture, low breath rhythm",8.416486,0.851917,True
1683,106,16,orchid_engine,Eli,4.5,asleep,0.813,0.0,0.0,0.0,0.0,True,"curled posture, low breath rhythm",10.698,0.880325,True
1684,106,16,moss_ward,Ari,6.0,awake,0.0,0.318462,0.336462,0.01,0.02,True,upright work rhythm,6.245949,0.838933,True
1685,106,16,glass_harbor,Oren,7.5,awake,0.0,0.319159,0.343159,0.01,0.02,True,upright work rhythm,7.448695,0.855442,True
1686,106,16,cinder_garden,Vale,9.0,awake,0.0,0.444263,0.462263,0.01,0.02,True,upright work rhythm,10.117528,0.88615,True
1687,106,16,lichen_bridge,Sol,10.5,awake,0.0,0.018,0.042,0.01,0.02,True,upright work rhythm,8.67522,0.877958,True
1688,106,16,orchid_engine,Bea,12.0,awake,0.0,0.317216,0.335216,0.0,0.01,True,upright work rhythm,11.185438,0.906367,True
1689,106,16,moss_ward,Fay,13.5,awake,0.0,0.318007,0.336007,0.0,0.01,True,upright work rhythm,6.595763,0.864975,True
1690,106,16,glass_harbor,Puck,15.0,awake,0.0,0.31744,0.34144,0.0,0.01,True,upright work rhythm,7.79799,0.881483,True
1691,106,16,cinder_garden,Wren,16.5,awake,0.0,0.0,0.018,0.0,0.01,True,upright work rhythm,10.28538,0.912192,True
1692,106,16,lichen_bridge,Kio,18.0,awake,0.0,0.445342,0.469342,0.02,0.03,True,upright work rhythm,9.20043,0.904,True
1693,106,16,orchid_engine,Cai,19.5,awake,0.0,0.194703,0.212703,0.02,0.03,True,upright work rhythm,11.485208,0.932408,True
1694,106,16,moss_ward,Milo,21.0,awake,0.0,0.194311,0.212311,0.02,0.03,True,upright work rhythm,6.895048,0.891017,True
1695,106,16,glass_harbor,Sera,22.5,asleep,0.80752,0.036,0.0,0.02,0.0,True,"curled posture, low breath rhythm",8.008,0.907525,True
1696,107,16,lichen_bridge,Kio,0.0,asleep,0.80752,0.469342,0.412816,0.03,0.0,True,"curled posture, low breath rhythm",8.337254,0.924833,True
1697,107,16,orchid_engine,Cai,1.5,asleep,0.80752,0.212703,0.156177,0.03,0.0,True,"curled posture, low breath rhythm",10.622032,0.953242,True
1698,107,16,moss_ward,Milo,3.0,asleep,0.80752,0.212311,0.155785,0.03,0.0,True,"curled posture, low breath rhythm",6.031872,0.91185,True
1699,107,16,glass_harbor,Sera,4.5,asleep,0.813,0.0,0.0,0.0,0.0,True,"curled posture, low breath rhythm",7.168,0.928358,True
1700,107,16,cinder_garden,Juno,6.0,awake,0.0,0.318263,0.342263,0.01,0.02,True,upright work rhythm,9.928328,0.959067,True
1701,107,16,lichen_bridge,Luma,7.5,awake,0.0,0.319302,0.337302,0.01,0.02,True,upright work rhythm,8.656294,0.950875,True
1702,107,16,orchid_engine,Dax,9.0,awake,0.0,0.192462,0.210462,0.01,0.02,True,upright work rhythm,10.994289,0.979283,True
1703,107,16,moss_ward,Tala,10.5,awake,0.0,0.018,0.036,0.01,0.02,True,upright work rhythm,6.33276,0.937892,True
1704,107,16,glass_harbor,Nia,12.0,awake,0.0,0.139262,0.157262,0.0,0.01,True,upright work rhythm,7.582477,0.9544,True
1705,107,16,cinder_garden,Pax,13.5,awake,0.0,0.392015,0.416015,0.0,0.01,True,upright work rhythm,10.308566,0.985108,True
1706,107,16,lichen_bridge,Rin,15.0,awake,0.0,0.264601,0.282601,0.0,0.01,True,upright work rhythm,8.983866,0.976917,True
1707,107,16,orchid_engine,Eli,16.5,awake,0.0,0.0,0.018,0.0,0.01,True,upright work rhythm,11.26538,0.005325,True
1708,107,16,moss_ward,Ari,18.0,awake,0.0,0.336462,0.354462,0.02,0.03,True,upright work rhythm,6.813329,0.963933,True
1709,107,16,glass_harbor,Oren,19.5,awake,0.0,0.343159,0.361159,0.02,0.03,True,upright work rhythm,8.016075,0.980442,True
1710,107,16,cinder_garden,Vale,21.0,awake,0.0,0.462263,0.486263,0.02,0.03,True,upright work rhythm,10.687368,0.01115,True
1711,107,16,lichen_bridge,Sol,22.5,asleep,0.80752,0.042,0.0,0.02,0.0,True,"curled posture, low breath rhythm",9.218,0.002958,True
1712,108,16,moss_ward,Ari,0.0,asleep,0.80752,0.354462,0.297935,0.03,0.0,True,"curled posture, low breath rhythm",5.950153,0.984767,True
1713,108,16,glass_harbor,Oren,1.5,asleep,0.80752,0.361159,0.304632,0.03,0.0,True,"curled posture, low breath rhythm",7.152899,0.001275,True
1714,108,16,cinder_garden,Vale,3.0,asleep,0.80752,0.486263,0.429736,0.03,0.0,True,"curled posture, low breath rhythm",9.824192,0.031983,True
1715,108,16,lichen_bridge,Sol,4.5,asleep,0.813,0.0,0.0,0.0,0.0,True,"curled posture, low breath rhythm",8.378,0.023792,True
1716,108,16,orchid_engine,Bea,6.0,awake,0.0,0.335216,0.353216,0.01,0.02,True,upright work rhythm,10.912818,0.0522,True
1717,108,16,moss_ward,Fay,7.5,awake,0.0,0.336007,0.354007,0.01,0.02,True,upright work rhythm,6.323143,0.010808,True
1718,108,16,glass_harbor,Puck,9.0,awake,0.0,0.34144,0.35944,0.01,0.02,True,upright work rhythm,7.52537,0.027317,True
1719,108,16,cinder_garden,Wren,10.5,awake,0.0,0.018,0.036,0.01,0.02,True,upright work rhythm,10.01276,0.058025,True
1720,108,16,lichen_bridge,Kio,12.0,awake,0.0,0.412816,0.430816,0.0,0.01,True,upright work rhythm,8.904634,0.049833,True
1721,108,16,orchid_engine,Cai,13.5,awake,0.0,0.156177,0.174177,0.0,0.01,True,upright work rhythm,11.189412,0.078242,True
1722,108,16,moss_ward,Milo,15.0,awake,0.0,0.155785,0.173785,0.0,0.01,True,upright work rhythm,6.599252,0.03685,True
1723,108,16,glass_harbor,Sera,16.5,awake,0.0,0.0,0.018,0.0,0.01,True,upright work rhythm,7.73538,0.053358,True
1724,108,16,cinder_garden,Juno,18.0,awake,0.0,0.342263,0.360263,0.02,0.03,True,upright work rhythm,10.495708,0.084067,True
1725,108,16,lichen_bridge,Luma,19.5,awake,0.0,0.337302,0.355302,0.02,0.03,True,upright work rhythm,9.223674,0.075875,True
1726,108,16,orchid_engine,Dax,21.0,awake,0.0,0.210462,0.228462,0.02,0.03,True,upright work rhythm,11.561669,0.104283,True
1727,108,16,moss_ward,Tala,22.5,asleep,0.80752,0.036,0.0,0.02,0.0,True,"curled posture, low breath rhythm",6.878,0.062892,True
1728,109,16,cinder_garden,Juno,0.0,asleep,0.80752,0.360263,0.303736,0.03,0.0,True,"curled posture, low breath rhythm",9.632532,0.1049,True
1729,109,16,lichen_bridge,Luma,1.5,asleep,0.80752,0.355302,0.298775,0.03,0.0,True,"curled posture, low breath rhythm",8.360498,0.096708,True
1730,109,16,orchid_engine,Dax,3.0,asleep,0.80752,0.228462,0.171935,0.03,0.0,True,"curled posture, low breath rhythm",10.698493,0.125117,True
1731,109,16,moss_ward,Tala,4.5,asleep,0.813,0.0,0.0,0.0,0.0,True,"curled posture, low breath rhythm",6.038,0.083725,True
1732,109,16,glass_harbor,Nia,6.0,awake,0.0,0.157262,0.175262,0.01,0.02,True,upright work rhythm,7.309857,0.100233,True
1733,109,16,cinder_garden,Pax,7.5,awake,0.0,0.416015,0.440015,0.01,0.02,True,upright work rhythm,10.038406,0.130942,True
1734,109,16,lichen_bridge,Rin,9.0,awake,0.0,0.282601,0.300601,0.01,0.02,True,upright work rhythm,8.711246,0.12275,True
1735,109,16,orchid_engine,Eli,10.5,awake,0.0,0.018,0.042,0.01,0.02,True,upright work rhythm,10.99522,0.151158,True
1736,109,16,moss_ward,Ari,12.0,awake,0.0,0.297935,0.321935,0.0,0.01,True,upright work rhythm,6.519993,0.109767,True
1737,109,16,glass_harbor,Oren,13.5,awake,0.0,0.304632,0.322632,0.0,0.01,True,upright work rhythm,7.720279,0.126275,True
1738,109,16,cinder_garden,Vale,15.0,awake,0.0,0.429736,0.453736,0.0,0.01,True,upright work rhythm,10.394032,0.156983,True
1739,109,16,lichen_bridge,Sol,16.5,awake,0.0,0.0,0.018,0.0,0.01,True,upright work rhythm,8.94538,0.148792,True
1740,109,16,orchid_engine,Bea,18.0,awake,0.0,0.353216,0.377216,0.02,0.03,True,upright work rhythm,11.482658,0.1772,True
1741,109,16,moss_ward,Fay,19.5,awake,0.0,0.354007,0.378007,0.02,0.03,True,upright work rhythm,6.892983,0.135808,True
1742,109,16,glass_harbor,Puck,21.0,awake,0.0,0.35944,0.37744,0.02,0.03,True,upright work rhythm,8.09275,0.152317,True
1743,109,16,cinder_garden,Wren,22.5,asleep,0.80752,0.036,0.0,0.02,0.0,True,"curled posture, low breath rhythm",10.558,0.183025,True
1744,110,16,orchid_engine,Bea,0.0,asleep,0.80752,0.377216,0.320689,0.03,0.0,True,"curled posture, low breath rhythm",10.619483,0.198033,True
1745,110,16,moss_ward,Fay,1.5,asleep,0.80752,0.378007,0.32148,0.03,0.0,True,"curled posture, low breath rhythm",6.029807,0.156642,True
1746,110,16,glass_harbor,Puck,3.0,asleep,0.80752,0.37744,0.320913,0.03,0.0,True,"curled posture, low breath rhythm",7.229574,0.17315,True
1747,110,16,cinder_garden,Wren,4.5,asleep,0.813,0.0,0.0,0.0,0.0,True,"curled posture, low breath rhythm",9.718,0.203858,True
1748,110,16,lichen_bridge,Kio,6.0,awake,0.0,0.430816,0.454816,0.01,0.02,True,upright work rhythm,8.634474,0.195667,True
1749,110,16,orchid_engine,Cai,7.5,awake,0.0,0.174177,0.192177,0.01,0.02,True,upright work rhythm,10.916792,0.224075,True
1750,110,16,moss_ward,Milo,9.0,awake,0.0,0.173785,0.191785,0.01,0.02,True,upright work rhythm,6.326632,0.182683,True
1751,110,16,glass_harbor,Sera,10.5,awake,0.0,0.018,0.036,0.01,0.02,True,upright work rhythm,7.46276,0.199192,True
1752,110,16,cinder_garden,Juno,12.0,awake,0.0,0.303736,0.321736,0.0,0.01,True,upright work rhythm,10.199912,0.2299,True
1753,110,16,lichen_bridge,Luma,13.5,awake,0.0,0.298775,0.322775,0.0,0.01,True,upright work rhythm,8.930338,0.221708,True
1754,110,16,orchid_engine,Dax,15.0,awake,0.0,0.171935,0.189935,0.0,0.01,True,upright work rhythm,11.265873,0.250117,True
1755,110,16,moss_ward,Tala,16.5,awake,0.0,0.0,0.018,0.0,0.01,True,upright work rhythm,6.60538,0.208725,True
1756,110,16,glass_harbor,Nia,18.0,awake,0.0,0.175262,0.193262,0.02,0.03,True,upright work rhythm,7.877237,0.225233,True
1757,110,16,cinder_garden,Pax,19.5,awake,0.0,0.440015,0.458015,0.02,0.03,True,upright work rhythm,10.605786,0.255942,True
1758,110,16,lichen_bridge,Rin,21.0,awake,0.0,0.300601,0.324601,0.02,0.03,True,upright work rhythm,9.281086,0.24775,True
1759,110,16,orchid_engine,Eli,22.5,asleep,0.80752,0.042,0.0,0.02,0.0,True,"curled posture, low breath rhythm",11.538,0.276158,True
1760,111,16,glass_harbor,Nia,0.0,asleep,0.80752,0.193262,0.136735,0.03,0.0,True,"curled posture, low breath rhythm",7.014061,0.246067,True
1761,111,16,cinder_garden,Pax,1.5,asleep,0.80752,0.458015,0.401488,0.03,0.0,True,"curled posture, low breath rhythm",9.74261,0.276775,True
1762,111,16,lichen_bridge,Rin,3.0,asleep,0.80752,0.324601,0.268074,0.03,0.0,True,"curled posture, low breath rhythm",8.417911,0.268583,True
1763,111,16,orchid_engine,Eli,4.5,asleep,0.813,0.0,0.0,0.0,0.0,True,"curled posture, low breath rhythm",10.698,0.296992,True
1764,111,16,moss_ward,Ari,6.0,awake,0.0,0.321935,0.339935,0.01,0.02,True,upright work rhythm,6.247373,0.2556,True
1765,111,16,glass_harbor,Oren,7.5,awake,0.0,0.322632,0.346632,0.01,0.02,True,upright work rhythm,7.450119,0.272108,True
1766,111,16,cinder_garden,Vale,9.0,awake,0.0,0.453736,0.471736,0.01,0.02,True,upright work rhythm,10.121412,0.302817,True
1767,111,16,lichen_bridge,Sol,10.5,awake,0.0,0.018,0.042,0.01,0.02,True,upright work rhythm,8.67522,0.294625,True
1768,111,16,orchid_engine,Bea,12.0,awake,0.0,0.320689,0.338689,0.0,0.01,True,upright work rhythm,11.186863,0.323033,True
1769,111,16,moss_ward,Fay,13.5,awake,0.0,0.32148,0.33948,0.0,0.01,True,upright work rhythm,6.597187,0.281642,True
1770,111,16,glass_harbor,Puck,15.0,awake,0.0,0.320913,0.344913,0.0,0.01,True,upright work rhythm,7.799414,0.29815,True
1771,111,16,cinder_garden,Wren,16.5,awake,0.0,0.0,0.018,0.0,0.01,True,upright work rhythm,10.28538,0.328858,True
1772,111,16,lichen_bridge,Kio,18.0,awake,0.0,0.454816,0.478816,0.02,0.03,True,upright work rhythm,9.204314,0.320667,True
1773,111,16,orchid_engine,Cai,19.5,awake,0.0,0.192177,0.210177,0.02,0.03,True,upright work rhythm,11.484172,0.349075,True
1774,111,16,moss_ward,Milo,21.0,awake,0.0,0.191785,0.209785,0.02,0.03,True,upright work rhythm,6.894012,0.307683,True
1775,111,16,glass_harbor,Sera,22.5,asleep,0.80752,0.036,0.0,0.02,0.0,True,"curled posture, low breath rhythm",8.008,0.324192,True
1776,112,16,lichen_bridge,Kio,0.0,asleep,0.80752,0.478816,0.422289,0.03,0.0,True,"curled posture, low breath rhythm",8.341139,0.3415,True
1777,112,16,orchid_engine,Cai,1.5,asleep,0.80752,0.210177,0.15365,0.03,0.0,True,"curled posture, low breath rhythm",10.620997,0.369908,True
1778,112,16,moss_ward,Milo,3.0,asleep,0.80752,0.209785,0.153258,0.03,0.0,True,"curled posture, low breath rhythm",6.030836,0.328517,True
1779,112,16,glass_harbor,Sera,4.5,asleep,0.813,0.0,0.0,0.0,0.0,True,"curled posture, low breath rhythm",7.168,0.345025,True
1780,112,16,cinder_garden,Juno,6.0,awake,0.0,0.321736,0.345736,0.01,0.02,True,upright work rhythm,9.929752,0.375733,True
1781,112,16,lichen_bridge,Luma,7.5,awake,0.0,0.322775,0.340775,0.01,0.02,True,upright work rhythm,8.657718,0.367542,True
1782,112,16,orchid_engine,Dax,9.0,awake,0.0,0.189935,0.207935,0.01,0.02,True,upright work rhythm,10.993253,0.39595,True
1783,112,16,moss_ward,Tala,10.5,awake,0.0,0.018,0.036,0.01,0.02,True,upright work rhythm,6.33276,0.354558,True
1784,112,16,glass_harbor,Nia,12.0,awake,0.0,0.136735,0.154735,0.0,0.01,True,upright work rhythm,7.581441,0.371067,True
1785,112,16,cinder_garden,Pax,13.5,awake,0.0,0.401488,0.425488,0.0,0.01,True,upright work rhythm,10.31245,0.401775,True
1786,112,16,lichen_bridge,Rin,15.0,awake,0.0,0.268074,0.286074,0.0,0.01,True,upright work rhythm,8.985291,0.393583,True
1787,112,16,orchid_engine,Eli,16.5,awake,0.0,0.0,0.018,0.0,0.01,True,upright work rhythm,11.26538,0.421992,True
1788,112,16,moss_ward,Ari,18.0,awake,0.0,0.339935,0.357935,0.02,0.03,True,upright work rhythm,6.814753,0.3806,True
1789,112,16,glass_harbor,Oren,19.5,awake,0.0,0.346632,0.364632,0.02,0.03,True,upright work rhythm,8.017499,0.397108,True
1790,112,16,cinder_garden,Vale,21.0,awake,0.0,0.471736,0.495736,0.02,0.03,True,upright work rhythm,10.691252,0.427817,True
1791,112,16,lichen_bridge,Sol,22.5,asleep,0.80752,0.042,0.0,0.02,0.0,True,"curled posture, low breath rhythm",9.218,0.419625,True
1792,113,17,moss_ward,Ari,0.0,asleep,0.80752,0.357935,0.301409,0.03,0.0,True,"curled posture, low breath rhythm",5.964578,0.402433,True
1793,113,17,glass_harbor,Oren,1.5,asleep,0.80752,0.364632,0.308106,0.03,0.0,True,"curled posture, low breath rhythm",7.167323,0.418942,True
1794,113,17,cinder_garden,Vale,3.0,asleep,0.80752,0.495736,0.43921,0.03,0.0,True,"curled posture, low breath rhythm",9.841076,0.44965,True
1795,113,17,lichen_bridge,Sol,4.5,asleep,0.813,0.0,0.0,0.0,0.0,True,"curled posture, low breath rhythm",8.391,0.441458,True
1796,113,17,orchid_engine,Bea,6.0,awake,0.0,0.338689,0.356689,0.01,0.02,True,upright work rhythm,10.927243,0.469867,True
1797,113,17,moss_ward,Fay,7.5,awake,0.0,0.33948,0.35748,0.01,0.02,True,upright work rhythm,6.337567,0.428475,True
1798,113,17,glass_harbor,Puck,9.0,awake,0.0,0.344913,0.362913,0.01,0.02,True,upright work rhythm,7.539794,0.444983,True
1799,113,17,cinder_garden,Wren,10.5,awake,0.0,0.018,0.036,0.01,0.02,True,upright work rhythm,10.02576,0.475692,True
1800,113,17,lichen_bridge,Kio,12.0,awake,0.0,0.422289,0.440289,0.0,0.01,True,upright work rhythm,8.921519,0.4675,True
1801,113,17,orchid_engine,Cai,13.5,awake,0.0,0.15365,0.17165,0.0,0.01,True,upright work rhythm,11.201377,0.495908,True
1802,113,17,moss_ward,Milo,15.0,awake,0.0,0.153258,0.171258,0.0,0.01,True,upright work rhythm,6.611216,0.454517,True
1803,113,17,glass_harbor,Sera,16.5,awake,0.0,0.0,0.018,0.0,0.01,True,upright work rhythm,7.74838,0.471025,True
1804,113,17,cinder_garden,Juno,18.0,awake,0.0,0.345736,0.363736,0.02,0.03,True,upright work rhythm,10.510132,0.501733,True
1805,113,17,lichen_bridge,Luma,19.5,awake,0.0,0.340775,0.358775,0.02,0.03,True,upright work rhythm,9.238098,0.493542,True
1806,113,17,orchid_engine,Dax,21.0,awake,0.0,0.207935,0.225935,0.02,0.03,True,upright work rhythm,11.573633,0.52195,True
1807,113,17,moss_ward,Tala,22.5,asleep,0.80752,0.036,0.0,0.02,0.0,True,"curled posture, low breath rhythm",6.891,0.480558,True
1808,114,17,cinder_garden,Juno,0.0,asleep,0.80752,0.363736,0.30721,0.03,0.0,True,"curled posture, low breath rhythm",9.646956,0.522567,True
1809,114,17,lichen_bridge,Luma,1.5,asleep,0.80752,0.358775,0.302249,0.03,0.0,True,"curled posture, low breath rhythm",8.374922,0.514375,True
1810,114,17,orchid_engine,Dax,3.0,asleep,0.80752,0.225935,0.169409,0.03,0.0,True,"curled posture, low breath rhythm",10.710458,0.542783,True
1811,114,17,moss_ward,Tala,4.5,asleep,0.813,0.0,0.0,0.0,0.0,True,"curled posture, low breath rhythm",6.051,0.501392,True
1812,114,17,glass_harbor,Nia,6.0,awake,0.0,0.154735,0.172735,0.01,0.02,True,upright work rhythm,7.321821,0.5179,True
1813,114,17,cinder_garden,Pax,7.5,awake,0.0,0.425488,0.449488,0.01,0.02,True,upright work rhythm,10.05529,0.548608,True
1814,114,17,lichen_bridge,Rin,9.0,awake,0.0,0.286074,0.304074,0.01,0.02,True,upright work rhythm,8.725671,0.540417,True
1815,114,17,orchid_engine,Eli,10.5,awake,0.0,0.018,0.042,0.01,0.02,True,upright work rhythm,11.00822,0.568825,True
1816,114,17,moss_ward,Ari,12.0,awake,0.0,0.301409,0.325409,0.0,0.01,True,upright work rhythm,6.534418,0.527433,True
1817,114,17,glass_harbor,Oren,13.5,awake,0.0,0.308106,0.326106,0.0,0.01,True,upright work rhythm,7.734703,0.543942,True
1818,114,17,cinder_garden,Vale,15.0,awake,0.0,0.43921,0.46321,0.0,0.01,True,upright work rhythm,10.410916,0.57465,True
1819,114,17,lichen_bridge,Sol,16.5,awake,0.0,0.0,0.018,0.0,0.01,True,upright work rhythm,8.95838,0.566458,True
1820,114,17,orchid_engine,Bea,18.0,awake,0.0,0.356689,0.380689,0.02,0.03,True,upright work rhythm,11.497083,0.594867,True
1821,114,17,moss_ward,Fay,19.5,awake,0.0,0.35748,0.38148,0.02,0.03,True,upright work rhythm,6.907407,0.553475,True
1822,114,17,glass_harbor,Puck,21.0,awake,0.0,0.362913,0.380913,0.02,0.03,True,upright work rhythm,8.107174,0.569983,True
1823,114,17,cinder_garden,Wren,22.5,asleep,0.80752,0.036,0.0,0.02,0.0,True,"curled posture, low breath rhythm",10.571,0.600692,True
1824,115,17,orchid_engine,Bea,0.0,asleep,0.80752,0.380689,0.324163,0.03,0.0,True,"curled posture, low breath rhythm",10.633907,0.6157,True
1825,115,17,moss_ward,Fay,1.5,asleep,0.80752,0.38148,0.324954,0.03,0.0,True,"curled posture, low breath rhythm",6.044231,0.574308,True
1826,115,17,glass_harbor,Puck,3.0,asleep,0.80752,0.380913,0.324387,0.03,0.0,True,"curled posture, low breath rhythm",7.243999,0.590817,True
1827,115,17,cinder_garden,Wren,4.5,asleep,0.813,0.0,0.0,0.0,0.0,True,"curled posture, low breath rhythm",9.731,0.621525,True
1828,115,17,lichen_bridge,Kio,6.0,awake,0.0,0.440289,0.464289,0.01,0.02,True,upright work rhythm,8.651359,0.613333,True
1829,115,17,orchid_engine,Cai,7.5,awake,0.0,0.17165,0.18965,0.01,0.02,True,upright work rhythm,10.928757,0.641742,True
1830,115,17,moss_ward,Milo,9.0,awake,0.0,0.171258,0.189258,0.01,0.02,True,upright work rhythm,6.338596,0.60035,True
1831,115,17,glass_harbor,Sera,10.5,awake,0.0,0.018,0.036,0.01,0.02,True,upright work rhythm,7.47576,0.616858,True
1832,115,17,cinder_garden,Juno,12.0,awake,0.0,0.30721,0.32521,0.0,0.01,True,upright work rhythm,10.214336,0.647567,True
1833,115,17,lichen_bridge,Luma,13.5,awake,0.0,0.302249,0.326249,0.0,0.01,True,upright work rhythm,8.944762,0.639375,True
1834,115,17,orchid_engine,Dax,15.0,awake,0.0,0.169409,0.187409,0.0,0.01,True,upright work rhythm,11.277838,0.667783,True
1835,115,17,moss_ward,Tala,16.5,awake,0.0,0.0,0.018,0.0,0.01,True,upright work rhythm,6.61838,0.626392,True
1836,115,17,glass_harbor,Nia,18.0,awake,0.0,0.172735,0.190735,0.02,0.03,True,upright work rhythm,7.889201,0.6429,True
1837,115,17,cinder_garden,Pax,19.5,awake,0.0,0.449488,0.467488,0.02,0.03,True,upright work rhythm,10.62267,0.673608,True
1838,115,17,lichen_bridge,Rin,21.0,awake,0.0,0.304074,0.328074,0.02,0.03,True,upright work rhythm,9.295511,0.665417,True
1839,115,17,orchid_engine,Eli,22.5,asleep,0.80752,0.042,0.0,0.02,0.0,True,"curled posture, low breath rhythm",11.551,0.693825,True
1840,116,17,glass_harbor,Nia,0.0,asleep,0.80752,0.190735,0.134209,0.03,0.0,True,"curled posture, low breath rhythm",7.026026,0.663733,True
1841,116,17,cinder_garden,Pax,1.5,asleep,0.80752,0.467488,0.410962,0.03,0.0,True,"curled posture, low breath rhythm",9.759494,0.694442,True
1842,116,17,lichen_bridge,Rin,3.0,asleep,0.80752,0.328074,0.271548,0.03,0.0,True,"curled posture, low breath rhythm",8.432335,0.68625,True
1843,116,17,orchid_engine,Eli,4.5,asleep,0.813,0.0,0.0,0.0,0.0,True,"curled posture, low breath rhythm",10.711,0.714658,True
1844,116,17,moss_ward,Ari,6.0,awake,0.0,0.325409,0.343409,0.01,0.02,True,upright work rhythm,6.261798,0.673267,True
1845,116,17,glass_harbor,Oren,7.5,awake,0.0,0.326106,0.350106,0.01,0.02,True,upright work rhythm,7.464543,0.689775,True
1846,116,17,cinder_garden,Vale,9.0,awake,0.0,0.46321,0.48121,0.01,0.02,True,upright work rhythm,10.138296,0.720483,True
1847,116,17,lichen_bridge,Sol,10.5,awake,0.0,0.018,0.042,0.01,0.02,True,upright work rhythm,8.68822,0.712292,True
1848,116,17,orchid_engine,Bea,12.0,awake,0.0,0.324163,0.342163,0.0,0.01,True,upright work rhythm,11.201287,0.7407,True
1849,116,17,moss_ward,Fay,13.5,awake,0.0,0.324954,0.342954,0.0,0.01,True,upright work rhythm,6.611611,0.699308,True
1850,116,17,glass_harbor,Puck,15.0,awake,0.0,0.324387,0.348387,0.0,0.01,True,upright work rhythm,7.813839,0.715817,True
1851,116,17,cinder_garden,Wren,16.5,awake,0.0,0.0,0.018,0.0,0.01,True,upright work rhythm,10.29838,0.746525,True
1852,116,17,lichen_bridge,Kio,18.0,awake,0.0,0.464289,0.488289,0.02,0.03,True,upright work rhythm,9.221199,0.738333,True
1853,116,17,orchid_engine,Cai,19.5,awake,0.0,0.18965,0.20765,0.02,0.03,True,upright work rhythm,11.496137,0.766742,True
1854,116,17,moss_ward,Milo,21.0,awake,0.0,0.189258,0.207258,0.02,0.03,True,upright work rhythm,6.905976,0.72535,True
1855,116,17,glass_harbor,Sera,22.5,asleep,0.80752,0.036,0.0,0.02,0.0,True,"curled posture, low breath rhythm",8.021,0.741858,True
1856,117,17,lichen_bridge,Kio,0.0,asleep,0.80752,0.488289,0.431763,0.03,0.0,True,"curled posture, low breath rhythm",8.358023,0.759167,True
1857,117,17,orchid_engine,Cai,1.5,asleep,0.80752,0.20765,0.151124,0.03,0.0,True,"curled posture, low breath rhythm",10.632961,0.787575,True
1858,117,17,moss_ward,Milo,3.0,asleep,0.80752,0.207258,0.150732,0.03,0.0,True,"curled posture, low breath rhythm",6.0428,0.746183,True
1859,117,17,glass_harbor,Sera,4.5,asleep,0.813,0.0,0.0,0.0,0.0,True,"curled posture, low breath rhythm",7.181,0.762692,True
1860,117,17,cinder_garden,Juno,6.0,awake,0.0,0.32521,0.34921,0.01,0.02,True,upright work rhythm,9.944176,0.7934,True
1861,117,17,lichen_bridge,Luma,7.5,awake,0.0,0.326249,0.344249,0.01,0.02,True,upright work rhythm,8.672142,0.785208,True
1862,117,17,orchid_engine,Dax,9.0,awake,0.0,0.187409,0.205409,0.01,0.02,True,upright work rhythm,11.005218,0.813617,True
1863,117,17,moss_ward,Tala,10.5,awake,0.0,0.018,0.036,0.01,0.02,True,upright work rhythm,6.34576,0.772225,True
1864,117,17,glass_harbor,Nia,12.0,awake,0.0,0.134209,0.152209,0.0,0.01,True,upright work rhythm,7.593406,0.788733,True
1865,117,17,cinder_garden,Pax,13.5,awake,0.0,0.410962,0.434962,0.0,0.01,True,upright work rhythm,10.329334,0.819442,True
1866,117,17,lichen_bridge,Rin,15.0,awake,0.0,0.271548,0.289548,0.0,0.01,True,upright work rhythm,8.999715,0.81125,True
1867,117,17,orchid_engine,Eli,16.5,awake,0.0,0.0,0.018,0.0,0.01,True,upright work rhythm,11.27838,0.839658,True
1868,117,17,moss_ward,Ari,18.0,awake,0.0,0.343409,0.361409,0.02,0.03,True,upright work rhythm,6.829178,0.798267,True
1869,117,17,glass_harbor,Oren,19.5,awake,0.0,0.350106,0.368106,0.02,0.03,True,upright work rhythm,8.031923,0.814775,True
1870,117,17,cinder_garden,Vale,21.0,awake,0.0,0.48121,0.50521,0.02,0.03,True,upright work rhythm,10.708136,0.845483,True
1871,117,17,lichen_bridge,Sol,22.5,asleep,0.80752,0.042,0.0,0.02,0.0,True,"curled posture, low breath rhythm",9.231,0.837292,True
1872,118,17,moss_ward,Ari,0.0,asleep,0.80752,0.361409,0.304882,0.03,0.0,True,"curled posture, low breath rhythm",5.966002,0.8191,True
1873,118,17,glass_harbor,Oren,1.5,asleep,0.80752,0.368106,0.31158,0.03,0.0,True,"curled posture, low breath rhythm",7.168748,0.835608,True
1874,118,17,cinder_garden,Vale,3.0,asleep,0.80752,0.50521,0.448684,0.03,0.0,True,"curled posture, low breath rhythm",9.84496,0.866317,True
1875,118,17,lichen_bridge,Sol,4.5,asleep,0.813,0.0,0.0,0.0,0.0,True,"curled posture, low breath rhythm",8.391,0.858125,True
1876,118,17,orchid_engine,Bea,6.0,awake,0.0,0.342163,0.360163,0.01,0.02,True,upright work rhythm,10.928667,0.886533,True
1877,118,17,moss_ward,Fay,7.5,awake,0.0,0.342954,0.360954,0.01,0.02,True,upright work rhythm,6.338991,0.845142,True
1878,118,17,glass_harbor,Puck,9.0,awake,0.0,0.348387,0.366387,0.01,0.02,True,upright work rhythm,7.541219,0.86165,True
1879,118,17,cinder_garden,Wren,10.5,awake,0.0,0.018,0.036,0.01,0.02,True,upright work rhythm,10.02576,0.892358,True
1880,118,17,lichen_bridge,Kio,12.0,awake,0.0,0.431763,0.449763,0.0,0.01,True,upright work rhythm,8.925403,0.884167,True
1881,118,17,orchid_engine,Cai,13.5,awake,0.0,0.151124,0.169124,0.0,0.01,True,upright work rhythm,11.200341,0.912575,True
1882,118,17,moss_ward,Milo,15.0,awake,0.0,0.150732,0.168732,0.0,0.01,True,upright work rhythm,6.61018,0.871183,True
1883,118,17,glass_harbor,Sera,16.5,awake,0.0,0.0,0.018,0.0,0.01,True,upright work rhythm,7.74838,0.887692,True
1884,118,17,cinder_garden,Juno,18.0,awake,0.0,0.34921,0.36721,0.02,0.03,True,upright work rhythm,10.511556,0.9184,True
1885,118,17,lichen_bridge,Luma,19.5,awake,0.0,0.344249,0.362249,0.02,0.03,True,upright work rhythm,9.239522,0.910208,True
1886,118,17,orchid_engine,Dax,21.0,awake,0.0,0.205409,0.223409,0.02,0.03,True,upright work rhythm,11.572598,0.938617,True
1887,118,17,moss_ward,Tala,22.5,asleep,0.80752,0.036,0.0,0.02,0.0,True,"curled posture, low breath rhythm",6.891,0.897225,True
1888,119,17,cinder_garden,Juno,0.0,asleep,0.80752,0.36721,0.310684,0.03,0.0,True,"curled posture, low breath rhythm",9.64838,0.939233,True
1889,119,17,lichen_bridge,Luma,1.5,asleep,0.80752,0.362249,0.305722,0.03,0.0,True,"curled posture, low breath rhythm",8.376346,0.931042,True
1890,119,17,orchid_engine,Dax,3.0,asleep,0.80752,0.223409,0.166882,0.03,0.0,True,"curled posture, low breath rhythm",10.709422,0.95945,True
1891,119,17,moss_ward,Tala,4.5,asleep,0.813,0.0,0.0,0.0,0.0,True,"curled posture, low breath rhythm",6.051,0.918058,True
1892,119,17,glass_harbor,Nia,6.0,awake,0.0,0.152209,0.170209,0.01,0.02,True,upright work rhythm,7.320786,0.934567,True
1893,119,17,cinder_garden,Pax,7.5,awake,0.0,0.434962,0.458962,0.01,0.02,True,upright work rhythm,10.059174,0.965275,True
1894,119,17,lichen_bridge,Rin,9.0,awake,0.0,0.289548,0.307548,0.01,0.02,True,upright work rhythm,8.727095,0.957083,True
1895,119,17,orchid_engine,Eli,10.5,awake,0.0,0.018,0.042,0.01,0.02,True,upright work rhythm,11.00822,0.985492,True
1896,119,17,moss_ward,Ari,12.0,awake,0.0,0.304882,0.328882,0.0,0.01,True,upright work rhythm,6.535842,0.9441,True
1897,119,17,glass_harbor,Oren,13.5,awake,0.0,0.31158,0.32958,0.0,0.01,True,upright work rhythm,7.736128,0.960608,True
1898,119,17,cinder_garden,Vale,15.0,awake,0.0,0.448684,0.472684,0.0,0.01,True,upright work rhythm,10.4148,0.991317,True
1899,119,17,lichen_bridge,Sol,16.5,awake,0.0,0.0,0.018,0.0,0.01,True,upright work rhythm,8.95838,0.983125,True
1900,119,17,orchid_engine,Bea,18.0,awake,0.0,0.360163,0.384163,0.02,0.03,True,upright work rhythm,11.498507,0.011533,True
1901,119,17,moss_ward,Fay,19.5,awake,0.0,0.360954,0.384954,0.02,0.03,True,upright work rhythm,6.908831,0.970142,True
1902,119,17,glass_harbor,Puck,21.0,awake,0.0,0.366387,0.384387,0.02,0.03,True,upright work rhythm,8.108599,0.98665,True
1903,119,17,cinder_garden,Wren,22.5,asleep,0.80752,0.036,0.0,0.02,0.0,True,"curled posture, low breath rhythm",10.571,0.017358,True
1904,120,18,orchid_engine,Bea,0.0,asleep,0.80752,0.384163,0.327636,0.03,0.0,True,"curled posture, low breath rhythm",10.648331,0.033367,True
1905,120,18,moss_ward,Fay,1.5,asleep,0.80752,0.384954,0.328427,0.03,0.0,True,"curled posture, low breath rhythm",6.058655,0.991975,True
1906,120,18,glass_harbor,Puck,3.0,asleep,0.80752,0.384387,0.32786,0.03,0.0,True,"curled posture, low breath rhythm",7.258423,0.008483,True
1907,120,18,cinder_garden,Wren,4.5,asleep,0.813,0.0,0.0,0.0,0.0,True,"curled posture, low breath rhythm",9.744,0.039192,True
1908,120,18,lichen_bridge,Kio,6.0,awake,0.0,0.449763,0.473763,0.01,0.02,True,upright work rhythm,8.668243,0.031,True
1909,120,18,orchid_engine,Cai,7.5,awake,0.0,0.169124,0.187124,0.01,0.02,True,upright work rhythm,10.940721,0.059408,True
1910,120,18,moss_ward,Milo,9.0,awake,0.0,0.168732,0.186732,0.01,0.02,True,upright work rhythm,6.35056,0.018017,True
1911,120,18,glass_harbor,Sera,10.5,awake,0.0,0.018,0.036,0.01,0.02,True,upright work rhythm,7.48876,0.034525,True
1912,120,18,cinder_garden,Juno,12.0,awake,0.0,0.310684,0.328684,0.0,0.01,True,upright work rhythm,10.22876,0.065233,True
1913,120,18,lichen_bridge,Luma,13.5,awake,0.0,0.305722,0.329722,0.0,0.01,True,upright work rhythm,8.959186,0.057042,True
1914,120,18,orchid_engine,Dax,15.0,awake,0.0,0.166882,0.184882,0.0,0.01,True,upright work rhythm,11.289802,0.08545,True
1915,120,18,moss_ward,Tala,16.5,awake,0.0,0.0,0.018,0.0,0.01,True,upright work rhythm,6.63138,0.044058,True
1916,120,18,glass_harbor,Nia,18.0,awake,0.0,0.170209,0.188209,0.02,0.03,True,upright work rhythm,7.901166,0.060567,True
1917,120,18,cinder_garden,Pax,19.5,awake,0.0,0.458962,0.476962,0.02,0.03,True,upright work rhythm,10.639554,0.091275,True
1918,120,18,lichen_bridge,Rin,21.0,awake,0.0,0.307548,0.331548,0.02,0.03,True,upright work rhythm,9.309935,0.083083,True
1919,120,18,orchid_engine,Eli,22.5,asleep,0.80752,0.042,0.0,0.02,0.0,True,"curled posture, low breath rhythm",11.564,0.111492,True
1920,121,18,glass_harbor,Nia,0.0,asleep,0.80752,0.188209,0.131682,0.03,0.0,True,"curled posture, low breath rhythm",7.03799,0.0814,True
1921,121,18,cinder_garden,Pax,1.5,asleep,0.80752,0.476962,0.420436,0.03,0.0,True,"curled posture, low breath rhythm",9.776379,0.112108,True
1922,121,18,lichen_bridge,Rin,3.0,asleep,0.80752,0.331548,0.275022,0.03,0.0,True,"curled posture, low breath rhythm",8.446759,0.103917,True
1923,121,18,orchid_engine,Eli,4.5,asleep,0.813,0.0,0.0,0.0,0.0,True,"curled posture, low breath rhythm",10.724,0.132325,True
1924,121,18,moss_ward,Ari,6.0,awake,0.0,0.328882,0.346882,0.01,0.02,True,upright work rhythm,6.276222,0.090933,True
1925,121,18,glass_harbor,Oren,7.5,awake,0.0,0.32958,0.35358,0.01,0.02,True,upright work rhythm,7.478968,0.107442,True
1926,121,18,cinder_garden,Vale,9.0,awake,0.0,0.472684,0.490684,0.01,0.02,True,upright work rhythm,10.15518,0.13815,True
1927,121,18,lichen_bridge,Sol,10.5,awake,0.0,0.018,0.042,0.01,0.02,True,upright work rhythm,8.70122,0.129958,True
1928,121,18,orchid_engine,Bea,12.0,awake,0.0,0.327636,0.345636,0.0,0.01,True,upright work rhythm,11.215711,0.158367,True
1929,121,18,moss_ward,Fay,13.5,awake,0.0,0.328427,0.346427,0.0,0.01,True,upright work rhythm,6.626035,0.116975,True
1930,121,18,glass_harbor,Puck,15.0,awake,0.0,0.32786,0.35186,0.0,0.01,True,upright work rhythm,7.828263,0.133483,True
1931,121,18,cinder_garden,Wren,16.5,awake,0.0,0.0,0.018,0.0,0.01,True,upright work rhythm,10.31138,0.164192,True
1932,121,18,lichen_bridge,Kio,18.0,awake,0.0,0.473763,0.497763,0.02,0.03,True,upright work rhythm,9.238083,0.156,True
1933,121,18,orchid_engine,Cai,19.5,awake,0.0,0.187124,0.205124,0.02,0.03,True,upright work rhythm,11.508101,0.184408,True
1934,121,18,moss_ward,Milo,21.0,awake,0.0,0.186732,0.204732,0.02,0.03,True,upright work rhythm,6.91794,0.143017,True
1935,121,18,glass_harbor,Sera,22.5,asleep,0.80752,0.036,0.0,0.02,0.0,True,"curled posture, low breath rhythm",8.034,0.159525,True
1936,122,18,lichen_bridge,Kio,0.0,asleep,0.80752,0.497763,0.441237,0.03,0.0,True,"curled posture, low breath rhythm",8.374907,0.176833,True
1937,122,18,orchid_engine,Cai,1.5,asleep,0.80752,0.205124,0.148597,0.03,0.0,True,"curled posture, low breath rhythm",10.644925,0.205242,True
1938,122,18,moss_ward,Milo,3.0,asleep,0.80752,0.204732,0.148205,0.03,0.0,True,"curled posture, low breath rhythm",6.054764,0.16385,True
1939,122,18,glass_harbor,Sera,4.5,asleep,0.813,0.0,0.0,0.0,0.0,True,"curled posture, low breath rhythm",7.194,0.180358,True
1940,122,18,cinder_garden,Juno,6.0,awake,0.0,0.328684,0.352684,0.01,0.02,True,upright work rhythm,9.9586,0.211067,True
1941,122,18,lichen_bridge,Luma,7.5,awake,0.0,0.329722,0.347722,0.01,0.02,True,upright work rhythm,8.686566,0.202875,True
1942,122,18,orchid_engine,Dax,9.0,awake,0.0,0.184882,0.202882,0.01,0.02,True,upright work rhythm,11.017182,0.231283,True
1943,122,18,moss_ward,Tala,10.5,awake,0.0,0.018,0.036,0.01,0.02,True,upright work rhythm,6.35876,0.189892,True
1944,122,18,glass_harbor,Nia,12.0,awake,0.0,0.131682,0.149682,0.0,0.01,True,upright work rhythm,7.60537,0.2064,True
1945,122,18,cinder_garden,Pax,13.5,awake,0.0,0.420436,0.444436,0.0,0.01,True,upright work rhythm,10.346219,0.237108,True
1946,122,18,lichen_bridge,Rin,15.0,awake,0.0,0.275022,0.293022,0.0,0.01,True,upright work rhythm,9.014139,0.228917,True
1947,122,18,orchid_engine,Eli,16.5,awake,0.0,0.0,0.018,0.0,0.01,True,upright work rhythm,11.29138,0.257325,True
1948,122,18,moss_ward,Ari,18.0,awake,0.0,0.346882,0.364882,0.02,0.03,True,upright work rhythm,6.843602,0.215933,True
1949,122,18,glass_harbor,Oren,19.5,awake,0.0,0.35358,0.37158,0.02,0.03,True,upright work rhythm,8.046348,0.232442,True
1950,122,18,cinder_garden,Vale,21.0,awake,0.0,0.490684,0.514684,0.02,0.03,True,upright work rhythm,10.72502,0.26315,True
1951,122,18,lichen_bridge,Sol,22.5,asleep,0.80752,0.042,0.0,0.02,0.0,True,"curled posture, low breath rhythm",9.244,0.254958,True
1952,123,18,moss_ward,Ari,0.0,asleep,0.80752,0.364882,0.308356,0.03,0.0,True,"curled posture, low breath rhythm",5.980426,0.236767,True
1953,123,18,glass_harbor,Oren,1.5,asleep,0.80752,0.37158,0.315053,0.03,0.0,True,"curled posture, low breath rhythm",7.183172,0.253275,True
1954,123,18,cinder_garden,Vale,3.0,asleep,0.80752,0.514684,0.458157,0.03,0.0,True,"curled posture, low breath rhythm",9.861844,0.283983,True
1955,123,18,lichen_bridge,Sol,4.5,asleep,0.813,0.0,0.0,0.0,0.0,True,"curled posture, low breath rhythm",8.404,0.275792,True
1956,123,18,orchid_engine,Bea,6.0,awake,0.0,0.345636,0.363636,0.01,0.02,True,upright work rhythm,10.943091,0.3042,True
1957,123,18,moss_ward,Fay,7.5,awake,0.0,0.346427,0.364427,0.01,0.02,True,upright work rhythm,6.353415,0.262808,True
1958,123,18,glass_harbor,Puck,9.0,awake,0.0,0.35186,0.36986,0.01,0.02,True,upright work rhythm,7.555643,0.279317,True
1959,123,18,cinder_garden,Wren,10.5,awake,0.0,0.018,0.036,0.01,0.02,True,upright work rhythm,10.03876,0.310025,True
1960,123,18,lichen_bridge,Kio,12.0,awake,0.0,0.441237,0.459237,0.0,0.01,True,upright work rhythm,8.942287,0.301833,True
1961,123,18,orchid_engine,Cai,13.5,awake,0.0,0.148597,0.166597,0.0,0.01,True,upright work rhythm,11.212305,0.330242,True
1962,123,18,moss_ward,Milo,15.0,awake,0.0,0.148205,0.166205,0.0,0.01,True,upright work rhythm,6.622144,0.28885,True
1963,123,18,glass_harbor,Sera,16.5,awake,0.0,0.0,0.018,0.0,0.01,True,upright work rhythm,7.76138,0.305358,True
1964,123,18,cinder_garden,Juno,18.0,awake,0.0,0.352684,0.370684,0.02,0.03,True,upright work rhythm,10.52598,0.336067,True
1965,123,18,lichen_bridge,Luma,19.5,awake,0.0,0.347722,0.365722,0.02,0.03,True,upright work rhythm,9.253946,0.327875,True
1966,123,18,orchid_engine,Dax,21.0,awake,0.0,0.202882,0.220882,0.02,0.03,True,upright work rhythm,11.584562,0.356283,True
1967,123,18,moss_ward,Tala,22.5,asleep,0.80752,0.036,0.0,0.02,0.0,True,"curled posture, low breath rhythm",6.904,0.314892,True
1968,124,18,cinder_garden,Juno,0.0,asleep,0.80752,0.370684,0.314157,0.03,0.0,True,"curled posture, low breath rhythm",9.662804,0.3569,True
1969,124,18,lichen_bridge,Luma,1.5,asleep,0.80752,0.365722,0.309196,0.03,0.0,True,"curled posture, low breath rhythm",8.39077,0.348708,True
1970,124,18,orchid_engine,Dax,3.0,asleep,0.80752,0.220882,0.164356,0.03,0.0,True,"curled posture, low breath rhythm",10.721386,0.377117,True
1971,124,18,moss_ward,Tala,4.5,asleep,0.813,0.0,0.0,0.0,0.0,True,"curled posture, low breath rhythm",6.064,0.335725,True
1972,124,18,glass_harbor,Nia,6.0,awake,0.0,0.149682,0.167682,0.01,0.02,True,upright work rhythm,7.33275,0.352233,True
1973,124,18,cinder_garden,Pax,7.5,awake,0.0,0.444436,0.468436,0.01,0.02,True,upright work rhythm,10.076059,0.382942,True
1974,124,18,lichen_bridge,Rin,9.0,awake,0.0,0.293022,0.311022,0.01,0.02,True,upright work rhythm,8.741519,0.37475,True
1975,124,18,orchid_engine,Eli,10.5,awake,0.0,0.018,0.042,0.01,0.02,True,upright work rhythm,11.02122,0.403158,True
1976,124,18,moss_ward,Ari,12.0,awake,0.0,0.308356,0.332356,0.0,0.01,True,upright work rhythm,6.550266,0.361767,True
1977,124,18,glass_harbor,Oren,13.5,awake,0.0,0.315053,0.333053,0.0,0.01,True,upright work rhythm,7.750552,0.378275,True
1978,124,18,cinder_garden,Vale,15.0,awake,0.0,0.458157,0.482157,0.0,0.01,True,upright work rhythm,10.431684,0.408983,True
1979,124,18,lichen_bridge,Sol,16.5,awake,0.0,0.0,0.018,0.0,0.01,True,upright work rhythm,8.97138,0.400792,True
1980,124,18,orchid_engine,Bea,18.0,awake,0.0,0.363636,0.387636,0.02,0.03,True,upright work rhythm,11.512931,0.4292,True
1981,124,18,moss_ward,Fay,19.5,awake,0.0,0.364427,0.388427,0.02,0.03,True,upright work rhythm,6.923255,0.387808,True
1982,124,18,glass_harbor,Puck,21.0,awake,0.0,0.36986,0.38786,0.02,0.03,True,upright work rhythm,8.123023,0.404317,True
1983,124,18,cinder_garden,Wren,22.5,asleep,0.80752,0.036,0.0,0.02,0.0,True,"curled posture, low breath rhythm",10.584,0.435025,True
1984,125,18,orchid_engine,Bea,0.0,asleep,0.80752,0.387636,0.33111,0.03,0.0,True,"curled posture, low breath rhythm",10.649755,0.450033,True
1985,125,18,moss_ward,Fay,1.5,asleep,0.80752,0.388427,0.331901,0.03,0.0,True,"curled posture, low breath rhythm",6.060079,0.408642,True
1986,125,18,glass_harbor,Puck,3.0,asleep,0.80752,0.38786,0.331334,0.03,0.0,True,"curled posture, low breath rhythm",7.259847,0.42515,True
1987,125,18,cinder_garden,Wren,4.5,asleep,0.813,0.0,0.0,0.0,0.0,True,"curled posture, low breath rhythm",9.744,0.455858,True
1988,125,18,lichen_bridge,Kio,6.0,awake,0.0,0.459237,0.483237,0.01,0.02,True,upright work rhythm,8.672127,0.447667,True
1989,125,18,orchid_engine,Cai,7.5,awake,0.0,0.166597,0.184597,0.01,0.02,True,upright work rhythm,10.939685,0.476075,True
1990,125,18,moss_ward,Milo,9.0,awake,0.0,0.166205,0.184205,0.01,0.02,True,upright work rhythm,6.349524,0.434683,True
1991,125,18,glass_harbor,Sera,10.5,awake,0.0,0.018,0.036,0.01,0.02,True,upright work rhythm,7.48876,0.451192,True
1992,125,18,cinder_garden,Juno,12.0,awake,0.0,0.314157,0.332157,0.0,0.01,True,upright work rhythm,10.230184,0.4819,True
1993,125,18,lichen_bridge,Luma,13.5,awake,0.0,0.309196,0.333196,0.0,0.01,True,upright work rhythm,8.96061,0.473708,True
1994,125,18,orchid_engine,Dax,15.0,awake,0.0,0.164356,0.182356,0.0,0.01,True,upright work rhythm,11.288766,0.502117,True
1995,125,18,moss_ward,Tala,16.5,awake,0.0,0.0,0.018,0.0,0.01,True,upright work rhythm,6.63138,0.460725,True
1996,125,18,glass_harbor,Nia,18.0,awake,0.0,0.167682,0.185682,0.02,0.03,True,upright work rhythm,7.90013,0.477233,True
1997,125,18,cinder_garden,Pax,19.5,awake,0.0,0.468436,0.486436,0.02,0.03,True,upright work rhythm,10.643439,0.507942,True
1998,125,18,lichen_bridge,Rin,21.0,awake,0.0,0.311022,0.335022,0.02,0.03,True,upright work rhythm,9.311359,0.49975,True
1999,125,18,orchid_engine,Eli,22.5,asleep,0.80752,0.042,0.0,0.02,0.0,True,"curled posture, low breath rhythm",11.564,0.528158,True
2000,126,18,glass_harbor,Nia,0.0,asleep,0.80752,0.185682,0.129156,0.03,0.0,True,"curled posture, low breath rhythm",7.036954,0.498067,True
2001,126,18,cinder_garden,Pax,1.5,asleep,0.80752,0.486436,0.429909,0.03,0.0,True,"curled posture, low breath rhythm",9.780263,0.528775,True
2002,126,18,lichen_bridge,Rin,3.0,asleep,0.80752,0.335022,0.278495,0.03,0.0,True,"curled posture, low breath rhythm",8.448183,0.520583,True
2003,126,18,orchid_engine,Eli,4.5,asleep,0.813,0.0,0.0,0.0,0.0,True,"curled posture, low breath rhythm",10.724,0.548992,True
2004,126,18,moss_ward,Ari,6.0,awake,0.0,0.332356,0.350356,0.01,0.02,True,upright work rhythm,6.277646,0.5076,True
2005,126,18,glass_harbor,Oren,7.5,awake,0.0,0.333053,0.357053,0.01,0.02,True,upright work rhythm,7.480392,0.524108,True
2006,126,18,cinder_garden,Vale,9.0,awake,0.0,0.482157,0.500157,0.01,0.02,True,upright work rhythm,10.159064,0.554817,True
2007,126,18,lichen_bridge,Sol,10.5,awake,0.0,0.018,0.042,0.01,0.02,True,upright work rhythm,8.70122,0.546625,True
2008,126,18,orchid_engine,Bea,12.0,awake,0.0,0.33111,0.34911,0.0,0.01,True,upright work rhythm,11.217135,0.575033,True
2009,126,18,moss_ward,Fay,13.5,awake,0.0,0.331901,0.349901,0.0,0.01,True,upright work rhythm,6.627459,0.533642,True
2010,126,18,glass_harbor,Puck,15.0,awake,0.0,0.331334,0.355334,0.0,0.01,True,upright work rhythm,7.829687,0.55015,True
2011,126,18,cinder_garden,Wren,16.5,awake,0.0,0.0,0.018,0.0,0.01,True,upright work rhythm,10.31138,0.580858,True
2012,126,18,lichen_bridge,Kio,18.0,awake,0.0,0.483237,0.507237,0.02,0.03,True,upright work rhythm,9.241967,0.572667,True
2013,126,18,orchid_engine,Cai,19.5,awake,0.0,0.184597,0.202597,0.02,0.03,True,upright work rhythm,11.507065,0.601075,True
2014,126,18,moss_ward,Milo,21.0,awake,0.0,0.184205,0.202205,0.02,0.03,True,upright work rhythm,6.916904,0.559683,True
2015,126,18,glass_harbor,Sera,22.5,asleep,0.80752,0.036,0.0,0.02,0.0,True,"curled posture, low breath rhythm",8.034,0.576192,True
2016,127,19,lichen_bridge,Kio,0.0,asleep,0.80752,0.507237,0.45071,0.03,0.0,True,"curled posture, low breath rhythm",8.391791,0.5945,True
2017,127,19,orchid_engine,Cai,1.5,asleep,0.80752,0.202597,0.146071,0.03,0.0,True,"curled posture, low breath rhythm",10.656889,0.622908,True
2018,127,19,moss_ward,Milo,3.0,asleep,0.80752,0.202205,0.145679,0.03,0.0,True,"curled posture, low breath rhythm",6.066728,0.581517,True
2019,127,19,glass_harbor,Sera,4.5,asleep,0.813,0.0,0.0,0.0,0.0,True,"curled posture, low breath rhythm",7.207,0.598025,True
2020,127,19,cinder_garden,Juno,6.0,awake,0.0,0.332157,0.356157,0.01,0.02,True,upright work rhythm,9.973024,0.628733,True
2021,127,19,lichen_bridge,Luma,7.5,awake,0.0,0.333196,0.351196,0.01,0.02,True,upright work rhythm,8.70099,0.620542,True
2022,127,19,orchid_engine,Dax,9.0,awake,0.0,0.182356,0.200356,0.01,0.02,True,upright work rhythm,11.029146,0.64895,True
2023,127,19,moss_ward,Tala,10.5,awake,0.0,0.018,0.036,0.01,0.02,True,upright work rhythm,6.37176,0.607558,True
2024,127,19,glass_harbor,Nia,12.0,awake,0.0,0.129156,0.147156,0.0,0.01,True,upright work rhythm,7.617334,0.624067,True
2025,127,19,cinder_garden,Pax,13.5,awake,0.0,0.429909,0.453909,0.0,0.01,True,upright work rhythm,10.363103,0.654775,True
2026,127,19,lichen_bridge,Rin,15.0,awake,0.0,0.278495,0.296495,0.0,0.01,True,upright work rhythm,9.028563,0.646583,True
2027,127,19,orchid_engine,Eli,16.5,awake,0.0,0.0,0.018,0.0,0.01,True,upright work rhythm,11.30438,0.674992,True
2028,127,19,moss_ward,Ari,18.0,awake,0.0,0.350356,0.368356,0.02,0.03,True,upright work rhythm,6.858026,0.6336,True
2029,127,19,glass_harbor,Oren,19.5,awake,0.0,0.357053,0.375053,0.02,0.03,True,upright work rhythm,8.060772,0.650108,True
2030,127,19,cinder_garden,Vale,21.0,awake,0.0,0.500157,0.524157,0.02,0.03,True,upright work rhythm,10.741904,0.680817,True
2031,127,19,lichen_bridge,Sol,22.5,asleep,0.80752,0.042,0.0,0.02,0.0,True,"curled posture, low breath rhythm",9.257,0.672625,True
2032,128,19,moss_ward,Ari,0.0,asleep,0.80752,0.368356,0.31183,0.03,0.0,True,"curled posture, low breath rhythm",5.99485,0.654433,True
2033,128,19,glass_harbor,Oren,1.5,asleep,0.80752,0.375053,0.318527,0.03,0.0,True,"curled posture, low breath rhythm",7.197596,0.670942,True
2034,128,19,cinder_garden,Vale,3.0,asleep,0.80752,0.524157,0.467631,0.03,0.0,True,"curled posture, low breath rhythm",9.878729,0.70165,True
2035,128,19,lichen_bridge,Sol,4.5,asleep,0.813,0.0,0.0,0.0,0.0,True,"curled posture, low breath rhythm",8.417,0.693458,True
2036,128,19,orchid_engine,Bea,6.0,awake,0.0,0.34911,0.36711,0.01,0.02,True,upright work rhythm,10.957515,0.721867,True
2037,128,19,moss_ward,Fay,7.5,awake,0.0,0.349901,0.367901,0.01,0.02,True,upright work rhythm,6.367839,0.680475,True
2038,128,19,glass_harbor,Puck,9.0,awake,0.0,0.355334,0.373334,0.01,0.02,True,upright work rhythm,7.570067,0.696983,True
2039,128,19,cinder_garden,Wren,10.5,awake,0.0,0.018,0.036,0.01,0.02,True,upright work rhythm,10.05176,0.727692,True
2040,128,19,lichen_bridge,Kio,12.0,awake,0.0,0.45071,0.46871,0.0,0.01,True,upright work rhythm,8.959171,0.7195,True
2041,128,19,orchid_engine,Cai,13.5,awake,0.0,0.146071,0.164071,0.0,0.01,True,upright work rhythm,11.224269,0.747908,True
2042,128,19,moss_ward,Milo,15.0,awake,0.0,0.145679,0.163679,0.0,0.01,True,upright work rhythm,6.634108,0.706517,True
2043,128,19,glass_harbor,Sera,16.5,awake,0.0,0.0,0.018,0.0,0.01,True,upright work rhythm,7.77438,0.723025,True
2044,128,19,cinder_garden,Juno,18.0,awake,0.0,0.356157,0.374157,0.02,0.03,True,upright work rhythm,10.540404,0.753733,True
2045,128,19,lichen_bridge,Luma,19.5,awake,0.0,0.351196,0.369196,0.02,0.03,True,upright work rhythm,9.26837,0.745542,True
2046,128,19,orchid_engine,Dax,21.0,awake,0.0,0.200356,0.218356,0.02,0.03,True,upright work rhythm,11.596526,0.77395,True
2047,128,19,moss_ward,Tala,22.5,asleep,0.80752,0.036,0.0,0.02,0.0,True,"curled posture, low breath rhythm",6.917,0.732558,True
2048,129,19,cinder_garden,Juno,0.0,asleep,0.80752,0.374157,0.317631,0.03,0.0,True,"curled posture, low breath rhythm",9.677229,0.774567,True
2049,129,19,lichen_bridge,Luma,1.5,asleep,0.80752,0.369196,0.31267,0.03,0.0,True,"curled posture, low breath rhythm",8.405195,0.766375,True
2050,129,19,orchid_engine,Dax,3.0,asleep,0.80752,0.218356,0.16183,0.03,0.0,True,"curled posture, low breath rhythm",10.73335,0.794783,True
2051,129,19,moss_ward,Tala,4.5,asleep,0.813,0.0,0.0,0.0,0.0,True,"curled posture, low breath rhythm",6.077,0.753392,True
2052,129,19,glass_harbor,Nia,6.0,awake,0.0,0.147156,0.165156,0.01,0.02,True,upright work rhythm,7.344714,0.7699,True
2053,129,19,cinder_garden,Pax,7.5,awake,0.0,0.453909,0.477909,0.01,0.02,True,upright work rhythm,10.092943,0.800608,True
2054,129,19,lichen_bridge,Rin,9.0,awake,0.0,0.296495,0.314495,0.01,0.02,True,upright work rhythm,8.755943,0.792417,True
2055,129,19,orchid_engine,Eli,10.5,awake,0.0,0.018,0.042,0.01,0.02,True,upright work rhythm,11.03422,0.820825,True
2056,129,19,moss_ward,Ari,12.0,awake,0.0,0.31183,0.33583,0.0,0.01,True,upright work rhythm,6.56469,0.779433,True
2057,129,19,glass_harbor,Oren,13.5,awake,0.0,0.318527,0.336527,0.0,0.01,True,upright work rhythm,7.764976,0.795942,True
2058,129,19,cinder_garden,Vale,15.0,awake,0.0,0.467631,0.491631,0.0,0.01,True,upright work rhythm,10.448569,0.82665,True
2059,129,19,lichen_bridge,Sol,16.5,awake,0.0,0.0,0.018,0.0,0.01,True,upright work rhythm,8.98438,0.818458,True
2060,129,19,orchid_engine,Bea,18.0,awake,0.0,0.36711,0.39111,0.02,0.03,True,upright work rhythm,11.527355,0.846867,True
2061,129,19,moss_ward,Fay,19.5,awake,0.0,0.367901,0.391901,0.02,0.03,True,upright work rhythm,6.937679,0.805475,True
2062,129,19,glass_harbor,Puck,21.0,awake,0.0,0.373334,0.391334,0.02,0.03,True,upright work rhythm,8.137447,0.821983,True
2063,129,19,cinder_garden,Wren,22.5,asleep,0.80752,0.036,0.0,0.02,0.0,True,"curled posture, low breath rhythm",10.597,0.852692,True
2064,130,19,orchid_engine,Bea,0.0,asleep,0.80752,0.39111,0.334584,0.03,0.0,True,"curled posture, low breath rhythm",10.664179,0.8677,True
2065,130,19,moss_ward,Fay,1.5,asleep,0.80752,0.391901,0.335375,0.03,0.0,True,"curled posture, low breath rhythm",6.074504,0.826308,True
2066,130,19,glass_harbor,Puck,3.0,asleep,0.80752,0.391334,0.334808,0.03,0.0,True,"curled posture, low breath rhythm",7.274271,0.842817,True
2067,130,19,cinder_garden,Wren,4.5,asleep,0.813,0.0,0.0,0.0,0.0,True,"curled posture, low breath rhythm",9.757,0.873525,True
2068,130,19,lichen_bridge,Kio,6.0,awake,0.0,0.46871,0.49271,0.01,0.02,True,upright work rhythm,8.689011,0.865333,True
2069,130,19,orchid_engine,Cai,7.5,awake,0.0,0.164071,0.182071,0.01,0.02,True,upright work rhythm,10.951649,0.893742,True
2070,130,19,moss_ward,Milo,9.0,awake,0.0,0.163679,0.181679,0.01,0.02,True,upright work rhythm,6.361488,0.85235,True
2071,130,19,glass_harbor,Sera,10.5,awake,0.0,0.018,0.036,0.01,0.02,True,upright work rhythm,7.50176,0.868858,True
2072,130,19,cinder_garden,Juno,12.0,awake,0.0,0.317631,0.335631,0.0,0.01,True,upright work rhythm,10.244609,0.899567,True
2073,130,19,lichen_bridge,Luma,13.5,awake,0.0,0.31267,0.33667,0.0,0.01,True,upright work rhythm,8.975035,0.891375,True
2074,130,19,orchid_engine,Dax,15.0,awake,0.0,0.16183,0.17983,0.0,0.01,True,upright work rhythm,11.30073,0.919783,True
2075,130,19,moss_ward,Tala,16.5,awake,0.0,0.0,0.018,0.0,0.01,True,upright work rhythm,6.64438,0.878392,True
2076,130,19,glass_harbor,Nia,18.0,awake,0.0,0.165156,0.183156,0.02,0.03,True,upright work rhythm,7.912094,0.8949,True
2077,130,19,cinder_garden,Pax,19.5,awake,0.0,0.477909,0.495909,0.02,0.03,True,upright work rhythm,10.660323,0.925608,True
2078,130,19,lichen_bridge,Rin,21.0,awake,0.0,0.314495,0.338495,0.02,0.03,True,upright work rhythm,9.325783,0.917417,True
2079,130,19,orchid_engine,Eli,22.5,asleep,0.80752,0.042,0.0,0.02,0.0,True,"curled posture, low breath rhythm",11.577,0.945825,True
2080,131,19,glass_harbor,Nia,0.0,asleep,0.80752,0.183156,0.12663,0.03,0.0,True,"curled posture, low breath rhythm",7.048918,0.915733,True
2081,131,19,cinder_garden,Pax,1.5,asleep,0.80752,0.495909,0.439383,0.03,0.0,True,"curled posture, low breath rhythm",9.797147,0.946442,True
2082,131,19,lichen_bridge,Rin,3.0,asleep,0.80752,0.338495,0.281969,0.03,0.0,True,"curled posture, low breath rhythm",8.462607,0.93825,True
2083,131,19,orchid_engine,Eli,4.5,asleep,0.813,0.0,0.0,0.0,0.0,True,"curled posture, low breath rhythm",10.737,0.966658,True
2084,131,19,moss_ward,Ari,6.0,awake,0.0,0.33583,0.35383,0.01,0.02,True,upright work rhythm,6.29207,0.925267,True
2085,131,19,glass_harbor,Oren,7.5,awake,0.0,0.336527,0.360527,0.01,0.02,True,upright work rhythm,7.494816,0.941775,True
2086,131,19,cinder_garden,Vale,9.0,awake,0.0,0.491631,0.509631,0.01,0.02,True,upright work rhythm,10.175949,0.972483,True
2087,131,19,lichen_bridge,Sol,10.5,awake,0.0,0.018,0.042,0.01,0.02,True,upright work rhythm,8.71422,0.964292,True
2088,131,19,orchid_engine,Bea,12.0,awake,0.0,0.334584,0.352584,0.0,0.01,True,upright work rhythm,11.231559,0.9927,True
2089,131,19,moss_ward,Fay,13.5,awake,0.0,0.335375,0.353375,0.0,0.01,True,upright work rhythm,6.641884,0.951308,True
2090,131,19,glass_harbor,Puck,15.0,awake,0.0,0.334808,0.358808,0.0,0.01,True,upright work rhythm,7.844111,0.967817,True
2091,131,19,cinder_garden,Wren,16.5,awake,0.0,0.0,0.018,0.0,0.01,True,upright work rhythm,10.32438,0.998525,True
2092,131,19,lichen_bridge,Kio,18.0,awake,0.0,0.49271,0.51671,0.02,0.03,True,upright work rhythm,9.258851,0.990333,True
2093,131,19,orchid_engine,Cai,19.5,awake,0.0,0.182071,0.200071,0.02,0.03,True,upright work rhythm,11.519029,0.018742,True
2094,131,19,moss_ward,Milo,21.0,awake,0.0,0.181679,0.199679,0.02,0.03,True,upright work rhythm,6.928868,0.97735,True
2095,131,19,glass_harbor,Sera,22.5,asleep,0.80752,0.036,0.0,0.02,0.0,True,"curled posture, low breath rhythm",8.047,0.993858,True
2096,132,19,lichen_bridge,Kio,0.0,asleep,0.80752,0.51671,0.460184,0.03,0.0,True,"curled posture, low breath rhythm",8.395675,0.011167,True
2097,132,19,orchid_engine,Cai,1.5,asleep,0.80752,0.200071,0.143545,0.03,0.0,True,"curled posture, low breath rhythm",10.655853,0.039575,True
2098,132,19,moss_ward,Milo,3.0,asleep,0.80752,0.199679,0.143153,0.03,0.0,True,"curled posture, low breath rhythm",6.065693,0.998183,True
2099,132,19,glass_harbor,Sera,4.5,asleep,0.813,0.0,0.0,0.0,0.0,True,"curled posture, low breath rhythm",7.207,0.014692,True
2100,132,19,cinder_garden,Juno,6.0,awake,0.0,0.335631,0.359631,0.01,0.02,True,upright work rhythm,9.974449,0.0454,True
2101,132,19,lichen_bridge,Luma,7.5,awake,0.0,0.33667,0.35467,0.01,0.02,True,upright work rhythm,8.702415,0.037208,True
2102,132,19,orchid_engine,Dax,9.0,awake,0.0,0.17983,0.19783,0.01,0.02,True,upright work rhythm,11.02811,0.065617,True
2103,132,19,moss_ward,Tala,10.5,awake,0.0,0.018,0.036,0.01,0.02,True,upright work rhythm,6.37176,0.024225,True
2104,132,19,glass_harbor,Nia,12.0,awake,0.0,0.12663,0.14463,0.0,0.01,True,upright work rhythm,7.616298,0.040733,True
2105,132,19,cinder_garden,Pax,13.5,awake,0.0,0.439383,0.463383,0.0,0.01,True,upright work rhythm,10.366987,0.071442,True
2106,132,19,lichen_bridge,Rin,15.0,awake,0.0,0.281969,0.299969,0.0,0.01,True,upright work rhythm,9.029987,0.06325,True
2107,132,19,orchid_engine,Eli,16.5,awake,0.0,0.0,0.018,0.0,0.01,True,upright work rhythm,11.30438,0.091658,True
2108,132,19,moss_ward,Ari,18.0,awake,0.0,0.35383,0.37183,0.02,0.03,True,upright work rhythm,6.85945,0.050267,True
2109,132,19,glass_harbor,Oren,19.5,awake,0.0,0.360527,0.378527,0.02,0.03,True,upright work rhythm,8.062196,0.066775,True
2110,132,19,cinder_garden,Vale,21.0,awake,0.0,0.509631,0.533631,0.02,0.03,True,upright work rhythm,10.745789,0.097483,True
2111,132,19,lichen_bridge,Sol,22.5,asleep,0.80752,0.042,0.0,0.02,0.0,True,"curled posture, low breath rhythm",9.257,0.089292,True
2112,133,19,moss_ward,Ari,0.0,asleep,0.80752,0.37183,0.315303,0.03,0.0,True,"curled posture, low breath rhythm",5.996274,0.0711,True
2113,133,19,glass_harbor,Oren,1.5,asleep,0.80752,0.378527,0.322,0.03,0.0,True,"curled posture, low breath rhythm",7.19902,0.087608,True
2114,133,19,cinder_garden,Vale,3.0,asleep,0.80752,0.533631,0.477104,0.03,0.0,True,"curled posture, low breath rhythm",9.882613,0.118317,True
2115,133,19,lichen_bridge,Sol,4.5,asleep,0.813,0.0,0.0,0.0,0.0,True,"curled posture, low breath rhythm",8.417,0.110125,True
2116,133,19,orchid_engine,Bea,6.0,awake,0.0,0.352584,0.370584,0.01,0.02,True,upright work rhythm,10.958939,0.138533,True
2117,133,19,moss_ward,Fay,7.5,awake,0.0,0.353375,0.371375,0.01,0.02,True,upright work rhythm,6.369264,0.097142,True
2118,133,19,glass_harbor,Puck,9.0,awake,0.0,0.358808,0.376808,0.01,0.02,True,upright work rhythm,7.571491,0.11365,True
2119,133,19,cinder_garden,Wren,10.5,awake,0.0,0.018,0.036,0.01,0.02,True,upright work rhythm,10.05176,0.144358,True
2120,133,19,lichen_bridge,Kio,12.0,awake,0.0,0.460184,0.478184,0.0,0.01,True,upright work rhythm,8.963055,0.136167,True
2121,133,19,orchid_engine,Cai,13.5,awake,0.0,0.143545,0.161545,0.0,0.01,True,upright work rhythm,11.223233,0.164575,True
2122,133,19,moss_ward,Milo,15.0,awake,0.0,0.143153,0.161153,0.0,0.01,True,upright work rhythm,6.633073,0.123183,True
2123,133,19,glass_harbor,Sera,16.5,awake,0.0,0.0,0.018,0.0,0.01,True,upright work rhythm,7.77438,0.139692,True
2124,133,19,cinder_garden,Juno,18.0,awake,0.0,0.359631,0.377631,0.02,0.03,True,upright work rhythm,10.541829,0.1704,True
2125,133,19,lichen_bridge,Luma,19.5,awake,0.0,0.35467,0.37267,0.02,0.03,True,upright work rhythm,9.269795,0.162208,True
2126,133,19,orchid_engine,Dax,21.0,awake,0.0,0.19783,0.21583,0.02,0.03,True,upright work rhythm,11.59549,0.190617,True
2127,133,19,moss_ward,Tala,22.5,asleep,0.80752,0.036,0.0,0.02,0.0,True,"curled posture, low breath rhythm",6.917,0.149225,True
2128,134,20,cinder_garden,Juno,0.0,asleep,0.80752,0.377631,0.321104,0.03,0.0,True,"curled posture, low breath rhythm",9.691653,0.192233,True
2129,134,20,lichen_bridge,Luma,1.5,asleep,0.80752,0.37267,0.316143,0.03,0.0,True,"curled posture, low breath rhythm",8.419619,0.184042,True
2130,134,20,orchid_engine,Dax,3.0,asleep,0.80752,0.21583,0.159303,0.03,0.0,True,"curled posture, low breath rhythm",10.745314,0.21245,True
2131,134,20,moss_ward,Tala,4.5,asleep,0.813,0.0,0.0,0.0,0.0,True,"curled posture, low breath rhythm",6.09,0.171058,True
2132,134,20,glass_harbor,Nia,6.0,awake,0.0,0.14463,0.16263,0.01,0.02,True,upright work rhythm,7.356678,0.187567,True
2133,134,20,cinder_garden,Pax,7.5,awake,0.0,0.463383,0.487383,0.01,0.02,True,upright work rhythm,10.109827,0.218275,True
2134,134,20,lichen_bridge,Rin,9.0,awake,0.0,0.299969,0.317969,0.01,0.02,True,upright work rhythm,8.770367,0.210083,True
2135,134,20,orchid_engine,Eli,10.5,awake,0.0,0.018,0.042,0.01,0.02,True,upright work rhythm,11.04722,0.238492,True
2136,134,20,moss_ward,Ari,12.0,awake,0.0,0.315303,0.339303,0.0,0.01,True,upright work rhythm,6.579114,0.1971,True
2137,134,20,glass_harbor,Oren,13.5,awake,0.0,0.322,0.34,0.0,0.01,True,upright work rhythm,7.7794,0.213608,True
2138,134,20,cinder_garden,Vale,15.0,awake,0.0,0.477104,0.501104,0.0,0.01,True,upright work rhythm,10.465453,0.244317,True
2139,134,20,lichen_bridge,Sol,16.5,awake,0.0,0.0,0.018,0.0,0.01,True,upright work rhythm,8.99738,0.236125,True
2140,134,20,orchid_engine,Bea,18.0,awake,0.0,0.370584,0.394584,0.02,0.03,True,upright work rhythm,11.541779,0.264533,True
2141,134,20,moss_ward,Fay,19.5,awake,0.0,0.371375,0.395375,0.02,0.03,True,upright work rhythm,6.952104,0.223142,True
2142,134,20,glass_harbor,Puck,21.0,awake,0.0,0.376808,0.394808,0.02,0.03,True,upright work rhythm,8.151871,0.23965,True
2143,134,20,cinder_garden,Wren,22.5,asleep,0.80752,0.036,0.0,0.02,0.0,True,"curled posture, low breath rhythm",10.61,0.270358,True
2144,135,20,orchid_engine,Bea,0.0,asleep,0.80752,0.394584,0.338057,0.03,0.0,True,"curled posture, low breath rhythm",10.678603,0.285367,True
2145,135,20,moss_ward,Fay,1.5,asleep,0.80752,0.395375,0.338848,0.03,0.0,True,"curled posture, low breath rhythm",6.088928,0.243975,True
2146,135,20,glass_harbor,Puck,3.0,asleep,0.80752,0.394808,0.338281,0.03,0.0,True,"curled posture, low breath rhythm",7.288695,0.260483,True
2147,135,20,cinder_garden,Wren,4.5,asleep,0.813,0.0,0.0,0.0,0.0,True,"curled posture, low breath rhythm",9.77,0.291192,True
2148,135,20,lichen_bridge,Kio,6.0,awake,0.0,0.478184,0.502184,0.01,0.02,True,upright work rhythm,8.705895,0.283,True
2149,135,20,orchid_engine,Cai,7.5,awake,0.0,0.161545,0.179545,0.01,0.02,True,upright work rhythm,10.963613,0.311408,True
2150,135,20,moss_ward,Milo,9.0,awake,0.0,0.161153,0.179153,0.01,0.02,True,upright work rhythm,6.373453,0.270017,True
2151,135,20,glass_harbor,Sera,10.5,awake,0.0,0.018,0.036,0.01,0.02,True,upright work rhythm,7.51476,0.286525,True
2152,135,20,cinder_garden,Juno,12.0,awake,0.0,0.321104,0.339104,0.0,0.01,True,upright work rhythm,10.259033,0.317233,True
2153,135,20,lichen_bridge,Luma,13.5,awake,0.0,0.316143,0.340143,0.0,0.01,True,upright work rhythm,8.989459,0.309042,True
2154,135,20,orchid_engine,Dax,15.0,awake,0.0,0.159303,0.177303,0.0,0.01,True,upright work rhythm,11.312694,0.33745,True
2155,135,20,moss_ward,Tala,16.5,awake,0.0,0.0,0.018,0.0,0.01,True,upright work rhythm,6.65738,0.296058,True
2156,135,20,glass_harbor,Nia,18.0,awake,0.0,0.16263,0.18063,0.02,0.03,True,upright work rhythm,7.924058,0.312567,True
2157,135,20,cinder_garden,Pax,19.5,awake,0.0,0.487383,0.505383,0.02,0.03,True,upright work rhythm,10.677207,0.343275,True
2158,135,20,lichen_bridge,Rin,21.0,awake,0.0,0.317969,0.341969,0.02,0.03,True,upright work rhythm,9.340207,0.335083,True
2159,135,20,orchid_engine,Eli,22.5,asleep,0.80752,0.042,0.0,0.02,0.0,True,"curled posture, low breath rhythm",11.59,0.363492,True
2160,136,20,glass_harbor,Nia,0.0,asleep,0.80752,0.18063,0.124103,0.03,0.0,True,"curled posture, low breath rhythm",7.060882,0.3334,True
2161,136,20,cinder_garden,Pax,1.5,asleep,0.80752,0.505383,0.448856,0.03,0.0,True,"curled posture, low breath rhythm",9.814031,0.364108,True
2162,136,20,lichen_bridge,Rin,3.0,asleep,0.80752,0.341969,0.285442,0.03,0.0,True,"curled posture, low breath rhythm",8.477031,0.355917,True
2163,136,20,orchid_engine,Eli,4.5,asleep,0.813,0.0,0.0,0.0,0.0,True,"curled posture, low breath rhythm",10.75,0.384325,True
2164,136,20,moss_ward,Ari,6.0,awake,0.0,0.339303,0.357303,0.01,0.02,True,upright work rhythm,6.306494,0.342933,True
2165,136,20,glass_harbor,Oren,7.5,awake,0.0,0.34,0.364,0.01,0.02,True,upright work rhythm,7.50924,0.359442,True
2166,136,20,cinder_garden,Vale,9.0,awake,0.0,0.501104,0.519104,0.01,0.02,True,upright work rhythm,10.192833,0.39015,True
2167,136,20,lichen_bridge,Sol,10.5,awake,0.0,0.018,0.042,0.01,0.02,True,upright work rhythm,8.72722,0.381958,True
2168,136,20,orchid_engine,Bea,12.0,awake,0.0,0.338057,0.356057,0.0,0.01,True,upright work rhythm,11.245983,0.410367,True
2169,136,20,moss_ward,Fay,13.5,awake,0.0,0.338848,0.356848,0.0,0.01,True,upright work rhythm,6.656308,0.368975,True
2170,136,20,glass_harbor,Puck,15.0,awake,0.0,0.338281,0.362281,0.0,0.01,True,upright work rhythm,7.858535,0.385483,True
2171,136,20,cinder_garden,Wren,16.5,awake,0.0,0.0,0.018,0.0,0.01,True,upright work rhythm,10.33738,0.416192,True
2172,136,20,lichen_bridge,Kio,18.0,awake,0.0,0.502184,0.526184,0.02,0.03,True,upright work rhythm,9.275735,0.408,True
2173,136,20,orchid_engine,Cai,19.5,awake,0.0,0.179545,0.197545,0.02,0.03,True,upright work rhythm,11.530993,0.436408,True
2174,136,20,moss_ward,Milo,21.0,awake,0.0,0.179153,0.197153,0.02,0.03,True,upright work rhythm,6.940833,0.395017,True
2175,136,20,glass_harbor,Sera,22.5,asleep,0.80752,0.036,0.0,0.02,0.0,True,"curled posture, low breath rhythm",8.06,0.411525,True
2176,137,20,lichen_bridge,Kio,0.0,asleep,0.80752,0.526184,0.469657,0.03,0.0,True,"curled posture, low breath rhythm",8.41256,0.428833,True
2177,137,20,orchid_engine,Cai,1.5,asleep,0.80752,0.197545,0.141018,0.03,0.0,True,"curled posture, low breath rhythm",10.667817,0.457242,True
2178,137,20,moss_ward,Milo,3.0,asleep,0.80752,0.197153,0.140626,0.03,0.0,True,"curled posture, low breath rhythm",6.077657,0.41585,True
2179,137,20,glass_harbor,Sera,4.5,asleep,0.813,0.0,0.0,0.0,0.0,True,"curled posture, low breath rhythm",7.22,0.432358,True
2180,137,20,cinder_garden,Juno,6.0,awake,0.0,0.339104,0.363104,0.01,0.02,True,upright work rhythm,9.988873,0.463067,True
2181,137,20,lichen_bridge,Luma,7.5,awake,0.0,0.340143,0.358143,0.01,0.02,True,upright work rhythm,8.716839,0.454875,True
2182,137,20,orchid_engine,Dax,9.0,awake,0.0,0.177303,0.195303,0.01,0.02,True,upright work rhythm,11.040074,0.483283,True
2183,137,20,moss_ward,Tala,10.5,awake,0.0,0.018,0.036,0.01,0.02,True,upright work rhythm,6.38476,0.441892,True
2184,137,20,glass_harbor,Nia,12.0,awake,0.0,0.124103,0.142103,0.0,0.01,True,upright work rhythm,7.628262,0.4584,True
2185,137,20,cinder_garden,Pax,13.5,awake,0.0,0.448856,0.472856,0.0,0.01,True,upright work rhythm,10.383871,0.489108,True
2186,137,20,lichen_bridge,Rin,15.0,awake,0.0,0.285442,0.303442,0.0,0.01,True,upright work rhythm,9.044411,0.480917,True
2187,137,20,orchid_engine,Eli,16.5,awake,0.0,0.0,0.018,0.0,0.01,True,upright work rhythm,11.31738,0.509325,True
2188,137,20,moss_ward,Ari,18.0,awake,0.0,0.357303,0.375303,0.02,0.03,True,upright work rhythm,6.873874,0.467933,True
2189,137,20,glass_harbor,Oren,19.5,awake,0.0,0.364,0.382,0.02,0.03,True,upright work rhythm,8.07662,0.484442,True
2190,137,20,cinder_garden,Vale,21.0,awake,0.0,0.519104,0.543104,0.02,0.03,True,upright work rhythm,10.762673,0.51515,True
2191,137,20,lichen_bridge,Sol,22.5,asleep,0.80752,0.042,0.0,0.02,0.0,True,"curled posture, low breath rhythm",9.27,0.506958,True
2192,138,20,moss_ward,Ari,0.0,asleep,0.80752,0.375303,0.318777,0.03,0.0,True,"curled posture, low breath rhythm",6.010698,0.488767,True
2193,138,20,glass_harbor,Oren,1.5,asleep,0.80752,0.382,0.325474,0.03,0.0,True,"curled posture, low breath rhythm",7.213444,0.505275,True
2194,138,20,cinder_garden,Vale,3.0,asleep,0.80752,0.543104,0.486578,0.03,0.0,True,"curled posture, low breath rhythm",9.899497,0.535983,True
2195,138,20,lichen_bridge,Sol,4.5,asleep,0.813,0.0,0.0,0.0,0.0,True,"curled posture, low breath rhythm",8.43,0.527792,True
2196,138,20,orchid_engine,Bea,6.0,awake,0.0,0.356057,0.374057,0.01,0.02,True,upright work rhythm,10.973363,0.5562,True
2197,138,20,moss_ward,Fay,7.5,awake,0.0,0.356848,0.374848,0.01,0.02,True,upright work rhythm,6.383688,0.514808,True
2198,138,20,glass_harbor,Puck,9.0,awake,0.0,0.362281,0.380281,0.01,0.02,True,upright work rhythm,7.585915,0.531317,True
2199,138,20,cinder_garden,Wren,10.5,awake,0.0,0.018,0.036,0.01,0.02,True,upright work rhythm,10.06476,0.562025,True
2200,138,20,lichen_bridge,Kio,12.0,awake,0.0,0.469657,0.487657,0.0,0.01,True,upright work rhythm,8.97994,0.553833,True
2201,138,20,orchid_engine,Cai,13.5,awake,0.0,0.141018,0.159018,0.0,0.01,True,upright work rhythm,11.235197,0.582242,True
2202,138,20,moss_ward,Milo,15.0,awake,0.0,0.140626,0.158626,0.0,0.01,True,upright work rhythm,6.645037,0.54085,True
2203,138,20,glass_harbor,Sera,16.5,awake,0.0,0.0,0.018,0.0,0.01,True,upright work rhythm,7.78738,0.557358,True
2204,138,20,cinder_garden,Juno,18.0,awake,0.0,0.363104,0.381104,0.02,0.03,True,upright work rhythm,10.556253,0.588067,True
2205,138,20,lichen_bridge,Luma,19.5,awake,0.0,0.358143,0.376143,0.02,0.03,True,upright work rhythm,9.284219,0.579875,True
2206,138,20,orchid_engine,Dax,21.0,awake,0.0,0.195303,0.213303,0.02,0.03,True,upright work rhythm,11.607454,0.608283,True
2207,138,20,moss_ward,Tala,22.5,asleep,0.80752,0.036,0.0,0.02,0.0,True,"curled posture, low breath rhythm",6.93,0.566892,True
2208,139,20,cinder_garden,Juno,0.0,asleep,0.80752,0.381104,0.324578,0.03,0.0,True,"curled posture, low breath rhythm",9.693077,0.6089,True
2209,139,20,lichen_bridge,Luma,1.5,asleep,0.80752,0.376143,0.319617,0.03,0.0,True,"curled posture, low breath rhythm",8.421043,0.600708,True
2210,139,20,orchid_engine,Dax,3.0,asleep,0.80752,0.213303,0.156777,0.03,0.0,True,"curled posture, low breath rhythm",10.744278,0.629117,True
2211,139,20,moss_ward,Tala,4.5,asleep,0.813,0.0,0.0,0.0,0.0,True,"curled posture, low breath rhythm",6.09,0.587725,True
2212,139,20,glass_harbor,Nia,6.0,awake,0.0,0.142103,0.160103,0.01,0.02,True,upright work rhythm,7.355642,0.604233,True
2213,139,20,cinder_garden,Pax,7.5,awake,0.0,0.472856,0.496856,0.01,0.02,True,upright work rhythm,10.113711,0.634942,True
2214,139,20,lichen_bridge,Rin,9.0,awake,0.0,0.303442,0.321442,0.01,0.02,True,upright work rhythm,8.771791,0.62675,True
2215,139,20,orchid_engine,Eli,10.5,awake,0.0,0.018,0.042,0.01,0.02,True,upright work rhythm,11.04722,0.655158,True
2216,139,20,moss_ward,Ari,12.0,awake,0.0,0.318777,0.342777,0.0,0.01,True,upright work rhythm,6.580538,0.613767,True
2217,139,20,glass_harbor,Oren,13.5,awake,0.0,0.325474,0.343474,0.0,0.01,True,upright work rhythm,7.780824,0.630275,True
2218,139,20,cinder_garden,Vale,15.0,awake,0.0,0.486578,0.510578,0.0,0.01,True,upright work rhythm,10.469337,0.660983,True
2219,139,20,lichen_bridge,Sol,16.5,awake,0.0,0.0,0.018,0.0,0.01,True,upright work rhythm,8.99738,0.652792,True
2220,139,20,orchid_engine,Bea,18.0,awake,0.0,0.374057,0.398057,0.02,0.03,True,upright work rhythm,11.543203,0.6812,True
2221,139,20,moss_ward,Fay,19.5,awake,0.0,0.374848,0.398848,0.02,0.03,True,upright work rhythm,6.953528,0.639808,True
2222,139,20,glass_harbor,Puck,21.0,awake,0.0,0.380281,0.398281,0.02,0.03,True,upright work rhythm,8.153295,0.656317,True
2223,139,20,cinder_garden,Wren,22.5,asleep,0.80752,0.036,0.0,0.02,0.0,True,"curled posture, low breath rhythm",10.61,0.687025,True
2224,140,20,orchid_engine,Bea,0.0,asleep,0.80752,0.398057,0.341531,0.03,0.0,True,"curled posture, low breath rhythm",10.680028,0.702033,True
2225,140,20,moss_ward,Fay,1.5,asleep,0.80752,0.398848,0.342322,0.03,0.0,True,"curled posture, low breath rhythm",6.090352,0.660642,True
2226,140,20,glass_harbor,Puck,3.0,asleep,0.80752,0.398281,0.341755,0.03,0.0,True,"curled posture, low breath rhythm",7.290119,0.67715,True
2227,140,20,cinder_garden,Wren,4.5,asleep,0.813,0.0,0.0,0.0,0.0,True,"curled posture, low breath rhythm",9.77,0.707858,True
2228,140,20,lichen_bridge,Kio,6.0,awake,0.0,0.487657,0.511657,0.01,0.02,True,upright work rhythm,8.70978,0.699667,True
2229,140,20,orchid_engine,Cai,7.5,awake,0.0,0.159018,0.177018,0.01,0.02,True,upright work rhythm,10.962577,0.728075,True
2230,140,20,moss_ward,Milo,9.0,awake,0.0,0.158626,0.176626,0.01,0.02,True,upright work rhythm,6.372417,0.686683,True
2231,140,20,glass_harbor,Sera,10.5,awake,0.0,0.018,0.036,0.01,0.02,True,upright work rhythm,7.51476,0.703192,True
2232,140,20,cinder_garden,Juno,12.0,awake,0.0,0.324578,0.342578,0.0,0.01,True,upright work rhythm,10.260457,0.7339,True
2233,140,20,lichen_bridge,Luma,13.5,awake,0.0,0.319617,0.343617,0.0,0.01,True,upright work rhythm,8.990883,0.725708,True
2234,140,20,orchid_engine,Dax,15.0,awake,0.0,0.156777,0.174777,0.0,0.01,True,upright work rhythm,11.311658,0.754117,True
2235,140,20,moss_ward,Tala,16.5,awake,0.0,0.0,0.018,0.0,0.01,True,upright work rhythm,6.65738,0.712725,True
2236,140,20,glass_harbor,Nia,18.0,awake,0.0,0.160103,0.178103,0.02,0.03,True,upright work rhythm,7.923022,0.729233,True
2237,140,20,cinder_garden,Pax,19.5,awake,0.0,0.496856,0.514856,0.02,0.03,True,upright work rhythm,10.681091,0.759942,True
2238,140,20,lichen_bridge,Rin,21.0,awake,0.0,0.321442,0.345442,0.02,0.03,True,upright work rhythm,9.341631,0.75175,True
2239,140,20,orchid_engine,Eli,22.5,asleep,0.80752,0.042,0.0,0.02,0.0,True,"curled posture, low breath rhythm",11.59,0.780158,True
2240,141,21,glass_harbor,Nia,0.0,asleep,0.80752,0.178103,0.121577,0.03,0.0,True,"curled posture, low breath rhythm",7.072846,0.751067,True
2241,141,21,cinder_garden,Pax,1.5,asleep,0.80752,0.514856,0.45833,0.03,0.0,True,"curled posture, low breath rhythm",9.830915,0.781775,True
2242,141,21,lichen_bridge,Rin,3.0,asleep,0.80752,0.345442,0.288916,0.03,0.0,True,"curled posture, low breath rhythm",8.491456,0.773583,True
2243,141,21,orchid_engine,Eli,4.5,asleep,0.813,0.0,0.0,0.0,0.0,True,"curled posture, low breath rhythm",10.763,0.801992,True
2244,141,21,moss_ward,Ari,6.0,awake,0.0,0.342777,0.360777,0.01,0.02,True,upright work rhythm,6.320918,0.7606,True
2245,141,21,glass_harbor,Oren,7.5,awake,0.0,0.343474,0.367474,0.01,0.02,True,upright work rhythm,7.523664,0.777108,True
2246,141,21,cinder_garden,Vale,9.0,awake,0.0,0.510578,0.528578,0.01,0.02,True,upright work rhythm,10.209717,0.807817,True
2247,141,21,lichen_bridge,Sol,10.5,awake,0.0,0.018,0.042,0.01,0.02,True,upright work rhythm,8.74022,0.799625,True
2248,141,21,orchid_engine,Bea,12.0,awake,0.0,0.341531,0.359531,0.0,0.01,True,upright work rhythm,11.260408,0.828033,True
2249,141,21,moss_ward,Fay,13.5,awake,0.0,0.342322,0.360322,0.0,0.01,True,upright work rhythm,6.670732,0.786642,True
2250,141,21,glass_harbor,Puck,15.0,awake,0.0,0.341755,0.365755,0.0,0.01,True,upright work rhythm,7.872959,0.80315,True
2251,141,21,cinder_garden,Wren,16.5,awake,0.0,0.0,0.018,0.0,0.01,True,upright work rhythm,10.35038,0.833858,True
2252,141,21,lichen_bridge,Kio,18.0,awake,0.0,0.511657,0.535657,0.02,0.03,True,upright work rhythm,9.29262,0.825667,True
2253,141,21,orchid_engine,Cai,19.5,awake,0.0,0.177018,0.195018,0.02,0.03,True,upright work rhythm,11.542957,0.854075,True
2254,141,21,moss_ward,Milo,21.0,awake,0.0,0.176626,0.194626,0.02,0.03,True,upright work rhythm,6.952797,0.812683,True
2255,141,21,glass_harbor,Sera,22.5,asleep,0.80752,0.036,0.0,0.02,0.0,True,"curled posture, low breath rhythm",8.073,0.829192,True
2256,142,21,lichen_bridge,Kio,0.0,asleep,0.80752,0.535657,0.479131,0.03,0.0,True,"curled posture, low breath rhythm",8.429444,0.8465,True
2257,142,21,orchid_engine,Cai,1.5,asleep,0.80752,0.195018,0.138492,0.03,0.0,True,"curled posture, low breath rhythm",10.679782,0.874908,True
2258,142,21,moss_ward,Milo,3.0,asleep,0.80752,0.194626,0.1381,0.03,0.0,True,"curled posture, low breath rhythm",6.089621,0.833517,True
2259,142,21,glass_harbor,Sera,4.5,asleep,0.813,0.0,0.0,0.0,0.0,True,"curled posture, low breath rhythm",7.233,0.850025,True
2260,142,21,cinder_garden,Juno,6.0,awake,0.0,0.342578,0.366578,0.01,0.02,True,upright work rhythm,10.003297,0.880733,True
2261,142,21,lichen_bridge,Luma,7.5,awake,0.0,0.343617,0.361617,0.01,0.02,True,upright work rhythm,8.731263,0.872542,True
2262,142,21,orchid_engine,Dax,9.0,awake,0.0,0.174777,0.192777,0.01,0.02,True,upright work rhythm,11.052038,0.90095,True
2263,142,21,moss_ward,Tala,10.5,awake,0.0,0.018,0.036,0.01,0.02,True,upright work rhythm,6.39776,0.859558,True
2264,142,21,glass_harbor,Nia,12.0,awake,0.0,0.121577,0.139577,0.0,0.01,True,upright work rhythm,7.640226,0.876067,True
2265,142,21,cinder_garden,Pax,13.5,awake,0.0,0.45833,0.48233,0.0,0.01,True,upright work rhythm,10.400755,0.906775,True
2266,142,21,lichen_bridge,Rin,15.0,awake,0.0,0.288916,0.306916,0.0,0.01,True,upright work rhythm,9.058836,0.898583,True
2267,142,21,orchid_engine,Eli,16.5,awake,0.0,0.0,0.018,0.0,0.01,True,upright work rhythm,11.33038,0.926992,True
2268,142,21,moss_ward,Ari,18.0,awake,0.0,0.360777,0.378777,0.02,0.03,True,upright work rhythm,6.888298,0.8856,True
2269,142,21,glass_harbor,Oren,19.5,awake,0.0,0.367474,0.385474,0.02,0.03,True,upright work rhythm,8.091044,0.902108,True
2270,142,21,cinder_garden,Vale,21.0,awake,0.0,0.528578,0.552578,0.02,0.03,True,upright work rhythm,10.779557,0.932817,True
2271,142,21,lichen_bridge,Sol,22.5,asleep,0.80752,0.042,0.0,0.02,0.0,True,"curled posture, low breath rhythm",9.283,0.924625,True
2272,143,21,moss_ward,Ari,0.0,asleep,0.80752,0.378777,0.32225,0.03,0.0,True,"curled posture, low breath rhythm",6.025123,0.906433,True
2273,143,21,glass_harbor,Oren,1.5,asleep,0.80752,0.385474,0.328948,0.03,0.0,True,"curled posture, low breath rhythm",7.227869,0.922942,True
2274,143,21,cinder_garden,Vale,3.0,asleep,0.80752,0.552578,0.496052,0.03,0.0,True,"curled posture, low breath rhythm",9.916381,0.95365,True
2275,143,21,lichen_bridge,Sol,4.5,asleep,0.813,0.0,0.0,0.0,0.0,True,"curled posture, low breath rhythm",8.443,0.945458,True
2276,143,21,orchid_engine,Bea,6.0,awake,0.0,0.359531,0.377531,0.01,0.02,True,upright work rhythm,10.987788,0.973867,True
2277,143,21,moss_ward,Fay,7.5,awake,0.0,0.360322,0.378322,0.01,0.02,True,upright work rhythm,6.398112,0.932475,True
2278,143,21,glass_harbor,Puck,9.0,awake,0.0,0.365755,0.383755,0.01,0.02,True,upright work rhythm,7.600339,0.948983,True
2279,143,21,cinder_garden,Wren,10.5,awake,0.0,0.018,0.036,0.01,0.02,True,upright work rhythm,10.07776,0.979692,True
2280,143,21,lichen_bridge,Kio,12.0,awake,0.0,0.479131,0.497131,0.0,0.01,True,upright work rhythm,8.996824,0.9715,True
2281,143,21,orchid_engine,Cai,13.5,awake,0.0,0.138492,0.156492,0.0,0.01,True,upright work rhythm,11.247162,0.999908,True
2282,143,21,moss_ward,Milo,15.0,awake,0.0,0.1381,0.1561,0.0,0.01,True,upright work rhythm,6.657001,0.958517,True
2283,143,21,glass_harbor,Sera,16.5,awake,0.0,0.0,0.018,0.0,0.01,True,upright work rhythm,7.80038,0.975025,True
2284,143,21,cinder_garden,Juno,18.0,awake,0.0,0.366578,0.384578,0.02,0.03,True,upright work rhythm,10.570677,0.005733,True
2285,143,21,lichen_bridge,Luma,19.5,awake,0.0,0.361617,0.379617,0.02,0.03,True,upright work rhythm,9.298643,0.997542,True
2286,143,21,orchid_engine,Dax,21.0,awake,0.0,0.192777,0.210777,0.02,0.03,True,upright work rhythm,11.619418,0.02595,True
2287,143,21,moss_ward,Tala,22.5,asleep,0.80752,0.036,0.0,0.02,0.0,True,"curled posture, low breath rhythm",6.943,0.984558,True
2288,144,21,cinder_garden,Juno,0.0,asleep,0.80752,0.384578,0.328052,0.03,0.0,True,"curled posture, low breath rhythm",9.707501,0.026567,True
2289,144,21,lichen_bridge,Luma,1.5,asleep,0.80752,0.379617,0.32309,0.03,0.0,True,"curled posture, low breath rhythm",8.435467,0.018375,True
2290,144,21,orchid_engine,Dax,3.0,asleep,0.80752,0.210777,0.15425,0.03,0.0,True,"curled posture, low breath rhythm",10.756243,0.046783,True
2291,144,21,moss_ward,Tala,4.5,asleep,0.813,0.0,0.0,0.0,0.0,True,"curled posture, low breath rhythm",6.103,0.005392,True
2292,144,21,glass_harbor,Nia,6.0,awake,0.0,0.139577,0.157577,0.01,0.02,True,upright work rhythm,7.367606,0.0219,True
2293,144,21,cinder_garden,Pax,7.5,awake,0.0,0.48233,0.50633,0.01,0.02,True,upright work rhythm,10.130595,0.052608,True
2294,144,21,lichen_bridge,Rin,9.0,awake,0.0,0.306916,0.324916,0.01,0.02,True,upright work rhythm,8.786216,0.044417,True
2295,144,21,orchid_engine,Eli,10.5,awake,0.0,0.018,0.042,0.01,0.02,True,upright work rhythm,11.06022,0.072825,True
2296,144,21,moss_ward,Ari,12.0,awake,0.0,0.32225,0.34625,0.0,0.01,True,upright work rhythm,6.594963,0.031433,True
2297,144,21,glass_harbor,Oren,13.5,awake,0.0,0.328948,0.346948,0.0,0.01,True,upright work rhythm,7.795249,0.047942,True
2298,144,21,cinder_garden,Vale,15.0,awake,0.0,0.496052,0.520052,0.0,0.01,True,upright work rhythm,10.486221,0.07865,True
2299,144,21,lichen_bridge,Sol,16.5,awake,0.0,0.0,0.018,0.0,0.01,True,upright work rhythm,9.01038,0.070458,True
2300,144,21,orchid_engine,Bea,18.0,awake,0.0,0.377531,0.401531,0.02,0.03,True,upright work rhythm,11.557628,0.098867,True
2301,144,21,moss_ward,Fay,19.5,awake,0.0,0.378322,0.402322,0.02,0.03,True,upright work rhythm,6.967952,0.057475,True
2302,144,21,glass_harbor,Puck,21.0,awake,0.0,0.383755,0.401755,0.02,0.03,True,upright work rhythm,8.167719,0.073983,True
2303,144,21,cinder_garden,Wren,22.5,asleep,0.80752,0.036,0.0,0.02,0.0,True,"curled posture, low breath rhythm",10.623,0.104692,True
2304,145,21,orchid_engine,Bea,0.0,asleep,0.80752,0.401531,0.345004,0.03,0.0,True,"curled posture, low breath rhythm",10.694452,0.1197,True
2305,145,21,moss_ward,Fay,1.5,asleep,0.80752,0.402322,0.345795,0.03,0.0,True,"curled posture, low breath rhythm",6.104776,0.078308,True
2306,145,21,glass_harbor,Puck,3.0,asleep,0.80752,0.401755,0.345228,0.03,0.0,True,"curled posture, low breath rhythm",7.304544,0.094817,True
2307,145,21,cinder_garden,Wren,4.5,asleep,0.813,0.0,0.0,0.0,0.0,True,"curled posture, low breath rhythm",9.783,0.125525,True
2308,145,21,lichen_bridge,Kio,6.0,awake,0.0,0.497131,0.521131,0.01,0.02,True,upright work rhythm,8.726664,0.117333,True
2309,145,21,orchid_engine,Cai,7.5,awake,0.0,0.156492,0.174492,0.01,0.02,True,upright work rhythm,10.974542,0.145742,True
2310,145,21,moss_ward,Milo,9.0,awake,0.0,0.1561,0.1741,0.01,0.02,True,upright work rhythm,6.384381,0.10435,True
2311,145,21,glass_harbor,Sera,10.5,awake,0.0,0.018,0.036,0.01,0.02,True,upright work rhythm,7.52776,0.120858,True
2312,145,21,cinder_garden,Juno,12.0,awake,0.0,0.328052,0.346052,0.0,0.01,True,upright work rhythm,10.274881,0.151567,True
2313,145,21,lichen_bridge,Luma,13.5,awake,0.0,0.32309,0.34709,0.0,0.01,True,upright work rhythm,9.005307,0.143375,True
2314,145,21,orchid_engine,Dax,15.0,awake,0.0,0.15425,0.17225,0.0,0.01,True,upright work rhythm,11.323623,0.171783,True
2315,145,21,moss_ward,Tala,16.5,awake,0.0,0.0,0.018,0.0,0.01,True,upright work rhythm,6.67038,0.130392,True
2316,145,21,glass_harbor,Nia,18.0,awake,0.0,0.157577,0.175577,0.02,0.03,True,upright work rhythm,7.934986,0.1469,True
2317,145,21,cinder_garden,Pax,19.5,awake,0.0,0.50633,0.52433,0.02,0.03,True,upright work rhythm,10.697975,0.177608,True
2318,145,21,lichen_bridge,Rin,21.0,awake,0.0,0.324916,0.348916,0.02,0.03,True,upright work rhythm,9.356056,0.169417,True
2319,145,21,orchid_engine,Eli,22.5,asleep,0.80752,0.042,0.0,0.02,0.0,True,"curled posture, low breath rhythm",11.603,0.197825,True
2320,146,21,glass_harbor,Nia,0.0,asleep,0.80752,0.175577,0.11905,0.03,0.0,True,"curled posture, low breath rhythm",7.071811,0.167733,True
2321,146,21,cinder_garden,Pax,1.5,asleep,0.80752,0.52433,0.467804,0.03,0.0,True,"curled posture, low breath rhythm",9.834799,0.198442,True
2322,146,21,lichen_bridge,Rin,3.0,asleep,0.80752,0.348916,0.29239,0.03,0.0,True,"curled posture, low breath rhythm",8.49288,0.19025,True
2323,146,21,orchid_engine,Eli,4.5,asleep,0.813,0.0,0.0,0.0,0.0,True,"curled posture, low breath rhythm",10.763,0.218658,True
2324,146,21,moss_ward,Ari,6.0,awake,0.0,0.34625,0.36425,0.01,0.02,True,upright work rhythm,6.322343,0.177267,True
2325,146,21,glass_harbor,Oren,7.5,awake,0.0,0.346948,0.370948,0.01,0.02,True,upright work rhythm,7.525089,0.193775,True
2326,146,21,cinder_garden,Vale,9.0,awake,0.0,0.520052,0.538052,0.01,0.02,True,upright work rhythm,10.213601,0.224483,True
2327,146,21,lichen_bridge,Sol,10.5,awake,0.0,0.018,0.042,0.01,0.02,True,upright work rhythm,8.74022,0.216292,True
2328,146,21,orchid_engine,Bea,12.0,awake,0.0,0.345004,0.363004,0.0,0.01,True,upright work rhythm,11.261832,0.2447,True
2329,146,21,moss_ward,Fay,13.5,awake,0.0,0.345795,0.363795,0.0,0.01,True,upright work rhythm,6.672156,0.203308,True
2330,146,21,glass_harbor,Puck,15.0,awake,0.0,0.345228,0.369228,0.0,0.01,True,upright work rhythm,7.874384,0.219817,True
2331,146,21,cinder_garden,Wren,16.5,awake,0.0,0.0,0.018,0.0,0.01,True,upright work rhythm,10.35038,0.250525,True
2332,146,21,lichen_bridge,Kio,18.0,awake,0.0,0.521131,0.545131,0.02,0.03,True,upright work rhythm,9.296504,0.242333,True
2333,146,21,orchid_engine,Cai,19.5,awake,0.0,0.174492,0.192492,0.02,0.03,True,upright work rhythm,11.541922,0.270742,True
2334,146,21,moss_ward,Milo,21.0,awake,0.0,0.1741,0.1921,0.02,0.03,True,upright work rhythm,6.951761,0.22935,True
2335,146,21,glass_harbor,Sera,22.5,asleep,0.80752,0.036,0.0,0.02,0.0,True,"curled posture, low breath rhythm",8.073,0.245858,True
2336,147,21,lichen_bridge,Kio,0.0,asleep,0.80752,0.545131,0.488605,0.03,0.0,True,"curled posture, low breath rhythm",8.433328,0.263167,True
2337,147,21,orchid_engine,Cai,1.5,asleep,0.80752,0.192492,0.135965,0.03,0.0,True,"curled posture, low breath rhythm",10.678746,0.291575,True
2338,147,21,moss_ward,Milo,3.0,asleep,0.80752,0.1921,0.135573,0.03,0.0,True,"curled posture, low breath rhythm",6.088585,0.250183,True
2339,147,21,glass_harbor,Sera,4.5,asleep,0.813,0.0,0.0,0.0,0.0,True,"curled posture, low breath rhythm",7.233,0.266692,True
2340,147,21,cinder_garden,Juno,6.0,awake,0.0,0.346052,0.370052,0.01,0.02,True,upright work rhythm,10.004721,0.2974,True
2341,147,21,lichen_bridge,Luma,7.5,awake,0.0,0.34709,0.36509,0.01,0.02,True,upright work rhythm,8.732687,0.289208,True
2342,147,21,orchid_engine,Dax,9.0,awake,0.0,0.17225,0.19025,0.01,0.02,True,upright work rhythm,11.051003,0.317617,True
2343,147,21,moss_ward,Tala,10.5,awake,0.0,0.018,0.036,0.01,0.02,True,upright work rhythm,6.39776,0.276225,True
2344,147,21,glass_harbor,Nia,12.0,awake,0.0,0.11905,0.13705,0.0,0.01,True,upright work rhythm,7.639191,0.292733,True
2345,147,21,cinder_garden,Pax,13.5,awake,0.0,0.467804,0.491804,0.0,0.01,True,upright work rhythm,10.404639,0.323442,True
2346,147,21,lichen_bridge,Rin,15.0,awake,0.0,0.29239,0.31039,0.0,0.01,True,upright work rhythm,9.06026,0.31525,True
2347,147,21,orchid_engine,Eli,16.5,awake,0.0,0.0,0.018,0.0,0.01,True,upright work rhythm,11.33038,0.343658,True
2348,147,21,moss_ward,Ari,18.0,awake,0.0,0.36425,0.38225,0.02,0.03,True,upright work rhythm,6.889723,0.302267,True
2349,147,21,glass_harbor,Oren,19.5,awake,0.0,0.370948,0.388948,0.02,0.03,True,upright work rhythm,8.092469,0.318775,True
2350,147,21,cinder_garden,Vale,21.0,awake,0.0,0.538052,0.562052,0.02,0.03,True,upright work rhythm,10.783441,0.349483,True
2351,147,21,lichen_bridge,Sol,22.5,asleep,0.80752,0.042,0.0,0.02,0.0,True,"curled posture, low breath rhythm",9.283,0.341292,True
2352,148,22,moss_ward,Ari,0.0,asleep,0.80752,0.38225,0.325724,0.03,0.0,True,"curled posture, low breath rhythm",6.039547,0.3241,True
2353,148,22,glass_harbor,Oren,1.5,asleep,0.80752,0.388948,0.332421,0.03,0.0,True,"curled posture, low breath rhythm",7.242293,0.340608,True
2354,148,22,cinder_garden,Vale,3.0,asleep,0.80752,0.562052,0.505525,0.03,0.0,True,"curled posture, low breath rhythm",9.933265,0.371317,True
2355,148,22,lichen_bridge,Sol,4.5,asleep,0.813,0.0,0.0,0.0,0.0,True,"curled posture, low breath rhythm",8.456,0.363125,True
2356,148,22,orchid_engine,Bea,6.0,awake,0.0,0.363004,0.381004,0.01,0.02,True,upright work rhythm,11.002212,0.391533,True
2357,148,22,moss_ward,Fay,7.5,awake,0.0,0.363795,0.381795,0.01,0.02,True,upright work rhythm,6.412536,0.350142,True
2358,148,22,glass_harbor,Puck,9.0,awake,0.0,0.369228,0.387228,0.01,0.02,True,upright work rhythm,7.614764,0.36665,True
2359,148,22,cinder_garden,Wren,10.5,awake,0.0,0.018,0.036,0.01,0.02,True,upright work rhythm,10.09076,0.397358,True
2360,148,22,lichen_bridge,Kio,12.0,awake,0.0,0.488605,0.506605,0.0,0.01,True,upright work rhythm,9.013708,0.389167,True
2361,148,22,orchid_engine,Cai,13.5,awake,0.0,0.135965,0.153965,0.0,0.01,True,upright work rhythm,11.259126,0.417575,True
2362,148,22,moss_ward,Milo,15.0,awake,0.0,0.135573,0.153573,0.0,0.01,True,upright work rhythm,6.668965,0.376183,True
2363,148,22,glass_harbor,Sera,16.5,awake,0.0,0.0,0.018,0.0,0.01,True,upright work rhythm,7.81338,0.392692,True
2364,148,22,cinder_garden,Juno,18.0,awake,0.0,0.370052,0.388052,0.02,0.03,True,upright work rhythm,10.585101,0.4234,True
2365,148,22,lichen_bridge,Luma,19.5,awake,0.0,0.36509,0.38309,0.02,0.03,True,upright work rhythm,9.313067,0.415208,True
2366,148,22,orchid_engine,Dax,21.0,awake,0.0,0.19025,0.20825,0.02,0.03,True,upright work rhythm,11.631383,0.443617,True
2367,148,22,moss_ward,Tala,22.5,asleep,0.80752,0.036,0.0,0.02,0.0,True,"curled posture, low breath rhythm",6.956,0.402225,True
2368,149,22,cinder_garden,Juno,0.0,asleep,0.80752,0.388052,0.331525,0.03,0.0,True,"curled posture, low breath rhythm",9.721925,0.444233,True
2369,149,22,lichen_bridge,Luma,1.5,asleep,0.80752,0.38309,0.326564,0.03,0.0,True,"curled posture, low breath rhythm",8.449891,0.436042,True
2370,149,22,orchid_engine,Dax,3.0,asleep,0.80752,0.20825,0.151724,0.03,0.0,True,"curled posture, low breath rhythm",10.768207,0.46445,True
2371,149,22,moss_ward,Tala,4.5,asleep,0.813,0.0,0.0,0.0,0.0,True,"curled posture, low breath rhythm",6.116,0.423058,True
2372,149,22,glass_harbor,Nia,6.0,awake,0.0,0.13705,0.15505,0.01,0.02,True,upright work rhythm,7.379571,0.439567,True
2373,149,22,cinder_garden,Pax,7.5,awake,0.0,0.491804,0.515804,0.01,0.02,True,upright work rhythm,10.147479,0.470275,True
2374,149,22,lichen_bridge,Rin,9.0,awake,0.0,0.31039,0.32839,0.01,0.02,True,upright work rhythm,8.80064,0.462083,True
2375,149,22,orchid_engine,Eli,10.5,awake,0.0,0.018,0.042,0.01,0.02,True,upright work rhythm,11.07322,0.490492,True
2376,149,22,moss_ward,Ari,12.0,awake,0.0,0.325724,0.349724,0.0,0.01,True,upright work rhythm,6.609387,0.4491,True
2377,149,22,glass_harbor,Oren,13.5,awake,0.0,0.332421,0.350421,0.0,0.01,True,upright work rhythm,7.809673,0.465608,True
2378,149,22,cinder_garden,Vale,15.0,awake,0.0,0.505525,0.529525,0.0,0.01,True,upright work rhythm,10.503105,0.496317,True
2379,149,22,lichen_bridge,Sol,16.5,awake,0.0,0.0,0.018,0.0,0.01,True,upright work rhythm,9.02338,0.488125,True
2380,149,22,orchid_engine,Bea,18.0,awake,0.0,0.381004,0.405004,0.02,0.03,True,upright work rhythm,11.572052,0.516533,True
2381,149,22,moss_ward,Fay,19.5,awake,0.0,0.381795,0.405795,0.02,0.03,True,upright work rhythm,6.982376,0.475142,True
2382,149,22,glass_harbor,Puck,21.0,awake,0.0,0.387228,0.405228,0.02,0.03,True,upright work rhythm,8.182144,0.49165,True
2383,149,22,cinder_garden,Wren,22.5,asleep,0.80752,0.036,0.0,0.02,0.0,True,"curled posture, low breath rhythm",10.636,0.522358,True
2384,150,22,orchid_engine,Bea,0.0,asleep,0.80752,0.405004,0.348478,0.03,0.0,True,"curled posture, low breath rhythm",10.708876,0.537367,True
2385,150,22,moss_ward,Fay,1.5,asleep,0.80752,0.405795,0.349269,0.03,0.0,True,"curled posture, low breath rhythm",6.1192,0.495975,True
2386,150,22,glass_harbor,Puck,3.0,asleep,0.80752,0.405228,0.348702,0.03,0.0,True,"curled posture, low breath rhythm",7.318968,0.512483,True
2387,150,22,cinder_garden,Wren,4.5,asleep,0.813,0.0,0.0,0.0,0.0,True,"curled posture, low breath rhythm",9.796,0.543192,True
2388,150,22,lichen_bridge,Kio,6.0,awake,0.0,0.506605,0.530605,0.01,0.02,True,upright work rhythm,8.743548,0.535,True
2389,150,22,orchid_engine,Cai,7.5,awake,0.0,0.153965,0.171965,0.01,0.02,True,upright work rhythm,10.986506,0.563408,True
2390,150,22,moss_ward,Milo,9.0,awake,0.0,0.153573,0.171573,0.01,0.02,True,upright work rhythm,6.396345,0.522017,True
2391,150,22,glass_harbor,Sera,10.5,awake,0.0,0.018,0.036,0.01,0.02,True,upright work rhythm,7.54076,0.538525,True
2392,150,22,cinder_garden,Juno,12.0,awake,0.0,0.331525,0.349525,0.0,0.01,True,upright work rhythm,10.289305,0.569233,True
2393,150,22,lichen_bridge,Luma,13.5,awake,0.0,0.326564,0.350564,0.0,0.01,True,upright work rhythm,9.019731,0.561042,True
2394,150,22,orchid_engine,Dax,15.0,awake,0.0,0.151724,0.169724,0.0,0.01,True,upright work rhythm,11.335587,0.58945,True
2395,150,22,moss_ward,Tala,16.5,awake,0.0,0.0,0.018,0.0,0.01,True,upright work rhythm,6.68338,0.548058,True
2396,150,22,glass_harbor,Nia,18.0,awake,0.0,0.15505,0.17305,0.02,0.03,True,upright work rhythm,7.946951,0.564567,True
2397,150,22,cinder_garden,Pax,19.5,awake,0.0,0.515804,0.533804,0.02,0.03,True,upright work rhythm,10.714859,0.595275,True
2398,150,22,lichen_bridge,Rin,21.0,awake,0.0,0.32839,0.35239,0.02,0.03,True,upright work rhythm,9.37048,0.587083,True
2399,150,22,orchid_engine,Eli,22.5,asleep,0.80752,0.042,0.0,0.02,0.0,True,"curled posture, low breath rhythm",11.616,0.615492,True
2400,151,22,glass_harbor,Nia,0.0,asleep,0.80752,0.17305,0.116524,0.03,0.0,True,"curled posture, low breath rhythm",7.083775,0.5854,True
2401,151,22,cinder_garden,Pax,1.5,asleep,0.80752,0.533804,0.477277,0.03,0.0,True,"curled posture, low breath rhythm",9.851684,0.616108,True
2402,151,22,lichen_bridge,Rin,3.0,asleep,0.80752,0.35239,0.295863,0.03,0.0,True,"curled posture, low breath rhythm",8.507304,0.607917,True
2403,151,22,orchid_engine,Eli,4.5,asleep,0.813,0.0,0.0,0.0,0.0,True,"curled posture, low breath rhythm",10.776,0.636325,True
2404,151,22,moss_ward,Ari,6.0,awake,0.0,0.349724,0.367724,0.01,0.02,True,upright work rhythm,6.336767,0.594933,True
2405,151,22,glass_harbor,Oren,7.5,awake,0.0,0.350421,0.374421,0.01,0.02,True,upright work rhythm,7.539513,0.611442,True
2406,151,22,cinder_garden,Vale,9.0,awake,0.0,0.529525,0.547525,0.01,0.02,True,upright work rhythm,10.230485,0.64215,True
2407,151,22,lichen_bridge,Sol,10.5,awake,0.0,0.018,0.042,0.01,0.02,True,upright work rhythm,8.75322,0.633958,True
2408,151,22,orchid_engine,Bea,12.0,awake,0.0,0.348478,0.366478,0.0,0.01,True,upright work rhythm,11.276256,0.662367,True
2409,151,22,moss_ward,Fay,13.5,awake,0.0,0.349269,0.367269,0.0,0.01,True,upright work rhythm,6.68658,0.620975,True
2410,151,22,glass_harbor,Puck,15.0,awake,0.0,0.348702,0.372702,0.0,0.01,True,upright work rhythm,7.888808,0.637483,True
2411,151,22,cinder_garden,Wren,16.5,awake,0.0,0.0,0.018,0.0,0.01,True,upright work rhythm,10.36338,0.668192,True
2412,151,22,lichen_bridge,Kio,18.0,awake,0.0,0.530605,0.554605,0.02,0.03,True,upright work rhythm,9.313388,0.66,True
2413,151,22,orchid_engine,Cai,19.5,awake,0.0,0.171965,0.189965,0.02,0.03,True,upright work rhythm,11.553886,0.688408,True
2414,151,22,moss_ward,Milo,21.0,awake,0.0,0.171573,0.189573,0.02,0.03,True,upright work rhythm,6.963725,0.647017,True
2415,151,22,glass_harbor,Sera,22.5,asleep,0.80752,0.036,0.0,0.02,0.0,True,"curled posture, low breath rhythm",8.086,0.663525,True
2416,152,22,lichen_bridge,Kio,0.0,asleep,0.80752,0.554605,0.498078,0.03,0.0,True,"curled posture, low breath rhythm",8.450212,0.680833,True
2417,152,22,orchid_engine,Cai,1.5,asleep,0.80752,0.189965,0.133439,0.03,0.0,True,"curled posture, low breath rhythm",10.69071,0.709242,True
2418,152,22,moss_ward,Milo,3.0,asleep,0.80752,0.189573,0.133047,0.03,0.0,True,"curled posture, low breath rhythm",6.100549,0.66785,True
2419,152,22,glass_harbor,Sera,4.5,asleep,0.813,0.0,0.0,0.0,0.0,True,"curled posture, low breath rhythm",7.246,0.684358,True
2420,152,22,cinder_garden,Juno,6.0,awake,0.0,0.349525,0.373525,0.01,0.02,True,upright work rhythm,10.019145,0.715067,True
2421,152,22,lichen_bridge,Luma,7.5,awake,0.0,0.350564,0.368564,0.01,0.02,True,upright work rhythm,8.747111,0.706875,True
2422,152,22,orchid_engine,Dax,9.0,awake,0.0,0.169724,0.187724,0.01,0.02,True,upright work rhythm,11.062967,0.735283,True
2423,152,22,moss_ward,Tala,10.5,awake,0.0,0.018,0.036,0.01,0.02,True,upright work rhythm,6.41076,0.693892,True
2424,152,22,glass_harbor,Nia,12.0,awake,0.0,0.116524,0.134524,0.0,0.01,True,upright work rhythm,7.651155,0.7104,True
2425,152,22,cinder_garden,Pax,13.5,awake,0.0,0.477277,0.501277,0.0,0.01,True,upright work rhythm,10.421524,0.741108,True
2426,152,22,lichen_bridge,Rin,15.0,awake,0.0,0.295863,0.313863,0.0,0.01,True,upright work rhythm,9.074684,0.732917,True
2427,152,22,orchid_engine,Eli,16.5,awake,0.0,0.0,0.018,0.0,0.01,True,upright work rhythm,11.34338,0.761325,True
2428,152,22,moss_ward,Ari,18.0,awake,0.0,0.367724,0.385724,0.02,0.03,True,upright work rhythm,6.904147,0.719933,True
2429,152,22,glass_harbor,Oren,19.5,awake,0.0,0.374421,0.392421,0.02,0.03,True,upright work rhythm,8.106893,0.736442,True
2430,152,22,cinder_garden,Vale,21.0,awake,0.0,0.547525,0.571525,0.02,0.03,True,upright work rhythm,10.800325,0.76715,True
2431,152,22,lichen_bridge,Sol,22.5,asleep,0.80752,0.042,0.0,0.02,0.0,True,"curled posture, low breath rhythm",9.296,0.758958,True
2432,153,22,moss_ward,Ari,0.0,asleep,0.80752,0.385724,0.329198,0.03,0.0,True,"curled posture, low breath rhythm",6.040971,0.740767,True
2433,153,22,glass_harbor,Oren,1.5,asleep,0.80752,0.392421,0.335895,0.03,0.0,True,"curled posture, low breath rhythm",7.243717,0.757275,True
2434,153,22,cinder_garden,Vale,3.0,asleep,0.80752,0.571525,0.514999,0.03,0.0,True,"curled posture, low breath rhythm",9.93715,0.787983,True
2435,153,22,lichen_bridge,Sol,4.5,asleep,0.813,0.0,0.0,0.0,0.0,True,"curled posture, low breath rhythm",8.456,0.779792,True
2436,153,22,orchid_engine,Bea,6.0,awake,0.0,0.366478,0.384478,0.01,0.02,True,upright work rhythm,11.003636,0.8082,True
2437,153,22,moss_ward,Fay,7.5,awake,0.0,0.367269,0.385269,0.01,0.02,True,upright work rhythm,6.41396,0.766808,True
2438,153,22,glass_harbor,Puck,9.0,awake,0.0,0.372702,0.390702,0.01,0.02,True,upright work rhythm,7.616188,0.783317,True
2439,153,22,cinder_garden,Wren,10.5,awake,0.0,0.018,0.036,0.01,0.02,True,upright work rhythm,10.09076,0.814025,True
2440,153,22,lichen_bridge,Kio,12.0,awake,0.0,0.498078,0.516078,0.0,0.01,True,upright work rhythm,9.017592,0.805833,True
2441,153,22,orchid_engine,Cai,13.5,awake,0.0,0.133439,0.151439,0.0,0.01,True,upright work rhythm,11.25809,0.834242,True
2442,153,22,moss_ward,Milo,15.0,awake,0.0,0.133047,0.151047,0.0,0.01,True,upright work rhythm,6.667929,0.79285,True
2443,153,22,glass_harbor,Sera,16.5,awake,0.0,0.0,0.018,0.0,0.01,True,upright work rhythm,7.81338,0.809358,True
2444,153,22,cinder_garden,Juno,18.0,awake,0.0,0.373525,0.391525,0.02,0.03,True,upright work rhythm,10.586525,0.840067,True
2445,153,22,lichen_bridge,Luma,19.5,awake,0.0,0.368564,0.386564,0.02,0.03,True,upright work rhythm,9.314491,0.831875,True
2446,153,22,orchid_engine,Dax,21.0,awake,0.0,0.187724,0.205724,0.02,0.03,True,upright work rhythm,11.630347,0.860283,True
2447,153,22,moss_ward,Tala,22.5,asleep,0.80752,0.036,0.0,0.02,0.0,True,"curled posture, low breath rhythm",6.956,0.818892,True
2448,154,22,cinder_garden,Juno,0.0,asleep,0.80752,0.391525,0.334999,0.03,0.0,True,"curled posture, low breath rhythm",9.72335,0.8609,True
2449,154,22,lichen_bridge,Luma,1.5,asleep,0.80752,0.386564,0.330038,0.03,0.0,True,"curled posture, low breath rhythm",8.451315,0.852708,True
2450,154,22,orchid_engine,Dax,3.0,asleep,0.80752,0.205724,0.149198,0.03,0.0,True,"curled posture, low breath rhythm",10.767171,0.881117,True
2451,154,22,moss_ward,Tala,4.5,asleep,0.813,0.0,0.0,0.0,0.0,True,"curled posture, low breath rhythm",6.116,0.839725,True
2452,154,22,glass_harbor,Nia,6.0,awake,0.0,0.134524,0.152524,0.01,0.02,True,upright work rhythm,7.378535,0.856233,True
2453,154,22,cinder_garden,Pax,7.5,awake,0.0,0.501277,0.525277,0.01,0.02,True,upright work rhythm,10.151364,0.886942,True
2454,154,22,lichen_bridge,Rin,9.0,awake,0.0,0.313863,0.331863,0.01,0.02,True,upright work rhythm,8.802064,0.87875,True
2455,154,22,orchid_engine,Eli,10.5,awake,0.0,0.018,0.042,0.01,0.02,True,upright work rhythm,11.07322,0.907158,True
2456,154,22,moss_ward,Ari,12.0,awake,0.0,0.329198,0.353198,0.0,0.01,True,upright work rhythm,6.610811,0.865767,True
2457,154,22,glass_harbor,Oren,13.5,awake,0.0,0.335895,0.353895,0.0,0.01,True,upright work rhythm,7.811097,0.882275,True
2458,154,22,cinder_garden,Vale,15.0,awake,0.0,0.514999,0.538999,0.0,0.01,True,upright work rhythm,10.50699,0.912983,True
2459,154,22,lichen_bridge,Sol,16.5,awake,0.0,0.0,0.018,0.0,0.01,True,upright work rhythm,9.02338,0.904792,True
2460,154,22,orchid_engine,Bea,18.0,awake,0.0,0.384478,0.408478,0.02,0.03,True,upright work rhythm,11.573476,0.9332,True
2461,154,22,moss_ward,Fay,19.5,awake,0.0,0.385269,0.409269,0.02,0.03,True,upright work rhythm,6.9838,0.891808,True
2462,154,22,glass_harbor,Puck,21.0,awake,0.0,0.390702,0.408702,0.02,0.03,True,upright work rhythm,8.183568,0.908317,True
2463,154,22,cinder_garden,Wren,22.5,asleep,0.80752,0.036,0.0,0.02,0.0,True,"curled posture, low breath rhythm",10.636,0.939025,True
2464,155,23,orchid_engine,Bea,0.0,asleep,0.80752,0.408478,0.351952,0.03,0.0,True,"curled posture, low breath rhythm",10.7233,0.955033,True
2465,155,23,moss_ward,Fay,1.5,asleep,0.80752,0.409269,0.352743,0.03,0.0,True,"curled posture, low breath rhythm",6.133624,0.913642,True
2466,155,23,glass_harbor,Puck,3.0,asleep,0.80752,0.408702,0.352176,0.03,0.0,True,"curled posture, low breath rhythm",7.333392,0.93015,True
2467,155,23,cinder_garden,Wren,4.5,asleep,0.813,0.0,0.0,0.0,0.0,True,"curled posture, low breath rhythm",9.809,0.960858,True
2468,155,23,lichen_bridge,Kio,6.0,awake,0.0,0.516078,0.540078,0.01,0.02,True,upright work rhythm,8.760432,0.952667,True
2469,155,23,orchid_engine,Cai,7.5,awake,0.0,0.151439,0.169439,0.01,0.02,True,upright work rhythm,10.99847,0.981075,True
2470,155,23,moss_ward,Milo,9.0,awake,0.0,0.151047,0.169047,0.01,0.02,True,upright work rhythm,6.408309,0.939683,True
2471,155,23,glass_harbor,Sera,10.5,awake,0.0,0.018,0.036,0.01,0.02,True,upright work rhythm,7.55376,0.956192,True
2472,155,23,cinder_garden,Juno,12.0,awake,0.0,0.334999,0.352999,0.0,0.01,True,upright work rhythm,10.30373,0.9869,True
2473,155,23,lichen_bridge,Luma,13.5,awake,0.0,0.330038,0.354038,0.0,0.01,True,upright work rhythm,9.034155,0.978708,True
2474,155,23,orchid_engine,Dax,15.0,awake,0.0,0.149198,0.167198,0.0,0.01,True,upright work rhythm,11.347551,0.007117,True
2475,155,23,moss_ward,Tala,16.5,awake,0.0,0.0,0.018,0.0,0.01,True,upright work rhythm,6.69638,0.965725,True
2476,155,23,glass_harbor,Nia,18.0,awake,0.0,0.152524,0.170524,0.02,0.03,True,upright work rhythm,7.958915,0.982233,True
2477,155,23,cinder_garden,Pax,19.5,awake,0.0,0.525277,0.543277,0.02,0.03,True,upright work rhythm,10.731744,0.012942,True
2478,155,23,lichen_bridge,Rin,21.0,awake,0.0,0.331863,0.355863,0.02,0.03,True,upright work rhythm,9.384904,0.00475,True
2479,155,23,orchid_engine,Eli,22.5,asleep,0.80752,0.042,0.0,0.02,0.0,True,"curled posture, low breath rhythm",11.629,0.033158,True
2480,156,23,glass_harbor,Nia,0.0,asleep,0.80752,0.170524,0.113998,0.03,0.0,True,"curled posture, low breath rhythm",7.095739,0.003067,True
2481,156,23,cinder_garden,Pax,1.5,asleep,0.80752,0.543277,0.486751,0.03,0.0,True,"curled posture, low breath rhythm",9.868568,0.033775,True
2482,156,23,lichen_bridge,Rin,3.0,asleep,0.80752,0.355863,0.299337,0.03,0.0,True,"curled posture, low breath rhythm",8.521728,0.025583,True
2483,156,23,orchid_engine,Eli,4.5,asleep,0.813,0.0,0.0,0.0,0.0,True,"curled posture, low breath rhythm",10.789,0.053992,True
2484,156,23,moss_ward,Ari,6.0,awake,0.0,0.353198,0.371198,0.01,0.02,True,upright work rhythm,6.351191,0.0126,True
2485,156,23,glass_harbor,Oren,7.5,awake,0.0,0.353895,0.377895,0.01,0.02,True,upright work rhythm,7.553937,0.029108,True
2486,156,23,cinder_garden,Vale,9.0,awake,0.0,0.538999,0.556999,0.01,0.02,True,upright work rhythm,10.24737,0.059817,True
2487,156,23,lichen_bridge,Sol,10.5,awake,0.0,0.018,0.042,0.01,0.02,True,upright work rhythm,8.76622,0.051625,True
2488,156,23,orchid_engine,Bea,12.0,awake,0.0,0.351952,0.369952,0.0,0.01,True,upright work rhythm,11.29068,0.080033,True
2489,156,23,moss_ward,Fay,13.5,awake,0.0,0.352743,0.370743,0.0,0.01,True,upright work rhythm,6.701004,0.038642,True
2490,156,23,glass_harbor,Puck,15.0,awake,0.0,0.352176,0.376176,0.0,0.01,True,upright work rhythm,7.903232,0.05515,True
2491,156,23,cinder_garden,Wren,16.5,awake,0.0,0.0,0.018,0.0,0.01,True,upright work rhythm,10.37638,0.085858,True
2492,156,23,lichen_bridge,Kio,18.0,awake,0.0,0.540078,0.564078,0.02,0.03,True,upright work rhythm,9.330272,0.077667,True
2493,156,23,orchid_engine,Cai,19.5,awake,0.0,0.169439,0.187439,0.02,0.03,True,upright work rhythm,11.56585,0.106075,True
2494,156,23,moss_ward,Milo,21.0,awake,0.0,0.169047,0.187047,0.02,0.03,True,upright work rhythm,6.975689,0.064683,True
2495,156,23,glass_harbor,Sera,22.5,asleep,0.80752,0.036,0.0,0.02,0.0,True,"curled posture, low breath rhythm",8.099,0.081192,True
2496,157,23,lichen_bridge,Kio,0.0,asleep,0.80752,0.564078,0.507552,0.03,0.0,True,"curled posture, low breath rhythm",8.467096,0.0985,True
2497,157,23,orchid_engine,Cai,1.5,asleep,0.80752,0.187439,0.130913,0.03,0.0,True,"curled posture, low breath rhythm",10.702674,0.126908,True
2498,157,23,moss_ward,Milo,3.0,asleep,0.80752,0.187047,0.130521,0.03,0.0,True,"curled posture, low breath rhythm",6.112513,0.085517,True
2499,157,23,glass_harbor,Sera,4.5,asleep,0.813,0.0,0.0,0.0,0.0,True,"curled posture, low breath rhythm",7.259,0.102025,True
2500,157,23,cinder_garden,Juno,6.0,awake,0.0,0.352999,0.376999,0.01,0.02,True,upright work rhythm,10.03357,0.132733,True
2501,157,23,lichen_bridge,Luma,7.5,awake,0.0,0.354038,0.372038,0.01,0.02,True,upright work rhythm,8.761535,0.124542,True
2502,157,23,orchid_engine,Dax,9.0,awake,0.0,0.167198,0.185198,0.01,0.02,True,upright work rhythm,11.074931,0.15295,True
2503,157,23,moss_ward,Tala,10.5,awake,0.0,0.018,0.036,0.01,0.02,True,upright work rhythm,6.42376,0.111558,True
2504,157,23,glass_harbor,Nia,12.0,awake,0.0,0.113998,0.131998,0.0,0.01,True,upright work rhythm,7.663119,0.128067,True
2505,157,23,cinder_garden,Pax,13.5,awake,0.0,0.486751,0.510751,0.0,0.01,True,upright work rhythm,10.438408,0.158775,True
2506,157,23,lichen_bridge,Rin,15.0,awake,0.0,0.299337,0.317337,0.0,0.01,True,upright work rhythm,9.089108,0.150583,True
2507,157,23,orchid_engine,Eli,16.5,awake,0.0,0.0,0.018,0.0,0.01,True,upright work rhythm,11.35638,0.178992,True
2508,157,23,moss_ward,Ari,18.0,awake,0.0,0.371198,0.389198,0.02,0.03,True,upright work rhythm,6.918571,0.1376,True
2509,157,23,glass_harbor,Oren,19.5,awake,0.0,0.377895,0.395895,0.02,0.03,True,upright work rhythm,8.121317,0.154108,True
2510,157,23,cinder_garden,Vale,21.0,awake,0.0,0.556999,0.580999,0.02,0.03,True,upright work rhythm,10.81721,0.184817,True
2511,157,23,lichen_bridge,Sol,22.5,asleep,0.80752,0.042,0.0,0.02,0.0,True,"curled posture, low breath rhythm",9.309,0.176625,True
2512,158,23,moss_ward,Ari,0.0,asleep,0.80752,0.389198,0.332671,0.03,0.0,True,"curled posture, low breath rhythm",6.055395,0.158433,True
2513,158,23,glass_harbor,Oren,1.5,asleep,0.80752,0.395895,0.339368,0.03,0.0,True,"curled posture, low breath rhythm",7.258141,0.174942,True
2514,158,23,cinder_garden,Vale,3.0,asleep,0.80752,0.580999,0.524472,0.03,0.0,True,"curled posture, low breath rhythm",9.954034,0.20565,True
2515,158,23,lichen_bridge,Sol,4.5,asleep,0.813,0.0,0.0,0.0,0.0,True,"curled posture, low breath rhythm",8.469,0.197458,True
2516,158,23,orchid_engine,Bea,6.0,awake,0.0,0.369952,0.387952,0.01,0.02,True,upright work rhythm,11.01806,0.225867,True
2517,158,23,moss_ward,Fay,7.5,awake,0.0,0.370743,0.388743,0.01,0.02,True,upright work rhythm,6.428384,0.184475,True
2518,158,23,glass_harbor,Puck,9.0,awake,0.0,0.376176,0.394176,0.01,0.02,True,upright work rhythm,7.630612,0.200983,True
2519,158,23,cinder_garden,Wren,10.5,awake,0.0,0.018,0.036,0.01,0.02,True,upright work rhythm,10.10376,0.231692,True
2520,158,23,lichen_bridge,Kio,12.0,awake,0.0,0.507552,0.525552,0.0,0.01,True,upright work rhythm,9.034476,0.2235,True
2521,158,23,orchid_engine,Cai,13.5,awake,0.0,0.130913,0.148913,0.0,0.01,True,upright work rhythm,11.270054,0.251908,True
2522,158,23,moss_ward,Milo,15.0,awake,0.0,0.130521,0.148521,0.0,0.01,True,upright work rhythm,6.679893,0.210517,True
2523,158,23,glass_harbor,Sera,16.5,awake,0.0,0.0,0.018,0.0,0.01,True,upright work rhythm,7.82638,0.227025,True
2524,158,23,cinder_garden,Juno,18.0,awake,0.0,0.376999,0.394999,0.02,0.03,True,upright work rhythm,10.60095,0.257733,True
2525,158,23,lichen_bridge,Luma,19.5,awake,0.0,0.372038,0.390038,0.02,0.03,True,upright work rhythm,9.328915,0.249542,True
2526,158,23,orchid_engine,Dax,21.0,awake,0.0,0.185198,0.203198,0.02,0.03,True,upright work rhythm,11.642311,0.27795,True
2527,158,23,moss_ward,Tala,22.5,asleep,0.80752,0.036,0.0,0.02,0.0,True,"curled posture, low breath rhythm",6.969,0.236558,True
2528,159,23,cinder_garden,Juno,0.0,asleep,0.80752,0.394999,0.338472,0.03,0.0,True,"curled posture, low breath rhythm",9.737774,0.278567,True
2529,159,23,lichen_bridge,Luma,1.5,asleep,0.80752,0.390038,0.333511,0.03,0.0,True,"curled posture, low breath rhythm",8.46574,0.270375,True
2530,159,23,orchid_engine,Dax,3.0,asleep,0.80752,0.203198,0.146671,0.03,0.0,True,"curled posture, low breath rhythm",10.779135,0.298783,True
2531,159,23,moss_ward,Tala,4.5,asleep,0.813,0.0,0.0,0.0,0.0,True,"curled posture, low breath rhythm",6.129,0.257392,True
2532,159,23,glass_harbor,Nia,6.0,awake,0.0,0.131998,0.149998,0.01,0.02,True,upright work rhythm,7.390499,0.2739,True
2533,159,23,cinder_garden,Pax,7.5,awake,0.0,0.510751,0.534751,0.01,0.02,True,upright work rhythm,10.168248,0.304608,True
2534,159,23,lichen_bridge,Rin,9.0,awake,0.0,0.317337,0.335337,0.01,0.02,True,upright work rhythm,8.816488,0.296417,True
2535,159,23,orchid_engine,Eli,10.5,awake,0.0,0.018,0.042,0.01,0.02,True,upright work rhythm,11.08622,0.324825,True
2536,159,23,moss_ward,Ari,12.0,awake,0.0,0.332671,0.356671,0.0,0.01,True,upright work rhythm,6.625235,0.283433,True
2537,159,23,glass_harbor,Oren,13.5,awake,0.0,0.339368,0.357368,0.0,0.01,True,upright work rhythm,7.825521,0.299942,True
2538,159,23,cinder_garden,Vale,15.0,nap,0.6904,0.524472,0.496856,0.0,0.0,True,steps aside for short rest,10.502711,0.33065,True
2539,159,23,lichen_bridge,Sol,16.5,awake,0.0,0.0,0.018,0.0,0.01,True,upright work rhythm,9.03638,0.322458,True
2540,159,23,orchid_engine,Bea,18.0,awake,0.0,0.387952,0.411952,0.02,0.03,True,upright work rhythm,11.5879,0.350867,True
2541,159,23,moss_ward,Fay,19.5,awake,0.0,0.388743,0.412743,0.02,0.03,True,upright work rhythm,6.998224,0.309475,True
2542,159,23,glass_harbor,Puck,21.0,awake,0.0,0.394176,0.412176,0.02,0.03,True,upright work rhythm,8.197992,0.325983,True
2543,159,23,cinder_garden,Wren,22.5,asleep,0.80752,0.036,0.0,0.02,0.0,True,"curled posture, low breath rhythm",10.649,0.356692,True
2544,160,23,orchid_engine,Bea,0.0,asleep,0.80752,0.411952,0.355425,0.03,0.0,True,"curled posture, low breath rhythm",10.724724,0.3717,True
2545,160,23,moss_ward,Fay,1.5,asleep,0.80752,0.412743,0.356216,0.03,0.0,True,"curled posture, low breath rhythm",6.135049,0.330308,True
2546,160,23,glass_harbor,Puck,3.0,asleep,0.80752,0.412176,0.355649,0.03,0.0,True,"curled posture, low breath rhythm",7.334816,0.346817,True
2547,160,23,cinder_garden,Wren,4.5,asleep,0.813,0.0,0.0,0.0,0.0,True,"curled posture, low breath rhythm",9.809,0.377525,True
2548,160,23,lichen_bridge,Kio,6.0,awake,0.0,0.525552,0.549552,0.01,0.02,True,upright work rhythm,8.764316,0.369333,True
2549,160,23,orchid_engine,Cai,7.5,awake,0.0,0.148913,0.166913,0.01,0.02,True,upright work rhythm,10.997434,0.397742,True
2550,160,23,moss_ward,Milo,9.0,awake,0.0,0.148521,0.166521,0.01,0.02,True,upright work rhythm,6.407273,0.35635,True
2551,160,23,glass_harbor,Sera,10.5,awake,0.0,0.018,0.036,0.01,0.02,True,upright work rhythm,7.55376,0.372858,True
2552,160,23,cinder_garden,Juno,12.0,awake,0.0,0.338472,0.356472,0.0,0.01,True,upright work rhythm,10.305154,0.403567,True
2553,160,23,lichen_bridge,Luma,13.5,awake,0.0,0.333511,0.357511,0.0,0.01,True,upright work rhythm,9.03558,0.395375,True
2554,160,23,orchid_engine,Dax,15.0,awake,0.0,0.146671,0.164671,0.0,0.01,True,upright work rhythm,11.346515,0.423783,True
2555,160,23,moss_ward,Tala,16.5,awake,0.0,0.0,0.018,0.0,0.01,True,upright work rhythm,6.69638,0.382392,True
2556,160,23,glass_harbor,Nia,18.0,awake,0.0,0.149998,0.167998,0.02,0.03,True,upright work rhythm,7.957879,0.3989,True
2557,160,23,cinder_garden,Pax,19.5,awake,0.0,0.534751,0.552751,0.02,0.03,True,upright work rhythm,10.735628,0.429608,True
2558,160,23,lichen_bridge,Rin,21.0,awake,0.0,0.335337,0.359337,0.02,0.03,True,upright work rhythm,9.386328,0.421417,True
2559,160,23,orchid_engine,Eli,22.5,asleep,0.80752,0.042,0.0,0.02,0.0,True,"curled posture, low breath rhythm",11.629,0.449825,True
2560,161,23,glass_harbor,Nia,0.0,asleep,0.80752,0.167998,0.111471,0.03,0.0,True,"curled posture, low breath rhythm",7.094703,0.419733,True
2561,161,23,cinder_garden,Pax,1.5,asleep,0.80752,0.552751,0.496224,0.03,0.0,True,"curled posture, low breath rhythm",9.872452,0.450442,True
2562,161,23,lichen_bridge,Rin,3.0,asleep,0.80752,0.359337,0.30281,0.03,0.0,True,"curled posture, low breath rhythm",8.523152,0.44225,True
2563,161,23,orchid_engine,Eli,4.5,asleep,0.813,0.0,0.0,0.0,0.0,True,"curled posture, low breath rhythm",10.789,0.470658,True
2564,161,23,moss_ward,Ari,6.0,awake,0.0,0.356671,0.374671,0.01,0.02,True,upright work rhythm,6.352615,0.429267,True
2565,161,23,glass_harbor,Oren,7.5,awake,0.0,0.357368,0.381368,0.01,0.02,True,upright work rhythm,7.555361,0.445775,True
2566,161,23,cinder_garden,Vale,9.0,awake,0.0,0.496856,0.514856,0.0,0.01,True,upright work rhythm,10.230091,0.476483,True
2567,161,23,lichen_bridge,Sol,10.5,awake,0.0,0.018,0.042,0.01,0.02,True,upright work rhythm,8.76622,0.468292,True
2568,161,23,orchid_engine,Bea,12.0,awake,0.0,0.355425,0.373425,0.0,0.01,True,upright work rhythm,11.292104,0.4967,True
2569,161,23,moss_ward,Fay,13.5,awake,0.0,0.356216,0.374216,0.0,0.01,True,upright work rhythm,6.702429,0.455308,True
2570,161,23,glass_harbor,Puck,15.0,awake,0.0,0.355649,0.379649,0.0,0.01,True,upright work rhythm,7.904656,0.471817,True
2571,161,23,cinder_garden,Wren,16.5,awake,0.0,0.0,0.018,0.0,0.01,True,upright work rhythm,10.37638,0.502525,True
2572,161,23,lichen_bridge,Kio,18.0,awake,0.0,0.549552,0.573552,0.02,0.03,True,upright work rhythm,9.334156,0.494333,True
2573,161,23,orchid_engine,Cai,19.5,awake,0.0,0.166913,0.184913,0.02,0.03,True,upright work rhythm,11.564814,0.522742,True
2574,161,23,moss_ward,Milo,21.0,awake,0.0,0.166521,0.184521,0.02,0.03,True,upright work rhythm,6.974653,0.48135,True
2575,161,23,glass_harbor,Sera,22.5,asleep,0.80752,0.036,0.0,0.02,0.0,True,"curled posture, low breath rhythm",8.099,0.497858,True
2576,162,24,lichen_bridge,Kio,0.0,asleep,0.80752,0.573552,0.517025,0.03,0.0,True,"curled posture, low breath rhythm",8.48398,0.516167,True
2577,162,24,orchid_engine,Cai,1.5,asleep,0.80752,0.184913,0.128386,0.03,0.0,True,"curled posture, low breath rhythm",10.714638,0.544575,True
2578,162,24,moss_ward,Milo,3.0,asleep,0.80752,0.184521,0.127994,0.03,0.0,True,"curled posture, low breath rhythm",6.124478,0.503183,True
2579,162,24,glass_harbor,Sera,4.5,asleep,0.813,0.0,0.0,0.0,0.0,True,"curled posture, low breath rhythm",7.272,0.519692,True
2580,162,24,cinder_garden,Juno,6.0,awake,0.0,0.356472,0.380472,0.01,0.02,True,upright work rhythm,10.047994,0.5504,True
2581,162,24,lichen_bridge,Luma,7.5,awake,0.0,0.357511,0.375511,0.01,0.02,True,upright work rhythm,8.77596,0.542208,True
2582,162,24,orchid_engine,Dax,9.0,awake,0.0,0.164671,0.182671,0.01,0.02,True,upright work rhythm,11.086895,0.570617,True
2583,162,24,moss_ward,Tala,10.5,awake,0.0,0.018,0.036,0.01,0.02,True,upright work rhythm,6.43676,0.529225,True
2584,162,24,glass_harbor,Nia,12.0,awake,0.0,0.111471,0.129471,0.0,0.01,True,upright work rhythm,7.675083,0.545733,True
2585,162,24,cinder_garden,Pax,13.5,awake,0.0,0.496224,0.520224,0.0,0.01,True,upright work rhythm,10.455292,0.576442,True
2586,162,24,lichen_bridge,Rin,15.0,awake,0.0,0.30281,0.32081,0.0,0.01,True,upright work rhythm,9.103532,0.56825,True
2587,162,24,orchid_engine,Eli,16.5,awake,0.0,0.0,0.018,0.0,0.01,True,upright work rhythm,11.36938,0.596658,True
2588,162,24,moss_ward,Ari,18.0,awake,0.0,0.374671,0.392671,0.02,0.03,True,upright work rhythm,6.932995,0.555267,True
2589,162,24,glass_harbor,Oren,19.5,awake,0.0,0.381368,0.399368,0.02,0.03,True,upright work rhythm,8.135741,0.571775,True
2590,162,24,cinder_garden,Vale,21.0,awake,0.0,0.514856,0.538856,0.01,0.02,True,upright work rhythm,10.812931,0.602483,True
2591,162,24,lichen_bridge,Sol,22.5,asleep,0.80752,0.042,0.0,0.02,0.0,True,"curled posture, low breath rhythm",9.322,0.594292,True
2592,163,24,moss_ward,Ari,0.0,asleep,0.80752,0.392671,0.336145,0.03,0.0,True,"curled posture, low breath rhythm",6.069819,0.5761,True
2593,163,24,glass_harbor,Oren,1.5,asleep,0.80752,0.399368,0.342842,0.03,0.0,True,"curled posture, low breath rhythm",7.272565,0.592608,True
2594,163,24,cinder_garden,Vale,3.0,asleep,0.80752,0.538856,0.48233,0.02,0.0,True,"curled posture, low breath rhythm",9.949755,0.623317,True
2595,163,24,lichen_bridge,Sol,4.5,asleep,0.813,0.0,0.0,0.0,0.0,True,"curled posture, low breath rhythm",8.482,0.615125,True
2596,163,24,orchid_engine,Bea,6.0,awake,0.0,0.373425,0.391425,0.01,0.02,True,upright work rhythm,11.032484,0.643533,True
2597,163,24,moss_ward,Fay,7.5,awake,0.0,0.374216,0.392216,0.01,0.02,True,upright work rhythm,6.442809,0.602142,True
2598,163,24,glass_harbor,Puck,9.0,awake,0.0,0.379649,0.397649,0.01,0.02,True,upright work rhythm,7.645036,0.61865,True
2599,163,24,cinder_garden,Wren,10.5,awake,0.0,0.018,0.036,0.01,0.02,True,upright work rhythm,10.11676,0.649358,True
2600,163,24,lichen_bridge,Kio,12.0,awake,0.0,0.517025,0.535025,0.0,0.01,True,upright work rhythm,9.05136,0.641167,True
2601,163,24,orchid_engine,Cai,13.5,awake,0.0,0.128386,0.146386,0.0,0.01,True,upright work rhythm,11.282018,0.669575,True
2602,163,24,moss_ward,Milo,15.0,awake,0.0,0.127994,0.145994,0.0,0.01,True,upright work rhythm,6.691858,0.628183,True
2603,163,24,glass_harbor,Sera,16.5,awake,0.0,0.0,0.018,0.0,0.01,True,upright work rhythm,7.83938,0.644692,True
2604,163,24,cinder_garden,Juno,18.0,awake,0.0,0.380472,0.398472,0.02,0.03,True,upright work rhythm,10.615374,0.6754,True
2605,163,24,lichen_bridge,Luma,19.5,awake,0.0,0.375511,0.393511,0.02,0.03,True,upright work rhythm,9.34334,0.667208,True
2606,163,24,orchid_engine,Dax,21.0,awake,0.0,0.182671,0.200671,0.02,0.03,True,upright work rhythm,11.654275,0.695617,True
2607,163,24,moss_ward,Tala,22.5,asleep,0.80752,0.036,0.0,0.02,0.0,True,"curled posture, low breath rhythm",6.982,0.654225,True
2608,164,24,cinder_garden,Juno,0.0,asleep,0.80752,0.398472,0.341946,0.03,0.0,True,"curled posture, low breath rhythm",9.752198,0.696233,True
2609,164,24,lichen_bridge,Luma,1.5,asleep,0.80752,0.393511,0.336985,0.03,0.0,True,"curled posture, low breath rhythm",8.480164,0.688042,True
2610,164,24,orchid_engine,Dax,3.0,asleep,0.80752,0.200671,0.144145,0.03,0.0,True,"curled posture, low breath rhythm",10.791099,0.71645,True
2611,164,24,moss_ward,Tala,4.5,asleep,0.813,0.0,0.0,0.0,0.0,True,"curled posture, low breath rhythm",6.142,0.675058,True
2612,164,24,glass_harbor,Nia,6.0,awake,0.0,0.129471,0.147471,0.01,0.02,True,upright work rhythm,7.402463,0.691567,True
2613,164,24,cinder_garden,Pax,7.5,awake,0.0,0.520224,0.544224,0.01,0.02,True,upright work rhythm,10.185132,0.722275,True
2614,164,24,lichen_bridge,Rin,9.0,awake,0.0,0.32081,0.33881,0.01,0.02,True,upright work rhythm,8.830912,0.714083,True
2615,164,24,orchid_engine,Eli,10.5,awake,0.0,0.018,0.042,0.01,0.02,True,upright work rhythm,11.09922,0.742492,True
2616,164,24,moss_ward,Ari,12.0,awake,0.0,0.336145,0.360145,0.0,0.01,True,upright work rhythm,6.639659,0.7011,True
2617,164,24,glass_harbor,Oren,13.5,awake,0.0,0.342842,0.360842,0.0,0.01,True,upright work rhythm,7.839945,0.717608,True
2618,164,24,cinder_garden,Vale,15.0,awake,0.0,0.48233,0.50633,0.0,0.01,True,upright work rhythm,10.519595,0.748317,True
2619,164,24,lichen_bridge,Sol,16.5,awake,0.0,0.0,0.018,0.0,0.01,True,upright work rhythm,9.04938,0.740125,True
2620,164,24,orchid_engine,Bea,18.0,awake,0.0,0.391425,0.415425,0.02,0.03,True,upright work rhythm,11.602324,0.768533,True
2621,164,24,moss_ward,Fay,19.5,awake,0.0,0.392216,0.416216,0.02,0.03,True,upright work rhythm,7.012649,0.727142,True
2622,164,24,glass_harbor,Puck,21.0,awake,0.0,0.397649,0.415649,0.02,0.03,True,upright work rhythm,8.212416,0.74365,True
2623,164,24,cinder_garden,Wren,22.5,asleep,0.80752,0.036,0.0,0.02,0.0,True,"curled posture, low breath rhythm",10.662,0.774358,True
2624,165,24,orchid_engine,Bea,0.0,asleep,0.80752,0.415425,0.358899,0.03,0.0,True,"curled posture, low breath rhythm",10.739149,0.789367,True
2625,165,24,moss_ward,Fay,1.5,asleep,0.80752,0.416216,0.35969,0.03,0.0,True,"curled posture, low breath rhythm",6.149473,0.747975,True
2626,165,24,glass_harbor,Puck,3.0,asleep,0.80752,0.415649,0.359123,0.03,0.0,True,"curled posture, low breath rhythm",7.34924,0.764483,True
2627,165,24,cinder_garden,Wren,4.5,asleep,0.813,0.0,0.0,0.0,0.0,True,"curled posture, low breath rhythm",9.822,0.795192,True
2628,165,24,lichen_bridge,Kio,6.0,awake,0.0,0.535025,0.559025,0.01,0.02,True,upright work rhythm,8.7812,0.787,True
2629,165,24,orchid_engine,Cai,7.5,awake,0.0,0.146386,0.164386,0.01,0.02,True,upright work rhythm,11.009398,0.815408,True
2630,165,24,moss_ward,Milo,9.0,awake,0.0,0.145994,0.163994,0.01,0.02,True,upright work rhythm,6.419238,0.774017,True
2631,165,24,glass_harbor,Sera,10.5,awake,0.0,0.018,0.036,0.01,0.02,True,upright work rhythm,7.56676,0.790525,True
2632,165,24,cinder_garden,Juno,12.0,awake,0.0,0.341946,0.359946,0.0,0.01,True,upright work rhythm,10.319578,0.821233,True
2633,165,24,lichen_bridge,Luma,13.5,awake,0.0,0.336985,0.360985,0.0,0.01,True,upright work rhythm,9.050004,0.813042,True
2634,165,24,orchid_engine,Dax,15.0,awake,0.0,0.144145,0.162145,0.0,0.01,True,upright work rhythm,11.358479,0.84145,True
2635,165,24,moss_ward,Tala,16.5,awake,0.0,0.0,0.018,0.0,0.01,True,upright work rhythm,6.70938,0.800058,True
2636,165,24,glass_harbor,Nia,18.0,awake,0.0,0.147471,0.165471,0.02,0.03,True,upright work rhythm,7.969843,0.816567,True
2637,165,24,cinder_garden,Pax,19.5,awake,0.0,0.544224,0.562224,0.02,0.03,True,upright work rhythm,10.752512,0.847275,True
2638,165,24,lichen_bridge,Rin,21.0,awake,0.0,0.33881,0.36281,0.02,0.03,True,upright work rhythm,9.400752,0.839083,True
2639,165,24,orchid_engine,Eli,22.5,asleep,0.80752,0.042,0.0,0.02,0.0,True,"curled posture, low breath rhythm",11.642,0.867492,True
2640,166,24,glass_harbor,Nia,0.0,asleep,0.80752,0.165471,0.108945,0.03,0.0,True,"curled posture, low breath rhythm",7.106667,0.8374,True
2641,166,24,cinder_garden,Pax,1.5,asleep,0.80752,0.562224,0.505698,0.03,0.0,True,"curled posture, low breath rhythm",9.889336,0.868108,True
2642,166,24,lichen_bridge,Rin,3.0,asleep,0.80752,0.36281,0.306284,0.03,0.0,True,"curled posture, low breath rhythm",8.537576,0.859917,True
2643,166,24,orchid_engine,Eli,4.5,asleep,0.813,0.0,0.0,0.0,0.0,True,"curled posture, low breath rhythm",10.802,0.888325,True
2644,166,24,moss_ward,Ari,6.0,awake,0.0,0.360145,0.378145,0.01,0.02,True,upright work rhythm,6.367039,0.846933,True
2645,166,24,glass_harbor,Oren,7.5,awake,0.0,0.360842,0.384842,0.01,0.02,True,upright work rhythm,7.569785,0.863442,True
2646,166,24,cinder_garden,Vale,9.0,awake,0.0,0.50633,0.52433,0.01,0.02,True,upright work rhythm,10.246975,0.89415,True
2647,166,24,lichen_bridge,Sol,10.5,awake,0.0,0.018,0.042,0.01,0.02,True,upright work rhythm,8.77922,0.885958,True
2648,166,24,orchid_engine,Bea,12.0,awake,0.0,0.358899,0.376899,0.0,0.01,True,upright work rhythm,11.306529,0.914367,True
2649,166,24,moss_ward,Fay,13.5,awake,0.0,0.35969,0.37769,0.0,0.01,True,upright work rhythm,6.716853,0.872975,True
2650,166,24,glass_harbor,Puck,15.0,awake,0.0,0.359123,0.383123,0.0,0.01,True,upright work rhythm,7.91908,0.889483,True
2651,166,24,cinder_garden,Wren,16.5,awake,0.0,0.0,0.018,0.0,0.01,True,upright work rhythm,10.38938,0.920192,True
2652,166,24,lichen_bridge,Kio,18.0,awake,0.0,0.559025,0.583025,0.02,0.03,True,upright work rhythm,9.35104,0.912,True
2653,166,24,orchid_engine,Cai,19.5,awake,0.0,0.164386,0.182386,0.02,0.03,True,upright work rhythm,11.576778,0.940408,True
2654,166,24,moss_ward,Milo,21.0,awake,0.0,0.163994,0.181994,0.02,0.03,True,upright work rhythm,6.986618,0.899017,True
2655,166,24,glass_harbor,Sera,22.5,asleep,0.80752,0.036,0.0,0.02,0.0,True,"curled posture, low breath rhythm",8.112,0.915525,True
2656,167,24,lichen_bridge,Kio,0.0,asleep,0.80752,0.583025,0.526499,0.03,0.0,True,"curled posture, low breath rhythm",8.487865,0.932833,True
2657,167,24,orchid_engine,Cai,1.5,asleep,0.80752,0.182386,0.12586,0.03,0.0,True,"curled posture, low breath rhythm",10.713603,0.961242,True
2658,167,24,moss_ward,Milo,3.0,asleep,0.80752,0.181994,0.125468,0.03,0.0,True,"curled posture, low breath rhythm",6.123442,0.91985,True
2659,167,24,glass_harbor,Sera,4.5,asleep,0.813,0.0,0.0,0.0,0.0,True,"curled posture, low breath rhythm",7.272,0.936358,True
2660,167,24,cinder_garden,Juno,6.0,awake,0.0,0.359946,0.383946,0.01,0.02,True,upright work rhythm,10.049418,0.967067,True
2661,167,24,lichen_bridge,Luma,7.5,awake,0.0,0.360985,0.378985,0.01,0.02,True,upright work rhythm,8.777384,0.958875,True
2662,167,24,orchid_engine,Dax,9.0,awake,0.0,0.162145,0.180145,0.01,0.02,True,upright work rhythm,11.085859,0.987283,True
2663,167,24,moss_ward,Tala,10.5,awake,0.0,0.018,0.036,0.01,0.02,True,upright work rhythm,6.43676,0.945892,True
2664,167,24,glass_harbor,Nia,12.0,awake,0.0,0.108945,0.126945,0.0,0.01,True,upright work rhythm,7.674047,0.9624,True
2665,167,24,cinder_garden,Pax,13.5,awake,0.0,0.505698,0.529698,0.0,0.01,True,upright work rhythm,10.459176,0.993108,True
2666,167,24,lichen_bridge,Rin,15.0,awake,0.0,0.306284,0.324284,0.0,0.01,True,upright work rhythm,9.104956,0.984917,True
2667,167,24,orchid_engine,Eli,16.5,awake,0.0,0.0,0.018,0.0,0.01,True,upright work rhythm,11.36938,0.013325,True
2668,167,24,moss_ward,Ari,18.0,awake,0.0,0.378145,0.396145,0.02,0.03,True,upright work rhythm,6.934419,0.971933,True
2669,167,24,glass_harbor,Oren,19.5,awake,0.0,0.384842,0.402842,0.02,0.03,True,upright work rhythm,8.137165,0.988442,True
2670,167,24,cinder_garden,Vale,21.0,awake,0.0,0.52433,0.54833,0.02,0.03,True,upright work rhythm,10.816815,0.01915,True
2671,167,24,lichen_bridge,Sol,22.5,asleep,0.80752,0.042,0.0,0.02,0.0,True,"curled posture, low breath rhythm",9.322,0.010958,True
2672,168,24,moss_ward,Ari,0.0,asleep,0.80752,0.396145,0.339618,0.03,0.0,True,"curled posture, low breath rhythm",6.071244,0.992767,True
2673,168,24,glass_harbor,Oren,1.5,asleep,0.80752,0.402842,0.346316,0.03,0.0,True,"curled posture, low breath rhythm",7.273989,0.009275,True
2674,168,24,cinder_garden,Vale,3.0,asleep,0.80752,0.54833,0.491804,0.03,0.0,True,"curled posture, low breath rhythm",9.953639,0.039983,True
2675,168,24,lichen_bridge,Sol,4.5,asleep,0.813,0.0,0.0,0.0,0.0,True,"curled posture, low breath rhythm",8.482,0.031792,True
2676,168,24,orchid_engine,Bea,6.0,awake,0.0,0.376899,0.394899,0.01,0.02,True,upright work rhythm,11.033909,0.0602,True
2677,168,24,moss_ward,Fay,7.5,awake,0.0,0.37769,0.39569,0.01,0.02,True,upright work rhythm,6.444233,0.018808,True
2678,168,24,glass_harbor,Puck,9.0,awake,0.0,0.383123,0.401123,0.01,0.02,True,upright work rhythm,7.64646,0.035317,True
2679,168,24,cinder_garden,Wren,10.5,awake,0.0,0.018,0.036,0.01,0.02,True,upright work rhythm,10.11676,0.066025,True
2680,168,24,lichen_bridge,Kio,12.0,awake,0.0,0.526499,0.544499,0.0,0.01,True,upright work rhythm,9.055245,0.057833,True
2681,168,24,orchid_engine,Cai,13.5,awake,0.0,0.12586,0.14386,0.0,0.01,True,upright work rhythm,11.280983,0.086242,True
2682,168,24,moss_ward,Milo,15.0,awake,0.0,0.125468,0.143468,0.0,0.01,True,upright work rhythm,6.690822,0.04485,True
2683,168,24,glass_harbor,Sera,16.5,awake,0.0,0.0,0.018,0.0,0.01,True,upright work rhythm,7.83938,0.061358,True
2684,168,24,cinder_garden,Juno,18.0,awake,0.0,0.383946,0.401946,0.02,0.03,True,upright work rhythm,10.616798,0.092067,True
2685,168,24,lichen_bridge,Luma,19.5,awake,0.0,0.378985,0.396985,0.02,0.03,True,upright work rhythm,9.344764,0.083875,True
2686,168,24,orchid_engine,Dax,21.0,awake,0.0,0.180145,0.198145,0.02,0.03,True,upright work rhythm,11.653239,0.112283,True
2687,168,24,moss_ward,Tala,22.5,asleep,0.80752,0.036,0.0,0.02,0.0,True,"curled posture, low breath rhythm",6.982,0.070892,True
2688,169,25,cinder_garden,Juno,0.0,asleep,0.80752,0.401946,0.34542,0.03,0.0,True,"curled posture, low breath rhythm",9.766622,0.1139,True
2689,169,25,lichen_bridge,Luma,1.5,asleep,0.80752,0.396985,0.340458,0.03,0.0,True,"curled posture, low breath rhythm",8.494588,0.105708,True
2690,169,25,orchid_engine,Dax,3.0,asleep,0.80752,0.198145,0.141618,0.03,0.0,True,"curled posture, low breath rhythm",10.803064,0.134117,True
2691,169,25,moss_ward,Tala,4.5,asleep,0.813,0.0,0.0,0.0,0.0,True,"curled posture, low breath rhythm",6.155,0.092725,True
2692,169,25,glass_harbor,Nia,6.0,awake,0.0,0.126945,0.144945,0.01,0.02,True,upright work rhythm,7.414427,0.109233,True
2693,169,25,cinder_garden,Pax,7.5,awake,0.0,0.529698,0.553698,0.01,0.02,True,upright work rhythm,10.202016,0.139942,True
2694,169,25,lichen_bridge,Rin,9.0,awake,0.0,0.324284,0.342284,0.01,0.02,True,upright work rhythm,8.845336,0.13175,True
2695,169,25,orchid_engine,Eli,10.5,awake,0.0,0.018,0.042,0.01,0.02,True,upright work rhythm,11.11222,0.160158,True
2696,169,25,moss_ward,Ari,12.0,awake,0.0,0.339618,0.363618,0.0,0.01,True,upright work rhythm,6.654084,0.118767,True
2697,169,25,glass_harbor,Oren,13.5,awake,0.0,0.346316,0.364316,0.0,0.01,True,upright work rhythm,7.854369,0.135275,True
2698,169,25,cinder_garden,Vale,15.0,awake,0.0,0.491804,0.515804,0.0,0.01,True,upright work rhythm,10.536479,0.165983,True
2699,169,25,lichen_bridge,Sol,16.5,awake,0.0,0.0,0.018,0.0,0.01,True,upright work rhythm,9.06238,0.157792,True
2700,169,25,orchid_engine,Bea,18.0,awake,0.0,0.394899,0.418899,0.02,0.03,True,upright work rhythm,11.616749,0.1862,True
2701,169,25,moss_ward,Fay,19.5,awake,0.0,0.39569,0.41969,0.02,0.03,True,upright work rhythm,7.027073,0.144808,True
2702,169,25,glass_harbor,Puck,21.0,awake,0.0,0.401123,0.419123,0.02,0.03,True,upright work rhythm,8.22684,0.161317,True
2703,169,25,cinder_garden,Wren,22.5,asleep,0.80752,0.036,0.0,0.02,0.0,True,"curled posture, low breath rhythm",10.675,0.192025,True
2704,170,25,orchid_engine,Bea,0.0,asleep,0.80752,0.418899,0.362372,0.03,0.0,True,"curled posture, low breath rhythm",10.753573,0.207033,True
2705,170,25,moss_ward,Fay,1.5,asleep,0.80752,0.41969,0.363163,0.03,0.0,True,"curled posture, low breath rhythm",6.163897,0.165642,True
2706,170,25,glass_harbor,Puck,3.0,asleep,0.80752,0.419123,0.362596,0.03,0.0,True,"curled posture, low breath rhythm",7.363665,0.18215,True
2707,170,25,cinder_garden,Wren,4.5,asleep,0.813,0.0,0.0,0.0,0.0,True,"curled posture, low breath rhythm",9.835,0.212858,True
2708,170,25,lichen_bridge,Kio,6.0,awake,0.0,0.544499,0.568499,0.01,0.02,True,upright work rhythm,8.798085,0.204667,True
2709,170,25,orchid_engine,Cai,7.5,awake,0.0,0.14386,0.16186,0.01,0.02,True,upright work rhythm,11.021363,0.233075,True
2710,170,25,moss_ward,Milo,9.0,awake,0.0,0.143468,0.161468,0.01,0.02,True,upright work rhythm,6.431202,0.191683,True
2711,170,25,glass_harbor,Sera,10.5,awake,0.0,0.018,0.036,0.01,0.02,True,upright work rhythm,7.57976,0.208192,True
2712,170,25,cinder_garden,Juno,12.0,awake,0.0,0.34542,0.36342,0.0,0.01,True,upright work rhythm,10.334002,0.2389,True
2713,170,25,lichen_bridge,Luma,13.5,awake,0.0,0.340458,0.364458,0.0,0.01,True,upright work rhythm,9.064428,0.230708,True
2714,170,25,orchid_engine,Dax,15.0,awake,0.0,0.141618,0.159618,0.0,0.01,True,upright work rhythm,11.370444,0.259117,True
2715,170,25,moss_ward,Tala,16.5,awake,0.0,0.0,0.018,0.0,0.01,True,upright work rhythm,6.72238,0.217725,True
2716,170,25,glass_harbor,Nia,18.0,awake,0.0,0.144945,0.162945,0.02,0.03,True,upright work rhythm,7.981807,0.234233,True
2717,170,25,cinder_garden,Pax,19.5,awake,0.0,0.553698,0.571698,0.02,0.03,True,upright work rhythm,10.769396,0.264942,True
2718,170,25,lichen_bridge,Rin,21.0,awake,0.0,0.342284,0.366284,0.02,0.03,True,upright work rhythm,9.415176,0.25675,True
2719,170,25,orchid_engine,Eli,22.5,asleep,0.80752,0.042,0.0,0.02,0.0,True,"curled posture, low breath rhythm",11.655,0.285158,True
2720,171,25,glass_harbor,Nia,0.0,asleep,0.80752,0.162945,0.106418,0.03,0.0,True,"curled posture, low breath rhythm",7.118632,0.255067,True
2721,171,25,cinder_garden,Pax,1.5,asleep,0.80752,0.571698,0.515172,0.03,0.0,True,"curled posture, low breath rhythm",9.90622,0.285775,True
2722,171,25,lichen_bridge,Rin,3.0,asleep,0.80752,0.366284,0.309758,0.03,0.0,True,"curled posture, low breath rhythm",8.552001,0.277583,True
2723,171,25,orchid_engine,Eli,4.5,asleep,0.813,0.0,0.0,0.0,0.0,True,"curled posture, low breath rhythm",10.815,0.305992,True
2724,171,25,moss_ward,Ari,6.0,awake,0.0,0.363618,0.381618,0.01,0.02,True,upright work rhythm,6.381464,0.2646,True
2725,171,25,glass_harbor,Oren,7.5,awake,0.0,0.364316,0.388316,0.01,0.02,True,upright work rhythm,7.584209,0.281108,True
2726,171,25,cinder_garden,Vale,9.0,awake,0.0,0.515804,0.533804,0.01,0.02,True,upright work rhythm,10.263859,0.311817,True
2727,171,25,lichen_bridge,Sol,10.5,awake,0.0,0.018,0.042,0.01,0.02,True,upright work rhythm,8.79222,0.303625,True
2728,171,25,orchid_engine,Bea,12.0,awake,0.0,0.362372,0.380372,0.0,0.01,True,upright work rhythm,11.320953,0.332033,True
2729,171,25,moss_ward,Fay,13.5,awake,0.0,0.363163,0.381163,0.0,0.01,True,upright work rhythm,6.731277,0.290642,True
2730,171,25,glass_harbor,Puck,15.0,awake,0.0,0.362596,0.386596,0.0,0.01,True,upright work rhythm,7.933505,0.30715,True
2731,171,25,cinder_garden,Wren,16.5,awake,0.0,0.0,0.018,0.0,0.01,True,upright work rhythm,10.40238,0.337858,True
2732,171,25,lichen_bridge,Kio,18.0,awake,0.0,0.568499,0.592499,0.02,0.03,True,upright work rhythm,9.367925,0.329667,True
2733,171,25,orchid_engine,Cai,19.5,awake,0.0,0.16186,0.17986,0.02,0.03,True,upright work rhythm,11.588743,0.358075,True
2734,171,25,moss_ward,Milo,21.0,awake,0.0,0.161468,0.179468,0.02,0.03,True,upright work rhythm,6.998582,0.316683,True
2735,171,25,glass_harbor,Sera,22.5,asleep,0.80752,0.036,0.0,0.02,0.0,True,"curled posture, low breath rhythm",8.125,0.333192,True
2736,172,25,lichen_bridge,Kio,0.0,asleep,0.80752,0.592499,0.535973,0.03,0.0,True,"curled posture, low breath rhythm",8.504749,0.3505,True
2737,172,25,orchid_engine,Cai,1.5,asleep,0.80752,0.17986,0.123333,0.03,0.0,True,"curled posture, low breath rhythm",10.725567,0.378908,True
2738,172,25,moss_ward,Milo,3.0,asleep,0.80752,0.179468,0.122941,0.03,0.0,True,"curled posture, low breath rhythm",6.135406,0.337517,True
2739,172,25,glass_harbor,Sera,4.5,asleep,0.813,0.0,0.0,0.0,0.0,True,"curled posture, low breath rhythm",7.285,0.354025,True
2740,172,25,cinder_garden,Juno,6.0,awake,0.0,0.36342,0.38742,0.01,0.02,True,upright work rhythm,10.063842,0.384733,True
2741,172,25,lichen_bridge,Luma,7.5,awake,0.0,0.364458,0.382458,0.01,0.02,True,upright work rhythm,8.791808,0.376542,True
2742,172,25,orchid_engine,Dax,9.0,awake,0.0,0.159618,0.177618,0.01,0.02,True,upright work rhythm,11.097824,0.40495,True
2743,172,25,moss_ward,Tala,10.5,awake,0.0,0.018,0.036,0.01,0.02,True,upright work rhythm,6.44976,0.363558,True
2744,172,25,glass_harbor,Nia,12.0,awake,0.0,0.106418,0.124418,0.0,0.01,True,upright work rhythm,7.686012,0.380067,True
2745,172,25,cinder_garden,Pax,13.5,awake,0.0,0.515172,0.539172,0.0,0.01,True,upright work rhythm,10.47606,0.410775,True
2746,172,25,lichen_bridge,Rin,15.0,awake,0.0,0.309758,0.327758,0.0,0.01,True,upright work rhythm,9.119381,0.402583,True
2747,172,25,orchid_engine,Eli,16.5,awake,0.0,0.0,0.018,0.0,0.01,True,upright work rhythm,11.38238,0.430992,True
2748,172,25,moss_ward,Ari,18.0,awake,0.0,0.381618,0.399618,0.02,0.03,True,upright work rhythm,6.948844,0.3896,True
2749,172,25,glass_harbor,Oren,19.5,awake,0.0,0.388316,0.406316,0.02,0.03,True,upright work rhythm,8.151589,0.406108,True
2750,172,25,cinder_garden,Vale,21.0,awake,0.0,0.533804,0.557804,0.02,0.03,True,upright work rhythm,10.833699,0.436817,True
2751,172,25,lichen_bridge,Sol,22.5,asleep,0.80752,0.042,0.0,0.02,0.0,True,"curled posture, low breath rhythm",9.335,0.428625,True
2752,173,25,moss_ward,Ari,0.0,asleep,0.80752,0.399618,0.343092,0.03,0.0,True,"curled posture, low breath rhythm",6.085668,0.410433,True
2753,173,25,glass_harbor,Oren,1.5,asleep,0.80752,0.406316,0.349789,0.03,0.0,True,"curled posture, low breath rhythm",7.288414,0.426942,True
2754,173,25,cinder_garden,Vale,3.0,asleep,0.80752,0.557804,0.501277,0.03,0.0,True,"curled posture, low breath rhythm",9.970524,0.45765,True
2755,173,25,lichen_bridge,Sol,4.5,asleep,0.813,0.0,0.0,0.0,0.0,True,"curled posture, low breath rhythm",8.495,0.449458,True
2756,173,25,orchid_engine,Bea,6.0,awake,0.0,0.380372,0.398372,0.01,0.02,True,upright work rhythm,11.048333,0.477867,True
2757,173,25,moss_ward,Fay,7.5,awake,0.0,0.381163,0.399163,0.01,0.02,True,upright work rhythm,6.458657,0.436475,True
2758,173,25,glass_harbor,Puck,9.0,awake,0.0,0.386596,0.404596,0.01,0.02,True,upright work rhythm,7.660885,0.452983,True
2759,173,25,cinder_garden,Wren,10.5,awake,0.0,0.018,0.036,0.01,0.02,True,upright work rhythm,10.12976,0.483692,True
2760,173,25,lichen_bridge,Kio,12.0,awake,0.0,0.535973,0.553973,0.0,0.01,True,upright work rhythm,9.072129,0.4755,True
2761,173,25,orchid_engine,Cai,13.5,awake,0.0,0.123333,0.141333,0.0,0.01,True,upright work rhythm,11.292947,0.503908,True
2762,173,25,moss_ward,Milo,15.0,awake,0.0,0.122941,0.140941,0.0,0.01,True,upright work rhythm,6.702786,0.462517,True
2763,173,25,glass_harbor,Sera,16.5,awake,0.0,0.0,0.018,0.0,0.01,True,upright work rhythm,7.85238,0.479025,True
2764,173,25,cinder_garden,Juno,18.0,awake,0.0,0.38742,0.40542,0.02,0.03,True,upright work rhythm,10.631222,0.509733,True
2765,173,25,lichen_bridge,Luma,19.5,awake,0.0,0.382458,0.400458,0.02,0.03,True,upright work rhythm,9.359188,0.501542,True
2766,173,25,orchid_engine,Dax,21.0,awake,0.0,0.177618,0.195618,0.02,0.03,True,upright work rhythm,11.665204,0.52995,True
2767,173,25,moss_ward,Tala,22.5,asleep,0.80752,0.036,0.0,0.02,0.0,True,"curled posture, low breath rhythm",6.995,0.488558,True
2768,174,25,cinder_garden,Juno,0.0,asleep,0.80752,0.40542,0.348893,0.03,0.0,True,"curled posture, low breath rhythm",9.768046,0.530567,True
2769,174,25,lichen_bridge,Luma,1.5,asleep,0.80752,0.400458,0.343932,0.03,0.0,True,"curled posture, low breath rhythm",8.496012,0.522375,True
2770,174,25,orchid_engine,Dax,3.0,asleep,0.80752,0.195618,0.139092,0.03,0.0,True,"curled posture, low breath rhythm",10.802028,0.550783,True
2771,174,25,moss_ward,Tala,4.5,asleep,0.813,0.0,0.0,0.0,0.0,True,"curled posture, low breath rhythm",6.155,0.509392,True
2772,174,25,glass_harbor,Nia,6.0,awake,0.0,0.124418,0.142418,0.01,0.02,True,upright work rhythm,7.413392,0.5259,True
2773,174,25,cinder_garden,Pax,7.5,awake,0.0,0.539172,0.563172,0.01,0.02,True,upright work rhythm,10.2059,0.556608,True
2774,174,25,lichen_bridge,Rin,9.0,awake,0.0,0.327758,0.345758,0.01,0.02,True,upright work rhythm,8.846761,0.548417,True
2775,174,25,orchid_engine,Eli,10.5,awake,0.0,0.018,0.042,0.01,0.02,True,upright work rhythm,11.11222,0.576825,True
2776,174,25,moss_ward,Ari,12.0,awake,0.0,0.343092,0.367092,0.0,0.01,True,upright work rhythm,6.655508,0.535433,True
2777,174,25,glass_harbor,Oren,13.5,awake,0.0,0.349789,0.367789,0.0,0.01,True,upright work rhythm,7.855794,0.551942,True
2778,174,25,cinder_garden,Vale,15.0,awake,0.0,0.501277,0.525277,0.0,0.01,True,upright work rhythm,10.540364,0.58265,True
2779,174,25,lichen_bridge,Sol,16.5,awake,0.0,0.0,0.018,0.0,0.01,True,upright work rhythm,9.06238,0.574458,True
2780,174,25,orchid_engine,Bea,18.0,awake,0.0,0.398372,0.422372,0.02,0.03,True,upright work rhythm,11.618173,0.602867,True
2781,174,25,moss_ward,Fay,19.5,awake,0.0,0.399163,0.423163,0.02,0.03,True,upright work rhythm,7.028497,0.561475,True
2782,174,25,glass_harbor,Puck,21.0,awake,0.0,0.404596,0.422596,0.02,0.03,True,upright work rhythm,8.228265,0.577983,True
2783,174,25,cinder_garden,Wren,22.5,asleep,0.80752,0.036,0.0,0.02,0.0,True,"curled posture, low breath rhythm",10.675,0.608692,True
2784,175,25,orchid_engine,Bea,0.0,asleep,0.80752,0.422372,0.365846,0.03,0.0,True,"curled posture, low breath rhythm",10.754997,0.6237,True
2785,175,25,moss_ward,Fay,1.5,asleep,0.80752,0.423163,0.366637,0.03,0.0,True,"curled posture, low breath rhythm",6.165321,0.582308,True
2786,175,25,glass_harbor,Puck,3.0,asleep,0.80752,0.422596,0.36607,0.03,0.0,True,"curled posture, low breath rhythm",7.365089,0.598817,True
2787,175,25,cinder_garden,Wren,4.5,asleep,0.813,0.0,0.0,0.0,0.0,True,"curled posture, low breath rhythm",9.835,0.629525,True
2788,175,25,lichen_bridge,Kio,6.0,awake,0.0,0.553973,0.577973,0.01,0.02,True,upright work rhythm,8.801969,0.621333,True
2789,175,25,orchid_engine,Cai,7.5,awake,0.0,0.141333,0.159333,0.01,0.02,True,upright work rhythm,11.020327,0.649742,True
2790,175,25,moss_ward,Milo,9.0,awake,0.0,0.140941,0.158941,0.01,0.02,True,upright work rhythm,6.430166,0.60835,True
2791,175,25,glass_harbor,Sera,10.5,awake,0.0,0.018,0.036,0.01,0.02,True,upright work rhythm,7.57976,0.624858,True
2792,175,25,cinder_garden,Juno,12.0,awake,0.0,0.348893,0.366893,0.0,0.01,True,upright work rhythm,10.335426,0.655567,True
2793,175,25,lichen_bridge,Luma,13.5,awake,0.0,0.343932,0.367932,0.0,0.01,True,upright work rhythm,9.065852,0.647375,True
2794,175,25,orchid_engine,Dax,15.0,awake,0.0,0.139092,0.157092,0.0,0.01,True,upright work rhythm,11.369408,0.675783,True
2795,175,25,moss_ward,Tala,16.5,awake,0.0,0.0,0.018,0.0,0.01,True,upright work rhythm,6.72238,0.634392,True
2796,175,25,glass_harbor,Nia,18.0,awake,0.0,0.142418,0.160418,0.02,0.03,True,upright work rhythm,7.980772,0.6509,True
2797,175,25,cinder_garden,Pax,19.5,awake,0.0,0.563172,0.581172,0.02,0.03,True,upright work rhythm,10.77328,0.681608,True
2798,175,25,lichen_bridge,Rin,21.0,awake,0.0,0.345758,0.369758,0.02,0.03,True,upright work rhythm,9.416601,0.673417,True
2799,175,25,orchid_engine,Eli,22.5,asleep,0.80752,0.042,0.0,0.02,0.0,True,"curled posture, low breath rhythm",11.655,0.701825,True
2800,176,26,glass_harbor,Nia,0.0,asleep,0.80752,0.160418,0.103892,0.03,0.0,True,"curled posture, low breath rhythm",7.130596,0.672733,True
2801,176,26,cinder_garden,Pax,1.5,asleep,0.80752,0.581172,0.524645,0.03,0.0,True,"curled posture, low breath rhythm",9.923105,0.703442,True
2802,176,26,lichen_bridge,Rin,3.0,asleep,0.80752,0.369758,0.313231,0.03,0.0,True,"curled posture, low breath rhythm",8.566425,0.69525,True
2803,176,26,orchid_engine,Eli,4.5,asleep,0.813,0.0,0.0,0.0,0.0,True,"curled posture, low breath rhythm",10.828,0.723658,True
2804,176,26,moss_ward,Ari,6.0,awake,0.0,0.367092,0.385092,0.01,0.02,True,upright work rhythm,6.395888,0.682267,True
2805,176,26,glass_harbor,Oren,7.5,awake,0.0,0.367789,0.391789,0.01,0.02,True,upright work rhythm,7.598634,0.698775,True
2806,176,26,cinder_garden,Vale,9.0,awake,0.0,0.525277,0.543277,0.01,0.02,True,upright work rhythm,10.280744,0.729483,True
2807,176,26,lichen_bridge,Sol,10.5,awake,0.0,0.018,0.042,0.01,0.02,True,upright work rhythm,8.80522,0.721292,True
2808,176,26,orchid_engine,Bea,12.0,awake,0.0,0.365846,0.383846,0.0,0.01,True,upright work rhythm,11.335377,0.7497,True
2809,176,26,moss_ward,Fay,13.5,awake,0.0,0.366637,0.384637,0.0,0.01,True,upright work rhythm,6.745701,0.708308,True
2810,176,26,glass_harbor,Puck,15.0,awake,0.0,0.36607,0.39007,0.0,0.01,True,upright work rhythm,7.947929,0.724817,True
2811,176,26,cinder_garden,Wren,16.5,awake,0.0,0.0,0.018,0.0,0.01,True,upright work rhythm,10.41538,0.755525,True
2812,176,26,lichen_bridge,Kio,18.0,awake,0.0,0.577973,0.601973,0.02,0.03,True,upright work rhythm,9.384809,0.747333,True
2813,176,26,orchid_engine,Cai,19.5,awake,0.0,0.159333,0.177333,0.02,0.03,True,upright work rhythm,11.600707,0.775742,True
2814,176,26,moss_ward,Milo,21.0,awake,0.0,0.158941,0.176941,0.02,0.03,True,upright work rhythm,7.010546,0.73435,True
2815,176,26,glass_harbor,Sera,22.5,asleep,0.80752,0.036,0.0,0.02,0.0,True,"curled posture, low breath rhythm",8.138,0.750858,True
2816,177,26,lichen_bridge,Kio,0.0,asleep,0.80752,0.601973,0.545446,0.03,0.0,True,"curled posture, low breath rhythm",8.521633,0.768167,True
2817,177,26,orchid_engine,Cai,1.5,asleep,0.80752,0.177333,0.120807,0.03,0.0,True,"curled posture, low breath rhythm",10.737531,0.796575,True
2818,177,26,moss_ward,Milo,3.0,asleep,0.80752,0.176941,0.120415,0.03,0.0,True,"curled posture, low breath rhythm",6.14737,0.755183,True
2819,177,26,glass_harbor,Sera,4.5,asleep,0.813,0.0,0.0,0.0,0.0,True,"curled posture, low breath rhythm",7.298,0.771692,True
2820,177,26,cinder_garden,Juno,6.0,awake,0.0,0.366893,0.390893,0.01,0.02,True,upright work rhythm,10.078266,0.8024,True
2821,177,26,lichen_bridge,Luma,7.5,awake,0.0,0.367932,0.385932,0.01,0.02,True,upright work rhythm,8.806232,0.794208,True
2822,177,26,orchid_engine,Dax,9.0,awake,0.0,0.157092,0.175092,0.01,0.02,True,upright work rhythm,11.109788,0.822617,True
2823,177,26,moss_ward,Tala,10.5,awake,0.0,0.018,0.036,0.01,0.02,True,upright work rhythm,6.46276,0.781225,True
2824,177,26,glass_harbor,Nia,12.0,awake,0.0,0.103892,0.121892,0.0,0.01,True,upright work rhythm,7.697976,0.797733,True
2825,177,26,cinder_garden,Pax,13.5,nap,0.6904,0.524645,0.497029,0.0,0.0,True,steps aside for short rest,10.471782,0.828442,True
2826,177,26,lichen_bridge,Rin,15.0,awake,0.0,0.313231,0.331231,0.0,0.01,True,upright work rhythm,9.133805,0.82025,True
2827,177,26,orchid_engine,Eli,16.5,awake,0.0,0.0,0.018,0.0,0.01,True,upright work rhythm,11.39538,0.848658,True
2828,177,26,moss_ward,Ari,18.0,awake,0.0,0.385092,0.403092,0.02,0.03,True,upright work rhythm,6.963268,0.807267,True
2829,177,26,glass_harbor,Oren,19.5,awake,0.0,0.391789,0.409789,0.02,0.03,True,upright work rhythm,8.166014,0.823775,True
2830,177,26,cinder_garden,Vale,21.0,awake,0.0,0.543277,0.567277,0.02,0.03,True,upright work rhythm,10.850584,0.854483,True
2831,177,26,lichen_bridge,Sol,22.5,asleep,0.80752,0.042,0.0,0.02,0.0,True,"curled posture, low breath rhythm",9.348,0.846292,True
2832,178,26,moss_ward,Ari,0.0,asleep,0.80752,0.403092,0.346566,0.03,0.0,True,"curled posture, low breath rhythm",6.100092,0.8281,True
2833,178,26,glass_harbor,Oren,1.5,asleep,0.80752,0.409789,0.353263,0.03,0.0,True,"curled posture, low breath rhythm",7.302838,0.844608,True
2834,178,26,cinder_garden,Vale,3.0,asleep,0.80752,0.567277,0.510751,0.03,0.0,True,"curled posture, low breath rhythm",9.987408,0.875317,True
2835,178,26,lichen_bridge,Sol,4.5,asleep,0.813,0.0,0.0,0.0,0.0,True,"curled posture, low breath rhythm",8.508,0.867125,True
2836,178,26,orchid_engine,Bea,6.0,awake,0.0,0.383846,0.401846,0.01,0.02,True,upright work rhythm,11.062757,0.895533,True
2837,178,26,moss_ward,Fay,7.5,awake,0.0,0.384637,0.402637,0.01,0.02,True,upright work rhythm,6.473081,0.854142,True
2838,178,26,glass_harbor,Puck,9.0,awake,0.0,0.39007,0.40807,0.01,0.02,True,upright work rhythm,7.675309,0.87065,True
2839,178,26,cinder_garden,Wren,10.5,awake,0.0,0.018,0.036,0.01,0.02,True,upright work rhythm,10.14276,0.901358,True
2840,178,26,lichen_bridge,Kio,12.0,awake,0.0,0.545446,0.563446,0.0,0.01,True,upright work rhythm,9.089013,0.893167,True
2841,178,26,orchid_engine,Cai,13.5,awake,0.0,0.120807,0.138807,0.0,0.01,True,upright work rhythm,11.304911,0.921575,True
2842,178,26,moss_ward,Milo,15.0,awake,0.0,0.120415,0.138415,0.0,0.01,True,upright work rhythm,6.71475,0.880183,True
2843,178,26,glass_harbor,Sera,16.5,awake,0.0,0.0,0.018,0.0,0.01,True,upright work rhythm,7.86538,0.896692,True
2844,178,26,cinder_garden,Juno,18.0,awake,0.0,0.390893,0.408893,0.02,0.03,True,upright work rhythm,10.645646,0.9274,True
2845,178,26,lichen_bridge,Luma,19.5,awake,0.0,0.385932,0.403932,0.02,0.03,True,upright work rhythm,9.373612,0.919208,True
2846,178,26,orchid_engine,Dax,21.0,awake,0.0,0.175092,0.193092,0.02,0.03,True,upright work rhythm,11.677168,0.947617,True
2847,178,26,moss_ward,Tala,22.5,asleep,0.80752,0.036,0.0,0.02,0.0,True,"curled posture, low breath rhythm",7.008,0.906225,True
2848,179,26,cinder_garden,Juno,0.0,asleep,0.80752,0.408893,0.352367,0.03,0.0,True,"curled posture, low breath rhythm",9.78247,0.948233,True
2849,179,26,lichen_bridge,Luma,1.5,asleep,0.80752,0.403932,0.347406,0.03,0.0,True,"curled posture, low breath rhythm",8.510436,0.940042,True
2850,179,26,orchid_engine,Dax,3.0,asleep,0.80752,0.193092,0.136566,0.03,0.0,True,"curled posture, low breath rhythm",10.813992,0.96845,True
2851,179,26,moss_ward,Tala,4.5,asleep,0.813,0.0,0.0,0.0,0.0,True,"curled posture, low breath rhythm",6.168,0.927058,True
2852,179,26,glass_harbor,Nia,6.0,awake,0.0,0.121892,0.139892,0.01,0.02,True,upright work rhythm,7.425356,0.943567,True
2853,179,26,cinder_garden,Pax,7.5,awake,0.0,0.497029,0.521029,0.0,0.01,True,upright work rhythm,10.201622,0.974275,True
2854,179,26,lichen_bridge,Rin,9.0,awake,0.0,0.331231,0.349231,0.01,0.02,True,upright work rhythm,8.861185,0.966083,True
2855,179,26,orchid_engine,Eli,10.5,awake,0.0,0.018,0.042,0.01,0.02,True,upright work rhythm,11.12522,0.994492,True
2856,179,26,moss_ward,Ari,12.0,awake,0.0,0.346566,0.370566,0.0,0.01,True,upright work rhythm,6.669932,0.9531,True
2857,179,26,glass_harbor,Oren,13.5,awake,0.0,0.353263,0.371263,0.0,0.01,True,upright work rhythm,7.870218,0.969608,True
2858,179,26,cinder_garden,Vale,15.0,awake,0.0,0.510751,0.534751,0.0,0.01,True,upright work rhythm,10.557248,0.000317,True
2859,179,26,lichen_bridge,Sol,16.5,awake,0.0,0.0,0.018,0.0,0.01,True,upright work rhythm,9.07538,0.992125,True
2860,179,26,orchid_engine,Bea,18.0,awake,0.0,0.401846,0.425846,0.02,0.03,True,upright work rhythm,11.632597,0.020533,True
2861,179,26,moss_ward,Fay,19.5,awake,0.0,0.402637,0.426637,0.02,0.03,True,upright work rhythm,7.042921,0.979142,True
2862,179,26,glass_harbor,Puck,21.0,awake,0.0,0.40807,0.42607,0.02,0.03,True,upright work rhythm,8.242689,0.99565,True
2863,179,26,cinder_garden,Wren,22.5,asleep,0.80752,0.036,0.0,0.02,0.0,True,"curled posture, low breath rhythm",10.688,0.026358,True
2864,180,26,orchid_engine,Bea,0.0,asleep,0.80752,0.425846,0.36932,0.03,0.0,True,"curled posture, low breath rhythm",10.769421,0.041367,True
2865,180,26,moss_ward,Fay,1.5,asleep,0.80752,0.426637,0.370111,0.03,0.0,True,"curled posture, low breath rhythm",6.179745,0.999975,True
2866,180,26,glass_harbor,Puck,3.0,asleep,0.80752,0.42607,0.369544,0.03,0.0,True,"curled posture, low breath rhythm",7.379513,0.016483,True
2867,180,26,cinder_garden,Wren,4.5,asleep,0.813,0.0,0.0,0.0,0.0,True,"curled posture, low breath rhythm",9.848,0.047192,True
2868,180,26,lichen_bridge,Kio,6.0,awake,0.0,0.563446,0.587446,0.01,0.02,True,upright work rhythm,8.818853,0.039,True
2869,180,26,orchid_engine,Cai,7.5,awake,0.0,0.138807,0.156807,0.01,0.02,True,upright work rhythm,11.032291,0.067408,True
2870,180,26,moss_ward,Milo,9.0,awake,0.0,0.138415,0.156415,0.01,0.02,True,upright work rhythm,6.44213,0.026017,True
2871,180,26,glass_harbor,Sera,10.5,awake,0.0,0.018,0.036,0.01,0.02,True,upright work rhythm,7.59276,0.042525,True
2872,180,26,cinder_garden,Juno,12.0,awake,0.0,0.352367,0.370367,0.0,0.01,True,upright work rhythm,10.34985,0.073233,True
2873,180,26,lichen_bridge,Luma,13.5,awake,0.0,0.347406,0.371406,0.0,0.01,True,upright work rhythm,9.080276,0.065042,True
2874,180,26,orchid_engine,Dax,15.0,awake,0.0,0.136566,0.154566,0.0,0.01,True,upright work rhythm,11.381372,0.09345,True
2875,180,26,moss_ward,Tala,16.5,awake,0.0,0.0,0.018,0.0,0.01,True,upright work rhythm,6.73538,0.052058,True
2876,180,26,glass_harbor,Nia,18.0,awake,0.0,0.139892,0.157892,0.02,0.03,True,upright work rhythm,7.992736,0.068567,True
2877,180,26,cinder_garden,Pax,19.5,awake,0.0,0.521029,0.539029,0.01,0.02,True,upright work rhythm,10.769002,0.099275,True
2878,180,26,lichen_bridge,Rin,21.0,awake,0.0,0.349231,0.373231,0.02,0.03,True,upright work rhythm,9.431025,0.091083,True
2879,180,26,orchid_engine,Eli,22.5,asleep,0.80752,0.042,0.0,0.02,0.0,True,"curled posture, low breath rhythm",11.668,0.119492,True
2880,181,26,glass_harbor,Nia,0.0,asleep,0.80752,0.157892,0.101366,0.03,0.0,True,"curled posture, low breath rhythm",7.12956,0.0894,True
2881,181,26,cinder_garden,Pax,1.5,asleep,0.80752,0.539029,0.482503,0.02,0.0,True,"curled posture, low breath rhythm",9.905826,0.120108,True
2882,181,26,lichen_bridge,Rin,3.0,asleep,0.80752,0.373231,0.316705,0.03,0.0,True,"curled posture, low breath rhythm",8.567849,0.111917,True
2883,181,26,orchid_engine,Eli,4.5,asleep,0.813,0.0,0.0,0.0,0.0,True,"curled posture, low breath rhythm",10.828,0.140325,True
2884,181,26,moss_ward,Ari,6.0,awake,0.0,0.370566,0.388566,0.01,0.02,True,upright work rhythm,6.397312,0.098933,True
2885,181,26,glass_harbor,Oren,7.5,awake,0.0,0.371263,0.395263,0.01,0.02,True,upright work rhythm,7.600058,0.115442,True
2886,181,26,cinder_garden,Vale,9.0,awake,0.0,0.534751,0.552751,0.01,0.02,True,upright work rhythm,10.284628,0.14615,True
2887,181,26,lichen_bridge,Sol,10.5,awake,0.0,0.018,0.042,0.01,0.02,True,upright work rhythm,8.80522,0.137958,True
2888,181,26,orchid_engine,Bea,12.0,awake,0.0,0.36932,0.38732,0.0,0.01,True,upright work rhythm,11.336801,0.166367,True
2889,181,26,moss_ward,Fay,13.5,awake,0.0,0.370111,0.388111,0.0,0.01,True,upright work rhythm,6.747125,0.124975,True
2890,181,26,glass_harbor,Puck,15.0,awake,0.0,0.369544,0.393544,0.0,0.01,True,upright work rhythm,7.949353,0.141483,True
2891,181,26,cinder_garden,Wren,16.5,awake,0.0,0.0,0.018,0.0,0.01,True,upright work rhythm,10.41538,0.172192,True
2892,181,26,lichen_bridge,Kio,18.0,awake,0.0,0.587446,0.611446,0.02,0.03,True,upright work rhythm,9.388693,0.164,True
2893,181,26,orchid_engine,Cai,19.5,awake,0.0,0.156807,0.174807,0.02,0.03,True,upright work rhythm,11.599671,0.192408,True
2894,181,26,moss_ward,Milo,21.0,awake,0.0,0.156415,0.174415,0.02,0.03,True,upright work rhythm,7.00951,0.151017,True
2895,181,26,glass_harbor,Sera,22.5,asleep,0.80752,0.036,0.0,0.02,0.0,True,"curled posture, low breath rhythm",8.138,0.167525,True
2896,182,26,lichen_bridge,Kio,0.0,asleep,0.80752,0.611446,0.55492,0.03,0.0,True,"curled posture, low breath rhythm",8.525517,0.184833,True
2897,182,26,orchid_engine,Cai,1.5,asleep,0.80752,0.174807,0.118281,0.03,0.0,True,"curled posture, low breath rhythm",10.736495,0.213242,True
2898,182,26,moss_ward,Milo,3.0,asleep,0.80752,0.174415,0.117889,0.03,0.0,True,"curled posture, low breath rhythm",6.146334,0.17185,True
2899,182,26,glass_harbor,Sera,4.5,asleep,0.813,0.0,0.0,0.0,0.0,True,"curled posture, low breath rhythm",7.298,0.188358,True
2900,182,26,cinder_garden,Juno,6.0,awake,0.0,0.370367,0.394367,0.01,0.02,True,upright work rhythm,10.07969,0.219067,True
2901,182,26,lichen_bridge,Luma,7.5,awake,0.0,0.371406,0.389406,0.01,0.02,True,upright work rhythm,8.807656,0.210875,True
2902,182,26,orchid_engine,Dax,9.0,awake,0.0,0.154566,0.172566,0.01,0.02,True,upright work rhythm,11.108752,0.239283,True
2903,182,26,moss_ward,Tala,10.5,awake,0.0,0.018,0.036,0.01,0.02,True,upright work rhythm,6.46276,0.197892,True
2904,182,26,glass_harbor,Nia,12.0,awake,0.0,0.101366,0.119366,0.0,0.01,True,upright work rhythm,7.69694,0.2144,True
2905,182,26,cinder_garden,Pax,13.5,awake,0.0,0.482503,0.506503,0.0,0.01,True,upright work rhythm,10.475666,0.245108,True
2906,182,26,lichen_bridge,Rin,15.0,awake,0.0,0.316705,0.334705,0.0,0.01,True,upright work rhythm,9.135229,0.236917,True
2907,182,26,orchid_engine,Eli,16.5,awake,0.0,0.0,0.018,0.0,0.01,True,upright work rhythm,11.39538,0.265325,True
2908,182,26,moss_ward,Ari,18.0,awake,0.0,0.388566,0.406566,0.02,0.03,True,upright work rhythm,6.964692,0.223933,True
2909,182,26,glass_harbor,Oren,19.5,awake,0.0,0.395263,0.413263,0.02,0.03,True,upright work rhythm,8.167438,0.240442,True
2910,182,26,cinder_garden,Vale,21.0,awake,0.0,0.552751,0.576751,0.02,0.03,True,upright work rhythm,10.854468,0.27115,True
2911,182,26,lichen_bridge,Sol,22.5,asleep,0.80752,0.042,0.0,0.02,0.0,True,"curled posture, low breath rhythm",9.348,0.262958,True
2912,183,27,moss_ward,Ari,0.0,asleep,0.80752,0.406566,0.350039,0.03,0.0,True,"curled posture, low breath rhythm",6.114516,0.245767,True
2913,183,27,glass_harbor,Oren,1.5,asleep,0.80752,0.413263,0.356736,0.03,0.0,True,"curled posture, low breath rhythm",7.317262,0.262275,True
2914,183,27,cinder_garden,Vale,3.0,asleep,0.80752,0.576751,0.520224,0.03,0.0,True,"curled posture, low breath rhythm",10.004292,0.292983,True
2915,183,27,lichen_bridge,Sol,4.5,asleep,0.813,0.0,0.0,0.0,0.0,True,"curled posture, low breath rhythm",8.521,0.284792,True
2916,183,27,orchid_engine,Bea,6.0,awake,0.0,0.38732,0.40532,0.01,0.02,True,upright work rhythm,11.077181,0.3132,True
2917,183,27,moss_ward,Fay,7.5,awake,0.0,0.388111,0.406111,0.01,0.02,True,upright work rhythm,6.487505,0.271808,True
2918,183,27,glass_harbor,Puck,9.0,awake,0.0,0.393544,0.411544,0.01,0.02,True,upright work rhythm,7.689733,0.288317,True
2919,183,27,cinder_garden,Wren,10.5,awake,0.0,0.018,0.036,0.01,0.02,True,upright work rhythm,10.15576,0.319025,True
2920,183,27,lichen_bridge,Kio,12.0,awake,0.0,0.55492,0.57292,0.0,0.01,True,upright work rhythm,9.105897,0.310833,True
2921,183,27,orchid_engine,Cai,13.5,awake,0.0,0.118281,0.136281,0.0,0.01,True,upright work rhythm,11.316875,0.339242,True
2922,183,27,moss_ward,Milo,15.0,awake,0.0,0.117889,0.135889,0.0,0.01,True,upright work rhythm,6.726714,0.29785,True
2923,183,27,glass_harbor,Sera,16.5,awake,0.0,0.0,0.018,0.0,0.01,True,upright work rhythm,7.87838,0.314358,True
2924,183,27,cinder_garden,Juno,18.0,awake,0.0,0.394367,0.412367,0.02,0.03,True,upright work rhythm,10.66007,0.345067,True
2925,183,27,lichen_bridge,Luma,19.5,awake,0.0,0.389406,0.407406,0.02,0.03,True,upright work rhythm,9.388036,0.336875,True
2926,183,27,orchid_engine,Dax,21.0,awake,0.0,0.172566,0.190566,0.02,0.03,True,upright work rhythm,11.689132,0.365283,True
2927,183,27,moss_ward,Tala,22.5,asleep,0.80752,0.036,0.0,0.02,0.0,True,"curled posture, low breath rhythm",7.021,0.323892,True
2928,184,27,cinder_garden,Juno,0.0,asleep,0.80752,0.412367,0.35584,0.03,0.0,True,"curled posture, low breath rhythm",9.796895,0.3659,True
2929,184,27,lichen_bridge,Luma,1.5,asleep,0.80752,0.407406,0.350879,0.03,0.0,True,"curled posture, low breath rhythm",8.52486,0.357708,True
2930,184,27,orchid_engine,Dax,3.0,asleep,0.80752,0.190566,0.134039,0.03,0.0,True,"curled posture, low breath rhythm",10.825956,0.386117,True
2931,184,27,moss_ward,Tala,4.5,asleep,0.813,0.0,0.0,0.0,0.0,True,"curled posture, low breath rhythm",6.181,0.344725,True
2932,184,27,glass_harbor,Nia,6.0,awake,0.0,0.119366,0.137366,0.01,0.02,True,upright work rhythm,7.43732,0.361233,True
2933,184,27,cinder_garden,Pax,7.5,awake,0.0,0.506503,0.530503,0.01,0.02,True,upright work rhythm,10.218506,0.391942,True
2934,184,27,lichen_bridge,Rin,9.0,awake,0.0,0.334705,0.352705,0.01,0.02,True,upright work rhythm,8.875609,0.38375,True
2935,184,27,orchid_engine,Eli,10.5,awake,0.0,0.018,0.042,0.01,0.02,True,upright work rhythm,11.13822,0.412158,True
2936,184,27,moss_ward,Ari,12.0,awake,0.0,0.350039,0.374039,0.0,0.01,True,upright work rhythm,6.684356,0.370767,True
2937,184,27,glass_harbor,Oren,13.5,awake,0.0,0.356736,0.374736,0.0,0.01,True,upright work rhythm,7.884642,0.387275,True
2938,184,27,cinder_garden,Vale,15.0,nap,0.6904,0.520224,0.492608,0.0,0.0,True,steps aside for short rest,10.552969,0.417983,True
2939,184,27,lichen_bridge,Sol,16.5,awake,0.0,0.0,0.018,0.0,0.01,True,upright work rhythm,9.08838,0.409792,True
2940,184,27,orchid_engine,Bea,18.0,awake,0.0,0.40532,0.42932,0.02,0.03,True,upright work rhythm,11.647021,0.4382,True
2941,184,27,moss_ward,Fay,19.5,awake,0.0,0.406111,0.430111,0.02,0.03,True,upright work rhythm,7.057345,0.396808,True
2942,184,27,glass_harbor,Puck,21.0,awake,0.0,0.411544,0.429544,0.02,0.03,True,upright work rhythm,8.257113,0.413317,True
2943,184,27,cinder_garden,Wren,22.5,asleep,0.80752,0.036,0.0,0.02,0.0,True,"curled posture, low breath rhythm",10.701,0.444025,True
2944,185,27,orchid_engine,Bea,0.0,asleep,0.80752,0.42932,0.372793,0.03,0.0,True,"curled posture, low breath rhythm",10.783845,0.459033,True
2945,185,27,moss_ward,Fay,1.5,asleep,0.80752,0.430111,0.373584,0.03,0.0,True,"curled posture, low breath rhythm",6.19417,0.417642,True
2946,185,27,glass_harbor,Puck,3.0,asleep,0.80752,0.429544,0.373017,0.03,0.0,True,"curled posture, low breath rhythm",7.393937,0.43415,True
2947,185,27,cinder_garden,Wren,4.5,asleep,0.813,0.0,0.0,0.0,0.0,True,"curled posture, low breath rhythm",9.861,0.464858,True
2948,185,27,lichen_bridge,Kio,6.0,awake,0.0,0.57292,0.59692,0.01,0.02,True,upright work rhythm,8.835737,0.456667,True
2949,185,27,orchid_engine,Cai,7.5,awake,0.0,0.136281,0.154281,0.01,0.02,True,upright work rhythm,11.044255,0.485075,True
2950,185,27,moss_ward,Milo,9.0,awake,0.0,0.135889,0.153889,0.01,0.02,True,upright work rhythm,6.454094,0.443683,True
2951,185,27,glass_harbor,Sera,10.5,awake,0.0,0.018,0.036,0.01,0.02,True,upright work rhythm,7.60576,0.460192,True
2952,185,27,cinder_garden,Juno,12.0,awake,0.0,0.35584,0.37384,0.0,0.01,True,upright work rhythm,10.364275,0.4909,True
2953,185,27,lichen_bridge,Luma,13.5,awake,0.0,0.350879,0.374879,0.0,0.01,True,upright work rhythm,9.0947,0.482708,True
2954,185,27,orchid_engine,Dax,15.0,awake,0.0,0.134039,0.152039,0.0,0.01,True,upright work rhythm,11.393336,0.511117,True
2955,185,27,moss_ward,Tala,16.5,awake,0.0,0.0,0.018,0.0,0.01,True,upright work rhythm,6.74838,0.469725,True
2956,185,27,glass_harbor,Nia,18.0,awake,0.0,0.137366,0.155366,0.02,0.03,True,upright work rhythm,8.0047,0.486233,True
2957,185,27,cinder_garden,Pax,19.5,awake,0.0,0.530503,0.548503,0.02,0.03,True,upright work rhythm,10.785886,0.516942,True
2958,185,27,lichen_bridge,Rin,21.0,awake,0.0,0.352705,0.376705,0.02,0.03,True,upright work rhythm,9.445449,0.50875,True
2959,185,27,orchid_engine,Eli,22.5,asleep,0.80752,0.042,0.0,0.02,0.0,True,"curled posture, low breath rhythm",11.681,0.537158,True
2960,186,27,glass_harbor,Nia,0.0,asleep,0.80752,0.155366,0.098839,0.03,0.0,True,"curled posture, low breath rhythm",7.141524,0.507067,True
2961,186,27,cinder_garden,Pax,1.5,asleep,0.80752,0.548503,0.491976,0.03,0.0,True,"curled posture, low breath rhythm",9.92271,0.537775,True
2962,186,27,lichen_bridge,Rin,3.0,asleep,0.80752,0.376705,0.320178,0.03,0.0,True,"curled posture, low breath rhythm",8.582273,0.529583,True
2963,186,27,orchid_engine,Eli,4.5,asleep,0.813,0.0,0.0,0.0,0.0,True,"curled posture, low breath rhythm",10.841,0.557992,True
2964,186,27,moss_ward,Ari,6.0,awake,0.0,0.374039,0.392039,0.01,0.02,True,upright work rhythm,6.411736,0.5166,True
2965,186,27,glass_harbor,Oren,7.5,awake,0.0,0.374736,0.398736,0.01,0.02,True,upright work rhythm,7.614482,0.533108,True
2966,186,27,cinder_garden,Vale,9.0,awake,0.0,0.492608,0.510608,0.0,0.01,True,upright work rhythm,10.280349,0.563817,True
2967,186,27,lichen_bridge,Sol,10.5,awake,0.0,0.018,0.042,0.01,0.02,True,upright work rhythm,8.81822,0.555625,True
2968,186,27,orchid_engine,Bea,12.0,awake,0.0,0.372793,0.390793,0.0,0.01,True,upright work rhythm,11.351225,0.584033,True
2969,186,27,moss_ward,Fay,13.5,awake,0.0,0.373584,0.391584,0.0,0.01,True,upright work rhythm,6.76155,0.542642,True
2970,186,27,glass_harbor,Puck,15.0,awake,0.0,0.373017,0.397017,0.0,0.01,True,upright work rhythm,7.963777,0.55915,True
2971,186,27,cinder_garden,Wren,16.5,awake,0.0,0.0,0.018,0.0,0.01,True,upright work rhythm,10.42838,0.589858,True
2972,186,27,lichen_bridge,Kio,18.0,awake,0.0,0.59692,0.62092,0.02,0.03,True,upright work rhythm,9.405577,0.581667,True
2973,186,27,orchid_engine,Cai,19.5,awake,0.0,0.154281,0.172281,0.02,0.03,True,upright work rhythm,11.611635,0.610075,True
2974,186,27,moss_ward,Milo,21.0,awake,0.0,0.153889,0.171889,0.02,0.03,True,upright work rhythm,7.021474,0.568683,True
2975,186,27,glass_harbor,Sera,22.5,asleep,0.80752,0.036,0.0,0.02,0.0,True,"curled posture, low breath rhythm",8.151,0.585192,True
2976,187,27,lichen_bridge,Kio,0.0,asleep,0.80752,0.62092,0.564393,0.03,0.0,True,"curled posture, low breath rhythm",8.542401,0.6025,True
2977,187,27,orchid_engine,Cai,1.5,asleep,0.80752,0.172281,0.115754,0.03,0.0,True,"curled posture, low breath rhythm",10.748459,0.630908,True
2978,187,27,moss_ward,Milo,3.0,asleep,0.80752,0.171889,0.115362,0.03,0.0,True,"curled posture, low breath rhythm",6.158299,0.589517,True
2979,187,27,glass_harbor,Sera,4.5,asleep,0.813,0.0,0.0,0.0,0.0,True,"curled posture, low breath rhythm",7.311,0.606025,True
2980,187,27,cinder_garden,Juno,6.0,awake,0.0,0.37384,0.39784,0.01,0.02,True,upright work rhythm,10.094115,0.636733,True
2981,187,27,lichen_bridge,Luma,7.5,awake,0.0,0.374879,0.392879,0.01,0.02,True,upright work rhythm,8.82208,0.628542,True
2982,187,27,orchid_engine,Dax,9.0,awake,0.0,0.152039,0.170039,0.01,0.02,True,upright work rhythm,11.120716,0.65695,True
2983,187,27,moss_ward,Tala,10.5,awake,0.0,0.018,0.036,0.01,0.02,True,upright work rhythm,6.47576,0.615558,True
2984,187,27,glass_harbor,Nia,12.0,awake,0.0,0.098839,0.116839,0.0,0.01,True,upright work rhythm,7.708904,0.632067,True
2985,187,27,cinder_garden,Pax,13.5,awake,0.0,0.491976,0.515976,0.0,0.01,True,upright work rhythm,10.49255,0.662775,True
2986,187,27,lichen_bridge,Rin,15.0,awake,0.0,0.320178,0.338178,0.0,0.01,True,upright work rhythm,9.149653,0.654583,True
2987,187,27,orchid_engine,Eli,16.5,awake,0.0,0.0,0.018,0.0,0.01,True,upright work rhythm,11.40838,0.682992,True
2988,187,27,moss_ward,Ari,18.0,awake,0.0,0.392039,0.410039,0.02,0.03,True,upright work rhythm,6.979116,0.6416,True
2989,187,27,glass_harbor,Oren,19.5,awake,0.0,0.398736,0.416736,0.02,0.03,True,upright work rhythm,8.181862,0.658108,True
2990,187,27,cinder_garden,Vale,21.0,awake,0.0,0.510608,0.534608,0.01,0.02,True,upright work rhythm,10.850189,0.688817,True
2991,187,27,lichen_bridge,Sol,22.5,asleep,0.80752,0.042,0.0,0.02,0.0,True,"curled posture, low breath rhythm",9.361,0.680625,True
2992,188,27,moss_ward,Ari,0.0,asleep,0.80752,0.410039,0.353513,0.03,0.0,True,"curled posture, low breath rhythm",6.11594,0.662433,True
2993,188,27,glass_harbor,Oren,1.5,asleep,0.80752,0.416736,0.36021,0.03,0.0,True,"curled posture, low breath rhythm",7.318686,0.678942,True
2994,188,27,cinder_garden,Vale,3.0,asleep,0.80752,0.534608,0.478082,0.02,0.0,True,"curled posture, low breath rhythm",9.987014,0.70965,True
2995,188,27,lichen_bridge,Sol,4.5,asleep,0.813,0.0,0.0,0.0,0.0,True,"curled posture, low breath rhythm",8.521,0.701458,True
2996,188,27,orchid_engine,Bea,6.0,awake,0.0,0.390793,0.408793,0.01,0.02,True,upright work rhythm,11.078605,0.729867,True
2997,188,27,moss_ward,Fay,7.5,awake,0.0,0.391584,0.409584,0.01,0.02,True,upright work rhythm,6.48893,0.688475,True
2998,188,27,glass_harbor,Puck,9.0,awake,0.0,0.397017,0.415017,0.01,0.02,True,upright work rhythm,7.691157,0.704983,True
2999,188,27,cinder_garden,Wren,10.5,awake,0.0,0.018,0.036,0.01,0.02,True,upright work rhythm,10.15576,0.735692,True
3000,188,27,lichen_bridge,Kio,12.0,awake,0.0,0.564393,0.582393,0.0,0.01,True,upright work rhythm,9.109781,0.7275,True
3001,188,27,orchid_engine,Cai,13.5,awake,0.0,0.115754,0.133754,0.0,0.01,True,upright work rhythm,11.315839,0.755908,True
3002,188,27,moss_ward,Milo,15.0,awake,0.0,0.115362,0.133362,0.0,0.01,True,upright work rhythm,6.725679,0.714517,True
3003,188,27,glass_harbor,Sera,16.5,awake,0.0,0.0,0.018,0.0,0.01,True,upright work rhythm,7.87838,0.731025,True
3004,188,27,cinder_garden,Juno,18.0,awake,0.0,0.39784,0.41584,0.02,0.03,True,upright work rhythm,10.661495,0.761733,True
3005,188,27,lichen_bridge,Luma,19.5,awake,0.0,0.392879,0.410879,0.02,0.03,True,upright work rhythm,9.38946,0.753542,True
3006,188,27,orchid_engine,Dax,21.0,awake,0.0,0.170039,0.188039,0.02,0.03,True,upright work rhythm,11.688096,0.78195,True
3007,188,27,moss_ward,Tala,22.5,asleep,0.80752,0.036,0.0,0.02,0.0,True,"curled posture, low breath rhythm",7.021,0.740558,True
3008,189,27,cinder_garden,Juno,0.0,asleep,0.80752,0.41584,0.359314,0.03,0.0,True,"curled posture, low breath rhythm",9.798319,0.782567,True
3009,189,27,lichen_bridge,Luma,1.5,asleep,0.80752,0.410879,0.354353,0.03,0.0,True,"curled posture, low breath rhythm",8.526285,0.774375,True
3010,189,27,orchid_engine,Dax,3.0,asleep,0.80752,0.188039,0.131513,0.03,0.0,True,"curled posture, low breath rhythm",10.82492,0.802783,True
3011,189,27,moss_ward,Tala,4.5,asleep,0.813,0.0,0.0,0.0,0.0,True,"curled posture, low breath rhythm",6.181,0.761392,True
3012,189,27,glass_harbor,Nia,6.0,awake,0.0,0.116839,0.134839,0.01,0.02,True,upright work rhythm,7.436284,0.7779,True
3013,189,27,cinder_garden,Pax,7.5,awake,0.0,0.515976,0.539976,0.01,0.02,True,upright work rhythm,10.22239,0.808608,True
3014,189,27,lichen_bridge,Rin,9.0,awake,0.0,0.338178,0.356178,0.01,0.02,True,upright work rhythm,8.877033,0.800417,True
3015,189,27,orchid_engine,Eli,10.5,awake,0.0,0.018,0.042,0.01,0.02,True,upright work rhythm,11.13822,0.828825,True
3016,189,27,moss_ward,Ari,12.0,awake,0.0,0.353513,0.377513,0.0,0.01,True,upright work rhythm,6.68578,0.787433,True
3017,189,27,glass_harbor,Oren,13.5,awake,0.0,0.36021,0.37821,0.0,0.01,True,upright work rhythm,7.886066,0.803942,True
3018,189,27,cinder_garden,Vale,15.0,awake,0.0,0.478082,0.502082,0.0,0.01,True,upright work rhythm,10.556854,0.83465,True
3019,189,27,lichen_bridge,Sol,16.5,awake,0.0,0.0,0.018,0.0,0.01,True,upright work rhythm,9.08838,0.826458,True
3020,189,27,orchid_engine,Bea,18.0,awake,0.0,0.408793,0.432793,0.02,0.03,True,upright work rhythm,11.648445,0.854867,True
3021,189,27,moss_ward,Fay,19.5,awake,0.0,0.409584,0.433584,0.02,0.03,True,upright work rhythm,7.05877,0.813475,True
3022,189,27,glass_harbor,Puck,21.0,awake,0.0,0.415017,0.433017,0.02,0.03,True,upright work rhythm,8.258537,0.829983,True
3023,189,27,cinder_garden,Wren,22.5,asleep,0.80752,0.036,0.0,0.02,0.0,True,"curled posture, low breath rhythm",10.701,0.860692,True
3024,190,28,orchid_engine,Bea,0.0,asleep,0.80752,0.432793,0.376267,0.03,0.0,True,"curled posture, low breath rhythm",10.798269,0.8767,True
3025,190,28,moss_ward,Fay,1.5,asleep,0.80752,0.433584,0.377058,0.03,0.0,True,"curled posture, low breath rhythm",6.208594,0.835308,True
3026,190,28,glass_harbor,Puck,3.0,asleep,0.80752,0.433017,0.376491,0.03,0.0,True,"curled posture, low breath rhythm",7.408361,0.851817,True
3027,190,28,cinder_garden,Wren,4.5,asleep,0.813,0.0,0.0,0.0,0.0,True,"curled posture, low breath rhythm",9.874,0.882525,True
3028,190,28,lichen_bridge,Kio,6.0,awake,0.0,0.582393,0.606393,0.01,0.02,True,upright work rhythm,8.852621,0.874333,True
3029,190,28,orchid_engine,Cai,7.5,awake,0.0,0.133754,0.151754,0.01,0.02,True,upright work rhythm,11.056219,0.902742,True
3030,190,28,moss_ward,Milo,9.0,awake,0.0,0.133362,0.151362,0.01,0.02,True,upright work rhythm,6.466059,0.86135,True
3031,190,28,glass_harbor,Sera,10.5,awake,0.0,0.018,0.036,0.01,0.02,True,upright work rhythm,7.61876,0.877858,True
3032,190,28,cinder_garden,Juno,12.0,awake,0.0,0.359314,0.377314,0.0,0.01,True,upright work rhythm,10.378699,0.908567,True
3033,190,28,lichen_bridge,Luma,13.5,awake,0.0,0.354353,0.378353,0.0,0.01,True,upright work rhythm,9.109125,0.900375,True
3034,190,28,orchid_engine,Dax,15.0,awake,0.0,0.131513,0.149513,0.0,0.01,True,upright work rhythm,11.4053,0.928783,True
3035,190,28,moss_ward,Tala,16.5,awake,0.0,0.0,0.018,0.0,0.01,True,upright work rhythm,6.76138,0.887392,True
3036,190,28,glass_harbor,Nia,18.0,awake,0.0,0.134839,0.152839,0.02,0.03,True,upright work rhythm,8.016664,0.9039,True
3037,190,28,cinder_garden,Pax,19.5,awake,0.0,0.539976,0.557976,0.02,0.03,True,upright work rhythm,10.80277,0.934608,True
3038,190,28,lichen_bridge,Rin,21.0,awake,0.0,0.356178,0.380178,0.02,0.03,True,upright work rhythm,9.459873,0.926417,True
3039,190,28,orchid_engine,Eli,22.5,asleep,0.80752,0.042,0.0,0.02,0.0,True,"curled posture, low breath rhythm",11.694,0.954825,True
3040,191,28,glass_harbor,Nia,0.0,asleep,0.80752,0.152839,0.096313,0.03,0.0,True,"curled posture, low breath rhythm",7.153488,0.924733,True
3041,191,28,cinder_garden,Pax,1.5,asleep,0.80752,0.557976,0.50145,0.03,0.0,True,"curled posture, low breath rhythm",9.939595,0.955442,True
3042,191,28,lichen_bridge,Rin,3.0,asleep,0.80752,0.380178,0.323652,0.03,0.0,True,"curled posture, low breath rhythm",8.596697,0.94725,True
3043,191,28,orchid_engine,Eli,4.5,asleep,0.813,0.0,0.0,0.0,0.0,True,"curled posture, low breath rhythm",10.854,0.975658,True
3044,191,28,moss_ward,Ari,6.0,awake,0.0,0.377513,0.395513,0.01,0.02,True,upright work rhythm,6.42616,0.934267,True
3045,191,28,glass_harbor,Oren,7.5,awake,0.0,0.37821,0.40221,0.01,0.02,True,upright work rhythm,7.628906,0.950775,True
3046,191,28,cinder_garden,Vale,9.0,awake,0.0,0.502082,0.520082,0.01,0.02,True,upright work rhythm,10.297234,0.981483,True
3047,191,28,lichen_bridge,Sol,10.5,awake,0.0,0.018,0.042,0.01,0.02,True,upright work rhythm,8.83122,0.973292,True
3048,191,28,orchid_engine,Bea,12.0,awake,0.0,0.376267,0.394267,0.0,0.01,True,upright work rhythm,11.365649,0.0017,True
3049,191,28,moss_ward,Fay,13.5,awake,0.0,0.377058,0.395058,0.0,0.01,True,upright work rhythm,6.775974,0.960308,True
3050,191,28,glass_harbor,Puck,15.0,awake,0.0,0.376491,0.400491,0.0,0.01,True,upright work rhythm,7.978201,0.976817,True
3051,191,28,cinder_garden,Wren,16.5,awake,0.0,0.0,0.018,0.0,0.01,True,upright work rhythm,10.44138,0.007525,True
3052,191,28,lichen_bridge,Kio,18.0,awake,0.0,0.606393,0.630393,0.02,0.03,True,upright work rhythm,9.422461,0.999333,True
3053,191,28,orchid_engine,Cai,19.5,awake,0.0,0.151754,0.169754,0.02,0.03,True,upright work rhythm,11.623599,0.027742,True
3054,191,28,moss_ward,Milo,21.0,awake,0.0,0.151362,0.169362,0.02,0.03,True,upright work rhythm,7.033439,0.98635,True
3055,191,28,glass_harbor,Sera,22.5,asleep,0.80752,0.036,0.0,0.02,0.0,True,"curled posture, low breath rhythm",8.164,0.002858,True
3056,192,28,lichen_bridge,Kio,0.0,asleep,0.80752,0.630393,0.573867,0.03,0.0,True,"curled posture, low breath rhythm",8.559285,0.020167,True
3057,192,28,orchid_engine,Cai,1.5,asleep,0.80752,0.169754,0.113228,0.03,0.0,True,"curled posture, low breath rhythm",10.760423,0.048575,True
3058,192,28,moss_ward,Milo,3.0,asleep,0.80752,0.169362,0.112836,0.03,0.0,True,"curled posture, low breath rhythm",6.170263,0.007183,True
3059,192,28,glass_harbor,Sera,4.5,asleep,0.813,0.0,0.0,0.0,0.0,True,"curled posture, low breath rhythm",7.324,0.023692,True
3060,192,28,cinder_garden,Juno,6.0,awake,0.0,0.377314,0.401314,0.01,0.02,True,upright work rhythm,10.108539,0.0544,True
3061,192,28,lichen_bridge,Luma,7.5,awake,0.0,0.378353,0.396353,0.01,0.02,True,upright work rhythm,8.836505,0.046208,True
3062,192,28,orchid_engine,Dax,9.0,awake,0.0,0.149513,0.167513,0.01,0.02,True,upright work rhythm,11.13268,0.074617,True
3063,192,28,moss_ward,Tala,10.5,awake,0.0,0.018,0.036,0.01,0.02,True,upright work rhythm,6.48876,0.033225,True
3064,192,28,glass_harbor,Nia,12.0,awake,0.0,0.096313,0.114313,0.0,0.01,True,upright work rhythm,7.720868,0.049733,True
3065,192,28,cinder_garden,Pax,13.5,awake,0.0,0.50145,0.52545,0.0,0.01,True,upright work rhythm,10.509435,0.080442,True
3066,192,28,lichen_bridge,Rin,15.0,awake,0.0,0.323652,0.341652,0.0,0.01,True,upright work rhythm,9.164077,0.07225,True
3067,192,28,orchid_engine,Eli,16.5,awake,0.0,0.0,0.018,0.0,0.01,True,upright work rhythm,11.42138,0.100658,True
3068,192,28,moss_ward,Ari,18.0,awake,0.0,0.395513,0.413513,0.02,0.03,True,upright work rhythm,6.99354,0.059267,True
3069,192,28,glass_harbor,Oren,19.5,awake,0.0,0.40221,0.42021,0.02,0.03,True,upright work rhythm,8.196286,0.075775,True
3070,192,28,cinder_garden,Vale,21.0,awake,0.0,0.520082,0.544082,0.02,0.03,True,upright work rhythm,10.867074,0.106483,True
3071,192,28,lichen_bridge,Sol,22.5,asleep,0.80752,0.042,0.0,0.02,0.0,True,"curled posture, low breath rhythm",9.374,0.098292,True
3072,193,28,moss_ward,Ari,0.0,asleep,0.80752,0.413513,0.356986,0.03,0.0,True,"curled posture, low breath rhythm",6.130364,0.0801,True
3073,193,28,glass_harbor,Oren,1.5,asleep,0.80752,0.42021,0.363684,0.03,0.0,True,"curled posture, low breath rhythm",7.33311,0.096608,True
3074,193,28,cinder_garden,Vale,3.0,asleep,0.80752,0.544082,0.487556,0.03,0.0,True,"curled posture, low breath rhythm",10.003898,0.127317,True
3075,193,28,lichen_bridge,Sol,4.5,asleep,0.813,0.0,0.0,0.0,0.0,True,"curled posture, low breath rhythm",8.534,0.119125,True
3076,193,28,orchid_engine,Bea,6.0,awake,0.0,0.394267,0.412267,0.01,0.02,True,upright work rhythm,11.093029,0.147533,True
3077,193,28,moss_ward,Fay,7.5,awake,0.0,0.395058,0.413058,0.01,0.02,True,upright work rhythm,6.503354,0.106142,True
3078,193,28,glass_harbor,Puck,9.0,awake,0.0,0.400491,0.418491,0.01,0.02,True,upright work rhythm,7.705581,0.12265,True
3079,193,28,cinder_garden,Wren,10.5,awake,0.0,0.018,0.036,0.01,0.02,True,upright work rhythm,10.16876,0.153358,True
3080,193,28,lichen_bridge,Kio,12.0,awake,0.0,0.573867,0.591867,0.0,0.01,True,upright work rhythm,9.126665,0.145167,True
3081,193,28,orchid_engine,Cai,13.5,awake,0.0,0.113228,0.131228,0.0,0.01,True,upright work rhythm,11.327803,0.173575,True
3082,193,28,moss_ward,Milo,15.0,awake,0.0,0.112836,0.130836,0.0,0.01,True,upright work rhythm,6.737643,0.132183,True
3083,193,28,glass_harbor,Sera,16.5,awake,0.0,0.0,0.018,0.0,0.01,True,upright work rhythm,7.89138,0.148692,True
3084,193,28,cinder_garden,Juno,18.0,awake,0.0,0.401314,0.419314,0.02,0.03,True,upright work rhythm,10.675919,0.1794,True
3085,193,28,lichen_bridge,Luma,19.5,awake,0.0,0.396353,0.414353,0.02,0.03,True,upright work rhythm,9.403885,0.171208,True
3086,193,28,orchid_engine,Dax,21.0,awake,0.0,0.167513,0.185513,0.02,0.03,True,upright work rhythm,11.70006,0.199617,True
3087,193,28,moss_ward,Tala,22.5,asleep,0.80752,0.036,0.0,0.02,0.0,True,"curled posture, low breath rhythm",7.034,0.158225,True
3088,194,28,cinder_garden,Juno,0.0,asleep,0.80752,0.419314,0.362788,0.03,0.0,True,"curled posture, low breath rhythm",9.812743,0.200233,True
3089,194,28,lichen_bridge,Luma,1.5,asleep,0.80752,0.414353,0.357826,0.03,0.0,True,"curled posture, low breath rhythm",8.540709,0.192042,True
3090,194,28,orchid_engine,Dax,3.0,asleep,0.80752,0.185513,0.128986,0.03,0.0,True,"curled posture, low breath rhythm",10.836884,0.22045,True
3091,194,28,moss_ward,Tala,4.5,asleep,0.813,0.0,0.0,0.0,0.0,True,"curled posture, low breath rhythm",6.194,0.179058,True
3092,194,28,glass_harbor,Nia,6.0,awake,0.0,0.114313,0.132313,0.01,0.02,True,upright work rhythm,7.448248,0.195567,True
3093,194,28,cinder_garden,Pax,7.5,awake,0.0,0.52545,0.54945,0.01,0.02,True,upright work rhythm,10.239275,0.226275,True
3094,194,28,lichen_bridge,Rin,9.0,awake,0.0,0.341652,0.359652,0.01,0.02,True,upright work rhythm,8.891457,0.218083,True
3095,194,28,orchid_engine,Eli,10.5,awake,0.0,0.018,0.042,0.01,0.02,True,upright work rhythm,11.15122,0.246492,True
3096,194,28,moss_ward,Ari,12.0,awake,0.0,0.356986,0.380986,0.0,0.01,True,upright work rhythm,6.700204,0.2051,True
3097,194,28,glass_harbor,Oren,13.5,awake,0.0,0.363684,0.381684,0.0,0.01,True,upright work rhythm,7.90049,0.221608,True
3098,194,28,cinder_garden,Vale,15.0,awake,0.0,0.487556,0.511556,0.0,0.01,True,upright work rhythm,10.573738,0.252317,True
3099,194,28,lichen_bridge,Sol,16.5,awake,0.0,0.0,0.018,0.0,0.01,True,upright work rhythm,9.10138,0.244125,True
3100,194,28,orchid_engine,Bea,18.0,awake,0.0,0.412267,0.436267,0.02,0.03,True,upright work rhythm,11.662869,0.272533,True
3101,194,28,moss_ward,Fay,19.5,awake,0.0,0.413058,0.437058,0.02,0.03,True,upright work rhythm,7.073194,0.231142,True
3102,194,28,glass_harbor,Puck,21.0,awake,0.0,0.418491,0.436491,0.02,0.03,True,upright work rhythm,8.272961,0.24765,True
3103,194,28,cinder_garden,Wren,22.5,asleep,0.80752,0.036,0.0,0.02,0.0,True,"curled posture, low breath rhythm",10.714,0.278358,True
3104,195,28,orchid_engine,Bea,0.0,asleep,0.80752,0.436267,0.37974,0.03,0.0,True,"curled posture, low breath rhythm",10.799694,0.293367,True
3105,195,28,moss_ward,Fay,1.5,asleep,0.80752,0.437058,0.380531,0.03,0.0,True,"curled posture, low breath rhythm",6.210018,0.251975,True
3106,195,28,glass_harbor,Puck,3.0,asleep,0.80752,0.436491,0.379964,0.03,0.0,True,"curled posture, low breath rhythm",7.409785,0.268483,True
3107,195,28,cinder_garden,Wren,4.5,asleep,0.813,0.0,0.0,0.0,0.0,True,"curled posture, low breath rhythm",9.874,0.299192,True
3108,195,28,lichen_bridge,Kio,6.0,awake,0.0,0.591867,0.615867,0.01,0.02,True,upright work rhythm,8.856505,0.291,True
3109,195,28,orchid_engine,Cai,7.5,awake,0.0,0.131228,0.149228,0.01,0.02,True,upright work rhythm,11.055183,0.319408,True
3110,195,28,moss_ward,Milo,9.0,awake,0.0,0.130836,0.148836,0.01,0.02,True,upright work rhythm,6.465023,0.278017,True
3111,195,28,glass_harbor,Sera,10.5,awake,0.0,0.018,0.036,0.01,0.02,True,upright work rhythm,7.61876,0.294525,True
3112,195,28,cinder_garden,Juno,12.0,awake,0.0,0.362788,0.380788,0.0,0.01,True,upright work rhythm,10.380123,0.325233,True
3113,195,28,lichen_bridge,Luma,13.5,awake,0.0,0.357826,0.381826,0.0,0.01,True,upright work rhythm,9.110549,0.317042,True
3114,195,28,orchid_engine,Dax,15.0,awake,0.0,0.128986,0.146986,0.0,0.01,True,upright work rhythm,11.404264,0.34545,True
3115,195,28,moss_ward,Tala,16.5,awake,0.0,0.0,0.018,0.0,0.01,True,upright work rhythm,6.76138,0.304058,True
3116,195,28,glass_harbor,Nia,18.0,awake,0.0,0.132313,0.150313,0.02,0.03,True,upright work rhythm,8.015628,0.320567,True
3117,195,28,cinder_garden,Pax,19.5,awake,0.0,0.54945,0.56745,0.02,0.03,True,upright work rhythm,10.806655,0.351275,True
3118,195,28,lichen_bridge,Rin,21.0,awake,0.0,0.359652,0.383652,0.02,0.03,True,upright work rhythm,9.461297,0.343083,True
3119,195,28,orchid_engine,Eli,22.5,asleep,0.80752,0.042,0.0,0.02,0.0,True,"curled posture, low breath rhythm",11.694,0.371492,True
3120,196,28,glass_harbor,Nia,0.0,asleep,0.80752,0.150313,0.093786,0.03,0.0,True,"curled posture, low breath rhythm",7.152452,0.3414,True
3121,196,28,cinder_garden,Pax,1.5,asleep,0.80752,0.56745,0.510924,0.03,0.0,True,"curled posture, low breath rhythm",9.943479,0.372108,True
3122,196,28,lichen_bridge,Rin,3.0,asleep,0.80752,0.383652,0.327126,0.03,0.0,True,"curled posture, low breath rhythm",8.598121,0.363917,True
3123,196,28,orchid_engine,Eli,4.5,asleep,0.813,0.0,0.0,0.0,0.0,True,"curled posture, low breath rhythm",10.854,0.392325,True
3124,196,28,moss_ward,Ari,6.0,awake,0.0,0.380986,0.398986,0.01,0.02,True,upright work rhythm,6.427584,0.350933,True
3125,196,28,glass_harbor,Oren,7.5,awake,0.0,0.381684,0.405684,0.01,0.02,True,upright work rhythm,7.63033,0.367442,True
3126,196,28,cinder_garden,Vale,9.0,awake,0.0,0.511556,0.529556,0.01,0.02,True,upright work rhythm,10.301118,0.39815,True
3127,196,28,lichen_bridge,Sol,10.5,awake,0.0,0.018,0.042,0.01,0.02,True,upright work rhythm,8.83122,0.389958,True
3128,196,28,orchid_engine,Bea,12.0,awake,0.0,0.37974,0.39774,0.0,0.01,True,upright work rhythm,11.367074,0.418367,True
3129,196,28,moss_ward,Fay,13.5,awake,0.0,0.380531,0.398531,0.0,0.01,True,upright work rhythm,6.777398,0.376975,True
3130,196,28,glass_harbor,Puck,15.0,awake,0.0,0.379964,0.403964,0.0,0.01,True,upright work rhythm,7.979625,0.393483,True
3131,196,28,cinder_garden,Wren,16.5,awake,0.0,0.0,0.018,0.0,0.01,True,upright work rhythm,10.44138,0.424192,True
3132,196,28,lichen_bridge,Kio,18.0,awake,0.0,0.615867,0.639867,0.02,0.03,True,upright work rhythm,9.426345,0.416,True
3133,196,28,orchid_engine,Cai,19.5,awake,0.0,0.149228,0.167228,0.02,0.03,True,upright work rhythm,11.622563,0.444408,True
3134,196,28,moss_ward,Milo,21.0,awake,0.0,0.148836,0.166836,0.02,0.03,True,upright work rhythm,7.032403,0.403017,True
3135,196,28,glass_harbor,Sera,22.5,asleep,0.80752,0.036,0.0,0.02,0.0,True,"curled posture, low breath rhythm",8.164,0.419525,True
3136,197,29,lichen_bridge,Kio,0.0,asleep,0.80752,0.639867,0.583341,0.03,0.0,True,"curled posture, low breath rhythm",8.57617,0.437833,True
3137,197,29,orchid_engine,Cai,1.5,asleep,0.80752,0.167228,0.110701,0.03,0.0,True,"curled posture, low breath rhythm",10.772388,0.466242,True
3138,197,29,moss_ward,Milo,3.0,asleep,0.80752,0.166836,0.110309,0.03,0.0,True,"curled posture, low breath rhythm",6.182227,0.42485,True
3139,197,29,glass_harbor,Sera,4.5,asleep,0.813,0.0,0.0,0.0,0.0,True,"curled posture, low breath rhythm",7.337,0.441358,True
3140,197,29,cinder_garden,Juno,6.0,awake,0.0,0.380788,0.404788,0.01,0.02,True,upright work rhythm,10.122963,0.472067,True
3141,197,29,lichen_bridge,Luma,7.5,awake,0.0,0.381826,0.399826,0.01,0.02,True,upright work rhythm,8.850929,0.463875,True
3142,197,29,orchid_engine,Dax,9.0,awake,0.0,0.146986,0.164986,0.01,0.02,True,upright work rhythm,11.144644,0.492283,True
3143,197,29,moss_ward,Tala,10.5,awake,0.0,0.018,0.036,0.01,0.02,True,upright work rhythm,6.50176,0.450892,True
3144,197,29,glass_harbor,Nia,12.0,awake,0.0,0.093786,0.111786,0.0,0.01,True,upright work rhythm,7.732832,0.4674,True
3145,197,29,cinder_garden,Pax,13.5,awake,0.0,0.510924,0.534924,0.0,0.01,True,upright work rhythm,10.526319,0.498108,True
3146,197,29,lichen_bridge,Rin,15.0,awake,0.0,0.327126,0.345126,0.0,0.01,True,upright work rhythm,9.178501,0.489917,True
3147,197,29,orchid_engine,Eli,16.5,awake,0.0,0.0,0.018,0.0,0.01,True,upright work rhythm,11.43438,0.518325,True
3148,197,29,moss_ward,Ari,18.0,awake,0.0,0.398986,0.416986,0.02,0.03,True,upright work rhythm,7.007964,0.476933,True
3149,197,29,glass_harbor,Oren,19.5,awake,0.0,0.405684,0.423684,0.02,0.03,True,upright work rhythm,8.21071,0.493442,True
3150,197,29,cinder_garden,Vale,21.0,awake,0.0,0.529556,0.553556,0.02,0.03,True,upright work rhythm,10.883958,0.52415,True
3151,197,29,lichen_bridge,Sol,22.5,asleep,0.80752,0.042,0.0,0.02,0.0,True,"curled posture, low breath rhythm",9.387,0.515958,True
3152,198,29,moss_ward,Ari,0.0,asleep,0.80752,0.416986,0.36046,0.03,0.0,True,"curled posture, low breath rhythm",6.144789,0.497767,True
3153,198,29,glass_harbor,Oren,1.5,asleep,0.80752,0.423684,0.367157,0.03,0.0,True,"curled posture, low breath rhythm",7.347534,0.514275,True
3154,198,29,cinder_garden,Vale,3.0,asleep,0.80752,0.553556,0.497029,0.03,0.0,True,"curled posture, low breath rhythm",10.020782,0.544983,True
3155,198,29,lichen_bridge,Sol,4.5,asleep,0.813,0.0,0.0,0.0,0.0,True,"curled posture, low breath rhythm",8.547,0.536792,True
3156,198,29,orchid_engine,Bea,6.0,awake,0.0,0.39774,0.41574,0.01,0.02,True,upright work rhythm,11.107454,0.5652,True
3157,198,29,moss_ward,Fay,7.5,awake,0.0,0.398531,0.416531,0.01,0.02,True,upright work rhythm,6.517778,0.523808,True
3158,198,29,glass_harbor,Puck,9.0,awake,0.0,0.403964,0.421964,0.01,0.02,True,upright work rhythm,7.720005,0.540317,True
3159,198,29,cinder_garden,Wren,10.5,awake,0.0,0.018,0.036,0.01,0.02,True,upright work rhythm,10.18176,0.571025,True
3160,198,29,lichen_bridge,Kio,12.0,awake,0.0,0.583341,0.601341,0.0,0.01,True,upright work rhythm,9.14355,0.562833,True
3161,198,29,orchid_engine,Cai,13.5,awake,0.0,0.110701,0.128701,0.0,0.01,True,upright work rhythm,11.339768,0.591242,True
3162,198,29,moss_ward,Milo,15.0,awake,0.0,0.110309,0.128309,0.0,0.01,True,upright work rhythm,6.749607,0.54985,True
3163,198,29,glass_harbor,Sera,16.5,awake,0.0,0.0,0.018,0.0,0.01,True,upright work rhythm,7.90438,0.566358,True
3164,198,29,cinder_garden,Juno,18.0,awake,0.0,0.404788,0.422788,0.02,0.03,True,upright work rhythm,10.690343,0.597067,True
3165,198,29,lichen_bridge,Luma,19.5,awake,0.0,0.399826,0.417826,0.02,0.03,True,upright work rhythm,9.418309,0.588875,True
3166,198,29,orchid_engine,Dax,21.0,awake,0.0,0.164986,0.182986,0.02,0.03,True,upright work rhythm,11.712024,0.617283,True
3167,198,29,moss_ward,Tala,22.5,asleep,0.80752,0.036,0.0,0.02,0.0,True,"curled posture, low breath rhythm",7.047,0.575892,True
3168,199,29,cinder_garden,Juno,0.0,asleep,0.80752,0.422788,0.366261,0.03,0.0,True,"curled posture, low breath rhythm",9.827167,0.6179,True
3169,199,29,lichen_bridge,Luma,1.5,asleep,0.80752,0.417826,0.3613,0.03,0.0,True,"curled posture, low breath rhythm",8.555133,0.609708,True
3170,199,29,orchid_engine,Dax,3.0,asleep,0.80752,0.182986,0.12646,0.03,0.0,True,"curled posture, low breath rhythm",10.848849,0.638117,True
3171,199,29,moss_ward,Tala,4.5,asleep,0.813,0.0,0.0,0.0,0.0,True,"curled posture, low breath rhythm",6.207,0.596725,True
3172,199,29,glass_harbor,Nia,6.0,awake,0.0,0.111786,0.129786,0.01,0.02,True,upright work rhythm,7.460212,0.613233,True
3173,199,29,cinder_garden,Pax,7.5,awake,0.0,0.534924,0.558924,0.01,0.02,True,upright work rhythm,10.256159,0.643942,True
3174,199,29,lichen_bridge,Rin,9.0,awake,0.0,0.345126,0.363126,0.01,0.02,True,upright work rhythm,8.905881,0.63575,True
3175,199,29,orchid_engine,Eli,10.5,awake,0.0,0.018,0.042,0.01,0.02,True,upright work rhythm,11.16422,0.664158,True
3176,199,29,moss_ward,Ari,12.0,awake,0.0,0.36046,0.38446,0.0,0.01,True,upright work rhythm,6.714629,0.622767,True
3177,199,29,glass_harbor,Oren,13.5,awake,0.0,0.367157,0.385157,0.0,0.01,True,upright work rhythm,7.914914,0.639275,True
3178,199,29,cinder_garden,Vale,15.0,awake,0.0,0.497029,0.521029,0.0,0.01,True,upright work rhythm,10.590622,0.669983,True
3179,199,29,lichen_bridge,Sol,16.5,awake,0.0,0.0,0.018,0.0,0.01,True,upright work rhythm,9.11438,0.661792,True
3180,199,29,orchid_engine,Bea,18.0,awake,0.0,0.41574,0.43974,0.02,0.03,True,upright work rhythm,11.677294,0.6902,True
3181,199,29,moss_ward,Fay,19.5,awake,0.0,0.416531,0.440531,0.02,0.03,True,upright work rhythm,7.087618,0.648808,True
3182,199,29,glass_harbor,Puck,21.0,awake,0.0,0.421964,0.439964,0.02,0.03,True,upright work rhythm,8.287385,0.665317,True
3183,199,29,cinder_garden,Wren,22.5,asleep,0.80752,0.036,0.0,0.02,0.0,True,"curled posture, low breath rhythm",10.727,0.696025,True
3184,200,29,orchid_engine,Bea,0.0,asleep,0.80752,0.43974,0.383214,0.03,0.0,True,"curled posture, low breath rhythm",10.814118,0.711033,True
3185,200,29,moss_ward,Fay,1.5,asleep,0.80752,0.440531,0.384005,0.03,0.0,True,"curled posture, low breath rhythm",6.224442,0.669642,True
3186,200,29,glass_harbor,Puck,3.0,asleep,0.80752,0.439964,0.383438,0.03,0.0,True,"curled posture, low breath rhythm",7.42421,0.68615,True
3187,200,29,cinder_garden,Wren,4.5,asleep,0.813,0.0,0.0,0.0,0.0,True,"curled posture, low breath rhythm",9.887,0.716858,True
3188,200,29,lichen_bridge,Kio,6.0,awake,0.0,0.601341,0.625341,0.01,0.02,True,upright work rhythm,8.87339,0.708667,True
3189,200,29,orchid_engine,Cai,7.5,awake,0.0,0.128701,0.146701,0.01,0.02,True,upright work rhythm,11.067148,0.737075,True
3190,200,29,moss_ward,Milo,9.0,awake,0.0,0.128309,0.146309,0.01,0.02,True,upright work rhythm,6.476987,0.695683,True
3191,200,29,glass_harbor,Sera,10.5,awake,0.0,0.018,0.036,0.01,0.02,True,upright work rhythm,7.63176,0.712192,True
3192,200,29,cinder_garden,Juno,12.0,awake,0.0,0.366261,0.384261,0.0,0.01,True,upright work rhythm,10.394547,0.7429,True
3193,200,29,lichen_bridge,Luma,13.5,awake,0.0,0.3613,0.3853,0.0,0.01,True,upright work rhythm,9.124973,0.734708,True
3194,200,29,orchid_engine,Dax,15.0,awake,0.0,0.12646,0.14446,0.0,0.01,True,upright work rhythm,11.416229,0.763117,True
3195,200,29,moss_ward,Tala,16.5,awake,0.0,0.0,0.018,0.0,0.01,True,upright work rhythm,6.77438,0.721725,True
3196,200,29,glass_harbor,Nia,18.0,awake,0.0,0.129786,0.147786,0.02,0.03,True,upright work rhythm,8.027592,0.738233,True
3197,200,29,cinder_garden,Pax,19.5,awake,0.0,0.558924,0.576924,0.02,0.03,True,upright work rhythm,10.823539,0.768942,True
3198,200,29,lichen_bridge,Rin,21.0,awake,0.0,0.363126,0.387126,0.02,0.03,True,upright work rhythm,9.475721,0.76075,True
3199,200,29,orchid_engine,Eli,22.5,asleep,0.80752,0.042,0.0,0.02,0.0,True,"curled posture, low breath rhythm",11.707,0.789158,True
3200,201,29,glass_harbor,Nia,0.0,asleep,0.80752,0.147786,0.09126,0.03,0.0,True,"curled posture, low breath rhythm",7.164417,0.759067,True
3201,201,29,cinder_garden,Pax,1.5,asleep,0.80752,0.576924,0.520397,0.03,0.0,True,"curled posture, low breath rhythm",9.960363,0.789775,True
3202,201,29,lichen_bridge,Rin,3.0,asleep,0.80752,0.387126,0.330599,0.03,0.0,True,"curled posture, low breath rhythm",8.612546,0.781583,True
3203,201,29,orchid_engine,Eli,4.5,asleep,0.813,0.0,0.0,0.0,0.0,True,"curled posture, low breath rhythm",10.867,0.809992,True
3204,201,29,moss_ward,Ari,6.0,awake,0.0,0.38446,0.40246,0.01,0.02,True,upright work rhythm,6.442009,0.7686,True
3205,201,29,glass_harbor,Oren,7.5,awake,0.0,0.385157,0.409157,0.01,0.02,True,upright work rhythm,7.644754,0.785108,True
3206,201,29,cinder_garden,Vale,9.0,awake,0.0,0.521029,0.539029,0.01,0.02,True,upright work rhythm,10.318002,0.815817,True
3207,201,29,lichen_bridge,Sol,10.5,awake,0.0,0.018,0.042,0.01,0.02,True,upright work rhythm,8.84422,0.807625,True
3208,201,29,orchid_engine,Bea,12.0,awake,0.0,0.383214,0.401214,0.0,0.01,True,upright work rhythm,11.381498,0.836033,True
3209,201,29,moss_ward,Fay,13.5,awake,0.0,0.384005,0.402005,0.0,0.01,True,upright work rhythm,6.791822,0.794642,True
3210,201,29,glass_harbor,Puck,15.0,awake,0.0,0.383438,0.407438,0.0,0.01,True,upright work rhythm,7.99405,0.81115,True
3211,201,29,cinder_garden,Wren,16.5,awake,0.0,0.0,0.018,0.0,0.01,True,upright work rhythm,10.45438,0.841858,True
3212,201,29,lichen_bridge,Kio,18.0,awake,0.0,0.625341,0.649341,0.02,0.03,True,upright work rhythm,9.44323,0.833667,True
3213,201,29,orchid_engine,Cai,19.5,awake,0.0,0.146701,0.164701,0.02,0.03,True,upright work rhythm,11.634528,0.862075,True
3214,201,29,moss_ward,Milo,21.0,awake,0.0,0.146309,0.164309,0.02,0.03,True,upright work rhythm,7.044367,0.820683,True
3215,201,29,glass_harbor,Sera,22.5,asleep,0.80752,0.036,0.0,0.02,0.0,True,"curled posture, low breath rhythm",8.177,0.837192,True
3216,202,29,lichen_bridge,Kio,0.0,asleep,0.80752,0.649341,0.592814,0.03,0.0,True,"curled posture, low breath rhythm",8.580054,0.8545,True
3217,202,29,orchid_engine,Cai,1.5,asleep,0.80752,0.164701,0.108175,0.03,0.0,True,"curled posture, low breath rhythm",10.771352,0.882908,True
3218,202,29,moss_ward,Milo,3.0,asleep,0.80752,0.164309,0.107783,0.03,0.0,True,"curled posture, low breath rhythm",6.181191,0.841517,True
3219,202,29,glass_harbor,Sera,4.5,asleep,0.813,0.0,0.0,0.0,0.0,True,"curled posture, low breath rhythm",7.337,0.858025,True
3220,202,29,cinder_garden,Juno,6.0,awake,0.0,0.384261,0.408261,0.01,0.02,True,upright work rhythm,10.124387,0.888733,True
3221,202,29,lichen_bridge,Luma,7.5,awake,0.0,0.3853,0.4033,0.01,0.02,True,upright work rhythm,8.852353,0.880542,True
3222,202,29,orchid_engine,Dax,9.0,awake,0.0,0.14446,0.16246,0.01,0.02,True,upright work rhythm,11.143609,0.90895,True
3223,202,29,moss_ward,Tala,10.5,awake,0.0,0.018,0.036,0.01,0.02,True,upright work rhythm,6.50176,0.867558,True
3224,202,29,glass_harbor,Nia,12.0,awake,0.0,0.09126,0.10926,0.0,0.01,True,upright work rhythm,7.731797,0.884067,True
3225,202,29,cinder_garden,Pax,13.5,nap,0.6904,0.520397,0.492781,0.0,0.0,True,steps aside for short rest,10.50904,0.914775,True
3226,202,29,lichen_bridge,Rin,15.0,awake,0.0,0.330599,0.348599,0.0,0.01,True,upright work rhythm,9.179926,0.906583,True
3227,202,29,orchid_engine,Eli,16.5,awake,0.0,0.0,0.018,0.0,0.01,True,upright work rhythm,11.43438,0.934992,True
3228,202,29,moss_ward,Ari,18.0,awake,0.0,0.40246,0.42046,0.02,0.03,True,upright work rhythm,7.009389,0.8936,True
3229,202,29,glass_harbor,Oren,19.5,awake,0.0,0.409157,0.427157,0.02,0.03,True,upright work rhythm,8.212134,0.910108,True
3230,202,29,cinder_garden,Vale,21.0,awake,0.0,0.539029,0.563029,0.02,0.03,True,upright work rhythm,10.887842,0.940817,True
3231,202,29,lichen_bridge,Sol,22.5,asleep,0.80752,0.042,0.0,0.02,0.0,True,"curled posture, low breath rhythm",9.387,0.932625,True
3232,203,29,moss_ward,Ari,0.0,asleep,0.80752,0.42046,0.363934,0.03,0.0,True,"curled posture, low breath rhythm",6.146213,0.914433,True
3233,203,29,glass_harbor,Oren,1.5,asleep,0.80752,0.427157,0.370631,0.03,0.0,True,"curled posture, low breath rhythm",7.348959,0.930942,True
3234,203,29,cinder_garden,Vale,3.0,asleep,0.80752,0.563029,0.506503,0.03,0.0,True,"curled posture, low breath rhythm",10.024666,0.96165,True
3235,203,29,lichen_bridge,Sol,4.5,asleep,0.813,0.0,0.0,0.0,0.0,True,"curled posture, low breath rhythm",8.547,0.953458,True
3236,203,29,orchid_engine,Bea,6.0,awake,0.0,0.401214,0.419214,0.01,0.02,True,upright work rhythm,11.108878,0.981867,True
3237,203,29,moss_ward,Fay,7.5,awake,0.0,0.402005,0.420005,0.01,0.02,True,upright work rhythm,6.519202,0.940475,True
3238,203,29,glass_harbor,Puck,9.0,awake,0.0,0.407438,0.425438,0.01,0.02,True,upright work rhythm,7.72143,0.956983,True
3239,203,29,cinder_garden,Wren,10.5,awake,0.0,0.018,0.036,0.01,0.02,True,upright work rhythm,10.18176,0.987692,True
3240,203,29,lichen_bridge,Kio,12.0,awake,0.0,0.592814,0.610814,0.0,0.01,True,upright work rhythm,9.147434,0.9795,True
3241,203,29,orchid_engine,Cai,13.5,awake,0.0,0.108175,0.126175,0.0,0.01,True,upright work rhythm,11.338732,0.007908,True
3242,203,29,moss_ward,Milo,15.0,awake,0.0,0.107783,0.125783,0.0,0.01,True,upright work rhythm,6.748571,0.966517,True
3243,203,29,glass_harbor,Sera,16.5,awake,0.0,0.0,0.018,0.0,0.01,True,upright work rhythm,7.90438,0.983025,True
3244,203,29,cinder_garden,Juno,18.0,awake,0.0,0.408261,0.426261,0.02,0.03,True,upright work rhythm,10.691767,0.013733,True
3245,203,29,lichen_bridge,Luma,19.5,awake,0.0,0.4033,0.4213,0.02,0.03,True,upright work rhythm,9.419733,0.005542,True
3246,203,29,orchid_engine,Dax,21.0,awake,0.0,0.16246,0.18046,0.02,0.03,True,upright work rhythm,11.710989,0.03395,True
3247,203,29,moss_ward,Tala,22.5,asleep,0.80752,0.036,0.0,0.02,0.0,True,"curled posture, low breath rhythm",7.047,0.992558,True
3248,204,30,cinder_garden,Juno,0.0,asleep,0.80752,0.426261,0.369735,0.03,0.0,True,"curled posture, low breath rhythm",9.841591,0.035567,True
3249,204,30,lichen_bridge,Luma,1.5,asleep,0.80752,0.4213,0.364774,0.03,0.0,True,"curled posture, low breath rhythm",8.569557,0.027375,True
3250,204,30,orchid_engine,Dax,3.0,asleep,0.80752,0.18046,0.123934,0.03,0.0,True,"curled posture, low breath rhythm",10.860813,0.055783,True
3251,204,30,moss_ward,Tala,4.5,asleep,0.813,0.0,0.0,0.0,0.0,True,"curled posture, low breath rhythm",6.22,0.014392,True
3252,204,30,glass_harbor,Nia,6.0,awake,0.0,0.10926,0.12726,0.01,0.02,True,upright work rhythm,7.472177,0.0309,True
3253,204,30,cinder_garden,Pax,7.5,awake,0.0,0.492781,0.516781,0.0,0.01,True,upright work rhythm,10.25188,0.061608,True
3254,204,30,lichen_bridge,Rin,9.0,awake,0.0,0.348599,0.366599,0.01,0.02,True,upright work rhythm,8.920306,0.053417,True
3255,204,30,orchid_engine,Eli,10.5,awake,0.0,0.018,0.042,0.01,0.02,True,upright work rhythm,11.17722,0.081825,True
3256,204,30,moss_ward,Ari,12.0,awake,0.0,0.363934,0.387934,0.0,0.01,True,upright work rhythm,6.729053,0.040433,True
3257,204,30,glass_harbor,Oren,13.5,awake,0.0,0.370631,0.388631,0.0,0.01,True,upright work rhythm,7.929339,0.056942,True
3258,204,30,cinder_garden,Vale,15.0,awake,0.0,0.506503,0.530503,0.0,0.01,True,upright work rhythm,10.607506,0.08765,True
3259,204,30,lichen_bridge,Sol,16.5,awake,0.0,0.0,0.018,0.0,0.01,True,upright work rhythm,9.12738,0.079458,True
3260,204,30,orchid_engine,Bea,18.0,awake,0.0,0.419214,0.443214,0.02,0.03,True,upright work rhythm,11.691718,0.107867,True
3261,204,30,moss_ward,Fay,19.5,awake,0.0,0.420005,0.444005,0.02,0.03,True,upright work rhythm,7.102042,0.066475,True
3262,204,30,glass_harbor,Puck,21.0,awake,0.0,0.425438,0.443438,0.02,0.03,True,upright work rhythm,8.30181,0.082983,True
3263,204,30,cinder_garden,Wren,22.5,asleep,0.80752,0.036,0.0,0.02,0.0,True,"curled posture, low breath rhythm",10.74,0.113692,True
3264,205,30,orchid_engine,Bea,0.0,asleep,0.80752,0.443214,0.386688,0.03,0.0,True,"curled posture, low breath rhythm",10.828542,0.1287,True
3265,205,30,moss_ward,Fay,1.5,asleep,0.80752,0.444005,0.387479,0.03,0.0,True,"curled posture, low breath rhythm",6.238866,0.087308,True
3266,205,30,glass_harbor,Puck,3.0,asleep,0.80752,0.443438,0.386912,0.03,0.0,True,"curled posture, low breath rhythm",7.438634,0.103817,True
3267,205,30,cinder_garden,Wren,4.5,asleep,0.813,0.0,0.0,0.0,0.0,True,"curled posture, low breath rhythm",9.9,0.134525,True
3268,205,30,lichen_bridge,Kio,6.0,awake,0.0,0.610814,0.634814,0.01,0.02,True,upright work rhythm,8.890274,0.126333,True
3269,205,30,orchid_engine,Cai,7.5,awake,0.0,0.126175,0.144175,0.01,0.02,True,upright work rhythm,11.079112,0.154742,True
3270,205,30,moss_ward,Milo,9.0,awake,0.0,0.125783,0.143783,0.01,0.02,True,upright work rhythm,6.488951,0.11335,True
3271,205,30,glass_harbor,Sera,10.5,awake,0.0,0.018,0.036,0.01,0.02,True,upright work rhythm,7.64476,0.129858,True
3272,205,30,cinder_garden,Juno,12.0,awake,0.0,0.369735,0.387735,0.0,0.01,True,upright work rhythm,10.408971,0.160567,True
3273,205,30,lichen_bridge,Luma,13.5,awake,0.0,0.364774,0.388774,0.0,0.01,True,upright work rhythm,9.139397,0.152375,True
3274,205,30,orchid_engine,Dax,15.0,awake,0.0,0.123934,0.141934,0.0,0.01,True,upright work rhythm,11.428193,0.180783,True
3275,205,30,moss_ward,Tala,16.5,awake,0.0,0.0,0.018,0.0,0.01,True,upright work rhythm,6.78738,0.139392,True
3276,205,30,glass_harbor,Nia,18.0,awake,0.0,0.12726,0.14526,0.02,0.03,True,upright work rhythm,8.039557,0.1559,True
3277,205,30,cinder_garden,Pax,19.5,awake,0.0,0.516781,0.534781,0.01,0.02,True,upright work rhythm,10.81926,0.186608,True
3278,205,30,lichen_bridge,Rin,21.0,awake,0.0,0.366599,0.390599,0.02,0.03,True,upright work rhythm,9.490146,0.178417,True
3279,205,30,orchid_engine,Eli,22.5,asleep,0.80752,0.042,0.0,0.02,0.0,True,"curled posture, low breath rhythm",11.72,0.206825,True
3280,206,30,glass_harbor,Nia,0.0,asleep,0.80752,0.14526,0.088734,0.03,0.0,True,"curled posture, low breath rhythm",7.176381,0.176733,True
3281,206,30,cinder_garden,Pax,1.5,asleep,0.80752,0.534781,0.478255,0.02,0.0,True,"curled posture, low breath rhythm",9.956084,0.207442,True
3282,206,30,lichen_bridge,Rin,3.0,asleep,0.80752,0.390599,0.334073,0.03,0.0,True,"curled posture, low breath rhythm",8.62697,0.19925,True
3283,206,30,orchid_engine,Eli,4.5,asleep,0.813,0.0,0.0,0.0,0.0,True,"curled posture, low breath rhythm",10.88,0.227658,True
3284,206,30,moss_ward,Ari,6.0,awake,0.0,0.387934,0.405934,0.01,0.02,True,upright work rhythm,6.456433,0.186267,True
3285,206,30,glass_harbor,Oren,7.5,awake,0.0,0.388631,0.412631,0.01,0.02,True,upright work rhythm,7.659179,0.202775,True
3286,206,30,cinder_garden,Vale,9.0,awake,0.0,0.530503,0.548503,0.01,0.02,True,upright work rhythm,10.334886,0.233483,True
3287,206,30,lichen_bridge,Sol,10.5,awake,0.0,0.018,0.042,0.01,0.02,True,upright work rhythm,8.85722,0.225292,True
3288,206,30,orchid_engine,Bea,12.0,awake,0.0,0.386688,0.404688,0.0,0.01,True,upright work rhythm,11.395922,0.2537,True
3289,206,30,moss_ward,Fay,13.5,awake,0.0,0.387479,0.405479,0.0,0.01,True,upright work rhythm,6.806246,0.212308,True
3290,206,30,glass_harbor,Puck,15.0,awake,0.0,0.386912,0.410912,0.0,0.01,True,upright work rhythm,8.008474,0.228817,True
3291,206,30,cinder_garden,Wren,16.5,awake,0.0,0.0,0.018,0.0,0.01,True,upright work rhythm,10.46738,0.259525,True
3292,206,30,lichen_bridge,Kio,18.0,awake,0.0,0.634814,0.658814,0.02,0.03,True,upright work rhythm,9.460114,0.251333,True
3293,206,30,orchid_engine,Cai,19.5,awake,0.0,0.144175,0.162175,0.02,0.03,True,upright work rhythm,11.646492,0.279742,True
3294,206,30,moss_ward,Milo,21.0,awake,0.0,0.143783,0.161783,0.02,0.03,True,upright work rhythm,7.056331,0.23835,True
3295,206,30,glass_harbor,Sera,22.5,asleep,0.80752,0.036,0.0,0.02,0.0,True,"curled posture, low breath rhythm",8.19,0.254858,True
3296,207,30,lichen_bridge,Kio,0.0,asleep,0.80752,0.658814,0.602288,0.03,0.0,True,"curled posture, low breath rhythm",8.596938,0.272167,True
3297,207,30,orchid_engine,Cai,1.5,asleep,0.80752,0.162175,0.105649,0.03,0.0,True,"curled posture, low breath rhythm",10.783316,0.300575,True
3298,207,30,moss_ward,Milo,3.0,asleep,0.80752,0.161783,0.105257,0.03,0.0,True,"curled posture, low breath rhythm",6.193155,0.259183,True
3299,207,30,glass_harbor,Sera,4.5,asleep,0.813,0.0,0.0,0.0,0.0,True,"curled posture, low breath rhythm",7.35,0.275692,True
3300,207,30,cinder_garden,Juno,6.0,awake,0.0,0.387735,0.411735,0.01,0.02,True,upright work rhythm,10.138811,0.3064,True
3301,207,30,lichen_bridge,Luma,7.5,awake,0.0,0.388774,0.406774,0.01,0.02,True,upright work rhythm,8.866777,0.298208,True
3302,207,30,orchid_engine,Dax,9.0,awake,0.0,0.141934,0.159934,0.01,0.02,True,upright work rhythm,11.155573,0.326617,True
3303,207,30,moss_ward,Tala,10.5,awake,0.0,0.018,0.036,0.01,0.02,True,upright work rhythm,6.51476,0.285225,True
3304,207,30,glass_harbor,Nia,12.0,awake,0.0,0.088734,0.106734,0.0,0.01,True,upright work rhythm,7.743761,0.301733,True
3305,207,30,cinder_garden,Pax,13.5,awake,0.0,0.478255,0.502255,0.0,0.01,True,upright work rhythm,10.525924,0.332442,True
3306,207,30,lichen_bridge,Rin,15.0,awake,0.0,0.334073,0.352073,0.0,0.01,True,upright work rhythm,9.19435,0.32425,True
3307,207,30,orchid_engine,Eli,16.5,awake,0.0,0.0,0.018,0.0,0.01,True,upright work rhythm,11.44738,0.352658,True
3308,207,30,moss_ward,Ari,18.0,awake,0.0,0.405934,0.423934,0.02,0.03,True,upright work rhythm,7.023813,0.311267,True
3309,207,30,glass_harbor,Oren,19.5,awake,0.0,0.412631,0.430631,0.02,0.03,True,upright work rhythm,8.226559,0.327775,True
3310,207,30,cinder_garden,Vale,21.0,awake,0.0,0.548503,0.572503,0.02,0.03,True,upright work rhythm,10.904726,0.358483,True
3311,207,30,lichen_bridge,Sol,22.5,asleep,0.80752,0.042,0.0,0.02,0.0,True,"curled posture, low breath rhythm",9.4,0.350292,True
3312,208,30,moss_ward,Ari,0.0,asleep,0.80752,0.423934,0.367407,0.03,0.0,True,"curled posture, low breath rhythm",6.160637,0.3321,True
3313,208,30,glass_harbor,Oren,1.5,asleep,0.80752,0.430631,0.374104,0.03,0.0,True,"curled posture, low breath rhythm",7.363383,0.348608,True
3314,208,30,cinder_garden,Vale,3.0,asleep,0.80752,0.572503,0.515976,0.03,0.0,True,"curled posture, low breath rhythm",10.04155,0.379317,True
3315,208,30,lichen_bridge,Sol,4.5,asleep,0.813,0.0,0.0,0.0,0.0,True,"curled posture, low breath rhythm",8.56,0.371125,True
3316,208,30,orchid_engine,Bea,6.0,awake,0.0,0.404688,0.422688,0.01,0.02,True,upright work rhythm,11.123302,0.399533,True
3317,208,30,moss_ward,Fay,7.5,awake,0.0,0.405479,0.423479,0.01,0.02,True,upright work rhythm,6.533626,0.358142,True
3318,208,30,glass_harbor,Puck,9.0,awake,0.0,0.410912,0.428912,0.01,0.02,True,upright work rhythm,7.735854,0.37465,True
3319,208,30,cinder_garden,Wren,10.5,awake,0.0,0.018,0.036,0.01,0.02,True,upright work rhythm,10.19476,0.405358,True
3320,208,30,lichen_bridge,Kio,12.0,awake,0.0,0.602288,0.620288,0.0,0.01,True,upright work rhythm,9.164318,0.397167,True
3321,208,30,orchid_engine,Cai,13.5,awake,0.0,0.105649,0.123649,0.0,0.01,True,upright work rhythm,11.350696,0.425575,True
3322,208,30,moss_ward,Milo,15.0,awake,0.0,0.105257,0.123257,0.0,0.01,True,upright work rhythm,6.760535,0.384183,True
3323,208,30,glass_harbor,Sera,16.5,awake,0.0,0.0,0.018,0.0,0.01,True,upright work rhythm,7.91738,0.400692,True
3324,208,30,cinder_garden,Juno,18.0,awake,0.0,0.411735,0.429735,0.02,0.03,True,upright work rhythm,10.706191,0.4314,True
3325,208,30,lichen_bridge,Luma,19.5,awake,0.0,0.406774,0.424774,0.02,0.03,True,upright work rhythm,9.434157,0.423208,True
3326,208,30,orchid_engine,Dax,21.0,awake,0.0,0.159934,0.177934,0.02,0.03,True,upright work rhythm,11.722953,0.451617,True
3327,208,30,moss_ward,Tala,22.5,asleep,0.80752,0.036,0.0,0.02,0.0,True,"curled posture, low breath rhythm",7.06,0.410225,True
3328,209,30,cinder_garden,Juno,0.0,asleep,0.80752,0.429735,0.373208,0.03,0.0,True,"curled posture, low breath rhythm",9.843015,0.452233,True
3329,209,30,lichen_bridge,Luma,1.5,asleep,0.80752,0.424774,0.368247,0.03,0.0,True,"curled posture, low breath rhythm",8.570981,0.444042,True
3330,209,30,orchid_engine,Dax,3.0,asleep,0.80752,0.177934,0.121407,0.03,0.0,True,"curled posture, low breath rhythm",10.859777,0.47245,True
3331,209,30,moss_ward,Tala,4.5,asleep,0.813,0.0,0.0,0.0,0.0,True,"curled posture, low breath rhythm",6.22,0.431058,True
3332,209,30,glass_harbor,Nia,6.0,awake,0.0,0.106734,0.124734,0.01,0.02,True,upright work rhythm,7.471141,0.447567,True
3333,209,30,cinder_garden,Pax,7.5,awake,0.0,0.502255,0.526255,0.01,0.02,True,upright work rhythm,10.255764,0.478275,True
3334,209,30,lichen_bridge,Rin,9.0,awake,0.0,0.352073,0.370073,0.01,0.02,True,upright work rhythm,8.92173,0.470083,True
3335,209,30,orchid_engine,Eli,10.5,awake,0.0,0.018,0.042,0.01,0.02,True,upright work rhythm,11.17722,0.498492,True
3336,209,30,moss_ward,Ari,12.0,awake,0.0,0.367407,0.391407,0.0,0.01,True,upright work rhythm,6.730477,0.4571,True
3337,209,30,glass_harbor,Oren,13.5,awake,0.0,0.374104,0.392104,0.0,0.01,True,upright work rhythm,7.930763,0.473608,True
3338,209,30,cinder_garden,Vale,15.0,awake,0.0,0.515976,0.539976,0.0,0.01,True,upright work rhythm,10.61139,0.504317,True
3339,209,30,lichen_bridge,Sol,16.5,awake,0.0,0.0,0.018,0.0,0.01,True,upright work rhythm,9.12738,0.496125,True
3340,209,30,orchid_engine,Bea,18.0,awake,0.0,0.422688,0.446688,0.02,0.03,True,upright work rhythm,11.693142,0.524533,True
3341,209,30,moss_ward,Fay,19.5,awake,0.0,0.423479,0.447479,0.02,0.03,True,upright work rhythm,7.103466,0.483142,True
3342,209,30,glass_harbor,Puck,21.0,awake,0.0,0.428912,0.446912,0.02,0.03,True,upright work rhythm,8.303234,0.49965,True
3343,209,30,cinder_garden,Wren,22.5,asleep,0.80752,0.036,0.0,0.02,0.0,True,"curled posture, low breath rhythm",10.74,0.530358,True
3344,210,30,orchid_engine,Bea,0.0,asleep,0.80752,0.446688,0.390161,0.03,0.0,True,"curled posture, low breath rhythm",10.829966,0.545367,True
3345,210,30,moss_ward,Fay,1.5,asleep,0.80752,0.447479,0.390952,0.03,0.0,True,"curled posture, low breath rhythm",6.24029,0.503975,True
3346,210,30,glass_harbor,Puck,3.0,asleep,0.80752,0.446912,0.390385,0.03,0.0,True,"curled posture, low breath rhythm",7.440058,0.520483,True
3347,210,30,cinder_garden,Wren,4.5,asleep,0.813,0.0,0.0,0.0,0.0,True,"curled posture, low breath rhythm",9.9,0.551192,True
3348,210,30,lichen_bridge,Kio,6.0,awake,0.0,0.620288,0.644288,0.01,0.02,True,upright work rhythm,8.894158,0.543,True
3349,210,30,orchid_engine,Cai,7.5,awake,0.0,0.123649,0.141649,0.01,0.02,True,upright work rhythm,11.078076,0.571408,True
3350,210,30,moss_ward,Milo,9.0,awake,0.0,0.123257,0.141257,0.01,0.02,True,upright work rhythm,6.487915,0.530017,True
3351,210,30,glass_harbor,Sera,10.5,awake,0.0,0.018,0.036,0.01,0.02,True,upright work rhythm,7.64476,0.546525,True
3352,210,30,cinder_garden,Juno,12.0,awake,0.0,0.373208,0.391208,0.0,0.01,True,upright work rhythm,10.410395,0.577233,True
3353,210,30,lichen_bridge,Luma,13.5,awake,0.0,0.368247,0.392247,0.0,0.01,True,upright work rhythm,9.140821,0.569042,True
3354,210,30,orchid_engine,Dax,15.0,awake,0.0,0.121407,0.139407,0.0,0.01,True,upright work rhythm,11.427157,0.59745,True
3355,210,30,moss_ward,Tala,16.5,awake,0.0,0.0,0.018,0.0,0.01,True,upright work rhythm,6.78738,0.556058,True
3356,210,30,glass_harbor,Nia,18.0,awake,0.0,0.124734,0.142734,0.02,0.03,True,upright work rhythm,8.038521,0.572567,True
3357,210,30,cinder_garden,Pax,19.5,awake,0.0,0.526255,0.544255,0.02,0.03,True,upright work rhythm,10.823144,0.603275,True
3358,210,30,lichen_bridge,Rin,21.0,awake,0.0,0.370073,0.394073,0.02,0.03,True,upright work rhythm,9.49157,0.595083,True
3359,210,30,orchid_engine,Eli,22.5,asleep,0.80752,0.042,0.0,0.02,0.0,True,"curled posture, low breath rhythm",11.72,0.623492,True
3360,211,31,glass_harbor,Nia,0.0,asleep,0.80752,0.142734,0.086207,0.03,0.0,True,"curled posture, low breath rhythm",7.188345,0.5944,True
3361,211,31,cinder_garden,Pax,1.5,asleep,0.80752,0.544255,0.487728,0.03,0.0,True,"curled posture, low breath rhythm",9.972969,0.625108,True
3362,211,31,lichen_bridge,Rin,3.0,asleep,0.80752,0.394073,0.337546,0.03,0.0,True,"curled posture, low breath rhythm",8.641394,0.616917,True
3363,211,31,orchid_engine,Eli,4.5,asleep,0.813,0.0,0.0,0.0,0.0,True,"curled posture, low breath rhythm",10.893,0.645325,True
3364,211,31,moss_ward,Ari,6.0,awake,0.0,0.391407,0.409407,0.01,0.02,True,upright work rhythm,6.470857,0.603933,True
3365,211,31,glass_harbor,Oren,7.5,awake,0.0,0.392104,0.416104,0.01,0.02,True,upright work rhythm,7.673603,0.620442,True
3366,211,31,cinder_garden,Vale,9.0,awake,0.0,0.539976,0.557976,0.01,0.02,True,upright work rhythm,10.35177,0.65115,True
3367,211,31,lichen_bridge,Sol,10.5,awake,0.0,0.018,0.042,0.01,0.02,True,upright work rhythm,8.87022,0.642958,True
3368,211,31,orchid_engine,Bea,12.0,awake,0.0,0.390161,0.408161,0.0,0.01,True,upright work rhythm,11.410346,0.671367,True
3369,211,31,moss_ward,Fay,13.5,awake,0.0,0.390952,0.408952,0.0,0.01,True,upright work rhythm,6.82067,0.629975,True
3370,211,31,glass_harbor,Puck,15.0,awake,0.0,0.390385,0.414385,0.0,0.01,True,upright work rhythm,8.022898,0.646483,True
3371,211,31,cinder_garden,Wren,16.5,awake,0.0,0.0,0.018,0.0,0.01,True,upright work rhythm,10.48038,0.677192,True
3372,211,31,lichen_bridge,Kio,18.0,awake,0.0,0.644288,0.668288,0.02,0.03,True,upright work rhythm,9.476998,0.669,True
3373,211,31,orchid_engine,Cai,19.5,awake,0.0,0.141649,0.159649,0.02,0.03,True,upright work rhythm,11.658456,0.697408,True
3374,211,31,moss_ward,Milo,21.0,awake,0.0,0.141257,0.159257,0.02,0.03,True,upright work rhythm,7.068295,0.656017,True
3375,211,31,glass_harbor,Sera,22.5,asleep,0.80752,0.036,0.0,0.02,0.0,True,"curled posture, low breath rhythm",8.203,0.672525,True
3376,212,31,lichen_bridge,Kio,0.0,asleep,0.80752,0.668288,0.611761,0.03,0.0,True,"curled posture, low breath rhythm",8.613822,0.689833,True
3377,212,31,orchid_engine,Cai,1.5,asleep,0.80752,0.159649,0.103122,0.03,0.0,True,"curled posture, low breath rhythm",10.79528,0.718242,True
3378,212,31,moss_ward,Milo,3.0,asleep,0.80752,0.159257,0.10273,0.03,0.0,True,"curled posture, low breath rhythm",6.205119,0.67685,True
3379,212,31,glass_harbor,Sera,4.5,asleep,0.813,0.0,0.0,0.0,0.0,True,"curled posture, low breath rhythm",7.363,0.693358,True
3380,212,31,cinder_garden,Juno,6.0,awake,0.0,0.391208,0.415208,0.01,0.02,True,upright work rhythm,10.153235,0.724067,True
3381,212,31,lichen_bridge,Luma,7.5,awake,0.0,0.392247,0.410247,0.01,0.02,True,upright work rhythm,8.881201,0.715875,True
3382,212,31,orchid_engine,Dax,9.0,awake,0.0,0.139407,0.157407,0.01,0.02,True,upright work rhythm,11.167537,0.744283,True
3383,212,31,moss_ward,Tala,10.5,awake,0.0,0.018,0.036,0.01,0.02,True,upright work rhythm,6.52776,0.702892,True
3384,212,31,glass_harbor,Nia,12.0,awake,0.0,0.086207,0.104207,0.0,0.01,True,upright work rhythm,7.755725,0.7194,True
3385,212,31,cinder_garden,Pax,13.5,awake,0.0,0.487728,0.511728,0.0,0.01,True,upright work rhythm,10.542809,0.750108,True
3386,212,31,lichen_bridge,Rin,15.0,awake,0.0,0.337546,0.355546,0.0,0.01,True,upright work rhythm,9.208774,0.741917,True
3387,212,31,orchid_engine,Eli,16.5,awake,0.0,0.0,0.018,0.0,0.01,True,upright work rhythm,11.46038,0.770325,True
3388,212,31,moss_ward,Ari,18.0,awake,0.0,0.409407,0.427407,0.02,0.03,True,upright work rhythm,7.038237,0.728933,True
3389,212,31,glass_harbor,Oren,19.5,awake,0.0,0.416104,0.434104,0.02,0.03,True,upright work rhythm,8.240983,0.745442,True
3390,212,31,cinder_garden,Vale,21.0,awake,0.0,0.557976,0.581976,0.02,0.03,True,upright work rhythm,10.92161,0.77615,True
3391,212,31,lichen_bridge,Sol,22.5,asleep,0.80752,0.042,0.0,0.02,0.0,True,"curled posture, low breath rhythm",9.413,0.767958,True
3392,213,31,moss_ward,Ari,0.0,asleep,0.80752,0.427407,0.370881,0.03,0.0,True,"curled posture, low breath rhythm",6.175061,0.749767,True
3393,213,31,glass_harbor,Oren,1.5,asleep,0.80752,0.434104,0.377578,0.03,0.0,True,"curled posture, low breath rhythm",7.377807,0.766275,True
3394,213,31,cinder_garden,Vale,3.0,asleep,0.80752,0.581976,0.52545,0.03,0.0,True,"curled posture, low breath rhythm",10.058435,0.796983,True
3395,213,31,lichen_bridge,Sol,4.5,asleep,0.813,0.0,0.0,0.0,0.0,True,"curled posture, low breath rhythm",8.573,0.788792,True
3396,213,31,orchid_engine,Bea,6.0,awake,0.0,0.408161,0.426161,0.01,0.02,True,upright work rhythm,11.137726,0.8172,True
3397,213,31,moss_ward,Fay,7.5,awake,0.0,0.408952,0.426952,0.01,0.02,True,upright work rhythm,6.54805,0.775808,True
3398,213,31,glass_harbor,Puck,9.0,awake,0.0,0.414385,0.432385,0.01,0.02,True,upright work rhythm,7.750278,0.792317,True
3399,213,31,cinder_garden,Wren,10.5,awake,0.0,0.018,0.036,0.01,0.02,True,upright work rhythm,10.20776,0.823025,True
3400,213,31,lichen_bridge,Kio,12.0,awake,0.0,0.611761,0.629761,0.0,0.01,True,upright work rhythm,9.181202,0.814833,True
3401,213,31,orchid_engine,Cai,13.5,awake,0.0,0.103122,0.121122,0.0,0.01,True,upright work rhythm,11.36266,0.843242,True
3402,213,31,moss_ward,Milo,15.0,awake,0.0,0.10273,0.12073,0.0,0.01,True,upright work rhythm,6.772499,0.80185,True
3403,213,31,glass_harbor,Sera,16.5,awake,0.0,0.0,0.018,0.0,0.01,True,upright work rhythm,7.93038,0.818358,True
3404,213,31,cinder_garden,Juno,18.0,awake,0.0,0.415208,0.433208,0.02,0.03,True,upright work rhythm,10.720615,0.849067,True
3405,213,31,lichen_bridge,Luma,19.5,awake,0.0,0.410247,0.428247,0.02,0.03,True,upright work rhythm,9.448581,0.840875,True
3406,213,31,orchid_engine,Dax,21.0,awake,0.0,0.157407,0.175407,0.02,0.03,True,upright work rhythm,11.734917,0.869283,True
3407,213,31,moss_ward,Tala,22.5,asleep,0.80752,0.036,0.0,0.02,0.0,True,"curled posture, low breath rhythm",7.073,0.827892,True
3408,214,31,cinder_garden,Juno,0.0,asleep,0.80752,0.433208,0.376682,0.03,0.0,True,"curled posture, low breath rhythm",9.85744,0.8699,True
3409,214,31,lichen_bridge,Luma,1.5,asleep,0.80752,0.428247,0.371721,0.03,0.0,True,"curled posture, low breath rhythm",8.585406,0.861708,True
3410,214,31,orchid_engine,Dax,3.0,asleep,0.80752,0.175407,0.118881,0.03,0.0,True,"curled posture, low breath rhythm",10.871741,0.890117,True
3411,214,31,moss_ward,Tala,4.5,asleep,0.813,0.0,0.0,0.0,0.0,True,"curled posture, low breath rhythm",6.233,0.848725,True
3412,214,31,glass_harbor,Nia,6.0,awake,0.0,0.104207,0.122207,0.01,0.02,True,upright work rhythm,7.483105,0.865233,True
3413,214,31,cinder_garden,Pax,7.5,awake,0.0,0.511728,0.535728,0.01,0.02,True,upright work rhythm,10.272649,0.895942,True
3414,214,31,lichen_bridge,Rin,9.0,awake,0.0,0.355546,0.373546,0.01,0.02,True,upright work rhythm,8.936154,0.88775,True
3415,214,31,orchid_engine,Eli,10.5,awake,0.0,0.018,0.042,0.01,0.02,True,upright work rhythm,11.19022,0.916158,True
3416,214,31,moss_ward,Ari,12.0,awake,0.0,0.370881,0.394881,0.0,0.01,True,upright work rhythm,6.744901,0.874767,True
3417,214,31,glass_harbor,Oren,13.5,awake,0.0,0.377578,0.395578,0.0,0.01,True,upright work rhythm,7.945187,0.891275,True
3418,214,31,cinder_garden,Vale,15.0,nap,0.6904,0.52545,0.497834,0.0,0.0,True,steps aside for short rest,10.607112,0.921983,True
3419,214,31,lichen_bridge,Sol,16.5,awake,0.0,0.0,0.018,0.0,0.01,True,upright work rhythm,9.14038,0.913792,True
3420,214,31,orchid_engine,Bea,18.0,awake,0.0,0.426161,0.450161,0.02,0.03,True,upright work rhythm,11.707566,0.9422,True
3421,214,31,moss_ward,Fay,19.5,awake,0.0,0.426952,0.450952,0.02,0.03,True,upright work rhythm,7.11789,0.900808,True
3422,214,31,glass_harbor,Puck,21.0,awake,0.0,0.432385,0.450385,0.02,0.03,True,upright work rhythm,8.317658,0.917317,True
3423,214,31,cinder_garden,Wren,22.5,asleep,0.80752,0.036,0.0,0.02,0.0,True,"curled posture, low breath rhythm",10.753,0.948025,True
3424,215,31,orchid_engine,Bea,0.0,asleep,0.80752,0.450161,0.393635,0.03,0.0,True,"curled posture, low breath rhythm",10.84439,0.963033,True
3425,215,31,moss_ward,Fay,1.5,asleep,0.80752,0.450952,0.394426,0.03,0.0,True,"curled posture, low breath rhythm",6.254715,0.921642,True
3426,215,31,glass_harbor,Puck,3.0,asleep,0.80752,0.450385,0.393859,0.03,0.0,True,"curled posture, low breath rhythm",7.454482,0.93815,True
3427,215,31,cinder_garden,Wren,4.5,asleep,0.813,0.0,0.0,0.0,0.0,True,"curled posture, low breath rhythm",9.913,0.968858,True
3428,215,31,lichen_bridge,Kio,6.0,awake,0.0,0.629761,0.653761,0.01,0.02,True,upright work rhythm,8.911042,0.960667,True
3429,215,31,orchid_engine,Cai,7.5,awake,0.0,0.121122,0.139122,0.01,0.02,True,upright work rhythm,11.09004,0.989075,True
3430,215,31,moss_ward,Milo,9.0,awake,0.0,0.12073,0.13873,0.01,0.02,True,upright work rhythm,6.499879,0.947683,True
3431,215,31,glass_harbor,Sera,10.5,awake,0.0,0.018,0.036,0.01,0.02,True,upright work rhythm,7.65776,0.964192,True
3432,215,31,cinder_garden,Juno,12.0,awake,0.0,0.376682,0.394682,0.0,0.01,True,upright work rhythm,10.42482,0.9949,True
3433,215,31,lichen_bridge,Luma,13.5,awake,0.0,0.371721,0.395721,0.0,0.01,True,upright work rhythm,9.155246,0.986708,True
3434,215,31,orchid_engine,Dax,15.0,awake,0.0,0.118881,0.136881,0.0,0.01,True,upright work rhythm,11.439121,0.015117,True
3435,215,31,moss_ward,Tala,16.5,awake,0.0,0.0,0.018,0.0,0.01,True,upright work rhythm,6.80038,0.973725,True
3436,215,31,glass_harbor,Nia,18.0,awake,0.0,0.122207,0.140207,0.02,0.03,True,upright work rhythm,8.050485,0.990233,True
3437,215,31,cinder_garden,Pax,19.5,awake,0.0,0.535728,0.553728,0.02,0.03,True,upright work rhythm,10.840029,0.020942,True
3438,215,31,lichen_bridge,Rin,21.0,awake,0.0,0.373546,0.397546,0.02,0.03,True,upright work rhythm,9.505994,0.01275,True
3439,215,31,orchid_engine,Eli,22.5,asleep,0.80752,0.042,0.0,0.02,0.0,True,"curled posture, low breath rhythm",11.733,0.041158,True
3440,216,31,glass_harbor,Nia,0.0,asleep,0.80752,0.140207,0.083681,0.03,0.0,True,"curled posture, low breath rhythm",7.187309,0.011067,True
3441,216,31,cinder_garden,Pax,1.5,asleep,0.80752,0.553728,0.497202,0.03,0.0,True,"curled posture, low breath rhythm",9.976853,0.041775,True
3442,216,31,lichen_bridge,Rin,3.0,asleep,0.80752,0.397546,0.34102,0.03,0.0,True,"curled posture, low breath rhythm",8.642818,0.033583,True
3443,216,31,orchid_engine,Eli,4.5,asleep,0.813,0.0,0.0,0.0,0.0,True,"curled posture, low breath rhythm",10.893,0.061992,True
3444,216,31,moss_ward,Ari,6.0,awake,0.0,0.394881,0.412881,0.01,0.02,True,upright work rhythm,6.472281,0.0206,True
3445,216,31,glass_harbor,Oren,7.5,awake,0.0,0.395578,0.419578,0.01,0.02,True,upright work rhythm,7.675027,0.037108,True
3446,216,31,cinder_garden,Vale,9.0,awake,0.0,0.497834,0.515834,0.0,0.01,True,upright work rhythm,10.334492,0.067817,True
3447,216,31,lichen_bridge,Sol,10.5,awake,0.0,0.018,0.042,0.01,0.02,True,upright work rhythm,8.87022,0.059625,True
3448,216,31,orchid_engine,Bea,12.0,awake,0.0,0.393635,0.411635,0.0,0.01,True,upright work rhythm,11.41177,0.088033,True
3449,216,31,moss_ward,Fay,13.5,awake,0.0,0.394426,0.412426,0.0,0.01,True,upright work rhythm,6.822095,0.046642,True
3450,216,31,glass_harbor,Puck,15.0,awake,0.0,0.393859,0.417859,0.0,0.01,True,upright work rhythm,8.024322,0.06315,True
3451,216,31,cinder_garden,Wren,16.5,awake,0.0,0.0,0.018,0.0,0.01,True,upright work rhythm,10.48038,0.093858,True
3452,216,31,lichen_bridge,Kio,18.0,awake,0.0,0.653761,0.677761,0.02,0.03,True,upright work rhythm,9.480882,0.085667,True
3453,216,31,orchid_engine,Cai,19.5,awake,0.0,0.139122,0.157122,0.02,0.03,True,upright work rhythm,11.65742,0.114075,True
3454,216,31,moss_ward,Milo,21.0,awake,0.0,0.13873,0.15673,0.02,0.03,True,upright work rhythm,7.067259,0.072683,True
3455,216,31,glass_harbor,Sera,22.5,asleep,0.80752,0.036,0.0,0.02,0.0,True,"curled posture, low breath rhythm",8.203,0.089192,True
3456,217,31,lichen_bridge,Kio,0.0,asleep,0.80752,0.677761,0.621235,0.03,0.0,True,"curled posture, low breath rhythm",8.617706,0.1065,True
3457,217,31,orchid_engine,Cai,1.5,asleep,0.80752,0.157122,0.100596,0.03,0.0,True,"curled posture, low breath rhythm",10.794244,0.134908,True
3458,217,31,moss_ward,Milo,3.0,asleep,0.80752,0.15673,0.100204,0.03,0.0,True,"curled posture, low breath rhythm",6.204084,0.093517,True
3459,217,31,glass_harbor,Sera,4.5,asleep,0.813,0.0,0.0,0.0,0.0,True,"curled posture, low breath rhythm",7.363,0.110025,True
3460,217,31,cinder_garden,Juno,6.0,awake,0.0,0.394682,0.418682,0.01,0.02,True,upright work rhythm,10.15466,0.140733,True
3461,217,31,lichen_bridge,Luma,7.5,awake,0.0,0.395721,0.413721,0.01,0.02,True,upright work rhythm,8.882626,0.132542,True
3462,217,31,orchid_engine,Dax,9.0,awake,0.0,0.136881,0.154881,0.01,0.02,True,upright work rhythm,11.166501,0.16095,True
3463,217,31,moss_ward,Tala,10.5,awake,0.0,0.018,0.036,0.01,0.02,True,upright work rhythm,6.52776,0.119558,True
3464,217,31,glass_harbor,Nia,12.0,awake,0.0,0.083681,0.101681,0.0,0.01,True,upright work rhythm,7.754689,0.136067,True
3465,217,31,cinder_garden,Pax,13.5,awake,0.0,0.497202,0.521202,0.0,0.01,True,upright work rhythm,10.546693,0.166775,True
3466,217,31,lichen_bridge,Rin,15.0,awake,0.0,0.34102,0.35902,0.0,0.01,True,upright work rhythm,9.210198,0.158583,True
3467,217,31,orchid_engine,Eli,16.5,awake,0.0,0.0,0.018,0.0,0.01,True,upright work rhythm,11.46038,0.186992,True
3468,217,31,moss_ward,Ari,18.0,awake,0.0,0.412881,0.430881,0.02,0.03,True,upright work rhythm,7.039661,0.1456,True
3469,217,31,glass_harbor,Oren,19.5,awake,0.0,0.419578,0.437578,0.02,0.03,True,upright work rhythm,8.242407,0.162108,True
3470,217,31,cinder_garden,Vale,21.0,awake,0.0,0.515834,0.539834,0.01,0.02,True,upright work rhythm,10.904332,0.192817,True
3471,217,31,lichen_bridge,Sol,22.5,asleep,0.80752,0.042,0.0,0.02,0.0,True,"curled posture, low breath rhythm",9.413,0.184625,True
3472,218,32,moss_ward,Ari,0.0,asleep,0.80752,0.430881,0.374354,0.03,0.0,True,"curled posture, low breath rhythm",6.189485,0.167433,True
3473,218,32,glass_harbor,Oren,1.5,asleep,0.80752,0.437578,0.381052,0.03,0.0,True,"curled posture, low breath rhythm",7.392231,0.183942,True
3474,218,32,cinder_garden,Vale,3.0,asleep,0.80752,0.539834,0.483308,0.02,0.0,True,"curled posture, low breath rhythm",10.054156,0.21465,True
3475,218,32,lichen_bridge,Sol,4.5,asleep,0.813,0.0,0.0,0.0,0.0,True,"curled posture, low breath rhythm",8.586,0.206458,True
3476,218,32,orchid_engine,Bea,6.0,awake,0.0,0.411635,0.429635,0.01,0.02,True,upright work rhythm,11.15215,0.234867,True
3477,218,32,moss_ward,Fay,7.5,awake,0.0,0.412426,0.430426,0.01,0.02,True,upright work rhythm,6.562475,0.193475,True
3478,218,32,glass_harbor,Puck,9.0,awake,0.0,0.417859,0.435859,0.01,0.02,True,upright work rhythm,7.764702,0.209983,True
3479,218,32,cinder_garden,Wren,10.5,awake,0.0,0.018,0.036,0.01,0.02,True,upright work rhythm,10.22076,0.240692,True
3480,218,32,lichen_bridge,Kio,12.0,awake,0.0,0.621235,0.639235,0.0,0.01,True,upright work rhythm,9.198086,0.2325,True
3481,218,32,orchid_engine,Cai,13.5,awake,0.0,0.100596,0.118596,0.0,0.01,True,upright work rhythm,11.374624,0.260908,True
3482,218,32,moss_ward,Milo,15.0,awake,0.0,0.100204,0.118204,0.0,0.01,True,upright work rhythm,6.784464,0.219517,True
3483,218,32,glass_harbor,Sera,16.5,awake,0.0,0.0,0.018,0.0,0.01,True,upright work rhythm,7.94338,0.236025,True
3484,218,32,cinder_garden,Juno,18.0,awake,0.0,0.418682,0.436682,0.02,0.03,True,upright work rhythm,10.73504,0.266733,True
3485,218,32,lichen_bridge,Luma,19.5,awake,0.0,0.413721,0.431721,0.02,0.03,True,upright work rhythm,9.463006,0.258542,True
3486,218,32,orchid_engine,Dax,21.0,awake,0.0,0.154881,0.172881,0.02,0.03,True,upright work rhythm,11.746881,0.28695,True
3487,218,32,moss_ward,Tala,22.5,asleep,0.80752,0.036,0.0,0.02,0.0,True,"curled posture, low breath rhythm",7.086,0.245558,True
3488,219,32,cinder_garden,Juno,0.0,asleep,0.80752,0.436682,0.380156,0.03,0.0,True,"curled posture, low breath rhythm",9.871864,0.287567,True
3489,219,32,lichen_bridge,Luma,1.5,asleep,0.80752,0.431721,0.375194,0.03,0.0,True,"curled posture, low breath rhythm",8.59983,0.279375,True
3490,219,32,orchid_engine,Dax,3.0,asleep,0.80752,0.172881,0.116354,0.03,0.0,True,"curled posture, low breath rhythm",10.883705,0.307783,True
3491,219,32,moss_ward,Tala,4.5,asleep,0.813,0.0,0.0,0.0,0.0,True,"curled posture, low breath rhythm",6.246,0.266392,True
3492,219,32,glass_harbor,Nia,6.0,awake,0.0,0.101681,0.119681,0.01,0.02,True,upright work rhythm,7.495069,0.2829,True
3493,219,32,cinder_garden,Pax,7.5,awake,0.0,0.521202,0.545202,0.01,0.02,True,upright work rhythm,10.289533,0.313608,True
3494,219,32,lichen_bridge,Rin,9.0,awake,0.0,0.35902,0.37702,0.01,0.02,True,upright work rhythm,8.950578,0.305417,True
3495,219,32,orchid_engine,Eli,10.5,awake,0.0,0.018,0.042,0.01,0.02,True,upright work rhythm,11.20322,0.333825,True
3496,219,32,moss_ward,Ari,12.0,awake,0.0,0.374354,0.398354,0.0,0.01,True,upright work rhythm,6.759325,0.292433,True
3497,219,32,glass_harbor,Oren,13.5,awake,0.0,0.381052,0.399052,0.0,0.01,True,upright work rhythm,7.959611,0.308942,True
3498,219,32,cinder_garden,Vale,15.0,awake,0.0,0.483308,0.507308,0.0,0.01,True,upright work rhythm,10.623996,0.33965,True
3499,219,32,lichen_bridge,Sol,16.5,awake,0.0,0.0,0.018,0.0,0.01,True,upright work rhythm,9.15338,0.331458,True
3500,219,32,orchid_engine,Bea,18.0,awake,0.0,0.429635,0.453635,0.02,0.03,True,upright work rhythm,11.72199,0.359867,True
3501,219,32,moss_ward,Fay,19.5,awake,0.0,0.430426,0.454426,0.02,0.03,True,upright work rhythm,7.132315,0.318475,True
3502,219,32,glass_harbor,Puck,21.0,awake,0.0,0.435859,0.453859,0.02,0.03,True,upright work rhythm,8.332082,0.334983,True
3503,219,32,cinder_garden,Wren,22.5,asleep,0.80752,0.036,0.0,0.02,0.0,True,"curled posture, low breath rhythm",10.766,0.365692,True
3504,220,32,orchid_engine,Bea,0.0,asleep,0.80752,0.453635,0.397108,0.03,0.0,True,"curled posture, low breath rhythm",10.858814,0.3807,True
3505,220,32,moss_ward,Fay,1.5,asleep,0.80752,0.454426,0.397899,0.03,0.0,True,"curled posture, low breath rhythm",6.269139,0.339308,True
3506,220,32,glass_harbor,Puck,3.0,asleep,0.80752,0.453859,0.397332,0.03,0.0,True,"curled posture, low breath rhythm",7.468906,0.355817,True
3507,220,32,cinder_garden,Wren,4.5,asleep,0.813,0.0,0.0,0.0,0.0,True,"curled posture, low breath rhythm",9.926,0.386525,True
3508,220,32,lichen_bridge,Kio,6.0,awake,0.0,0.639235,0.663235,0.01,0.02,True,upright work rhythm,8.927926,0.378333,True
3509,220,32,orchid_engine,Cai,7.5,awake,0.0,0.118596,0.136596,0.01,0.02,True,upright work rhythm,11.102004,0.406742,True
3510,220,32,moss_ward,Milo,9.0,awake,0.0,0.118204,0.136204,0.01,0.02,True,upright work rhythm,6.511844,0.36535,True
3511,220,32,glass_harbor,Sera,10.5,awake,0.0,0.018,0.036,0.01,0.02,True,upright work rhythm,7.67076,0.381858,True
3512,220,32,cinder_garden,Juno,12.0,awake,0.0,0.380156,0.398156,0.0,0.01,True,upright work rhythm,10.439244,0.412567,True
3513,220,32,lichen_bridge,Luma,13.5,awake,0.0,0.375194,0.399194,0.0,0.01,True,upright work rhythm,9.16967,0.404375,True
3514,220,32,orchid_engine,Dax,15.0,awake,0.0,0.116354,0.134354,0.0,0.01,True,upright work rhythm,11.451085,0.432783,True
3515,220,32,moss_ward,Tala,16.5,awake,0.0,0.0,0.018,0.0,0.01,True,upright work rhythm,6.81338,0.391392,True
3516,220,32,glass_harbor,Nia,18.0,awake,0.0,0.119681,0.137681,0.02,0.03,True,upright work rhythm,8.062449,0.4079,True
3517,220,32,cinder_garden,Pax,19.5,awake,0.0,0.545202,0.563202,0.02,0.03,True,upright work rhythm,10.856913,0.438608,True
3518,220,32,lichen_bridge,Rin,21.0,awake,0.0,0.37702,0.40102,0.02,0.03,True,upright work rhythm,9.520418,0.430417,True
3519,220,32,orchid_engine,Eli,22.5,asleep,0.80752,0.042,0.0,0.02,0.0,True,"curled posture, low breath rhythm",11.746,0.458825,True
3520,221,32,glass_harbor,Nia,0.0,asleep,0.80752,0.137681,0.081154,0.03,0.0,True,"curled posture, low breath rhythm",7.199273,0.428733,True
3521,221,32,cinder_garden,Pax,1.5,asleep,0.80752,0.563202,0.506676,0.03,0.0,True,"curled posture, low breath rhythm",9.993737,0.459442,True
3522,221,32,lichen_bridge,Rin,3.0,asleep,0.80752,0.40102,0.344494,0.03,0.0,True,"curled posture, low breath rhythm",8.657242,0.45125,True
3523,221,32,orchid_engine,Eli,4.5,asleep,0.813,0.0,0.0,0.0,0.0,True,"curled posture, low breath rhythm",10.906,0.479658,True
3524,221,32,moss_ward,Ari,6.0,awake,0.0,0.398354,0.416354,0.01,0.02,True,upright work rhythm,6.486705,0.438267,True
3525,221,32,glass_harbor,Oren,7.5,awake,0.0,0.399052,0.423052,0.01,0.02,True,upright work rhythm,7.689451,0.454775,True
3526,221,32,cinder_garden,Vale,9.0,awake,0.0,0.507308,0.525308,0.01,0.02,True,upright work rhythm,10.351376,0.485483,True
3527,221,32,lichen_bridge,Sol,10.5,awake,0.0,0.018,0.042,0.01,0.02,True,upright work rhythm,8.88322,0.477292,True
3528,221,32,orchid_engine,Bea,12.0,awake,0.0,0.397108,0.415108,0.0,0.01,True,upright work rhythm,11.426194,0.5057,True
3529,221,32,moss_ward,Fay,13.5,awake,0.0,0.397899,0.415899,0.0,0.01,True,upright work rhythm,6.836519,0.464308,True
3530,221,32,glass_harbor,Puck,15.0,awake,0.0,0.397332,0.421332,0.0,0.01,True,upright work rhythm,8.038746,0.480817,True
3531,221,32,cinder_garden,Wren,16.5,awake,0.0,0.0,0.018,0.0,0.01,True,upright work rhythm,10.49338,0.511525,True
3532,221,32,lichen_bridge,Kio,18.0,awake,0.0,0.663235,0.687235,0.02,0.03,True,upright work rhythm,9.497766,0.503333,True
3533,221,32,orchid_engine,Cai,19.5,awake,0.0,0.136596,0.154596,0.02,0.03,True,upright work rhythm,11.669384,0.531742,True
3534,221,32,moss_ward,Milo,21.0,awake,0.0,0.136204,0.154204,0.02,0.03,True,upright work rhythm,7.079224,0.49035,True
3535,221,32,glass_harbor,Sera,22.5,asleep,0.80752,0.036,0.0,0.02,0.0,True,"curled posture, low breath rhythm",8.216,0.506858,True
3536,222,32,lichen_bridge,Kio,0.0,asleep,0.80752,0.687235,0.630709,0.03,0.0,True,"curled posture, low breath rhythm",8.634591,0.524167,True
3537,222,32,orchid_engine,Cai,1.5,asleep,0.80752,0.154596,0.098069,0.03,0.0,True,"curled posture, low breath rhythm",10.806208,0.552575,True
3538,222,32,moss_ward,Milo,3.0,asleep,0.80752,0.154204,0.097677,0.03,0.0,True,"curled posture, low breath rhythm",6.216048,0.511183,True
3539,222,32,glass_harbor,Sera,4.5,asleep,0.813,0.0,0.0,0.0,0.0,True,"curled posture, low breath rhythm",7.376,0.527692,True
3540,222,32,cinder_garden,Juno,6.0,awake,0.0,0.398156,0.422156,0.01,0.02,True,upright work rhythm,10.169084,0.5584,True
3541,222,32,lichen_bridge,Luma,7.5,awake,0.0,0.399194,0.417194,0.01,0.02,True,upright work rhythm,8.89705,0.550208,True
3542,222,32,orchid_engine,Dax,9.0,awake,0.0,0.134354,0.152354,0.01,0.02,True,upright work rhythm,11.178465,0.578617,True
3543,222,32,moss_ward,Tala,10.5,awake,0.0,0.018,0.036,0.01,0.02,True,upright work rhythm,6.54076,0.537225,True
3544,222,32,glass_harbor,Nia,12.0,awake,0.0,0.081154,0.099154,0.0,0.01,True,upright work rhythm,7.766653,0.553733,True
3545,222,32,cinder_garden,Pax,13.5,awake,0.0,0.506676,0.530676,0.0,0.01,True,upright work rhythm,10.563577,0.584442,True
3546,222,32,lichen_bridge,Rin,15.0,awake,0.0,0.344494,0.362494,0.0,0.01,True,upright work rhythm,9.224622,0.57625,True
3547,222,32,orchid_engine,Eli,16.5,awake,0.0,0.0,0.018,0.0,0.01,True,upright work rhythm,11.47338,0.604658,True
3548,222,32,moss_ward,Ari,18.0,awake,0.0,0.416354,0.434354,0.02,0.03,True,upright work rhythm,7.054085,0.563267,True
3549,222,32,glass_harbor,Oren,19.5,awake,0.0,0.423052,0.441052,0.02,0.03,True,upright work rhythm,8.256831,0.579775,True
3550,222,32,cinder_garden,Vale,21.0,awake,0.0,0.525308,0.549308,0.02,0.03,True,upright work rhythm,10.921216,0.610483,True
3551,222,32,lichen_bridge,Sol,22.5,asleep,0.80752,0.042,0.0,0.02,0.0,True,"curled posture, low breath rhythm",9.426,0.602292,True
3552,223,32,moss_ward,Ari,0.0,asleep,0.80752,0.434354,0.377828,0.03,0.0,True,"curled posture, low breath rhythm",6.190909,0.5841,True
3553,223,32,glass_harbor,Oren,1.5,asleep,0.80752,0.441052,0.384525,0.03,0.0,True,"curled posture, low breath rhythm",7.393655,0.600608,True
3554,223,32,cinder_garden,Vale,3.0,asleep,0.80752,0.549308,0.492781,0.03,0.0,True,"curled posture, low breath rhythm",10.05804,0.631317,True
3555,223,32,lichen_bridge,Sol,4.5,asleep,0.813,0.0,0.0,0.0,0.0,True,"curled posture, low breath rhythm",8.586,0.623125,True
3556,223,32,orchid_engine,Bea,6.0,awake,0.0,0.415108,0.433108,0.01,0.02,True,upright work rhythm,11.153574,0.651533,True
3557,223,32,moss_ward,Fay,7.5,awake,0.0,0.415899,0.433899,0.01,0.02,True,upright work rhythm,6.563899,0.610142,True
3558,223,32,glass_harbor,Puck,9.0,awake,0.0,0.421332,0.439332,0.01,0.02,True,upright work rhythm,7.766126,0.62665,True
3559,223,32,cinder_garden,Wren,10.5,awake,0.0,0.018,0.036,0.01,0.02,True,upright work rhythm,10.22076,0.657358,True
3560,223,32,lichen_bridge,Kio,12.0,awake,0.0,0.630709,0.648709,0.0,0.01,True,upright work rhythm,9.201971,0.649167,True
3561,223,32,orchid_engine,Cai,13.5,awake,0.0,0.098069,0.116069,0.0,0.01,True,upright work rhythm,11.373588,0.677575,True
3562,223,32,moss_ward,Milo,15.0,awake,0.0,0.097677,0.115677,0.0,0.01,True,upright work rhythm,6.783428,0.636183,True
3563,223,32,glass_harbor,Sera,16.5,awake,0.0,0.0,0.018,0.0,0.01,True,upright work rhythm,7.94338,0.652692,True
3564,223,32,cinder_garden,Juno,18.0,awake,0.0,0.422156,0.440156,0.02,0.03,True,upright work rhythm,10.736464,0.6834,True
3565,223,32,lichen_bridge,Luma,19.5,awake,0.0,0.417194,0.435194,0.02,0.03,True,upright work rhythm,9.46443,0.675208,True
3566,223,32,orchid_engine,Dax,21.0,awake,0.0,0.152354,0.170354,0.02,0.03,True,upright work rhythm,11.745845,0.703617,True
3567,223,32,moss_ward,Tala,22.5,asleep,0.80752,0.036,0.0,0.02,0.0,True,"curled posture, low breath rhythm",7.086,0.662225,True
3568,224,32,cinder_garden,Juno,0.0,asleep,0.80752,0.440156,0.383629,0.03,0.0,True,"curled posture, low breath rhythm",9.873288,0.704233,True
3569,224,32,lichen_bridge,Luma,1.5,asleep,0.80752,0.435194,0.378668,0.03,0.0,True,"curled posture, low breath rhythm",8.601254,0.696042,True
3570,224,32,orchid_engine,Dax,3.0,asleep,0.80752,0.170354,0.113828,0.03,0.0,True,"curled posture, low breath rhythm",10.882669,0.72445,True
3571,224,32,moss_ward,Tala,4.5,asleep,0.813,0.0,0.0,0.0,0.0,True,"curled posture, low breath rhythm",6.246,0.683058,True
3572,224,32,glass_harbor,Nia,6.0,awake,0.0,0.099154,0.117154,0.01,0.02,True,upright work rhythm,7.494033,0.699567,True
3573,224,32,cinder_garden,Pax,7.5,awake,0.0,0.530676,0.554676,0.01,0.02,True,upright work rhythm,10.293417,0.730275,True
3574,224,32,lichen_bridge,Rin,9.0,awake,0.0,0.362494,0.380494,0.01,0.02,True,upright work rhythm,8.952002,0.722083,True
3575,224,32,orchid_engine,Eli,10.5,awake,0.0,0.018,0.042,0.01,0.02,True,upright work rhythm,11.20322,0.750492,True
3576,224,32,moss_ward,Ari,12.0,awake,0.0,0.377828,0.401828,0.0,0.01,True,upright work rhythm,6.760749,0.7091,True
3577,224,32,glass_harbor,Oren,13.5,awake,0.0,0.384525,0.402525,0.0,0.01,True,upright work rhythm,7.961035,0.725608,True
3578,224,32,cinder_garden,Vale,15.0,awake,0.0,0.492781,0.516781,0.0,0.01,True,upright work rhythm,10.62788,0.756317,True
3579,224,32,lichen_bridge,Sol,16.5,awake,0.0,0.0,0.018,0.0,0.01,True,upright work rhythm,9.15338,0.748125,True
3580,224,32,orchid_engine,Bea,18.0,awake,0.0,0.433108,0.457108,0.02,0.03,True,upright work rhythm,11.723414,0.776533,True
3581,224,32,moss_ward,Fay,19.5,awake,0.0,0.433899,0.457899,0.02,0.03,True,upright work rhythm,7.133739,0.735142,True
3582,224,32,glass_harbor,Puck,21.0,awake,0.0,0.439332,0.457332,0.02,0.03,True,upright work rhythm,8.333506,0.75165,True
3583,224,32,cinder_garden,Wren,22.5,asleep,0.80752,0.036,0.0,0.02,0.0,True,"curled posture, low breath rhythm",10.766,0.782358,True
3584,225,33,orchid_engine,Bea,0.0,asleep,0.80752,0.457108,0.400582,0.03,0.0,True,"curled posture, low breath rhythm",10.873239,0.798367,True
3585,225,33,moss_ward,Fay,1.5,asleep,0.80752,0.457899,0.401373,0.03,0.0,True,"curled posture, low breath rhythm",6.283563,0.756975,True
3586,225,33,glass_harbor,Puck,3.0,asleep,0.80752,0.457332,0.400806,0.03,0.0,True,"curled posture, low breath rhythm",7.48333,0.773483,True
3587,225,33,cinder_garden,Wren,4.5,asleep,0.813,0.0,0.0,0.0,0.0,True,"curled posture, low breath rhythm",9.939,0.804192,True
3588,225,33,lichen_bridge,Kio,6.0,awake,0.0,0.648709,0.672709,0.01,0.02,True,upright work rhythm,8.944811,0.796,True
3589,225,33,orchid_engine,Cai,7.5,awake,0.0,0.116069,0.134069,0.01,0.02,True,upright work rhythm,11.113968,0.824408,True
3590,225,33,moss_ward,Milo,9.0,awake,0.0,0.115677,0.133677,0.01,0.02,True,upright work rhythm,6.523808,0.783017,True
3591,225,33,glass_harbor,Sera,10.5,awake,0.0,0.018,0.036,0.01,0.02,True,upright work rhythm,7.68376,0.799525,True
3592,225,33,cinder_garden,Juno,12.0,awake,0.0,0.383629,0.401629,0.0,0.01,True,upright work rhythm,10.453668,0.830233,True
3593,225,33,lichen_bridge,Luma,13.5,awake,0.0,0.378668,0.402668,0.0,0.01,True,upright work rhythm,9.184094,0.822042,True
3594,225,33,orchid_engine,Dax,15.0,awake,0.0,0.113828,0.131828,0.0,0.01,True,upright work rhythm,11.463049,0.85045,True
3595,225,33,moss_ward,Tala,16.5,awake,0.0,0.0,0.018,0.0,0.01,True,upright work rhythm,6.82638,0.809058,True
3596,225,33,glass_harbor,Nia,18.0,awake,0.0,0.117154,0.135154,0.02,0.03,True,upright work rhythm,8.074413,0.825567,True
3597,225,33,cinder_garden,Pax,19.5,awake,0.0,0.554676,0.572676,0.02,0.03,True,upright work rhythm,10.873797,0.856275,True
3598,225,33,lichen_bridge,Rin,21.0,awake,0.0,0.380494,0.404494,0.02,0.03,True,upright work rhythm,9.534842,0.848083,True
3599,225,33,orchid_engine,Eli,22.5,asleep,0.80752,0.042,0.0,0.02,0.0,True,"curled posture, low breath rhythm",11.759,0.876492,True
3600,226,33,glass_harbor,Nia,0.0,asleep,0.80752,0.135154,0.078628,0.03,0.0,True,"curled posture, low breath rhythm",7.211237,0.8464,True
3601,226,33,cinder_garden,Pax,1.5,asleep,0.80752,0.572676,0.516149,0.03,0.0,True,"curled posture, low breath rhythm",10.010621,0.877108,True
3602,226,33,lichen_bridge,Rin,3.0,asleep,0.80752,0.404494,0.347967,0.03,0.0,True,"curled posture, low breath rhythm",8.671667,0.868917,True
3603,226,33,orchid_engine,Eli,4.5,asleep,0.813,0.0,0.0,0.0,0.0,True,"curled posture, low breath rhythm",10.919,0.897325,True
3604,226,33,moss_ward,Ari,6.0,awake,0.0,0.401828,0.419828,0.01,0.02,True,upright work rhythm,6.501129,0.855933,True
3605,226,33,glass_harbor,Oren,7.5,awake,0.0,0.402525,0.426525,0.01,0.02,True,upright work rhythm,7.703875,0.872442,True
3606,226,33,cinder_garden,Vale,9.0,awake,0.0,0.516781,0.534781,0.01,0.02,True,upright work rhythm,10.36826,0.90315,True
3607,226,33,lichen_bridge,Sol,10.5,awake,0.0,0.018,0.042,0.01,0.02,True,upright work rhythm,8.89622,0.894958,True
3608,226,33,orchid_engine,Bea,12.0,awake,0.0,0.400582,0.418582,0.0,0.01,True,upright work rhythm,11.440619,0.923367,True
3609,226,33,moss_ward,Fay,13.5,awake,0.0,0.401373,0.419373,0.0,0.01,True,upright work rhythm,6.850943,0.881975,True
3610,226,33,glass_harbor,Puck,15.0,awake,0.0,0.400806,0.424806,0.0,0.01,True,upright work rhythm,8.05317,0.898483,True
3611,226,33,cinder_garden,Wren,16.5,awake,0.0,0.0,0.018,0.0,0.01,True,upright work rhythm,10.50638,0.929192,True
3612,226,33,lichen_bridge,Kio,18.0,awake,0.0,0.672709,0.696709,0.02,0.03,True,upright work rhythm,9.514651,0.921,True
3613,226,33,orchid_engine,Cai,19.5,awake,0.0,0.134069,0.152069,0.02,0.03,True,upright work rhythm,11.681348,0.949408,True
3614,226,33,moss_ward,Milo,21.0,awake,0.0,0.133677,0.151677,0.02,0.03,True,upright work rhythm,7.091188,0.908017,True
3615,226,33,glass_harbor,Sera,22.5,asleep,0.80752,0.036,0.0,0.02,0.0,True,"curled posture, low breath rhythm",8.229,0.924525,True
3616,227,33,lichen_bridge,Kio,0.0,asleep,0.80752,0.696709,0.640182,0.03,0.0,True,"curled posture, low breath rhythm",8.651475,0.941833,True
3617,227,33,orchid_engine,Cai,1.5,asleep,0.80752,0.152069,0.095543,0.03,0.0,True,"curled posture, low breath rhythm",10.818173,0.970242,True
3618,227,33,moss_ward,Milo,3.0,asleep,0.80752,0.151677,0.095151,0.03,0.0,True,"curled posture, low breath rhythm",6.228012,0.92885,True
3619,227,33,glass_harbor,Sera,4.5,asleep,0.813,0.0,0.0,0.0,0.0,True,"curled posture, low breath rhythm",7.389,0.945358,True
3620,227,33,cinder_garden,Juno,6.0,awake,0.0,0.401629,0.425629,0.01,0.02,True,upright work rhythm,10.183508,0.976067,True
3621,227,33,lichen_bridge,Luma,7.5,awake,0.0,0.402668,0.420668,0.01,0.02,True,upright work rhythm,8.911474,0.967875,True
3622,227,33,orchid_engine,Dax,9.0,awake,0.0,0.131828,0.149828,0.01,0.02,True,upright work rhythm,11.190429,0.996283,True
3623,227,33,moss_ward,Tala,10.5,awake,0.0,0.018,0.036,0.01,0.02,True,upright work rhythm,6.55376,0.954892,True
3624,227,33,glass_harbor,Nia,12.0,awake,0.0,0.078628,0.096628,0.0,0.01,True,upright work rhythm,7.778617,0.9714,True
3625,227,33,cinder_garden,Pax,13.5,awake,0.0,0.516149,0.540149,0.0,0.01,True,upright work rhythm,10.580461,0.002108,True
3626,227,33,lichen_bridge,Rin,15.0,awake,0.0,0.347967,0.365967,0.0,0.01,True,upright work rhythm,9.239047,0.993917,True
3627,227,33,orchid_engine,Eli,16.5,awake,0.0,0.0,0.018,0.0,0.01,True,upright work rhythm,11.48638,0.022325,True
3628,227,33,moss_ward,Ari,18.0,awake,0.0,0.419828,0.437828,0.02,0.03,True,upright work rhythm,7.068509,0.980933,True
3629,227,33,glass_harbor,Oren,19.5,awake,0.0,0.426525,0.444525,0.02,0.03,True,upright work rhythm,8.271255,0.997442,True
3630,227,33,cinder_garden,Vale,21.0,awake,0.0,0.534781,0.558781,0.02,0.03,True,upright work rhythm,10.9381,0.02815,True
3631,227,33,lichen_bridge,Sol,22.5,asleep,0.80752,0.042,0.0,0.02,0.0,True,"curled posture, low breath rhythm",9.439,0.019958,True
3632,228,33,moss_ward,Ari,0.0,asleep,0.80752,0.437828,0.381302,0.03,0.0,True,"curled posture, low breath rhythm",6.205334,0.001767,True
3633,228,33,glass_harbor,Oren,1.5,asleep,0.80752,0.444525,0.387999,0.03,0.0,True,"curled posture, low breath rhythm",7.40808,0.018275,True
3634,228,33,cinder_garden,Vale,3.0,asleep,0.80752,0.558781,0.502255,0.03,0.0,True,"curled posture, low breath rhythm",10.074924,0.048983,True
3635,228,33,lichen_bridge,Sol,4.5,asleep,0.813,0.0,0.0,0.0,0.0,True,"curled posture, low breath rhythm",8.599,0.040792,True
3636,228,33,orchid_engine,Bea,6.0,awake,0.0,0.418582,0.436582,0.01,0.02,True,upright work rhythm,11.167999,0.0692,True
3637,228,33,moss_ward,Fay,7.5,awake,0.0,0.419373,0.437373,0.01,0.02,True,upright work rhythm,6.578323,0.027808,True
3638,228,33,glass_harbor,Puck,9.0,awake,0.0,0.424806,0.442806,0.01,0.02,True,upright work rhythm,7.78055,0.044317,True
3639,228,33,cinder_garden,Wren,10.5,awake,0.0,0.018,0.036,0.01,0.02,True,upright work rhythm,10.23376,0.075025,True
3640,228,33,lichen_bridge,Kio,12.0,awake,0.0,0.640182,0.658182,0.0,0.01,True,upright work rhythm,9.218855,0.066833,True
3641,228,33,orchid_engine,Cai,13.5,awake,0.0,0.095543,0.113543,0.0,0.01,True,upright work rhythm,11.385553,0.095242,True
3642,228,33,moss_ward,Milo,15.0,awake,0.0,0.095151,0.113151,0.0,0.01,True,upright work rhythm,6.795392,0.05385,True
3643,228,33,glass_harbor,Sera,16.5,awake,0.0,0.0,0.018,0.0,0.01,True,upright work rhythm,7.95638,0.070358,True
3644,228,33,cinder_garden,Juno,18.0,awake,0.0,0.425629,0.443629,0.02,0.03,True,upright work rhythm,10.750888,0.101067,True
3645,228,33,lichen_bridge,Luma,19.5,awake,0.0,0.420668,0.438668,0.02,0.03,True,upright work rhythm,9.478854,0.092875,True
3646,228,33,orchid_engine,Dax,21.0,awake,0.0,0.149828,0.167828,0.02,0.03,True,upright work rhythm,11.757809,0.121283,True
3647,228,33,moss_ward,Tala,22.5,asleep,0.80752,0.036,0.0,0.02,0.0,True,"curled posture, low breath rhythm",7.099,0.079892,True
3648,229,33,cinder_garden,Juno,0.0,asleep,0.80752,0.443629,0.387103,0.03,0.0,True,"curled posture, low breath rhythm",9.887712,0.1219,True
3649,229,33,lichen_bridge,Luma,1.5,asleep,0.80752,0.438668,0.382142,0.03,0.0,True,"curled posture, low breath rhythm",8.615678,0.113708,True
3650,229,33,orchid_engine,Dax,3.0,asleep,0.80752,0.167828,0.111302,0.03,0.0,True,"curled posture, low breath rhythm",10.894634,0.142117,True
3651,229,33,moss_ward,Tala,4.5,asleep,0.813,0.0,0.0,0.0,0.0,True,"curled posture, low breath rhythm",6.259,0.100725,True
3652,229,33,glass_harbor,Nia,6.0,awake,0.0,0.096628,0.114628,0.01,0.02,True,upright work rhythm,7.505997,0.117233,True
3653,229,33,cinder_garden,Pax,7.5,awake,0.0,0.540149,0.564149,0.01,0.02,True,upright work rhythm,10.310301,0.147942,True
3654,229,33,lichen_bridge,Rin,9.0,awake,0.0,0.365967,0.383967,0.01,0.02,True,upright work rhythm,8.966427,0.13975,True
3655,229,33,orchid_engine,Eli,10.5,awake,0.0,0.018,0.042,0.01,0.02,True,upright work rhythm,11.21622,0.168158,True
3656,229,33,moss_ward,Ari,12.0,awake,0.0,0.381302,0.405302,0.0,0.01,True,upright work rhythm,6.775174,0.126767,True
3657,229,33,glass_harbor,Oren,13.5,awake,0.0,0.387999,0.405999,0.0,0.01,True,upright work rhythm,7.97546,0.143275,True
3658,229,33,cinder_garden,Vale,15.0,awake,0.0,0.502255,0.526255,0.0,0.01,True,upright work rhythm,10.644764,0.173983,True
3659,229,33,lichen_bridge,Sol,16.5,awake,0.0,0.0,0.018,0.0,0.01,True,upright work rhythm,9.16638,0.165792,True
3660,229,33,orchid_engine,Bea,18.0,awake,0.0,0.436582,0.460582,0.02,0.03,True,upright work rhythm,11.737839,0.1942,True
3661,229,33,moss_ward,Fay,19.5,awake,0.0,0.437373,0.461373,0.02,0.03,True,upright work rhythm,7.148163,0.152808,True
3662,229,33,glass_harbor,Puck,21.0,awake,0.0,0.442806,0.460806,0.02,0.03,True,upright work rhythm,8.34793,0.169317,True
3663,229,33,cinder_garden,Wren,22.5,asleep,0.80752,0.036,0.0,0.02,0.0,True,"curled posture, low breath rhythm",10.779,0.200025,True
3664,230,33,orchid_engine,Bea,0.0,asleep,0.80752,0.460582,0.404056,0.03,0.0,True,"curled posture, low breath rhythm",10.874663,0.215033,True
3665,230,33,moss_ward,Fay,1.5,asleep,0.80752,0.461373,0.404847,0.03,0.0,True,"curled posture, low breath rhythm",6.284987,0.173642,True
3666,230,33,glass_harbor,Puck,3.0,asleep,0.80752,0.460806,0.40428,0.03,0.0,True,"curled posture, low breath rhythm",7.484755,0.19015,True
3667,230,33,cinder_garden,Wren,4.5,asleep,0.813,0.0,0.0,0.0,0.0,True,"curled posture, low breath rhythm",9.939,0.220858,True
3668,230,33,lichen_bridge,Kio,6.0,awake,0.0,0.658182,0.682182,0.01,0.02,True,upright work rhythm,8.948695,0.212667,True
3669,230,33,orchid_engine,Cai,7.5,awake,0.0,0.113543,0.131543,0.01,0.02,True,upright work rhythm,11.112933,0.241075,True
3670,230,33,moss_ward,Milo,9.0,awake,0.0,0.113151,0.131151,0.01,0.02,True,upright work rhythm,6.522772,0.199683,True
3671,230,33,glass_harbor,Sera,10.5,awake,0.0,0.018,0.036,0.01,0.02,True,upright work rhythm,7.68376,0.216192,True
3672,230,33,cinder_garden,Juno,12.0,awake,0.0,0.387103,0.405103,0.0,0.01,True,upright work rhythm,10.455092,0.2469,True
3673,230,33,lichen_bridge,Luma,13.5,awake,0.0,0.382142,0.406142,0.0,0.01,True,upright work rhythm,9.185518,0.238708,True
3674,230,33,orchid_engine,Dax,15.0,awake,0.0,0.111302,0.129302,0.0,0.01,True,upright work rhythm,11.462014,0.267117,True
3675,230,33,moss_ward,Tala,16.5,awake,0.0,0.0,0.018,0.0,0.01,True,upright work rhythm,6.82638,0.225725,True
3676,230,33,glass_harbor,Nia,18.0,awake,0.0,0.114628,0.132628,0.02,0.03,True,upright work rhythm,8.073377,0.242233,True
3677,230,33,cinder_garden,Pax,19.5,awake,0.0,0.564149,0.582149,0.02,0.03,True,upright work rhythm,10.877681,0.272942,True
3678,230,33,lichen_bridge,Rin,21.0,awake,0.0,0.383967,0.407967,0.02,0.03,True,upright work rhythm,9.536267,0.26475,True
3679,230,33,orchid_engine,Eli,22.5,asleep,0.80752,0.042,0.0,0.02,0.0,True,"curled posture, low breath rhythm",11.759,0.293158,True
3680,231,33,glass_harbor,Nia,0.0,asleep,0.80752,0.132628,0.076102,0.03,0.0,True,"curled posture, low breath rhythm",7.210202,0.263067,True
3681,231,33,cinder_garden,Pax,1.5,asleep,0.80752,0.582149,0.525623,0.03,0.0,True,"curled posture, low breath rhythm",10.014505,0.293775,True
3682,231,33,lichen_bridge,Rin,3.0,asleep,0.80752,0.407967,0.351441,0.03,0.0,True,"curled posture, low breath rhythm",8.673091,0.285583,True
3683,231,33,orchid_engine,Eli,4.5,asleep,0.813,0.0,0.0,0.0,0.0,True,"curled posture, low breath rhythm",10.919,0.313992,True
3684,231,33,moss_ward,Ari,6.0,awake,0.0,0.405302,0.423302,0.01,0.02,True,upright work rhythm,6.502554,0.2726,True
3685,231,33,glass_harbor,Oren,7.5,awake,0.0,0.405999,0.429999,0.01,0.02,True,upright work rhythm,7.7053,0.289108,True
3686,231,33,cinder_garden,Vale,9.0,awake,0.0,0.526255,0.544255,0.01,0.02,True,upright work rhythm,10.372144,0.319817,True
3687,231,33,lichen_bridge,Sol,10.5,awake,0.0,0.018,0.042,0.01,0.02,True,upright work rhythm,8.89622,0.311625,True
3688,231,33,orchid_engine,Bea,12.0,awake,0.0,0.404056,0.422056,0.0,0.01,True,upright work rhythm,11.442043,0.340033,True
3689,231,33,moss_ward,Fay,13.5,awake,0.0,0.404847,0.422847,0.0,0.01,True,upright work rhythm,6.852367,0.298642,True
3690,231,33,glass_harbor,Puck,15.0,awake,0.0,0.40428,0.42828,0.0,0.01,True,upright work rhythm,8.054595,0.31515,True
3691,231,33,cinder_garden,Wren,16.5,awake,0.0,0.0,0.018,0.0,0.01,True,upright work rhythm,10.50638,0.345858,True
3692,231,33,lichen_bridge,Kio,18.0,awake,0.0,0.682182,0.706182,0.02,0.03,True,upright work rhythm,9.518535,0.337667,True
3693,231,33,orchid_engine,Cai,19.5,awake,0.0,0.131543,0.149543,0.02,0.03,True,upright work rhythm,11.680313,0.366075,True
3694,231,33,moss_ward,Milo,21.0,awake,0.0,0.131151,0.149151,0.02,0.03,True,upright work rhythm,7.090152,0.324683,True
3695,231,33,glass_harbor,Sera,22.5,asleep,0.80752,0.036,0.0,0.02,0.0,True,"curled posture, low breath rhythm",8.229,0.341192,True
3696,232,34,lichen_bridge,Kio,0.0,asleep,0.80752,0.706182,0.649656,0.03,0.0,True,"curled posture, low breath rhythm",8.668359,0.3595,True
3697,232,34,orchid_engine,Cai,1.5,asleep,0.80752,0.149543,0.093017,0.03,0.0,True,"curled posture, low breath rhythm",10.830137,0.387908,True
3698,232,34,moss_ward,Milo,3.0,asleep,0.80752,0.149151,0.092625,0.03,0.0,True,"curled posture, low breath rhythm",6.239976,0.346517,True
3699,232,34,glass_harbor,Sera,4.5,asleep,0.813,0.0,0.0,0.0,0.0,True,"curled posture, low breath rhythm",7.402,0.363025,True
3700,232,34,cinder_garden,Juno,6.0,awake,0.0,0.405103,0.429103,0.01,0.02,True,upright work rhythm,10.197932,0.393733,True
3701,232,34,lichen_bridge,Luma,7.5,awake,0.0,0.406142,0.424142,0.01,0.02,True,upright work rhythm,8.925898,0.385542,True
3702,232,34,orchid_engine,Dax,9.0,awake,0.0,0.129302,0.147302,0.01,0.02,True,upright work rhythm,11.202394,0.41395,True
3703,232,34,moss_ward,Tala,10.5,awake,0.0,0.018,0.036,0.01,0.02,True,upright work rhythm,6.56676,0.372558,True
3704,232,34,glass_harbor,Nia,12.0,awake,0.0,0.076102,0.094102,0.0,0.01,True,upright work rhythm,7.790582,0.389067,True
3705,232,34,cinder_garden,Pax,13.5,nap,0.6904,0.525623,0.498007,0.0,0.0,True,steps aside for short rest,10.576183,0.419775,True
3706,232,34,lichen_bridge,Rin,15.0,awake,0.0,0.351441,0.369441,0.0,0.01,True,upright work rhythm,9.253471,0.411583,True
3707,232,34,orchid_engine,Eli,16.5,awake,0.0,0.0,0.018,0.0,0.01,True,upright work rhythm,11.49938,0.439992,True
3708,232,34,moss_ward,Ari,18.0,awake,0.0,0.423302,0.441302,0.02,0.03,True,upright work rhythm,7.082934,0.3986,True
3709,232,34,glass_harbor,Oren,19.5,awake,0.0,0.429999,0.447999,0.02,0.03,True,upright work rhythm,8.28568,0.415108,True
3710,232,34,cinder_garden,Vale,21.0,awake,0.0,0.544255,0.568255,0.02,0.03,True,upright work rhythm,10.954984,0.445817,True
3711,232,34,lichen_bridge,Sol,22.5,asleep,0.80752,0.042,0.0,0.02,0.0,True,"curled posture, low breath rhythm",9.452,0.437625,True
3712,233,34,moss_ward,Ari,0.0,asleep,0.80752,0.441302,0.384775,0.03,0.0,True,"curled posture, low breath rhythm",6.219758,0.419433,True
3713,233,34,glass_harbor,Oren,1.5,asleep,0.80752,0.447999,0.391472,0.03,0.0,True,"curled posture, low breath rhythm",7.422504,0.435942,True
3714,233,34,cinder_garden,Vale,3.0,asleep,0.80752,0.568255,0.511728,0.03,0.0,True,"curled posture, low breath rhythm",10.091809,0.46665,True
3715,233,34,lichen_bridge,Sol,4.5,asleep,0.813,0.0,0.0,0.0,0.0,True,"curled posture, low breath rhythm",8.612,0.458458,True
3716,233,34,orchid_engine,Bea,6.0,awake,0.0,0.422056,0.440056,0.01,0.02,True,upright work rhythm,11.182423,0.486867,True
3717,233,34,moss_ward,Fay,7.5,awake,0.0,0.422847,0.440847,0.01,0.02,True,upright work rhythm,6.592747,0.445475,True
3718,233,34,glass_harbor,Puck,9.0,awake,0.0,0.42828,0.44628,0.01,0.02,True,upright work rhythm,7.794975,0.461983,True
3719,233,34,cinder_garden,Wren,10.5,awake,0.0,0.018,0.036,0.01,0.02,True,upright work rhythm,10.24676,0.492692,True
3720,233,34,lichen_bridge,Kio,12.0,awake,0.0,0.649656,0.667656,0.0,0.01,True,upright work rhythm,9.235739,0.4845,True
3721,233,34,orchid_engine,Cai,13.5,awake,0.0,0.093017,0.111017,0.0,0.01,True,upright work rhythm,11.397517,0.512908,True
3722,233,34,moss_ward,Milo,15.0,awake,0.0,0.092625,0.110625,0.0,0.01,True,upright work rhythm,6.807356,0.471517,True
3723,233,34,glass_harbor,Sera,16.5,awake,0.0,0.0,0.018,0.0,0.01,True,upright work rhythm,7.96938,0.488025,True
3724,233,34,cinder_garden,Juno,18.0,awake,0.0,0.429103,0.447103,0.02,0.03,True,upright work rhythm,10.765312,0.518733,True
3725,233,34,lichen_bridge,Luma,19.5,awake,0.0,0.424142,0.442142,0.02,0.03,True,upright work rhythm,9.493278,0.510542,True
3726,233,34,orchid_engine,Dax,21.0,awake,0.0,0.147302,0.165302,0.02,0.03,True,upright work rhythm,11.769774,0.53895,True
3727,233,34,moss_ward,Tala,22.5,asleep,0.80752,0.036,0.0,0.02,0.0,True,"curled posture, low breath rhythm",7.112,0.497558,True
3728,234,34,cinder_garden,Juno,0.0,asleep,0.80752,0.447103,0.390576,0.03,0.0,True,"curled posture, low breath rhythm",9.902136,0.539567,True
3729,234,34,lichen_bridge,Luma,1.5,asleep,0.80752,0.442142,0.385615,0.03,0.0,True,"curled posture, low breath rhythm",8.630102,0.531375,True
3730,234,34,orchid_engine,Dax,3.0,asleep,0.80752,0.165302,0.108775,0.03,0.0,True,"curled posture, low breath rhythm",10.906598,0.559783,True
3731,234,34,moss_ward,Tala,4.5,asleep,0.813,0.0,0.0,0.0,0.0,True,"curled posture, low breath rhythm",6.272,0.518392,True
3732,234,34,glass_harbor,Nia,6.0,awake,0.0,0.094102,0.112102,0.01,0.02,True,upright work rhythm,7.517962,0.5349,True
3733,234,34,cinder_garden,Pax,7.5,awake,0.0,0.498007,0.522007,0.0,0.01,True,upright work rhythm,10.306023,0.565608,True
3734,234,34,lichen_bridge,Rin,9.0,awake,0.0,0.369441,0.387441,0.01,0.02,True,upright work rhythm,8.980851,0.557417,True
3735,234,34,orchid_engine,Eli,10.5,awake,0.0,0.018,0.042,0.01,0.02,True,upright work rhythm,11.22922,0.585825,True
3736,234,34,moss_ward,Ari,12.0,awake,0.0,0.384775,0.408775,0.0,0.01,True,upright work rhythm,6.789598,0.544433,True
3737,234,34,glass_harbor,Oren,13.5,awake,0.0,0.391472,0.409472,0.0,0.01,True,upright work rhythm,7.989884,0.560942,True
3738,234,34,cinder_garden,Vale,15.0,awake,0.0,0.511728,0.535728,0.0,0.01,True,upright work rhythm,10.661649,0.59165,True
3739,234,34,lichen_bridge,Sol,16.5,awake,0.0,0.0,0.018,0.0,0.01,True,upright work rhythm,9.17938,0.583458,True
3740,234,34,orchid_engine,Bea,18.0,awake,0.0,0.440056,0.464056,0.02,0.03,True,upright work rhythm,11.752263,0.611867,True
3741,234,34,moss_ward,Fay,19.5,awake,0.0,0.440847,0.464847,0.02,0.03,True,upright work rhythm,7.162587,0.570475,True
3742,234,34,glass_harbor,Puck,21.0,awake,0.0,0.44628,0.46428,0.02,0.03,True,upright work rhythm,8.362355,0.586983,True
3743,234,34,cinder_garden,Wren,22.5,asleep,0.80752,0.036,0.0,0.02,0.0,True,"curled posture, low breath rhythm",10.792,0.617692,True
3744,235,34,orchid_engine,Bea,0.0,asleep,0.80752,0.464056,0.407529,0.03,0.0,True,"curled posture, low breath rhythm",10.889087,0.6327,True
3745,235,34,moss_ward,Fay,1.5,asleep,0.80752,0.464847,0.40832,0.03,0.0,True,"curled posture, low breath rhythm",6.299411,0.591308,True
3746,235,34,glass_harbor,Puck,3.0,asleep,0.80752,0.46428,0.407753,0.03,0.0,True,"curled posture, low breath rhythm",7.499179,0.607817,True
3747,235,34,cinder_garden,Wren,4.5,asleep,0.813,0.0,0.0,0.0,0.0,True,"curled posture, low breath rhythm",9.952,0.638525,True
3748,235,34,lichen_bridge,Kio,6.0,awake,0.0,0.667656,0.691656,0.01,0.02,True,upright work rhythm,8.965579,0.630333,True
3749,235,34,orchid_engine,Cai,7.5,awake,0.0,0.111017,0.129017,0.01,0.02,True,upright work rhythm,11.124897,0.658742,True
3750,235,34,moss_ward,Milo,9.0,awake,0.0,0.110625,0.128625,0.01,0.02,True,upright work rhythm,6.534736,0.61735,True
3751,235,34,glass_harbor,Sera,10.5,awake,0.0,0.018,0.036,0.01,0.02,True,upright work rhythm,7.69676,0.633858,True
3752,235,34,cinder_garden,Juno,12.0,awake,0.0,0.390576,0.408576,0.0,0.01,True,upright work rhythm,10.469516,0.664567,True
3753,235,34,lichen_bridge,Luma,13.5,awake,0.0,0.385615,0.409615,0.0,0.01,True,upright work rhythm,9.199942,0.656375,True
3754,235,34,orchid_engine,Dax,15.0,awake,0.0,0.108775,0.126775,0.0,0.01,True,upright work rhythm,11.473978,0.684783,True
3755,235,34,moss_ward,Tala,16.5,awake,0.0,0.0,0.018,0.0,0.01,True,upright work rhythm,6.83938,0.643392,True
3756,235,34,glass_harbor,Nia,18.0,awake,0.0,0.112102,0.130102,0.02,0.03,True,upright work rhythm,8.085342,0.6599,True
3757,235,34,cinder_garden,Pax,19.5,awake,0.0,0.522007,0.540007,0.01,0.02,True,upright work rhythm,10.873403,0.690608,True
3758,235,34,lichen_bridge,Rin,21.0,awake,0.0,0.387441,0.411441,0.02,0.03,True,upright work rhythm,9.550691,0.682417,True
3759,235,34,orchid_engine,Eli,22.5,asleep,0.80752,0.042,0.0,0.02,0.0,True,"curled posture, low breath rhythm",11.772,0.710825,True
3760,236,34,glass_harbor,Nia,0.0,asleep,0.80752,0.130102,0.073575,0.03,0.0,True,"curled posture, low breath rhythm",7.222166,0.680733,True
3761,236,34,cinder_garden,Pax,1.5,asleep,0.80752,0.540007,0.48348,0.02,0.0,True,"curled posture, low breath rhythm",10.010227,0.711442,True
3762,236,34,lichen_bridge,Rin,3.0,asleep,0.80752,0.411441,0.354914,0.03,0.0,True,"curled posture, low breath rhythm",8.687515,0.70325,True
3763,236,34,orchid_engine,Eli,4.5,asleep,0.813,0.0,0.0,0.0,0.0,True,"curled posture, low breath rhythm",10.932,0.731658,True
3764,236,34,moss_ward,Ari,6.0,awake,0.0,0.408775,0.426775,0.01,0.02,True,upright work rhythm,6.516978,0.690267,True
3765,236,34,glass_harbor,Oren,7.5,awake,0.0,0.409472,0.433472,0.01,0.02,True,upright work rhythm,7.719724,0.706775,True
3766,236,34,cinder_garden,Vale,9.0,awake,0.0,0.535728,0.553728,0.01,0.02,True,upright work rhythm,10.389029,0.737483,True
3767,236,34,lichen_bridge,Sol,10.5,awake,0.0,0.018,0.042,0.01,0.02,True,upright work rhythm,8.90922,0.729292,True
3768,236,34,orchid_engine,Bea,12.0,awake,0.0,0.407529,0.425529,0.0,0.01,True,upright work rhythm,11.456467,0.7577,True
3769,236,34,moss_ward,Fay,13.5,awake,0.0,0.40832,0.42632,0.0,0.01,True,upright work rhythm,6.866791,0.716308,True
3770,236,34,glass_harbor,Puck,15.0,awake,0.0,0.407753,0.431753,0.0,0.01,True,upright work rhythm,8.069019,0.732817,True
3771,236,34,cinder_garden,Wren,16.5,awake,0.0,0.0,0.018,0.0,0.01,True,upright work rhythm,10.51938,0.763525,True
3772,236,34,lichen_bridge,Kio,18.0,awake,0.0,0.691656,0.715656,0.02,0.03,True,upright work rhythm,9.535419,0.755333,True
3773,236,34,orchid_engine,Cai,19.5,awake,0.0,0.129017,0.147017,0.02,0.03,True,upright work rhythm,11.692277,0.783742,True
3774,236,34,moss_ward,Milo,21.0,awake,0.0,0.128625,0.146625,0.02,0.03,True,upright work rhythm,7.102116,0.74235,True
3775,236,34,glass_harbor,Sera,22.5,asleep,0.80752,0.036,0.0,0.02,0.0,True,"curled posture, low breath rhythm",8.242,0.758858,True
3776,237,34,lichen_bridge,Kio,0.0,asleep,0.80752,0.715656,0.659129,0.03,0.0,True,"curled posture, low breath rhythm",8.672243,0.776167,True
3777,237,34,orchid_engine,Cai,1.5,asleep,0.80752,0.147017,0.09049,0.03,0.0,True,"curled posture, low breath rhythm",10.829101,0.804575,True
3778,237,34,moss_ward,Milo,3.0,asleep,0.80752,0.146625,0.090098,0.03,0.0,True,"curled posture, low breath rhythm",6.23894,0.763183,True
3779,237,34,glass_harbor,Sera,4.5,asleep,0.813,0.0,0.0,0.0,0.0,True,"curled posture, low breath rhythm",7.402,0.779692,True
3780,237,34,cinder_garden,Juno,6.0,awake,0.0,0.408576,0.432576,0.01,0.02,True,upright work rhythm,10.199356,0.8104,True
3781,237,34,lichen_bridge,Luma,7.5,awake,0.0,0.409615,0.427615,0.01,0.02,True,upright work rhythm,8.927322,0.802208,True
3782,237,34,orchid_engine,Dax,9.0,awake,0.0,0.126775,0.144775,0.01,0.02,True,upright work rhythm,11.201358,0.830617,True
3783,237,34,moss_ward,Tala,10.5,awake,0.0,0.018,0.036,0.01,0.02,True,upright work rhythm,6.56676,0.789225,True
3784,237,34,glass_harbor,Nia,12.0,awake,0.0,0.073575,0.091575,0.0,0.01,True,upright work rhythm,7.789546,0.805733,True
3785,237,34,cinder_garden,Pax,13.5,awake,0.0,0.48348,0.50748,0.0,0.01,True,upright work rhythm,10.580067,0.836442,True
3786,237,34,lichen_bridge,Rin,15.0,awake,0.0,0.354914,0.372914,0.0,0.01,True,upright work rhythm,9.254895,0.82825,True
3787,237,34,orchid_engine,Eli,16.5,awake,0.0,0.0,0.018,0.0,0.01,True,upright work rhythm,11.49938,0.856658,True
3788,237,34,moss_ward,Ari,18.0,awake,0.0,0.426775,0.444775,0.02,0.03,True,upright work rhythm,7.084358,0.815267,True
3789,237,34,glass_harbor,Oren,19.5,awake,0.0,0.433472,0.451472,0.02,0.03,True,upright work rhythm,8.287104,0.831775,True
3790,237,34,cinder_garden,Vale,21.0,awake,0.0,0.553728,0.577728,0.02,0.03,True,upright work rhythm,10.958869,0.862483,True
3791,237,34,lichen_bridge,Sol,22.5,asleep,0.80752,0.042,0.0,0.02,0.0,True,"curled posture, low breath rhythm",9.452,0.854292,True
3792,238,34,moss_ward,Ari,0.0,asleep,0.80752,0.444775,0.388249,0.03,0.0,True,"curled posture, low breath rhythm",6.221182,0.8361,True
3793,238,34,glass_harbor,Oren,1.5,asleep,0.80752,0.451472,0.394946,0.03,0.0,True,"curled posture, low breath rhythm",7.423928,0.852608,True
3794,238,34,cinder_garden,Vale,3.0,asleep,0.80752,0.577728,0.521202,0.03,0.0,True,"curled posture, low breath rhythm",10.095693,0.883317,True
3795,238,34,lichen_bridge,Sol,4.5,asleep,0.813,0.0,0.0,0.0,0.0,True,"curled posture, low breath rhythm",8.612,0.875125,True
3796,238,34,orchid_engine,Bea,6.0,awake,0.0,0.425529,0.443529,0.01,0.02,True,upright work rhythm,11.183847,0.903533,True
3797,238,34,moss_ward,Fay,7.5,awake,0.0,0.42632,0.44432,0.01,0.02,True,upright work rhythm,6.594171,0.862142,True
3798,238,34,glass_harbor,Puck,9.0,awake,0.0,0.431753,0.449753,0.01,0.02,True,upright work rhythm,7.796399,0.87865,True
3799,238,34,cinder_garden,Wren,10.5,awake,0.0,0.018,0.036,0.01,0.02,True,upright work rhythm,10.24676,0.909358,True
3800,238,34,lichen_bridge,Kio,12.0,awake,0.0,0.659129,0.677129,0.0,0.01,True,upright work rhythm,9.239623,0.901167,True
3801,238,34,orchid_engine,Cai,13.5,awake,0.0,0.09049,0.10849,0.0,0.01,True,upright work rhythm,11.396481,0.929575,True
3802,238,34,moss_ward,Milo,15.0,awake,0.0,0.090098,0.108098,0.0,0.01,True,upright work rhythm,6.80632,0.888183,True
3803,238,34,glass_harbor,Sera,16.5,awake,0.0,0.0,0.018,0.0,0.01,True,upright work rhythm,7.96938,0.904692,True
3804,238,34,cinder_garden,Juno,18.0,awake,0.0,0.432576,0.450576,0.02,0.03,True,upright work rhythm,10.766736,0.9354,True
3805,238,34,lichen_bridge,Luma,19.5,awake,0.0,0.427615,0.445615,0.02,0.03,True,upright work rhythm,9.494702,0.927208,True
3806,238,34,orchid_engine,Dax,21.0,awake,0.0,0.144775,0.162775,0.02,0.03,True,upright work rhythm,11.768738,0.955617,True
3807,238,34,moss_ward,Tala,22.5,asleep,0.80752,0.036,0.0,0.02,0.0,True,"curled posture, low breath rhythm",7.112,0.914225,True
3808,239,35,cinder_garden,Juno,0.0,asleep,0.80752,0.450576,0.39405,0.03,0.0,True,"curled posture, low breath rhythm",9.916561,0.957233,True
3809,239,35,lichen_bridge,Luma,1.5,asleep,0.80752,0.445615,0.389089,0.03,0.0,True,"curled posture, low breath rhythm",8.644526,0.949042,True
3810,239,35,orchid_engine,Dax,3.0,asleep,0.80752,0.162775,0.106249,0.03,0.0,True,"curled posture, low breath rhythm",10.918562,0.97745,True
3811,239,35,moss_ward,Tala,4.5,asleep,0.813,0.0,0.0,0.0,0.0,True,"curled posture, low breath rhythm",6.285,0.936058,True
3812,239,35,glass_harbor,Nia,6.0,awake,0.0,0.091575,0.109575,0.01,0.02,True,upright work rhythm,7.529926,0.952567,True
3813,239,35,cinder_garden,Pax,7.5,awake,0.0,0.50748,0.53148,0.01,0.02,True,upright work rhythm,10.322907,0.983275,True
3814,239,35,lichen_bridge,Rin,9.0,awake,0.0,0.372914,0.390914,0.01,0.02,True,upright work rhythm,8.995275,0.975083,True
3815,239,35,orchid_engine,Eli,10.5,awake,0.0,0.018,0.042,0.01,0.02,True,upright work rhythm,11.24222,0.003492,True
3816,239,35,moss_ward,Ari,12.0,awake,0.0,0.388249,0.412249,0.0,0.01,True,upright work rhythm,6.804022,0.9621,True
3817,239,35,glass_harbor,Oren,13.5,awake,0.0,0.394946,0.412946,0.0,0.01,True,upright work rhythm,8.004308,0.978608,True
3818,239,35,cinder_garden,Vale,15.0,nap,0.6904,0.521202,0.493586,0.0,0.0,True,steps aside for short rest,10.65737,0.009317,True
3819,239,35,lichen_bridge,Sol,16.5,awake,0.0,0.0,0.018,0.0,0.01,True,upright work rhythm,9.19238,0.001125,True
3820,239,35,orchid_engine,Bea,18.0,awake,0.0,0.443529,0.467529,0.02,0.03,True,upright work rhythm,11.766687,0.029533,True
3821,239,35,moss_ward,Fay,19.5,awake,0.0,0.44432,0.46832,0.02,0.03,True,upright work rhythm,7.177011,0.988142,True
3822,239,35,glass_harbor,Puck,21.0,awake,0.0,0.449753,0.467753,0.02,0.03,True,upright work rhythm,8.376779,0.00465,True
3823,239,35,cinder_garden,Wren,22.5,asleep,0.80752,0.036,0.0,0.02,0.0,True,"curled posture, low breath rhythm",10.805,0.035358,True
3824,240,35,orchid_engine,Bea,0.0,asleep,0.80752,0.467529,0.411003,0.03,0.0,True,"curled posture, low breath rhythm",10.903511,0.050367,True
3825,240,35,moss_ward,Fay,1.5,asleep,0.80752,0.46832,0.411794,0.03,0.0,True,"curled posture, low breath rhythm",6.313835,0.008975,True
3826,240,35,glass_harbor,Puck,3.0,asleep,0.80752,0.467753,0.411227,0.03,0.0,True,"curled posture, low breath rhythm",7.513603,0.025483,True
3827,240,35,cinder_garden,Wren,4.5,asleep,0.813,0.0,0.0,0.0,0.0,True,"curled posture, low breath rhythm",9.965,0.056192,True
3828,240,35,lichen_bridge,Kio,6.0,awake,0.0,0.677129,0.701129,0.01,0.02,True,upright work rhythm,8.982463,0.048,True
3829,240,35,orchid_engine,Cai,7.5,awake,0.0,0.10849,0.12649,0.01,0.02,True,upright work rhythm,11.136861,0.076408,True
3830,240,35,moss_ward,Milo,9.0,awake,0.0,0.108098,0.126098,0.01,0.02,True,upright work rhythm,6.5467,0.035017,True
3831,240,35,glass_harbor,Sera,10.5,awake,0.0,0.018,0.036,0.01,0.02,True,upright work rhythm,7.70976,0.051525,True
3832,240,35,cinder_garden,Juno,12.0,awake,0.0,0.39405,0.41205,0.0,0.01,True,upright work rhythm,10.483941,0.082233,True
3833,240,35,lichen_bridge,Luma,13.5,awake,0.0,0.389089,0.413089,0.0,0.01,True,upright work rhythm,9.214366,0.074042,True
3834,240,35,orchid_engine,Dax,15.0,awake,0.0,0.106249,0.124249,0.0,0.01,True,upright work rhythm,11.485942,0.10245,True
3835,240,35,moss_ward,Tala,16.5,awake,0.0,0.0,0.018,0.0,0.01,True,upright work rhythm,6.85238,0.061058,True
3836,240,35,glass_harbor,Nia,18.0,awake,0.0,0.109575,0.127575,0.02,0.03,True,upright work rhythm,8.097306,0.077567,True
3837,240,35,cinder_garden,Pax,19.5,awake,0.0,0.53148,0.54948,0.02,0.03,True,upright work rhythm,10.890287,0.108275,True
3838,240,35,lichen_bridge,Rin,21.0,awake,0.0,0.390914,0.414914,0.02,0.03,True,upright work rhythm,9.565115,0.100083,True
3839,240,35,orchid_engine,Eli,22.5,asleep,0.80752,0.042,0.0,0.02,0.0,True,"curled posture, low breath rhythm",11.785,0.128492,True
3840,241,35,glass_harbor,Nia,0.0,asleep,0.80752,0.127575,0.071049,0.03,0.0,True,"curled posture, low breath rhythm",7.23413,0.0984,True
3841,241,35,cinder_garden,Pax,1.5,asleep,0.80752,0.54948,0.492954,0.03,0.0,True,"curled posture, low breath rhythm",10.027111,0.129108,True
3842,241,35,lichen_bridge,Rin,3.0,asleep,0.80752,0.414914,0.358388,0.03,0.0,True,"curled posture, low breath rhythm",8.701939,0.120917,True
3843,241,35,orchid_engine,Eli,4.5,asleep,0.813,0.0,0.0,0.0,0.0,True,"curled posture, low breath rhythm",10.945,0.149325,True
3844,241,35,moss_ward,Ari,6.0,awake,0.0,0.412249,0.430249,0.01,0.02,True,upright work rhythm,6.531402,0.107933,True
3845,241,35,glass_harbor,Oren,7.5,awake,0.0,0.412946,0.436946,0.01,0.02,True,upright work rhythm,7.734148,0.124442,True
3846,241,35,cinder_garden,Vale,9.0,awake,0.0,0.493586,0.511586,0.0,0.01,True,upright work rhythm,10.38475,0.15515,True
3847,241,35,lichen_bridge,Sol,10.5,awake,0.0,0.018,0.042,0.01,0.02,True,upright work rhythm,8.92222,0.146958,True
3848,241,35,orchid_engine,Bea,12.0,awake,0.0,0.411003,0.429003,0.0,0.01,True,upright work rhythm,11.470891,0.175367,True
3849,241,35,moss_ward,Fay,13.5,awake,0.0,0.411794,0.429794,0.0,0.01,True,upright work rhythm,6.881215,0.133975,True
3850,241,35,glass_harbor,Puck,15.0,awake,0.0,0.411227,0.435227,0.0,0.01,True,upright work rhythm,8.083443,0.150483,True
3851,241,35,cinder_garden,Wren,16.5,awake,0.0,0.0,0.018,0.0,0.01,True,upright work rhythm,10.53238,0.181192,True
3852,241,35,lichen_bridge,Kio,18.0,awake,0.0,0.701129,0.725129,0.02,0.03,True,upright work rhythm,9.552303,0.173,True
3853,241,35,orchid_engine,Cai,19.5,awake,0.0,0.12649,0.14449,0.02,0.03,True,upright work rhythm,11.704241,0.201408,True
3854,241,35,moss_ward,Milo,21.0,awake,0.0,0.126098,0.144098,0.02,0.03,True,upright work rhythm,7.11408,0.160017,True
3855,241,35,glass_harbor,Sera,22.5,asleep,0.80752,0.036,0.0,0.02,0.0,True,"curled posture, low breath rhythm",8.255,0.176525,True
3856,242,35,lichen_bridge,Kio,0.0,asleep,0.80752,0.725129,0.668603,0.03,0.0,True,"curled posture, low breath rhythm",8.689127,0.193833,True
3857,242,35,orchid_engine,Cai,1.5,asleep,0.80752,0.14449,0.087964,0.03,0.0,True,"curled posture, low breath rhythm",10.841065,0.222242,True
3858,242,35,moss_ward,Milo,3.0,asleep,0.80752,0.144098,0.087572,0.03,0.0,True,"curled posture, low breath rhythm",6.250904,0.18085,True
3859,242,35,glass_harbor,Sera,4.5,asleep,0.813,0.0,0.0,0.0,0.0,True,"curled posture, low breath rhythm",7.415,0.197358,True
3860,242,35,cinder_garden,Juno,6.0,awake,0.0,0.41205,0.43605,0.01,0.02,True,upright work rhythm,10.213781,0.228067,True
3861,242,35,lichen_bridge,Luma,7.5,awake,0.0,0.413089,0.431089,0.01,0.02,True,upright work rhythm,8.941746,0.219875,True
3862,242,35,orchid_engine,Dax,9.0,awake,0.0,0.124249,0.142249,0.01,0.02,True,upright work rhythm,11.213322,0.248283,True
3863,242,35,moss_ward,Tala,10.5,awake,0.0,0.018,0.036,0.01,0.02,True,upright work rhythm,6.57976,0.206892,True
3864,242,35,glass_harbor,Nia,12.0,awake,0.0,0.071049,0.089049,0.0,0.01,True,upright work rhythm,7.80151,0.2234,True
3865,242,35,cinder_garden,Pax,13.5,awake,0.0,0.492954,0.516954,0.0,0.01,True,upright work rhythm,10.596951,0.254108,True
3866,242,35,lichen_bridge,Rin,15.0,awake,0.0,0.358388,0.376388,0.0,0.01,True,upright work rhythm,9.269319,0.245917,True
3867,242,35,orchid_engine,Eli,16.5,awake,0.0,0.0,0.018,0.0,0.01,True,upright work rhythm,11.51238,0.274325,True
3868,242,35,moss_ward,Ari,18.0,awake,0.0,0.430249,0.448249,0.02,0.03,True,upright work rhythm,7.098782,0.232933,True
3869,242,35,glass_harbor,Oren,19.5,awake,0.0,0.436946,0.454946,0.02,0.03,True,upright work rhythm,8.301528,0.249442,True
3870,242,35,cinder_garden,Vale,21.0,awake,0.0,0.511586,0.535586,0.01,0.02,True,upright work rhythm,10.95459,0.28015,True
3871,242,35,lichen_bridge,Sol,22.5,asleep,0.80752,0.042,0.0,0.02,0.0,True,"curled posture, low breath rhythm",9.465,0.271958,True
3872,243,35,moss_ward,Ari,0.0,asleep,0.80752,0.448249,0.391722,0.03,0.0,True,"curled posture, low breath rhythm",6.235606,0.253767,True
3873,243,35,glass_harbor,Oren,1.5,asleep,0.80752,0.454946,0.39842,0.03,0.0,True,"curled posture, low breath rhythm",7.438352,0.270275,True
3874,243,35,cinder_garden,Vale,3.0,asleep,0.80752,0.535586,0.47906,0.02,0.0,True,"curled posture, low breath rhythm",10.091414,0.300983,True
3875,243,35,lichen_bridge,Sol,4.5,asleep,0.813,0.0,0.0,0.0,0.0,True,"curled posture, low breath rhythm",8.625,0.292792,True
3876,243,35,orchid_engine,Bea,6.0,awake,0.0,0.429003,0.447003,0.01,0.02,True,upright work rhythm,11.198271,0.3212,True
3877,243,35,moss_ward,Fay,7.5,awake,0.0,0.429794,0.447794,0.01,0.02,True,upright work rhythm,6.608595,0.279808,True
3878,243,35,glass_harbor,Puck,9.0,awake,0.0,0.435227,0.453227,0.01,0.02,True,upright work rhythm,7.810823,0.296317,True
3879,243,35,cinder_garden,Wren,10.5,awake,0.0,0.018,0.036,0.01,0.02,True,upright work rhythm,10.25976,0.327025,True
3880,243,35,lichen_bridge,Kio,12.0,awake,0.0,0.668603,0.686603,0.0,0.01,True,upright work rhythm,9.256507,0.318833,True
3881,243,35,orchid_engine,Cai,13.5,awake,0.0,0.087964,0.105964,0.0,0.01,True,upright work rhythm,11.408445,0.347242,True
3882,243,35,moss_ward,Milo,15.0,awake,0.0,0.087572,0.105572,0.0,0.01,True,upright work rhythm,6.818284,0.30585,True
3883,243,35,glass_harbor,Sera,16.5,awake,0.0,0.0,0.018,0.0,0.01,True,upright work rhythm,7.98238,0.322358,True
3884,243,35,cinder_garden,Juno,18.0,awake,0.0,0.43605,0.45405,0.02,0.03,True,upright work rhythm,10.781161,0.353067,True
3885,243,35,lichen_bridge,Luma,19.5,awake,0.0,0.431089,0.449089,0.02,0.03,True,upright work rhythm,9.509126,0.344875,True
3886,243,35,orchid_engine,Dax,21.0,awake,0.0,0.142249,0.160249,0.02,0.03,True,upright work rhythm,11.780702,0.373283,True
3887,243,35,moss_ward,Tala,22.5,asleep,0.80752,0.036,0.0,0.02,0.0,True,"curled posture, low breath rhythm",7.125,0.331892,True
3888,244,35,cinder_garden,Juno,0.0,asleep,0.80752,0.45405,0.397524,0.03,0.0,True,"curled posture, low breath rhythm",9.917985,0.3739,True
3889,244,35,lichen_bridge,Luma,1.5,asleep,0.80752,0.449089,0.392562,0.03,0.0,True,"curled posture, low breath rhythm",8.645951,0.365708,True
3890,244,35,orchid_engine,Dax,3.0,asleep,0.80752,0.160249,0.103722,0.03,0.0,True,"curled posture, low breath rhythm",10.917526,0.394117,True
3891,244,35,moss_ward,Tala,4.5,asleep,0.813,0.0,0.0,0.0,0.0,True,"curled posture, low breath rhythm",6.285,0.352725,True
3892,244,35,glass_harbor,Nia,6.0,awake,0.0,0.089049,0.107049,0.01,0.02,True,upright work rhythm,7.52889,0.369233,True
3893,244,35,cinder_garden,Pax,7.5,awake,0.0,0.516954,0.540954,0.01,0.02,True,upright work rhythm,10.326791,0.399942,True
3894,244,35,lichen_bridge,Rin,9.0,awake,0.0,0.376388,0.394388,0.01,0.02,True,upright work rhythm,8.996699,0.39175,True
3895,244,35,orchid_engine,Eli,10.5,awake,0.0,0.018,0.042,0.01,0.02,True,upright work rhythm,11.24222,0.420158,True
3896,244,35,moss_ward,Ari,12.0,awake,0.0,0.391722,0.415722,0.0,0.01,True,upright work rhythm,6.805446,0.378767,True
3897,244,35,glass_harbor,Oren,13.5,awake,0.0,0.39842,0.41642,0.0,0.01,True,upright work rhythm,8.005732,0.395275,True
3898,244,35,cinder_garden,Vale,15.0,awake,0.0,0.47906,0.50306,0.0,0.01,True,upright work rhythm,10.661254,0.425983,True
3899,244,35,lichen_bridge,Sol,16.5,awake,0.0,0.0,0.018,0.0,0.01,True,upright work rhythm,9.19238,0.417792,True
3900,244,35,orchid_engine,Bea,18.0,awake,0.0,0.447003,0.471003,0.02,0.03,True,upright work rhythm,11.768111,0.4462,True
3901,244,35,moss_ward,Fay,19.5,awake,0.0,0.447794,0.471794,0.02,0.03,True,upright work rhythm,7.178435,0.404808,True
3902,244,35,glass_harbor,Puck,21.0,awake,0.0,0.453227,0.471227,0.02,0.03,True,upright work rhythm,8.378203,0.421317,True
3903,244,35,cinder_garden,Wren,22.5,asleep,0.80752,0.036,0.0,0.02,0.0,True,"curled posture, low breath rhythm",10.805,0.452025,True
3904,245,35,orchid_engine,Bea,0.0,asleep,0.80752,0.471003,0.414476,0.03,0.0,True,"curled posture, low breath rhythm",10.904935,0.467033,True
3905,245,35,moss_ward,Fay,1.5,asleep,0.80752,0.471794,0.415267,0.03,0.0,True,"curled posture, low breath rhythm",6.31526,0.425642,True
3906,245,35,glass_harbor,Puck,3.0,asleep,0.80752,0.471227,0.4147,0.03,0.0,True,"curled posture, low breath rhythm",7.515027,0.44215,True
3907,245,35,cinder_garden,Wren,4.5,asleep,0.813,0.0,0.0,0.0,0.0,True,"curled posture, low breath rhythm",9.965,0.472858,True
3908,245,35,lichen_bridge,Kio,6.0,awake,0.0,0.686603,0.710603,0.01,0.02,True,upright work rhythm,8.986347,0.464667,True
3909,245,35,orchid_engine,Cai,7.5,awake,0.0,0.105964,0.123964,0.01,0.02,True,upright work rhythm,11.135825,0.493075,True
3910,245,35,moss_ward,Milo,9.0,awake,0.0,0.105572,0.123572,0.01,0.02,True,upright work rhythm,6.545664,0.451683,True
3911,245,35,glass_harbor,Sera,10.5,awake,0.0,0.018,0.036,0.01,0.02,True,upright work rhythm,7.70976,0.468192,True
3912,245,35,cinder_garden,Juno,12.0,awake,0.0,0.397524,0.415524,0.0,0.01,True,upright work rhythm,10.485365,0.4989,True
3913,245,35,lichen_bridge,Luma,13.5,awake,0.0,0.392562,0.416562,0.0,0.01,True,upright work rhythm,9.215791,0.490708,True
3914,245,35,orchid_engine,Dax,15.0,awake,0.0,0.103722,0.121722,0.0,0.01,True,upright work rhythm,11.484906,0.519117,True
3915,245,35,moss_ward,Tala,16.5,awake,0.0,0.0,0.018,0.0,0.01,True,upright work rhythm,6.85238,0.477725,True
3916,245,35,glass_harbor,Nia,18.0,awake,0.0,0.107049,0.125049,0.02,0.03,True,upright work rhythm,8.09627,0.494233,True
3917,245,35,cinder_garden,Pax,19.5,awake,0.0,0.540954,0.558954,0.02,0.03,True,upright work rhythm,10.894171,0.524942,True
3918,245,35,lichen_bridge,Rin,21.0,awake,0.0,0.394388,0.418388,0.02,0.03,True,upright work rhythm,9.566539,0.51675,True
3919,245,35,orchid_engine,Eli,22.5,asleep,0.80752,0.042,0.0,0.02,0.0,True,"curled posture, low breath rhythm",11.785,0.545158,True
3920,246,36,glass_harbor,Nia,0.0,asleep,0.80752,0.125049,0.068522,0.03,0.0,True,"curled posture, low breath rhythm",7.246094,0.516067,True
3921,246,36,cinder_garden,Pax,1.5,asleep,0.80752,0.558954,0.502428,0.03,0.0,True,"curled posture, low breath rhythm",10.043995,0.546775,True
3922,246,36,lichen_bridge,Rin,3.0,asleep,0.80752,0.418388,0.361862,0.03,0.0,True,"curled posture, low breath rhythm",8.716363,0.538583,True
3923,246,36,orchid_engine,Eli,4.5,asleep,0.813,0.0,0.0,0.0,0.0,True,"curled posture, low breath rhythm",10.958,0.566992,True
3924,246,36,moss_ward,Ari,6.0,awake,0.0,0.415722,0.433722,0.01,0.02,True,upright work rhythm,6.545826,0.5256,True
3925,246,36,glass_harbor,Oren,7.5,awake,0.0,0.41642,0.44042,0.01,0.02,True,upright work rhythm,7.748572,0.542108,True
3926,246,36,cinder_garden,Vale,9.0,awake,0.0,0.50306,0.52106,0.01,0.02,True,upright work rhythm,10.401634,0.572817,True
3927,246,36,lichen_bridge,Sol,10.5,awake,0.0,0.018,0.042,0.01,0.02,True,upright work rhythm,8.93522,0.564625,True
3928,246,36,orchid_engine,Bea,12.0,awake,0.0,0.414476,0.432476,0.0,0.01,True,upright work rhythm,11.485315,0.593033,True
3929,246,36,moss_ward,Fay,13.5,awake,0.0,0.415267,0.433267,0.0,0.01,True,upright work rhythm,6.89564,0.551642,True
3930,246,36,glass_harbor,Puck,15.0,awake,0.0,0.4147,0.4387,0.0,0.01,True,upright work rhythm,8.097867,0.56815,True
3931,246,36,cinder_garden,Wren,16.5,awake,0.0,0.0,0.018,0.0,0.01,True,upright work rhythm,10.54538,0.598858,True
3932,246,36,lichen_bridge,Kio,18.0,awake,0.0,0.710603,0.734603,0.02,0.03,True,upright work rhythm,9.569187,0.590667,True
3933,246,36,orchid_engine,Cai,19.5,awake,0.0,0.123964,0.141964,0.02,0.03,True,upright work rhythm,11.716205,0.619075,True
3934,246,36,moss_ward,Milo,21.0,awake,0.0,0.123572,0.141572,0.02,0.03,True,upright work rhythm,7.126044,0.577683,True
3935,246,36,glass_harbor,Sera,22.5,asleep,0.80752,0.036,0.0,0.02,0.0,True,"curled posture, low breath rhythm",8.268,0.594192,True
3936,247,36,lichen_bridge,Kio,0.0,asleep,0.80752,0.734603,0.678077,0.03,0.0,True,"curled posture, low breath rhythm",8.706011,0.6115,True
3937,247,36,orchid_engine,Cai,1.5,asleep,0.80752,0.141964,0.085437,0.03,0.0,True,"curled posture, low breath rhythm",10.853029,0.639908,True
3938,247,36,moss_ward,Milo,3.0,asleep,0.80752,0.141572,0.085045,0.03,0.0,True,"curled posture, low breath rhythm",6.262869,0.598517,True
3939,247,36,glass_harbor,Sera,4.5,asleep,0.813,0.0,0.0,0.0,0.0,True,"curled posture, low breath rhythm",7.428,0.615025,True
3940,247,36,cinder_garden,Juno,6.0,awake,0.0,0.415524,0.439524,0.01,0.02,True,upright work rhythm,10.228205,0.645733,True
3941,247,36,lichen_bridge,Luma,7.5,awake,0.0,0.416562,0.434562,0.01,0.02,True,upright work rhythm,8.956171,0.637542,True
3942,247,36,orchid_engine,Dax,9.0,awake,0.0,0.121722,0.139722,0.01,0.02,True,upright work rhythm,11.225286,0.66595,True
3943,247,36,moss_ward,Tala,10.5,awake,0.0,0.018,0.036,0.01,0.02,True,upright work rhythm,6.59276,0.624558,True
3944,247,36,glass_harbor,Nia,12.0,awake,0.0,0.068522,0.086522,0.0,0.01,True,upright work rhythm,7.813474,0.641067,True
3945,247,36,cinder_garden,Pax,13.5,awake,0.0,0.502428,0.526428,0.0,0.01,True,upright work rhythm,10.613835,0.671775,True
3946,247,36,lichen_bridge,Rin,15.0,awake,0.0,0.361862,0.379862,0.0,0.01,True,upright work rhythm,9.283743,0.663583,True
3947,247,36,orchid_engine,Eli,16.5,awake,0.0,0.0,0.018,0.0,0.01,True,upright work rhythm,11.52538,0.691992,True
3948,247,36,moss_ward,Ari,18.0,awake,0.0,0.433722,0.451722,0.02,0.03,True,upright work rhythm,7.113206,0.6506,True
3949,247,36,glass_harbor,Oren,19.5,awake,0.0,0.44042,0.45842,0.02,0.03,True,upright work rhythm,8.315952,0.667108,True
3950,247,36,cinder_garden,Vale,21.0,awake,0.0,0.52106,0.54506,0.02,0.03,True,upright work rhythm,10.971474,0.697817,True
3951,247,36,lichen_bridge,Sol,22.5,asleep,0.80752,0.042,0.0,0.02,0.0,True,"curled posture, low breath rhythm",9.478,0.689625,True
3952,248,36,moss_ward,Ari,0.0,asleep,0.80752,0.451722,0.395196,0.03,0.0,True,"curled posture, low breath rhythm",6.25003,0.671433,True
3953,248,36,glass_harbor,Oren,1.5,asleep,0.80752,0.45842,0.401893,0.03,0.0,True,"curled posture, low breath rhythm",7.452776,0.687942,True
3954,248,36,cinder_garden,Vale,3.0,asleep,0.80752,0.54506,0.488533,0.03,0.0,True,"curled posture, low breath rhythm",10.108299,0.71865,True
3955,248,36,lichen_bridge,Sol,4.5,asleep,0.813,0.0,0.0,0.0,0.0,True,"curled posture, low breath rhythm",8.638,0.710458,True
3956,248,36,orchid_engine,Bea,6.0,awake,0.0,0.432476,0.450476,0.01,0.02,True,upright work rhythm,11.212695,0.738867,True
3957,248,36,moss_ward,Fay,7.5,awake,0.0,0.433267,0.451267,0.01,0.02,True,upright work rhythm,6.62302,0.697475,True
3958,248,36,glass_harbor,Puck,9.0,awake,0.0,0.4387,0.4567,0.01,0.02,True,upright work rhythm,7.825247,0.713983,True
3959,248,36,cinder_garden,Wren,10.5,awake,0.0,0.018,0.036,0.01,0.02,True,upright work rhythm,10.27276,0.744692,True
3960,248,36,lichen_bridge,Kio,12.0,awake,0.0,0.678077,0.696077,0.0,0.01,True,upright work rhythm,9.273391,0.7365,True
3961,248,36,orchid_engine,Cai,13.5,awake,0.0,0.085437,0.103437,0.0,0.01,True,upright work rhythm,11.420409,0.764908,True
3962,248,36,moss_ward,Milo,15.0,awake,0.0,0.085045,0.103045,0.0,0.01,True,upright work rhythm,6.830249,0.723517,True
3963,248,36,glass_harbor,Sera,16.5,awake,0.0,0.0,0.018,0.0,0.01,True,upright work rhythm,7.99538,0.740025,True
3964,248,36,cinder_garden,Juno,18.0,awake,0.0,0.439524,0.457524,0.02,0.03,True,upright work rhythm,10.795585,0.770733,True
3965,248,36,lichen_bridge,Luma,19.5,awake,0.0,0.434562,0.452562,0.02,0.03,True,upright work rhythm,9.523551,0.762542,True
3966,248,36,orchid_engine,Dax,21.0,awake,0.0,0.139722,0.157722,0.02,0.03,True,upright work rhythm,11.792666,0.79095,True
3967,248,36,moss_ward,Tala,22.5,asleep,0.80752,0.036,0.0,0.02,0.0,True,"curled posture, low breath rhythm",7.138,0.749558,True
3968,249,36,cinder_garden,Juno,0.0,asleep,0.80752,0.457524,0.400997,0.03,0.0,True,"curled posture, low breath rhythm",9.932409,0.791567,True
3969,249,36,lichen_bridge,Luma,1.5,asleep,0.80752,0.452562,0.396036,0.03,0.0,True,"curled posture, low breath rhythm",8.660375,0.783375,True
3970,249,36,orchid_engine,Dax,3.0,asleep,0.80752,0.157722,0.101196,0.03,0.0,True,"curled posture, low breath rhythm",10.92949,0.811783,True
3971,249,36,moss_ward,Tala,4.5,asleep,0.813,0.0,0.0,0.0,0.0,True,"curled posture, low breath rhythm",6.298,0.770392,True
3972,249,36,glass_harbor,Nia,6.0,awake,0.0,0.086522,0.104522,0.01,0.02,True,upright work rhythm,7.540854,0.7869,True
3973,249,36,cinder_garden,Pax,7.5,awake,0.0,0.526428,0.550428,0.01,0.02,True,upright work rhythm,10.343675,0.817608,True
3974,249,36,lichen_bridge,Rin,9.0,awake,0.0,0.379862,0.397862,0.01,0.02,True,upright work rhythm,9.011123,0.809417,True
3975,249,36,orchid_engine,Eli,10.5,awake,0.0,0.018,0.042,0.01,0.02,True,upright work rhythm,11.25522,0.837825,True
3976,249,36,moss_ward,Ari,12.0,awake,0.0,0.395196,0.419196,0.0,0.01,True,upright work rhythm,6.81987,0.796433,True
3977,249,36,glass_harbor,Oren,13.5,awake,0.0,0.401893,0.419893,0.0,0.01,True,upright work rhythm,8.020156,0.812942,True
3978,249,36,cinder_garden,Vale,15.0,awake,0.0,0.488533,0.512533,0.0,0.01,True,upright work rhythm,10.678139,0.84365,True
3979,249,36,lichen_bridge,Sol,16.5,awake,0.0,0.0,0.018,0.0,0.01,True,upright work rhythm,9.20538,0.835458,True
3980,249,36,orchid_engine,Bea,18.0,awake,0.0,0.450476,0.474476,0.02,0.03,True,upright work rhythm,11.782535,0.863867,True
3981,249,36,moss_ward,Fay,19.5,awake,0.0,0.451267,0.475267,0.02,0.03,True,upright work rhythm,7.19286,0.822475,True
3982,249,36,glass_harbor,Puck,21.0,awake,0.0,0.4567,0.4747,0.02,0.03,True,upright work rhythm,8.392627,0.838983,True
3983,249,36,cinder_garden,Wren,22.5,asleep,0.80752,0.036,0.0,0.02,0.0,True,"curled posture, low breath rhythm",10.818,0.869692,True
3984,250,36,orchid_engine,Bea,0.0,asleep,0.80752,0.474476,0.41795,0.03,0.0,True,"curled posture, low breath rhythm",10.91936,0.8847,True
3985,250,36,moss_ward,Fay,1.5,asleep,0.80752,0.475267,0.418741,0.03,0.0,True,"curled posture, low breath rhythm",6.329684,0.843308,True
3986,250,36,glass_harbor,Puck,3.0,asleep,0.80752,0.4747,0.418174,0.03,0.0,True,"curled posture, low breath rhythm",7.529451,0.859817,True
3987,250,36,cinder_garden,Wren,4.5,asleep,0.813,0.0,0.0,0.0,0.0,True,"curled posture, low breath rhythm",9.978,0.890525,True
3988,250,36,lichen_bridge,Kio,6.0,awake,0.0,0.696077,0.720077,0.01,0.02,True,upright work rhythm,9.003231,0.882333,True
3989,250,36,orchid_engine,Cai,7.5,awake,0.0,0.103437,0.121437,0.01,0.02,True,upright work rhythm,11.147789,0.910742,True
3990,250,36,moss_ward,Milo,9.0,awake,0.0,0.103045,0.121045,0.01,0.02,True,upright work rhythm,6.557629,0.86935,True
3991,250,36,glass_harbor,Sera,10.5,awake,0.0,0.018,0.036,0.01,0.02,True,upright work rhythm,7.72276,0.885858,True
3992,250,36,cinder_garden,Juno,12.0,awake,0.0,0.400997,0.418997,0.0,0.01,True,upright work rhythm,10.499789,0.916567,True
3993,250,36,lichen_bridge,Luma,13.5,awake,0.0,0.396036,0.420036,0.0,0.01,True,upright work rhythm,9.230215,0.908375,True
3994,250,36,orchid_engine,Dax,15.0,awake,0.0,0.101196,0.119196,0.0,0.01,True,upright work rhythm,11.49687,0.936783,True
3995,250,36,moss_ward,Tala,16.5,awake,0.0,0.0,0.018,0.0,0.01,True,upright work rhythm,6.86538,0.895392,True
3996,250,36,glass_harbor,Nia,18.0,awake,0.0,0.104522,0.122522,0.02,0.03,True,upright work rhythm,8.108234,0.9119,True
3997,250,36,cinder_garden,Pax,19.5,awake,0.0,0.550428,0.568428,0.02,0.03,True,upright work rhythm,10.911055,0.942608,True
3998,250,36,lichen_bridge,Rin,21.0,awake,0.0,0.397862,0.421862,0.02,0.03,True,upright work rhythm,9.580963,0.934417,True
3999,250,36,orchid_engine,Eli,22.5,asleep,0.80752,0.042,0.0,0.02,0.0,True,"curled posture, low breath rhythm",11.798,0.962825,True
4000,251,36,glass_harbor,Nia,0.0,asleep,0.80752,0.122522,0.065996,0.03,0.0,True,"curled posture, low breath rhythm",7.245058,0.932733,True
4001,251,36,cinder_garden,Pax,1.5,asleep,0.80752,0.568428,0.511901,0.03,0.0,True,"curled posture, low breath rhythm",10.047879,0.963442,True
4002,251,36,lichen_bridge,Rin,3.0,asleep,0.80752,0.421862,0.365335,0.03,0.0,True,"curled posture, low breath rhythm",8.717787,0.95525,True
4003,251,36,orchid_engine,Eli,4.5,asleep,0.813,0.0,0.0,0.0,0.0,True,"curled posture, low breath rhythm",10.958,0.983658,True
4004,251,36,moss_ward,Ari,6.0,awake,0.0,0.419196,0.437196,0.01,0.02,True,upright work rhythm,6.54725,0.942267,True
4005,251,36,glass_harbor,Oren,7.5,awake,0.0,0.419893,0.443893,0.01,0.02,True,upright work rhythm,7.749996,0.958775,True
4006,251,36,cinder_garden,Vale,9.0,awake,0.0,0.512533,0.530533,0.01,0.02,True,upright work rhythm,10.405519,0.989483,True
4007,251,36,lichen_bridge,Sol,10.5,awake,0.0,0.018,0.042,0.01,0.02,True,upright work rhythm,8.93522,0.981292,True
4008,251,36,orchid_engine,Bea,12.0,awake,0.0,0.41795,0.43595,0.0,0.01,True,upright work rhythm,11.48674,0.0097,True
4009,251,36,moss_ward,Fay,13.5,awake,0.0,0.418741,0.436741,0.0,0.01,True,upright work rhythm,6.897064,0.968308,True
4010,251,36,glass_harbor,Puck,15.0,awake,0.0,0.418174,0.442174,0.0,0.01,True,upright work rhythm,8.099291,0.984817,True
4011,251,36,cinder_garden,Wren,16.5,awake,0.0,0.0,0.018,0.0,0.01,True,upright work rhythm,10.54538,0.015525,True
4012,251,36,lichen_bridge,Kio,18.0,awake,0.0,0.720077,0.744077,0.02,0.03,True,upright work rhythm,9.573071,0.007333,True
4013,251,36,orchid_engine,Cai,19.5,awake,0.0,0.121437,0.139437,0.02,0.03,True,upright work rhythm,11.715169,0.035742,True
4014,251,36,moss_ward,Milo,21.0,awake,0.0,0.121045,0.139045,0.02,0.03,True,upright work rhythm,7.125009,0.99435,True
4015,251,36,glass_harbor,Sera,22.5,asleep,0.80752,0.036,0.0,0.02,0.0,True,"curled posture, low breath rhythm",8.268,0.010858,True
4016,252,36,lichen_bridge,Kio,0.0,asleep,0.80752,0.744077,0.68755,0.03,0.0,True,"curled posture, low breath rhythm",8.709896,0.028167,True
4017,252,36,orchid_engine,Cai,1.5,asleep,0.80752,0.139437,0.082911,0.03,0.0,True,"curled posture, low breath rhythm",10.851994,0.056575,True
4018,252,36,moss_ward,Milo,3.0,asleep,0.80752,0.139045,0.082519,0.03,0.0,True,"curled posture, low breath rhythm",6.261833,0.015183,True
4019,252,36,glass_harbor,Sera,4.5,asleep,0.813,0.0,0.0,0.0,0.0,True,"curled posture, low breath rhythm",7.428,0.031692,True
4020,252,36,cinder_garden,Juno,6.0,awake,0.0,0.418997,0.442997,0.01,0.02,True,upright work rhythm,10.229629,0.0624,True
4021,252,36,lichen_bridge,Luma,7.5,awake,0.0,0.420036,0.438036,0.01,0.02,True,upright work rhythm,8.957595,0.054208,True
4022,252,36,orchid_engine,Dax,9.0,awake,0.0,0.119196,0.137196,0.01,0.02,True,upright work rhythm,11.22425,0.082617,True
4023,252,36,moss_ward,Tala,10.5,awake,0.0,0.018,0.036,0.01,0.02,True,upright work rhythm,6.59276,0.041225,True
4024,252,36,glass_harbor,Nia,12.0,awake,0.0,0.065996,0.083996,0.0,0.01,True,upright work rhythm,7.812438,0.057733,True
4025,252,36,cinder_garden,Pax,13.5,awake,0.0,0.511901,0.535901,0.0,0.01,True,upright work rhythm,10.617719,0.088442,True
4026,252,36,lichen_bridge,Rin,15.0,awake,0.0,0.365335,0.383335,0.0,0.01,True,upright work rhythm,9.285167,0.08025,True
4027,252,36,orchid_engine,Eli,16.5,awake,0.0,0.0,0.018,0.0,0.01,True,upright work rhythm,11.52538,0.108658,True
4028,252,36,moss_ward,Ari,18.0,awake,0.0,0.437196,0.455196,0.02,0.03,True,upright work rhythm,7.11463,0.067267,True
4029,252,36,glass_harbor,Oren,19.5,awake,0.0,0.443893,0.461893,0.02,0.03,True,upright work rhythm,8.317376,0.083775,True
4030,252,36,cinder_garden,Vale,21.0,awake,0.0,0.530533,0.554533,0.02,0.03,True,upright work rhythm,10.975359,0.114483,True
4031,252,36,lichen_bridge,Sol,22.5,asleep,0.80752,0.042,0.0,0.02,0.0,True,"curled posture, low breath rhythm",9.478,0.106292,True
