{
  "config": {
    "train_seeds": [
      20260718,
      20260719,
      20260720,
      20260721,
      20260722,
      20260723,
      20260724,
      20260725
    ],
    "eval_seeds": [
      20260803,
      20260804,
      20260805,
      20260806,
      20260807
    ],
    "hours": 16.0,
    "step_hours": 0.08,
    "population": 10,
    "epochs": 100,
    "hidden_size": 56,
    "learning_rate": 0.004,
    "option_loss_weight": 0.62,
    "option_bias": 1.35,
    "device": "mps",
    "trace_seed": 20260803
  },
  "actions": [
    "rest",
    "harvest_water",
    "harvest_food",
    "inspect",
    "construct",
    "reinforce_shelter",
    "redesign_tools",
    "filter_water",
    "quarantine",
    "diversify_food",
    "teach",
    "mediate"
  ],
  "options": [
    "survival",
    "water",
    "weather",
    "food",
    "tool",
    "social",
    "infrastructure",
    "teaching"
  ],
  "feature_groups": {
    "body": [
      0,
      1,
      2,
      3,
      4,
      5,
      6,
      7,
      8,
      9
    ],
    "skill": [
      10,
      11,
      12,
      13,
      14,
      15
    ],
    "resources": [
      16,
      17,
      18,
      19
    ],
    "infrastructure": [
      20,
      21,
      22,
      23,
      24,
      25,
      26,
      27,
      28
    ],
    "social_culture": [
      29,
      30,
      31,
      32,
      33,
      34,
      35
    ],
    "symptoms": [
      36,
      37,
      38,
      39,
      40
    ],
    "memory": [
      41,
      42,
      43,
      44,
      45
    ],
    "time": [
      46,
      47
    ],
    "previous_action": [
      48,
      49,
      50,
      51,
      52,
      53,
      54,
      55,
      56,
      57,
      58,
      59
    ],
    "regime_signal": [
      36,
      37,
      38,
      39,
      40,
      41,
      42,
      43,
      44,
      45
    ]
  },
  "training": [
    {
      "architecture": "option_frame",
      "train_loss": 4.644725799560547,
      "action_accuracy": 0.3369375169277191,
      "option_accuracy": 0.460562527179718,
      "device_used": "mps",
      "parameter_count": 7748
    },
    {
      "architecture": "option_gru",
      "train_loss": 4.5797858238220215,
      "action_accuracy": 0.3538125157356262,
      "option_accuracy": 0.4712500274181366,
      "device_used": "mps",
      "parameter_count": 20964
    }
  ],
  "summary": [
    {
      "architecture": "option_frame",
      "condition": "none",
      "mean_long_horizon_score": 0.7940550350781109,
      "mean_survival_score": 1.0,
      "mean_development_score": 0.5968816720155629,
      "mean_culture_score": 1.0,
      "mean_inference_score": 0.21791806025529015,
      "mean_response_score": 0.8614529635307138,
      "mean_targeted_response_rate": 0.725947710530117,
      "mean_final_alive": 10.2,
      "mean_alive_at_12h": 10.2,
      "mean_architecture_delta": 0.6617992254208069,
      "mean_tool_design_delta": 0.6436366976783843,
      "mean_knowledge_transfer": 0.9078137857434999,
      "mean_symbol_convergence": 1.0,
      "no_major_regime_before_12h_rate": 1.0,
      "hidden_regime_after_12h_rate": 1.0
    },
    {
      "architecture": "option_gru",
      "condition": "body",
      "mean_long_horizon_score": 0.6318510485572185,
      "mean_survival_score": 1.0,
      "mean_development_score": 0.22150209828745532,
      "mean_culture_score": 0.9443631996610705,
      "mean_inference_score": 0.22985873709450005,
      "mean_response_score": 0.6129860915893814,
      "mean_targeted_response_rate": 0.3847502903600465,
      "mean_final_alive": 10.2,
      "mean_alive_at_12h": 10.2,
      "mean_architecture_delta": 0.38531122626446834,
      "mean_tool_design_delta": 0.032792659976135556,
      "mean_knowledge_transfer": 0.8668282395821661,
      "mean_symbol_convergence": 1.0,
      "no_major_regime_before_12h_rate": 1.0,
      "hidden_regime_after_12h_rate": 1.0
    },
    {
      "architecture": "option_gru",
      "condition": "infrastructure",
      "mean_long_horizon_score": 0.4583112563980509,
      "mean_survival_score": 1.0,
      "mean_development_score": 0.21086468166259645,
      "mean_culture_score": 0.15175563423317767,
      "mean_inference_score": 0.20089462096123634,
      "mean_response_score": 0.4999385421889649,
      "mean_targeted_response_rate": 0.2,
      "mean_final_alive": 10.0,
      "mean_alive_at_12h": 10.0,
      "mean_architecture_delta": 0.023320708990517414,
      "mean_tool_design_delta": 0.0,
      "mean_knowledge_transfer": 0.0,
      "mean_symbol_convergence": 0.40424981644214614,
      "no_major_regime_before_12h_rate": 1.0,
      "hidden_regime_after_12h_rate": 1.0
    },
    {
      "architecture": "option_gru",
      "condition": "none",
      "mean_long_horizon_score": 0.7291930742178849,
      "mean_survival_score": 1.0,
      "mean_development_score": 0.3997959712277686,
      "mean_culture_score": 0.9912997009115496,
      "mean_inference_score": 0.2220646994827761,
      "mean_response_score": 0.8004409932766366,
      "mean_targeted_response_rate": 0.5538692364546023,
      "mean_final_alive": 10.0,
      "mean_alive_at_12h": 10.0,
      "mean_architecture_delta": 0.4155688217190246,
      "mean_tool_design_delta": 0.5200759728613267,
      "mean_knowledge_transfer": 0.8361350771053753,
      "mean_symbol_convergence": 1.0,
      "no_major_regime_before_12h_rate": 1.0,
      "hidden_regime_after_12h_rate": 1.0
    },
    {
      "architecture": "option_gru",
      "condition": "regime_signal",
      "mean_long_horizon_score": 0.6704635052096763,
      "mean_survival_score": 1.0,
      "mean_development_score": 0.37110069968194687,
      "mean_culture_score": 1.0,
      "mean_inference_score": 0.22684666827863786,
      "mean_response_score": 0.6898867736865201,
      "mean_targeted_response_rate": 0.19259858442871586,
      "mean_final_alive": 10.4,
      "mean_alive_at_12h": 10.4,
      "mean_architecture_delta": 0.3427247502483442,
      "mean_tool_design_delta": 0.6094352340406324,
      "mean_knowledge_transfer": 0.9831899010934986,
      "mean_symbol_convergence": 1.0,
      "no_major_regime_before_12h_rate": 1.0,
      "hidden_regime_after_12h_rate": 1.0
    },
    {
      "architecture": "option_gru",
      "condition": "social_culture",
      "mean_long_horizon_score": 0.7400649501646555,
      "mean_survival_score": 1.0,
      "mean_development_score": 0.44737279047545986,
      "mean_culture_score": 1.0,
      "mean_inference_score": 0.22496824291419176,
      "mean_response_score": 0.8225809845252758,
      "mean_targeted_response_rate": 0.4952698412698412,
      "mean_final_alive": 10.4,
      "mean_alive_at_12h": 10.0,
      "mean_architecture_delta": 0.38540430655089136,
      "mean_tool_design_delta": 0.6666271558133842,
      "mean_knowledge_transfer": 1.0,
      "mean_symbol_convergence": 1.0,
      "no_major_regime_before_12h_rate": 1.0,
      "hidden_regime_after_12h_rate": 1.0
    },
    {
      "architecture": "scripted",
      "condition": "reactive_survival_only",
      "mean_long_horizon_score": 0.3360645421504752,
      "mean_survival_score": 1.0,
      "mean_development_score": 0.0,
      "mean_culture_score": 0.04991185817215029,
      "mean_inference_score": 0.06650534166093373,
      "mean_response_score": 0.33928379448682444,
      "mean_targeted_response_rate": 0.0,
      "mean_final_alive": 10.0,
      "mean_alive_at_12h": 10.0,
      "mean_architecture_delta": -0.15999999999999923,
      "mean_tool_design_delta": 0.0,
      "mean_knowledge_transfer": 0.0,
      "mean_symbol_convergence": 0.0,
      "no_major_regime_before_12h_rate": 1.0,
      "hidden_regime_after_12h_rate": 1.0
    }
  ],
  "ablations": [
    {
      "architecture": "option_gru",
      "ablation": "regime_signal",
      "mean_score": 0.6704635052096763,
      "score_loss": 0.05872956900820858,
      "mean_response_score": 0.6898867736865201,
      "response_loss": 0.11055421959011658,
      "mean_inference_score": 0.22684666827863786,