architecture,accuracy,refusal_accuracy,repair_accuracy,care_accuracy,water_accuracy
rnn,0.8916666507720947,0.8260869383811951,0.8689138293266296,1.0,0.9449541568756104
gru,0.8949999809265137,0.8695651888847351,0.8764045238494873,1.0,0.9403669834136963
lstm,0.8983333110809326,0.8260869383811951,0.8689138293266296,1.0,0.9541284441947937
