value_bias,tune_total_score,tune_maturation_score,tune_crisis_score,tune_resolved_rate,tune_env_response,tune_social_response,tune_coupled_response,tune_damage,selection_objective,selected
0.0,0.5133131148652521,0.9871406055101003,0.0,0.0,0.07312925170068027,0.7772108843537415,0.005952380952380952,1.7001180216235718,-0.16408723368755262,False
0.75,0.5155870133057504,0.9915134871264432,0.0,0.0,0.021971341728180632,1.0,0.021971341728180632,1.5879565967806901,-0.12337627649800725,False
1.25,0.5033617038806958,0.9680032766936457,0.0,0.12222222222222223,0.06323273990447242,1.0,0.06323273990447242,1.5090586739992007,-0.004278466050454344,False
1.75,0.5106806782242048,0.9820782273542399,0.0,0.06666666666666667,0.05683528730641193,1.0,0.05683528730641193,1.5735116848606021,-0.05578284190909821,False
2.5,0.52,1.0,0.0,0.06666666666666667,0.0705963236358373,1.0,0.0705963236358373,1.412293615549631,-0.000910717536271588,True
