ablation,mean_total_score,total_loss,crisis_score_loss,resolved_rate_loss,env_response_loss,social_response_loss,coupled_response_loss,damage_increase
body,0.517708672,0.0007637759999999938,0.0,0.05,-0.08269230769230769,-0.0903846153846154,0.020512820512820516,0.06555245568150503
infrastructure,0.3306328576039062,0.18783959039609383,0.0,0.1,-0.16987179487179488,0.23397435897435898,0.030128205128205132,0.5742889096866577
tools,0.516056703139444,0.0024157448605560683,0.0,0.05,-0.15833333333333333,0.10961538461538461,0.025641025641025647,0.4410975327322202
social_culture,0.5172952761175487,0.0011771718824513666,0.0,0.1,0.08012820512820513,0.11410256410256411,0.030128205128205132,-0.07555063323492472
environment,0.5169283433622353,0.001544104637764776,0.0,0.05,-0.04679487179487178,0.0737179487179487,0.018589743589743593,0.07565209205160506
previous_action,0.52,-0.0015275519999999876,0.0,-0.04999999999999999,-0.02692307692307691,-0.15576923076923077,-0.005769230769230763,-0.16657975243254497
