router,social_bias,environment_bias,infrastructure_bias,tool_bias,teaching_bias,tune_total_score,tune_maturation_score,tune_crisis_score,tune_resolved_rate,tune_coupled_response,tune_damage,selection_objective,selected
none,0.0,0.0,0.0,0.0,0.0,0.36654506481304167,0.7048943554096955,0.0,0.0,0.0,1.5368716902693536,0.059170726759170955,False
balanced,1.0,1.0,1.0,1.0,1.0,0.52,1.0,0.0,0.0,0.0,1.5523342155024444,0.20953315689951113,False
social_env,1.55,1.45,0.75,0.7,1.2,0.5161201544977966,0.9925387586496086,0.0,0.0,0.0,1.5707805380754511,0.2019640468827063,False
environment_first,0.55,2.0,0.7,0.65,0.55,0.52,1.0,0.0,0.06666666666666667,0.013605442176870748,1.4421789068530007,0.23584313019402575,False
social_first,2.0,0.55,0.6,0.6,1.35,0.52,1.0,0.0,0.1111111111111111,0.08962946880880011,1.2303718647093485,0.2840700642656373,True
build_tool,0.45,0.7,1.65,1.7,0.55,0.4544206049588792,0.8738857787670753,0.0,0.0,0.0,1.571283953373514,0.1401638142841764,False
teaching_tradition,1.1,0.75,0.7,0.7,2.0,0.5362054073158801,0.9995866666666666,0.03420904301919473,0.13333333333333333,0.14710884353741496,1.3754060527521939,0.2750774280579583,False
high_pressure,1.8,1.6,1.3,1.25,1.5,0.5197850666666667,0.9995866666666666,0.0,0.0,0.011904761904761904,1.5067352659016493,0.2189737277720511,False
