architecture,ablation,mean_score,score_loss,mean_response_score,response_loss,mean_inference_score,inference_loss
gru,symptoms,0.7538193445263525,-0.06715976230730014,0.8261392766518124,-0.13589386952520777,0.2170029164240833,0.0463259699085872
gru,memory,0.6949769182730495,-0.008317336053997204,0.7566581768428221,-0.06641276971621746,0.2134930865613768,0.04983579977129368
gru,social_culture,0.6641386655287996,0.02252091669025269,0.6159525092785181,0.07429289784808657,0.2698694060198474,-0.006540519687176893
gru,infrastructure,0.5793427611987486,0.10731682102030371,0.4281153535952611,0.26213005353134355,0.2859507633588589,-0.022621877026188397
gru,body,0.6967482164565146,-0.010088634237462313,0.6020931592133566,0.08815224791324805,0.2673611230781577,-0.004032236745487194
