policy_bias,tune_total_score,tune_maturation_score,tune_crisis_score,tune_resolved_rate,tune_env_response,tune_social_response,tune_coupled_response,tune_damage,selection_objective,selected
0.0,0.52,1.0,0.0,0.26666666666666666,0.20018454190186713,1.0,0.20018454190186713,1.4037098312077796,0.16355442313312518,False
0.2,0.5416123572798894,1.0,0.04502574433310287,0.35,0.2727475032566218,1.0,0.2727475032566218,1.3548665226344556,0.40445094133709786,False
0.4,0.5613629875286261,0.9924024,0.09440362401797092,0.3333333333333333,0.251063829787234,1.0,0.251063829787234,1.536706373012008,0.37117617932637637,False
0.7,0.5297603779051042,0.9813262910621638,0.04056397198495626,0.43333333333333335,0.21166413373860182,1.0,0.21166413373860182,1.4806164133374797,0.3430623410980338,False
1.0,0.5821789314436377,0.990176,0.14018210717424534,0.3333333333333333,0.33404255319148934,1.0,0.33404255319148934,1.5909887867142603,0.5198771713818761,True
