ablation,mean_total_score,total_loss,crisis_score_loss,resolved_rate_loss,env_response_loss,social_response_loss,coupled_response_loss,damage_increase
body,0.4911945861008468,0.012899237899153204,0.0,0.0,0.0,0.0,0.0,0.1322604095594735
infrastructure,0.41229837953129067,0.09179544446870935,0.0,0.0,0.0,0.0,0.0,0.10091938110270071
tools,0.4864673459106708,0.01762647808932921,0.0,0.0,0.0,0.0,0.0,0.13552841183903608
social_culture,0.2817969104451164,0.22229691355488362,0.0,0.0,0.06369426751592354,0.0,0.0,-0.08669981280486816
environment,0.52,-0.015906175999999994,0.0,0.0,0.17899569594292067,-0.49890112253963337,0.0,-0.9376845308839821
previous_action,0.52,-0.015906175999999994,0.0,0.0,0.0,0.0,0.0,0.03848226637262675
