architecture,train_loss,train_accuracy,device_used,parameter_count,train_sequences,train_steps
frame_mlp,1.8929848670959473,0.22129026124251291,mps,9932,105,94663
gru,1.8782258033752441,0.22624467849106833,mps,28236,105,94663
