repair_bias,tune_total_score,tune_maturation_score,tune_crisis_score,tune_resolved_rate,tune_coupled_response,tune_damage,selection_objective,selected
0.0,0.51872704,0.9975519999999999,0.0,0.16666666666666666,0.0202991452991453,0.9783413220161014,0.35530722596872577,True
0.75,0.5143096832550783,0.9890570831828428,0.0,0.16666666666666666,0.019230769230769232,1.0312704350011437,0.34130921008307763,False
1.25,0.5146577767711126,0.989726493790601,0.0,0.16666666666666666,0.016025641025641024,0.9779669637445346,0.3510916720150451,False
1.75,0.514206172074026,0.9888580232192806,0.0,0.16666666666666666,0.016025641025641024,1.0071496909056468,0.34538717642895833,False
2.5,0.5140060048562675,0.9884730862620527,0.0,0.16666666666666666,0.024572649572649572,1.013371078189753,0.34449450992741115,False
3.5,0.5140640423930972,0.9885846969098022,0.0,0.16666666666666666,0.016025641025641024,1.0161735488217867,0.3436207523231244,False
