env_quota,social_quota,coordinator_strength,tune_total_score,tune_maturation_score,tune_crisis_score,tune_resolved_rate,tune_env_response,tune_social_response,tune_coupled_response,tune_damage,selection_objective,selected
0.0,0.0,0.0,0.51872704,0.9975519999999999,0.0,0.08333333333333333,0.18696581196581197,0.22435897435897437,0.014957264957264958,1.3751838360693405,-0.06481938138490467,False
0.12,0.12,0.7,0.7348664304547166,1.0,0.44763839678065936,0.6666666666666666,0.6912393162393163,1.0,0.6912393162393163,0.756136937159044,1.5583814132477145,False
0.14,0.14,0.85,0.7608701964112047,1.0,0.5018129091900098,0.75,0.7061965811965812,1.0,0.7061965811965812,0.7465296611665169,1.6948848027872563,True
0.16,0.14,1.0,0.7525858599707512,1.0,0.48455387493906493,0.75,0.6709401709401709,1.0,0.6709401709401709,0.7454748872314875,1.6471382485774082,False
0.14,0.16,1.0,0.7311051594530552,1.0,0.4398024155271986,0.6666666666666666,0.6709401709401709,1.0,0.6709401709401709,0.7495266760272958,1.5354526276048064,False
0.18,0.16,1.1,0.7206972558934153,1.0,0.4181192831112816,0.6666666666666666,0.6602564102564102,1.0,0.6602564102564102,0.7962159676674007,1.4852618964259527,False
0.16,0.18,1.1,0.7174709389049886,1.0,0.41139778938539306,0.6666666666666666,0.6506410256410257,1.0,0.6506410256410257,0.8016839717193899,1.4678663755314614,False
0.2,0.18,1.2,0.6979108893645019,1.0,0.37064768617604565,0.6666666666666666,0.6378205128205129,1.0,0.6378205128205129,0.8997978197167925,1.375655816284389,False
