ablation,mean_total_score,total_loss,crisis_score_loss,resolved_rate_loss,env_response_loss,social_response_loss,coupled_response_loss,damage_increase
body,0.5307538987945577,-0.015358511289433552,-0.02717755582199523,-0.05,0.04294871794871796,-0.12051282051282042,0.004487179487179485,0.019315435045105023
infrastructure,0.4572131199999999,0.05818226750512423,0.0,0.0,-0.03141025641025641,0.29166666666666674,-0.007051282051282054,0.08561592008133445
tools,0.517708672,-0.002313284494875889,0.0,0.05,0.1685897435897436,0.6461538461538463,0.04294871794871795,0.15288496193294177
social_culture,0.5156201348123326,-0.00022474730720845049,0.0,0.05,0.1685897435897436,-0.21025641025641018,0.04294871794871795,0.12561873199587925
environment,0.5164919057400141,-0.0010965182348899871,0.0,0.0,0.062179487179487195,-0.10897435897435892,-0.013461538461538462,0.013274806115187499
previous_action,0.5205502778838124,-0.005154890378688215,-0.001146412257942425,-0.09999999999999999,0.014102564102564136,-0.05128205128205121,-0.0891025641025641,-0.14201557277751753
