condition,mean_maturation_score,mean_survival_score,mean_development_score,mean_knowledge_score,mean_recovery_score,mean_final_alive,mean_alive_at_12h,mean_births,mean_deaths,mean_architecture_tier,mean_tool_tier,mean_architecture_delta,mean_tool_delta,mean_culture_delta,mean_risk_memory_delta,mean_knowledge_transfer,mean_adaptation_evidence,shock_gate_pass_rate,post_gate_shock_rate
integrated_maturation,0.9985312000000001,1.0,1.0,1.0,0.9591999999999998,17.2,14.0,3.2,0.0,4.0,4.0,0.8800000000000001,1.355,1.415,0.9299999999999999,1.0,1.0,1.0,1.0
no_environmental_sensing,0.7833369135002552,1.0,0.8191507580825131,0.30341335902605476,0.9576729791221339,14.0,14.0,0.0,0.0,2.0,4.0,0.5609093326842747,1.0068639367010739,0.45724388871751687,0.9299999999999999,0.0,1.0,1.0,1.0
no_infrastructure_memory,0.4998264103287915,1.0,0.0,0.035694073524795894,0.9534265189893801,14.0,14.0,0.0,0.0,0.0,0.0,-0.11958612663096808,-0.32,0.0,0.9299999999999999,0.0,1.0,1.0,1.0
no_risk_memory,1.0,1.0,1.0,1.0,0.7946450093258923,16.8,14.0,2.8,0.0,4.0,4.0,0.8799544930836024,1.355,1.415,-0.07,1.0,1.0,1.0,1.0
no_social_learning,0.9824203281520141,1.0,1.0,0.8852938785476306,0.951551368770469,15.4,14.0,1.4,0.0,4.0,4.0,0.8799543771276124,1.3535500000000011,0.0,0.9299999999999999,1.0,1.0,1.0,1.0
no_teaching_lineage,0.9996952475695373,1.0,1.0,0.4771888302577345,0.9591999999999998,23.8,14.0,9.8,0.0,4.0,4.0,0.8799847923758708,1.355,0.7778722364029067,0.9299999999999999,0.0,1.0,1.0,1.0
no_tool_improvement,0.9574017932889142,1.0,0.58,1.0,0.9536277404939684,17.2,14.0,3.2,0.0,4.0,0.0,0.8800000000000001,-0.31940955074259325,1.415,0.9299999999999999,1.0,1.0,1.0,1.0
reactive_survival_only,0.4621206901168298,1.0,0.0,0.030891227477589062,0.7500872655388017,14.0,14.0,0.0,0.0,0.0,0.0,-0.12,-0.32,0.0,-0.07,0.0,1.0,1.0,1.0
