ablation,mean_total_score,total_loss,crisis_score_loss,resolved_rate_loss,env_response_loss,social_response_loss,coupled_response_loss,damage_increase
body,0.4778833672344933,0.02324370324169711,0.0,0.24444444444444446,-0.024032478329905377,0.2695002272490511,0.0808626644405786,0.6146970480273004
infrastructure,0.4097063989455058,0.09142067153068462,0.0,0.24444444444444446,0.2103144641332162,0.07319555188023619,0.0808626644405786,0.003101501397954509
tools,0.2683747139364066,0.23275235653978382,0.0,0.24444444444444446,0.2081913218826854,0.1910748588182619,0.07944723627355808,0.1212720663341651
social_culture,0.47311700127864526,0.028010069197545173,0.0,0.24444444444444446,0.0017259634576150262,0.4202549814251942,0.0808626644405786,0.9479303172852673
environment,0.4844674828377864,0.016659587638404028,0.0,0.24444444444444446,0.2103144641332162,0.06269417194532872,0.0808626644405786,-0.12637305464222948
previous_action,0.52,-0.01887292952380959,0.0,0.0,-0.0931937756807561,-0.07190299799731975,-0.021261199967180247,-0.03828642252144632
