policy_bias,tune_total_score,tune_maturation_score,tune_crisis_score,tune_resolved_rate,tune_env_response,tune_social_response,tune_coupled_response,tune_damage,selection_objective,selected
0.0,0.52,1.0,0.0,0.45,0.4502551020408163,1.0,0.4502551020408163,1.4661403148182575,0.5939981601348151,False
0.4,0.5097670159669193,0.9803211845517679,0.0,0.45,0.4502551020408163,1.0,0.4502551020408163,1.4393660825818433,0.599543690126692,True
0.8,0.52,1.0,0.0,0.45,0.4502551020408163,1.0,0.4502551020408163,1.4698530557606295,0.5926615733955611,False
1.2,0.50102832,0.963516,0.0,0.45,0.4502551020408163,1.0,0.4502551020408163,1.511459352341775,0.5700946346263488,False
