policy_bias,tune_total_score,tune_maturation_score,tune_crisis_score,tune_resolved_rate,tune_env_response,tune_social_response,tune_coupled_response,tune_damage,selection_objective,selected
0.0,0.52,1.0,0.0,0.0,0.002127659574468085,1.0,0.002127659574468085,1.6681395821513247,-0.2824599854373601,False
0.2,0.52,1.0,0.0,0.0,0.0031914893617021275,1.0,0.0031914893617021275,1.6489420619307071,-0.2754444385412306,False
0.4,0.5160492480000001,0.9924024,0.0,0.0,0.0031914893617021275,1.0,0.0031914893617021275,1.6399017807580563,-0.27444790952598225,True
0.7,0.5110422720000001,0.9827736,0.0,0.0,0.0,1.0,0.0,1.7029355295887363,-0.2996390789083956,False
1.0,0.52,1.0,0.0,0.0,0.0,1.0,0.0,1.7310662445991043,-0.3043411982717134,False
