controller,ablation,mean_score,score_loss,mean_readiness_score,readiness_loss,mean_development_score,development_loss,mean_knowledge_score,knowledge_loss,mean_resilience_score,resilience_loss,pest_pressure_delta,structural_strain_delta
recovery_gru,body,0.5156660910122733,-0.04607724868646257,0.4156345547954466,-0.07834387749380783,0.18870627778587848,-0.1247144584171905,0.10112785705005782,0.0010971683050713388,0.7888449176454511,-0.013929851851788744,-0.0282247778672203,0.0956955416032717
recovery_gru,infrastructure,0.47064058329964686,-0.0010517409738360906,0.3208103112721313,0.016480366029507476,0.08096713897494032,-0.016975319606252343,0.09848391279415822,0.003741112560970941,0.7871958597349,-0.012280793941237711,-0.016897100616152513,-0.14556934769160348
recovery_gru,tools,0.5397234782161687,-0.07013463589035795,0.43562641355782655,-0.0983357362561878,0.2838829068698844,-0.2198910875011964,0.09965975851944787,0.0025652668356812847,0.7913944234733439,-0.01647935767968156,0.0028285126320649924,0.09890843049997039
recovery_gru,social_culture,0.4593978195262179,0.010191022799592886,0.31824584913981235,0.0190448281618264,0.06245872307643169,0.0015330962922562863,0.09199890932922919,0.01022611602589997,0.7719450153753169,0.0029700504183454157,-0.0015567958392280513,-0.05666956657875605
recovery_gru,environment,0.45495177750778887,0.014637064818021905,0.2905739582942951,0.04671671900734364,0.05467401774578538,0.009317801622902591,0.09883923894239534,0.003385786412733821,0.7692496985400986,0.005665367253563702,-0.028609188926797546,-0.03871411066787811
recovery_gru,readiness,0.461640916462121,0.007947925863689753,0.31077444339208105,0.026516233909557707,0.06012037250438214,0.003871446864305836,0.09690667081849691,0.00531835453663225,0.7751439345343646,-0.00022886874070227048,-0.010709132421528843,-0.05819091364938134
recovery_gru,previous_action,0.5988398141425127,-0.12925097181670198,0.4901481894294636,-0.15285751212782483,0.471764970233124,-0.40777315086443605,0.09547956636284918,0.006745458992279976,0.8420806889708935,-0.06716562317723118,-0.028609188926797546,-0.2873973532624463
