examples,epochs,final_loss,target_mean,target_std,train_mae,positive_rate
120000,80,0.007191484794020653,0.024211062118411064,0.0932592824101448,0.005470996256917715,0.6991583333333333
