architecture,accuracy,refusal_accuracy,repair_accuracy,care_accuracy,water_accuracy
rnn,0.8349999785423279,0.9833333492279053,0.7169811129570007,1.0,0.9117646813392639
gru,0.8550000190734863,1.0,0.7264150977134705,1.0,0.9285714030265808
lstm,0.8233333230018616,1.0,0.6792452931404114,1.0,0.9033613204956055
