iteration,seed,sequences,examples,mean_actual_return,mean_counterfactual_return,mean_plan_value,mean_plan_margin,positive_return_rate,env_action_fraction,social_action_fraction,none_fraction,mean_sequence_length,teacher_commit_actions,collection_policy_bias
1,20260911,7,9559,0.7023831874338623,0.8808164403084536,1.059705568559827,0.9117754098496945,0.8571428571428571,0.643895805000523,0.2547337587613767,0.10137043623810021,1365.5714285714287,14,0.8
1,20260912,6,7752,0.09936713316311245,0.6714623212452769,0.9577279895595395,0.5403942418267358,0.6666666666666666,0.5819143446852425,0.2871517027863777,0.13093395252837978,1292.0,14,0.8
1,20260913,6,8304,0.7351614434832502,0.9065628198199173,1.1476856356774918,0.6067887509664098,0.8333333333333334,0.593087668593449,0.30298651252408476,0.10392581888246628,1384.0,14,0.8
