condition,mean_long_horizon_score,mean_survival_score,mean_development_score,mean_knowledge_score,mean_post_shock_score,mean_final_alive,mean_alive_at_12h,mean_adaptation_evidence,mean_architecture_delta,mean_tool_design_delta,mean_knowledge_transfer,no_major_shock_before_12h_rate,post_gate_shock_rate
integrated_long_horizon,0.9636278061467023,1.0,1.0,1.0,1.0,10.6,10.4,0.6362780614670228,0.7054768811844544,0.7873028672384947,0.8737372507371617,1.0,1.0
no_adaptive_arbitration,0.6745013560227696,1.0,0.7230827421204156,0.029566581214718984,0.8901634992113305,10.0,10.0,0.35410083437181045,0.4554413555207635,0.5454604199682472,0.0,1.0,1.0
no_infrastructure_memory,0.6838127128055886,1.0,0.5795264857684075,0.06080498915336424,0.9542359051628099,10.6,10.6,0.6201899524425952,0.4153071658881675,0.3803535133717773,0.016243702142697346,1.0,1.0
no_risk_memory,0.9179879480189816,1.0,0.8694014223390321,1.0,0.9142379577280823,10.0,10.0,0.6476877426655918,0.5750245576845584,0.579898481915543,1.0,1.0,1.0
no_teaching_transmission,0.7842999606324323,1.0,1.0,0.03327929872830636,0.9931063169462456,10.2,10.2,0.5955054981101303,0.7147484755222294,0.7946438643850952,0.0,1.0,1.0
no_tool_improvement,0.868579058962586,1.0,0.6171915679425751,1.0,1.0,10.0,10.0,0.6045308265636804,0.5922889206950404,0.0,0.6042047737361902,1.0,1.0
reactive_survival_only,0.5156070197293234,1.0,0.0,0.02958261118678889,0.8719755697673091,10.0,10.0,0.5332654715758587,-0.16,0.0,0.0,1.0,1.0
