process_value_bias,tune_total_score,tune_maturation_score,tune_crisis_score,tune_resolved_rate,tune_env_response,tune_social_response,tune_coupled_response,tune_damage,selection_objective,selected
0.0,0.5119062985587662,0.9685431013980557,0.01721642881620282,0.25,0.17084780720798956,1.0,0.17084780720798956,1.4791394698681373,0.09331221603918538,False
0.25,0.5027995415673921,0.9222421162268208,0.048403419019677596,0.5333333333333333,0.16702127659574467,1.0,0.16702127659574467,1.4336221779666287,0.3888784426565798,True
0.5,0.5184406526930356,0.9893489411764707,0.008290006835980843,0.35,0.18595310464611378,1.0,0.18595310464611378,1.4393850464766214,0.20422037583583885,False
0.8,0.52,1.0,0.0,0.16666666666666666,0.16702127659574467,1.0,0.16702127659574467,1.5156314761625924,-0.01787896803398381,False
1.1,0.52,1.0,0.0,0.25,0.18105188884064263,1.0,0.18105188884064263,1.6335485710123776,0.02721899850813192,False
1.5,0.52,1.0,0.0,0.16666666666666666,0.16702127659574467,1.0,0.16702127659574467,1.753370862309366,-0.10821993476975778,False
