router,social_bias,environment_bias,infrastructure_bias,tool_bias,teaching_bias,tune_total_score,tune_maturation_score,tune_crisis_score,tune_resolved_rate,tune_coupled_response,tune_damage,selection_objective,selected
none,0.0,0.0,0.0,0.0,0.0,0.51872704,0.9975519999999999,0.0,0.0,0.0,1.155809855410837,0.2875650689178326,False
balanced,1.0,1.0,1.0,1.0,1.0,0.51872704,0.9975519999999999,0.0,0.16666666666666666,0.0202991452991453,1.0490939423950543,0.3189883797261173,False
social_env,1.55,1.45,0.75,0.7,1.2,0.51872704,0.9975519999999999,0.0,0.16666666666666666,0.017094017094017092,0.9903603844073485,0.3305908605544277,True
environment_first,0.55,2.0,0.7,0.65,0.55,0.5187203132929795,0.9975390640249605,0.0,0.16666666666666666,0.011752136752136752,0.9921926319916862,0.3299772997151551,False
social_first,2.0,0.55,0.6,0.6,1.35,0.51872704,0.9975519999999999,0.0,0.08333333333333333,0.03311965811965812,1.0274812351546336,0.31930451091779133,False
build_tool,0.45,0.7,1.65,1.7,0.55,0.5173283280755966,0.9948621693761472,0.0,0.16666666666666666,0.03311965811965812,1.0263491693002005,0.3227155454976078,False
teaching_tradition,1.1,0.75,0.7,0.7,2.0,0.51872704,0.9975519999999999,0.0,0.16666666666666666,0.022435897435897436,0.9976023257787343,0.32938285689553526,False
high_pressure,1.8,1.6,1.3,1.25,1.5,0.5174540799999999,0.9951039999999999,0.0,0.16666666666666666,0.022435897435897436,1.0026189475328942,0.32710657254470316,False
