{
  "config": {
    "seeds": [
      20260708,
      20260709,
      20260710,
      20260711,
      20260712
    ],
    "hours": 14.5,
    "step_hours": 0.05,
    "population": 10,
    "trace_seed": 20260708
  },
  "summary": [
    {
      "condition": "integrated_long_horizon",
      "mean_long_horizon_score": 0.9636278061467023,
      "mean_survival_score": 1.0,
      "mean_development_score": 1.0,
      "mean_knowledge_score": 1.0,
      "mean_post_shock_score": 1.0,
      "mean_final_alive": 10.6,
      "mean_alive_at_12h": 10.4,
      "mean_adaptation_evidence": 0.6362780614670228,
      "mean_architecture_delta": 0.7054768811844544,
      "mean_tool_design_delta": 0.7873028672384947,
      "mean_knowledge_transfer": 0.8737372507371617,
      "no_major_shock_before_12h_rate": 1.0,
      "post_gate_shock_rate": 1.0
    },
    {
      "condition": "no_adaptive_arbitration",
      "mean_long_horizon_score": 0.6745013560227696,
      "mean_survival_score": 1.0,
      "mean_development_score": 0.7230827421204156,
      "mean_knowledge_score": 0.029566581214718984,
      "mean_post_shock_score": 0.8901634992113305,
      "mean_final_alive": 10.0,
      "mean_alive_at_12h": 10.0,
      "mean_adaptation_evidence": 0.35410083437181045,
      "mean_architecture_delta": 0.4554413555207635,
      "mean_tool_design_delta": 0.5454604199682472,
      "mean_knowledge_transfer": 0.0,
      "no_major_shock_before_12h_rate": 1.0,
      "post_gate_shock_rate": 1.0
    },
    {
      "condition": "no_infrastructure_memory",
      "mean_long_horizon_score": 0.6838127128055886,
      "mean_survival_score": 1.0,
      "mean_development_score": 0.5795264857684075,
      "mean_knowledge_score": 0.06080498915336424,
      "mean_post_shock_score": 0.9542359051628099,
      "mean_final_alive": 10.6,
      "mean_alive_at_12h": 10.6,
      "mean_adaptation_evidence": 0.6201899524425952,
      "mean_architecture_delta": 0.4153071658881675,
      "mean_tool_design_delta": 0.3803535133717773,
      "mean_knowledge_transfer": 0.016243702142697346,
      "no_major_shock_before_12h_rate": 1.0,
      "post_gate_shock_rate": 1.0
    },
    {
      "condition": "no_risk_memory",
      "mean_long_horizon_score": 0.9179879480189816,
      "mean_survival_score": 1.0,
      "mean_development_score": 0.8694014223390321,
      "mean_knowledge_score": 1.0,
      "mean_post_shock_score": 0.9142379577280823,
      "mean_final_alive": 10.0,
      "mean_alive_at_12h": 10.0,
      "mean_adaptation_evidence": 0.6476877426655918,
      "mean_architecture_delta": 0.5750245576845584,
      "mean_tool_design_delta": 0.579898481915543,
      "mean_knowledge_transfer": 1.0,
      "no_major_shock_before_12h_rate": 1.0,
      "post_gate_shock_rate": 1.0
    },
    {
      "condition": "no_teaching_transmission",
      "mean_long_horizon_score": 0.7842999606324323,
      "mean_survival_score": 1.0,
      "mean_development_score": 1.0,
      "mean_knowledge_score": 0.03327929872830636,
      "mean_post_shock_score": 0.9931063169462456,
      "mean_final_alive": 10.2,
      "mean_alive_at_12h": 10.2,
      "mean_adaptation_evidence": 0.5955054981101303,
      "mean_architecture_delta": 0.7147484755222294,
      "mean_tool_design_delta": 0.7946438643850952,
      "mean_knowledge_transfer": 0.0,
      "no_major_shock_before_12h_rate": 1.0,
      "post_gate_shock_rate": 1.0
    },
    {
      "condition": "no_tool_improvement",
      "mean_long_horizon_score": 0.868579058962586,
      "mean_survival_score": 1.0,
      "mean_development_score": 0.6171915679425751,
      "mean_knowledge_score": 1.0,
      "mean_post_shock_score": 1.0,
      "mean_final_alive": 10.0,
      "mean_alive_at_12h": 10.0,
      "mean_adaptation_evidence": 0.6045308265636804,
      "mean_architecture_delta": 0.5922889206950404,
      "mean_tool_design_delta": 0.0,
      "mean_knowledge_transfer": 0.6042047737361902,
      "no_major_shock_before_12h_rate": 1.0,
      "post_gate_shock_rate": 1.0
    },
    {
      "condition": "reactive_survival_only",
      "mean_long_horizon_score": 0.5156070197293234,
      "mean_survival_score": 1.0,
      "mean_development_score": 0.0,
      "mean_knowledge_score": 0.02958261118678889,
      "mean_post_shock_score": 0.8719755697673091,
      "mean_final_alive": 10.0,
      "mean_alive_at_12h": 10.0,
      "mean_adaptation_evidence": 0.5332654715758587,
      "mean_architecture_delta": -0.16,
      "mean_tool_design_delta": 0.0,
      "mean_knowledge_transfer": 0.0,
      "no_major_shock_before_12h_rate": 1.0,
      "post_gate_shock_rate": 1.0
    }
  ],
  "verdict": {
    "integrated_score": 0.9636278061467023,
    "reactive_score": 0.5156070197293234,
    "no_teaching_score": 0.7842999606324323,
    "no_risk_memory_score": 0.9179879480189816,
    "no_infrastructure_memory_score": 0.6838127128055886,
    "no_tool_improvement_score": 0.868579058962586,
    "no_adaptive_arbitration_score": 0.6745013560227696,
    "reactive_loss": 0.44802078641737886,
    "teaching_loss": 0.9667207012716936,
    "risk_memory_loss": 0.08576204227191775,
    "infrastructure_memory_loss": 0.4204735142315925,
    "tool_improvement_loss": 0.3828084320574249,
    "adaptive_arbitration_loss": 0.2891264501239327,
    "shock_gate_pass_rate": 1.0,
    "post_gate_shock_rate": 1.0,
    "survival_at_12h": 10.4,
    "supports_long_horizon_development": true,
    "supports_ablation_specificity": true,
    "verdict": "pass"
  },
  "trace": [
    {
      "label": "1.0h",
      "hours": 1.0000000000000002,
      "alive": 10,
      "total_agents": 10,
      "major_shocks": 0,
      "major_shock_unlocked": false,
      "food": 0.794413772052535,
      "water": 0.7829019018017246,
      "architecture": 0.16,
      "tool_design": 0.18835763219576088,
      "teaching": 0.08,
      "risk_memory": 0.14503498811881876,
      "adaptation_evidence": 0.04630489876632824,
      "adaptive_pressure": 0.1727718473393255,
      "knowledge_transfer": 0.0,
      "mean_wisdom": 0.14706275084121798,
      "mean_adaptation": 0.15086738809421912,
      "mean_health": 0.9083539495533299,
      "mean_reserve": 0.873858997945906
    },
    {
      "label": "6.0h",
      "hours": 5.999999999999987,
      "alive": 10,
      "total_agents": 10,
      "major_shocks": 0,
      "major_shock_unlocked": false,
      "food": 0.7572277400320667,
      "water": 0.6889903818358318,
      "architecture": 0.6249315767544914,
      "tool_design": 0.5537928859019041,
      "teaching": 0.36340467828640594,
      "risk_memory": 0.34920745568727424,
      "adaptation_evidence": 0.27350869230950975,
      "adaptive_pressure": 0.11531550697557309,
      "knowledge_transfer": 0.25191526958791627,
      "mean_wisdom": 0.16805426996193104,
      "mean_adaptation": 0.16601430766376457,
      "mean_health": 0.880847379427488,
      "mean_reserve": 0.8673037267931594
    },
    {
      "label": "12.0h",
      "hours": 12.000000000000036,
      "alive": 11,
      "total_agents": 11,
      "major_shocks": 0,
      "major_shock_unlocked": true,
      "food": 0.7905191661226184,
      "water": 0.6696519014918887,
      "architecture": 0.8099538646614117,
      "tool_design": 0.7881403259319538,
      "teaching": 0.828849450286563,
      "risk_memory": 0.8218216975611998,
      "adaptation_evidence": 0.5246890368579413,
      "adaptive_pressure": 0.08102936051671539,
      "knowledge_transfer": 0.7607636183590533,
      "mean_wisdom": 0.18244224523785996,
      "mean_adaptation": 0.17046877008584735,
      "mean_health": 0.8791872581019152,
      "mean_reserve": 0.8423655289691196
    },
    {
      "label": "12.5h",
      "hours": 12.500000000000043,
      "alive": 11,
      "total_agents": 11,
      "major_shocks": 0,
      "major_shock_unlocked": true,
      "food": 0.7900303998402247,
      "water": 0.672115663878742,
      "architecture": 0.8308820724552122,
      "tool_design": 0.8153459164056551,
      "teaching": 0.8509751227688204,
      "risk_memory": 0.8498376113002336,