controller,ablation,mean_score,score_loss,mean_readiness_score,readiness_loss,mean_development_score,development_loss,mean_knowledge_score,knowledge_loss,mean_resilience_score,resilience_loss,pest_pressure_delta,structural_strain_delta
gru,body,0.5292300937721286,-0.31122824218096834,0.723347388770699,-0.3231192970791835,0.4285285365446567,-0.3534958588029904,1.0,-0.9187030695563553,0.6106722953234971,-0.0888219332908301,0.0,0.10937631565340289
gru,infrastructure,0.21957500870797989,-0.0015731571168196568,0.4016793888281379,-0.0014512971366223981,0.07540937807037391,-0.0003767003287075549,0.08203508941777503,-0.0007381589741302652,0.5275803637128222,-0.00573000168015525,0.030039999262949986,-0.11142004087550827
gru,tools,0.21853062282660302,-0.0005287712354427876,0.4008265042509892,-0.0005984125594736822,0.07524457500901664,-0.00021189726735028336,0.08297436032205145,-0.0016774298784066888,0.5222636064057447,-0.00041324437307765916,0.0,0.015565154509192825
gru,social_culture,0.2176025089800643,0.00039934261109592084,0.39989183256291566,0.0003362591285998584,0.07499512913309282,3.7548608573537146e-05,0.07840709375377646,0.002889836689868308,0.522690601876343,-0.0008402398436759828,0.015183829505504115,-0.01791637441691163
gru,environment,0.21717710568146703,0.0008247459096931975,0.39535469256225186,0.004873399129263656,0.07421783235326715,0.0008148453883992102,0.07880460845419235,0.0024923219894524146,0.5268870869066802,-0.005036724874013188,0.0,-0.06786473319477526
gru,readiness,0.21796164398298196,4.020760817827207e-05,0.3995969046900486,0.0006311870014669152,0.0749559450202172,7.673272144916032e-05,0.08053863831846861,0.0007582921251761549,0.5232278651242881,-0.0013775030916211017,0.0,0.012851411951988467
gru,previous_action,0.4361604971749136,-0.2181586455837534,0.6769767762019162,-0.2767486845104007,0.19848886704393615,-0.12345618930226979,0.7905792642778092,-0.7092823338341645,0.5971978621845386,-0.07534750015187164,0.009599363373735858,0.10545936591990368
