router,social_bias,environment_bias,infrastructure_bias,tool_bias,teaching_bias,tune_total_score,tune_maturation_score,tune_crisis_score,tune_resolved_rate,tune_coupled_response,tune_damage,selection_objective,selected
none,0.0,0.0,0.0,0.0,0.0,0.5146973752996696,0.9898026448070572,0.0,0.0,0.0,1.5736786435000576,0.1999616465996581,False
balanced,1.0,1.0,1.0,1.0,1.0,0.5119628400761947,0.9845439232234513,0.0,0.06666666666666667,0.05272108843537415,1.3015187501153587,0.25769820569938157,False
social_env,1.55,1.45,0.75,0.7,1.2,0.52,1.0,0.0,0.0,0.0,1.5027682515509904,0.21944634968980192,False
environment_first,0.55,2.0,0.7,0.65,0.55,0.519368414117647,0.9987854117647058,0.0,0.05555555555555555,0.059574468085106386,1.3893188426617202,0.24724105220468828,False
social_first,2.0,0.55,0.6,0.6,1.35,0.52,1.0,0.0,0.18888888888888888,0.08183166883774785,1.2890611654056088,0.2762590809054658,True
build_tool,0.45,0.7,1.65,1.7,0.55,0.5159627607843137,0.9922360784313726,0.0,0.18888888888888888,0.13525112172528586,1.3003904550148937,0.27235985914786176,False
teaching_tradition,1.1,0.75,0.7,0.7,2.0,0.5094429710444244,0.9796980212392775,0.0,0.13333333333333333,0.02806122448979592,1.2958681954865672,0.258865420382485,False
high_pressure,1.8,1.6,1.3,1.25,1.5,0.5140281813333334,0.9885157333333333,0.0,0.12222222222222223,0.0,1.4074433058481137,0.23926174238593284,False
