controller,ablation,mean_score,score_loss,mean_readiness_score,readiness_loss,mean_development_score,development_loss,mean_knowledge_score,knowledge_loss,mean_resilience_score,resilience_loss,pest_pressure_delta,structural_strain_delta
sequence_gru,body,0.46874825820839394,-0.18160008684774998,0.3812060993646359,0.06120989792256415,0.10912704286922917,0.2006072531052863,0.09474750017258655,-0.015127803519162916,0.7729496034253585,-0.1824922625794413,-0.035832665382513076,0.2570016084968123
sequence_gru,infrastructure,0.3220894247967448,-0.03494125343610083,0.4781355018158032,-0.035719504528603174,0.42798497575775435,-0.11825067978323889,0.08097378136215465,-0.0013540847087310098,0.6043561343969801,-0.013898793551062938,-0.00011739656677387661,-0.03166866747066528
sequence_gru,tools,0.6259534231008532,-0.33880525174020926,0.514302696090601,-0.07188669880340093,0.5721641669506876,-0.26242987097617215,0.09720064876620786,-0.017580952112784223,0.8474213269243231,-0.256963986078406,-0.035832665382513076,0.04021212202904597
sequence_gru,social_culture,0.3904358952287391,-0.10328772386809515,0.4656969584490412,-0.02328096116184114,0.4242906442818333,-0.11455634830731781,0.08669320100938922,-0.007073504355965585,0.6679183248267477,-0.07746098398083057,-0.035832665382513076,-0.036
sequence_gru,environment,0.22063796146315565,0.06651020989748832,0.36450509216547455,0.0779109051217255,0.09683698946714625,0.2128973065073692,0.08225785641000778,-0.0026381597565841436,0.5590449134689515,0.0314124273769657,-0.006363193947068638,0.09824850579112485
sequence_gru,readiness,0.5409192069020438,-0.2537710355413998,0.48100240170285513,-0.038586404415655084,0.44806805825392093,-0.13833376227940547,0.09818377401455419,-0.018564077361130554,0.8008645277791426,-0.21040718693322547,-0.035832665382513076,-0.036
sequence_gru,previous_action,0.37247067842593157,-0.0853225070652876,0.533980148651471,-0.09156415136427098,0.5990549194172623,-0.28932062344274684,0.08077511140910429,-0.0011554147556806504,0.6198913391148299,-0.029433998268912687,-0.005502912032895761,-0.036
