ablation,mean_total_score,total_loss,crisis_score_loss,resolved_rate_loss,env_response_loss,social_response_loss,coupled_response_loss,damage_increase
body,0.49919711581337944,0.161753738422873,0.2863700288204896,0.25,0.2269230769230769,0.0064102564102563875,0.1923076923076923,0.25082898996511216
infrastructure,0.4572131199999999,0.20373773423625252,0.3037328452785801,0.25,0.24871794871794872,0.09743589743589742,0.2352564102564102,0.35289462142544714
tools,0.648151764471978,0.012799089764274463,0.03515880262862581,0.0,0.07243589743589746,0.013461538461538525,0.07179487179487176,-0.01016898882663686
social_culture,0.5988346341940615,0.06211622004219097,0.13949402404095212,0.09999999999999998,0.17435897435897435,-0.10512820512820509,0.10961538461538456,0.1164664423148083
environment,0.6457194328071268,0.015231421429125591,0.027497692706434373,0.0,0.002564102564102555,0.0,0.0032051282051281937,0.07435238209164419
previous_action,0.5990053133579882,0.061945540878264205,0.1391384424494379,0.09999999999999998,0.13653846153846155,0.0064102564102563875,0.11987179487179483,0.06453474399473114
