seed,hour,planner,env_target,social_target,strength,env_pressure,social_pressure,env_fraction,social_fraction
20261121,15.985,conservative_min,0.14024,0.128688,0.946,0.348,0.20359999999999998,0.0,0.0
20261121,16.985,conservative_min,0.14024,0.20154514285714287,0.9888571428571428,0.348,0.20359999999999998,0.21428571428571427,0.0
20261121,17.985,conservative_min,0.21309714285714287,0.128688,0.9888571428571428,0.348,0.20359999999999998,0.0,0.21428571428571427
20261122,15.283,conservative_min,0.143696,0.128688,0.946,0.3912,0.20359999999999998,0.0,0.0
20261122,16.283,conservative_min,0.143696,0.20154514285714287,0.9888571428571428,0.3912,0.20359999999999998,0.21428571428571427,0.0
20261122,17.283,conservative_min,0.21655314285714283,0.128688,0.9888571428571428,0.3912,0.20359999999999998,0.0,0.21428571428571427
20261123,17.134,conservative_min,0.143696,0.128688,0.946,0.3912,0.20359999999999998,0.0,0.0
20261123,18.134,conservative_min,0.143696,0.20154514285714287,0.9888571428571428,0.3912,0.20359999999999998,0.21428571428571427,0.0
20261123,19.134,conservative_min,0.21655314285714283,0.128688,0.9888571428571428,0.3912,0.20359999999999998,0.0,0.21428571428571427
