source_policy,examples,mean_target,positive_rate
fixed_joint,47258,1.41713625070023,0.7970502348808667
high_env_joint,24473,1.50313550704621,0.8330813549626118
return_selected,48269,-0.7561933859831893,0.11311607864260706
