router,social_bias,environment_bias,infrastructure_bias,tool_bias,teaching_bias,tune_total_score,tune_maturation_score,tune_crisis_score,tune_resolved_rate,tune_coupled_response,tune_damage,selection_objective,selected
none,0.0,0.0,0.0,0.0,0.0,0.51872704,0.9975519999999999,0.0,0.0,0.0,1.2021645680787119,0.27829412638425766,False
balanced,1.0,1.0,1.0,1.0,1.0,0.5186457058191855,0.9973955881138181,0.0,0.16666666666666666,0.023504273504273504,0.9899021080414937,0.3308896431852456,False
social_env,1.55,1.45,0.75,0.7,1.2,0.51872704,0.9975519999999999,0.0,0.16666666666666666,0.017094017094017092,1.0378042969482646,0.32110207804624447,False
environment_first,0.55,2.0,0.7,0.65,0.55,0.51872704,0.9975519999999999,0.0,0.16666666666666666,0.008547008547008546,1.0062363131665322,0.32703105941797567,False
social_first,2.0,0.55,0.6,0.6,1.35,0.51872704,0.9975519999999999,0.0,0.16666666666666666,0.032051282051282055,1.0247046577303214,0.3243950828129101,False
build_tool,0.45,0.7,1.65,1.7,0.55,0.51872704,0.9975519999999999,0.0,0.08333333333333333,0.02777777777777778,1.0362974047715858,0.3173008923790162,False
teaching_tradition,1.1,0.75,0.7,0.7,2.0,0.51872704,0.9975519999999999,0.0,0.16666666666666666,0.027777777777777776,0.9908226684218017,0.3309791729823063,True
high_pressure,1.8,1.6,1.3,1.25,1.5,0.5174540799999999,0.9951039999999999,0.0,0.16666666666666666,0.017094017094017092,1.0338604613935984,0.3206178851571776,False
