architecture,train_loss,train_accuracy,device_used,parameter_count,train_sequences,train_steps
frame_mlp,1.9108881950378418,0.2117511593758913,mps,9932,105,94663
gru,1.8946750164031982,0.22287482965889524,mps,28236,105,94663
