iteration,source,collected_sequences,collected_examples,aggregate_sequences,aggregate_examples,epochs,final_loss,train_accuracy,env_action_fraction,social_action_fraction,none_fraction,mean_sequence_length,collection_policy_bias,device_used,parameter_count
0,planner_teacher,19,24568,19,24568,12,0.033303216099739075,0.986323673070661,0.18564799739498536,0.2371784435037447,0.57717355910127,1293.0526315789473,0.0,mps,29640
1,student_recovery,19,26278,38,50846,6,0.4448587894439697,0.4768516697478661,0.2307359477638359,0.4768516697478661,0.292412382488298,1338.0526315789473,0.7,mps,29640
2,student_recovery,19,23910,57,74756,6,0.7387601137161255,0.38081224249558565,0.4672668414575419,0.3338461126866071,0.19888704585585104,1311.5087719298247,0.7,mps,29640
