policy_bias,tune_total_score,tune_maturation_score,tune_crisis_score,tune_resolved_rate,tune_env_response,tune_social_response,tune_coupled_response,tune_damage,selection_objective,selected
0.0,0.5023122742857142,0.9659851428571429,0.0,0.0,0.367276378636561,0.0,0.0,2.4565734816517053,-0.5449936224714029,False
0.2,0.52,1.0,0.0,0.0,0.367276378636561,0.0,0.0,2.5688390930740432,-0.5724285097836939,False
0.4,0.5075717028571429,0.9760994285714286,0.0,0.0,0.367276378636561,0.0,0.0,2.532710206519212,-0.5668328487147194,False
0.7,0.5100808529239483,0.980924717161439,0.0,0.0,0.367276378636561,0.0,0.0,2.4764248500701322,-0.5476171426189471,False
1.0,0.5148915199999999,0.990176,0.0,0.0,0.367276378636561,0.0,0.0,2.413656174194146,-0.5252220461421266,True
