architecture,train_loss,action_accuracy,option_accuracy,device_used,parameter_count
option_frame,4.644725799560547,0.3369375169277191,0.460562527179718,mps,7748
option_gru,4.5797858238220215,0.3538125157356262,0.4712500274181366,mps,20964
