ablation,mean_total_score,total_loss,crisis_score_loss,resolved_rate_loss,env_response_loss,social_response_loss,coupled_response_loss,damage_increase
body,0.47113328221896483,-0.005249947882694339,0.0,0.0,0.0,0.006802721088435374,0.0,0.023237114008818338
infrastructure,0.3107078544229345,0.15517547991333597,0.0,0.0,0.0,0.006802721088435374,0.0,0.04962684397274941
tools,0.1962352582673129,0.2696480760689576,0.0,0.0,0.05602836879432624,0.006802721088435374,0.0,-0.2413678657893623
social_culture,0.4816883687508342,-0.015805034414563712,0.0,0.0,0.0,0.006802721088435374,0.0,0.030339791743157374
environment,0.5081694226277061,-0.04228608829143565,0.0,0.0,0.17755659792037157,-0.9931972789115646,0.0,-0.9723676720160903
previous_action,0.5154543964871422,-0.0495710621508717,0.0,0.0,0.0,-0.04661226057030754,0.0,-0.02901286390001756
