tick,day,slot,avatar_room,avatar_action_key,resident,project,trust_before,trust_after,obligation_before,obligation_after,schedule_before,schedule_after,visible_consequence,avatar_agency_bound,resident_agency_bound,replay_key
0,1,0,west hearth,talk,Sera,patch cloak,0.490641,0.510641,0.52,0.494,rest,negotiate debt,trust warms and obligation decreases,True,True,v58-loop-00000
1,1,1,river gate,offer_help,Tovan,repair awning,0.342515,0.362515,0.413449,0.387449,negotiate debt,seek tool,trust warms and obligation decreases,True,True,v58-loop-00001
2,1,2,arrival court,borrow_tool,Nia,fix bridge peg,0.33542,0.31542,0.197006,0.227006,seek tool,private task,work is delayed and debt marker increases,True,True,v58-loop-00002
3,1,3,tool alcove,return_tool,Ari,patch cloak,0.493552,0.509552,0.080328,0.054328,care duty,private task,trust warms and obligation decreases,True,True,v58-loop-00003
4,1,4,rain court,interrupt_work,Fay,repair awning,0.637714,0.617714,0.176435,0.206435,private task,work,work is delayed and debt marker increases,True,False,v58-loop-00004
5,1,5,fiber loft,wait_offscreen,Milo,fix bridge peg,0.660664,0.662664,0.392233,0.386233,recover focus,work,residents continue without avatar,True,True,v58-loop-00005
6,1,6,west hearth,repair_trust,Sera,patch cloak,0.49625,0.51625,0.51869,0.49269,work,rest,trust warms and obligation decreases,True,True,v58-loop-00006
7,1,7,river gate,move,Tovan,repair awning,0.339621,0.343621,0.433313,0.431313,rest,negotiate debt,position changes but history remains intact,True,True,v58-loop-00007
8,1,8,arrival court,talk,Nia,fix bridge peg,0.303098,0.319098,0.218803,0.192803,negotiate debt,seek tool,trust warms and obligation decreases,True,True,v58-loop-00008
9,1,9,tool alcove,offer_help,Ari,patch cloak,0.510846,0.526846,0.082944,0.056944,seek tool,care duty,trust warms and obligation decreases,True,True,v58-loop-00009
10,1,10,rain court,borrow_tool,Fay,repair awning,0.659695,0.639695,0.157336,0.187336,care duty,recover focus,work is delayed and debt marker increases,True,True,v58-loop-00010
11,1,11,fiber loft,return_tool,Milo,fix bridge peg,0.653822,0.669822,0.36992,0.34392,private task,recover focus,trust warms and obligation decreases,True,True,v58-loop-00011
12,1,12,west hearth,interrupt_work,Sera,patch cloak,0.499144,0.479144,0.514775,0.544775,recover focus,rest,work is delayed and debt marker increases,True,False,v58-loop-00012
13,1,13,river gate,wait_offscreen,Tovan,repair awning,0.327627,0.329627,0.451589,0.445589,work,rest,residents continue without avatar,True,True,v58-loop-00013
14,1,14,arrival court,repair_trust,Nia,fix bridge peg,0.333552,0.349552,0.241567,0.215567,rest,negotiate debt,trust warms and obligation decreases,True,True,v58-loop-00014
15,1,15,tool alcove,move,Ari,patch cloak,0.514074,0.518074,0.088145,0.086145,negotiate debt,seek tool,position changes but history remains intact,True,True,v58-loop-00015
16,1,16,rain court,talk,Fay,repair awning,0.642546,0.658546,0.139937,0.113937,seek tool,care duty,trust warms and obligation decreases,True,True,v58-loop-00016
17,1,17,fiber loft,offer_help,Milo,fix bridge peg,0.631316,0.647316,0.346773,0.320773,care duty,private task,trust warms and obligation decreases,True,True,v58-loop-00017
18,2,0,river gate,return_tool,Sera,map safe route,0.491589,0.511589,0.490701,0.464701,recover focus,work,trust warms and obligation decreases,True,True,v58-loop-00018
19,2,1,arrival court,interrupt_work,Tovan,dry seed store,0.330445,0.310445,0.304355,0.334355,work,negotiate debt,work is delayed and debt marker increases,True,True,v58-loop-00019
20,2,2,tool alcove,wait_offscreen,Nia,sort herb shelf,0.325225,0.323225,0.11379,0.10779,rest,negotiate debt,residents continue without avatar,True,True,v58-loop-00020
21,2,3,rain court,repair_trust,Ari,map safe route,0.52461,0.54061,0.103597,0.077597,negotiate debt,seek tool,trust warms and obligation decreases,True,True,v58-loop-00021
22,2,4,fiber loft,move,Fay,dry seed store,0.66397,0.66797,0.28365,0.28165,seek tool,care duty,position changes but history remains intact,True,True,v58-loop-00022
23,2,5,west hearth,talk,Milo,sort herb shelf,0.638015,0.658015,0.47954,0.45354,care duty,private task,trust warms and obligation decreases,True,True,v58-loop-00023
24,2,6,river gate,offer_help,Sera,map safe route,0.492203,0.512203,0.501519,0.475519,private task,recover focus,trust warms and obligation decreases,True,True,v58-loop-00024
25,2,7,arrival court,borrow_tool,Tovan,dry seed store,0.34964,0.32964,0.328297,0.358297,recover focus,rest,work is delayed and debt marker increases,True,True,v58-loop-00025
26,2,8,tool alcove,return_tool,Nia,sort herb shelf,0.33426,0.35026,0.127666,0.101666,work,rest,trust warms and obligation decreases,True,True,v58-loop-00026
27,2,9,rain court,interrupt_work,Ari,map safe route,0.527837,0.507837,0.093965,0.123965,rest,seek tool,work is delayed and debt marker increases,True,True,v58-loop-00027
28,2,10,fiber loft,wait_offscreen,Fay,dry seed store,0.664465,0.662465,0.25984,0.25384,negotiate debt,seek tool,residents continue without avatar,True,True,v58-loop-00028
29,2,11,west hearth,repair_trust,Milo,sort herb shelf,0.642997,0.662997,0.464616,0.438616,seek tool,care duty,trust warms and obligation decreases,True,True,v58-loop-00029
30,2,12,river gate,move,Sera,map safe route,0.474954,0.478954,0.509937,0.507937,care duty,private task,position changes but history remains intact,True,True,v58-loop-00030
31,2,13,arrival court,talk,Tovan,dry seed store,0.319201,0.335201,0.351903,0.325903,private task,recover focus,trust warms and obligation decreases,True,True,v58-loop-00031
32,2,14,tool alcove,offer_help,Nia,sort herb shelf,0.317836,0.333836,0.143593,0.117593,recover focus,work,trust warms and obligation decreases,True,True,v58-loop-00032
33,2,15,rain court,borrow_tool,Ari,map safe route,0.503653,0.483653,0.086787,0.116787,work,negotiate debt,work is delayed and debt marker increases,True,True,v58-loop-00033
34,2,16,fiber loft,return_tool,Fay,dry seed store,0.652998,0.668998,0.236509,0.210509,rest,negotiate debt,trust warms and obligation decreases,True,True,v58-loop-00034
35,2,17,west hearth,interrupt_work,Milo,sort herb shelf,0.647135,0.627135,0.447731,0.477731,negotiate debt,care duty,work is delayed and debt marker increases,True,True,v58-loop-00035
36,3,0,arrival court,repair_trust,Sera,repair awning,0.461305,0.481305,0.410609,0.384609,care duty,private task,trust warms and obligation decreases,True,True,v58-loop-00036
37,3,1,tool alcove,move,Tovan,fix bridge peg,0.340803,0.344803,0.194101,0.192101,private task,recover focus,position changes but history remains intact,True,True,v58-loop-00037
38,3,2,rain court,talk,Nia,patch cloak,0.339241,0.355241,0.080172,0.054172,recover focus,work,trust warms and obligation decreases,True,True,v58-loop-00038
39,3,3,fiber loft,offer_help,Ari,repair awning,0.535635,0.551635,0.179179,0.153179,work,rest,trust warms and obligation decreases,True,True,v58-loop-00039
40,3,4,west hearth,borrow_tool,Fay,fix bridge peg,0.641816,0.621816,0.395219,0.425219,rest,seek tool,work is delayed and debt marker increases,True,False,v58-loop-00040
41,3,5,river gate,return_tool,Milo,patch cloak,0.614259,0.634259,0.519025,0.493025,negotiate debt,seek tool,trust warms and obligation decreases,True,True,v58-loop-00041
42,3,6,arrival court,interrupt_work,Sera,repair awning,0.466909,0.446909,0.430673,0.460673,seek tool,private task,work is delayed and debt marker increases,True,True,v58-loop-00042
43,3,7,tool alcove,wait_offscreen,Tovan,fix bridge peg,0.319515,0.321515,0.215745,0.209745,care duty,private task,residents continue without avatar,True,True,v58-loop-00043
44,3,8,rain court,repair_trust,Nia,patch cloak,0.325385,0.341385,0.08243,0.05643,private task,recover focus,trust warms and obligation decreases,True,True,v58-loop-00044
45,3,9,fiber loft,move,Ari,repair awning,0.516789,0.520789,0.159864,0.157864,recover focus,work,position changes but history remains intact,True,True,v58-loop-00045
46,3,10,west hearth,talk,Fay,fix bridge peg,0.649899,0.665899,0.373041,0.347041,work,rest,trust warms and obligation decreases,True,True,v58-loop-00046
47,3,11,river gate,offer_help,Milo,patch cloak,0.62419,0.64419,0.515466,0.489466,rest,negotiate debt,trust warms and obligation decreases,True,True,v58-loop-00047
48,3,12,arrival court,borrow_tool,Sera,repair awning,0.45972,0.43972,0.449181,0.479181,negotiate debt,care duty,work is delayed and debt marker increases,True,False,v58-loop-00048
49,3,13,tool alcove,return_tool,Tovan,fix bridge peg,0.333676,0.349676,0.238392,0.212392,seek tool,care duty,trust warms and obligation decreases,True,True,v58-loop-00049
50,3,14,rain court,interrupt_work,Nia,patch cloak,0.329381,0.309381,0.087279,0.117279,care duty,recover focus,work is delayed and debt marker increases,True,True,v58-loop-00050
51,3,15,fiber loft,wait_offscreen,Ari,repair awning,0.529091,0.531091,0.142219,0.136219,private task,recover focus,residents continue without avatar,True,True,v58-loop-00051
52,3,16,west hearth,repair_trust,Fay,fix bridge peg,0.645382,0.661382,0.349992,0.323992,recover focus,work,trust warms and obligation decreases,True,True,v58-loop-00052
53,3,17,river gate,move,Milo,patch cloak,0.629257,0.633257,0.509341,0.507341,work,rest,position changes but history remains intact,True,True,v58-loop-00053
54,4,0,tool alcove,offer_help,Sera,dry seed store,0.457015,0.473015,0.301055,0.275055,negotiate debt,seek tool,trust warms and obligation decreases,True,True,v58-loop-00054
55,4,1,rain court,borrow_tool,Tovan,sort herb shelf,0.308059,0.288059,0.112054,0.142054,seek tool,private task,work is delayed and debt marker increases,True,True,v58-loop-00055
56,4,2,fiber loft,return_tool,Nia,map safe route,0.346763,0.362763,0.105106,0.079106,care duty,private task,trust warms and obligation decreases,True,True,v58-loop-00056
57,4,3,west hearth,interrupt_work,Ari,dry seed store,0.533599,0.513599,0.286942,0.316942,private task,work,work is delayed and debt marker increases,True,True,v58-loop-00057
58,4,4,river gate,wait_offscreen,Fay,sort herb shelf,0.645107,0.643107,0.481426,0.475426,recover focus,work,residents continue without avatar,True,True,v58-loop-00058
59,4,5,arrival court,repair_trust,Milo,map safe route,0.639831,0.659831,0.500172,0.474172,work,rest,trust warms and obligation decreases,True,True,v58-loop-00059
60,4,6,tool alcove,move,Sera,dry seed store,0.452898,0.456898,0.325022,0.323022,rest,negotiate debt,position changes but history remains intact,True,True,v58-loop-00060
61,4,7,rain court,talk,Tovan,sort herb shelf,0.33352,0.34952,0.125634,0.099634,negotiate debt,seek tool,trust warms and obligation decreases,True,True,v58-loop-00061
62,4,8,fiber loft,offer_help,Nia,map safe route,0.322297,0.338297,0.095145,0.069145,seek tool,care duty,trust warms and obligation decreases,True,True,v58-loop-00062
63,4,9,west hearth,borrow_tool,Ari,dry seed store,0.541693,0.521693,0.263089,0.293089,care duty,recover focus,work is delayed and debt marker increases,True,True,v58-loop-00063
64,4,10,river gate,return_tool,Fay,sort herb shelf,0.652324,0.672324,0.466786,0.440786,private task,recover focus,trust warms and obligation decreases,True,True,v58-loop-00064
65,4,11,arrival court,interrupt_work,Milo,map safe route,0.637712,0.617712,0.508926,0.538926,recover focus,rest,work is delayed and debt marker increases,True,True,v58-loop-00065
66,4,12,tool alcove,wait_offscreen,Sera,dry seed store,0.464552,0.462552,0.34869,0.34269,work,rest,residents continue without avatar,True,True,v58-loop-00066
67,4,13,rain court,repair_trust,Tovan,sort herb shelf,0.314102,0.330102,0.14129,0.11529,rest,negotiate debt,trust warms and obligation decreases,True,True,v58-loop-00067
68,4,14,fiber loft,move,Nia,map safe route,0.342015,0.346015,0.087624,0.085624,negotiate debt,seek tool,position changes but history remains intact,True,True,v58-loop-00068
69,4,15,west hearth,talk,Ari,dry seed store,0.531735,0.547735,0.239676,0.213676,seek tool,care duty,trust warms and obligation decreases,True,True,v58-loop-00069
70,4,16,river gate,offer_help,Fay,sort herb shelf,0.649108,0.669108,0.45016,0.42416,care duty,private task,trust warms and obligation decreases,True,True,v58-loop-00070
71,4,17,arrival court,borrow_tool,Milo,map safe route,0.621035,0.601035,0.515192,0.545192,private task,work,work is delayed and debt marker increases,True,True,v58-loop-00071
72,5,0,rain court,interrupt_work,Sera,fix bridge peg,0.462328,0.442328,0.191221,0.221221,work,negotiate debt,work is delayed and debt marker increases,True,False,v58-loop-00072
73,5,1,fiber loft,wait_offscreen,Tovan,patch cloak,0.335367,0.337367,0.080067,0.074067,rest,negotiate debt,residents continue without avatar,True,True,v58-loop-00073
74,5,2,west hearth,repair_trust,Nia,repair awning,0.341907,0.357907,0.181951,0.155951,negotiate debt,seek tool,trust warms and obligation decreases,True,True,v58-loop-00074
75,5,3,river gate,move,Ari,fix bridge peg,0.543773,0.547773,0.398183,0.396183,seek tool,care duty,position changes but history remains intact,True,True,v58-loop-00075
76,5,4,arrival court,talk,Fay,patch cloak,0.659153,0.679153,0.519311,0.493311,care duty,private task,trust warms and obligation decreases,True,True,v58-loop-00076
77,5,5,tool alcove,offer_help,Milo,repair awning,0.623225,0.643225,0.428003,0.402003,private task,recover focus,trust warms and obligation decreases,True,True,v58-loop-00077
78,5,6,rain court,borrow_tool,Sera,fix bridge peg,0.451105,0.431105,0.212706,0.242706,recover focus,rest,work is delayed and debt marker increases,True,True,v58-loop-00078
79,5,7,fiber loft,return_tool,Tovan,patch cloak,0.310436,0.326436,0.081966,0.055966,work,rest,trust warms and obligation decreases,True,True,v58-loop-00079
80,5,8,west hearth,interrupt_work,Nia,repair awning,0.328355,0.308355,0.162424,0.192424,rest,seek tool,work is delayed and debt marker increases,True,False,v58-loop-00080
81,5,9,river gate,wait_offscreen,Ari,fix bridge peg,0.551476,0.553476,0.376145,0.370145,negotiate debt,seek tool,residents continue without avatar,True,True,v58-loop-00081
82,5,10,arrival court,repair_trust,Fay,patch cloak,0.652367,0.672367,0.516108,0.490108,seek tool,care duty,trust warms and obligation decreases,True,True,v58-loop-00082
83,5,11,tool alcove,move,Milo,repair awning,0.615318,0.619318,0.446739,0.444739,care duty,private task,position changes but history remains intact,True,True,v58-loop-00083
84,5,12,rain court,talk,Sera,fix bridge peg,0.449983,0.465983,0.235231,0.209231,private task,recover focus,trust warms and obligation decreases,True,True,v58-loop-00084
85,5,13,fiber loft,offer_help,Tovan,patch cloak,0.317226,0.333226,0.086462,0.060462,recover focus,work,trust warms and obligation decreases,True,True,v58-loop-00085
86,5,14,west hearth,borrow_tool,Nia,repair awning,0.354497,0.334497,0.144536,0.174536,work,negotiate debt,work is delayed and debt marker increases,True,True,v58-loop-00086
87,5,15,river gate,return_tool,Ari,fix bridge peg,0.565666,0.581666,0.3532,0.3272,rest,negotiate debt,trust warms and obligation decreases,True,True,v58-loop-00087
88,5,16,arrival court,interrupt_work,Fay,patch cloak,0.668422,0.648422,0.510332,0.540332,negotiate debt,care duty,work is delayed and debt marker increases,True,False,v58-loop-00088
89,5,17,tool alcove,wait_offscreen,Milo,repair awning,0.626301,0.628301,0.463726,0.457726,seek tool,care duty,residents continue without avatar,True,True,v58-loop-00089
90,6,0,fiber loft,move,Sera,sort herb shelf,0.426234,0.430234,0.11036,0.10836,private task,recover focus,position changes but history remains intact,True,True,v58-loop-00090
91,6,1,west hearth,talk,Tovan,map safe route,0.312239,0.328239,0.106659,0.080659,recover focus,work,trust warms and obligation decreases,True,True,v58-loop-00091
92,6,2,river gate,offer_help,Nia,dry seed store,0.35414,0.37014,0.290238,0.264238,work,rest,trust warms and obligation decreases,True,True,v58-loop-00092
93,6,3,arrival court,borrow_tool,Ari,sort herb shelf,0.570001,0.550001,0.483273,0.513273,rest,seek tool,work is delayed and debt marker increases,True,True,v58-loop-00093
94,6,4,tool alcove,return_tool,Fay,map safe route,0.682361,0.702361,0.498781,0.472781,negotiate debt,seek tool,trust warms and obligation decreases,True,True,v58-loop-00094
95,6,5,rain court,interrupt_work,Milo,dry seed store,0.617899,0.597899,0.32174,0.35174,seek tool,private task,work is delayed and debt marker increases,True,True,v58-loop-00095
96,6,6,fiber loft,wait_offscreen,Sera,sort herb shelf,0.421273,0.419273,0.123641,0.117641,care duty,private task,residents continue without avatar,True,True,v58-loop-00096
97,6,7,west hearth,repair_trust,Tovan,map safe route,0.316007,0.332007,0.096372,0.070372,private task,recover focus,trust warms and obligation decreases,True,True,v58-loop-00097
98,6,8,river gate,move,Nia,dry seed store,0.350458,0.354458,0.266346,0.264346,recover focus,work,position changes but history remains intact,True,True,v58-loop-00098
99,6,9,arrival court,talk,Ari,sort herb shelf,0.56303,0.58303,0.46892,0.44292,work,rest,trust warms and obligation decreases,True,True,v58-loop-00099
100,6,10,tool alcove,offer_help,Fay,map safe route,0.664522,0.684522,0.507869,0.481869,rest,negotiate debt,trust warms and obligation decreases,True,True,v58-loop-00100
101,6,11,rain court,borrow_tool,Milo,dry seed store,0.618963,0.598963,0.345467,0.375467,negotiate debt,care duty,work is delayed and debt marker increases,True,True,v58-loop-00101
102,6,12,fiber loft,return_tool,Sera,sort herb shelf,0.435824,0.451824,0.139023,0.113023,seek tool,care duty,trust warms and obligation decreases,True,True,v58-loop-00102
103,6,13,west hearth,interrupt_work,Tovan,map safe route,0.328429,0.308429,0.088509,0.118509,care duty,recover focus,work is delayed and debt marker increases,True,True,v58-loop-00103
104,6,14,river gate,wait_offscreen,Nia,dry seed store,0.356186,0.354186,0.242856,0.236856,private task,recover focus,residents continue without avatar,True,True,v58-loop-00104
105,6,15,arrival court,repair_trust,Ari,sort herb shelf,0.550655,0.570655,0.452555,0.426555,recover focus,work,trust warms and obligation decreases,True,True,v58-loop-00105
106,6,16,tool alcove,move,Fay,map safe route,0.663114,0.667114,0.514482,0.512482,work,rest,position changes but history remains intact,True,True,v58-loop-00106
107,6,17,rain court,talk,Milo,dry seed store,0.603931,0.619931,0.368651,0.342651,rest,negotiate debt,trust warms and obligation decreases,True,True,v58-loop-00107
108,7,0,west hearth,borrow_tool,Sera,patch cloak,0.420035,0.400035,0.08001,0.11001,seek tool,private task,work is delayed and debt marker increases,True,False,v58-loop-00108
109,7,1,river gate,return_tool,Tovan,repair awning,0.311357,0.327357,0.184748,0.158748,care duty,private task,trust warms and obligation decreases,True,True,v58-loop-00109
110,7,2,arrival court,interrupt_work,Nia,fix bridge peg,0.375599,0.355599,0.401125,0.431125,private task,work,work is delayed and debt marker increases,True,True,v58-loop-00110
111,7,3,tool alcove,wait_offscreen,Ari,patch cloak,0.589765,0.591765,0.519547,0.513547,recover focus,work,residents continue without avatar,True,True,v58-loop-00111
112,7,4,rain court,repair_trust,Fay,repair awning,0.683706,0.703706,0.425305,0.399305,work,rest,trust warms and obligation decreases,True,True,v58-loop-00112
113,7,5,fiber loft,move,Milo,fix bridge peg,0.601577,0.605577,0.209687,0.207687,rest,negotiate debt,position changes but history remains intact,True,True,v58-loop-00113
114,7,6,west hearth,talk,Sera,patch cloak,0.434711,0.450711,0.08155,0.05555,negotiate debt,seek tool,trust warms and obligation decreases,True,True,v58-loop-00114
115,7,7,river gate,offer_help,Tovan,repair awning,0.326827,0.342827,0.165015,0.139015,seek tool,care duty,trust warms and obligation decreases,True,True,v58-loop-00115
116,7,8,arrival court,borrow_tool,Nia,fix bridge peg,0.367228,0.347228,0.379232,0.409232,care duty,recover focus,work is delayed and debt marker increases,True,False,v58-loop-00116
117,7,9,tool alcove,return_tool,Ari,patch cloak,0.560696,0.580696,0.516702,0.490702,private task,recover focus,trust warms and obligation decreases,True,True,v58-loop-00117
118,7,10,rain court,interrupt_work,Fay,repair awning,0.650771,0.630771,0.444264,0.474264,recover focus,rest,work is delayed and debt marker increases,True,True,v58-loop-00118
119,7,11,fiber loft,wait_offscreen,Milo,fix bridge peg,0.581452,0.583452,0.232085,0.226085,work,rest,residents continue without avatar,True,True,v58-loop-00119
120,7,12,west hearth,repair_trust,Sera,patch cloak,0.42863,0.44463,0.085692,0.059692,rest,negotiate debt,trust warms and obligation decreases,True,True,v58-loop-00120
121,7,13,river gate,move,Tovan,repair awning,0.30217,0.30617,0.146888,0.144888,negotiate debt,seek tool,position changes but history remains intact,True,True,v58-loop-00121
122,7,14,arrival court,talk,Nia,fix bridge peg,0.361199,0.377199,0.356396,0.330396,seek tool,care duty,trust warms and obligation decreases,True,True,v58-loop-00122
123,7,15,tool alcove,offer_help,Ari,patch cloak,0.588352,0.608352,0.511276,0.485276,care duty,private task,trust warms and obligation decreases,True,True,v58-loop-00123
124,7,16,rain court,borrow_tool,Fay,repair awning,0.681675,0.661675,0.461504,0.491504,private task,work,work is delayed and debt marker increases,True,False,v58-loop-00124
125,7,17,fiber loft,return_tool,Milo,fix bridge peg,0.60717,0.62317,0.255291,0.229291,recover focus,work,trust warms and obligation decreases,True,True,v58-loop-00125
126,8,0,river gate,wait_offscreen,Sera,map safe route,0.427901,0.425901,0.108255,0.102255,rest,negotiate debt,residents continue without avatar,True,True,v58-loop-00126
127,8,1,arrival court,repair_trust,Tovan,dry seed store,0.322637,0.338637,0.293535,0.267535,negotiate debt,seek tool,trust warms and obligation decreases,True,True,v58-loop-00127
128,8,2,tool alcove,move,Nia,sort herb shelf,0.378565,0.382565,0.485077,0.483077,seek tool,care duty,position changes but history remains intact,True,True,v58-loop-00128
129,8,3,rain court,talk,Ari,map safe route,0.566931,0.586931,0.497345,0.471345,care duty,private task,trust warms and obligation decreases,True,True,v58-loop-00129
130,8,4,fiber loft,offer_help,Fay,dry seed store,0.676718,0.692718,0.318454,0.292454,private task,recover focus,trust warms and obligation decreases,True,True,v58-loop-00130
131,8,5,west hearth,borrow_tool,Milo,sort herb shelf,0.579932,0.559932,0.121688,0.151688,recover focus,rest,work is delayed and debt marker increases,True,True,v58-loop-00131
132,8,6,river gate,return_tool,Sera,map safe route,0.406855,0.422855,0.097644,0.071644,work,rest,trust warms and obligation decreases,True,True,v58-loop-00132
133,8,7,arrival court,interrupt_work,Tovan,dry seed store,0.305043,0.285043,0.269611,0.299611,rest,seek tool,work is delayed and debt marker increases,True,True,v58-loop-00133
134,8,8,tool alcove,wait_offscreen,Nia,sort herb shelf,0.372818,0.370818,0.471015,0.465015,negotiate debt,seek tool,residents continue without avatar,True,True,v58-loop-00134
135,8,9,rain court,repair_trust,Ari,map safe route,0.583802,0.603802,0.506765,0.480765,seek tool,care duty,trust warms and obligation decreases,True,True,v58-loop-00135
136,8,10,fiber loft,move,Fay,dry seed store,0.684326,0.688326,0.342233,0.340233,care duty,private task,position changes but history remains intact,True,True,v58-loop-00136
137,8,11,west hearth,talk,Milo,sort herb shelf,0.588052,0.604052,0.136792,0.110792,private task,recover focus,trust warms and obligation decreases,True,True,v58-loop-00137
138,8,12,river gate,offer_help,Sera,map safe route,0.400709,0.416709,0.089442,0.063442,recover focus,work,trust warms and obligation decreases,True,True,v58-loop-00138
139,8,13,arrival court,borrow_tool,Tovan,dry seed store,0.309696,0.289696,0.246049,0.276049,work,negotiate debt,work is delayed and debt marker increases,True,True,v58-loop-00139
140,8,14,tool alcove,return_tool,Nia,sort herb shelf,0.372983,0.392983,0.454915,0.428915,rest,negotiate debt,trust warms and obligation decreases,True,True,v58-loop-00140
141,8,15,rain court,interrupt_work,Ari,map safe route,0.56959,0.54959,0.513723,0.543723,negotiate debt,care duty,work is delayed and debt marker increases,True,True,v58-loop-00141
142,8,16,fiber loft,wait_offscreen,Fay,dry seed store,0.676772,0.674772,0.365509,0.359509,seek tool,care duty,residents continue without avatar,True,True,v58-loop-00142
143,8,17,west hearth,repair_trust,Milo,sort herb shelf,0.594094,0.610094,0.153839,0.127839,care duty,private task,trust warms and obligation decreases,True,True,v58-loop-00143
144,9,0,arrival court,talk,Sera,repair awning,0.390033,0.406033,0.187572,0.161572,recover focus,work,trust warms and obligation decreases,True,True,v58-loop-00144
145,9,1,tool alcove,offer_help,Tovan,fix bridge peg,0.292674,0.312674,0.404044,0.378044,work,rest,trust warms and obligation decreases,True,True,v58-loop-00145
146,9,2,rain court,borrow_tool,Nia,patch cloak,0.388201,0.368201,0.519734,0.549734,rest,seek tool,work is delayed and debt marker increases,True,True,v58-loop-00146
147,9,3,fiber loft,return_tool,Ari,repair awning,0.611099,0.631099,0.422579,0.396579,negotiate debt,seek tool,trust warms and obligation decreases,True,True,v58-loop-00147
148,9,4,west hearth,interrupt_work,Fay,fix bridge peg,0.675152,0.655152,0.206688,0.236688,seek tool,private task,work is delayed and debt marker increases,True,False,v58-loop-00148
149,9,5,river gate,wait_offscreen,Milo,patch cloak,0.571236,0.573236,0.081184,0.075184,care duty,private task,residents continue without avatar,True,True,v58-loop-00149
150,9,6,arrival court,repair_trust,Sera,repair awning,0.41591,0.43191,0.167635,0.141635,private task,recover focus,trust warms and obligation decreases,True,True,v58-loop-00150
151,9,7,tool alcove,move,Tovan,fix bridge peg,0.314951,0.318951,0.382302,0.380302,recover focus,work,position changes but history remains intact,True,True,v58-loop-00151
152,9,8,rain court,talk,Nia,patch cloak,0.389879,0.409879,0.517247,0.491247,work,rest,trust warms and obligation decreases,True,True,v58-loop-00152
153,9,9,fiber loft,offer_help,Ari,repair awning,0.603405,0.623405,0.441756,0.415756,rest,negotiate debt,trust warms and obligation decreases,True,True,v58-loop-00153
154,9,10,west hearth,borrow_tool,Fay,fix bridge peg,0.671188,0.651188,0.228953,0.258953,negotiate debt,care duty,work is delayed and debt marker increases,True,True,v58-loop-00154
155,9,11,river gate,return_tool,Milo,patch cloak,0.562361,0.578361,0.08497,0.05897,seek tool,care duty,trust warms and obligation decreases,True,True,v58-loop-00155
156,9,12,arrival court,interrupt_work,Sera,repair awning,0.403545,0.383545,0.149275,0.179275,care duty,recover focus,work is delayed and debt marker increases,True,False,v58-loop-00156
157,9,13,tool alcove,wait_offscreen,Tovan,fix bridge peg,0.293964,0.295964,0.359579,0.353579,private task,recover focus,residents continue without avatar,True,True,v58-loop-00157
158,9,14,rain court,repair_trust,Nia,patch cloak,0.394637,0.414637,0.512172,0.486172,recover focus,work,trust warms and obligation decreases,True,True,v58-loop-00158
159,9,15,fiber loft,move,Ari,repair awning,0.597391,0.601391,0.459245,0.457245,work,rest,position changes but history remains intact,True,True,v58-loop-00159
160,9,16,west hearth,talk,Fay,fix bridge peg,0.663421,0.679421,0.252065,0.226065,rest,negotiate debt,trust warms and obligation decreases,True,True,v58-loop-00160
161,9,17,river gate,offer_help,Milo,patch cloak,0.566717,0.582717,0.091317,0.065317,negotiate debt,seek tool,trust warms and obligation decreases,True,True,v58-loop-00161
162,10,0,tool alcove,return_tool,Sera,dry seed store,0.396094,0.412094,0.296835,0.270835,care duty,private task,trust warms and obligation decreases,True,True,v58-loop-00162
163,10,1,rain court,interrupt_work,Tovan,sort herb shelf,0.300786,0.280786,0.486841,0.516841,private task,work,work is delayed and debt marker increases,True,True,v58-loop-00163
164,10,2,fiber loft,wait_offscreen,Nia,map safe route,0.397179,0.395179,0.495864,0.489864,recover focus,work,residents continue without avatar,True,True,v58-loop-00164
165,10,3,west hearth,repair_trust,Ari,dry seed store,0.622048,0.638048,0.315164,0.289164,work,rest,trust warms and obligation decreases,True,True,v58-loop-00165
166,10,4,river gate,move,Fay,sort herb shelf,0.663643,0.667643,0.119776,0.117776,rest,negotiate debt,position changes but history remains intact,True,True,v58-loop-00166
167,10,5,arrival court,talk,Milo,map safe route,0.550741,0.566741,0.098961,0.072961,negotiate debt,seek tool,trust warms and obligation decreases,True,True,v58-loop-00167
168,10,6,tool alcove,offer_help,Sera,dry seed store,0.391611,0.407611,0.272883,0.246883,seek tool,care duty,trust warms and obligation decreases,True,True,v58-loop-00168
169,10,7,rain court,borrow_tool,Tovan,sort herb shelf,0.311459,0.291459,0.473071,0.503071,care duty,recover focus,work is delayed and debt marker increases,True,True,v58-loop-00169
170,10,8,fiber loft,return_tool,Nia,map safe route,0.389566,0.409566,0.505615,0.479615,private task,recover focus,trust warms and obligation decreases,True,True,v58-loop-00170
171,10,9,west hearth,interrupt_work,Ari,dry seed store,0.615084,0.595084,0.33899,0.36899,recover focus,rest,work is delayed and debt marker increases,True,True,v58-loop-00171
172,10,10,river gate,wait_offscreen,Fay,sort herb shelf,0.662821,0.660821,0.134597,0.128597,work,rest,residents continue without avatar,True,True,v58-loop-00172
173,10,11,arrival court,repair_trust,Milo,map safe route,0.573122,0.589122,0.090422,0.064422,rest,negotiate debt,trust warms and obligation decreases,True,True,v58-loop-00173
174,10,12,tool alcove,move,Sera,dry seed store,0.385858,0.389858,0.249254,0.247254,negotiate debt,seek tool,position changes but history remains intact,True,True,v58-loop-00174
175,10,13,rain court,talk,Tovan,sort herb shelf,0.295115,0.315115,0.457241,0.431241,seek tool,care duty,trust warms and obligation decreases,True,True,v58-loop-00175
176,10,14,fiber loft,offer_help,Nia,map safe route,0.38728,0.40728,0.512917,0.486917,care duty,private task,trust warms and obligation decreases,True,True,v58-loop-00176
177,10,15,west hearth,borrow_tool,Ari,dry seed store,0.594208,0.574208,0.362351,0.392351,private task,work,work is delayed and debt marker increases,True,True,v58-loop-00177
178,10,16,river gate,return_tool,Fay,sort herb shelf,0.657148,0.673148,0.151389,0.125389,recover focus,work,trust warms and obligation decreases,True,True,v58-loop-00178
179,10,17,arrival court,interrupt_work,Milo,map safe route,0.556547,0.536547,0.084379,0.114379,work,negotiate debt,work is delayed and debt marker increases,True,True,v58-loop-00179
180,11,0,rain court,repair_trust,Sera,fix bridge peg,0.376149,0.396149,0.40694,0.38094,negotiate debt,seek tool,trust warms and obligation decreases,True,True,v58-loop-00180
181,11,1,fiber loft,move,Tovan,patch cloak,0.293247,0.297247,0.519871,0.517871,seek tool,care duty,position changes but history remains intact,True,True,v58-loop-00181
182,11,2,west hearth,talk,Nia,repair awning,0.410068,0.430068,0.419825,0.393825,care duty,private task,trust warms and obligation decreases,True,True,v58-loop-00182
183,11,3,river gate,offer_help,Ari,fix bridge peg,0.620538,0.636538,0.20371,0.17771,private task,recover focus,trust warms and obligation decreases,True,True,v58-loop-00183
184,11,4,arrival court,borrow_tool,Fay,patch cloak,0.675928,0.655928,0.080866,0.110866,recover focus,rest,work is delayed and debt marker increases,True,False,v58-loop-00184
185,11,5,tool alcove,return_tool,Milo,repair awning,0.545257,0.561257,0.170286,0.144286,work,rest,trust warms and obligation decreases,True,True,v58-loop-00185
186,11,6,rain court,interrupt_work,Sera,fix bridge peg,0.383302,0.363302,0.385353,0.415353,rest,seek tool,work is delayed and debt marker increases,True,True,v58-loop-00186
187,11,7,fiber loft,wait_offscreen,Tovan,patch cloak,0.298219,0.300219,0.517743,0.511743,negotiate debt,seek tool,residents continue without avatar,True,True,v58-loop-00187
188,11,8,west hearth,repair_trust,Nia,repair awning,0.407147,0.427147,0.439217,0.413217,seek tool,care duty,trust warms and obligation decreases,True,True,v58-loop-00188
189,11,9,river gate,move,Ari,fix bridge peg,0.607819,0.611819,0.225838,0.223838,care duty,private task,position changes but history remains intact,True,True,v58-loop-00189
190,11,10,arrival court,talk,Fay,patch cloak,0.679907,0.695907,0.084297,0.058297,private task,recover focus,trust warms and obligation decreases,True,True,v58-loop-00190
191,11,11,tool alcove,offer_help,Milo,repair awning,0.538542,0.554542,0.151696,0.125696,recover focus,work,trust warms and obligation decreases,True,True,v58-loop-00191
192,11,12,rain court,borrow_tool,Sera,fix bridge peg,0.390124,0.370124,0.362749,0.392749,work,negotiate debt,work is delayed and debt marker increases,True,False,v58-loop-00192
193,11,13,fiber loft,return_tool,Tovan,patch cloak,0.321667,0.341667,0.513021,0.487021,rest,negotiate debt,trust warms and obligation decreases,True,True,v58-loop-00193
194,11,14,west hearth,interrupt_work,Nia,repair awning,0.413572,0.393572,0.45695,0.48695,negotiate debt,care duty,work is delayed and debt marker increases,True,True,v58-loop-00194
195,11,15,river gate,wait_offscreen,Ari,fix bridge peg,0.628915,0.630915,0.24885,0.24285,seek tool,care duty,residents continue without avatar,True,True,v58-loop-00195
196,11,16,arrival court,repair_trust,Fay,patch cloak,0.673566,0.689566,0.090296,0.064296,care duty,private task,trust warms and obligation decreases,True,True,v58-loop-00196
197,11,17,tool alcove,move,Milo,repair awning,0.554297,0.558297,0.134872,0.132872,private task,recover focus,position changes but history remains intact,True,True,v58-loop-00197
198,12,0,fiber loft,offer_help,Sera,sort herb shelf,0.363088,0.383088,0.488562,0.462562,work,rest,trust warms and obligation decreases,True,True,v58-loop-00198
199,12,1,west hearth,borrow_tool,Tovan,map safe route,0.315468,0.295468,0.494339,0.524339,rest,seek tool,work is delayed and debt marker increases,True,True,v58-loop-00199
200,12,2,river gate,return_tool,Nia,dry seed store,0.423575,0.439575,0.31187,0.28587,negotiate debt,seek tool,trust warms and obligation decreases,True,True,v58-loop-00200
201,12,3,arrival court,interrupt_work,Ari,sort herb shelf,0.631372,0.611372,0.117903,0.147903,seek tool,private task,work is delayed and debt marker increases,True,True,v58-loop-00201
202,12,4,tool alcove,wait_offscreen,Fay,map safe route,0.672665,0.670665,0.100324,0.094324,care duty,private task,residents continue without avatar,True,True,v58-loop-00202
203,12,5,rain court,repair_trust,Milo,dry seed store,0.541941,0.557941,0.276161,0.250161,private task,recover focus,trust warms and obligation decreases,True,True,v58-loop-00203
204,12,6,fiber loft,move,Sera,sort herb shelf,0.384566,0.388566,0.475089,0.473089,recover focus,work,position changes but history remains intact,True,True,v58-loop-00204
205,12,7,west hearth,talk,Tovan,map safe route,0.295391,0.315391,0.504418,0.478418,work,rest,trust warms and obligation decreases,True,True,v58-loop-00205
206,12,8,river gate,offer_help,Nia,dry seed store,0.420307,0.436307,0.335738,0.309738,rest,negotiate debt,trust warms and obligation decreases,True,True,v58-loop-00206
207,12,9,arrival court,borrow_tool,Ari,sort herb shelf,0.633093,0.613093,0.13244,0.16244,negotiate debt,care duty,work is delayed and debt marker increases,True,True,v58-loop-00207
208,12,10,tool alcove,return_tool,Fay,map safe route,0.660647,0.676647,0.091449,0.065449,seek tool,care duty,trust warms and obligation decreases,True,True,v58-loop-00208
209,12,11,rain court,interrupt_work,Milo,dry seed store,0.535524,0.515524,0.252471,0.282471,care duty,recover focus,work is delayed and debt marker increases,True,True,v58-loop-00209
210,12,12,fiber loft,wait_offscreen,Sera,sort herb shelf,0.379538,0.377538,0.459531,0.453531,private task,recover focus,residents continue without avatar,True,True,v58-loop-00210
211,12,13,west hearth,repair_trust,Tovan,map safe route,0.302744,0.322744,0.512062,0.486062,recover focus,work,trust warms and obligation decreases,True,True,v58-loop-00211
212,12,14,river gate,move,Nia,dry seed store,0.401911,0.405911,0.359179,0.357179,work,rest,position changes but history remains intact,True,True,v58-loop-00212
213,12,15,arrival court,talk,Ari,sort herb shelf,0.639415,0.655415,0.148973,0.122973,rest,negotiate debt,trust warms and obligation decreases,True,True,v58-loop-00213
214,12,16,tool alcove,offer_help,Fay,map safe route,0.674699,0.690699,0.085058,0.059058,negotiate debt,seek tool,trust warms and obligation decreases,True,True,v58-loop-00214
215,12,17,rain court,borrow_tool,Milo,dry seed store,0.523182,0.503182,0.229347,0.259347,seek tool,private task,work is delayed and debt marker increases,True,True,v58-loop-00215
216,13,0,west hearth,interrupt_work,Sera,patch cloak,0.361268,0.341268,0.51996,0.54996,private task,work,work is delayed and debt marker increases,True,False,v58-loop-00216
217,13,1,river gate,wait_offscreen,Tovan,repair awning,0.307848,0.309848,0.417044,0.411044,recover focus,work,residents continue without avatar,True,True,v58-loop-00217
218,13,2,arrival court,repair_trust,Nia,fix bridge peg,0.412417,0.428417,0.200754,0.174754,work,rest,trust warms and obligation decreases,True,True,v58-loop-00218
219,13,3,tool alcove,move,Ari,patch cloak,0.631106,0.635106,0.080598,0.078598,rest,negotiate debt,position changes but history remains intact,True,True,v58-loop-00219
220,13,4,rain court,talk,Fay,repair awning,0.639828,0.655828,0.172966,0.146966,negotiate debt,seek tool,trust warms and obligation decreases,True,True,v58-loop-00220
221,13,5,fiber loft,offer_help,Milo,fix bridge peg,0.537248,0.553248,0.388385,0.362385,seek tool,care duty,trust warms and obligation decreases,True,True,v58-loop-00221
222,13,6,west hearth,borrow_tool,Sera,patch cloak,0.370085,0.350085,0.51819,0.54819,care duty,recover focus,work is delayed and debt marker increases,True,True,v58-loop-00222
223,13,7,river gate,return_tool,Tovan,repair awning,0.299901,0.319901,0.436646,0.410646,private task,recover focus,trust warms and obligation decreases,True,True,v58-loop-00223
224,13,8,arrival court,interrupt_work,Nia,fix bridge peg,0.413435,0.393435,0.22274,0.25274,recover focus,rest,work is delayed and debt marker increases,True,False,v58-loop-00224
225,13,9,tool alcove,wait_offscreen,Ari,patch cloak,0.622629,0.624629,0.083672,0.077672,work,rest,residents continue without avatar,True,True,v58-loop-00225
226,13,10,rain court,repair_trust,Fay,repair awning,0.653181,0.669181,0.15415,0.12815,rest,negotiate debt,trust warms and obligation decreases,True,True,v58-loop-00226
227,13,11,fiber loft,move,Milo,fix bridge peg,0.538964,0.542964,0.365905,0.363905,negotiate debt,seek tool,position changes but history remains intact,True,True,v58-loop-00227
228,13,12,west hearth,talk,Sera,patch cloak,0.362571,0.382571,0.513822,0.487822,seek tool,care duty,trust warms and obligation decreases,True,True,v58-loop-00228
229,13,13,river gate,offer_help,Tovan,repair awning,0.327351,0.347351,0.45462,0.42862,care duty,private task,trust warms and obligation decreases,True,True,v58-loop-00229
230,13,14,arrival court,borrow_tool,Nia,fix bridge peg,0.427633,0.407633,0.245646,0.275646,private task,work,work is delayed and debt marker increases,True,True,v58-loop-00230
231,13,15,tool alcove,return_tool,Ari,patch cloak,0.641943,0.657943,0.089322,0.063322,recover focus,work,trust warms and obligation decreases,True,True,v58-loop-00231
232,13,16,rain court,interrupt_work,Fay,repair awning,0.66973,0.64973,0.137071,0.167071,work,negotiate debt,work is delayed and debt marker increases,True,False,v58-loop-00232
233,13,17,fiber loft,wait_offscreen,Milo,fix bridge peg,0.510012,0.512012,0.342641,0.336641,rest,negotiate debt,residents continue without avatar,True,True,v58-loop-00233
234,14,0,river gate,move,Sera,map safe route,0.337502,0.341502,0.492771,0.490771,seek tool,care duty,position changes but history remains intact,True,True,v58-loop-00234
235,14,1,arrival court,talk,Tovan,dry seed store,0.316104,0.332104,0.308574,0.282574,care duty,private task,trust warms and obligation decreases,True,True,v58-loop-00235
236,14,2,tool alcove,offer_help,Nia,sort herb shelf,0.435581,0.451581,0.116072,0.090072,private task,recover focus,trust warms and obligation decreases,True,True,v58-loop-00236
237,14,3,rain court,borrow_tool,Ari,map safe route,0.648999,0.628999,0.101732,0.131732,recover focus,rest,work is delayed and debt marker increases,True,True,v58-loop-00237
238,14,4,fiber loft,return_tool,Fay,dry seed store,0.637936,0.653936,0.279444,0.253444,work,rest,trust warms and obligation decreases,True,True,v58-loop-00238
239,14,5,west hearth,interrupt_work,Milo,sort herb shelf,0.518366,0.498366,0.477067,0.507067,rest,seek tool,work is delayed and debt marker increases,True,True,v58-loop-00239
240,14,6,river gate,wait_offscreen,Sera,map safe route,0.366096,0.364096,0.503175,0.497175,negotiate debt,seek tool,residents continue without avatar,True,True,v58-loop-00240
241,14,7,arrival court,repair_trust,Tovan,dry seed store,0.31363,0.32963,0.332478,0.306478,seek tool,care duty,trust warms and obligation decreases,True,True,v58-loop-00241
242,14,8,tool alcove,move,Nia,sort herb shelf,0.452307,0.456307,0.130321,0.128321,care duty,private task,position changes but history remains intact,True,True,v58-loop-00242
243,14,9,rain court,talk,Ari,map safe route,0.63908,0.65508,0.092523,0.066523,private task,recover focus,trust warms and obligation decreases,True,True,v58-loop-00243
244,14,10,fiber loft,offer_help,Fay,dry seed store,0.646202,0.662202,0.255698,0.229698,recover focus,work,trust warms and obligation decreases,True,True,v58-loop-00244
245,14,11,west hearth,borrow_tool,Milo,sort herb shelf,0.527434,0.507434,0.461786,0.491786,work,negotiate debt,work is delayed and debt marker increases,True,True,v58-loop-00245
246,14,12,river gate,return_tool,Sera,map safe route,0.361977,0.381977,0.51116,0.48516,rest,negotiate debt,trust warms and obligation decreases,True,True,v58-loop-00246
247,14,13,arrival court,interrupt_work,Tovan,dry seed store,0.316217,0.296217,0.355995,0.385995,negotiate debt,care duty,work is delayed and debt marker increases,True,True,v58-loop-00247
248,14,14,tool alcove,wait_offscreen,Nia,sort herb shelf,0.423777,0.421777,0.14659,0.14059,seek tool,care duty,residents continue without avatar,True,True,v58-loop-00248
249,14,15,rain court,repair_trust,Ari,map safe route,0.647483,0.663483,0.085786,0.059786,care duty,private task,trust warms and obligation decreases,True,True,v58-loop-00249
250,14,16,fiber loft,move,Fay,dry seed store,0.66856,0.67256,0.23248,0.23048,private task,recover focus,position changes but history remains intact,True,True,v58-loop-00250
251,14,17,west hearth,talk,Milo,sort herb shelf,0.500995,0.520995,0.444577,0.418577,recover focus,work,trust warms and obligation decreases,True,True,v58-loop-00251
252,15,0,arrival court,borrow_tool,Sera,repair awning,0.331391,0.311391,0.414237,0.444237,rest,seek tool,work is delayed and debt marker increases,True,False,v58-loop-00252
253,15,1,tool alcove,return_tool,Tovan,fix bridge peg,0.332758,0.348758,0.19782,0.17182,negotiate debt,seek tool,trust warms and obligation decreases,True,True,v58-loop-00253
254,15,2,rain court,interrupt_work,Nia,patch cloak,0.458419,0.438419,0.08038,0.11038,seek tool,private task,work is delayed and debt marker increases,True,True,v58-loop-00254
255,15,3,fiber loft,wait_offscreen,Ari,repair awning,0.645974,0.647974,0.175674,0.169674,care duty,private task,residents continue without avatar,True,True,v58-loop-00255
256,15,4,west hearth,repair_trust,Fay,fix bridge peg,0.660037,0.676037,0.391397,0.365397,private task,recover focus,trust warms and obligation decreases,True,True,v58-loop-00256
257,15,5,river gate,move,Milo,patch cloak,0.514044,0.518044,0.518588,0.516588,recover focus,work,position changes but history remains intact,True,True,v58-loop-00257
258,15,6,arrival court,talk,Sera,repair awning,0.346855,0.366855,0.434044,0.408044,work,rest,trust warms and obligation decreases,True,True,v58-loop-00258
259,15,7,tool alcove,offer_help,Tovan,fix bridge peg,0.3217,0.3377,0.219659,0.193659,rest,negotiate debt,trust warms and obligation decreases,True,True,v58-loop-00259
260,15,8,rain court,borrow_tool,Nia,patch cloak,0.457829,0.437829,0.083096,0.113096,negotiate debt,care duty,work is delayed and debt marker increases,True,False,v58-loop-00260
261,15,9,fiber loft,return_tool,Ari,repair awning,0.632058,0.648058,0.156637,0.130637,seek tool,care duty,trust warms and obligation decreases,True,True,v58-loop-00261
262,15,10,west hearth,interrupt_work,Fay,fix bridge peg,0.643448,0.623448,0.369046,0.399046,care duty,recover focus,work is delayed and debt marker increases,True,True,v58-loop-00262
263,15,11,river gate,wait_offscreen,Milo,patch cloak,0.497025,0.499025,0.514574,0.508574,private task,recover focus,residents continue without avatar,True,True,v58-loop-00263
264,15,12,arrival court,repair_trust,Sera,repair awning,0.340074,0.360074,0.452255,0.426255,recover focus,work,trust warms and obligation decreases,True,True,v58-loop-00264
265,15,13,tool alcove,move,Tovan,fix bridge peg,0.310903,0.314903,0.242455,0.240455,work,rest,position changes but history remains intact,True,True,v58-loop-00265
266,15,14,rain court,talk,Nia,patch cloak,0.46454,0.48054,0.088395,0.062395,rest,negotiate debt,trust warms and obligation decreases,True,True,v58-loop-00266
267,15,15,fiber loft,offer_help,Ari,repair awning,0.64212,0.65812,0.139306,0.113306,negotiate debt,seek tool,trust warms and obligation decreases,True,True,v58-loop-00267
268,15,16,west hearth,borrow_tool,Fay,fix bridge peg,0.656557,0.636557,0.345873,0.375873,seek tool,private task,work is delayed and debt marker increases,True,False,v58-loop-00268
269,15,17,river gate,return_tool,Milo,patch cloak,0.501776,0.521776,0.508005,0.482005,care duty,private task,trust warms and obligation decreases,True,True,v58-loop-00269
270,16,0,tool alcove,wait_offscreen,Sera,dry seed store,0.337719,0.335719,0.305275,0.299275,recover focus,work,residents continue without avatar,True,True,v58-loop-00270
271,16,1,rain court,repair_trust,Tovan,sort herb shelf,0.31209,0.32809,0.114282,0.088282,work,rest,trust warms and obligation decreases,True,True,v58-loop-00271
272,16,2,fiber loft,move,Nia,map safe route,0.463118,0.467118,0.103184,0.101184,rest,negotiate debt,position changes but history remains intact,True,True,v58-loop-00272
273,16,3,west hearth,talk,Ari,dry seed store,0.661622,0.677622,0.282731,0.256731,negotiate debt,seek tool,trust warms and obligation decreases,True,True,v58-loop-00273
274,16,4,river gate,offer_help,Fay,sort herb shelf,0.653692,0.673692,0.479006,0.453006,seek tool,care duty,trust warms and obligation decreases,True,True,v58-loop-00274
275,16,5,arrival court,borrow_tool,Milo,map safe route,0.488946,0.468946,0.501887,0.531887,care duty,recover focus,work is delayed and debt marker increases,True,True,v58-loop-00275
276,16,6,tool alcove,return_tool,Sera,dry seed store,0.33197,0.34797,0.32921,0.30321,private task,recover focus,trust warms and obligation decreases,True,True,v58-loop-00276
277,16,7,rain court,interrupt_work,Tovan,sort herb shelf,0.333229,0.313229,0.128239,0.158239,recover focus,rest,work is delayed and debt marker increases,True,True,v58-loop-00277
278,16,8,fiber loft,wait_offscreen,Nia,map safe route,0.457201,0.455201,0.093644,0.087644,work,rest,residents continue without avatar,True,True,v58-loop-00278
279,16,9,west hearth,repair_trust,Ari,dry seed store,0.660591,0.676591,0.258935,0.232935,rest,negotiate debt,trust warms and obligation decreases,True,True,v58-loop-00279
280,16,10,river gate,move,Fay,sort herb shelf,0.631232,0.635232,0.464004,0.462004,negotiate debt,seek tool,position changes but history remains intact,True,True,v58-loop-00280
281,16,11,arrival court,talk,Milo,map safe route,0.494369,0.514369,0.51021,0.48421,seek tool,care duty,trust warms and obligation decreases,True,True,v58-loop-00281
282,16,12,tool alcove,offer_help,Sera,dry seed store,0.341583,0.357583,0.352797,0.326797,care duty,private task,trust warms and obligation decreases,True,True,v58-loop-00282
283,16,13,rain court,borrow_tool,Tovan,sort herb shelf,0.307257,0.287257,0.144242,0.174242,private task,work,work is delayed and debt marker increases,True,True,v58-loop-00283
284,16,14,fiber loft,return_tool,Nia,map safe route,0.443851,0.459851,0.086562,0.060562,recover focus,work,trust warms and obligation decreases,True,True,v58-loop-00284
285,16,15,west hearth,interrupt_work,Ari,dry seed store,0.645548,0.625548,0.235628,0.265628,work,negotiate debt,work is delayed and debt marker increases,True,True,v58-loop-00285
286,16,16,river gate,wait_offscreen,Fay,sort herb shelf,0.632159,0.630159,0.447048,0.441048,rest,negotiate debt,residents continue without avatar,True,True,v58-loop-00286
287,16,17,arrival court,repair_trust,Milo,map safe route,0.494016,0.514016,0.51603,0.49003,negotiate debt,seek tool,trust warms and obligation decreases,True,True,v58-loop-00287
288,17,0,rain court,talk,Sera,fix bridge peg,0.338152,0.354152,0.194909,0.168909,care duty,private task,trust warms and obligation decreases,True,True,v58-loop-00288
289,17,1,fiber loft,offer_help,Tovan,patch cloak,0.325021,0.341021,0.080211,0.054211,private task,recover focus,trust warms and obligation decreases,True,True,v58-loop-00289
290,17,2,west hearth,borrow_tool,Nia,repair awning,0.465075,0.445075,0.178411,0.208411,recover focus,rest,work is delayed and debt marker increases,True,True,v58-loop-00290
291,17,3,river gate,return_tool,Ari,fix bridge peg,0.654266,0.670266,0.394388,0.368388,work,rest,trust warms and obligation decreases,True,True,v58-loop-00291
292,17,4,arrival court,interrupt_work,Fay,patch cloak,0.626549,0.606549,0.518936,0.548936,rest,seek tool,work is delayed and debt marker increases,True,False,v58-loop-00292
293,17,5,tool alcove,wait_offscreen,Milo,repair awning,0.479377,0.481377,0.431412,0.425412,negotiate debt,seek tool,residents continue without avatar,True,True,v58-loop-00293
294,17,6,rain court,repair_trust,Sera,fix bridge peg,0.322127,0.338127,0.216596,0.190596,seek tool,care duty,trust warms and obligation decreases,True,True,v58-loop-00294
295,17,7,fiber loft,move,Tovan,patch cloak,0.328565,0.332565,0.082569,0.080569,care duty,private task,position changes but history remains intact,True,True,v58-loop-00295
296,17,8,west hearth,talk,Nia,repair awning,0.464259,0.480259,0.159156,0.133156,private task,recover focus,trust warms and obligation decreases,True,True,v58-loop-00296
297,17,9,river gate,offer_help,Ari,fix bridge peg,0.639586,0.655586,0.372171,0.346171,recover focus,work,trust warms and obligation decreases,True,True,v58-loop-00297
298,17,10,arrival court,borrow_tool,Fay,patch cloak,0.616905,0.596905,0.515278,0.545278,work,negotiate debt,work is delayed and debt marker increases,True,True,v58-loop-00298
299,17,11,tool alcove,return_tool,Milo,repair awning,0.486175,0.506175,0.449856,0.423856,rest,negotiate debt,trust warms and obligation decreases,True,True,v58-loop-00299
300,17,12,rain court,interrupt_work,Sera,fix bridge peg,0.322362,0.302362,0.239276,0.269276,negotiate debt,care duty,work is delayed and debt marker increases,True,False,v58-loop-00300
301,17,13,fiber loft,wait_offscreen,Tovan,patch cloak,0.336274,0.338274,0.087516,0.081516,seek tool,care duty,residents continue without avatar,True,True,v58-loop-00301
302,17,14,west hearth,repair_trust,Nia,repair awning,0.468094,0.484094,0.141578,0.115578,care duty,private task,trust warms and obligation decreases,True,True,v58-loop-00302
303,17,15,river gate,move,Ari,fix bridge peg,0.655047,0.659047,0.349095,0.347095,private task,recover focus,position changes but history remains intact,True,True,v58-loop-00303
304,17,16,arrival court,talk,Fay,patch cloak,0.647227,0.667227,0.509056,0.483056,recover focus,work,trust warms and obligation decreases,True,True,v58-loop-00304
305,17,17,tool alcove,offer_help,Milo,repair awning,0.464236,0.484236,0.466515,0.440515,work,rest,trust warms and obligation decreases,True,True,v58-loop-00305
306,18,0,fiber loft,return_tool,Sera,sort herb shelf,0.310327,0.326327,0.112534,0.086534,negotiate debt,seek tool,trust warms and obligation decreases,True,True,v58-loop-00306
307,18,1,west hearth,interrupt_work,Tovan,map safe route,0.329249,0.309249,0.104681,0.134681,seek tool,private task,work is delayed and debt marker increases,True,True,v58-loop-00307
308,18,2,river gate,wait_offscreen,Nia,dry seed store,0.501924,0.499924,0.286023,0.280023,care duty,private task,residents continue without avatar,True,True,v58-loop-00308
309,18,3,arrival court,repair_trust,Ari,sort herb shelf,0.675545,0.695545,0.480904,0.454904,private task,recover focus,trust warms and obligation decreases,True,True,v58-loop-00309
310,18,4,tool alcove,move,Fay,map safe route,0.621532,0.625532,0.500553,0.498553,recover focus,work,position changes but history remains intact,True,True,v58-loop-00310
311,18,5,rain court,talk,Milo,dry seed store,0.461286,0.477286,0.325936,0.299936,work,rest,trust warms and obligation decreases,True,True,v58-loop-00311
312,18,6,fiber loft,offer_help,Sera,sort herb shelf,0.312577,0.328577,0.126197,0.100197,rest,negotiate debt,trust warms and obligation decreases,True,True,v58-loop-00312
313,18,7,west hearth,borrow_tool,Tovan,map safe route,0.344255,0.324255,0.094811,0.124811,negotiate debt,care duty,work is delayed and debt marker increases,True,True,v58-loop-00313
314,18,8,river gate,return_tool,Nia,dry seed store,0.484976,0.500976,0.262182,0.236182,seek tool,care duty,trust warms and obligation decreases,True,True,v58-loop-00314
315,18,9,arrival court,interrupt_work,Ari,sort herb shelf,0.674676,0.654676,0.466185,0.496185,care duty,recover focus,work is delayed and debt marker increases,True,True,v58-loop-00315
316,18,10,tool alcove,wait_offscreen,Fay,map safe route,0.618578,0.616578,0.509213,0.503213,private task,recover focus,residents continue without avatar,True,True,v58-loop-00316
317,18,11,rain court,repair_trust,Milo,dry seed store,0.465095,0.481095,0.349588,0.323588,recover focus,work,trust warms and obligation decreases,True,True,v58-loop-00317
318,18,12,fiber loft,move,Sera,sort herb shelf,0.324484,0.328484,0.141929,0.139929,work,rest,position changes but history remains intact,True,True,v58-loop-00318
319,18,13,west hearth,talk,Tovan,map safe route,0.339662,0.355662,0.087386,0.061386,rest,negotiate debt,trust warms and obligation decreases,True,True,v58-loop-00319
320,18,14,river gate,offer_help,Nia,dry seed store,0.47963,0.49563,0.238791,0.212791,negotiate debt,seek tool,trust warms and obligation decreases,True,True,v58-loop-00320
321,18,15,arrival court,borrow_tool,Ari,sort herb shelf,0.655224,0.635224,0.449486,0.479486,seek tool,private task,work is delayed and debt marker increases,True,True,v58-loop-00321
322,18,16,tool alcove,return_tool,Fay,map safe route,0.626668,0.646668,0.515382,0.489382,care duty,private task,trust warms and obligation decreases,True,True,v58-loop-00322
323,18,17,rain court,interrupt_work,Milo,dry seed store,0.456584,0.436584,0.372649,0.402649,private task,work,work is delayed and debt marker increases,True,True,v58-loop-00323
324,19,0,west hearth,repair_trust,Sera,patch cloak,0.319882,0.335882,0.080091,0.054091,work,rest,trust warms and obligation decreases,True,True,v58-loop-00324
325,19,1,river gate,move,Tovan,repair awning,0.339346,0.343346,0.181175,0.179175,rest,negotiate debt,position changes but history remains intact,True,True,v58-loop-00325
326,19,2,arrival court,talk,Nia,fix bridge peg,0.50055,0.51655,0.397358,0.371358,negotiate debt,seek tool,trust warms and obligation decreases,True,True,v58-loop-00326
327,19,3,tool alcove,offer_help,Ari,patch cloak,0.652886,0.672886,0.519236,0.493236,seek tool,care duty,trust warms and obligation decreases,True,True,v58-loop-00327
328,19,4,rain court,borrow_tool,Fay,repair awning,0.615656,0.595656,0.428751,0.458751,care duty,recover focus,work is delayed and debt marker increases,True,False,v58-loop-00328
329,19,5,fiber loft,return_tool,Milo,fix bridge peg,0.44404,0.46004,0.213552,0.187552,private task,recover focus,trust warms and obligation decreases,True,True,v58-loop-00329
330,19,6,west hearth,interrupt_work,Sera,patch cloak,0.30981,0.28981,0.08209,0.11209,recover focus,rest,work is delayed and debt marker increases,True,True,v58-loop-00330
331,19,7,river gate,wait_offscreen,Tovan,repair awning,0.33281,0.33481,0.161707,0.155707,work,rest,residents continue without avatar,True,True,v58-loop-00331
332,19,8,arrival court,repair_trust,Nia,fix bridge peg,0.511156,0.527156,0.375281,0.349281,rest,negotiate debt,trust warms and obligation decreases,True,True,v58-loop-00332
333,19,9,tool alcove,move,Ari,patch cloak,0.678645,0.682645,0.515934,0.513934,negotiate debt,seek tool,position changes but history remains intact,True,True,v58-loop-00333
334,19,10,rain court,talk,Fay,repair awning,0.630935,0.650935,0.447423,0.421423,seek tool,care duty,trust warms and obligation decreases,True,True,v58-loop-00334
335,19,11,fiber loft,offer_help,Milo,fix bridge peg,0.451774,0.467774,0.236111,0.210111,care duty,private task,trust warms and obligation decreases,True,True,v58-loop-00335
336,19,12,west hearth,borrow_tool,Sera,patch cloak,0.327393,0.307393,0.086685,0.116685,private task,work,work is delayed and debt marker increases,True,False,v58-loop-00336
337,19,13,river gate,return_tool,Tovan,repair awning,0.347746,0.363746,0.143886,0.117886,recover focus,work,trust warms and obligation decreases,True,True,v58-loop-00337
338,19,14,arrival court,interrupt_work,Nia,fix bridge peg,0.510549,0.490549,0.352306,0.382306,work,negotiate debt,work is delayed and debt marker increases,True,True,v58-loop-00338
339,19,15,tool alcove,wait_offscreen,Ari,patch cloak,0.665956,0.667956,0.510061,0.504061,rest,negotiate debt,residents continue without avatar,True,True,v58-loop-00339
340,19,16,rain court,repair_trust,Fay,repair awning,0.600473,0.620473,0.46434,0.43834,negotiate debt,seek tool,trust warms and obligation decreases,True,True,v58-loop-00340
341,19,17,fiber loft,move,Milo,fix bridge peg,0.451572,0.455572,0.259432,0.257432,seek tool,care duty,position changes but history remains intact,True,True,v58-loop-00341
342,20,0,river gate,offer_help,Sera,map safe route,0.302611,0.318611,0.106221,0.080221,private task,recover focus,trust warms and obligation decreases,True,True,v58-loop-00342
343,20,1,arrival court,borrow_tool,Tovan,dry seed store,0.365072,0.345072,0.289318,0.319318,recover focus,rest,work is delayed and debt marker increases,True,True,v58-loop-00343
344,20,2,tool alcove,return_tool,Nia,sort herb shelf,0.506444,0.526444,0.482762,0.456762,work,rest,trust warms and obligation decreases,True,True,v58-loop-00344
345,20,3,rain court,interrupt_work,Ari,map safe route,0.671379,0.651379,0.499174,0.529174,rest,seek tool,work is delayed and debt marker increases,True,True,v58-loop-00345
346,20,4,fiber loft,wait_offscreen,Fay,dry seed store,0.610814,0.608814,0.322656,0.316656,negotiate debt,seek tool,residents continue without avatar,True,True,v58-loop-00346
347,20,5,west hearth,repair_trust,Milo,sort herb shelf,0.454595,0.470595,0.124193,0.098193,seek tool,care duty,trust warms and obligation decreases,True,True,v58-loop-00347
348,20,6,river gate,move,Sera,map safe route,0.313503,0.317503,0.096025,0.094025,care duty,private task,position changes but history remains intact,True,True,v58-loop-00348
349,20,7,arrival court,talk,Tovan,dry seed store,0.366956,0.382956,0.265437,0.239437,private task,recover focus,trust warms and obligation decreases,True,True,v58-loop-00349
350,20,8,tool alcove,offer_help,Nia,sort herb shelf,0.516461,0.536461,0.468328,0.442328,recover focus,work,trust warms and obligation decreases,True,True,v58-loop-00350
351,20,9,rain court,borrow_tool,Ari,map safe route,0.681455,0.661455,0.508169,0.538169,work,negotiate debt,work is delayed and debt marker increases,True,True,v58-loop-00351
352,20,10,fiber loft,return_tool,Fay,dry seed store,0.590016,0.606016,0.346367,0.320367,rest,negotiate debt,trust warms and obligation decreases,True,True,v58-loop-00352
353,20,11,west hearth,interrupt_work,Milo,sort herb shelf,0.429175,0.409175,0.139652,0.169652,negotiate debt,care duty,work is delayed and debt marker increases,True,True,v58-loop-00353
354,20,12,river gate,wait_offscreen,Sera,map safe route,0.310776,0.308776,0.088258,0.082258,seek tool,care duty,residents continue without avatar,True,True,v58-loop-00354
355,20,13,arrival court,repair_trust,Tovan,dry seed store,0.341049,0.357049,0.241967,0.215967,care duty,private task,trust warms and obligation decreases,True,True,v58-loop-00355
356,20,14,tool alcove,move,Nia,sort herb shelf,0.509577,0.513577,0.45189,0.44989,private task,recover focus,position changes but history remains intact,True,True,v58-loop-00356
357,20,15,rain court,talk,Ari,map safe route,0.659627,0.679627,0.514685,0.488685,recover focus,work,trust warms and obligation decreases,True,True,v58-loop-00357
358,20,16,fiber loft,offer_help,Fay,dry seed store,0.59033,0.60633,0.369526,0.343526,work,rest,trust warms and obligation decreases,True,True,v58-loop-00358
359,20,17,west hearth,borrow_tool,Milo,sort herb shelf,0.437457,0.417457,0.15702,0.18702,rest,seek tool,work is delayed and debt marker increases,True,True,v58-loop-00359
360,21,0,arrival court,interrupt_work,Sera,repair awning,0.295885,0.275885,0.183965,0.213965,seek tool,private task,work is delayed and debt marker increases,True,False,v58-loop-00360
361,21,1,tool alcove,wait_offscreen,Tovan,fix bridge peg,0.342745,0.344745,0.400306,0.394306,care duty,private task,residents continue without avatar,True,True,v58-loop-00361
362,21,2,rain court,repair_trust,Nia,patch cloak,0.539763,0.559763,0.519486,0.493486,private task,recover focus,trust warms and obligation decreases,True,True,v58-loop-00362
363,21,3,fiber loft,move,Ari,repair awning,0.673406,0.677406,0.426061,0.424061,recover focus,work,position changes but history remains intact,True,True,v58-loop-00363
364,21,4,west hearth,talk,Fay,fix bridge peg,0.581439,0.597439,0.210527,0.184527,work,rest,trust warms and obligation decreases,True,True,v58-loop-00364
365,21,5,river gate,offer_help,Milo,patch cloak,0.439504,0.455504,0.081661,0.055661,rest,negotiate debt,trust warms and obligation decreases,True,True,v58-loop-00365
366,21,6,arrival court,borrow_tool,Sera,repair awning,0.313862,0.293862,0.164289,0.194289,negotiate debt,care duty,work is delayed and debt marker increases,True,True,v58-loop-00366
367,21,7,tool alcove,return_tool,Tovan,fix bridge peg,0.369603,0.385603,0.378373,0.352373,seek tool,care duty,trust warms and obligation decreases,True,True,v58-loop-00367
368,21,8,rain court,interrupt_work,Nia,patch cloak,0.510499,0.490499,0.516541,0.546541,care duty,recover focus,work is delayed and debt marker increases,True,False,v58-loop-00368
369,21,9,fiber loft,wait_offscreen,Ari,repair awning,0.667091,0.669091,0.444957,0.438957,private task,recover focus,residents continue without avatar,True,True,v58-loop-00369
370,21,10,west hearth,repair_trust,Fay,fix bridge peg,0.595522,0.611522,0.232961,0.206961,recover focus,work,trust warms and obligation decreases,True,True,v58-loop-00370
371,21,11,river gate,move,Milo,patch cloak,0.410131,0.414131,0.085902,0.083902,work,rest,position changes but history remains intact,True,True,v58-loop-00371
372,21,12,arrival court,talk,Sera,repair awning,0.312438,0.328438,0.146228,0.120228,rest,negotiate debt,trust warms and obligation decreases,True,True,v58-loop-00372
373,21,13,tool alcove,offer_help,Tovan,fix bridge peg,0.353183,0.369183,0.355506,0.329506,negotiate debt,seek tool,trust warms and obligation decreases,True,True,v58-loop-00373
374,21,14,rain court,borrow_tool,Nia,patch cloak,0.51979,0.49979,0.511018,0.541018,seek tool,private task,work is delayed and debt marker increases,True,True,v58-loop-00374
375,21,15,fiber loft,return_tool,Ari,repair awning,0.67283,0.69283,0.462128,0.436128,care duty,private task,trust warms and obligation decreases,True,True,v58-loop-00375
376,21,16,west hearth,interrupt_work,Fay,fix bridge peg,0.603606,0.583606,0.256193,0.286193,private task,work,work is delayed and debt marker increases,True,False,v58-loop-00376
377,21,17,river gate,wait_offscreen,Milo,patch cloak,0.426968,0.428968,0.092692,0.086692,recover focus,work,residents continue without avatar,True,True,v58-loop-00377
378,22,0,tool alcove,move,Sera,dry seed store,0.32502,0.32902,0.292615,0.290615,rest,negotiate debt,position changes but history remains intact,True,True,v58-loop-00378
379,22,1,rain court,talk,Tovan,sort herb shelf,0.366847,0.386847,0.484578,0.458578,negotiate debt,seek tool,trust warms and obligation decreases,True,True,v58-loop-00379
380,22,2,fiber loft,offer_help,Nia,map safe route,0.548778,0.568778,0.49775,0.47175,seek tool,care duty,trust warms and obligation decreases,True,True,v58-loop-00380
381,22,3,west hearth,borrow_tool,Ari,dry seed store,0.68277,0.66277,0.319372,0.349372,care duty,recover focus,work is delayed and debt marker increases,True,True,v58-loop-00381
382,22,4,river gate,return_tool,Fay,sort herb shelf,0.579367,0.595367,0.122229,0.096229,private task,recover focus,trust warms and obligation decreases,True,True,v58-loop-00382
383,22,5,arrival court,interrupt_work,Milo,map safe route,0.406847,0.386847,0.097284,0.127284,recover focus,rest,work is delayed and debt marker increases,True,True,v58-loop-00383
384,22,6,tool alcove,wait_offscreen,Sera,dry seed store,0.315683,0.313683,0.268699,0.262699,work,rest,residents continue without avatar,True,True,v58-loop-00384
385,22,7,rain court,repair_trust,Tovan,sort herb shelf,0.355761,0.375761,0.470434,0.444434,rest,negotiate debt,trust warms and obligation decreases,True,True,v58-loop-00385
386,22,8,fiber loft,move,Nia,map safe route,0.526933,0.530933,0.507078,0.505078,negotiate debt,seek tool,position changes but history remains intact,True,True,v58-loop-00386
387,22,9,west hearth,talk,Ari,dry seed store,0.661169,0.677169,0.343136,0.317136,seek tool,care duty,trust warms and obligation decreases,True,True,v58-loop-00387
388,22,10,river gate,offer_help,Fay,sort herb shelf,0.587221,0.603221,0.137411,0.111411,care duty,private task,trust warms and obligation decreases,True,True,v58-loop-00388
389,22,11,arrival court,borrow_tool,Milo,map safe route,0.401174,0.381174,0.089177,0.119177,private task,work,work is delayed and debt marker increases,True,True,v58-loop-00389
390,22,12,tool alcove,return_tool,Sera,dry seed store,0.30772,0.32372,0.245157,0.219157,recover focus,work,trust warms and obligation decreases,True,True,v58-loop-00390
391,22,13,rain court,interrupt_work,Tovan,sort herb shelf,0.37383,0.35383,0.45426,0.48426,work,negotiate debt,work is delayed and debt marker increases,True,True,v58-loop-00391
392,22,14,fiber loft,wait_offscreen,Nia,map safe route,0.546004,0.544004,0.51394,0.50794,rest,negotiate debt,residents continue without avatar,True,True,v58-loop-00392
393,22,15,west hearth,repair_trust,Ari,dry seed store,0.657436,0.673436,0.366387,0.340387,negotiate debt,seek tool,trust warms and obligation decreases,True,True,v58-loop-00393
394,22,16,river gate,move,Fay,sort herb shelf,0.588947,0.592947,0.154529,0.152529,seek tool,care duty,position changes but history remains intact,True,True,v58-loop-00394
395,22,17,arrival court,talk,Milo,map safe route,0.397297,0.413297,0.083581,0.057581,care duty,private task,trust warms and obligation decreases,True,True,v58-loop-00395
396,23,0,rain court,borrow_tool,Sera,fix bridge peg,0.311216,0.291216,0.403232,0.433232,recover focus,rest,work is delayed and debt marker increases,True,False,v58-loop-00396
397,23,1,fiber loft,return_tool,Tovan,patch cloak,0.368246,0.388246,0.519687,0.493687,work,rest,trust warms and obligation decreases,True,True,v58-loop-00397
398,23,2,west hearth,interrupt_work,Nia,repair awning,0.565369,0.545369,0.423342,0.453342,rest,seek tool,work is delayed and debt marker increases,True,True,v58-loop-00398
399,23,3,river gate,wait_offscreen,Ari,fix bridge peg,0.674298,0.676298,0.207523,0.201523,negotiate debt,seek tool,residents continue without avatar,True,True,v58-loop-00399
400,23,4,arrival court,repair_trust,Fay,patch cloak,0.589633,0.605633,0.081281,0.055281,seek tool,care duty,trust warms and obligation decreases,True,True,v58-loop-00400
401,23,5,tool alcove,move,Milo,repair awning,0.390058,0.394058,0.166901,0.164901,care duty,private task,position changes but history remains intact,True,True,v58-loop-00401
402,23,6,rain court,talk,Sera,fix bridge peg,0.303949,0.319949,0.381447,0.355447,private task,recover focus,trust warms and obligation decreases,True,True,v58-loop-00402
403,23,7,fiber loft,offer_help,Tovan,patch cloak,0.367735,0.387735,0.5171,0.4911,recover focus,work,trust warms and obligation decreases,True,True,v58-loop-00403
404,23,8,west hearth,borrow_tool,Nia,repair awning,0.548724,0.528724,0.442459,0.472459,work,negotiate debt,work is delayed and debt marker increases,True,False,v58-loop-00404
405,23,9,river gate,return_tool,Ari,fix bridge peg,0.675094,0.691094,0.229826,0.203826,rest,negotiate debt,trust warms and obligation decreases,True,True,v58-loop-00405
406,23,10,arrival court,interrupt_work,Fay,patch cloak,0.574743,0.554743,0.085167,0.115167,negotiate debt,care duty,work is delayed and debt marker increases,True,True,v58-loop-00406
407,23,11,tool alcove,wait_offscreen,Milo,repair awning,0.391073,0.393073,0.148606,0.142606,seek tool,care duty,residents continue without avatar,True,True,v58-loop-00407
408,23,12,rain court,repair_trust,Sera,fix bridge peg,0.32378,0.33978,0.358693,0.332693,care duty,private task,trust warms and obligation decreases,True,True,v58-loop-00408
409,23,13,fiber loft,move,Tovan,patch cloak,0.37028,0.37428,0.511927,0.509927,private task,recover focus,position changes but history remains intact,True,True,v58-loop-00409
410,23,14,west hearth,talk,Nia,repair awning,0.540862,0.560862,0.459879,0.433879,recover focus,work,trust warms and obligation decreases,True,True,v58-loop-00410
411,23,15,river gate,offer_help,Ari,fix bridge peg,0.666981,0.682981,0.252964,0.226964,work,rest,trust warms and obligation decreases,True,True,v58-loop-00411
412,23,16,arrival court,borrow_tool,Fay,patch cloak,0.58222,0.56222,0.091611,0.121611,rest,seek tool,work is delayed and debt marker increases,True,False,v58-loop-00412
413,23,17,tool alcove,return_tool,Milo,repair awning,0.388605,0.404605,0.132113,0.106113,negotiate debt,seek tool,trust warms and obligation decreases,True,True,v58-loop-00413
414,24,0,fiber loft,wait_offscreen,Sera,sort herb shelf,0.31081,0.30881,0.486353,0.480353,care duty,private task,residents continue without avatar,True,True,v58-loop-00414
415,24,1,west hearth,repair_trust,Tovan,map safe route,0.379621,0.399621,0.496281,0.470281,private task,recover focus,trust warms and obligation decreases,True,True,v58-loop-00415
416,24,2,river gate,move,Nia,dry seed store,0.572122,0.576122,0.316082,0.314082,recover focus,work,position changes but history remains intact,True,True,v58-loop-00416
417,24,3,arrival court,talk,Ari,sort herb shelf,0.662722,0.678722,0.120305,0.094305,work,rest,trust warms and obligation decreases,True,True,v58-loop-00417
418,24,4,tool alcove,offer_help,Fay,map safe route,0.566492,0.582492,0.098589,0.072589,rest,negotiate debt,trust warms and obligation decreases,True,True,v58-loop-00418
419,24,5,rain court,borrow_tool,Milo,dry seed store,0.405936,0.385936,0.271969,0.301969,negotiate debt,care duty,work is delayed and debt marker increases,True,True,v58-loop-00419
420,24,6,fiber loft,return_tool,Sera,sort herb shelf,0.313979,0.333979,0.472501,0.446501,seek tool,care duty,trust warms and obligation decreases,True,True,v58-loop-00420
421,24,7,west hearth,interrupt_work,Tovan,map safe route,0.401405,0.381405,0.50594,0.53594,care duty,recover focus,work is delayed and debt marker increases,True,True,v58-loop-00421
422,24,8,river gate,wait_offscreen,Nia,dry seed store,0.565886,0.563886,0.339896,0.333896,private task,recover focus,residents continue without avatar,True,True,v58-loop-00422
423,24,9,arrival court,repair_trust,Ari,sort herb shelf,0.682531,0.698531,0.135206,0.109206,recover focus,work,trust warms and obligation decreases,True,True,v58-loop-00423
424,24,10,tool alcove,move,Fay,map safe route,0.570509,0.574509,0.090144,0.088144,work,rest,position changes but history remains intact,True,True,v58-loop-00424
425,24,11,rain court,talk,Milo,dry seed store,0.403689,0.419689,0.248359,0.222359,rest,negotiate debt,trust warms and obligation decreases,True,True,v58-loop-00425
426,24,12,fiber loft,offer_help,Sera,sort herb shelf,0.303867,0.323867,0.456596,0.430596,negotiate debt,seek tool,trust warms and obligation decreases,True,True,v58-loop-00426
427,24,13,west hearth,borrow_tool,Tovan,map safe route,0.373338,0.353338,0.513147,0.543147,seek tool,private task,work is delayed and debt marker increases,True,True,v58-loop-00427
428,24,14,river gate,return_tool,Nia,dry seed store,0.543627,0.559627,0.363234,0.337234,care duty,private task,trust warms and obligation decreases,True,True,v58-loop-00428
429,24,15,arrival court,interrupt_work,Ari,sort herb shelf,0.653865,0.633865,0.152069,0.182069,private task,work,work is delayed and debt marker increases,True,True,v58-loop-00429
430,24,16,tool alcove,wait_offscreen,Fay,map safe route,0.575156,0.573156,0.084198,0.078198,recover focus,work,residents continue without avatar,True,True,v58-loop-00430
431,24,17,rain court,repair_trust,Milo,dry seed store,0.400062,0.416062,0.225363,0.199363,work,rest,trust warms and obligation decreases,True,True,v58-loop-00431
432,25,0,west hearth,talk,Sera,patch cloak,0.310809,0.330809,0.519838,0.493838,negotiate debt,seek tool,trust warms and obligation decreases,True,True,v58-loop-00432
433,25,1,river gate,offer_help,Tovan,repair awning,0.387251,0.407251,0.420596,0.394596,seek tool,care duty,trust warms and obligation decreases,True,True,v58-loop-00433
434,25,2,arrival court,borrow_tool,Nia,fix bridge peg,0.582667,0.562667,0.204539,0.234539,care duty,recover focus,work is delayed and debt marker increases,True,True,v58-loop-00434
435,25,3,tool alcove,return_tool,Ari,patch cloak,0.674874,0.690874,0.08095,0.05495,private task,recover focus,trust warms and obligation decreases,True,True,v58-loop-00435
436,25,4,rain court,interrupt_work,Fay,repair awning,0.555694,0.535694,0.169544,0.199544,recover focus,rest,work is delayed and debt marker increases,True,False,v58-loop-00436
437,25,5,fiber loft,wait_offscreen,Milo,fix bridge peg,0.37654,0.37854,0.384504,0.378504,work,rest,residents continue without avatar,True,True,v58-loop-00437
438,25,6,west hearth,repair_trust,Sera,patch cloak,0.31779,0.33779,0.517609,0.491609,rest,negotiate debt,trust warms and obligation decreases,True,True,v58-loop-00438
439,25,7,river gate,move,Tovan,repair awning,0.389496,0.393496,0.439928,0.437928,negotiate debt,seek tool,position changes but history remains intact,True,True,v58-loop-00439
440,25,8,arrival court,talk,Nia,fix bridge peg,0.583404,0.599404,0.226706,0.200706,seek tool,care duty,trust warms and obligation decreases,True,True,v58-loop-00440
441,25,9,tool alcove,offer_help,Ari,patch cloak,0.652195,0.668195,0.08448,0.05848,care duty,private task,trust warms and obligation decreases,True,True,v58-loop-00441
442,25,10,rain court,borrow_tool,Fay,repair awning,0.536553,0.516553,0.151017,0.181017,private task,work,work is delayed and debt marker increases,True,True,v58-loop-00442
443,25,11,fiber loft,return_tool,Milo,fix bridge peg,0.370902,0.386902,0.361866,0.335866,recover focus,work,trust warms and obligation decreases,True,True,v58-loop-00443
444,25,12,west hearth,interrupt_work,Sera,patch cloak,0.317825,0.297825,0.512789,0.542789,work,negotiate debt,work is delayed and debt marker increases,True,False,v58-loop-00444
445,25,13,river gate,wait_offscreen,Tovan,repair awning,0.402542,0.404542,0.457594,0.451594,rest,negotiate debt,residents continue without avatar,True,True,v58-loop-00445
446,25,14,arrival court,repair_trust,Nia,fix bridge peg,0.585531,0.601531,0.249746,0.223746,negotiate debt,seek tool,trust warms and obligation decreases,True,True,v58-loop-00446
447,25,15,tool alcove,move,Ari,patch cloak,0.679409,0.683409,0.090576,0.088576,seek tool,care duty,position changes but history remains intact,True,True,v58-loop-00447
448,25,16,rain court,talk,Fay,repair awning,0.565959,0.581959,0.134265,0.108265,care duty,private task,trust warms and obligation decreases,True,True,v58-loop-00448
449,25,17,fiber loft,offer_help,Milo,fix bridge peg,0.394124,0.410124,0.338492,0.312492,private task,recover focus,trust warms and obligation decreases,True,True,v58-loop-00449
450,26,0,river gate,return_tool,Sera,map safe route,0.296853,0.316853,0.494769,0.468769,work,rest,trust warms and obligation decreases,True,True,v58-loop-00450
451,26,1,arrival court,interrupt_work,Tovan,dry seed store,0.396553,0.376553,0.31279,0.34279,rest,seek tool,work is delayed and debt marker increases,True,True,v58-loop-00451
452,26,2,tool alcove,wait_offscreen,Nia,sort herb shelf,0.578451,0.576451,0.118422,0.112422,negotiate debt,seek tool,residents continue without avatar,True,True,v58-loop-00452
453,26,3,rain court,repair_trust,Ari,map safe route,0.644112,0.660112,0.099939,0.073939,seek tool,care duty,trust warms and obligation decreases,True,True,v58-loop-00453
454,26,4,fiber loft,move,Fay,dry seed store,0.55267,0.55667,0.275245,0.273245,care duty,private task,position changes but history remains intact,True,True,v58-loop-00454
455,26,5,west hearth,talk,Milo,sort herb shelf,0.353621,0.373621,0.47453,0.44853,private task,recover focus,trust warms and obligation decreases,True,True,v58-loop-00455
456,26,6,river gate,offer_help,Sera,map safe route,0.315585,0.335585,0.504756,0.478756,recover focus,work,trust warms and obligation decreases,True,True,v58-loop-00456
457,26,7,arrival court,borrow_tool,Tovan,dry seed store,0.408331,0.388331,0.336646,0.366646,work,negotiate debt,work is delayed and debt marker increases,True,True,v58-loop-00457
458,26,8,tool alcove,return_tool,Nia,sort herb shelf,0.589827,0.605827,0.133038,0.107038,rest,negotiate debt,trust warms and obligation decreases,True,True,v58-loop-00458
459,26,9,rain court,interrupt_work,Ari,map safe route,0.647056,0.627056,0.091158,0.121158,negotiate debt,care duty,work is delayed and debt marker increases,True,True,v58-loop-00459
460,26,10,fiber loft,wait_offscreen,Fay,dry seed store,0.527471,0.525471,0.251572,0.245572,seek tool,care duty,residents continue without avatar,True,True,v58-loop-00460
461,26,11,west hearth,repair_trust,Milo,sort herb shelf,0.369477,0.389477,0.458896,0.432896,care duty,private task,trust warms and obligation decreases,True,True,v58-loop-00461
462,26,12,river gate,move,Sera,map safe route,0.297561,0.301561,0.512305,0.510305,private task,recover focus,position changes but history remains intact,True,True,v58-loop-00462
463,26,13,arrival court,talk,Tovan,dry seed store,0.395749,0.411749,0.360066,0.334066,recover focus,work,trust warms and obligation decreases,True,True,v58-loop-00463
464,26,14,tool alcove,offer_help,Nia,sort herb shelf,0.587236,0.603236,0.149644,0.123644,work,rest,trust warms and obligation decreases,True,True,v58-loop-00464
465,26,15,rain court,borrow_tool,Ari,map safe route,0.659789,0.639789,0.084864,0.114864,rest,seek tool,work is delayed and debt marker increases,True,True,v58-loop-00465
466,26,16,fiber loft,return_tool,Fay,dry seed store,0.553479,0.569479,0.228475,0.202475,negotiate debt,seek tool,trust warms and obligation decreases,True,True,v58-loop-00466
467,26,17,west hearth,interrupt_work,Milo,sort herb shelf,0.381209,0.361209,0.441369,0.471369,seek tool,private task,work is delayed and debt marker increases,True,True,v58-loop-00467
468,27,0,arrival court,repair_trust,Sera,repair awning,0.310984,0.330984,0.417822,0.391822,private task,recover focus,trust warms and obligation decreases,True,True,v58-loop-00468
469,27,1,tool alcove,move,Tovan,fix bridge peg,0.407302,0.411302,0.201577,0.199577,recover focus,work,position changes but history remains intact,True,True,v58-loop-00469
470,27,2,rain court,talk,Nia,patch cloak,0.595188,0.611188,0.080668,0.054668,work,rest,trust warms and obligation decreases,True,True,v58-loop-00470
471,27,3,fiber loft,offer_help,Ari,repair awning,0.666794,0.682794,0.172215,0.146215,rest,negotiate debt,trust warms and obligation decreases,True,True,v58-loop-00471
472,27,4,west hearth,borrow_tool,Fay,fix bridge peg,0.539609,0.519609,0.387541,0.417541,negotiate debt,care duty,work is delayed and debt marker increases,True,False,v58-loop-00472
473,27,5,river gate,return_tool,Milo,patch cloak,0.34455,0.36455,0.51807,0.49207,seek tool,care duty,trust warms and obligation decreases,True,True,v58-loop-00473
474,27,6,arrival court,interrupt_work,Sera,repair awning,0.311002,0.291002,0.437366,0.467366,care duty,recover focus,work is delayed and debt marker increases,True,True,v58-loop-00474
475,27,7,tool alcove,wait_offscreen,Tovan,fix bridge peg,0.433873,0.435873,0.223603,0.217603,private task,recover focus,residents continue without avatar,True,True,v58-loop-00475
476,27,8,rain court,repair_trust,Nia,patch cloak,0.600533,0.616533,0.083841,0.057841,recover focus,work,trust warms and obligation decreases,True,True,v58-loop-00476
477,27,9,fiber loft,move,Ari,repair awning,0.649463,0.653463,0.153462,0.151462,work,rest,position changes but history remains intact,True,True,v58-loop-00477
478,27,10,west hearth,talk,Fay,fix bridge peg,0.535912,0.551912,0.365026,0.339026,rest,negotiate debt,trust warms and obligation decreases,True,True,v58-loop-00478
479,27,11,river gate,offer_help,Milo,patch cloak,0.370078,0.390078,0.513603,0.487603,negotiate debt,seek tool,trust warms and obligation decreases,True,True,v58-loop-00479
480,27,12,arrival court,borrow_tool,Sera,repair awning,0.319501,0.299501,0.455274,0.485274,seek tool,private task,work is delayed and debt marker increases,True,False,v58-loop-00480
481,27,13,tool alcove,return_tool,Tovan,fix bridge peg,0.433822,0.449822,0.246539,0.220539,care duty,private task,trust warms and obligation decreases,True,True,v58-loop-00481
482,27,14,rain court,interrupt_work,Nia,patch cloak,0.579234,0.559234,0.089589,0.119589,private task,work,work is delayed and debt marker increases,True,True,v58-loop-00482
483,27,15,fiber loft,wait_offscreen,Ari,repair awning,0.666621,0.668621,0.136453,0.130453,recover focus,work,residents continue without avatar,True,True,v58-loop-00483
484,27,16,west hearth,repair_trust,Fay,fix bridge peg,0.527218,0.543218,0.341737,0.315737,work,rest,trust warms and obligation decreases,True,True,v58-loop-00484
485,27,17,river gate,move,Milo,patch cloak,0.364087,0.368087,0.506592,0.504592,rest,negotiate debt,position changes but history remains intact,True,True,v58-loop-00485
486,28,0,tool alcove,offer_help,Sera,dry seed store,0.298638,0.314638,0.309494,0.283494,seek tool,care duty,trust warms and obligation decreases,True,True,v58-loop-00486
487,28,1,rain court,borrow_tool,Tovan,sort herb shelf,0.446788,0.426788,0.116579,0.146579,care duty,recover focus,work is delayed and debt marker increases,True,True,v58-loop-00487
488,28,2,fiber loft,return_tool,Nia,map safe route,0.590875,0.606875,0.101335,0.075335,private task,recover focus,trust warms and obligation decreases,True,True,v58-loop-00488
489,28,3,west hearth,interrupt_work,Ari,dry seed store,0.639622,0.619622,0.278527,0.308527,recover focus,rest,work is delayed and debt marker increases,True,True,v58-loop-00489
490,28,4,river gate,wait_offscreen,Fay,sort herb shelf,0.523144,0.521144,0.476519,0.470519,work,rest,residents continue without avatar,True,True,v58-loop-00490
491,28,5,arrival court,repair_trust,Milo,map safe route,0.342347,0.362347,0.503526,0.477526,rest,negotiate debt,trust warms and obligation decreases,True,True,v58-loop-00491
492,28,6,tool alcove,move,Sera,dry seed store,0.324049,0.328049,0.333388,0.331388,negotiate debt,seek tool,position changes but history remains intact,True,True,v58-loop-00492
493,28,7,rain court,talk,Tovan,sort herb shelf,0.433159,0.449159,0.130908,0.104908,seek tool,care duty,trust warms and obligation decreases,True,True,v58-loop-00493
494,28,8,fiber loft,offer_help,Nia,map safe route,0.620685,0.636685,0.092219,0.066219,care duty,private task,trust warms and obligation decreases,True,True,v58-loop-00494
495,28,9,west hearth,borrow_tool,Ari,dry seed store,0.639536,0.619536,0.254796,0.284796,private task,work,work is delayed and debt marker increases,True,True,v58-loop-00495
496,28,10,river gate,return_tool,Fay,sort herb shelf,0.505838,0.525838,0.46116,0.43516,recover focus,work,trust warms and obligation decreases,True,True,v58-loop-00496
497,28,11,arrival court,interrupt_work,Milo,map safe route,0.350713,0.330713,0.511416,0.541416,work,negotiate debt,work is delayed and debt marker increases,True,True,v58-loop-00497
498,28,12,tool alcove,wait_offscreen,Sera,dry seed store,0.307638,0.305638,0.356885,0.350885,rest,negotiate debt,residents continue without avatar,True,True,v58-loop-00498
499,28,13,rain court,repair_trust,Tovan,sort herb shelf,0.445409,0.461409,0.147252,0.121252,negotiate debt,seek tool,trust warms and obligation decreases,True,True,v58-loop-00499
500,28,14,fiber loft,move,Nia,map safe route,0.605459,0.609459,0.085578,0.083578,seek tool,care duty,position changes but history remains intact,True,True,v58-loop-00500
501,28,15,west hearth,talk,Ari,dry seed store,0.645605,0.661605,0.231604,0.205604,care duty,private task,trust warms and obligation decreases,True,True,v58-loop-00501
502,28,16,river gate,offer_help,Fay,sort herb shelf,0.522717,0.542717,0.443882,0.417882,private task,recover focus,trust warms and obligation decreases,True,True,v58-loop-00502
503,28,17,arrival court,borrow_tool,Milo,map safe route,0.360977,0.340977,0.516789,0.546789,recover focus,rest,work is delayed and debt marker increases,True,True,v58-loop-00503
504,29,0,rain court,interrupt_work,Sera,fix bridge peg,0.314455,0.294455,0.198636,0.228636,rest,seek tool,work is delayed and debt marker increases,True,False,v58-loop-00504
505,29,1,fiber loft,wait_offscreen,Tovan,patch cloak,0.441424,0.443424,0.080436,0.074436,negotiate debt,seek tool,residents continue without avatar,True,True,v58-loop-00505
506,29,2,west hearth,repair_trust,Nia,repair awning,0.618051,0.634051,0.174916,0.148916,seek tool,care duty,trust warms and obligation decreases,True,True,v58-loop-00506
507,29,3,river gate,move,Ari,fix bridge peg,0.661181,0.665181,0.390558,0.388558,care duty,private task,position changes but history remains intact,True,True,v58-loop-00507
508,29,4,arrival court,talk,Fay,patch cloak,0.517899,0.537899,0.518482,0.492482,private task,recover focus,trust warms and obligation decreases,True,True,v58-loop-00508
509,29,5,tool alcove,offer_help,Milo,repair awning,0.332545,0.352545,0.434773,0.408773,recover focus,work,trust warms and obligation decreases,True,True,v58-loop-00509
510,29,6,rain court,borrow_tool,Sera,fix bridge peg,0.322911,0.302911,0.220517,0.250517,work,negotiate debt,work is delayed and debt marker increases,True,True,v58-loop-00510
511,29,7,fiber loft,return_tool,Tovan,patch cloak,0.462975,0.478975,0.083252,0.057252,rest,negotiate debt,trust warms and obligation decreases,True,True,v58-loop-00511
512,29,8,west hearth,interrupt_work,Nia,repair awning,0.62303,0.60303,0.15594,0.18594,negotiate debt,care duty,work is delayed and debt marker increases,True,False,v58-loop-00512
513,29,9,river gate,wait_offscreen,Ari,fix bridge peg,0.646438,0.648438,0.368171,0.362171,seek tool,care duty,residents continue without avatar,True,True,v58-loop-00513
514,29,10,arrival court,repair_trust,Fay,patch cloak,0.49003,0.51003,0.514369,0.488369,care duty,private task,trust warms and obligation decreases,True,True,v58-loop-00514
515,29,11,tool alcove,move,Milo,repair awning,0.341236,0.345236,0.452919,0.450919,private task,recover focus,position changes but history remains intact,True,True,v58-loop-00515
516,29,12,rain court,talk,Sera,fix bridge peg,0.306651,0.322651,0.243344,0.217344,recover focus,work,trust warms and obligation decreases,True,True,v58-loop-00516
517,29,13,fiber loft,offer_help,Tovan,patch cloak,0.448946,0.464946,0.088649,0.062649,work,rest,trust warms and obligation decreases,True,True,v58-loop-00517
518,29,14,west hearth,borrow_tool,Nia,repair awning,0.614079,0.594079,0.138679,0.168679,rest,seek tool,work is delayed and debt marker increases,True,True,v58-loop-00518
519,29,15,river gate,return_tool,Ari,fix bridge peg,0.640884,0.656884,0.344972,0.318972,negotiate debt,seek tool,trust warms and obligation decreases,True,True,v58-loop-00519
520,29,16,arrival court,interrupt_work,Fay,patch cloak,0.513719,0.493719,0.507703,0.537703,seek tool,private task,work is delayed and debt marker increases,True,False,v58-loop-00520
521,29,17,tool alcove,wait_offscreen,Milo,repair awning,0.349758,0.351758,0.469243,0.463243,care duty,private task,residents continue without avatar,True,True,v58-loop-00521
522,30,0,fiber loft,move,Sera,sort herb shelf,0.318722,0.322722,0.114777,0.112777,recover focus,work,position changes but history remains intact,True,True,v58-loop-00522
523,30,1,west hearth,talk,Tovan,map safe route,0.470973,0.486973,0.102774,0.076774,work,rest,trust warms and obligation decreases,True,True,v58-loop-00523
524,30,2,river gate,offer_help,Nia,dry seed store,0.612236,0.628236,0.281814,0.255814,rest,negotiate debt,trust warms and obligation decreases,True,True,v58-loop-00524
525,30,3,arrival court,borrow_tool,Ari,sort herb shelf,0.655463,0.635463,0.478469,0.508469,negotiate debt,care duty,work is delayed and debt marker increases,True,True,v58-loop-00525
526,30,4,tool alcove,return_tool,Fay,map safe route,0.478716,0.498716,0.502251,0.476251,seek tool,care duty,trust warms and obligation decreases,True,True,v58-loop-00526
527,30,5,rain court,interrupt_work,Milo,dry seed store,0.33714,0.31714,0.330123,0.360123,care duty,recover focus,work is delayed and debt marker increases,True,True,v58-loop-00527
528,30,6,fiber loft,wait_offscreen,Sera,sort herb shelf,0.334521,0.332521,0.128816,0.122816,private task,recover focus,residents continue without avatar,True,True,v58-loop-00528
529,30,7,west hearth,repair_trust,Tovan,map safe route,0.468175,0.484175,0.093327,0.067327,recover focus,work,trust warms and obligation decreases,True,True,v58-loop-00529
530,30,8,river gate,move,Nia,dry seed store,0.634723,0.638723,0.258031,0.256031,work,rest,position changes but history remains intact,True,True,v58-loop-00530
531,30,9,arrival court,talk,Ari,sort herb shelf,0.65228,0.67228,0.463388,0.437388,rest,negotiate debt,trust warms and obligation decreases,True,True,v58-loop-00531
532,30,10,tool alcove,offer_help,Fay,map safe route,0.49698,0.51698,0.51048,0.48448,negotiate debt,seek tool,trust warms and obligation decreases,True,True,v58-loop-00532
533,30,11,rain court,borrow_tool,Milo,dry seed store,0.326661,0.306661,0.35369,0.38369,seek tool,private task,work is delayed and debt marker increases,True,True,v58-loop-00533
534,30,12,fiber loft,return_tool,Sera,sort herb shelf,0.325264,0.341264,0.144894,0.118894,care duty,private task,trust warms and obligation decreases,True,True,v58-loop-00534
535,30,13,west hearth,interrupt_work,Tovan,map safe route,0.473519,0.453519,0.086341,0.116341,private task,work,work is delayed and debt marker increases,True,True,v58-loop-00535
536,30,14,river gate,wait_offscreen,Nia,dry seed store,0.62888,0.62688,0.234748,0.228748,recover focus,work,residents continue without avatar,True,True,v58-loop-00536
537,30,15,arrival court,repair_trust,Ari,sort herb shelf,0.634562,0.654562,0.446362,0.420362,work,rest,trust warms and obligation decreases,True,True,v58-loop-00537
538,30,16,tool alcove,move,Fay,map safe route,0.497736,0.501736,0.516202,0.514202,rest,negotiate debt,position changes but history remains intact,True,True,v58-loop-00538
539,30,17,rain court,talk,Milo,dry seed store,0.330792,0.346792,0.376619,0.350619,negotiate debt,seek tool,trust warms and obligation decreases,True,True,v58-loop-00539
540,31,0,west hearth,borrow_tool,Sera,patch cloak,0.31773,0.29773,0.080253,0.110253,care duty,recover focus,work is delayed and debt marker increases,True,False,v58-loop-00540
541,31,1,river gate,return_tool,Tovan,repair awning,0.462818,0.478818,0.177645,0.151645,private task,recover focus,trust warms and obligation decreases,True,True,v58-loop-00541
542,31,2,arrival court,interrupt_work,Nia,fix bridge peg,0.647773,0.627773,0.393555,0.423555,recover focus,rest,work is delayed and debt marker increases,True,True,v58-loop-00542
543,31,3,tool alcove,wait_offscreen,Ari,patch cloak,0.621753,0.623753,0.518844,0.512844,work,rest,residents continue without avatar,True,True,v58-loop-00543
544,31,4,rain court,repair_trust,Fay,repair awning,0.477637,0.497637,0.43215,0.40615,rest,negotiate debt,trust warms and obligation decreases,True,True,v58-loop-00544
545,31,5,fiber loft,move,Milo,fix bridge peg,0.345947,0.349947,0.217449,0.215449,negotiate debt,seek tool,position changes but history remains intact,True,True,v58-loop-00545
546,31,6,west hearth,talk,Sera,patch cloak,0.343144,0.359144,0.082711,0.056711,seek tool,care duty,trust warms and obligation decreases,True,True,v58-loop-00546
547,31,7,river gate,offer_help,Tovan,repair awning,0.488555,0.504555,0.15845,0.13245,care duty,private task,trust warms and obligation decreases,True,True,v58-loop-00547
548,31,8,arrival court,borrow_tool,Nia,fix bridge peg,0.642053,0.622053,0.371301,0.401301,private task,work,work is delayed and debt marker increases,True,False,v58-loop-00548
549,31,9,tool alcove,return_tool,Ari,patch cloak,0.647665,0.667665,0.515087,0.489087,recover focus,work,trust warms and obligation decreases,True,True,v58-loop-00549
550,31,10,rain court,interrupt_work,Fay,repair awning,0.468899,0.448899,0.450529,0.480529,work,negotiate debt,work is delayed and debt marker increases,True,True,v58-loop-00550
551,31,11,fiber loft,wait_offscreen,Milo,fix bridge peg,0.339827,0.341827,0.240162,0.234162,rest,negotiate debt,residents continue without avatar,True,True,v58-loop-00551
552,31,12,west hearth,repair_trust,Sera,patch cloak,0.327059,0.343059,0.087757,0.061757,negotiate debt,seek tool,trust warms and obligation decreases,True,True,v58-loop-00552
553,31,13,river gate,move,Tovan,repair awning,0.461149,0.465149,0.140941,0.138941,seek tool,care duty,position changes but history remains intact,True,True,v58-loop-00553
554,31,14,arrival court,talk,Nia,fix bridge peg,0.615532,0.631532,0.348197,0.322197,care duty,private task,trust warms and obligation decreases,True,True,v58-loop-00554
555,31,15,tool alcove,offer_help,Ari,patch cloak,0.619457,0.639457,0.508768,0.482768,private task,recover focus,trust warms and obligation decreases,True,True,v58-loop-00555
556,31,16,rain court,borrow_tool,Fay,repair awning,0.48425,0.46425,0.467116,0.497116,recover focus,rest,work is delayed and debt marker increases,True,False,v58-loop-00556
557,31,17,fiber loft,return_tool,Milo,fix bridge peg,0.337013,0.353013,0.263587,0.237587,work,rest,trust warms and obligation decreases,True,True,v58-loop-00557
558,32,0,river gate,wait_offscreen,Sera,map safe route,0.32887,0.32687,0.104259,0.098259,negotiate debt,seek tool,residents continue without avatar,True,True,v58-loop-00558
559,32,1,arrival court,repair_trust,Tovan,dry seed store,0.489777,0.505777,0.285104,0.259104,seek tool,care duty,trust warms and obligation decreases,True,True,v58-loop-00559
560,32,2,tool alcove,move,Nia,sort herb shelf,0.627548,0.631548,0.480379,0.478379,care duty,private task,position changes but history remains intact,True,True,v58-loop-00560
561,32,3,rain court,talk,Ari,map safe route,0.633523,0.653523,0.500929,0.474929,private task,recover focus,trust warms and obligation decreases,True,True,v58-loop-00561
562,32,4,fiber loft,offer_help,Fay,dry seed store,0.461,0.477,0.32685,0.30085,recover focus,work,trust warms and obligation decreases,True,True,v58-loop-00562
563,32,5,west hearth,borrow_tool,Milo,sort herb shelf,0.322834,0.302834,0.126763,0.156763,work,negotiate debt,work is delayed and debt marker increases,True,True,v58-loop-00563
564,32,6,river gate,return_tool,Sera,map safe route,0.328772,0.344772,0.094481,0.068481,rest,negotiate debt,trust warms and obligation decreases,True,True,v58-loop-00564
565,32,7,arrival court,interrupt_work,Tovan,dry seed store,0.478679,0.458679,0.261275,0.291275,negotiate debt,care duty,work is delayed and debt marker increases,True,True,v58-loop-00565
566,32,8,tool alcove,wait_offscreen,Nia,sort herb shelf,0.627881,0.625881,0.46558,0.45958,seek tool,care duty,residents continue without avatar,True,True,v58-loop-00566
567,32,9,rain court,repair_trust,Ari,map safe route,0.63745,0.65745,0.509496,0.483496,care duty,private task,trust warms and obligation decreases,True,True,v58-loop-00567
568,32,10,fiber loft,move,Fay,dry seed store,0.466439,0.470439,0.350484,0.348484,private task,recover focus,position changes but history remains intact,True,True,v58-loop-00568
569,32,11,west hearth,talk,Milo,sort herb shelf,0.326185,0.342185,0.142571,0.116571,recover focus,work,trust warms and obligation decreases,True,True,v58-loop-00569
570,32,12,river gate,offer_help,Sera,map safe route,0.34228,0.35828,0.087151,0.061151,work,rest,trust warms and obligation decreases,True,True,v58-loop-00570
571,32,13,arrival court,borrow_tool,Tovan,dry seed store,0.470858,0.450858,0.237907,0.267907,rest,seek tool,work is delayed and debt marker increases,True,True,v58-loop-00571
572,32,14,tool alcove,return_tool,Nia,sort herb shelf,0.641853,0.661853,0.448809,0.422809,negotiate debt,seek tool,trust warms and obligation decreases,True,True,v58-loop-00572
573,32,15,rain court,interrupt_work,Ari,map safe route,0.640253,0.620253,0.515568,0.545568,seek tool,private task,work is delayed and debt marker increases,True,True,v58-loop-00573
574,32,16,fiber loft,wait_offscreen,Fay,dry seed store,0.447887,0.445887,0.373517,0.367517,care duty,private task,residents continue without avatar,True,True,v58-loop-00574
575,32,17,west hearth,repair_trust,Milo,sort herb shelf,0.307904,0.323904,0.160254,0.134254,private task,recover focus,trust warms and obligation decreases,True,True,v58-loop-00575
576,33,0,arrival court,talk,Sera,repair awning,0.352015,0.368015,0.180401,0.154401,work,rest,trust warms and obligation decreases,True,True,v58-loop-00576
577,33,1,tool alcove,offer_help,Tovan,fix bridge peg,0.485937,0.501937,0.396532,0.370532,rest,negotiate debt,trust warms and obligation decreases,True,True,v58-loop-00577
578,33,2,rain court,borrow_tool,Nia,patch cloak,0.633431,0.613431,0.519157,0.549157,negotiate debt,care duty,work is delayed and debt marker increases,True,True,v58-loop-00578
579,33,3,fiber loft,return_tool,Ari,repair awning,0.602397,0.622397,0.429497,0.403497,seek tool,care duty,trust warms and obligation decreases,True,True,v58-loop-00579
580,33,4,west hearth,interrupt_work,Fay,fix bridge peg,0.441709,0.421709,0.214399,0.244399,care duty,recover focus,work is delayed and debt marker increases,True,False,v58-loop-00580
581,33,5,river gate,wait_offscreen,Milo,patch cloak,0.332503,0.334503,0.082219,0.076219,private task,recover focus,residents continue without avatar,True,True,v58-loop-00581
582,33,6,arrival court,repair_trust,Sera,repair awning,0.344006,0.360006,0.160992,0.134992,recover focus,work,trust warms and obligation decreases,True,True,v58-loop-00582
583,33,7,tool alcove,move,Tovan,fix bridge peg,0.48234,0.48634,0.374415,0.372415,work,rest,position changes but history remains intact,True,True,v58-loop-00583
584,33,8,rain court,talk,Nia,patch cloak,0.639358,0.659358,0.515756,0.489756,rest,negotiate debt,trust warms and obligation decreases,True,True,v58-loop-00584
585,33,9,fiber loft,offer_help,Ari,repair awning,0.632106,0.652106,0.448106,0.422106,negotiate debt,seek tool,trust warms and obligation decreases,True,True,v58-loop-00585
586,33,10,west hearth,borrow_tool,Fay,fix bridge peg,0.450268,0.430268,0.236993,0.266993,seek tool,private task,work is delayed and debt marker increases,True,True,v58-loop-00586
587,33,11,river gate,return_tool,Milo,patch cloak,0.316614,0.332614,0.086912,0.060912,care duty,private task,trust warms and obligation decreases,True,True,v58-loop-00587
588,33,12,arrival court,interrupt_work,Sera,repair awning,0.334831,0.314831,0.143238,0.173238,private task,work,work is delayed and debt marker increases,True,False,v58-loop-00588
589,33,13,tool alcove,wait_offscreen,Tovan,fix bridge peg,0.513017,0.515017,0.351412,0.345412,recover focus,work,residents continue without avatar,True,True,v58-loop-00589
590,33,14,rain court,repair_trust,Nia,patch cloak,0.653027,0.673027,0.509785,0.483785,work,rest,trust warms and obligation decreases,True,True,v58-loop-00590
591,33,15,fiber loft,move,Ari,repair awning,0.625511,0.629511,0.464951,0.462951,rest,negotiate debt,position changes but history remains intact,True,True,v58-loop-00591
592,33,16,west hearth,talk,Fay,fix bridge peg,0.458803,0.474803,0.260337,0.234337,negotiate debt,seek tool,trust warms and obligation decreases,True,True,v58-loop-00592
593,33,17,river gate,offer_help,Milo,patch cloak,0.320627,0.336627,0.094143,0.068143,seek tool,care duty,trust warms and obligation decreases,True,True,v58-loop-00593
594,34,0,tool alcove,return_tool,Sera,dry seed store,0.337993,0.353993,0.288398,0.262398,private task,recover focus,trust warms and obligation decreases,True,True,v58-loop-00594
595,34,1,rain court,interrupt_work,Tovan,sort herb shelf,0.503796,0.483796,0.482247,0.512247,recover focus,rest,work is delayed and debt marker increases,True,True,v58-loop-00595
596,34,2,fiber loft,wait_offscreen,Nia,map safe route,0.643562,0.641562,0.499563,0.493563,work,rest,residents continue without avatar,True,True,v58-loop-00596
597,34,3,west hearth,repair_trust,Ari,dry seed store,0.605836,0.621836,0.323572,0.297572,rest,negotiate debt,trust warms and obligation decreases,True,True,v58-loop-00597
598,34,4,river gate,move,Fay,sort herb shelf,0.443599,0.447599,0.124748,0.122748,negotiate debt,seek tool,position changes but history remains intact,True,True,v58-loop-00598
599,34,5,arrival court,talk,Milo,map safe route,0.321112,0.337112,0.095682,0.069682,seek tool,care duty,trust warms and obligation decreases,True,True,v58-loop-00599
600,34,6,tool alcove,offer_help,Sera,dry seed store,0.360112,0.376112,0.264528,0.238528,care duty,private task,trust warms and obligation decreases,True,True,v58-loop-00600
601,34,7,rain court,borrow_tool,Tovan,sort herb shelf,0.518073,0.498073,0.467734,0.497734,private task,work,work is delayed and debt marker increases,True,True,v58-loop-00601
602,34,8,fiber loft,return_tool,Nia,map safe route,0.66072,0.68072,0.508465,0.482465,recover focus,work,trust warms and obligation decreases,True,True,v58-loop-00602
603,34,9,west hearth,interrupt_work,Ari,dry seed store,0.605152,0.585152,0.347267,0.377267,work,negotiate debt,work is delayed and debt marker increases,True,True,v58-loop-00603
604,34,10,river gate,wait_offscreen,Fay,sort herb shelf,0.425397,0.423397,0.140284,0.134284,rest,negotiate debt,residents continue without avatar,True,True,v58-loop-00604
605,34,11,arrival court,repair_trust,Milo,map safe route,0.313391,0.329391,0.08801,0.06201,negotiate debt,seek tool,trust warms and obligation decreases,True,True,v58-loop-00605
606,34,12,tool alcove,move,Sera,dry seed store,0.340171,0.344171,0.241079,0.239079,seek tool,care duty,position changes but history remains intact,True,True,v58-loop-00606
607,34,13,rain court,talk,Tovan,sort herb shelf,0.515687,0.535687,0.451223,0.425223,care duty,private task,trust warms and obligation decreases,True,True,v58-loop-00607
608,34,14,fiber loft,offer_help,Nia,map safe route,0.65023,0.67023,0.514884,0.488884,private task,recover focus,trust warms and obligation decreases,True,True,v58-loop-00608
609,34,15,west hearth,borrow_tool,Ari,dry seed store,0.611984,0.591984,0.370399,0.400399,recover focus,rest,work is delayed and debt marker increases,True,True,v58-loop-00609
610,34,16,river gate,return_tool,Fay,sort herb shelf,0.438831,0.454831,0.157721,0.131721,work,rest,trust warms and obligation decreases,True,True,v58-loop-00610
611,34,17,arrival court,interrupt_work,Milo,map safe route,0.298423,0.278423,0.082862,0.112862,rest,seek tool,work is delayed and debt marker increases,True,True,v58-loop-00611
612,35,0,rain court,repair_trust,Sera,fix bridge peg,0.369117,0.385117,0.399486,0.373486,seek tool,care duty,trust warms and obligation decreases,True,True,v58-loop-00612
613,35,1,fiber loft,move,Tovan,patch cloak,0.528882,0.532882,0.519421,0.517421,care duty,private task,position changes but history remains intact,True,True,v58-loop-00613
614,35,2,west hearth,talk,Nia,repair awning,0.6595,0.6795,0.426814,0.400814,private task,recover focus,trust warms and obligation decreases,True,True,v58-loop-00614
615,35,3,river gate,offer_help,Ari,fix bridge peg,0.58142,0.59742,0.211369,0.185369,recover focus,work,trust warms and obligation decreases,True,True,v58-loop-00615
616,35,4,arrival court,borrow_tool,Fay,patch cloak,0.430089,0.410089,0.081776,0.111776,work,negotiate debt,work is delayed and debt marker increases,True,False,v58-loop-00616
617,35,5,tool alcove,return_tool,Milo,repair awning,0.321974,0.337974,0.163565,0.137565,rest,negotiate debt,trust warms and obligation decreases,True,True,v58-loop-00617
618,35,6,rain court,interrupt_work,Sera,fix bridge peg,0.354429,0.334429,0.377512,0.407512,negotiate debt,care duty,work is delayed and debt marker increases,True,True,v58-loop-00618
619,35,7,fiber loft,wait_offscreen,Tovan,patch cloak,0.515345,0.517345,0.516377,0.510377,seek tool,care duty,residents continue without avatar,True,True,v58-loop-00619
620,35,8,west hearth,repair_trust,Nia,repair awning,0.660093,0.680093,0.445649,0.419649,care duty,private task,trust warms and obligation decreases,True,True,v58-loop-00620
621,35,9,river gate,move,Ari,fix bridge peg,0.600286,0.604286,0.233838,0.231838,private task,recover focus,position changes but history remains intact,True,True,v58-loop-00621
622,35,10,arrival court,talk,Fay,patch cloak,0.435099,0.451099,0.086115,0.060115,recover focus,work,trust warms and obligation decreases,True,True,v58-loop-00622
623,35,11,tool alcove,offer_help,Milo,repair awning,0.304839,0.320839,0.145571,0.119571,work,rest,trust warms and obligation decreases,True,True,v58-loop-00623
624,35,12,rain court,borrow_tool,Sera,fix bridge peg,0.352168,0.332168,0.354614,0.384614,rest,seek tool,work is delayed and debt marker increases,True,False,v58-loop-00624
625,35,13,fiber loft,return_tool,Tovan,patch cloak,0.519635,0.539635,0.510755,0.484755,negotiate debt,seek tool,trust warms and obligation decreases,True,True,v58-loop-00625
626,35,14,west hearth,interrupt_work,Nia,repair awning,0.672724,0.652724,0.462749,0.492749,seek tool,private task,work is delayed and debt marker increases,True,True,v58-loop-00626
627,35,15,river gate,wait_offscreen,Ari,fix bridge peg,0.602279,0.604279,0.257096,0.251096,care duty,private task,residents continue without avatar,True,True,v58-loop-00627
628,35,16,arrival court,repair_trust,Fay,patch cloak,0.444087,0.460087,0.093002,0.067002,private task,recover focus,trust warms and obligation decreases,True,True,v58-loop-00628
629,35,17,tool alcove,move,Milo,repair awning,0.321224,0.325224,0.129417,0.127417,recover focus,work,position changes but history remains intact,True,True,v58-loop-00629
630,36,0,fiber loft,offer_help,Sera,sort herb shelf,0.374473,0.394473,0.484075,0.458075,rest,negotiate debt,trust warms and obligation decreases,True,True,v58-loop-00630
631,36,1,west hearth,borrow_tool,Tovan,map safe route,0.538842,0.518842,0.498152,0.528152,negotiate debt,care duty,work is delayed and debt marker increases,True,True,v58-loop-00631
632,36,2,river gate,return_tool,Nia,dry seed store,0.643278,0.659278,0.320289,0.294289,seek tool,care duty,trust warms and obligation decreases,True,True,v58-loop-00632
633,36,3,arrival court,interrupt_work,Ari,sort herb shelf,0.592531,0.572531,0.122773,0.152773,care duty,recover focus,work is delayed and debt marker increases,True,True,v58-loop-00633
634,36,4,tool alcove,wait_offscreen,Fay,map safe route,0.408393,0.406393,0.096928,0.090928,private task,recover focus,residents continue without avatar,True,True,v58-loop-00634
635,36,5,rain court,repair_trust,Milo,dry seed store,0.305861,0.321861,0.267788,0.241788,recover focus,work,trust warms and obligation decreases,True,True,v58-loop-00635
636,36,6,fiber loft,move,Sera,sort herb shelf,0.369625,0.373625,0.46985,0.46785,work,rest,position changes but history remains intact,True,True,v58-loop-00636
637,36,7,west hearth,talk,Tovan,map safe route,0.529346,0.549346,0.507387,0.481387,rest,negotiate debt,trust warms and obligation decreases,True,True,v58-loop-00637
638,36,8,river gate,offer_help,Nia,dry seed store,0.652792,0.668792,0.344039,0.318039,negotiate debt,seek tool,trust warms and obligation decreases,True,True,v58-loop-00638
639,36,9,arrival court,borrow_tool,Ari,sort herb shelf,0.584641,0.564641,0.138032,0.168032,seek tool,private task,work is delayed and debt marker increases,True,True,v58-loop-00639
640,36,10,tool alcove,return_tool,Fay,map safe route,0.416357,0.432357,0.088916,0.062916,care duty,private task,trust warms and obligation decreases,True,True,v58-loop-00640
641,36,11,rain court,interrupt_work,Milo,dry seed store,0.312834,0.292834,0.244265,0.274265,private task,work,work is delayed and debt marker increases,True,True,v58-loop-00641
642,36,12,fiber loft,wait_offscreen,Sera,sort herb shelf,0.351952,0.349952,0.453602,0.447602,recover focus,work,residents continue without avatar,True,True,v58-loop-00642
643,36,13,west hearth,repair_trust,Tovan,map safe route,0.54931,0.56931,0.514153,0.488153,work,rest,trust warms and obligation decreases,True,True,v58-loop-00643
644,36,14,river gate,move,Nia,dry seed store,0.646495,0.650495,0.367264,0.365264,rest,negotiate debt,position changes but history remains intact,True,True,v58-loop-00644
645,36,15,arrival court,talk,Ari,sort herb shelf,0.60408,0.62008,0.155221,0.129221,negotiate debt,seek tool,trust warms and obligation decreases,True,True,v58-loop-00645
646,36,16,tool alcove,offer_help,Fay,map safe route,0.423607,0.439607,0.083417,0.057417,seek tool,care duty,trust warms and obligation decreases,True,True,v58-loop-00646
647,36,17,rain court,borrow_tool,Milo,dry seed store,0.304417,0.284417,0.221406,0.251406,care duty,recover focus,work is delayed and debt marker increases,True,True,v58-loop-00647
648,37,0,west hearth,interrupt_work,Sera,patch cloak,0.389509,0.369509,0.519636,0.549636,recover focus,rest,work is delayed and debt marker increases,True,False,v58-loop-00648
649,37,1,river gate,wait_offscreen,Tovan,repair awning,0.541699,0.543699,0.424104,0.418104,work,rest,residents continue without avatar,True,True,v58-loop-00649
650,37,2,arrival court,repair_trust,Nia,fix bridge peg,0.663221,0.679221,0.208359,0.182359,rest,negotiate debt,trust warms and obligation decreases,True,True,v58-loop-00650
651,37,3,tool alcove,move,Ari,patch cloak,0.562881,0.566881,0.081382,0.079382,negotiate debt,seek tool,position changes but history remains intact,True,True,v58-loop-00651
652,37,4,rain court,talk,Fay,repair awning,0.405541,0.421541,0.166169,0.140169,seek tool,care duty,trust warms and obligation decreases,True,True,v58-loop-00652
653,37,5,fiber loft,offer_help,Milo,fix bridge peg,0.313667,0.329667,0.380591,0.354591,care duty,private task,trust warms and obligation decreases,True,True,v58-loop-00653
654,37,6,west hearth,borrow_tool,Sera,patch cloak,0.376963,0.356963,0.516949,0.546949,private task,work,work is delayed and debt marker increases,True,True,v58-loop-00654
655,37,7,river gate,return_tool,Tovan,repair awning,0.561061,0.581061,0.443159,0.417159,recover focus,work,trust warms and obligation decreases,True,True,v58-loop-00655
656,37,8,arrival court,interrupt_work,Nia,fix bridge peg,0.662527,0.642527,0.230699,0.260699,work,negotiate debt,work is delayed and debt marker increases,True,False,v58-loop-00656
657,37,9,tool alcove,wait_offscreen,Ari,patch cloak,0.590294,0.592294,0.085367,0.079367,rest,negotiate debt,residents continue without avatar,True,True,v58-loop-00657
658,37,10,rain court,repair_trust,Fay,repair awning,0.394986,0.410986,0.147939,0.121939,negotiate debt,seek tool,trust warms and obligation decreases,True,True,v58-loop-00658
659,37,11,fiber loft,move,Milo,fix bridge peg,0.291448,0.295448,0.357805,0.355805,seek tool,care duty,position changes but history remains intact,True,True,v58-loop-00659
660,37,12,west hearth,talk,Sera,patch cloak,0.377595,0.397595,0.511678,0.485678,care duty,private task,trust warms and obligation decreases,True,True,v58-loop-00660
661,37,13,river gate,offer_help,Tovan,repair awning,0.560391,0.580391,0.46051,0.43451,private task,recover focus,trust warms and obligation decreases,True,True,v58-loop-00661
662,37,14,arrival court,borrow_tool,Nia,fix bridge peg,0.649968,0.629968,0.253864,0.283864,recover focus,rest,work is delayed and debt marker increases,True,True,v58-loop-00662
663,37,15,tool alcove,return_tool,Ari,patch cloak,0.574002,0.590002,0.091908,0.065908,work,rest,trust warms and obligation decreases,True,True,v58-loop-00663
664,37,16,rain court,interrupt_work,Fay,repair awning,0.388478,0.368478,0.13152,0.16152,rest,seek tool,work is delayed and debt marker increases,True,False,v58-loop-00664
665,37,17,fiber loft,wait_offscreen,Milo,fix bridge peg,0.322607,0.324607,0.33433,0.32833,negotiate debt,seek tool,residents continue without avatar,True,True,v58-loop-00665
666,38,0,river gate,move,Sera,map safe route,0.373964,0.377964,0.496696,0.494696,care duty,private task,position changes but history remains intact,True,True,v58-loop-00666
667,38,1,arrival court,talk,Tovan,dry seed store,0.568034,0.584034,0.317001,0.291001,private task,recover focus,trust warms and obligation decreases,True,True,v58-loop-00667
668,38,2,tool alcove,offer_help,Nia,sort herb shelf,0.660591,0.676591,0.120838,0.094838,recover focus,work,trust warms and obligation decreases,True,True,v58-loop-00668
669,38,3,rain court,borrow_tool,Ari,map safe route,0.574791,0.554791,0.09822,0.12822,work,negotiate debt,work is delayed and debt marker increases,True,True,v58-loop-00669
670,38,4,fiber loft,return_tool,Fay,dry seed store,0.391514,0.407514,0.271056,0.245056,rest,negotiate debt,trust warms and obligation decreases,True,True,v58-loop-00670
671,38,5,west hearth,interrupt_work,Milo,sort herb shelf,0.303101,0.283101,0.471928,0.501928,negotiate debt,care duty,work is delayed and debt marker increases,True,True,v58-loop-00671
672,38,6,river gate,wait_offscreen,Sera,map safe route,0.38898,0.38698,0.506262,0.500262,seek tool,care duty,residents continue without avatar,True,True,v58-loop-00672
673,38,7,arrival court,repair_trust,Tovan,dry seed store,0.557627,0.573627,0.340801,0.314801,care duty,private task,trust warms and obligation decreases,True,True,v58-loop-00673
674,38,8,tool alcove,move,Nia,sort herb shelf,0.662485,0.666485,0.135817,0.133817,private task,recover focus,position changes but history remains intact,True,True,v58-loop-00674
675,38,9,rain court,talk,Ari,map safe route,0.561892,0.577892,0.089869,0.063869,recover focus,work,trust warms and obligation decreases,True,True,v58-loop-00675
676,38,10,fiber loft,offer_help,Fay,dry seed store,0.38263,0.39863,0.247464,0.221464,work,rest,trust warms and obligation decreases,True,True,v58-loop-00676
677,38,11,west hearth,borrow_tool,Milo,sort herb shelf,0.315442,0.295442,0.455948,0.485948,rest,seek tool,work is delayed and debt marker increases,True,True,v58-loop-00677
678,38,12,river gate,return_tool,Sera,map safe route,0.40114,0.42114,0.513373,0.487373,negotiate debt,seek tool,trust warms and obligation decreases,True,True,v58-loop-00678
679,38,13,arrival court,interrupt_work,Tovan,dry seed store,0.56876,0.54876,0.364115,0.394115,seek tool,private task,work is delayed and debt marker increases,True,True,v58-loop-00679
680,38,14,tool alcove,wait_offscreen,Nia,sort herb shelf,0.669835,0.667835,0.152752,0.146752,care duty,private task,residents continue without avatar,True,True,v58-loop-00680
681,38,15,rain court,repair_trust,Ari,map safe route,0.567077,0.583077,0.084021,0.058021,private task,recover focus,trust warms and obligation decreases,True,True,v58-loop-00681
682,38,16,fiber loft,move,Fay,dry seed store,0.390041,0.394041,0.224497,0.222497,recover focus,work,position changes but history remains intact,True,True,v58-loop-00682
683,38,17,west hearth,talk,Milo,sort herb shelf,0.319175,0.339175,0.438109,0.412109,work,rest,trust warms and obligation decreases,True,True,v58-loop-00683
684,39,0,arrival court,borrow_tool,Sera,repair awning,0.389314,0.369314,0.421365,0.451365,negotiate debt,care duty,work is delayed and debt marker increases,True,False,v58-loop-00684
685,39,1,tool alcove,return_tool,Tovan,fix bridge peg,0.556258,0.572258,0.205369,0.179369,seek tool,care duty,trust warms and obligation decreases,True,True,v58-loop-00685
686,39,2,rain court,interrupt_work,Nia,patch cloak,0.670376,0.650376,0.081037,0.111037,care duty,recover focus,work is delayed and debt marker increases,True,True,v58-loop-00686
687,39,3,fiber loft,wait_offscreen,Ari,repair awning,0.536032,0.538032,0.168803,0.162803,private task,recover focus,residents continue without avatar,True,True,v58-loop-00687
688,39,4,west hearth,repair_trust,Fay,fix bridge peg,0.374063,0.390063,0.383653,0.357653,recover focus,work,trust warms and obligation decreases,True,True,v58-loop-00688
689,39,5,river gate,move,Milo,patch cloak,0.311167,0.315167,0.517472,0.515472,work,rest,position changes but history remains intact,True,True,v58-loop-00689
690,39,6,arrival court,talk,Sera,repair awning,0.388748,0.408748,0.440638,0.414638,rest,negotiate debt,trust warms and obligation decreases,True,True,v58-loop-00690
691,39,7,tool alcove,offer_help,Tovan,fix bridge peg,0.57661,0.59261,0.227575,0.201575,negotiate debt,seek tool,trust warms and obligation decreases,True,True,v58-loop-00691
692,39,8,rain court,borrow_tool,Nia,patch cloak,0.679417,0.659417,0.084667,0.114667,seek tool,private task,work is delayed and debt marker increases,True,False,v58-loop-00692
693,39,9,fiber loft,return_tool,Ari,repair awning,0.567678,0.583678,0.150341,0.124341,care duty,private task,trust warms and obligation decreases,True,True,v58-loop-00693
694,39,10,west hearth,interrupt_work,Fay,fix bridge peg,0.365072,0.345072,0.360982,0.390982,private task,work,work is delayed and debt marker increases,True,True,v58-loop-00694
695,39,11,river gate,wait_offscreen,Milo,patch cloak,0.305072,0.307072,0.512553,0.506553,recover focus,work,residents continue without avatar,True,True,v58-loop-00695
696,39,12,arrival court,repair_trust,Sera,repair awning,0.383354,0.403354,0.458235,0.432235,work,rest,trust warms and obligation decreases,True,True,v58-loop-00696
697,39,13,tool alcove,move,Tovan,fix bridge peg,0.585636,0.589636,0.250643,0.248643,rest,negotiate debt,position changes but history remains intact,True,True,v58-loop-00697
698,39,14,rain court,talk,Nia,patch cloak,0.651227,0.667227,0.09086,0.06486,negotiate debt,seek tool,trust warms and obligation decreases,True,True,v58-loop-00698
699,39,15,fiber loft,offer_help,Ari,repair awning,0.565077,0.581077,0.133661,0.107661,seek tool,care duty,trust warms and obligation decreases,True,True,v58-loop-00699
700,39,16,west hearth,borrow_tool,Fay,fix bridge peg,0.369315,0.349315,0.337585,0.367585,care duty,recover focus,work is delayed and debt marker increases,True,False,v58-loop-00700
701,39,17,river gate,return_tool,Milo,patch cloak,0.317081,0.337081,0.505103,0.479103,private task,recover focus,trust warms and obligation decreases,True,True,v58-loop-00701
702,40,0,tool alcove,wait_offscreen,Sera,dry seed store,0.425879,0.423879,0.313709,0.307709,work,rest,residents continue without avatar,True,True,v58-loop-00702
703,40,1,rain court,repair_trust,Tovan,sort herb shelf,0.57303,0.58903,0.118943,0.092943,rest,negotiate debt,trust warms and obligation decreases,True,True,v58-loop-00703
704,40,2,fiber loft,move,Nia,map safe route,0.663722,0.667722,0.099558,0.097558,negotiate debt,seek tool,position changes but history remains intact,True,True,v58-loop-00704
705,40,3,west hearth,talk,Ari,dry seed store,0.540745,0.556745,0.274331,0.248331,seek tool,care duty,trust warms and obligation decreases,True,True,v58-loop-00705
706,40,4,river gate,offer_help,Fay,sort herb shelf,0.367473,0.387473,0.473968,0.447968,care duty,private task,trust warms and obligation decreases,True,True,v58-loop-00706
707,40,5,arrival court,borrow_tool,Milo,map safe route,0.303914,0.283914,0.505091,0.535091,private task,work,work is delayed and debt marker increases,True,True,v58-loop-00707
708,40,6,tool alcove,return_tool,Sera,dry seed store,0.396082,0.412082,0.337553,0.311553,recover focus,work,trust warms and obligation decreases,True,True,v58-loop-00708
709,40,7,rain court,interrupt_work,Tovan,sort herb shelf,0.57336,0.55336,0.133639,0.163639,work,negotiate debt,work is delayed and debt marker increases,True,True,v58-loop-00709
710,40,8,fiber loft,wait_offscreen,Nia,map safe route,0.658698,0.656698,0.09087,0.08487,rest,negotiate debt,residents continue without avatar,True,True,v58-loop-00710
711,40,9,west hearth,repair_trust,Ari,dry seed store,0.557783,0.573783,0.250674,0.224674,negotiate debt,seek tool,trust warms and obligation decreases,True,True,v58-loop-00711
712,40,10,river gate,move,Fay,sort herb shelf,0.379112,0.383112,0.458258,0.456258,seek tool,care duty,position changes but history remains intact,True,True,v58-loop-00712
713,40,11,arrival court,talk,Milo,map safe route,0.325389,0.345389,0.512545,0.486545,care duty,private task,trust warms and obligation decreases,True,True,v58-loop-00713
714,40,12,tool alcove,offer_help,Sera,dry seed store,0.40256,0.41856,0.360951,0.334951,private task,recover focus,trust warms and obligation decreases,True,True,v58-loop-00714
715,40,13,rain court,borrow_tool,Tovan,sort herb shelf,0.567354,0.547354,0.150317,0.180317,recover focus,rest,work is delayed and debt marker increases,True,True,v58-loop-00715
716,40,14,fiber loft,return_tool,Nia,map safe route,0.667466,0.683466,0.084673,0.058673,work,rest,trust warms and obligation decreases,True,True,v58-loop-00716
717,40,15,west hearth,interrupt_work,Ari,dry seed store,0.5317,0.5117,0.227605,0.257605,rest,seek tool,work is delayed and debt marker increases,True,True,v58-loop-00717
718,40,16,river gate,wait_offscreen,Fay,sort herb shelf,0.381284,0.379284,0.440662,0.434662,negotiate debt,seek tool,residents continue without avatar,True,True,v58-loop-00718
719,40,17,arrival court,repair_trust,Milo,map safe route,0.313543,0.333543,0.517467,0.491467,seek tool,care duty,trust warms and obligation decreases,True,True,v58-loop-00719
720,41,0,rain court,talk,Sera,fix bridge peg,0.424175,0.440175,0.202401,0.176401,private task,recover focus,trust warms and obligation decreases,True,True,v58-loop-00720
721,41,1,fiber loft,offer_help,Tovan,patch cloak,0.583149,0.599149,0.080742,0.054742,recover focus,work,trust warms and obligation decreases,True,True,v58-loop-00721
722,41,2,west hearth,borrow_tool,Nia,repair awning,0.656445,0.636445,0.171467,0.201467,work,negotiate debt,work is delayed and debt marker increases,True,True,v58-loop-00722
723,41,3,river gate,return_tool,Ari,fix bridge peg,0.517497,0.533497,0.386695,0.360695,rest,negotiate debt,trust warms and obligation decreases,True,True,v58-loop-00723
724,41,4,arrival court,interrupt_work,Fay,patch cloak,0.367929,0.347929,0.517946,0.547946,negotiate debt,care duty,work is delayed and debt marker increases,True,False,v58-loop-00724
725,41,5,tool alcove,wait_offscreen,Milo,repair awning,0.319636,0.321636,0.438084,0.432084,seek tool,care duty,residents continue without avatar,True,True,v58-loop-00725
726,41,6,rain court,repair_trust,Sera,fix bridge peg,0.417238,0.433238,0.224467,0.198467,care duty,private task,trust warms and obligation decreases,True,True,v58-loop-00726
727,41,7,fiber loft,move,Tovan,patch cloak,0.577122,0.581122,0.084015,0.082015,private task,recover focus,position changes but history remains intact,True,True,v58-loop-00727
728,41,8,west hearth,talk,Nia,repair awning,0.683957,0.699957,0.152776,0.126776,recover focus,work,trust warms and obligation decreases,True,True,v58-loop-00728
729,41,9,river gate,offer_help,Ari,fix bridge peg,0.531967,0.547967,0.364146,0.338146,work,rest,trust warms and obligation decreases,True,True,v58-loop-00729
730,41,10,arrival court,borrow_tool,Fay,patch cloak,0.355866,0.335866,0.513381,0.543381,rest,seek tool,work is delayed and debt marker increases,True,True,v58-loop-00730
731,41,11,tool alcove,return_tool,Milo,repair awning,0.297847,0.317847,0.455925,0.429925,negotiate debt,seek tool,trust warms and obligation decreases,True,True,v58-loop-00731
732,41,12,rain court,interrupt_work,Sera,fix bridge peg,0.427115,0.407115,0.247433,0.277433,seek tool,private task,work is delayed and debt marker increases,True,False,v58-loop-00732
733,41,13,fiber loft,wait_offscreen,Tovan,patch cloak,0.578935,0.580935,0.08986,0.08386,care duty,private task,residents continue without avatar,True,True,v58-loop-00733
734,41,14,west hearth,repair_trust,Nia,repair awning,0.674954,0.690954,0.135839,0.109839,private task,recover focus,trust warms and obligation decreases,True,True,v58-loop-00734
735,41,15,river gate,move,Ari,fix bridge peg,0.536751,0.540751,0.340832,0.338832,recover focus,work,position changes but history remains intact,True,True,v58-loop-00735
736,41,16,arrival court,talk,Fay,patch cloak,0.374473,0.394473,0.506274,0.480274,work,rest,trust warms and obligation decreases,True,True,v58-loop-00736
737,41,17,tool alcove,offer_help,Milo,repair awning,0.307219,0.327219,0.471908,0.445908,rest,negotiate debt,trust warms and obligation decreases,True,True,v58-loop-00737
738,42,0,fiber loft,return_tool,Sera,sort herb shelf,0.44903,0.46503,0.117089,0.091089,seek tool,care duty,trust warms and obligation decreases,True,True,v58-loop-00738
739,42,1,west hearth,interrupt_work,Tovan,map safe route,0.601139,0.581139,0.100941,0.130941,care duty,recover focus,work is delayed and debt marker increases,True,True,v58-loop-00739
740,42,2,river gate,wait_offscreen,Nia,dry seed store,0.654541,0.652541,0.277611,0.271611,private task,recover focus,residents continue without avatar,True,True,v58-loop-00740
741,42,3,arrival court,repair_trust,Ari,sort herb shelf,0.500495,0.520495,0.475968,0.449968,recover focus,work,trust warms and obligation decreases,True,True,v58-loop-00741
742,42,4,tool alcove,move,Fay,map safe route,0.361181,0.365181,0.503874,0.501874,work,rest,position changes but history remains intact,True,True,v58-loop-00742
743,42,5,rain court,talk,Milo,dry seed store,0.305254,0.321254,0.334298,0.308298,rest,negotiate debt,trust warms and obligation decreases,True,True,v58-loop-00743
744,42,6,fiber loft,offer_help,Sera,sort herb shelf,0.42858,0.44458,0.131499,0.105499,negotiate debt,seek tool,trust warms and obligation decreases,True,True,v58-loop-00744
745,42,7,west hearth,borrow_tool,Tovan,map safe route,0.607286,0.587286,0.091918,0.121918,seek tool,private task,work is delayed and debt marker increases,True,True,v58-loop-00745
746,42,8,river gate,return_tool,Nia,dry seed store,0.679,0.695,0.253896,0.227896,care duty,private task,trust warms and obligation decreases,True,True,v58-loop-00746
747,42,9,arrival court,interrupt_work,Ari,sort herb shelf,0.514576,0.494576,0.460532,0.490532,private task,work,work is delayed and debt marker increases,True,True,v58-loop-00747
748,42,10,tool alcove,wait_offscreen,Fay,map safe route,0.356816,0.354816,0.511669,0.505669,recover focus,work,residents continue without avatar,True,True,v58-loop-00748
749,42,11,rain court,repair_trust,Milo,dry seed store,0.302442,0.318442,0.357774,0.331774,work,rest,trust warms and obligation decreases,True,True,v58-loop-00749
750,42,12,fiber loft,move,Sera,sort herb shelf,0.430857,0.434857,0.147916,0.145916,rest,negotiate debt,position changes but history remains intact,True,True,v58-loop-00750
751,42,13,west hearth,talk,Tovan,map safe route,0.595235,0.611235,0.085374,0.059374,negotiate debt,seek tool,trust warms and obligation decreases,True,True,v58-loop-00751
752,42,14,river gate,offer_help,Nia,dry seed store,0.662669,0.678669,0.230729,0.204729,seek tool,care duty,trust warms and obligation decreases,True,True,v58-loop-00752
753,42,15,arrival court,borrow_tool,Ari,sort herb shelf,0.513716,0.493716,0.443184,0.473184,care duty,recover focus,work is delayed and debt marker increases,True,True,v58-loop-00753
754,42,16,tool alcove,return_tool,Fay,map safe route,0.350839,0.370839,0.516943,0.490943,private task,recover focus,trust warms and obligation decreases,True,True,v58-loop-00754
755,42,17,rain court,interrupt_work,Milo,dry seed store,0.314051,0.294051,0.380561,0.410561,recover focus,rest,work is delayed and debt marker increases,True,True,v58-loop-00755
756,43,0,west hearth,repair_trust,Sera,patch cloak,0.452358,0.468358,0.080496,0.054496,rest,negotiate debt,trust warms and obligation decreases,True,True,v58-loop-00756
757,43,1,river gate,move,Tovan,repair awning,0.622689,0.626689,0.174159,0.172159,negotiate debt,seek tool,position changes but history remains intact,True,True,v58-loop-00757
758,43,2,arrival court,talk,Nia,fix bridge peg,0.671089,0.687089,0.389718,0.363718,seek tool,care duty,trust warms and obligation decreases,True,True,v58-loop-00758
759,43,3,tool alcove,offer_help,Ari,patch cloak,0.49032,0.51032,0.518372,0.492372,care duty,private task,trust warms and obligation decreases,True,True,v58-loop-00759
760,43,4,rain court,borrow_tool,Fay,repair awning,0.360854,0.340854,0.4355,0.4655,private task,work,work is delayed and debt marker increases,True,False,v58-loop-00760
761,43,5,fiber loft,return_tool,Milo,fix bridge peg,0.316178,0.332178,0.221376,0.195376,recover focus,work,trust warms and obligation decreases,True,True,v58-loop-00761
762,43,6,west hearth,interrupt_work,Sera,patch cloak,0.458666,0.438666,0.083411,0.113411,work,negotiate debt,work is delayed and debt marker increases,True,True,v58-loop-00762
763,43,7,river gate,wait_offscreen,Tovan,repair awning,0.606572,0.608572,0.155245,0.149245,rest,negotiate debt,residents continue without avatar,True,True,v58-loop-00763
764,43,8,arrival court,repair_trust,Nia,fix bridge peg,0.663476,0.679476,0.367295,0.341295,negotiate debt,seek tool,trust warms and obligation decreases,True,True,v58-loop-00764
765,43,9,tool alcove,move,Ari,patch cloak,0.509061,0.513061,0.51416,0.51216,seek tool,care duty,position changes but history remains intact,True,True,v58-loop-00765
766,43,10,rain court,talk,Fay,repair awning,0.345602,0.365602,0.453579,0.427579,care duty,private task,trust warms and obligation decreases,True,True,v58-loop-00766
767,43,11,fiber loft,offer_help,Milo,fix bridge peg,0.326878,0.342878,0.244234,0.218234,private task,recover focus,trust warms and obligation decreases,True,True,v58-loop-00767
768,43,12,west hearth,borrow_tool,Sera,patch cloak,0.450098,0.430098,0.088907,0.118907,recover focus,rest,work is delayed and debt marker increases,True,False,v58-loop-00768
769,43,13,river gate,return_tool,Tovan,repair awning,0.619798,0.635798,0.138054,0.112054,work,rest,trust warms and obligation decreases,True,True,v58-loop-00769
770,43,14,arrival court,interrupt_work,Nia,fix bridge peg,0.657089,0.637089,0.34407,0.37407,rest,seek tool,work is delayed and debt marker increases,True,True,v58-loop-00770
771,43,15,tool alcove,wait_offscreen,Ari,patch cloak,0.512495,0.514495,0.507398,0.501398,negotiate debt,seek tool,residents continue without avatar,True,True,v58-loop-00771
772,43,16,rain court,repair_trust,Fay,repair awning,0.341848,0.361848,0.46983,0.44383,seek tool,care duty,trust warms and obligation decreases,True,True,v58-loop-00772
773,43,17,fiber loft,move,Milo,fix bridge peg,0.328124,0.332124,0.267756,0.265756,care duty,private task,position changes but history remains intact,True,True,v58-loop-00773
774,44,0,river gate,offer_help,Sera,map safe route,0.455172,0.471172,0.102368,0.076368,recover focus,work,trust warms and obligation decreases,True,True,v58-loop-00774
775,44,1,arrival court,borrow_tool,Tovan,dry seed store,0.631531,0.611531,0.280896,0.310896,work,negotiate debt,work is delayed and debt marker increases,True,True,v58-loop-00775
776,44,2,tool alcove,return_tool,Nia,sort herb shelf,0.651703,0.671703,0.477929,0.451929,rest,negotiate debt,trust warms and obligation decreases,True,True,v58-loop-00776
777,44,3,rain court,interrupt_work,Ari,map safe route,0.480718,0.460718,0.502611,0.532611,negotiate debt,care duty,work is delayed and debt marker increases,True,True,v58-loop-00777
778,44,4,fiber loft,wait_offscreen,Fay,dry seed store,0.323776,0.321776,0.331034,0.325034,seek tool,care duty,residents continue without avatar,True,True,v58-loop-00778
779,44,5,west hearth,repair_trust,Milo,sort herb shelf,0.326665,0.342665,0.129396,0.103396,care duty,private task,trust warms and obligation decreases,True,True,v58-loop-00779
780,44,6,river gate,move,Sera,map safe route,0.474056,0.478056,0.093013,0.091013,private task,recover focus,position changes but history remains intact,True,True,v58-loop-00780
781,44,7,arrival court,talk,Tovan,dry seed store,0.632727,0.648727,0.257127,0.231127,recover focus,work,trust warms and obligation decreases,True,True,v58-loop-00781
782,44,8,tool alcove,offer_help,Nia,sort herb shelf,0.643955,0.663955,0.46277,0.43677,work,rest,trust warms and obligation decreases,True,True,v58-loop-00782
783,44,9,rain court,borrow_tool,Ari,map safe route,0.479811,0.459811,0.510746,0.540746,rest,seek tool,work is delayed and debt marker increases,True,True,v58-loop-00783
784,44,10,fiber loft,return_tool,Fay,dry seed store,0.333025,0.349025,0.354583,0.328583,negotiate debt,seek tool,trust warms and obligation decreases,True,True,v58-loop-00784
785,44,11,west hearth,interrupt_work,Milo,sort herb shelf,0.336242,0.316242,0.145548,0.175548,seek tool,private task,work is delayed and debt marker increases,True,True,v58-loop-00785
786,44,12,river gate,wait_offscreen,Sera,map safe route,0.448781,0.446781,0.086123,0.080123,care duty,private task,residents continue without avatar,True,True,v58-loop-00786
787,44,13,arrival court,repair_trust,Tovan,dry seed store,0.617005,0.633005,0.233869,0.207869,private task,recover focus,trust warms and obligation decreases,True,True,v58-loop-00787
788,44,14,tool alcove,move,Nia,sort herb shelf,0.654817,0.658817,0.445673,0.443673,recover focus,work,position changes but history remains intact,True,True,v58-loop-00788
789,44,15,rain court,talk,Ari,map safe route,0.475319,0.495319,0.516371,0.490371,work,rest,trust warms and obligation decreases,True,True,v58-loop-00789
790,44,16,fiber loft,offer_help,Fay,dry seed store,0.352518,0.368518,0.377481,0.351481,rest,negotiate debt,trust warms and obligation decreases,True,True,v58-loop-00790
791,44,17,west hearth,borrow_tool,Milo,sort herb shelf,0.330769,0.310769,0.16354,0.19354,negotiate debt,care duty,work is delayed and debt marker increases,True,True,v58-loop-00791
792,45,0,arrival court,interrupt_work,Sera,repair awning,0.466116,0.446116,0.17688,0.20688,care duty,recover focus,work is delayed and debt marker increases,True,False,v58-loop-00792
793,45,1,tool alcove,wait_offscreen,Tovan,fix bridge peg,0.612318,0.614318,0.392721,0.386721,private task,recover focus,residents continue without avatar,True,True,v58-loop-00793
794,45,2,rain court,repair_trust,Nia,patch cloak,0.648694,0.668694,0.518748,0.492748,recover focus,work,trust warms and obligation decreases,True,True,v58-loop-00794
795,45,3,fiber loft,move,Ari,repair awning,0.49488,0.49888,0.432885,0.430885,work,rest,position changes but history remains intact,True,True,v58-loop-00795
796,45,4,west hearth,talk,Fay,fix bridge peg,0.330349,0.346349,0.218303,0.192303,rest,negotiate debt,trust warms and obligation decreases,True,True,v58-loop-00796
797,45,5,river gate,offer_help,Milo,patch cloak,0.336371,0.352371,0.082857,0.056857,negotiate debt,seek tool,trust warms and obligation decreases,True,True,v58-loop-00797
798,45,6,arrival court,borrow_tool,Sera,repair awning,0.485233,0.465233,0.157746,0.187746,seek tool,private task,work is delayed and debt marker increases,True,True,v58-loop-00798
799,45,7,tool alcove,return_tool,Tovan,fix bridge peg,0.624039,0.640039,0.370429,0.344429,care duty,private task,trust warms and obligation decreases,True,True,v58-loop-00799
800,45,8,rain court,interrupt_work,Nia,patch cloak,0.642759,0.622759,0.514891,0.544891,private task,work,work is delayed and debt marker increases,True,False,v58-loop-00800
801,45,9,fiber loft,wait_offscreen,Ari,repair awning,0.494758,0.496758,0.451199,0.445199,recover focus,work,residents continue without avatar,True,True,v58-loop-00801
802,45,10,west hearth,repair_trust,Fay,fix bridge peg,0.347392,0.363392,0.241048,0.215048,work,rest,trust warms and obligation decreases,True,True,v58-loop-00802
803,45,11,river gate,move,Milo,patch cloak,0.331767,0.335767,0.088001,0.086001,rest,negotiate debt,position changes but history remains intact,True,True,v58-loop-00803
804,45,12,arrival court,talk,Sera,repair awning,0.471948,0.487948,0.140306,0.114306,negotiate debt,seek tool,trust warms and obligation decreases,True,True,v58-loop-00804
805,45,13,tool alcove,offer_help,Tovan,fix bridge peg,0.630548,0.646548,0.347298,0.321298,seek tool,care duty,trust warms and obligation decreases,True,True,v58-loop-00805
806,45,14,rain court,borrow_tool,Nia,patch cloak,0.64496,0.62496,0.508475,0.538475,care duty,recover focus,work is delayed and debt marker increases,True,True,v58-loop-00806
807,45,15,fiber loft,return_tool,Ari,repair awning,0.492227,0.512227,0.467713,0.441713,private task,recover focus,trust warms and obligation decreases,True,True,v58-loop-00807
808,45,16,west hearth,interrupt_work,Fay,fix bridge peg,0.33183,0.31183,0.264496,0.294496,recover focus,rest,work is delayed and debt marker increases,True,False,v58-loop-00808
809,45,17,river gate,wait_offscreen,Milo,patch cloak,0.338147,0.340147,0.09567,0.08967,work,rest,residents continue without avatar,True,True,v58-loop-00809
810,46,0,tool alcove,move,Sera,dry seed store,0.490211,0.494211,0.284186,0.282186,negotiate debt,seek tool,position changes but history remains intact,True,True,v58-loop-00810
811,46,1,rain court,talk,Tovan,sort herb shelf,0.65418,0.67418,0.47985,0.45385,seek tool,care duty,trust warms and obligation decreases,True,True,v58-loop-00811
812,46,2,fiber loft,offer_help,Nia,map safe route,0.665508,0.685508,0.501303,0.475303,care duty,private task,trust warms and obligation decreases,True,True,v58-loop-00812
813,46,3,west hearth,borrow_tool,Ari,dry seed store,0.452377,0.432377,0.327764,0.357764,private task,work,work is delayed and debt marker increases,True,True,v58-loop-00813
814,46,4,river gate,return_tool,Fay,sort herb shelf,0.341236,0.357236,0.127332,0.101332,recover focus,work,trust warms and obligation decreases,True,True,v58-loop-00814
815,46,5,arrival court,interrupt_work,Milo,map safe route,0.336464,0.316464,0.094154,0.124154,work,negotiate debt,work is delayed and debt marker increases,True,True,v58-loop-00815
816,46,6,tool alcove,wait_offscreen,Sera,dry seed store,0.469502,0.467502,0.260369,0.254369,rest,negotiate debt,residents continue without avatar,True,True,v58-loop-00816
817,46,7,rain court,repair_trust,Tovan,sort herb shelf,0.627311,0.647311,0.464972,0.438972,negotiate debt,seek tool,trust warms and obligation decreases,True,True,v58-loop-00817
818,46,8,fiber loft,move,Nia,map safe route,0.640583,0.644583,0.509775,0.507775,seek tool,care duty,position changes but history remains intact,True,True,v58-loop-00818
819,46,9,west hearth,talk,Ari,dry seed store,0.454528,0.470528,0.35138,0.32538,care duty,private task,trust warms and obligation decreases,True,True,v58-loop-00819
820,46,10,river gate,offer_help,Fay,sort herb shelf,0.309973,0.325973,0.143216,0.117216,private task,recover focus,trust warms and obligation decreases,True,True,v58-loop-00820
821,46,11,arrival court,borrow_tool,Milo,map safe route,0.348704,0.328704,0.08692,0.11692,recover focus,rest,work is delayed and debt marker increases,True,True,v58-loop-00821
822,46,12,tool alcove,return_tool,Sera,dry seed store,0.496335,0.512335,0.237024,0.211024,work,rest,trust warms and obligation decreases,True,True,v58-loop-00822
823,46,13,rain court,interrupt_work,Tovan,sort herb shelf,0.645889,0.625889,0.448129,0.478129,rest,seek tool,work is delayed and debt marker increases,True,True,v58-loop-00823
824,46,14,fiber loft,wait_offscreen,Nia,map safe route,0.664241,0.662241,0.51575,0.50975,negotiate debt,seek tool,residents continue without avatar,True,True,v58-loop-00824
825,46,15,west hearth,repair_trust,Ari,dry seed store,0.464488,0.480488,0.374384,0.348384,seek tool,care duty,trust warms and obligation decreases,True,True,v58-loop-00825
826,46,16,river gate,move,Fay,sort herb shelf,0.339723,0.343723,0.160967,0.158967,care duty,private task,position changes but history remains intact,True,True,v58-loop-00826
827,46,17,arrival court,talk,Milo,map safe route,0.319396,0.335396,0.082224,0.056224,private task,recover focus,trust warms and obligation decreases,True,True,v58-loop-00827
828,47,0,rain court,borrow_tool,Sera,fix bridge peg,0.509635,0.489635,0.395703,0.425703,work,negotiate debt,work is delayed and debt marker increases,True,False,v58-loop-00828
829,47,1,fiber loft,return_tool,Tovan,patch cloak,0.6359,0.6559,0.519075,0.493075,rest,negotiate debt,trust warms and obligation decreases,True,True,v58-loop-00829
830,47,2,west hearth,interrupt_work,Nia,repair awning,0.656109,0.636109,0.43024,0.46024,negotiate debt,care duty,work is delayed and debt marker increases,True,True,v58-loop-00830
831,47,3,river gate,wait_offscreen,Ari,fix bridge peg,0.465983,0.467983,0.215248,0.209248,seek tool,care duty,residents continue without avatar,True,True,v58-loop-00831
832,47,4,arrival court,repair_trust,Fay,patch cloak,0.32748,0.34348,0.082351,0.056351,care duty,private task,trust warms and obligation decreases,True,True,v58-loop-00832
833,47,5,tool alcove,move,Milo,repair awning,0.332915,0.336915,0.160279,0.158279,private task,recover focus,position changes but history remains intact,True,True,v58-loop-00833
834,47,6,rain court,talk,Sera,fix bridge peg,0.505157,0.521157,0.373548,0.347548,recover focus,work,trust warms and obligation decreases,True,True,v58-loop-00834
835,47,7,fiber loft,offer_help,Tovan,patch cloak,0.640869,0.660869,0.515574,0.489574,work,rest,trust warms and obligation decreases,True,True,v58-loop-00835
836,47,8,west hearth,borrow_tool,Nia,repair awning,0.636978,0.616978,0.448785,0.478785,rest,seek tool,work is delayed and debt marker increases,True,False,v58-loop-00836
837,47,9,river gate,return_tool,Ari,fix bridge peg,0.46968,0.48568,0.237876,0.211876,negotiate debt,seek tool,trust warms and obligation decreases,True,True,v58-loop-00837
838,47,10,arrival court,interrupt_work,Fay,patch cloak,0.303778,0.283778,0.087143,0.117143,seek tool,private task,work is delayed and debt marker increases,True,True,v58-loop-00838
839,47,11,tool alcove,wait_offscreen,Milo,repair awning,0.350224,0.352224,0.142594,0.136594,care duty,private task,residents continue without avatar,True,True,v58-loop-00839
840,47,12,rain court,repair_trust,Sera,fix bridge peg,0.483292,0.499292,0.350516,0.324516,private task,recover focus,trust warms and obligation decreases,True,True,v58-loop-00840
841,47,13,fiber loft,move,Tovan,patch cloak,0.656283,0.660283,0.509506,0.507506,recover focus,work,position changes but history remains intact,True,True,v58-loop-00841
842,47,14,west hearth,talk,Nia,repair awning,0.63458,0.65458,0.465558,0.439558,work,rest,trust warms and obligation decreases,True,True,v58-loop-00842
843,47,15,river gate,offer_help,Ari,fix bridge peg,0.439745,0.455745,0.261243,0.235243,rest,negotiate debt,trust warms and obligation decreases,True,True,v58-loop-00843
844,47,16,arrival court,borrow_tool,Fay,patch cloak,0.314322,0.294322,0.09447,0.12447,negotiate debt,care duty,work is delayed and debt marker increases,True,False,v58-loop-00844
845,47,17,tool alcove,return_tool,Milo,repair awning,0.338501,0.354501,0.126783,0.100783,seek tool,care duty,trust warms and obligation decreases,True,True,v58-loop-00845
846,48,0,fiber loft,wait_offscreen,Sera,sort herb shelf,0.497517,0.495517,0.48173,0.47573,private task,recover focus,residents continue without avatar,True,True,v58-loop-00846
847,48,1,west hearth,repair_trust,Tovan,map safe route,0.657586,0.677586,0.499949,0.473949,recover focus,work,trust warms and obligation decreases,True,True,v58-loop-00847
848,48,2,river gate,move,Nia,dry seed store,0.650895,0.654895,0.324487,0.322487,work,rest,position changes but history remains intact,True,True,v58-loop-00848
849,48,3,arrival court,talk,Ari,sort herb shelf,0.439477,0.455477,0.125306,0.099306,rest,negotiate debt,trust warms and obligation decreases,True,True,v58-loop-00849
850,48,4,tool alcove,offer_help,Fay,map safe route,0.307462,0.323462,0.095342,0.069342,negotiate debt,seek tool,trust warms and obligation decreases,True,True,v58-loop-00850
851,48,5,rain court,borrow_tool,Milo,dry seed store,0.332711,0.312711,0.263619,0.293619,seek tool,private task,work is delayed and debt marker increases,True,True,v58-loop-00851
852,48,6,fiber loft,return_tool,Sera,sort herb shelf,0.511692,0.531692,0.467137,0.441137,care duty,private task,trust warms and obligation decreases,True,True,v58-loop-00852
853,48,7,west hearth,interrupt_work,Tovan,map safe route,0.659191,0.639191,0.508757,0.538757,private task,work,work is delayed and debt marker increases,True,True,v58-loop-00853
854,48,8,river gate,wait_offscreen,Nia,dry seed store,0.636654,0.634654,0.348166,0.342166,recover focus,work,residents continue without avatar,True,True,v58-loop-00854
855,48,9,arrival court,repair_trust,Ari,sort herb shelf,0.453704,0.469704,0.140918,0.114918,work,rest,trust warms and obligation decreases,True,True,v58-loop-00855
856,48,10,tool alcove,move,Fay,map safe route,0.302797,0.306797,0.087765,0.085765,rest,negotiate debt,position changes but history remains intact,True,True,v58-loop-00856
857,48,11,rain court,talk,Milo,dry seed store,0.365184,0.381184,0.240193,0.214193,negotiate debt,seek tool,trust warms and obligation decreases,True,True,v58-loop-00857
858,48,12,fiber loft,offer_help,Sera,sort herb shelf,0.509323,0.529323,0.450553,0.424553,seek tool,care duty,trust warms and obligation decreases,True,True,v58-loop-00858
859,48,13,west hearth,borrow_tool,Tovan,map safe route,0.653764,0.633764,0.51508,0.54508,care duty,recover focus,work is delayed and debt marker increases,True,True,v58-loop-00859
860,48,14,river gate,return_tool,Nia,dry seed store,0.641282,0.657282,0.37127,0.34527,private task,recover focus,trust warms and obligation decreases,True,True,v58-loop-00860
861,48,15,arrival court,interrupt_work,Ari,sort herb shelf,0.436054,0.416054,0.158425,0.188425,recover focus,rest,work is delayed and debt marker increases,True,True,v58-loop-00861
862,48,16,tool alcove,wait_offscreen,Fay,map safe route,0.32132,0.31932,0.082716,0.076716,work,rest,residents continue without avatar,True,True,v58-loop-00862
863,48,17,rain court,repair_trust,Milo,dry seed store,0.339574,0.355574,0.217479,0.191479,rest,negotiate debt,trust warms and obligation decreases,True,True,v58-loop-00863
864,49,0,west hearth,talk,Sera,patch cloak,0.507166,0.527166,0.519353,0.493353,seek tool,care duty,trust warms and obligation decreases,True,True,v58-loop-00864
865,49,1,river gate,offer_help,Tovan,repair awning,0.639425,0.659425,0.427566,0.401566,care duty,private task,trust warms and obligation decreases,True,True,v58-loop-00865
866,49,2,arrival court,borrow_tool,Nia,fix bridge peg,0.648367,0.628367,0.212213,0.242213,private task,work,work is delayed and debt marker increases,True,True,v58-loop-00866
867,49,3,tool alcove,return_tool,Ari,patch cloak,0.432918,0.448918,0.081895,0.055895,recover focus,work,trust warms and obligation decreases,True,True,v58-loop-00867
868,49,4,rain court,interrupt_work,Fay,repair awning,0.310592,0.290592,0.162844,0.192844,work,negotiate debt,work is delayed and debt marker increases,True,False,v58-loop-00868
869,49,5,fiber loft,wait_offscreen,Milo,fix bridge peg,0.342823,0.344823,0.376649,0.370649,rest,negotiate debt,residents continue without avatar,True,True,v58-loop-00869
870,49,6,west hearth,repair_trust,Sera,patch cloak,0.514232,0.534232,0.516208,0.490208,negotiate debt,seek tool,trust warms and obligation decreases,True,True,v58-loop-00870
871,49,7,river gate,move,Tovan,repair awning,0.648509,0.652509,0.446338,0.444338,seek tool,care duty,position changes but history remains intact,True,True,v58-loop-00871
872,49,8,arrival court,talk,Nia,fix bridge peg,0.635134,0.651134,0.234717,0.208717,care duty,private task,trust warms and obligation decreases,True,True,v58-loop-00872
873,49,9,tool alcove,offer_help,Ari,patch cloak,0.411239,0.427239,0.086333,0.060333,private task,recover focus,trust warms and obligation decreases,True,True,v58-loop-00873
874,49,10,rain court,borrow_tool,Fay,repair awning,0.329684,0.309684,0.144917,0.174917,recover focus,rest,work is delayed and debt marker increases,True,True,v58-loop-00874
875,49,11,fiber loft,return_tool,Milo,fix bridge peg,0.372517,0.388517,0.353722,0.327722,work,rest,trust warms and obligation decreases,True,True,v58-loop-00875
876,49,12,west hearth,interrupt_work,Sera,patch cloak,0.517876,0.497876,0.510489,0.540489,rest,seek tool,work is delayed and debt marker increases,True,False,v58-loop-00876
877,49,13,river gate,wait_offscreen,Tovan,repair awning,0.660342,0.662342,0.463367,0.457367,negotiate debt,seek tool,residents continue without avatar,True,True,v58-loop-00877
878,49,14,arrival court,repair_trust,Nia,fix bridge peg,0.639093,0.655093,0.257999,0.231999,seek tool,care duty,trust warms and obligation decreases,True,True,v58-loop-00878
879,49,15,tool alcove,move,Ari,patch cloak,0.41612,0.42012,0.093316,0.091316,care duty,private task,position changes but history remains intact,True,True,v58-loop-00879
880,49,16,rain court,talk,Fay,repair awning,0.30605,0.32205,0.128837,0.102837,private task,recover focus,trust warms and obligation decreases,True,True,v58-loop-00880
881,49,17,fiber loft,offer_help,Milo,fix bridge peg,0.371617,0.387617,0.330155,0.304155,recover focus,work,trust warms and obligation decreases,True,True,v58-loop-00881
882,50,0,river gate,return_tool,Sera,map safe route,0.525646,0.545646,0.49855,0.47255,rest,negotiate debt,trust warms and obligation decreases,True,True,v58-loop-00882
883,50,1,arrival court,interrupt_work,Tovan,dry seed store,0.646782,0.626782,0.321205,0.351205,negotiate debt,care duty,work is delayed and debt marker increases,True,True,v58-loop-00883
884,50,2,tool alcove,wait_offscreen,Nia,sort herb shelf,0.619173,0.617173,0.12332,0.11732,seek tool,care duty,residents continue without avatar,True,True,v58-loop-00884
885,50,3,rain court,repair_trust,Ari,map safe route,0.415784,0.431784,0.096576,0.070576,care duty,private task,trust warms and obligation decreases,True,True,v58-loop-00885
886,50,4,fiber loft,move,Fay,dry seed store,0.326133,0.330133,0.266878,0.264878,private task,recover focus,position changes but history remains intact,True,True,v58-loop-00886
887,50,5,west hearth,talk,Milo,sort herb shelf,0.357919,0.377919,0.469264,0.443264,recover focus,work,trust warms and obligation decreases,True,True,v58-loop-00887
888,50,6,river gate,offer_help,Sera,map safe route,0.529608,0.549608,0.507693,0.481693,work,rest,trust warms and obligation decreases,True,True,v58-loop-00888
889,50,7,arrival court,borrow_tool,Tovan,dry seed store,0.649851,0.629851,0.34494,0.37494,rest,seek tool,work is delayed and debt marker increases,True,True,v58-loop-00889
890,50,8,tool alcove,return_tool,Nia,sort herb shelf,0.61385,0.62985,0.138657,0.112657,negotiate debt,seek tool,trust warms and obligation decreases,True,True,v58-loop-00890
891,50,9,rain court,interrupt_work,Ari,map safe route,0.430702,0.410702,0.088658,0.118658,seek tool,private task,work is delayed and debt marker increases,True,True,v58-loop-00891
892,50,10,fiber loft,wait_offscreen,Fay,dry seed store,0.310603,0.308603,0.243375,0.237375,care duty,private task,residents continue without avatar,True,True,v58-loop-00892
893,50,11,west hearth,repair_trust,Milo,sort herb shelf,0.363174,0.383174,0.452942,0.426942,private task,recover focus,trust warms and obligation decreases,True,True,v58-loop-00893
894,50,12,river gate,move,Sera,map safe route,0.536044,0.540044,0.514362,0.512362,recover focus,work,position changes but history remains intact,True,True,v58-loop-00894
895,50,13,arrival court,talk,Tovan,dry seed store,0.664666,0.680666,0.36814,0.34214,work,rest,trust warms and obligation decreases,True,True,v58-loop-00895
896,50,14,tool alcove,offer_help,Nia,sort herb shelf,0.609031,0.625031,0.155915,0.129915,rest,negotiate debt,trust warms and obligation decreases,True,True,v58-loop-00896
897,50,15,rain court,borrow_tool,Ari,map safe route,0.408187,0.388187,0.083257,0.113257,negotiate debt,care duty,work is delayed and debt marker increases,True,True,v58-loop-00897
898,50,16,fiber loft,return_tool,Fay,dry seed store,0.305701,0.321701,0.220547,0.194547,seek tool,care duty,trust warms and obligation decreases,True,True,v58-loop-00898
899,50,17,west hearth,interrupt_work,Milo,sort herb shelf,0.352993,0.332993,0.434799,0.464799,care duty,recover focus,work is delayed and debt marker increases,True,True,v58-loop-00899
900,51,0,arrival court,repair_trust,Sera,repair awning,0.55146,0.57146,0.424863,0.398863,recover focus,work,trust warms and obligation decreases,True,True,v58-loop-00900
901,51,1,tool alcove,move,Tovan,fix bridge peg,0.657624,0.661624,0.209197,0.207197,work,rest,position changes but history remains intact,True,True,v58-loop-00901
902,51,2,rain court,talk,Nia,patch cloak,0.633907,0.649907,0.081487,0.055487,rest,negotiate debt,trust warms and obligation decreases,True,True,v58-loop-00902
903,51,3,fiber loft,offer_help,Ari,repair awning,0.415316,0.431316,0.165439,0.139439,negotiate debt,seek tool,trust warms and obligation decreases,True,True,v58-loop-00903
904,51,4,west hearth,borrow_tool,Fay,fix bridge peg,0.311532,0.291532,0.379734,0.409734,seek tool,private task,work is delayed and debt marker increases,True,False,v58-loop-00904
905,51,5,river gate,return_tool,Milo,patch cloak,0.372796,0.392796,0.516794,0.490794,care duty,private task,trust warms and obligation decreases,True,True,v58-loop-00905
906,51,6,arrival court,interrupt_work,Sera,repair awning,0.557466,0.537466,0.443857,0.473857,private task,work,work is delayed and debt marker increases,True,True,v58-loop-00906
907,51,7,tool alcove,wait_offscreen,Tovan,fix bridge peg,0.657068,0.659068,0.231573,0.225573,recover focus,work,residents continue without avatar,True,True,v58-loop-00907
908,51,8,rain court,repair_trust,Nia,patch cloak,0.611505,0.627505,0.085571,0.059571,work,rest,trust warms and obligation decreases,True,True,v58-loop-00908
909,51,9,fiber loft,move,Ari,repair awning,0.393074,0.397074,0.147275,0.145275,rest,negotiate debt,position changes but history remains intact,True,True,v58-loop-00909
910,51,10,west hearth,talk,Fay,fix bridge peg,0.308712,0.324712,0.356916,0.330916,negotiate debt,seek tool,trust warms and obligation decreases,True,True,v58-loop-00910
911,51,11,river gate,offer_help,Milo,patch cloak,0.37713,0.39713,0.511425,0.485425,seek tool,care duty,trust warms and obligation decreases,True,True,v58-loop-00911
912,51,12,arrival court,borrow_tool,Sera,repair awning,0.552147,0.532147,0.461138,0.491138,care duty,recover focus,work is delayed and debt marker increases,True,False,v58-loop-00912
913,51,13,tool alcove,return_tool,Tovan,fix bridge peg,0.671604,0.687604,0.254765,0.228765,private task,recover focus,trust warms and obligation decreases,True,True,v58-loop-00913
914,51,14,rain court,interrupt_work,Nia,patch cloak,0.604707,0.584707,0.092208,0.122208,recover focus,rest,work is delayed and debt marker increases,True,True,v58-loop-00914
915,51,15,fiber loft,wait_offscreen,Ari,repair awning,0.419857,0.421857,0.130929,0.124929,work,rest,residents continue without avatar,True,True,v58-loop-00915
916,51,16,west hearth,repair_trust,Fay,fix bridge peg,0.323588,0.339588,0.33342,0.30742,rest,negotiate debt,trust warms and obligation decreases,True,True,v58-loop-00916
917,51,17,river gate,move,Milo,patch cloak,0.369403,0.373403,0.503539,0.501539,negotiate debt,seek tool,position changes but history remains intact,True,True,v58-loop-00917
918,52,0,tool alcove,offer_help,Sera,dry seed store,0.552377,0.568377,0.317918,0.291918,care duty,private task,trust warms and obligation decreases,True,True,v58-loop-00918
919,52,1,rain court,borrow_tool,Tovan,sort herb shelf,0.674927,0.654927,0.121374,0.151374,private task,work,work is delayed and debt marker increases,True,True,v58-loop-00919
920,52,2,fiber loft,return_tool,Nia,map safe route,0.623138,0.639138,0.097855,0.071855,recover focus,work,trust warms and obligation decreases,True,True,v58-loop-00920
921,52,3,west hearth,interrupt_work,Ari,dry seed store,0.38731,0.36731,0.270144,0.300144,work,negotiate debt,work is delayed and debt marker increases,True,True,v58-loop-00921
922,52,4,river gate,wait_offscreen,Fay,sort herb shelf,0.313964,0.311964,0.471352,0.465352,rest,negotiate debt,residents continue without avatar,True,True,v58-loop-00922
923,52,5,arrival court,repair_trust,Milo,map safe route,0.370221,0.390221,0.506581,0.480581,negotiate debt,seek tool,trust warms and obligation decreases,True,True,v58-loop-00923
924,52,6,tool alcove,move,Sera,dry seed store,0.548673,0.552673,0.341705,0.339705,seek tool,care duty,position changes but history remains intact,True,True,v58-loop-00924
925,52,7,rain court,talk,Tovan,sort herb shelf,0.680764,0.696764,0.136432,0.110432,care duty,private task,trust warms and obligation decreases,True,True,v58-loop-00925
926,52,8,fiber loft,offer_help,Nia,map safe route,0.609951,0.625951,0.089598,0.063598,private task,recover focus,trust warms and obligation decreases,True,True,v58-loop-00926
927,52,9,west hearth,borrow_tool,Ari,dry seed store,0.408593,0.388593,0.24657,0.27657,recover focus,rest,work is delayed and debt marker increases,True,True,v58-loop-00927
928,52,10,river gate,return_tool,Fay,sort herb shelf,0.300493,0.320493,0.455297,0.429297,work,rest,trust warms and obligation decreases,True,True,v58-loop-00928
929,52,11,arrival court,interrupt_work,Milo,map safe route,0.384837,0.364837,0.513595,0.543595,rest,seek tool,work is delayed and debt marker increases,True,True,v58-loop-00929
930,52,12,tool alcove,wait_offscreen,Sera,dry seed store,0.567368,0.565368,0.364995,0.358995,negotiate debt,seek tool,residents continue without avatar,True,True,v58-loop-00930
931,52,13,rain court,repair_trust,Tovan,sort herb shelf,0.659759,0.675759,0.153438,0.127438,seek tool,care duty,trust warms and obligation decreases,True,True,v58-loop-00931
932,52,14,fiber loft,move,Nia,map safe route,0.601602,0.605602,0.083847,0.081847,care duty,private task,position changes but history remains intact,True,True,v58-loop-00932
933,52,15,west hearth,talk,Ari,dry seed store,0.38344,0.39944,0.223633,0.197633,private task,recover focus,trust warms and obligation decreases,True,True,v58-loop-00933
934,52,16,river gate,offer_help,Fay,sort herb shelf,0.291935,0.311935,0.437391,0.411391,recover focus,work,trust warms and obligation decreases,True,True,v58-loop-00934
935,52,17,arrival court,borrow_tool,Milo,map safe route,0.375181,0.355181,0.518066,0.548066,work,negotiate debt,work is delayed and debt marker increases,True,True,v58-loop-00935
936,53,0,rain court,interrupt_work,Sera,fix bridge peg,0.560805,0.540805,0.206201,0.236201,negotiate debt,care duty,work is delayed and debt marker increases,True,False,v58-loop-00936
937,53,1,fiber loft,wait_offscreen,Tovan,patch cloak,0.664896,0.666896,0.081129,0.075129,seek tool,care duty,residents continue without avatar,True,True,v58-loop-00937
938,53,2,west hearth,repair_trust,Nia,repair awning,0.593089,0.609089,0.168065,0.142065,care duty,private task,trust warms and obligation decreases,True,True,v58-loop-00938
939,53,3,river gate,move,Ari,fix bridge peg,0.387204,0.391204,0.3828,0.3808,private task,recover focus,position changes but history remains intact,True,True,v58-loop-00939
940,53,4,arrival court,talk,Fay,patch cloak,0.301588,0.321588,0.517331,0.491331,recover focus,work,trust warms and obligation decreases,True,True,v58-loop-00940
941,53,5,tool alcove,offer_help,Milo,repair awning,0.40199,0.42199,0.441344,0.415344,work,rest,trust warms and obligation decreases,True,True,v58-loop-00941
942,53,6,rain court,borrow_tool,Sera,fix bridge peg,0.57628,0.55628,0.228445,0.258445,rest,seek tool,work is delayed and debt marker increases,True,True,v58-loop-00942
943,53,7,fiber loft,return_tool,Tovan,patch cloak,0.683529,0.699529,0.084857,0.058857,negotiate debt,seek tool,trust warms and obligation decreases,True,True,v58-loop-00943
944,53,8,west hearth,interrupt_work,Nia,repair awning,0.597644,0.577644,0.149667,0.179667,seek tool,private task,work is delayed and debt marker increases,True,False,v58-loop-00944
945,53,9,river gate,wait_offscreen,Ari,fix bridge peg,0.372477,0.374477,0.360097,0.354097,care duty,private task,residents continue without avatar,True,True,v58-loop-00945
946,53,10,arrival court,repair_trust,Fay,patch cloak,0.299114,0.319114,0.512314,0.486314,private task,recover focus,trust warms and obligation decreases,True,True,v58-loop-00946
947,53,11,tool alcove,move,Milo,repair awning,0.397244,0.401244,0.458873,0.456873,recover focus,work,position changes but history remains intact,True,True,v58-loop-00947
948,53,12,rain court,talk,Sera,fix bridge peg,0.586636,0.602636,0.25154,0.22554,work,rest,trust warms and obligation decreases,True,True,v58-loop-00948
949,53,13,fiber loft,offer_help,Tovan,patch cloak,0.673022,0.689022,0.091148,0.065148,rest,negotiate debt,trust warms and obligation decreases,True,True,v58-loop-00949
950,53,14,west hearth,borrow_tool,Nia,repair awning,0.603801,0.583801,0.133059,0.163059,negotiate debt,care duty,work is delayed and debt marker increases,True,True,v58-loop-00950
951,53,15,river gate,return_tool,Ari,fix bridge peg,0.382522,0.398522,0.336678,0.310678,seek tool,care duty,trust warms and obligation decreases,True,True,v58-loop-00951
952,53,16,arrival court,interrupt_work,Fay,patch cloak,0.31601,0.29601,0.504768,0.534768,care duty,recover focus,work is delayed and debt marker increases,True,False,v58-loop-00952
953,53,17,tool alcove,wait_offscreen,Milo,repair awning,0.399132,0.401132,0.47451,0.46851,private task,recover focus,residents continue without avatar,True,True,v58-loop-00953
954,54,0,fiber loft,move,Sera,sort herb shelf,0.580265,0.584265,0.119468,0.117468,work,rest,position changes but history remains intact,True,True,v58-loop-00954
955,54,1,west hearth,talk,Tovan,map safe route,0.655561,0.671561,0.09918,0.07318,rest,negotiate debt,trust warms and obligation decreases,True,True,v58-loop-00955
956,54,2,river gate,offer_help,Nia,dry seed store,0.575992,0.591992,0.273416,0.247416,negotiate debt,seek tool,trust warms and obligation decreases,True,True,v58-loop-00956
957,54,3,arrival court,borrow_tool,Ari,sort herb shelf,0.355875,0.335875,0.473403,0.503403,seek tool,private task,work is delayed and debt marker increases,True,True,v58-loop-00957
958,54,4,tool alcove,return_tool,Fay,map safe route,0.299985,0.319985,0.505423,0.479423,care duty,private task,trust warms and obligation decreases,True,True,v58-loop-00958
959,54,5,rain court,interrupt_work,Milo,dry seed store,0.39673,0.37673,0.33846,0.36846,private task,work,work is delayed and debt marker increases,True,True,v58-loop-00959
960,54,6,fiber loft,wait_offscreen,Sera,sort herb shelf,0.578398,0.576398,0.134243,0.128243,recover focus,work,residents continue without avatar,True,True,v58-loop-00960
961,54,7,west hearth,repair_trust,Tovan,map safe route,0.682268,0.698268,0.090586,0.064586,work,rest,trust warms and obligation decreases,True,True,v58-loop-00961
962,54,8,river gate,move,Nia,dry seed store,0.584954,0.588954,0.249777,0.247777,rest,negotiate debt,position changes but history remains intact,True,True,v58-loop-00962
963,54,9,arrival court,talk,Ari,sort herb shelf,0.361776,0.381776,0.457617,0.431617,negotiate debt,seek tool,trust warms and obligation decreases,True,True,v58-loop-00963
964,54,10,tool alcove,offer_help,Fay,map safe route,0.307903,0.327903,0.512781,0.486781,seek tool,care duty,trust warms and obligation decreases,True,True,v58-loop-00964
965,54,11,rain court,borrow_tool,Milo,dry seed store,0.41111,0.39111,0.361835,0.391835,care duty,recover focus,work is delayed and debt marker increases,True,True,v58-loop-00965
966,54,12,fiber loft,return_tool,Sera,sort herb shelf,0.595657,0.611657,0.150993,0.124993,private task,recover focus,trust warms and obligation decreases,True,True,v58-loop-00966
967,54,13,west hearth,interrupt_work,Tovan,map safe route,0.680852,0.660852,0.084486,0.114486,recover focus,rest,work is delayed and debt marker increases,True,True,v58-loop-00967
968,54,14,river gate,wait_offscreen,Nia,dry seed store,0.601738,0.599738,0.226736,0.220736,work,rest,residents continue without avatar,True,True,v58-loop-00968
969,54,15,arrival court,repair_trust,Ari,sort herb shelf,0.364182,0.384182,0.439953,0.413953,rest,negotiate debt,trust warms and obligation decreases,True,True,v58-loop-00969
970,54,16,tool alcove,move,Fay,map safe route,0.298557,0.302557,0.517605,0.515605,negotiate debt,seek tool,position changes but history remains intact,True,True,v58-loop-00970
971,54,17,rain court,talk,Milo,dry seed store,0.41318,0.42918,0.384474,0.358474,seek tool,care duty,trust warms and obligation decreases,True,True,v58-loop-00971
972,55,0,west hearth,borrow_tool,Sera,patch cloak,0.584583,0.564583,0.080819,0.110819,private task,work,work is delayed and debt marker increases,True,False,v58-loop-00972
973,55,1,river gate,return_tool,Tovan,repair awning,0.681305,0.697305,0.170721,0.144721,recover focus,work,trust warms and obligation decreases,True,True,v58-loop-00973
974,55,2,arrival court,interrupt_work,Nia,fix bridge peg,0.587122,0.567122,0.385848,0.415848,work,negotiate debt,work is delayed and debt marker increases,True,True,v58-loop-00974
975,55,3,tool alcove,wait_offscreen,Ari,patch cloak,0.350718,0.352718,0.517819,0.511819,rest,negotiate debt,residents continue without avatar,True,True,v58-loop-00975
976,55,4,rain court,repair_trust,Fay,repair awning,0.2978,0.3178,0.4388,0.4128,negotiate debt,seek tool,trust warms and obligation decreases,True,True,v58-loop-00976
977,55,5,fiber loft,move,Milo,fix bridge peg,0.432181,0.436181,0.225332,0.223332,seek tool,care duty,position changes but history remains intact,True,True,v58-loop-00977
978,55,6,west hearth,talk,Sera,patch cloak,0.606844,0.622844,0.084192,0.058192,care duty,private task,trust warms and obligation decreases,True,True,v58-loop-00978
979,55,7,river gate,offer_help,Tovan,repair awning,0.678297,0.694297,0.152093,0.126093,private task,recover focus,trust warms and obligation decreases,True,True,v58-loop-00979
980,55,8,arrival court,borrow_tool,Nia,fix bridge peg,0.59403,0.57403,0.363265,0.393265,recover focus,rest,work is delayed and debt marker increases,True,False,v58-loop-00980
981,55,9,tool alcove,return_tool,Ari,patch cloak,0.352847,0.372847,0.513155,0.487155,work,rest,trust warms and obligation decreases,True,True,v58-loop-00981
982,55,10,rain court,interrupt_work,Fay,repair awning,0.321938,0.301938,0.456573,0.486573,rest,seek tool,work is delayed and debt marker increases,True,True,v58-loop-00982
983,55,11,fiber loft,wait_offscreen,Milo,fix bridge peg,0.425341,0.427341,0.248327,0.242327,negotiate debt,seek tool,residents continue without avatar,True,True,v58-loop-00983
984,55,12,west hearth,repair_trust,Sera,patch cloak,0.58894,0.60494,0.090134,0.064134,seek tool,care duty,trust warms and obligation decreases,True,True,v58-loop-00984
985,55,13,river gate,move,Tovan,repair awning,0.663286,0.667286,0.135227,0.133227,care duty,private task,position changes but history remains intact,True,True,v58-loop-00985
986,55,14,arrival court,talk,Nia,fix bridge peg,0.571867,0.587867,0.339927,0.313927,private task,recover focus,trust warms and obligation decreases,True,True,v58-loop-00986
987,55,15,tool alcove,offer_help,Ari,patch cloak,0.358787,0.378787,0.505952,0.479952,recover focus,work,trust warms and obligation decreases,True,True,v58-loop-00987
988,55,16,rain court,borrow_tool,Fay,repair awning,0.318417,0.298417,0.472481,0.502481,work,negotiate debt,work is delayed and debt marker increases,True,False,v58-loop-00988
989,55,17,fiber loft,return_tool,Milo,fix bridge peg,0.406742,0.422742,0.271937,0.245937,rest,negotiate debt,trust warms and obligation decreases,True,True,v58-loop-00989
990,56,0,river gate,wait_offscreen,Sera,map safe route,0.593704,0.591704,0.10055,0.09455,seek tool,care duty,residents continue without avatar,True,True,v58-loop-00990
991,56,1,arrival court,repair_trust,Tovan,dry seed store,0.678794,0.694794,0.276695,0.250695,care duty,private task,trust warms and obligation decreases,True,True,v58-loop-00991
992,56,2,tool alcove,move,Nia,sort herb shelf,0.564011,0.568011,0.475414,0.473414,private task,recover focus,position changes but history remains intact,True,True,v58-loop-00992
993,56,3,rain court,talk,Ari,map safe route,0.345942,0.365942,0.504219,0.478219,recover focus,work,trust warms and obligation decreases,True,True,v58-loop-00993
994,56,4,fiber loft,offer_help,Fay,dry seed store,0.306408,0.322408,0.335207,0.309207,work,rest,trust warms and obligation decreases,True,True,v58-loop-00994
995,56,5,west hearth,borrow_tool,Milo,sort herb shelf,0.443799,0.423799,0.132092,0.162092,rest,seek tool,work is delayed and debt marker increases,True,True,v58-loop-00995
996,56,6,river gate,return_tool,Sera,map safe route,0.599842,0.615842,0.091621,0.065621,negotiate debt,seek tool,trust warms and obligation decreases,True,True,v58-loop-00996
997,56,7,arrival court,interrupt_work,Tovan,dry seed store,0.662978,0.642978,0.252996,0.282996,seek tool,private task,work is delayed and debt marker increases,True,True,v58-loop-00997
998,56,8,tool alcove,wait_offscreen,Nia,sort herb shelf,0.571882,0.569882,0.459901,0.453901,care duty,private task,residents continue without avatar,True,True,v58-loop-00998
999,56,9,rain court,repair_trust,Ari,map safe route,0.355278,0.375278,0.511918,0.485918,private task,recover focus,trust warms and obligation decreases,True,True,v58-loop-00999
1000,56,10,fiber loft,move,Fay,dry seed store,0.316784,0.320784,0.358661,0.356661,recover focus,work,position changes but history remains intact,True,True,v58-loop-01000
1001,56,11,west hearth,talk,Milo,sort herb shelf,0.420468,0.436468,0.148582,0.122582,work,rest,trust warms and obligation decreases,True,True,v58-loop-01001
1002,56,12,river gate,offer_help,Sera,map safe route,0.614296,0.630296,0.085174,0.059174,rest,negotiate debt,trust warms and obligation decreases,True,True,v58-loop-01002
1003,56,13,arrival court,borrow_tool,Tovan,dry seed store,0.674403,0.654403,0.229856,0.259856,negotiate debt,care duty,work is delayed and debt marker increases,True,True,v58-loop-01003
1004,56,14,tool alcove,return_tool,Nia,sort herb shelf,0.572911,0.592911,0.442484,0.416484,seek tool,care duty,trust warms and obligation decreases,True,True,v58-loop-01004
1005,56,15,rain court,interrupt_work,Ari,map safe route,0.354679,0.334679,0.517094,0.547094,care duty,recover focus,work is delayed and debt marker increases,True,True,v58-loop-01005
1006,56,16,fiber loft,wait_offscreen,Fay,dry seed store,0.314473,0.312473,0.381417,0.375417,private task,recover focus,residents continue without avatar,True,True,v58-loop-01006
1007,56,17,west hearth,repair_trust,Milo,sort herb shelf,0.424257,0.440257,0.166875,0.140875,recover focus,work,trust warms and obligation decreases,True,True,v58-loop-01007
1008,57,0,arrival court,talk,Sera,repair awning,0.601865,0.617865,0.173405,0.147405,rest,negotiate debt,trust warms and obligation decreases,True,True,v58-loop-01008
1009,57,1,tool alcove,offer_help,Tovan,fix bridge peg,0.656803,0.672803,0.388877,0.362877,negotiate debt,seek tool,trust warms and obligation decreases,True,True,v58-loop-01009
1010,57,2,rain court,borrow_tool,Nia,patch cloak,0.540501,0.520501,0.518258,0.548258,seek tool,private task,work is delayed and debt marker increases,True,True,v58-loop-01010
1011,57,3,fiber loft,return_tool,Ari,repair awning,0.354362,0.374362,0.436224,0.410224,care duty,private task,trust warms and obligation decreases,True,True,v58-loop-01011
1012,57,4,west hearth,interrupt_work,Fay,fix bridge peg,0.324809,0.304809,0.222237,0.252237,private task,work,work is delayed and debt marker increases,True,False,v58-loop-01012
1013,57,5,river gate,wait_offscreen,Milo,patch cloak,0.462333,0.464333,0.083575,0.077575,recover focus,work,residents continue without avatar,True,True,v58-loop-01013
1014,57,6,arrival court,repair_trust,Sera,repair awning,0.617994,0.633994,0.154553,0.128553,work,rest,trust warms and obligation decreases,True,True,v58-loop-01014
1015,57,7,tool alcove,move,Tovan,fix bridge peg,0.680443,0.684443,0.366418,0.364418,rest,negotiate debt,position changes but history remains intact,True,True,v58-loop-01015
1016,57,8,rain court,talk,Nia,patch cloak,0.543038,0.563038,0.513947,0.487947,negotiate debt,seek tool,trust warms and obligation decreases,True,True,v58-loop-01016
1017,57,9,fiber loft,offer_help,Ari,repair awning,0.339384,0.359384,0.454237,0.428237,seek tool,care duty,trust warms and obligation decreases,True,True,v58-loop-01017
1018,57,10,west hearth,borrow_tool,Fay,fix bridge peg,0.334551,0.314551,0.245125,0.275125,care duty,recover focus,work is delayed and debt marker increases,True,True,v58-loop-01018
1019,57,11,river gate,return_tool,Milo,patch cloak,0.449287,0.465287,0.089168,0.063168,private task,recover focus,trust warms and obligation decreases,True,True,v58-loop-01019
1020,57,12,arrival court,interrupt_work,Sera,repair awning,0.599971,0.579971,0.137432,0.167432,recover focus,rest,work is delayed and debt marker increases,True,False,v58-loop-01020
1021,57,13,tool alcove,wait_offscreen,Tovan,fix bridge peg,0.665255,0.667255,0.343168,0.337168,work,rest,residents continue without avatar,True,True,v58-loop-01021
1022,57,14,rain court,repair_trust,Nia,patch cloak,0.541232,0.561232,0.507089,0.481089,rest,negotiate debt,trust warms and obligation decreases,True,True,v58-loop-01022
1023,57,15,fiber loft,move,Ari,repair awning,0.362558,0.366558,0.470414,0.468414,negotiate debt,seek tool,position changes but history remains intact,True,True,v58-loop-01023
1024,57,16,west hearth,talk,Fay,fix bridge peg,0.307785,0.323785,0.268667,0.242667,seek tool,care duty,trust warms and obligation decreases,True,True,v58-loop-01024
1025,57,17,river gate,offer_help,Milo,patch cloak,0.429638,0.445638,0.097272,0.071272,care duty,private task,trust warms and obligation decreases,True,True,v58-loop-01025
1026,58,0,tool alcove,return_tool,Sera,dry seed store,0.635039,0.651039,0.279979,0.253979,recover focus,work,trust warms and obligation decreases,True,True,v58-loop-01026
1027,58,1,rain court,interrupt_work,Tovan,sort herb shelf,0.666545,0.646545,0.477386,0.507386,work,negotiate debt,work is delayed and debt marker increases,True,True,v58-loop-01027
1028,58,2,fiber loft,wait_offscreen,Nia,map safe route,0.556797,0.554797,0.502968,0.496968,rest,negotiate debt,residents continue without avatar,True,True,v58-loop-01028
1029,58,3,west hearth,repair_trust,Ari,dry seed store,0.342199,0.358199,0.331946,0.305946,negotiate debt,seek tool,trust warms and obligation decreases,True,True,v58-loop-01029
1030,58,4,river gate,move,Fay,sort herb shelf,0.311541,0.315541,0.129979,0.127979,seek tool,care duty,position changes but history remains intact,True,True,v58-loop-01030
1031,58,5,arrival court,talk,Milo,map safe route,0.456958,0.472958,0.092703,0.066703,care duty,private task,trust warms and obligation decreases,True,True,v58-loop-01031
1032,58,6,tool alcove,offer_help,Sera,dry seed store,0.625738,0.641738,0.256225,0.230225,private task,recover focus,trust warms and obligation decreases,True,True,v58-loop-01032
1033,58,7,rain court,borrow_tool,Tovan,sort herb shelf,0.655548,0.635548,0.462149,0.492149,recover focus,rest,work is delayed and debt marker increases,True,True,v58-loop-01033
1034,58,8,fiber loft,return_tool,Nia,map safe route,0.529069,0.549069,0.511008,0.485008,work,rest,trust warms and obligation decreases,True,True,v58-loop-01034
1035,58,9,west hearth,interrupt_work,Ari,dry seed store,0.336964,0.316964,0.355474,0.385474,rest,seek tool,work is delayed and debt marker increases,True,True,v58-loop-01035
1036,58,10,river gate,wait_offscreen,Fay,sort herb shelf,0.320495,0.318495,0.146205,0.140205,negotiate debt,seek tool,residents continue without avatar,True,True,v58-loop-01036
1037,58,11,arrival court,repair_trust,Milo,map safe route,0.473359,0.489359,0.085909,0.059909,seek tool,care duty,trust warms and obligation decreases,True,True,v58-loop-01037
1038,58,12,tool alcove,move,Sera,dry seed store,0.624166,0.628166,0.232992,0.230992,care duty,private task,position changes but history remains intact,True,True,v58-loop-01038
1039,58,13,rain court,talk,Tovan,sort herb shelf,0.659052,0.679052,0.444982,0.418982,private task,recover focus,trust warms and obligation decreases,True,True,v58-loop-01039
1040,58,14,fiber loft,offer_help,Nia,map safe route,0.525148,0.545148,0.516536,0.490536,recover focus,work,trust warms and obligation decreases,True,True,v58-loop-01040
1041,58,15,west hearth,borrow_tool,Ari,dry seed store,0.330558,0.310558,0.378343,0.408343,work,negotiate debt,work is delayed and debt marker increases,True,True,v58-loop-01041
1042,58,16,river gate,return_tool,Fay,sort herb shelf,0.320542,0.336542,0.164263,0.138263,rest,negotiate debt,trust warms and obligation decreases,True,True,v58-loop-01042
1043,58,17,arrival court,interrupt_work,Milo,map safe route,0.453939,0.433939,0.081665,0.111665,negotiate debt,care duty,work is delayed and debt marker increases,True,True,v58-loop-01043
1044,59,0,rain court,repair_trust,Sera,fix bridge peg,0.637365,0.653365,0.391885,0.365885,care duty,private task,trust warms and obligation decreases,True,True,v58-loop-01044
1045,59,1,fiber loft,move,Tovan,patch cloak,0.66757,0.67157,0.518648,0.516648,private task,recover focus,position changes but history remains intact,True,True,v58-loop-01045
1046,59,2,west hearth,talk,Nia,repair awning,0.519715,0.539715,0.433617,0.407617,recover focus,work,trust warms and obligation decreases,True,True,v58-loop-01046
1047,59,3,river gate,offer_help,Ari,fix bridge peg,0.34507,0.36107,0.219159,0.193159,work,rest,trust warms and obligation decreases,True,True,v58-loop-01047
1048,59,4,arrival court,borrow_tool,Fay,patch cloak,0.341339,0.321339,0.083007,0.113007,rest,seek tool,work is delayed and debt marker increases,True,False,v58-loop-01048
1049,59,5,tool alcove,return_tool,Milo,repair awning,0.463474,0.479474,0.157045,0.131045,negotiate debt,seek tool,trust warms and obligation decreases,True,True,v58-loop-01049
1050,59,6,rain court,interrupt_work,Sera,fix bridge peg,0.632132,0.612132,0.369556,0.399556,seek tool,private task,work is delayed and debt marker increases,True,True,v58-loop-01050
1051,59,7,fiber loft,wait_offscreen,Tovan,patch cloak,0.674197,0.676197,0.514692,0.508692,care duty,private task,residents continue without avatar,True,True,v58-loop-01051
1052,59,8,west hearth,repair_trust,Nia,repair awning,0.530629,0.550629,0.451867,0.425867,private task,recover focus,trust warms and obligation decreases,True,True,v58-loop-01052
1053,59,9,river gate,move,Ari,fix bridge peg,0.330834,0.334834,0.241936,0.239936,recover focus,work,position changes but history remains intact,True,True,v58-loop-01053
1054,59,10,arrival court,talk,Fay,patch cloak,0.315556,0.331556,0.088249,0.062249,work,rest,trust warms and obligation decreases,True,True,v58-loop-01054
1055,59,11,tool alcove,offer_help,Milo,repair awning,0.456487,0.472487,0.139674,0.113674,rest,negotiate debt,trust warms and obligation decreases,True,True,v58-loop-01055
1056,59,12,rain court,borrow_tool,Sera,fix bridge peg,0.638169,0.618169,0.346399,0.376399,negotiate debt,care duty,work is delayed and debt marker increases,True,False,v58-loop-01056
1057,59,13,fiber loft,return_tool,Tovan,patch cloak,0.645837,0.665837,0.508179,0.482179,seek tool,care duty,trust warms and obligation decreases,True,True,v58-loop-01057
1058,59,14,west hearth,interrupt_work,Nia,repair awning,0.517731,0.497731,0.468307,0.498307,care duty,recover focus,work is delayed and debt marker increases,True,True,v58-loop-01058
1059,59,15,river gate,wait_offscreen,Ari,fix bridge peg,0.333999,0.335999,0.265405,0.259405,private task,recover focus,residents continue without avatar,True,True,v58-loop-01059
1060,59,16,arrival court,repair_trust,Fay,patch cloak,0.343276,0.359276,0.096013,0.070013,recover focus,work,trust warms and obligation decreases,True,True,v58-loop-01060
1061,59,17,tool alcove,move,Milo,repair awning,0.469934,0.473934,0.124213,0.122213,work,rest,position changes but history remains intact,True,True,v58-loop-01061
1062,60,0,fiber loft,offer_help,Sera,sort herb shelf,0.644138,0.664138,0.479318,0.453318,negotiate debt,seek tool,trust warms and obligation decreases,True,True,v58-loop-01062
1063,60,1,west hearth,borrow_tool,Tovan,map safe route,0.65168,0.63168,0.501672,0.531672,seek tool,private task,work is delayed and debt marker increases,True,True,v58-loop-01063
1064,60,2,river gate,return_tool,Nia,dry seed store,0.505368,0.521368,0.328677,0.302677,care duty,private task,trust warms and obligation decreases,True,True,v58-loop-01064
1065,60,3,arrival court,interrupt_work,Ari,sort herb shelf,0.338639,0.318639,0.127904,0.157904,private task,work,work is delayed and debt marker increases,True,True,v58-loop-01065
1066,60,4,tool alcove,wait_offscreen,Fay,map safe route,0.33751,0.33551,0.093831,0.087831,recover focus,work,residents continue without avatar,True,True,v58-loop-01066
1067,60,5,rain court,repair_trust,Milo,dry seed store,0.484968,0.500968,0.259464,0.233464,work,rest,trust warms and obligation decreases,True,True,v58-loop-01067
1068,60,6,fiber loft,move,Sera,sort herb shelf,0.630871,0.634871,0.464361,0.462361,rest,negotiate debt,position changes but history remains intact,True,True,v58-loop-01068
1069,60,7,west hearth,talk,Tovan,map safe route,0.642349,0.662349,0.510051,0.484051,negotiate debt,seek tool,trust warms and obligation decreases,True,True,v58-loop-01069
1070,60,8,river gate,offer_help,Nia,dry seed store,0.505878,0.521878,0.352275,0.326275,seek tool,care duty,trust warms and obligation decreases,True,True,v58-loop-01070
1071,60,9,arrival court,borrow_tool,Ari,sort herb shelf,0.32719,0.30719,0.143863,0.173863,care duty,recover focus,work is delayed and debt marker increases,True,True,v58-loop-01071
1072,60,10,tool alcove,return_tool,Fay,map safe route,0.344735,0.360735,0.086693,0.060693,private task,recover focus,trust warms and obligation decreases,True,True,v58-loop-01072
1073,60,11,rain court,interrupt_work,Milo,dry seed store,0.49828,0.47828,0.236142,0.266142,recover focus,rest,work is delayed and debt marker increases,True,True,v58-loop-01073
1074,60,12,fiber loft,wait_offscreen,Sera,sort herb shelf,0.645807,0.643807,0.447447,0.441447,work,rest,residents continue without avatar,True,True,v58-loop-01074
1075,60,13,west hearth,repair_trust,Tovan,map safe route,0.637677,0.657677,0.515928,0.489928,rest,negotiate debt,trust warms and obligation decreases,True,True,v58-loop-01075
1076,60,14,river gate,move,Nia,dry seed store,0.511238,0.515238,0.37525,0.37325,negotiate debt,seek tool,position changes but history remains intact,True,True,v58-loop-01076
1077,60,15,arrival court,talk,Ari,sort herb shelf,0.314554,0.330554,0.161682,0.135682,seek tool,care duty,trust warms and obligation decreases,True,True,v58-loop-01077
1078,60,16,tool alcove,offer_help,Fay,map safe route,0.318284,0.334284,0.082095,0.056095,care duty,private task,trust warms and obligation decreases,True,True,v58-loop-01078
1079,60,17,rain court,borrow_tool,Milo,dry seed store,0.475214,0.455214,0.213582,0.243582,private task,work,work is delayed and debt marker increases,True,True,v58-loop-01079
1080,61,0,west hearth,interrupt_work,Sera,patch cloak,0.651678,0.631678,0.518989,0.548989,work,negotiate debt,work is delayed and debt marker increases,True,False,v58-loop-01080
1081,61,1,river gate,wait_offscreen,Tovan,repair awning,0.663839,0.665839,0.430981,0.424981,rest,negotiate debt,residents continue without avatar,True,True,v58-loop-01081
1082,61,2,arrival court,repair_trust,Nia,fix bridge peg,0.500307,0.516307,0.216099,0.190099,negotiate debt,seek tool,trust warms and obligation decreases,True,True,v58-loop-01082
1083,61,3,tool alcove,move,Ari,patch cloak,0.310653,0.314653,0.082487,0.080487,seek tool,care duty,position changes but history remains intact,True,True,v58-loop-01083
1084,61,4,rain court,talk,Fay,repair awning,0.325447,0.341447,0.159569,0.133569,care duty,private task,trust warms and obligation decreases,True,True,v58-loop-01084
1085,61,5,fiber loft,offer_help,Milo,fix bridge peg,0.481742,0.497742,0.372679,0.346679,private task,recover focus,trust warms and obligation decreases,True,True,v58-loop-01085
1086,61,6,west hearth,borrow_tool,Sera,patch cloak,0.654814,0.634814,0.515388,0.545388,recover focus,rest,work is delayed and debt marker increases,True,True,v58-loop-01086
1087,61,7,river gate,return_tool,Tovan,repair awning,0.649386,0.669386,0.449462,0.423462,work,rest,trust warms and obligation decreases,True,True,v58-loop-01087
1088,61,8,arrival court,interrupt_work,Nia,fix bridge peg,0.495848,0.475848,0.23876,0.26876,rest,seek tool,work is delayed and debt marker increases,True,False,v58-loop-01088
1089,61,9,tool alcove,wait_offscreen,Ari,patch cloak,0.307717,0.309717,0.087378,0.081378,negotiate debt,seek tool,residents continue without avatar,True,True,v58-loop-01089
1090,61,10,rain court,repair_trust,Fay,repair awning,0.344307,0.360307,0.141952,0.115952,seek tool,care duty,trust warms and obligation decreases,True,True,v58-loop-01090
1091,61,11,fiber loft,move,Milo,fix bridge peg,0.513347,0.517347,0.349619,0.347619,care duty,private task,position changes but history remains intact,True,True,v58-loop-01091
1092,61,12,west hearth,talk,Sera,patch cloak,0.652832,0.672832,0.509223,0.483223,private task,recover focus,trust warms and obligation decreases,True,True,v58-loop-01092
1093,61,13,river gate,offer_help,Tovan,repair awning,0.663779,0.683779,0.466163,0.440163,recover focus,work,trust warms and obligation decreases,True,True,v58-loop-01093
1094,61,14,arrival court,borrow_tool,Nia,fix bridge peg,0.519639,0.499639,0.26215,0.29215,work,negotiate debt,work is delayed and debt marker increases,True,True,v58-loop-01094
1095,61,15,tool alcove,return_tool,Ari,patch cloak,0.335499,0.351499,0.0948,0.0688,rest,negotiate debt,trust warms and obligation decreases,True,True,v58-loop-01095
1096,61,16,rain court,interrupt_work,Fay,repair awning,0.355522,0.335522,0.126217,0.156217,negotiate debt,care duty,work is delayed and debt marker increases,True,False,v58-loop-01096
1097,61,17,fiber loft,wait_offscreen,Milo,fix bridge peg,0.483088,0.485088,0.325968,0.319968,seek tool,care duty,residents continue without avatar,True,True,v58-loop-01097
1098,62,0,river gate,move,Sera,map safe route,0.641238,0.645238,0.500331,0.498331,private task,recover focus,position changes but history remains intact,True,True,v58-loop-01098
1099,62,1,arrival court,talk,Tovan,dry seed store,0.645706,0.661706,0.325402,0.299402,recover focus,work,trust warms and obligation decreases,True,True,v58-loop-01099
1100,62,2,tool alcove,offer_help,Nia,sort herb shelf,0.474479,0.490479,0.125868,0.099868,work,rest,trust warms and obligation decreases,True,True,v58-loop-01100
1101,62,3,rain court,borrow_tool,Ari,map safe route,0.300072,0.280072,0.095006,0.125006,rest,seek tool,work is delayed and debt marker increases,True,True,v58-loop-01101
1102,62,4,fiber loft,return_tool,Fay,dry seed store,0.363949,0.379949,0.262711,0.236711,negotiate debt,seek tool,trust warms and obligation decreases,True,True,v58-loop-01102
1103,62,5,west hearth,interrupt_work,Milo,sort herb shelf,0.520355,0.500355,0.466536,0.496536,seek tool,private task,work is delayed and debt marker increases,True,True,v58-loop-01103
1104,62,6,river gate,wait_offscreen,Sera,map safe route,0.653067,0.651067,0.509046,0.503046,care duty,private task,residents continue without avatar,True,True,v58-loop-01104
1105,62,7,arrival court,repair_trust,Tovan,dry seed store,0.658157,0.674157,0.349064,0.323064,private task,recover focus,trust warms and obligation decreases,True,True,v58-loop-01105
1106,62,8,tool alcove,move,Nia,sort herb shelf,0.476927,0.480927,0.141556,0.139556,recover focus,work,position changes but history remains intact,True,True,v58-loop-01106
1107,62,9,rain court,talk,Ari,map safe route,0.299173,0.315173,0.087525,0.061525,work,rest,trust warms and obligation decreases,True,True,v58-loop-01107
1108,62,10,fiber loft,offer_help,Fay,dry seed store,0.345735,0.361735,0.239307,0.213307,rest,negotiate debt,trust warms and obligation decreases,True,True,v58-loop-01108
1109,62,11,west hearth,borrow_tool,Milo,sort herb shelf,0.52283,0.50283,0.44988,0.47988,negotiate debt,care duty,work is delayed and debt marker increases,True,True,v58-loop-01109
1110,62,12,river gate,return_tool,Sera,map safe route,0.632657,0.652657,0.515272,0.489272,seek tool,care duty,trust warms and obligation decreases,True,True,v58-loop-01110
1111,62,13,arrival court,interrupt_work,Tovan,dry seed store,0.638232,0.618232,0.372141,0.402141,care duty,recover focus,work is delayed and debt marker increases,True,True,v58-loop-01111
1112,62,14,tool alcove,wait_offscreen,Nia,sort herb shelf,0.495536,0.493536,0.159131,0.153131,private task,recover focus,residents continue without avatar,True,True,v58-loop-01112
1113,62,15,rain court,repair_trust,Ari,map safe route,0.321963,0.337963,0.082574,0.056574,recover focus,work,trust warms and obligation decreases,True,True,v58-loop-01113
1114,62,16,fiber loft,move,Fay,dry seed store,0.354488,0.358488,0.216626,0.214626,work,rest,position changes but history remains intact,True,True,v58-loop-01114
1115,62,17,west hearth,talk,Milo,sort herb shelf,0.52282,0.54282,0.431438,0.405438,rest,negotiate debt,trust warms and obligation decreases,True,True,v58-loop-01115
1116,63,0,arrival court,borrow_tool,Sera,repair awning,0.653734,0.633734,0.428315,0.458315,seek tool,private task,work is delayed and debt marker increases,True,False,v58-loop-01116
1117,63,1,tool alcove,return_tool,Tovan,fix bridge peg,0.632216,0.648216,0.213058,0.187058,care duty,private task,trust warms and obligation decreases,True,True,v58-loop-01117
1118,63,2,rain court,interrupt_work,Nia,patch cloak,0.477986,0.457986,0.082017,0.112017,private task,work,work is delayed and debt marker increases,True,True,v58-loop-01118
1119,63,3,fiber loft,wait_offscreen,Ari,repair awning,0.316857,0.318857,0.162125,0.156125,recover focus,work,residents continue without avatar,True,True,v58-loop-01119
1120,63,4,west hearth,repair_trust,Fay,fix bridge peg,0.357961,0.373961,0.375786,0.349786,work,rest,trust warms and obligation decreases,True,True,v58-loop-01120
1121,63,5,river gate,move,Milo,patch cloak,0.509621,0.513621,0.516036,0.514036,rest,negotiate debt,position changes but history remains intact,True,True,v58-loop-01121
1122,63,6,arrival court,talk,Sera,repair awning,0.665556,0.685556,0.447024,0.421024,negotiate debt,seek tool,trust warms and obligation decreases,True,True,v58-loop-01122
1123,63,7,tool alcove,offer_help,Tovan,fix bridge peg,0.641985,0.657985,0.235597,0.209597,seek tool,care duty,trust warms and obligation decreases,True,True,v58-loop-01123
1124,63,8,rain court,borrow_tool,Nia,patch cloak,0.480714,0.460714,0.086554,0.116554,care duty,recover focus,work is delayed and debt marker increases,True,False,v58-loop-01124
1125,63,9,fiber loft,return_tool,Ari,repair awning,0.322854,0.338854,0.144265,0.118265,private task,recover focus,trust warms and obligation decreases,True,True,v58-loop-01125
1126,63,10,west hearth,interrupt_work,Fay,fix bridge peg,0.352216,0.332216,0.352828,0.382828,recover focus,rest,work is delayed and debt marker increases,True,True,v58-loop-01126
1127,63,11,river gate,wait_offscreen,Milo,patch cloak,0.514524,0.516524,0.51022,0.50422,work,rest,residents continue without avatar,True,True,v58-loop-01127
1128,63,12,arrival court,repair_trust,Sera,repair awning,0.666983,0.686983,0.463982,0.437982,rest,negotiate debt,trust warms and obligation decreases,True,True,v58-loop-01128
1129,63,13,tool alcove,move,Tovan,fix bridge peg,0.648509,0.652509,0.258903,0.256903,negotiate debt,seek tool,position changes but history remains intact,True,True,v58-loop-01129
1130,63,14,rain court,talk,Nia,patch cloak,0.494838,0.510838,0.093633,0.067633,seek tool,care duty,trust warms and obligation decreases,True,True,v58-loop-01130
1131,63,15,fiber loft,offer_help,Ari,repair awning,0.30411,0.32011,0.12826,0.10226,care duty,private task,trust warms and obligation decreases,True,True,v58-loop-01131
1132,63,16,west hearth,borrow_tool,Fay,fix bridge peg,0.356136,0.336136,0.329242,0.359242,private task,work,work is delayed and debt marker increases,True,False,v58-loop-01132
1133,63,17,river gate,return_tool,Milo,patch cloak,0.504117,0.524117,0.501899,0.475899,recover focus,work,trust warms and obligation decreases,True,True,v58-loop-01133
1134,64,0,tool alcove,wait_offscreen,Sera,dry seed store,0.655648,0.653648,0.322122,0.316122,rest,negotiate debt,residents continue without avatar,True,True,v58-loop-01134
1135,64,1,rain court,repair_trust,Tovan,sort herb shelf,0.625319,0.641319,0.12387,0.09787,negotiate debt,seek tool,trust warms and obligation decreases,True,True,v58-loop-01135
1136,64,2,fiber loft,move,Nia,map safe route,0.454472,0.458472,0.096227,0.094227,seek tool,care duty,position changes but history remains intact,True,True,v58-loop-01136
1137,64,3,west hearth,talk,Ari,dry seed store,0.298366,0.314366,0.265968,0.239968,care duty,private task,trust warms and obligation decreases,True,True,v58-loop-01137
1138,64,4,river gate,offer_help,Fay,sort herb shelf,0.354357,0.374357,0.468674,0.442674,private task,recover focus,trust warms and obligation decreases,True,True,v58-loop-01138
1139,64,5,arrival court,borrow_tool,Milo,map safe route,0.521634,0.501634,0.507994,0.537994,recover focus,rest,work is delayed and debt marker increases,True,True,v58-loop-01139
1140,64,6,tool alcove,return_tool,Sera,dry seed store,0.660034,0.676034,0.345841,0.319841,work,rest,trust warms and obligation decreases,True,True,v58-loop-01140
1141,64,7,rain court,interrupt_work,Tovan,sort herb shelf,0.633334,0.613334,0.139284,0.169284,rest,seek tool,work is delayed and debt marker increases,True,True,v58-loop-01141
1142,64,8,fiber loft,wait_offscreen,Nia,map safe route,0.474514,0.472514,0.088404,0.082404,negotiate debt,seek tool,residents continue without avatar,True,True,v58-loop-01142
1143,64,9,west hearth,repair_trust,Ari,dry seed store,0.298471,0.314471,0.242486,0.216486,seek tool,care duty,trust warms and obligation decreases,True,True,v58-loop-01143
1144,64,10,river gate,move,Fay,sort herb shelf,0.352527,0.356527,0.452279,0.450279,care duty,private task,position changes but history remains intact,True,True,v58-loop-01144
1145,64,11,arrival court,talk,Milo,map safe route,0.522295,0.542295,0.514567,0.488567,private task,recover focus,trust warms and obligation decreases,True,True,v58-loop-01145
1146,64,12,tool alcove,offer_help,Sera,dry seed store,0.654587,0.670587,0.369015,0.343015,recover focus,work,trust warms and obligation decreases,True,True,v58-loop-01146
1147,64,13,rain court,borrow_tool,Tovan,sort herb shelf,0.624396,0.604396,0.156612,0.186612,work,negotiate debt,work is delayed and debt marker increases,True,True,v58-loop-01147
1148,64,14,fiber loft,return_tool,Nia,map safe route,0.483099,0.499099,0.083101,0.057101,rest,negotiate debt,trust warms and obligation decreases,True,True,v58-loop-01148
1149,64,15,west hearth,interrupt_work,Ari,dry seed store,0.32288,0.30288,0.219689,0.249689,negotiate debt,care duty,work is delayed and debt marker increases,True,True,v58-loop-01149
1150,64,16,river gate,wait_offscreen,Fay,sort herb shelf,0.374829,0.372829,0.43407,0.42807,seek tool,care duty,residents continue without avatar,True,True,v58-loop-01150
1151,64,17,arrival court,repair_trust,Milo,map safe route,0.526172,0.546172,0.518584,0.492584,care duty,private task,trust warms and obligation decreases,True,True,v58-loop-01151
1152,65,0,rain court,talk,Sera,fix bridge peg,0.674726,0.690726,0.210036,0.184036,recover focus,work,trust warms and obligation decreases,True,True,v58-loop-01152
1153,65,1,fiber loft,offer_help,Tovan,patch cloak,0.611953,0.627953,0.081596,0.055596,work,rest,trust warms and obligation decreases,True,True,v58-loop-01153
1154,65,2,west hearth,borrow_tool,Nia,repair awning,0.460652,0.440652,0.164712,0.194712,rest,seek tool,work is delayed and debt marker increases,True,True,v58-loop-01154
1155,65,3,river gate,return_tool,Ari,fix bridge peg,0.315371,0.331371,0.378875,0.352875,negotiate debt,seek tool,trust warms and obligation decreases,True,True,v58-loop-01155
1156,65,4,arrival court,interrupt_work,Fay,patch cloak,0.384711,0.364711,0.516636,0.546636,seek tool,private task,work is delayed and debt marker increases,True,False,v58-loop-01156
1157,65,5,tool alcove,wait_offscreen,Milo,repair awning,0.550141,0.552141,0.444553,0.438553,care duty,private task,residents continue without avatar,True,True,v58-loop-01157
1158,65,6,rain court,repair_trust,Sera,fix bridge peg,0.660772,0.676772,0.232449,0.206449,private task,recover focus,trust warms and obligation decreases,True,True,v58-loop-01158
1159,65,7,fiber loft,move,Tovan,patch cloak,0.627366,0.631366,0.085779,0.083779,recover focus,work,position changes but history remains intact,True,True,v58-loop-01159
1160,65,8,west hearth,talk,Nia,repair awning,0.439938,0.455938,0.146613,0.120613,work,rest,trust warms and obligation decreases,True,True,v58-loop-01160
1161,65,9,river gate,offer_help,Ari,fix bridge peg,0.324404,0.340404,0.356026,0.330026,rest,negotiate debt,trust warms and obligation decreases,True,True,v58-loop-01161
1162,65,10,arrival court,borrow_tool,Fay,patch cloak,0.389071,0.369071,0.511169,0.541169,negotiate debt,care duty,work is delayed and debt marker increases,True,True,v58-loop-01162
1163,65,11,tool alcove,return_tool,Milo,repair awning,0.534786,0.554786,0.461764,0.435764,seek tool,care duty,trust warms and obligation decreases,True,True,v58-loop-01163
1164,65,12,rain court,interrupt_work,Sera,fix bridge peg,0.667681,0.647681,0.255666,0.285666,care duty,recover focus,work is delayed and debt marker increases,True,False,v58-loop-01164
1165,65,13,fiber loft,wait_offscreen,Tovan,patch cloak,0.631061,0.633061,0.092513,0.086513,private task,recover focus,residents continue without avatar,True,True,v58-loop-01165
1166,65,14,west hearth,repair_trust,Nia,repair awning,0.462586,0.478586,0.130341,0.104341,recover focus,work,trust warms and obligation decreases,True,True,v58-loop-01166
1167,65,15,river gate,move,Ari,fix bridge peg,0.297354,0.301354,0.33251,0.33051,work,rest,position changes but history remains intact,True,True,v58-loop-01167
1168,65,16,arrival court,talk,Fay,patch cloak,0.360127,0.380127,0.503187,0.477187,rest,negotiate debt,trust warms and obligation decreases,True,True,v58-loop-01168
1169,65,17,tool alcove,offer_help,Milo,repair awning,0.546289,0.566289,0.477048,0.451048,negotiate debt,seek tool,trust warms and obligation decreases,True,True,v58-loop-01169
1170,66,0,fiber loft,return_tool,Sera,sort herb shelf,0.682428,0.698428,0.121913,0.095913,care duty,private task,trust warms and obligation decreases,True,True,v58-loop-01170
1171,66,1,west hearth,interrupt_work,Tovan,map safe route,0.619574,0.599574,0.097494,0.127494,private task,work,work is delayed and debt marker increases,True,True,v58-loop-01171
1172,66,2,river gate,wait_offscreen,Nia,dry seed store,0.452917,0.450917,0.269232,0.263232,recover focus,work,residents continue without avatar,True,True,v58-loop-01172
1173,66,3,arrival court,repair_trust,Ari,sort herb shelf,0.320129,0.340129,0.470773,0.444773,work,rest,trust warms and obligation decreases,True,True,v58-loop-01173
1174,66,4,tool alcove,move,Fay,map safe route,0.381338,0.385338,0.506896,0.504896,rest,negotiate debt,position changes but history remains intact,True,True,v58-loop-01174
1175,66,5,rain court,talk,Milo,dry seed store,0.56735,0.58335,0.342609,0.316609,negotiate debt,seek tool,trust warms and obligation decreases,True,True,v58-loop-01175
1176,66,6,fiber loft,offer_help,Sera,sort herb shelf,0.653777,0.669777,0.137049,0.111049,seek tool,care duty,trust warms and obligation decreases,True,True,v58-loop-01176
1177,66,7,west hearth,borrow_tool,Tovan,map safe route,0.595757,0.575757,0.089331,0.119331,care duty,recover focus,work is delayed and debt marker increases,True,True,v58-loop-01177
1178,66,8,river gate,return_tool,Nia,dry seed store,0.43864,0.45464,0.245678,0.219678,private task,recover focus,trust warms and obligation decreases,True,True,v58-loop-01178
1179,66,9,arrival court,interrupt_work,Ari,sort herb shelf,0.305383,0.285383,0.454643,0.484643,recover focus,rest,work is delayed and debt marker increases,True,True,v58-loop-01179
1180,66,10,tool alcove,wait_offscreen,Fay,map safe route,0.383461,0.381461,0.513814,0.507814,work,rest,residents continue without avatar,True,True,v58-loop-01180
1181,66,11,rain court,repair_trust,Milo,dry seed store,0.554728,0.570728,0.365874,0.339874,rest,negotiate debt,trust warms and obligation decreases,True,True,v58-loop-01181
1182,66,12,fiber loft,move,Sera,sort herb shelf,0.664317,0.668317,0.154126,0.152126,negotiate debt,seek tool,position changes but history remains intact,True,True,v58-loop-01182
1183,66,13,west hearth,talk,Tovan,map safe route,0.601084,0.617084,0.083678,0.057678,seek tool,care duty,trust warms and obligation decreases,True,True,v58-loop-01183
1184,66,14,river gate,offer_help,Nia,dry seed store,0.444492,0.460492,0.22277,0.19677,care duty,private task,trust warms and obligation decreases,True,True,v58-loop-01184
1185,66,15,arrival court,borrow_tool,Ari,sort herb shelf,0.321913,0.301913,0.436671,0.466671,private task,work,work is delayed and debt marker increases,True,True,v58-loop-01185
1186,66,16,tool alcove,return_tool,Fay,map safe route,0.386773,0.406773,0.518186,0.492186,recover focus,work,trust warms and obligation decreases,True,True,v58-loop-01186
1187,66,17,rain court,interrupt_work,Milo,dry seed store,0.570909,0.550909,0.388355,0.418355,work,negotiate debt,work is delayed and debt marker increases,True,True,v58-loop-01187
1188,67,0,west hearth,repair_trust,Sera,patch cloak,0.682283,0.698283,0.081224,0.055224,negotiate debt,seek tool,trust warms and obligation decreases,True,True,v58-loop-01188
1189,67,1,river gate,move,Tovan,repair awning,0.585907,0.589907,0.16733,0.16533,seek tool,care duty,position changes but history remains intact,True,True,v58-loop-01189
1190,67,2,arrival court,talk,Nia,fix bridge peg,0.427142,0.443142,0.381947,0.355947,care duty,private task,trust warms and obligation decreases,True,True,v58-loop-01190
1191,67,3,tool alcove,offer_help,Ari,patch cloak,0.31419,0.33419,0.517186,0.491186,private task,recover focus,trust warms and obligation decreases,True,True,v58-loop-01191
1192,67,4,rain court,borrow_tool,Fay,repair awning,0.385198,0.365198,0.442049,0.472049,recover focus,rest,work is delayed and debt marker increases,True,False,v58-loop-01192
1193,67,5,fiber loft,return_tool,Milo,fix bridge peg,0.571239,0.587239,0.229316,0.203316,work,rest,trust warms and obligation decreases,True,True,v58-loop-01193
1194,67,6,west hearth,interrupt_work,Sera,patch cloak,0.652891,0.632891,0.085051,0.115051,rest,seek tool,work is delayed and debt marker increases,True,True,v58-loop-01194
1195,67,7,river gate,wait_offscreen,Tovan,repair awning,0.593437,0.595437,0.148996,0.142996,negotiate debt,seek tool,residents continue without avatar,True,True,v58-loop-01195
1196,67,8,arrival court,repair_trust,Nia,fix bridge peg,0.441722,0.457722,0.359211,0.333211,seek tool,care duty,trust warms and obligation decreases,True,True,v58-loop-01196
1197,67,9,tool alcove,move,Ari,patch cloak,0.30661,0.31061,0.512071,0.510071,care duty,private task,position changes but history remains intact,True,True,v58-loop-01197
1198,67,10,rain court,talk,Fay,repair awning,0.414592,0.434592,0.459509,0.433509,private task,recover focus,trust warms and obligation decreases,True,True,v58-loop-01198
1199,67,11,fiber loft,offer_help,Milo,fix bridge peg,0.555211,0.571211,0.252439,0.226439,recover focus,work,trust warms and obligation decreases,True,True,v58-loop-01199
1200,67,12,west hearth,borrow_tool,Sera,patch cloak,0.674521,0.654521,0.091439,0.121439,work,negotiate debt,work is delayed and debt marker increases,True,False,v58-loop-01200
1201,67,13,river gate,return_tool,Tovan,repair awning,0.608789,0.624789,0.132461,0.106461,rest,negotiate debt,trust warms and obligation decreases,True,True,v58-loop-01201
1202,67,14,arrival court,interrupt_work,Nia,fix bridge peg,0.432838,0.412838,0.33577,0.36577,negotiate debt,care duty,work is delayed and debt marker increases,True,True,v58-loop-01202
1203,67,15,tool alcove,wait_offscreen,Ari,patch cloak,0.297211,0.299211,0.50443,0.49843,seek tool,care duty,residents continue without avatar,True,True,v58-loop-01203
1204,67,16,rain court,repair_trust,Fay,repair awning,0.398957,0.418957,0.47507,0.44907,care duty,private task,trust warms and obligation decreases,True,True,v58-loop-01204
1205,67,17,fiber loft,move,Milo,fix bridge peg,0.564494,0.568494,0.276128,0.274128,private task,recover focus,position changes but history remains intact,True,True,v58-loop-01205
1206,68,0,river gate,offer_help,Sera,map safe route,0.668975,0.684975,0.098806,0.072806,work,rest,trust warms and obligation decreases,True,True,v58-loop-01206
1207,68,1,arrival court,borrow_tool,Tovan,dry seed store,0.599845,0.579845,0.272503,0.302503,rest,seek tool,work is delayed and debt marker increases,True,True,v58-loop-01207
1208,68,2,tool alcove,return_tool,Nia,sort herb shelf,0.420136,0.440136,0.472835,0.446835,negotiate debt,seek tool,trust warms and obligation decreases,True,True,v58-loop-01208
1209,68,3,rain court,interrupt_work,Ari,map safe route,0.304729,0.284729,0.505751,0.535751,seek tool,private task,work is delayed and debt marker increases,True,True,v58-loop-01209
1210,68,4,fiber loft,wait_offscreen,Fay,dry seed store,0.403962,0.401962,0.339367,0.333367,care duty,private task,residents continue without avatar,True,True,v58-loop-01210
1211,68,5,west hearth,repair_trust,Milo,sort herb shelf,0.593686,0.609686,0.13485,0.10885,private task,recover focus,trust warms and obligation decreases,True,True,v58-loop-01211
1212,68,6,river gate,move,Sera,map safe route,0.66854,0.67254,0.090306,0.088306,recover focus,work,position changes but history remains intact,True,True,v58-loop-01212
1213,68,7,arrival court,talk,Tovan,dry seed store,0.597368,0.613368,0.248881,0.222881,work,rest,trust warms and obligation decreases,True,True,v58-loop-01213
1214,68,8,tool alcove,offer_help,Nia,sort herb shelf,0.407632,0.427632,0.456973,0.430973,rest,negotiate debt,trust warms and obligation decreases,True,True,v58-loop-01214
1215,68,9,rain court,borrow_tool,Ari,map safe route,0.308209,0.288209,0.513013,0.543013,negotiate debt,care duty,work is delayed and debt marker increases,True,True,v58-loop-01215
1216,68,10,fiber loft,return_tool,Fay,dry seed store,0.424417,0.440417,0.362718,0.336718,seek tool,care duty,trust warms and obligation decreases,True,True,v58-loop-01216
1217,68,11,west hearth,interrupt_work,Milo,sort herb shelf,0.595225,0.575225,0.151672,0.181672,care duty,recover focus,work is delayed and debt marker increases,True,True,v58-loop-01217
1218,68,12,river gate,wait_offscreen,Sera,map safe route,0.653199,0.651199,0.084303,0.078303,private task,recover focus,residents continue without avatar,True,True,v58-loop-01218
1219,68,13,arrival court,repair_trust,Tovan,dry seed store,0.573153,0.589153,0.225869,0.199869,recover focus,work,trust warms and obligation decreases,True,True,v58-loop-01219
1220,68,14,tool alcove,move,Nia,sort herb shelf,0.411025,0.415025,0.439242,0.437242,work,rest,position changes but history remains intact,True,True,v58-loop-01220
1221,68,15,rain court,talk,Ari,map safe route,0.302947,0.322947,0.517738,0.491738,rest,negotiate debt,trust warms and obligation decreases,True,True,v58-loop-01221
1222,68,16,fiber loft,offer_help,Fay,dry seed store,0.41444,0.43044,0.385323,0.359323,negotiate debt,seek tool,trust warms and obligation decreases,True,True,v58-loop-01222
1223,68,17,west hearth,borrow_tool,Milo,sort herb shelf,0.587182,0.567182,0.17026,0.20026,seek tool,private task,work is delayed and debt marker increases,True,True,v58-loop-01223
1224,69,0,arrival court,interrupt_work,Sera,repair awning,0.665001,0.645001,0.169977,0.199977,private task,work,work is delayed and debt marker increases,True,False,v58-loop-01224
1225,69,1,tool alcove,wait_offscreen,Tovan,fix bridge peg,0.591298,0.593298,0.385,0.379,recover focus,work,residents continue without avatar,True,True,v58-loop-01225
1226,69,2,rain court,repair_trust,Nia,patch cloak,0.417037,0.437037,0.517688,0.491688,work,rest,trust warms and obligation decreases,True,True,v58-loop-01226
1227,69,3,fiber loft,move,Ari,repair awning,0.327262,0.331262,0.439513,0.437513,rest,negotiate debt,position changes but history remains intact,True,True,v58-loop-01227
1228,69,4,west hearth,talk,Fay,fix bridge peg,0.432775,0.448775,0.226199,0.200199,negotiate debt,seek tool,trust warms and obligation decreases,True,True,v58-loop-01228
1229,69,5,river gate,offer_help,Milo,patch cloak,0.579333,0.595333,0.084372,0.058372,seek tool,care duty,trust warms and obligation decreases,True,True,v58-loop-01229
1230,69,6,arrival court,borrow_tool,Sera,repair awning,0.665154,0.645154,0.151413,0.181413,care duty,recover focus,work is delayed and debt marker increases,True,True,v58-loop-01230
1231,69,7,tool alcove,return_tool,Tovan,fix bridge peg,0.57053,0.58653,0.362382,0.336382,private task,recover focus,trust warms and obligation decreases,True,True,v58-loop-01231
1232,69,8,rain court,interrupt_work,Nia,patch cloak,0.413706,0.393706,0.512925,0.542925,recover focus,rest,work is delayed and debt marker increases,True,False,v58-loop-01232
1233,69,9,fiber loft,wait_offscreen,Ari,repair awning,0.298925,0.300925,0.457218,0.451218,work,rest,residents continue without avatar,True,True,v58-loop-01233
1234,69,10,west hearth,repair_trust,Fay,fix bridge peg,0.409489,0.425489,0.249223,0.223223,rest,negotiate debt,trust warms and obligation decreases,True,True,v58-loop-01234
1235,69,11,river gate,move,Milo,patch cloak,0.589829,0.593829,0.090412,0.088412,negotiate debt,seek tool,position changes but history remains intact,True,True,v58-loop-01235
1236,69,12,arrival court,talk,Sera,repair awning,0.65074,0.66674,0.134619,0.108619,seek tool,care duty,trust warms and obligation decreases,True,True,v58-loop-01236
1237,69,13,tool alcove,offer_help,Tovan,fix bridge peg,0.593882,0.609882,0.339021,0.313021,care duty,private task,trust warms and obligation decreases,True,True,v58-loop-01237
1238,69,14,rain court,borrow_tool,Nia,patch cloak,0.420109,0.400109,0.505626,0.535626,private task,work,work is delayed and debt marker increases,True,True,v58-loop-01238
1239,69,15,fiber loft,return_tool,Ari,repair awning,0.311683,0.331683,0.473051,0.447051,recover focus,work,trust warms and obligation decreases,True,True,v58-loop-01239
1240,69,16,west hearth,interrupt_work,Fay,fix bridge peg,0.424301,0.404301,0.272851,0.302851,work,negotiate debt,work is delayed and debt marker increases,True,False,v58-loop-01240
1241,69,17,river gate,wait_offscreen,Milo,patch cloak,0.600086,0.602086,0.098948,0.092948,rest,negotiate debt,residents continue without avatar,True,True,v58-loop-01241
1242,70,0,tool alcove,move,Sera,dry seed store,0.65269,0.65669,0.27578,0.27378,seek tool,care duty,position changes but history remains intact,True,True,v58-loop-01242
1243,70,1,rain court,talk,Tovan,sort herb shelf,0.558166,0.578166,0.474857,0.448857,care duty,private task,trust warms and obligation decreases,True,True,v58-loop-01243
1244,70,2,fiber loft,offer_help,Nia,map safe route,0.400794,0.420794,0.504559,0.478559,private task,recover focus,trust warms and obligation decreases,True,True,v58-loop-01244
1245,70,3,west hearth,borrow_tool,Ari,dry seed store,0.326037,0.306037,0.336116,0.366116,recover focus,rest,work is delayed and debt marker increases,True,True,v58-loop-01245
1246,70,4,river gate,return_tool,Fay,sort herb shelf,0.429595,0.445595,0.132689,0.106689,work,rest,trust warms and obligation decreases,True,True,v58-loop-01246
1247,70,5,arrival court,interrupt_work,Milo,map safe route,0.593304,0.573304,0.091328,0.121328,rest,seek tool,work is delayed and debt marker increases,True,True,v58-loop-01247
1248,70,6,tool alcove,wait_offscreen,Sera,dry seed store,0.650378,0.648378,0.252097,0.246097,negotiate debt,seek tool,residents continue without avatar,True,True,v58-loop-01248
1249,70,7,rain court,repair_trust,Tovan,sort herb shelf,0.568147,0.588147,0.459267,0.433267,seek tool,care duty,trust warms and obligation decreases,True,True,v58-loop-01249
1250,70,8,fiber loft,move,Nia,map safe route,0.393473,0.397473,0.512164,0.510164,care duty,private task,position changes but history remains intact,True,True,v58-loop-01250
1251,70,9,west hearth,talk,Ari,dry seed store,0.323598,0.339598,0.359548,0.333548,private task,recover focus,trust warms and obligation decreases,True,True,v58-loop-01251
1252,70,10,river gate,offer_help,Fay,sort herb shelf,0.436414,0.452414,0.149251,0.123251,recover focus,work,trust warms and obligation decreases,True,True,v58-loop-01252
1253,70,11,arrival court,borrow_tool,Milo,map safe route,0.5965,0.5765,0.084977,0.114977,work,negotiate debt,work is delayed and debt marker increases,True,True,v58-loop-01253
1254,70,12,tool alcove,return_tool,Sera,dry seed store,0.671911,0.687911,0.228984,0.202984,rest,negotiate debt,trust warms and obligation decreases,True,True,v58-loop-01254
1255,70,13,rain court,interrupt_work,Tovan,sort herb shelf,0.564548,0.544548,0.441781,0.471781,negotiate debt,care duty,work is delayed and debt marker increases,True,True,v58-loop-01255
1256,70,14,fiber loft,wait_offscreen,Nia,map safe route,0.383565,0.381565,0.517242,0.511242,seek tool,care duty,residents continue without avatar,True,True,v58-loop-01256
1257,70,15,west hearth,repair_trust,Ari,dry seed store,0.303452,0.319452,0.382272,0.356272,care duty,private task,trust warms and obligation decreases,True,True,v58-loop-01257
1258,70,16,river gate,move,Fay,sort herb shelf,0.438842,0.442842,0.16761,0.16561,private task,recover focus,position changes but history remains intact,True,True,v58-loop-01258
1259,70,17,arrival court,talk,Milo,map safe route,0.609884,0.625884,0.081187,0.055187,recover focus,work,trust warms and obligation decreases,True,True,v58-loop-01259
1260,71,0,rain court,borrow_tool,Sera,fix bridge peg,0.672016,0.652016,0.388034,0.418034,rest,seek tool,work is delayed and debt marker increases,True,False,v58-loop-01260
1261,71,1,fiber loft,return_tool,Tovan,patch cloak,0.56743,0.58743,0.51814,0.49214,negotiate debt,seek tool,trust warms and obligation decreases,True,True,v58-loop-01261
1262,71,2,west hearth,interrupt_work,Nia,repair awning,0.378572,0.358572,0.436946,0.466946,seek tool,private task,work is delayed and debt marker increases,True,True,v58-loop-01262
1263,71,3,river gate,wait_offscreen,Ari,fix bridge peg,0.312233,0.314233,0.223099,0.217099,care duty,private task,residents continue without avatar,True,True,v58-loop-01263
1264,71,4,arrival court,repair_trust,Fay,patch cloak,0.429505,0.445505,0.083742,0.057742,private task,recover focus,trust warms and obligation decreases,True,True,v58-loop-01264
1265,71,5,tool alcove,move,Milo,repair awning,0.611127,0.615127,0.153863,0.151863,recover focus,work,position changes but history remains intact,True,True,v58-loop-01265
1266,71,6,rain court,talk,Sera,fix bridge peg,0.655254,0.671254,0.36554,0.33954,work,rest,trust warms and obligation decreases,True,True,v58-loop-01266
1267,71,7,fiber loft,offer_help,Tovan,patch cloak,0.544163,0.564163,0.513731,0.487731,rest,negotiate debt,trust warms and obligation decreases,True,True,v58-loop-01267
1268,71,8,west hearth,borrow_tool,Nia,repair awning,0.370221,0.350221,0.454892,0.484892,negotiate debt,care duty,work is delayed and debt marker increases,True,False,v58-loop-01268
1269,71,9,river gate,return_tool,Ari,fix bridge peg,0.300163,0.316163,0.246017,0.220017,seek tool,care duty,trust warms and obligation decreases,True,True,v58-loop-01269
1270,71,10,arrival court,interrupt_work,Fay,patch cloak,0.457526,0.437526,0.089433,0.119433,care duty,recover focus,work is delayed and debt marker increases,True,True,v58-loop-01270
1271,71,11,tool alcove,wait_offscreen,Milo,repair awning,0.622081,0.624081,0.136813,0.130813,private task,recover focus,residents continue without avatar,True,True,v58-loop-01271
1272,71,12,rain court,repair_trust,Sera,fix bridge peg,0.669564,0.685564,0.342265,0.316265,recover focus,work,trust warms and obligation decreases,True,True,v58-loop-01272
1273,71,13,fiber loft,move,Tovan,patch cloak,0.544425,0.548425,0.506776,0.504776,work,rest,position changes but history remains intact,True,True,v58-loop-01273
1274,71,14,west hearth,talk,Nia,repair awning,0.395267,0.415267,0.470994,0.444994,rest,negotiate debt,trust warms and obligation decreases,True,True,v58-loop-01274
1275,71,15,river gate,offer_help,Ari,fix bridge peg,0.302232,0.318232,0.269579,0.243579,negotiate debt,seek tool,trust warms and obligation decreases,True,True,v58-loop-01275
1276,71,16,arrival court,borrow_tool,Fay,patch cloak,0.444585,0.424585,0.097631,0.127631,seek tool,private task,work is delayed and debt marker increases,True,False,v58-loop-01276
1277,71,17,tool alcove,return_tool,Milo,repair awning,0.604916,0.620916,0.121707,0.095707,care duty,private task,trust warms and obligation decreases,True,True,v58-loop-01277
1278,72,0,fiber loft,wait_offscreen,Sera,sort herb shelf,0.653229,0.651229,0.47684,0.47084,recover focus,work,residents continue without avatar,True,True,v58-loop-01278
1279,72,1,west hearth,repair_trust,Tovan,map safe route,0.557967,0.577967,0.503322,0.477322,work,rest,trust warms and obligation decreases,True,True,v58-loop-01279
1280,72,2,river gate,move,Nia,dry seed store,0.377494,0.381494,0.332856,0.330856,rest,negotiate debt,position changes but history remains intact,True,True,v58-loop-01280
1281,72,3,arrival court,talk,Ari,sort herb shelf,0.312146,0.328146,0.130565,0.104565,negotiate debt,seek tool,trust warms and obligation decreases,True,True,v58-loop-01281
1282,72,4,tool alcove,offer_help,Fay,map safe route,0.459255,0.475255,0.092396,0.066396,seek tool,care duty,trust warms and obligation decreases,True,True,v58-loop-01282
1283,72,5,rain court,borrow_tool,Milo,dry seed store,0.618226,0.598226,0.255323,0.285323,care duty,recover focus,work is delayed and debt marker increases,True,True,v58-loop-01283
1284,72,6,fiber loft,return_tool,Sera,sort herb shelf,0.666779,0.686779,0.461526,0.435526,private task,recover focus,trust warms and obligation decreases,True,True,v58-loop-01284
1285,72,7,west hearth,interrupt_work,Tovan,map safe route,0.548852,0.528852,0.511267,0.541267,recover focus,rest,work is delayed and debt marker increases,True,True,v58-loop-01285
1286,72,8,river gate,wait_offscreen,Nia,dry seed store,0.38254,0.38054,0.356365,0.350365,work,rest,residents continue without avatar,True,True,v58-loop-01286
1287,72,9,arrival court,repair_trust,Ari,sort herb shelf,0.334418,0.350418,0.146865,0.120865,rest,negotiate debt,trust warms and obligation decreases,True,True,v58-loop-01287
1288,72,10,tool alcove,move,Fay,map safe route,0.454678,0.458678,0.085699,0.083699,negotiate debt,seek tool,position changes but history remains intact,True,True,v58-loop-01288
1289,72,11,rain court,talk,Milo,dry seed store,0.60308,0.61908,0.232115,0.206115,seek tool,care duty,trust warms and obligation decreases,True,True,v58-loop-01289
1290,72,12,fiber loft,offer_help,Sera,sort herb shelf,0.652649,0.672649,0.444288,0.418288,care duty,private task,trust warms and obligation decreases,True,True,v58-loop-01290
1291,72,13,west hearth,borrow_tool,Tovan,map safe route,0.554516,0.534516,0.516696,0.546696,private task,work,work is delayed and debt marker increases,True,True,v58-loop-01291
1292,72,14,river gate,return_tool,Nia,dry seed store,0.382231,0.398231,0.379202,0.353202,recover focus,work,trust warms and obligation decreases,True,True,v58-loop-01292
1293,72,15,arrival court,interrupt_work,Ari,sort herb shelf,0.306621,0.286621,0.164989,0.194989,work,negotiate debt,work is delayed and debt marker increases,True,True,v58-loop-01293
1294,72,16,tool alcove,wait_offscreen,Fay,map safe route,0.447916,0.445916,0.081554,0.075554,rest,negotiate debt,residents continue without avatar,True,True,v58-loop-01294
1295,72,17,rain court,repair_trust,Milo,dry seed store,0.623291,0.639291,0.209716,0.183716,negotiate debt,seek tool,trust warms and obligation decreases,True,True,v58-loop-01295
1296,73,0,west hearth,talk,Sera,patch cloak,0.6432,0.6632,0.518544,0.492544,care duty,private task,trust warms and obligation decreases,True,True,v58-loop-01296
1297,73,1,river gate,offer_help,Tovan,repair awning,0.519545,0.539545,0.434348,0.408348,private task,recover focus,trust warms and obligation decreases,True,True,v58-loop-01297
1298,73,2,arrival court,borrow_tool,Nia,fix bridge peg,0.353403,0.333403,0.220016,0.250016,recover focus,rest,work is delayed and debt marker increases,True,True,v58-loop-01298
1299,73,3,tool alcove,return_tool,Ari,patch cloak,0.31355,0.32955,0.08316,0.05716,work,rest,trust warms and obligation decreases,True,True,v58-loop-01299
1300,73,4,rain court,interrupt_work,Fay,repair awning,0.484708,0.464708,0.156346,0.186346,rest,seek tool,work is delayed and debt marker increases,True,False,v58-loop-01300
1301,73,5,fiber loft,wait_offscreen,Milo,fix bridge peg,0.644832,0.646832,0.368682,0.362682,negotiate debt,seek tool,residents continue without avatar,True,True,v58-loop-01301
1302,73,6,west hearth,repair_trust,Sera,patch cloak,0.670668,0.690668,0.514489,0.488489,seek tool,care duty,trust warms and obligation decreases,True,True,v58-loop-01302
1303,73,7,river gate,move,Tovan,repair awning,0.530005,0.534005,0.452532,0.450532,care duty,private task,position changes but history remains intact,True,True,v58-loop-01303
1304,73,8,arrival court,talk,Nia,fix bridge peg,0.363028,0.379028,0.242825,0.216825,private task,recover focus,trust warms and obligation decreases,True,True,v58-loop-01304
1305,73,9,tool alcove,offer_help,Ari,patch cloak,0.31409,0.33009,0.0885,0.0625,recover focus,work,trust warms and obligation decreases,True,True,v58-loop-01305
1306,73,10,rain court,borrow_tool,Fay,repair awning,0.459039,0.439039,0.139045,0.169045,work,negotiate debt,work is delayed and debt marker increases,True,True,v58-loop-01306
1307,73,11,fiber loft,return_tool,Milo,fix bridge peg,0.626163,0.642163,0.345498,0.319498,rest,negotiate debt,trust warms and obligation decreases,True,True,v58-loop-01307
1308,73,12,west hearth,interrupt_work,Sera,patch cloak,0.663939,0.643939,0.50788,0.53788,negotiate debt,care duty,work is delayed and debt marker increases,True,False,v58-loop-01308
1309,73,13,river gate,wait_offscreen,Tovan,repair awning,0.514531,0.516531,0.468899,0.462899,seek tool,care duty,residents continue without avatar,True,True,v58-loop-01309
1310,73,14,arrival court,repair_trust,Nia,fix bridge peg,0.366741,0.382741,0.266314,0.240314,care duty,private task,trust warms and obligation decreases,True,True,v58-loop-01310
1311,73,15,tool alcove,move,Ari,patch cloak,0.332118,0.336118,0.096359,0.094359,private task,recover focus,position changes but history remains intact,True,True,v58-loop-01311
1312,73,16,rain court,talk,Fay,repair awning,0.457503,0.473503,0.123661,0.097661,recover focus,work,trust warms and obligation decreases,True,True,v58-loop-01312
1313,73,17,fiber loft,offer_help,Milo,fix bridge peg,0.637354,0.653354,0.321773,0.295773,work,rest,trust warms and obligation decreases,True,True,v58-loop-01313
1314,74,0,river gate,return_tool,Sera,map safe route,0.664789,0.684789,0.502038,0.476038,negotiate debt,seek tool,trust warms and obligation decreases,True,True,v58-loop-01314
1315,74,1,arrival court,interrupt_work,Tovan,dry seed store,0.525294,0.505294,0.32959,0.35959,seek tool,private task,work is delayed and debt marker increases,True,True,v58-loop-01315
1316,74,2,tool alcove,wait_offscreen,Nia,sort herb shelf,0.371301,0.369301,0.128479,0.122479,care duty,private task,residents continue without avatar,True,True,v58-loop-01316
1317,74,3,rain court,repair_trust,Ari,map safe route,0.322722,0.338722,0.093512,0.067512,private task,recover focus,trust warms and obligation decreases,True,True,v58-loop-01317
1318,74,4,fiber loft,move,Fay,dry seed store,0.482292,0.486292,0.258559,0.256559,recover focus,work,position changes but history remains intact,True,True,v58-loop-01318
1319,74,5,west hearth,talk,Milo,sort herb shelf,0.625654,0.645654,0.463748,0.437748,work,rest,trust warms and obligation decreases,True,True,v58-loop-01319
1320,74,6,river gate,offer_help,Sera,map safe route,0.648375,0.668375,0.510323,0.484323,rest,negotiate debt,trust warms and obligation decreases,True,True,v58-loop-01320
1321,74,7,arrival court,borrow_tool,Tovan,dry seed store,0.50606,0.48606,0.353169,0.383169,negotiate debt,care duty,work is delayed and debt marker increases,True,True,v58-loop-01321
1322,74,8,tool alcove,return_tool,Nia,sort herb shelf,0.3708,0.3868,0.144513,0.118513,seek tool,care duty,trust warms and obligation decreases,True,True,v58-loop-01322
1323,74,9,rain court,interrupt_work,Ari,map safe route,0.339391,0.319391,0.086469,0.116469,care duty,recover focus,work is delayed and debt marker increases,True,True,v58-loop-01323
1324,74,10,fiber loft,wait_offscreen,Fay,dry seed store,0.478137,0.476137,0.235262,0.229262,private task,recover focus,residents continue without avatar,True,True,v58-loop-01324
1325,74,11,west hearth,repair_trust,Milo,sort herb shelf,0.625829,0.645829,0.446763,0.420763,recover focus,work,trust warms and obligation decreases,True,True,v58-loop-01325
1326,74,12,river gate,move,Sera,map safe route,0.65874,0.66274,0.516102,0.514102,work,rest,position changes but history remains intact,True,True,v58-loop-01326
1327,74,13,arrival court,talk,Tovan,dry seed store,0.515153,0.531153,0.376115,0.350115,rest,negotiate debt,trust warms and obligation decreases,True,True,v58-loop-01327
1328,74,14,tool alcove,offer_help,Nia,sort herb shelf,0.35976,0.37576,0.162399,0.136399,negotiate debt,seek tool,trust warms and obligation decreases,True,True,v58-loop-01328
1329,74,15,rain court,borrow_tool,Ari,map safe route,0.329907,0.309907,0.08197,0.11197,seek tool,private task,work is delayed and debt marker increases,True,True,v58-loop-01329
1330,74,16,fiber loft,return_tool,Fay,dry seed store,0.475217,0.491217,0.212736,0.186736,care duty,private task,trust warms and obligation decreases,True,True,v58-loop-01330
1331,74,17,west hearth,interrupt_work,Milo,sort herb shelf,0.627834,0.607834,0.42803,0.45803,private task,work,work is delayed and debt marker increases,True,True,v58-loop-01331
1332,75,0,arrival court,repair_trust,Sera,repair awning,0.661803,0.681803,0.431719,0.405719,work,rest,trust warms and obligation decreases,True,True,v58-loop-01332
1333,75,1,tool alcove,move,Tovan,fix bridge peg,0.515018,0.519018,0.216951,0.214951,rest,negotiate debt,position changes but history remains intact,True,True,v58-loop-01333
1334,75,2,rain court,talk,Nia,patch cloak,0.338817,0.354817,0.082627,0.056627,negotiate debt,seek tool,trust warms and obligation decreases,True,True,v58-loop-01334
1335,75,3,fiber loft,offer_help,Ari,repair awning,0.344199,0.360199,0.158862,0.132862,seek tool,care duty,trust warms and obligation decreases,True,True,v58-loop-01335
1336,75,4,west hearth,borrow_tool,Fay,fix bridge peg,0.488635,0.468635,0.371809,0.401809,care duty,recover focus,work is delayed and debt marker increases,True,False,v58-loop-01336
1337,75,5,river gate,return_tool,Milo,patch cloak,0.635898,0.655898,0.515199,0.489199,private task,recover focus,trust warms and obligation decreases,True,True,v58-loop-01337
1338,75,6,arrival court,interrupt_work,Sera,repair awning,0.659748,0.639748,0.450136,0.480136,recover focus,rest,work is delayed and debt marker increases,True,True,v58-loop-01338
1339,75,7,tool alcove,wait_offscreen,Tovan,fix bridge peg,0.511787,0.513787,0.239645,0.233645,work,rest,residents continue without avatar,True,True,v58-loop-01339
1340,75,8,rain court,repair_trust,Nia,patch cloak,0.356233,0.372233,0.087616,0.061616,rest,negotiate debt,trust warms and obligation decreases,True,True,v58-loop-01340
1341,75,9,fiber loft,move,Ari,repair awning,0.356905,0.360905,0.141313,0.139313,negotiate debt,seek tool,position changes but history remains intact,True,True,v58-loop-01341
1342,75,10,west hearth,talk,Fay,fix bridge peg,0.504743,0.520743,0.348722,0.322722,seek tool,care duty,trust warms and obligation decreases,True,True,v58-loop-01342
1343,75,11,river gate,offer_help,Milo,patch cloak,0.633611,0.653611,0.508937,0.482937,care duty,private task,trust warms and obligation decreases,True,True,v58-loop-01343
1344,75,12,arrival court,borrow_tool,Sera,repair awning,0.650722,0.630722,0.466765,0.496765,private task,work,work is delayed and debt marker increases,True,False,v58-loop-01344
1345,75,13,tool alcove,return_tool,Tovan,fix bridge peg,0.503217,0.519217,0.263057,0.237057,recover focus,work,trust warms and obligation decreases,True,True,v58-loop-01345
1346,75,14,rain court,interrupt_work,Nia,patch cloak,0.348132,0.328132,0.095134,0.125134,work,negotiate debt,work is delayed and debt marker increases,True,True,v58-loop-01346
1347,75,15,fiber loft,wait_offscreen,Ari,repair awning,0.326877,0.328877,0.125653,0.119653,rest,negotiate debt,residents continue without avatar,True,True,v58-loop-01347
1348,75,16,west hearth,repair_trust,Fay,fix bridge peg,0.505253,0.521253,0.325054,0.299054,negotiate debt,seek tool,trust warms and obligation decreases,True,True,v58-loop-01348
1349,75,17,river gate,move,Milo,patch cloak,0.648131,0.652131,0.500186,0.498186,seek tool,care duty,position changes but history remains intact,True,True,v58-loop-01349
1350,76,0,tool alcove,offer_help,Sera,dry seed store,0.624559,0.640559,0.326317,0.300317,private task,recover focus,trust warms and obligation decreases,True,True,v58-loop-01350
1351,76,1,rain court,borrow_tool,Tovan,sort herb shelf,0.498595,0.478595,0.126432,0.156432,recover focus,rest,work is delayed and debt marker increases,True,True,v58-loop-01351
1352,76,2,fiber loft,return_tool,Nia,map safe route,0.332151,0.348151,0.094674,0.068674,work,rest,trust warms and obligation decreases,True,True,v58-loop-01352
1353,76,3,west hearth,interrupt_work,Ari,dry seed store,0.357009,0.337009,0.261804,0.291804,rest,seek tool,work is delayed and debt marker increases,True,True,v58-loop-01353
1354,76,4,river gate,wait_offscreen,Fay,sort herb shelf,0.521379,0.519379,0.465933,0.459933,negotiate debt,seek tool,residents continue without avatar,True,True,v58-loop-01354
1355,76,5,arrival court,repair_trust,Milo,map safe route,0.63854,0.65854,0.509331,0.483331,seek tool,care duty,trust warms and obligation decreases,True,True,v58-loop-01355
1356,76,6,tool alcove,move,Sera,dry seed store,0.640036,0.644036,0.349961,0.347961,care duty,private task,position changes but history remains intact,True,True,v58-loop-01356
1357,76,7,rain court,talk,Tovan,sort herb shelf,0.484485,0.500485,0.142196,0.116196,private task,recover focus,trust warms and obligation decreases,True,True,v58-loop-01357
1358,76,8,fiber loft,offer_help,Nia,map safe route,0.344372,0.360372,0.087288,0.061288,recover focus,work,trust warms and obligation decreases,True,True,v58-loop-01358
1359,76,9,west hearth,borrow_tool,Ari,dry seed store,0.341464,0.321464,0.238423,0.268423,work,negotiate debt,work is delayed and debt marker increases,True,True,v58-loop-01359
1360,76,10,river gate,return_tool,Fay,sort herb shelf,0.522623,0.542623,0.449205,0.423205,rest,negotiate debt,trust warms and obligation decreases,True,True,v58-loop-01360
1361,76,11,arrival court,interrupt_work,Milo,map safe route,0.656667,0.636667,0.51546,0.54546,negotiate debt,care duty,work is delayed and debt marker increases,True,True,v58-loop-01361
1362,76,12,tool alcove,wait_offscreen,Sera,dry seed store,0.649983,0.647983,0.37301,0.36701,seek tool,care duty,residents continue without avatar,True,True,v58-loop-01362
1363,76,13,rain court,repair_trust,Tovan,sort herb shelf,0.499739,0.515739,0.159839,0.133839,care duty,private task,trust warms and obligation decreases,True,True,v58-loop-01363
1364,76,14,fiber loft,move,Nia,map safe route,0.350724,0.354724,0.082435,0.080435,private task,recover focus,position changes but history remains intact,True,True,v58-loop-01364
1365,76,15,west hearth,talk,Ari,dry seed store,0.364264,0.380264,0.215775,0.189775,recover focus,work,trust warms and obligation decreases,True,True,v58-loop-01365
1366,76,16,river gate,offer_help,Fay,sort herb shelf,0.501361,0.521361,0.430699,0.404699,work,rest,trust warms and obligation decreases,True,True,v58-loop-01366
1367,76,17,arrival court,borrow_tool,Milo,map safe route,0.635262,0.615262,0.519022,0.549022,rest,seek tool,work is delayed and debt marker increases,True,True,v58-loop-01367
1368,77,0,rain court,interrupt_work,Sera,fix bridge peg,0.617776,0.597776,0.213904,0.243904,seek tool,private task,work is delayed and debt marker increases,True,False,v58-loop-01368
1369,77,1,fiber loft,wait_offscreen,Tovan,patch cloak,0.490458,0.492458,0.082143,0.076143,care duty,private task,residents continue without avatar,True,True,v58-loop-01369
1370,77,2,west hearth,repair_trust,Nia,repair awning,0.324028,0.340028,0.161409,0.135409,private task,recover focus,trust warms and obligation decreases,True,True,v58-loop-01370
1371,77,3,river gate,move,Ari,fix bridge peg,0.361844,0.365844,0.37492,0.37292,recover focus,work,position changes but history remains intact,True,True,v58-loop-01371
1372,77,4,arrival court,talk,Fay,patch cloak,0.506303,0.526303,0.51586,0.48986,work,rest,trust warms and obligation decreases,True,True,v58-loop-01372
1373,77,5,tool alcove,offer_help,Milo,repair awning,0.665048,0.685048,0.447708,0.421708,rest,negotiate debt,trust warms and obligation decreases,True,True,v58-loop-01373
1374,77,6,rain court,borrow_tool,Sera,fix bridge peg,0.628214,0.608214,0.236478,0.266478,negotiate debt,care duty,work is delayed and debt marker increases,True,True,v58-loop-01374
1375,77,7,fiber loft,return_tool,Tovan,patch cloak,0.483089,0.499089,0.086779,0.060779,seek tool,care duty,trust warms and obligation decreases,True,True,v58-loop-01375
1376,77,8,west hearth,interrupt_work,Nia,repair awning,0.332659,0.312659,0.143616,0.173616,care duty,recover focus,work is delayed and debt marker increases,True,False,v58-loop-01376
1377,77,9,river gate,wait_offscreen,Ari,fix bridge peg,0.355444,0.357444,0.351934,0.345934,private task,recover focus,residents continue without avatar,True,True,v58-loop-01377
1378,77,10,arrival court,repair_trust,Fay,patch cloak,0.514502,0.534502,0.509946,0.483946,recover focus,work,trust warms and obligation decreases,True,True,v58-loop-01378
1379,77,11,tool alcove,move,Milo,repair awning,0.650655,0.654655,0.464594,0.462594,work,rest,position changes but history remains intact,True,True,v58-loop-01379
1380,77,12,rain court,talk,Sera,fix bridge peg,0.629227,0.645227,0.259808,0.233808,rest,negotiate debt,trust warms and obligation decreases,True,True,v58-loop-01380
1381,77,13,fiber loft,offer_help,Tovan,patch cloak,0.484907,0.500907,0.093954,0.067954,negotiate debt,seek tool,trust warms and obligation decreases,True,True,v58-loop-01381
1382,77,14,west hearth,borrow_tool,Nia,repair awning,0.335112,0.315112,0.127686,0.157686,seek tool,private task,work is delayed and debt marker increases,True,True,v58-loop-01382
1383,77,15,river gate,return_tool,Ari,fix bridge peg,0.36252,0.37852,0.328329,0.302329,care duty,private task,trust warms and obligation decreases,True,True,v58-loop-01383
1384,77,16,arrival court,interrupt_work,Fay,patch cloak,0.529668,0.509668,0.501532,0.531532,private task,work,work is delayed and debt marker increases,True,False,v58-loop-01384
1385,77,17,tool alcove,wait_offscreen,Milo,repair awning,0.669011,0.671011,0.479521,0.473521,recover focus,work,residents continue without avatar,True,True,v58-loop-01385
1386,78,0,fiber loft,move,Sera,sort herb shelf,0.626746,0.630746,0.124424,0.122424,rest,negotiate debt,position changes but history remains intact,True,True,v58-loop-01386
1387,78,1,west hearth,talk,Tovan,map safe route,0.464062,0.480062,0.095882,0.069882,negotiate debt,seek tool,trust warms and obligation decreases,True,True,v58-loop-01387
1388,78,2,river gate,offer_help,Nia,dry seed store,0.328272,0.344272,0.265058,0.239058,seek tool,care duty,trust warms and obligation decreases,True,True,v58-loop-01388
1389,78,3,arrival court,borrow_tool,Ari,sort herb shelf,0.370447,0.350447,0.468081,0.498081,care duty,recover focus,work is delayed and debt marker increases,True,True,v58-loop-01389
1390,78,4,tool alcove,return_tool,Fay,map safe route,0.52779,0.54779,0.508293,0.482293,private task,recover focus,trust warms and obligation decreases,True,True,v58-loop-01390
1391,78,5,rain court,interrupt_work,Milo,dry seed store,0.662287,0.642287,0.346742,0.376742,recover focus,rest,work is delayed and debt marker increases,True,True,v58-loop-01391
1392,78,6,fiber loft,wait_offscreen,Sera,sort herb shelf,0.638727,0.636727,0.139914,0.133914,work,rest,residents continue without avatar,True,True,v58-loop-01392
1393,78,7,west hearth,repair_trust,Tovan,map safe route,0.454868,0.470868,0.088154,0.062154,rest,negotiate debt,trust warms and obligation decreases,True,True,v58-loop-01393
1394,78,8,river gate,move,Nia,dry seed store,0.321358,0.325358,0.241598,0.239598,negotiate debt,seek tool,position changes but history remains intact,True,True,v58-loop-01394
1395,78,9,arrival court,talk,Ari,sort herb shelf,0.373016,0.393016,0.451613,0.425613,seek tool,care duty,trust warms and obligation decreases,True,True,v58-loop-01395
1396,78,10,tool alcove,offer_help,Fay,map safe route,0.533841,0.553841,0.514768,0.488768,care duty,private task,trust warms and obligation decreases,True,True,v58-loop-01396
1397,78,11,rain court,borrow_tool,Milo,dry seed store,0.651517,0.631517,0.369889,0.399889,private task,work,work is delayed and debt marker increases,True,True,v58-loop-01397
1398,78,12,fiber loft,return_tool,Sera,sort herb shelf,0.637716,0.653716,0.157312,0.131312,recover focus,work,trust warms and obligation decreases,True,True,v58-loop-01398
1399,78,13,west hearth,interrupt_work,Tovan,map safe route,0.459427,0.439427,0.082949,0.112949,work,negotiate debt,work is delayed and debt marker increases,True,True,v58-loop-01399
1400,78,14,river gate,wait_offscreen,Nia,dry seed store,0.339646,0.337646,0.218833,0.212833,rest,negotiate debt,residents continue without avatar,True,True,v58-loop-01400
1401,78,15,arrival court,repair_trust,Ari,sort herb shelf,0.356359,0.376359,0.433339,0.407339,negotiate debt,seek tool,trust warms and obligation decreases,True,True,v58-loop-01401
1402,78,16,tool alcove,move,Fay,map safe route,0.519659,0.523659,0.518686,0.516686,seek tool,care duty,position changes but history remains intact,True,True,v58-loop-01402
1403,78,17,rain court,talk,Milo,dry seed store,0.646339,0.662339,0.392204,0.366204,care duty,private task,trust warms and obligation decreases,True,True,v58-loop-01403
1404,79,0,west hearth,borrow_tool,Sera,patch cloak,0.634655,0.614655,0.081708,0.111708,recover focus,rest,work is delayed and debt marker increases,True,False,v58-loop-01404
1405,79,1,river gate,return_tool,Tovan,repair awning,0.466369,0.482369,0.163987,0.137987,work,rest,trust warms and obligation decreases,True,True,v58-loop-01405
1406,79,2,arrival court,interrupt_work,Nia,fix bridge peg,0.324993,0.304993,0.378015,0.408015,rest,seek tool,work is delayed and debt marker increases,True,True,v58-loop-01406
1407,79,3,tool alcove,wait_offscreen,Ari,patch cloak,0.381126,0.383126,0.516473,0.510473,negotiate debt,seek tool,residents continue without avatar,True,True,v58-loop-01407
1408,79,4,rain court,repair_trust,Fay,repair awning,0.556017,0.576017,0.445245,0.419245,seek tool,care duty,trust warms and obligation decreases,True,True,v58-loop-01408
1409,79,5,fiber loft,move,Milo,fix bridge peg,0.653565,0.657565,0.233326,0.231326,care duty,private task,position changes but history remains intact,True,True,v58-loop-01409
1410,79,6,west hearth,talk,Sera,patch cloak,0.614002,0.630002,0.08599,0.05999,private task,recover focus,trust warms and obligation decreases,True,True,v58-loop-01410
1411,79,7,river gate,offer_help,Tovan,repair awning,0.441428,0.457428,0.145955,0.119955,recover focus,work,trust warms and obligation decreases,True,True,v58-loop-01411
1412,79,8,arrival court,borrow_tool,Nia,fix bridge peg,0.32908,0.30908,0.355135,0.385135,work,negotiate debt,work is delayed and debt marker increases,True,False,v58-loop-01412
1413,79,9,tool alcove,return_tool,Ari,patch cloak,0.370411,0.390411,0.510909,0.484909,rest,negotiate debt,trust warms and obligation decreases,True,True,v58-loop-01413
1414,79,10,rain court,interrupt_work,Fay,repair awning,0.560345,0.540345,0.462386,0.492386,negotiate debt,care duty,work is delayed and debt marker increases,True,True,v58-loop-01414
1415,79,11,fiber loft,wait_offscreen,Milo,fix bridge peg,0.664516,0.666516,0.256569,0.250569,seek tool,care duty,residents continue without avatar,True,True,v58-loop-01415
1416,79,12,west hearth,repair_trust,Sera,patch cloak,0.619111,0.635111,0.092821,0.066821,care duty,private task,trust warms and obligation decreases,True,True,v58-loop-01416
1417,79,13,river gate,move,Tovan,repair awning,0.450313,0.454313,0.129757,0.127757,private task,recover focus,position changes but history remains intact,True,True,v58-loop-01417
1418,79,14,arrival court,talk,Nia,fix bridge peg,0.321363,0.337363,0.331599,0.305599,recover focus,work,trust warms and obligation decreases,True,True,v58-loop-01418
1419,79,15,tool alcove,offer_help,Ari,patch cloak,0.373672,0.393672,0.502833,0.476833,work,rest,trust warms and obligation decreases,True,True,v58-loop-01419
1420,79,16,rain court,borrow_tool,Fay,repair awning,0.556468,0.536468,0.477593,0.507593,rest,seek tool,work is delayed and debt marker increases,True,False,v58-loop-01420
1421,79,17,fiber loft,return_tool,Milo,fix bridge peg,0.659229,0.675229,0.280328,0.254328,negotiate debt,seek tool,trust warms and obligation decreases,True,True,v58-loop-01421
1422,80,0,river gate,wait_offscreen,Sera,map safe route,0.620576,0.618576,0.097136,0.091136,care duty,private task,residents continue without avatar,True,True,v58-loop-01422
1423,80,1,arrival court,repair_trust,Tovan,dry seed store,0.440617,0.456617,0.26832,0.24232,private task,recover focus,trust warms and obligation decreases,True,True,v58-loop-01423
1424,80,2,tool alcove,move,Nia,sort herb shelf,0.310791,0.314791,0.470191,0.468191,recover focus,work,position changes but history remains intact,True,True,v58-loop-01424
1425,80,3,rain court,talk,Ari,map safe route,0.380726,0.400726,0.507207,0.481207,work,rest,trust warms and obligation decreases,True,True,v58-loop-01425
1426,80,4,fiber loft,offer_help,Fay,dry seed store,0.549848,0.565848,0.343512,0.317512,rest,negotiate debt,trust warms and obligation decreases,True,True,v58-loop-01426
1427,80,5,west hearth,borrow_tool,Milo,sort herb shelf,0.66317,0.64317,0.137669,0.167669,negotiate debt,care duty,work is delayed and debt marker increases,True,True,v58-loop-01427
1428,80,6,river gate,return_tool,Sera,map safe route,0.59641,0.61241,0.089068,0.063068,seek tool,care duty,trust warms and obligation decreases,True,True,v58-loop-01428
1429,80,7,arrival court,interrupt_work,Tovan,dry seed store,0.456966,0.436966,0.244786,0.274786,care duty,recover focus,work is delayed and debt marker increases,True,True,v58-loop-01429
1430,80,8,tool alcove,wait_offscreen,Nia,sort herb shelf,0.307117,0.305117,0.453987,0.447987,private task,recover focus,residents continue without avatar,True,True,v58-loop-01430
1431,80,9,rain court,repair_trust,Ari,map safe route,0.399743,0.419743,0.514029,0.488029,recover focus,work,trust warms and obligation decreases,True,True,v58-loop-01431
1432,80,10,fiber loft,move,Fay,dry seed store,0.573646,0.577646,0.366752,0.364752,work,rest,position changes but history remains intact,True,True,v58-loop-01432
1433,80,11,west hearth,talk,Milo,sort herb shelf,0.654452,0.670452,0.154816,0.128816,rest,negotiate debt,trust warms and obligation decreases,True,True,v58-loop-01433
1434,80,12,river gate,offer_help,Sera,map safe route,0.61743,0.63343,0.083512,0.057512,negotiate debt,seek tool,trust warms and obligation decreases,True,True,v58-loop-01434
1435,80,13,arrival court,borrow_tool,Tovan,dry seed store,0.435042,0.415042,0.221909,0.251909,seek tool,private task,work is delayed and debt marker increases,True,True,v58-loop-01435
1436,80,14,tool alcove,return_tool,Nia,sort herb shelf,0.302646,0.322646,0.435948,0.409948,care duty,private task,trust warms and obligation decreases,True,True,v58-loop-01436
1437,80,15,rain court,interrupt_work,Ari,map safe route,0.371956,0.351956,0.518302,0.548302,private task,work,work is delayed and debt marker increases,True,True,v58-loop-01437
1438,80,16,fiber loft,wait_offscreen,Fay,dry seed store,0.551615,0.549615,0.389198,0.383198,recover focus,work,residents continue without avatar,True,True,v58-loop-01438
1439,80,17,west hearth,repair_trust,Milo,sort herb shelf,0.682132,0.698132,0.173692,0.147692,work,rest,trust warms and obligation decreases,True,True,v58-loop-01439
1440,81,0,arrival court,talk,Sera,repair awning,0.59038,0.60638,0.166596,0.140596,negotiate debt,seek tool,trust warms and obligation decreases,True,True,v58-loop-01440
1441,81,1,tool alcove,offer_help,Tovan,fix bridge peg,0.431774,0.447774,0.381091,0.355091,seek tool,care duty,trust warms and obligation decreases,True,True,v58-loop-01441
1442,81,2,rain court,borrow_tool,Nia,patch cloak,0.307502,0.287502,0.517037,0.547037,care duty,recover focus,work is delayed and debt marker increases,True,True,v58-loop-01442
1443,81,3,fiber loft,return_tool,Ari,repair awning,0.380798,0.400798,0.442751,0.416751,private task,recover focus,trust warms and obligation decreases,True,True,v58-loop-01443
1444,81,4,west hearth,interrupt_work,Fay,fix bridge peg,0.554122,0.534122,0.230189,0.260189,recover focus,rest,work is delayed and debt marker increases,True,False,v58-loop-01444
1445,81,5,river gate,wait_offscreen,Milo,patch cloak,0.675443,0.677443,0.085249,0.079249,work,rest,residents continue without avatar,True,True,v58-loop-01445
1446,81,6,arrival court,repair_trust,Sera,repair awning,0.58448,0.60048,0.148328,0.122328,rest,negotiate debt,trust warms and obligation decreases,True,True,v58-loop-01446
1447,81,7,tool alcove,move,Tovan,fix bridge peg,0.43017,0.43417,0.358323,0.356323,negotiate debt,seek tool,position changes but history remains intact,True,True,v58-loop-01447
1448,81,8,rain court,talk,Nia,patch cloak,0.316857,0.336857,0.511824,0.485824,seek tool,care duty,trust warms and obligation decreases,True,True,v58-loop-01448
1449,81,9,fiber loft,offer_help,Ari,repair awning,0.386574,0.406574,0.460142,0.434142,care duty,private task,trust warms and obligation decreases,True,True,v58-loop-01449
1450,81,10,west hearth,borrow_tool,Fay,fix bridge peg,0.561429,0.541429,0.253338,0.283338,private task,work,work is delayed and debt marker increases,True,True,v58-loop-01450
1451,81,11,river gate,return_tool,Milo,patch cloak,0.654794,0.670794,0.091734,0.065734,recover focus,work,trust warms and obligation decreases,True,True,v58-loop-01451
1452,81,12,arrival court,interrupt_work,Sera,repair awning,0.604808,0.584808,0.131866,0.161866,work,negotiate debt,work is delayed and debt marker increases,True,False,v58-loop-01452
1453,81,13,tool alcove,wait_offscreen,Tovan,fix bridge peg,0.440939,0.442939,0.334861,0.328861,rest,negotiate debt,residents continue without avatar,True,True,v58-loop-01453
1454,81,14,rain court,repair_trust,Nia,patch cloak,0.308299,0.328299,0.504088,0.478088,negotiate debt,seek tool,trust warms and obligation decreases,True,True,v58-loop-01454
1455,81,15,fiber loft,move,Ari,repair awning,0.401939,0.405939,0.475626,0.473626,seek tool,care duty,position changes but history remains intact,True,True,v58-loop-01455
1456,81,16,west hearth,talk,Fay,fix bridge peg,0.568731,0.584731,0.277044,0.251044,care duty,private task,trust warms and obligation decreases,True,True,v58-loop-01456
1457,81,17,river gate,offer_help,Milo,patch cloak,0.655745,0.671745,0.100699,0.074699,private task,recover focus,trust warms and obligation decreases,True,True,v58-loop-01457
1458,82,0,tool alcove,return_tool,Sera,dry seed store,0.586822,0.602822,0.271589,0.245589,work,rest,trust warms and obligation decreases,True,True,v58-loop-01458
1459,82,1,rain court,interrupt_work,Tovan,sort herb shelf,0.426143,0.406143,0.472263,0.502263,rest,seek tool,work is delayed and debt marker increases,True,True,v58-loop-01459
1460,82,2,fiber loft,wait_offscreen,Nia,map safe route,0.323507,0.321507,0.506075,0.500075,negotiate debt,seek tool,residents continue without avatar,True,True,v58-loop-01460
1461,82,3,west hearth,repair_trust,Ari,dry seed store,0.421758,0.437758,0.340272,0.314272,seek tool,care duty,trust warms and obligation decreases,True,True,v58-loop-01461
1462,82,4,river gate,move,Fay,sort herb shelf,0.593658,0.597658,0.13546,0.13346,care duty,private task,position changes but history remains intact,True,True,v58-loop-01462
1463,82,5,arrival court,talk,Milo,map safe route,0.655396,0.671396,0.090029,0.064029,private task,recover focus,trust warms and obligation decreases,True,True,v58-loop-01463
1464,82,6,tool alcove,offer_help,Sera,dry seed store,0.585492,0.601492,0.247986,0.221986,recover focus,work,trust warms and obligation decreases,True,True,v58-loop-01464
1465,82,7,rain court,borrow_tool,Tovan,sort herb shelf,0.41192,0.39192,0.456326,0.486326,work,negotiate debt,work is delayed and debt marker increases,True,True,v58-loop-01465
1466,82,8,fiber loft,return_tool,Nia,map safe route,0.307927,0.327927,0.513241,0.487241,rest,negotiate debt,trust warms and obligation decreases,True,True,v58-loop-01466
1467,82,9,west hearth,interrupt_work,Ari,dry seed store,0.401385,0.381385,0.3636,0.3936,negotiate debt,care duty,work is delayed and debt marker increases,True,True,v58-loop-01467
1468,82,10,river gate,wait_offscreen,Fay,sort herb shelf,0.571748,0.569748,0.152353,0.146353,seek tool,care duty,residents continue without avatar,True,True,v58-loop-01468
1469,82,11,arrival court,repair_trust,Milo,map safe route,0.666752,0.682752,0.084124,0.058124,care duty,private task,trust warms and obligation decreases,True,True,v58-loop-01469
1470,82,12,tool alcove,move,Sera,dry seed store,0.596889,0.600889,0.225003,0.223003,private task,recover focus,position changes but history remains intact,True,True,v58-loop-01470
1471,82,13,rain court,talk,Tovan,sort herb shelf,0.420716,0.440716,0.438527,0.412527,recover focus,work,trust warms and obligation decreases,True,True,v58-loop-01471
1472,82,14,fiber loft,offer_help,Nia,map safe route,0.299147,0.319147,0.517868,0.491868,work,rest,trust warms and obligation decreases,True,True,v58-loop-01472
1473,82,15,west hearth,borrow_tool,Ari,dry seed store,0.414922,0.394922,0.386171,0.416171,rest,seek tool,work is delayed and debt marker increases,True,True,v58-loop-01473
1474,82,16,river gate,return_tool,Fay,sort herb shelf,0.563351,0.579351,0.171005,0.145005,negotiate debt,seek tool,trust warms and obligation decreases,True,True,v58-loop-01474
1475,82,17,arrival court,interrupt_work,Milo,map safe route,0.684251,0.664251,0.080789,0.110789,seek tool,private task,work is delayed and debt marker increases,True,True,v58-loop-01475
1476,83,0,rain court,repair_trust,Sera,fix bridge peg,0.587114,0.603114,0.38415,0.35815,private task,recover focus,trust warms and obligation decreases,True,True,v58-loop-01476
1477,83,1,fiber loft,move,Tovan,patch cloak,0.417199,0.421199,0.517553,0.515553,recover focus,work,position changes but history remains intact,True,True,v58-loop-01477
1478,83,2,west hearth,talk,Nia,repair awning,0.313764,0.333764,0.440224,0.414224,work,rest,trust warms and obligation decreases,True,True,v58-loop-01478
1479,83,3,river gate,offer_help,Ari,fix bridge peg,0.431187,0.447187,0.227067,0.201067,rest,negotiate debt,trust warms and obligation decreases,True,True,v58-loop-01479
1480,83,4,arrival court,borrow_tool,Fay,patch cloak,0.586811,0.566811,0.084557,0.114557,negotiate debt,care duty,work is delayed and debt marker increases,True,False,v58-loop-01480
1481,83,5,tool alcove,return_tool,Milo,repair awning,0.664236,0.680236,0.150735,0.124735,seek tool,care duty,trust warms and obligation decreases,True,True,v58-loop-01481
1482,83,6,rain court,interrupt_work,Sera,fix bridge peg,0.593694,0.573694,0.361499,0.391499,care duty,recover focus,work is delayed and debt marker increases,True,True,v58-loop-01482
1483,83,7,fiber loft,wait_offscreen,Tovan,patch cloak,0.399144,0.401144,0.512691,0.506691,private task,recover focus,residents continue without avatar,True,True,v58-loop-01483
1484,83,8,west hearth,repair_trust,Nia,repair awning,0.294111,0.314111,0.457861,0.431861,recover focus,work,trust warms and obligation decreases,True,True,v58-loop-01484
1485,83,9,river gate,move,Ari,fix bridge peg,0.404137,0.408137,0.250119,0.248119,work,rest,position changes but history remains intact,True,True,v58-loop-01485
1486,83,10,arrival court,talk,Fay,patch cloak,0.604243,0.620243,0.090694,0.064694,rest,negotiate debt,trust warms and obligation decreases,True,True,v58-loop-01486
1487,83,11,tool alcove,offer_help,Milo,repair awning,0.681336,0.697336,0.134013,0.108013,negotiate debt,seek tool,trust warms and obligation decreases,True,True,v58-loop-01487
1488,83,12,rain court,borrow_tool,Sera,fix bridge peg,0.567824,0.547824,0.338115,0.368115,seek tool,private task,work is delayed and debt marker increases,True,False,v58-loop-01488
1489,83,13,fiber loft,return_tool,Tovan,patch cloak,0.391311,0.411311,0.505297,0.479297,care duty,private task,trust warms and obligation decreases,True,True,v58-loop-01489
1490,83,14,west hearth,interrupt_work,Nia,repair awning,0.32453,0.30453,0.473618,0.503618,private task,work,work is delayed and debt marker increases,True,True,v58-loop-01490
1491,83,15,river gate,wait_offscreen,Ari,fix bridge peg,0.419695,0.421695,0.273765,0.267765,recover focus,work,residents continue without avatar,True,True,v58-loop-01491
1492,83,16,arrival court,repair_trust,Fay,patch cloak,0.582906,0.598906,0.099324,0.073324,work,rest,trust warms and obligation decreases,True,True,v58-loop-01492
1493,83,17,tool alcove,move,Milo,repair awning,0.666817,0.670817,0.119267,0.117267,rest,negotiate debt,position changes but history remains intact,True,True,v58-loop-01493
1494,84,0,fiber loft,offer_help,Sera,sort herb shelf,0.582964,0.602964,0.474297,0.448297,seek tool,care duty,trust warms and obligation decreases,True,True,v58-loop-01494
1495,84,1,west hearth,borrow_tool,Tovan,map safe route,0.402256,0.382256,0.504896,0.534896,care duty,recover focus,work is delayed and debt marker increases,True,True,v58-loop-01495
1496,84,2,river gate,return_tool,Nia,dry seed store,0.324041,0.340041,0.337024,0.311024,private task,recover focus,trust warms and obligation decreases,True,True,v58-loop-01496
1497,84,3,arrival court,interrupt_work,Ari,sort herb shelf,0.436954,0.416954,0.133288,0.163288,recover focus,rest,work is delayed and debt marker increases,True,True,v58-loop-01497
1498,84,4,tool alcove,wait_offscreen,Fay,map safe route,0.606072,0.604072,0.091038,0.085038,work,rest,residents continue without avatar,True,True,v58-loop-01498
1499,84,5,rain court,repair_trust,Milo,dry seed store,0.680531,0.696531,0.251198,0.225198,rest,negotiate debt,trust warms and obligation decreases,True,True,v58-loop-01499
1500,84,6,fiber loft,move,Sera,sort herb shelf,0.581224,0.585224,0.458631,0.456631,negotiate debt,seek tool,position changes but history remains intact,True,True,v58-loop-01500
1501,84,7,west hearth,talk,Tovan,map safe route,0.379011,0.399011,0.512406,0.486406,seek tool,care duty,trust warms and obligation decreases,True,True,v58-loop-01501
1502,84,8,river gate,offer_help,Nia,dry seed store,0.302178,0.318178,0.360434,0.334434,care duty,private task,trust warms and obligation decreases,True,True,v58-loop-01502
1503,84,9,arrival court,borrow_tool,Ari,sort herb shelf,0.446358,0.426358,0.149923,0.179923,private task,work,work is delayed and debt marker increases,True,True,v58-loop-01503
1504,84,10,tool alcove,return_tool,Fay,map safe route,0.61219,0.62819,0.084784,0.058784,recover focus,work,trust warms and obligation decreases,True,True,v58-loop-01504
1505,84,11,rain court,interrupt_work,Milo,dry seed store,0.660605,0.640605,0.228113,0.258113,work,negotiate debt,work is delayed and debt marker increases,True,True,v58-loop-01505
1506,84,12,fiber loft,wait_offscreen,Sera,sort herb shelf,0.574526,0.572526,0.441075,0.435075,rest,negotiate debt,residents continue without avatar,True,True,v58-loop-01506
1507,84,13,west hearth,repair_trust,Tovan,map safe route,0.377993,0.397993,0.517385,0.491385,negotiate debt,seek tool,trust warms and obligation decreases,True,True,v58-loop-01507
1508,84,14,river gate,move,Nia,dry seed store,0.293721,0.297721,0.383125,0.381125,seek tool,care duty,position changes but history remains intact,True,True,v58-loop-01508
1509,84,15,arrival court,talk,Ari,sort herb shelf,0.426652,0.442652,0.168346,0.142346,care duty,private task,trust warms and obligation decreases,True,True,v58-loop-01509
1510,84,16,tool alcove,offer_help,Fay,map safe route,0.614717,0.630717,0.081093,0.055093,private task,recover focus,trust warms and obligation decreases,True,True,v58-loop-01510
1511,84,17,rain court,borrow_tool,Milo,dry seed store,0.668827,0.648827,0.205884,0.235884,recover focus,rest,work is delayed and debt marker increases,True,True,v58-loop-01511
1512,85,0,west hearth,interrupt_work,Sera,patch cloak,0.544115,0.524115,0.518019,0.548019,rest,seek tool,work is delayed and debt marker increases,True,False,v58-loop-01512
1513,85,1,river gate,wait_offscreen,Tovan,repair awning,0.382778,0.384778,0.437665,0.431665,negotiate debt,seek tool,residents continue without avatar,True,True,v58-loop-01513
1514,85,2,arrival court,repair_trust,Nia,fix bridge peg,0.320432,0.336432,0.223962,0.197962,seek tool,care duty,trust warms and obligation decreases,True,True,v58-loop-01514
1515,85,3,tool alcove,move,Ari,patch cloak,0.460258,0.464258,0.083913,0.081913,care duty,private task,position changes but history remains intact,True,True,v58-loop-01515
1516,85,4,rain court,talk,Fay,repair awning,0.625663,0.641663,0.153176,0.127176,private task,recover focus,trust warms and obligation decreases,True,True,v58-loop-01516
1517,85,5,fiber loft,offer_help,Milo,fix bridge peg,0.67018,0.68618,0.36466,0.33866,recover focus,work,trust warms and obligation decreases,True,True,v58-loop-01517
1518,85,6,west hearth,borrow_tool,Sera,patch cloak,0.542335,0.522335,0.513511,0.543511,work,negotiate debt,work is delayed and debt marker increases,True,True,v58-loop-01518
1519,85,7,river gate,return_tool,Tovan,repair awning,0.391604,0.411604,0.455545,0.429545,rest,negotiate debt,trust warms and obligation decreases,True,True,v58-loop-01519
1520,85,8,arrival court,interrupt_work,Nia,fix bridge peg,0.322106,0.302106,0.246911,0.276911,negotiate debt,care duty,work is delayed and debt marker increases,True,False,v58-loop-01520
1521,85,9,tool alcove,wait_offscreen,Ari,patch cloak,0.449362,0.451362,0.089701,0.083701,seek tool,care duty,residents continue without avatar,True,True,v58-loop-01521
1522,85,10,rain court,repair_trust,Fay,repair awning,0.621236,0.637236,0.136197,0.110197,care duty,private task,trust warms and obligation decreases,True,True,v58-loop-01522
1523,85,11,fiber loft,move,Milo,fix bridge peg,0.647897,0.651897,0.341361,0.339361,private task,recover focus,position changes but history remains intact,True,True,v58-loop-01523
1524,85,12,west hearth,talk,Sera,patch cloak,0.567308,0.587308,0.50646,0.48046,recover focus,work,trust warms and obligation decreases,True,True,v58-loop-01524
1525,85,13,river gate,offer_help,Tovan,repair awning,0.373896,0.393896,0.471572,0.445572,work,rest,trust warms and obligation decreases,True,True,v58-loop-01525
1526,85,14,arrival court,borrow_tool,Nia,fix bridge peg,0.310284,0.290284,0.270491,0.300491,rest,seek tool,work is delayed and debt marker increases,True,True,v58-loop-01526
1527,85,15,tool alcove,return_tool,Ari,patch cloak,0.446423,0.462423,0.097994,0.071994,negotiate debt,seek tool,trust warms and obligation decreases,True,True,v58-loop-01527
1528,85,16,rain court,interrupt_work,Fay,repair awning,0.59717,0.57717,0.121169,0.151169,seek tool,private task,work is delayed and debt marker increases,True,False,v58-loop-01528
1529,85,17,fiber loft,wait_offscreen,Milo,fix bridge peg,0.659115,0.661115,0.317569,0.311569,care duty,private task,residents continue without avatar,True,True,v58-loop-01529
1530,86,0,river gate,move,Sera,map safe route,0.551329,0.555329,0.503672,0.501672,recover focus,work,position changes but history remains intact,True,True,v58-loop-01530
1531,86,1,arrival court,talk,Tovan,dry seed store,0.369027,0.385027,0.333767,0.307767,work,rest,trust warms and obligation decreases,True,True,v58-loop-01531
1532,86,2,tool alcove,offer_help,Nia,sort herb shelf,0.315536,0.331536,0.131154,0.105154,rest,negotiate debt,trust warms and obligation decreases,True,True,v58-loop-01532
1533,86,3,rain court,borrow_tool,Ari,map safe route,0.440465,0.420465,0.092093,0.122093,negotiate debt,care duty,work is delayed and debt marker increases,True,True,v58-loop-01533
1534,86,4,fiber loft,return_tool,Fay,dry seed store,0.608778,0.624778,0.254422,0.228422,seek tool,care duty,trust warms and obligation decreases,True,True,v58-loop-01534
1535,86,5,west hearth,interrupt_work,Milo,sort herb shelf,0.651627,0.631627,0.460899,0.490899,care duty,recover focus,work is delayed and debt marker increases,True,True,v58-loop-01535
1536,86,6,river gate,wait_offscreen,Sera,map safe route,0.552646,0.550646,0.511522,0.505522,private task,recover focus,residents continue without avatar,True,True,v58-loop-01536
1537,86,7,arrival court,repair_trust,Tovan,dry seed store,0.372874,0.388874,0.357255,0.331255,recover focus,work,trust warms and obligation decreases,True,True,v58-loop-01537
1538,86,8,tool alcove,move,Nia,sort herb shelf,0.321616,0.325616,0.147527,0.145527,work,rest,position changes but history remains intact,True,True,v58-loop-01538
1539,86,9,rain court,talk,Ari,map safe route,0.438822,0.454822,0.085493,0.059493,rest,negotiate debt,trust warms and obligation decreases,True,True,v58-loop-01539
1540,86,10,fiber loft,offer_help,Fay,dry seed store,0.610462,0.626462,0.23124,0.20524,negotiate debt,seek tool,trust warms and obligation decreases,True,True,v58-loop-01540
1541,86,11,west hearth,borrow_tool,Milo,sort herb shelf,0.645685,0.625685,0.443592,0.473592,seek tool,private task,work is delayed and debt marker increases,True,True,v58-loop-01541
1542,86,12,river gate,return_tool,Sera,map safe route,0.533817,0.553817,0.516853,0.490853,care duty,private task,trust warms and obligation decreases,True,True,v58-loop-01542
1543,86,13,arrival court,interrupt_work,Tovan,dry seed store,0.384886,0.364886,0.380061,0.410061,private task,work,work is delayed and debt marker increases,True,True,v58-loop-01543
1544,86,14,tool alcove,wait_offscreen,Nia,sort herb shelf,0.297517,0.295517,0.165717,0.159717,recover focus,work,residents continue without avatar,True,True,v58-loop-01544
1545,86,15,rain court,repair_trust,Ari,map safe route,0.462199,0.478199,0.081447,0.055447,work,rest,trust warms and obligation decreases,True,True,v58-loop-01545
1546,86,16,fiber loft,move,Fay,dry seed store,0.629171,0.633171,0.208877,0.206877,rest,negotiate debt,position changes but history remains intact,True,True,v58-loop-01546
1547,86,17,west hearth,talk,Milo,sort herb shelf,0.647694,0.667694,0.424574,0.398574,negotiate debt,seek tool,trust warms and obligation decreases,True,True,v58-loop-01547
1548,87,0,arrival court,borrow_tool,Sera,repair awning,0.525135,0.505135,0.435076,0.465076,care duty,recover focus,work is delayed and debt marker increases,True,False,v58-loop-01548
1549,87,1,tool alcove,return_tool,Tovan,fix bridge peg,0.35009,0.36609,0.220874,0.194874,private task,recover focus,trust warms and obligation decreases,True,True,v58-loop-01549
1550,87,2,rain court,interrupt_work,Nia,patch cloak,0.294822,0.274822,0.083318,0.113318,recover focus,rest,work is delayed and debt marker increases,True,True,v58-loop-01550
1551,87,3,fiber loft,wait_offscreen,Ari,repair awning,0.477317,0.479317,0.15565,0.14965,work,rest,residents continue without avatar,True,True,v58-loop-01551
1552,87,4,west hearth,repair_trust,Fay,fix bridge peg,0.635355,0.651355,0.367807,0.341807,rest,negotiate debt,trust warms and obligation decreases,True,True,v58-loop-01552
1553,87,5,river gate,move,Milo,patch cloak,0.654129,0.658129,0.514282,0.512282,negotiate debt,seek tool,position changes but history remains intact,True,True,v58-loop-01553
1554,87,6,arrival court,talk,Sera,repair awning,0.532863,0.552863,0.453194,0.427194,seek tool,care duty,trust warms and obligation decreases,True,True,v58-loop-01554
1555,87,7,tool alcove,offer_help,Tovan,fix bridge peg,0.354451,0.370451,0.243714,0.217714,care duty,private task,trust warms and obligation decreases,True,True,v58-loop-01555
1556,87,8,rain court,borrow_tool,Nia,patch cloak,0.298052,0.278052,0.088756,0.118756,private task,work,work is delayed and debt marker increases,True,False,v58-loop-01556
1557,87,9,fiber loft,return_tool,Ari,repair awning,0.457054,0.473054,0.138419,0.112419,recover focus,work,trust warms and obligation decreases,True,True,v58-loop-01557
1558,87,10,west hearth,interrupt_work,Fay,fix bridge peg,0.634344,0.614344,0.344597,0.374597,work,negotiate debt,work is delayed and debt marker increases,True,True,v58-loop-01558
1559,87,11,river gate,wait_offscreen,Milo,patch cloak,0.641982,0.643982,0.507577,0.501577,rest,negotiate debt,residents continue without avatar,True,True,v58-loop-01559
1560,87,12,arrival court,repair_trust,Sera,repair awning,0.536369,0.556369,0.469487,0.443487,negotiate debt,seek tool,trust warms and obligation decreases,True,True,v58-loop-01560
1561,87,13,tool alcove,move,Tovan,fix bridge peg,0.374584,0.378584,0.267225,0.265225,seek tool,care duty,position changes but history remains intact,True,True,v58-loop-01561
1562,87,14,rain court,talk,Nia,patch cloak,0.294509,0.310509,0.09671,0.07071,care duty,private task,trust warms and obligation decreases,True,True,v58-loop-01562
1563,87,15,fiber loft,offer_help,Ari,repair awning,0.459118,0.475118,0.123112,0.097112,private task,recover focus,trust warms and obligation decreases,True,True,v58-loop-01563
1564,87,16,west hearth,borrow_tool,Fay,fix bridge peg,0.61583,0.59583,0.320856,0.350856,recover focus,rest,work is delayed and debt marker increases,True,False,v58-loop-01564
1565,87,17,river gate,return_tool,Milo,patch cloak,0.665634,0.685634,0.498399,0.472399,work,rest,trust warms and obligation decreases,True,True,v58-loop-01565
1566,88,0,tool alcove,wait_offscreen,Sera,dry seed store,0.502485,0.500485,0.330502,0.324502,negotiate debt,seek tool,residents continue without avatar,True,True,v58-loop-01566
1567,88,1,rain court,repair_trust,Tovan,sort herb shelf,0.341058,0.357058,0.129057,0.103057,seek tool,care duty,trust warms and obligation decreases,True,True,v58-loop-01567
1568,88,2,fiber loft,move,Nia,map safe route,0.315766,0.319766,0.093196,0.091196,care duty,private task,position changes but history remains intact,True,True,v58-loop-01568
1569,88,3,west hearth,talk,Ari,dry seed store,0.46535,0.48135,0.257655,0.231655,private task,recover focus,trust warms and obligation decreases,True,True,v58-loop-01569
1570,88,4,river gate,offer_help,Fay,sort herb shelf,0.624325,0.644325,0.463132,0.437132,recover focus,work,trust warms and obligation decreases,True,True,v58-loop-01570
1571,88,5,arrival court,borrow_tool,Milo,map safe route,0.663642,0.643642,0.510591,0.540591,work,negotiate debt,work is delayed and debt marker increases,True,True,v58-loop-01571
1572,88,6,tool alcove,return_tool,Sera,dry seed store,0.527317,0.543317,0.354062,0.328062,rest,negotiate debt,trust warms and obligation decreases,True,True,v58-loop-01572
1573,88,7,rain court,interrupt_work,Tovan,sort herb shelf,0.342948,0.322948,0.145166,0.175166,negotiate debt,care duty,work is delayed and debt marker increases,True,True,v58-loop-01573
1574,88,8,fiber loft,wait_offscreen,Nia,map safe route,0.327696,0.325696,0.08625,0.08025,seek tool,care duty,residents continue without avatar,True,True,v58-loop-01574
1575,88,9,west hearth,repair_trust,Ari,dry seed store,0.47568,0.49168,0.234382,0.208382,care duty,private task,trust warms and obligation decreases,True,True,v58-loop-01575
1576,88,10,river gate,move,Fay,sort herb shelf,0.634799,0.638799,0.446076,0.444076,private task,recover focus,position changes but history remains intact,True,True,v58-loop-01576
1577,88,11,arrival court,talk,Milo,map safe route,0.645083,0.665083,0.516273,0.490273,recover focus,work,trust warms and obligation decreases,True,True,v58-loop-01577
1578,88,12,tool alcove,offer_help,Sera,dry seed store,0.517858,0.533858,0.376978,0.350978,work,rest,trust warms and obligation decreases,True,True,v58-loop-01578
1579,88,13,rain court,borrow_tool,Tovan,sort herb shelf,0.338992,0.318992,0.163118,0.193118,rest,seek tool,work is delayed and debt marker increases,True,True,v58-loop-01579
1580,88,14,fiber loft,return_tool,Nia,map safe route,0.329003,0.345003,0.081849,0.055849,negotiate debt,seek tool,trust warms and obligation decreases,True,True,v58-loop-01580
1581,88,15,west hearth,interrupt_work,Ari,dry seed store,0.479101,0.459101,0.211891,0.241891,seek tool,private task,work is delayed and debt marker increases,True,True,v58-loop-01581
1582,88,16,river gate,wait_offscreen,Fay,sort herb shelf,0.640578,0.638578,0.42728,0.42128,care duty,private task,residents continue without avatar,True,True,v58-loop-01582
1583,88,17,arrival court,repair_trust,Milo,map safe route,0.648159,0.668159,0.519379,0.493379,private task,recover focus,trust warms and obligation decreases,True,True,v58-loop-01583
1584,89,0,rain court,talk,Sera,fix bridge peg,0.507208,0.523208,0.217804,0.191804,work,rest,trust warms and obligation decreases,True,True,v58-loop-01584
1585,89,1,fiber loft,offer_help,Tovan,patch cloak,0.334933,0.350933,0.082771,0.056771,rest,negotiate debt,trust warms and obligation decreases,True,True,v58-loop-01585
1586,89,2,west hearth,borrow_tool,Nia,repair awning,0.304104,0.284104,0.158157,0.188157,negotiate debt,care duty,work is delayed and debt marker increases,True,True,v58-loop-01586
1587,89,3,river gate,return_tool,Ari,fix bridge peg,0.480062,0.496062,0.370938,0.344938,seek tool,care duty,trust warms and obligation decreases,True,True,v58-loop-01587
1588,89,4,arrival court,interrupt_work,Fay,patch cloak,0.63015,0.61015,0.515006,0.545006,care duty,recover focus,work is delayed and debt marker increases,True,False,v58-loop-01588
1589,89,5,tool alcove,wait_offscreen,Milo,repair awning,0.641421,0.643421,0.450808,0.444808,private task,recover focus,residents continue without avatar,True,True,v58-loop-01589
1590,89,6,rain court,repair_trust,Sera,fix bridge peg,0.512611,0.528611,0.24053,0.21453,recover focus,work,trust warms and obligation decreases,True,True,v58-loop-01590
1591,89,7,fiber loft,move,Tovan,patch cloak,0.347642,0.351642,0.087858,0.085858,work,rest,position changes but history remains intact,True,True,v58-loop-01591
1592,89,8,west hearth,talk,Nia,repair awning,0.323295,0.339295,0.140676,0.114676,rest,negotiate debt,trust warms and obligation decreases,True,True,v58-loop-01592
1593,89,9,river gate,offer_help,Ari,fix bridge peg,0.476934,0.492934,0.347823,0.321823,negotiate debt,seek tool,trust warms and obligation decreases,True,True,v58-loop-01593
1594,89,10,arrival court,borrow_tool,Fay,patch cloak,0.643554,0.623554,0.508646,0.538646,seek tool,private task,work is delayed and debt marker increases,True,True,v58-loop-01594
1595,89,11,tool alcove,return_tool,Milo,repair awning,0.657279,0.677279,0.467364,0.441364,care duty,private task,trust warms and obligation decreases,True,True,v58-loop-01595
1596,89,12,rain court,interrupt_work,Sera,fix bridge peg,0.521898,0.501898,0.263965,0.293965,private task,work,work is delayed and debt marker increases,True,False,v58-loop-01596
1597,89,13,fiber loft,wait_offscreen,Tovan,patch cloak,0.364394,0.366394,0.095471,0.089471,recover focus,work,residents continue without avatar,True,True,v58-loop-01597
1598,89,14,west hearth,repair_trust,Nia,repair awning,0.331417,0.347417,0.125093,0.099093,work,rest,trust warms and obligation decreases,True,True,v58-loop-01598
1599,89,15,river gate,move,Ari,fix bridge peg,0.492739,0.496739,0.324139,0.322139,rest,negotiate debt,position changes but history remains intact,True,True,v58-loop-01599
1600,89,16,arrival court,talk,Fay,patch cloak,0.65242,0.67242,0.499802,0.473802,negotiate debt,seek tool,trust warms and obligation decreases,True,True,v58-loop-01600
1601,89,17,tool alcove,offer_help,Milo,repair awning,0.639783,0.659783,0.481928,0.455928,seek tool,care duty,trust warms and obligation decreases,True,True,v58-loop-01601
1602,90,0,fiber loft,return_tool,Sera,sort herb shelf,0.494057,0.510057,0.126999,0.100999,private task,recover focus,trust warms and obligation decreases,True,True,v58-loop-01602
1603,90,1,west hearth,interrupt_work,Tovan,map safe route,0.355459,0.335459,0.094345,0.124345,recover focus,rest,work is delayed and debt marker increases,True,True,v58-loop-01603
1604,90,2,river gate,wait_offscreen,Nia,dry seed store,0.318531,0.316531,0.260898,0.254898,work,rest,residents continue without avatar,True,True,v58-loop-01604
1605,90,3,arrival court,repair_trust,Ari,sort herb shelf,0.496223,0.516223,0.465327,0.439327,rest,negotiate debt,trust warms and obligation decreases,True,True,v58-loop-01605
1606,90,4,tool alcove,move,Fay,map safe route,0.665845,0.669845,0.509613,0.507613,negotiate debt,seek tool,position changes but history remains intact,True,True,v58-loop-01606
1607,90,5,rain court,talk,Milo,dry seed store,0.63537,0.65137,0.350857,0.324857,seek tool,care duty,trust warms and obligation decreases,True,True,v58-loop-01607
1608,90,6,fiber loft,offer_help,Sera,sort herb shelf,0.497137,0.513137,0.142839,0.116839,care duty,private task,trust warms and obligation decreases,True,True,v58-loop-01608
1609,90,7,west hearth,borrow_tool,Tovan,map safe route,0.334055,0.314055,0.087055,0.117055,private task,work,work is delayed and debt marker increases,True,True,v58-loop-01609
1610,90,8,river gate,return_tool,Nia,dry seed store,0.311863,0.327863,0.237539,0.211539,recover focus,work,trust warms and obligation decreases,True,True,v58-loop-01610
1611,90,9,arrival court,interrupt_work,Ari,sort herb shelf,0.519785,0.499785,0.448527,0.478527,work,negotiate debt,work is delayed and debt marker increases,True,True,v58-loop-01611
1612,90,10,tool alcove,wait_offscreen,Fay,map safe route,0.633736,0.631736,0.515644,0.509644,rest,negotiate debt,residents continue without avatar,True,True,v58-loop-01612
1613,90,11,rain court,repair_trust,Milo,dry seed store,0.649582,0.665582,0.373878,0.347878,negotiate debt,seek tool,trust warms and obligation decreases,True,True,v58-loop-01613
1614,90,12,fiber loft,move,Sera,sort herb shelf,0.486951,0.490951,0.16055,0.15855,seek tool,care duty,position changes but history remains intact,True,True,v58-loop-01614
1615,90,13,west hearth,talk,Tovan,map safe route,0.354351,0.370351,0.0823,0.0563,care duty,private task,trust warms and obligation decreases,True,True,v58-loop-01615
1616,90,14,river gate,offer_help,Nia,dry seed store,0.336262,0.352262,0.214925,0.188925,private task,recover focus,trust warms and obligation decreases,True,True,v58-loop-01616
1617,90,15,arrival court,borrow_tool,Ari,sort herb shelf,0.490603,0.470603,0.429957,0.459957,recover focus,rest,work is delayed and debt marker increases,True,True,v58-loop-01617
1618,90,16,tool alcove,return_tool,Fay,map safe route,0.661174,0.681174,0.519107,0.493107,work,rest,trust warms and obligation decreases,True,True,v58-loop-01618
1619,90,17,rain court,interrupt_work,Milo,dry seed store,0.626308,0.606308,0.396019,0.426019,rest,seek tool,work is delayed and debt marker increases,True,True,v58-loop-01619
1620,91,0,west hearth,repair_trust,Sera,patch cloak,0.478983,0.494983,0.082274,0.056274,seek tool,care duty,trust warms and obligation decreases,True,True,v58-loop-01620
1621,91,1,river gate,move,Tovan,repair awning,0.323601,0.327601,0.160695,0.158695,care duty,private task,position changes but history remains intact,True,True,v58-loop-01621
1622,91,2,arrival court,talk,Nia,fix bridge peg,0.339002,0.355002,0.374054,0.348054,private task,recover focus,trust warms and obligation decreases,True,True,v58-loop-01622
1623,91,3,tool alcove,offer_help,Ari,patch cloak,0.526395,0.546395,0.515681,0.489681,recover focus,work,trust warms and obligation decreases,True,True,v58-loop-01623
1624,91,4,rain court,borrow_tool,Fay,repair awning,0.668749,0.648749,0.448389,0.478389,work,negotiate debt,work is delayed and debt marker increases,True,False,v58-loop-01624
1625,91,5,fiber loft,return_tool,Milo,fix bridge peg,0.634984,0.650984,0.23736,0.21136,rest,negotiate debt,trust warms and obligation decreases,True,True,v58-loop-01625
1626,91,6,west hearth,interrupt_work,Sera,patch cloak,0.492534,0.472534,0.087008,0.117008,negotiate debt,care duty,work is delayed and debt marker increases,True,True,v58-loop-01626
1627,91,7,river gate,wait_offscreen,Tovan,repair awning,0.33531,0.33731,0.14297,0.13697,seek tool,care duty,residents continue without avatar,True,True,v58-loop-01627
1628,91,8,arrival court,repair_trust,Nia,fix bridge peg,0.33414,0.35014,0.351039,0.325039,care duty,private task,trust warms and obligation decreases,True,True,v58-loop-01628
1629,91,9,tool alcove,move,Ari,patch cloak,0.513982,0.517982,0.509669,0.507669,private task,recover focus,position changes but history remains intact,True,True,v58-loop-01629
1630,91,10,rain court,talk,Fay,repair awning,0.670635,0.690635,0.465204,0.439204,recover focus,work,trust warms and obligation decreases,True,True,v58-loop-01630
1631,91,11,fiber loft,offer_help,Milo,fix bridge peg,0.638138,0.654138,0.260714,0.234714,work,rest,trust warms and obligation decreases,True,True,v58-loop-01631
1632,91,12,west hearth,borrow_tool,Sera,patch cloak,0.49439,0.47439,0.094278,0.124278,rest,seek tool,work is delayed and debt marker increases,True,False,v58-loop-01632
1633,91,13,river gate,return_tool,Tovan,repair awning,0.343584,0.359584,0.127115,0.101115,negotiate debt,seek tool,trust warms and obligation decreases,True,True,v58-loop-01633
1634,91,14,arrival court,interrupt_work,Nia,fix bridge peg,0.334217,0.314217,0.327416,0.357416,seek tool,private task,work is delayed and debt marker increases,True,True,v58-loop-01634
1635,91,15,tool alcove,wait_offscreen,Ari,patch cloak,0.533533,0.535533,0.501161,0.495161,care duty,private task,residents continue without avatar,True,True,v58-loop-01635
1636,91,16,rain court,repair_trust,Fay,repair awning,0.647914,0.667914,0.480052,0.454052,private task,recover focus,trust warms and obligation decreases,True,True,v58-loop-01636
1637,91,17,fiber loft,move,Milo,fix bridge peg,0.621352,0.625352,0.284536,0.282536,recover focus,work,position changes but history remains intact,True,True,v58-loop-01637
1638,92,0,river gate,offer_help,Sera,map safe route,0.467746,0.483746,0.09554,0.06954,rest,negotiate debt,trust warms and obligation decreases,True,True,v58-loop-01638
1639,92,1,arrival court,borrow_tool,Tovan,dry seed store,0.336429,0.316429,0.26415,0.29415,negotiate debt,care duty,work is delayed and debt marker increases,True,True,v58-loop-01639
1640,92,2,tool alcove,return_tool,Nia,sort herb shelf,0.328383,0.348383,0.467486,0.441486,seek tool,care duty,trust warms and obligation decreases,True,True,v58-loop-01640
1641,92,3,rain court,interrupt_work,Ari,map safe route,0.544242,0.524242,0.508587,0.538587,care duty,recover focus,work is delayed and debt marker increases,True,True,v58-loop-01641
1642,92,4,fiber loft,wait_offscreen,Fay,dry seed store,0.668453,0.666453,0.347641,0.341641,private task,recover focus,residents continue without avatar,True,True,v58-loop-01642
1643,92,5,west hearth,repair_trust,Milo,sort herb shelf,0.643244,0.659244,0.140547,0.114547,recover focus,work,trust warms and obligation decreases,True,True,v58-loop-01643
1644,92,6,river gate,move,Sera,map safe route,0.453969,0.457969,0.087907,0.085907,work,rest,position changes but history remains intact,True,True,v58-loop-01644
1645,92,7,arrival court,talk,Tovan,dry seed store,0.320789,0.336789,0.24071,0.21471,rest,negotiate debt,trust warms and obligation decreases,True,True,v58-loop-01645
1646,92,8,tool alcove,offer_help,Nia,sort herb shelf,0.349509,0.369509,0.450944,0.424944,negotiate debt,seek tool,trust warms and obligation decreases,True,True,v58-loop-01646
1647,92,9,rain court,borrow_tool,Ari,map safe route,0.531509,0.511509,0.514966,0.544966,seek tool,private task,work is delayed and debt marker increases,True,True,v58-loop-01647
1648,92,10,fiber loft,return_tool,Fay,dry seed store,0.651569,0.667569,0.370761,0.344761,care duty,private task,trust warms and obligation decreases,True,True,v58-loop-01648
1649,92,11,west hearth,interrupt_work,Milo,sort herb shelf,0.623996,0.603996,0.158014,0.188014,private task,work,work is delayed and debt marker increases,True,True,v58-loop-01649
1650,92,12,river gate,wait_offscreen,Sera,map safe route,0.461205,0.459205,0.082801,0.076801,recover focus,work,residents continue without avatar,True,True,v58-loop-01650
1651,92,13,arrival court,repair_trust,Tovan,dry seed store,0.314338,0.330338,0.217977,0.191977,work,rest,trust warms and obligation decreases,True,True,v58-loop-01651
1652,92,14,tool alcove,move,Nia,sort herb shelf,0.340198,0.344198,0.432605,0.430605,rest,negotiate debt,position changes but history remains intact,True,True,v58-loop-01652
1653,92,15,rain court,talk,Ari,map safe route,0.530424,0.550424,0.518785,0.492785,negotiate debt,seek tool,trust warms and obligation decreases,True,True,v58-loop-01653
1654,92,16,fiber loft,offer_help,Fay,dry seed store,0.646089,0.662089,0.393039,0.367039,seek tool,care duty,trust warms and obligation decreases,True,True,v58-loop-01654
1655,92,17,west hearth,borrow_tool,Milo,sort herb shelf,0.621759,0.601759,0.177171,0.207171,care duty,recover focus,work is delayed and debt marker increases,True,True,v58-loop-01655
1656,93,0,arrival court,interrupt_work,Sera,repair awning,0.466726,0.446726,0.163265,0.193265,recover focus,rest,work is delayed and debt marker increases,True,False,v58-loop-01656
1657,93,1,tool alcove,wait_offscreen,Tovan,fix bridge peg,0.323982,0.325982,0.377153,0.371153,work,rest,residents continue without avatar,True,True,v58-loop-01657
1658,93,2,rain court,repair_trust,Nia,patch cloak,0.350571,0.370571,0.516307,0.490307,rest,negotiate debt,trust warms and obligation decreases,True,True,v58-loop-01658
1659,93,3,fiber loft,move,Ari,repair awning,0.553115,0.557115,0.445936,0.443936,negotiate debt,seek tool,position changes but history remains intact,True,True,v58-loop-01659
1660,93,4,west hearth,talk,Fay,fix bridge peg,0.661919,0.677919,0.234204,0.208204,seek tool,care duty,trust warms and obligation decreases,True,True,v58-loop-01660
1661,93,5,river gate,offer_help,Milo,patch cloak,0.634479,0.650479,0.086205,0.060205,care duty,private task,trust warms and obligation decreases,True,True,v58-loop-01661
1662,93,6,arrival court,borrow_tool,Sera,repair awning,0.444004,0.424004,0.145299,0.175299,private task,work,work is delayed and debt marker increases,True,True,v58-loop-01662
1663,93,7,tool alcove,return_tool,Tovan,fix bridge peg,0.335346,0.351346,0.354243,0.328243,recover focus,work,trust warms and obligation decreases,True,True,v58-loop-01663
1664,93,8,rain court,interrupt_work,Nia,patch cloak,0.325797,0.305797,0.510645,0.540645,work,negotiate debt,work is delayed and debt marker increases,True,False,v58-loop-01664
1665,93,9,fiber loft,wait_offscreen,Ari,repair awning,0.559847,0.561847,0.463006,0.457006,rest,negotiate debt,residents continue without avatar,True,True,v58-loop-01665
1666,93,10,west hearth,repair_trust,Fay,fix bridge peg,0.661204,0.677204,0.257472,0.231472,negotiate debt,seek tool,trust warms and obligation decreases,True,True,v58-loop-01666
1667,93,11,river gate,move,Milo,patch cloak,0.635294,0.639294,0.093132,0.091132,seek tool,care duty,position changes but history remains intact,True,True,v58-loop-01667
1668,93,12,arrival court,talk,Sera,repair awning,0.447865,0.463865,0.129175,0.103175,care duty,private task,trust warms and obligation decreases,True,True,v58-loop-01668
1669,93,13,tool alcove,offer_help,Tovan,fix bridge peg,0.30553,0.32153,0.330687,0.304687,private task,recover focus,trust warms and obligation decreases,True,True,v58-loop-01669
1670,93,14,rain court,borrow_tool,Nia,patch cloak,0.342262,0.322262,0.502474,0.532474,recover focus,rest,work is delayed and debt marker increases,True,True,v58-loop-01670
1671,93,15,fiber loft,return_tool,Ari,repair awning,0.538453,0.558453,0.478135,0.452135,work,rest,trust warms and obligation decreases,True,True,v58-loop-01671
1672,93,16,west hearth,interrupt_work,Fay,fix bridge peg,0.652803,0.632803,0.281246,0.311246,rest,seek tool,work is delayed and debt marker increases,True,False,v58-loop-01672
1673,93,17,river gate,wait_offscreen,Milo,patch cloak,0.61975,0.62175,0.102523,0.096523,negotiate debt,seek tool,residents continue without avatar,True,True,v58-loop-01673
1674,94,0,tool alcove,move,Sera,dry seed store,0.431717,0.435717,0.267409,0.265409,care duty,private task,position changes but history remains intact,True,True,v58-loop-01674
1675,94,1,rain court,talk,Tovan,sort herb shelf,0.312116,0.332116,0.469607,0.443607,private task,recover focus,trust warms and obligation decreases,True,True,v58-loop-01675
1676,94,2,fiber loft,offer_help,Nia,map safe route,0.348675,0.368675,0.507515,0.481515,recover focus,work,trust warms and obligation decreases,True,True,v58-loop-01676
1677,94,3,west hearth,borrow_tool,Ari,dry seed store,0.571658,0.551658,0.344414,0.374414,work,negotiate debt,work is delayed and debt marker increases,True,True,v58-loop-01677
1678,94,4,river gate,return_tool,Fay,sort herb shelf,0.675022,0.691022,0.138292,0.112292,rest,negotiate debt,trust warms and obligation decreases,True,True,v58-loop-01678
1679,94,5,arrival court,interrupt_work,Milo,map safe route,0.627178,0.607178,0.088808,0.118808,negotiate debt,care duty,work is delayed and debt marker increases,True,True,v58-loop-01679
1680,94,6,tool alcove,wait_offscreen,Sera,dry seed store,0.440617,0.438617,0.243895,0.237895,seek tool,care duty,residents continue without avatar,True,True,v58-loop-01680
1681,94,7,rain court,repair_trust,Tovan,sort herb shelf,0.31611,0.33611,0.453328,0.427328,care duty,private task,trust warms and obligation decreases,True,True,v58-loop-01681
1682,94,8,fiber loft,move,Nia,map safe route,0.36405,0.36805,0.51424,0.51224,private task,recover focus,position changes but history remains intact,True,True,v58-loop-01682
1683,94,9,west hearth,talk,Ari,dry seed store,0.571628,0.587628,0.367629,0.341629,recover focus,work,trust warms and obligation decreases,True,True,v58-loop-01683
1684,94,10,river gate,offer_help,Fay,sort herb shelf,0.667974,0.683974,0.155509,0.129509,work,rest,trust warms and obligation decreases,True,True,v58-loop-01684
1685,94,11,arrival court,borrow_tool,Milo,map safe route,0.600141,0.580141,0.08335,0.11335,rest,seek tool,work is delayed and debt marker increases,True,True,v58-loop-01685
1686,94,12,tool alcove,return_tool,Sera,dry seed store,0.436665,0.452665,0.221049,0.195049,negotiate debt,seek tool,trust warms and obligation decreases,True,True,v58-loop-01686
1687,94,13,rain court,interrupt_work,Tovan,sort herb shelf,0.328931,0.308931,0.435223,0.465223,seek tool,private task,work is delayed and debt marker increases,True,True,v58-loop-01687
1688,94,14,fiber loft,wait_offscreen,Nia,map safe route,0.338087,0.336087,0.518414,0.512414,care duty,private task,residents continue without avatar,True,True,v58-loop-01688
1689,94,15,west hearth,repair_trust,Ari,dry seed store,0.558112,0.574112,0.390039,0.364039,private task,recover focus,trust warms and obligation decreases,True,True,v58-loop-01689
1690,94,16,river gate,move,Fay,sort herb shelf,0.654469,0.658469,0.174447,0.172447,recover focus,work,position changes but history remains intact,True,True,v58-loop-01690
1691,94,17,arrival court,talk,Milo,map safe route,0.611912,0.627912,0.080473,0.054473,work,rest,trust warms and obligation decreases,True,True,v58-loop-01691
1692,95,0,rain court,borrow_tool,Sera,fix bridge peg,0.42131,0.40131,0.380235,0.410235,negotiate debt,care duty,work is delayed and debt marker increases,True,False,v58-loop-01692
1693,95,1,fiber loft,return_tool,Tovan,patch cloak,0.325734,0.345734,0.516885,0.490885,seek tool,care duty,trust warms and obligation decreases,True,True,v58-loop-01693
1694,95,2,west hearth,interrupt_work,Nia,repair awning,0.350287,0.330287,0.44345,0.47345,care duty,recover focus,work is delayed and debt marker increases,True,True,v58-loop-01694
1695,95,3,river gate,wait_offscreen,Ari,fix bridge peg,0.579953,0.581953,0.231062,0.225062,private task,recover focus,residents continue without avatar,True,True,v58-loop-01695
1696,95,4,arrival court,repair_trust,Fay,patch cloak,0.683764,0.699764,0.085451,0.059451,recover focus,work,trust warms and obligation decreases,True,True,v58-loop-01696
1697,95,5,tool alcove,move,Milo,repair awning,0.612063,0.616063,0.147662,0.145662,work,rest,position changes but history remains intact,True,True,v58-loop-01697
1698,95,6,rain court,talk,Sera,fix bridge peg,0.430972,0.446972,0.357435,0.331435,rest,negotiate debt,trust warms and obligation decreases,True,True,v58-loop-01698
1699,95,7,fiber loft,offer_help,Tovan,patch cloak,0.299838,0.319838,0.511573,0.485573,negotiate debt,seek tool,trust warms and obligation decreases,True,True,v58-loop-01699
1700,95,8,west hearth,borrow_tool,Nia,repair awning,0.350295,0.330295,0.460772,0.490772,seek tool,private task,work is delayed and debt marker increases,True,False,v58-loop-01700
1701,95,9,river gate,return_tool,Ari,fix bridge peg,0.571071,0.587071,0.254239,0.228239,care duty,private task,trust warms and obligation decreases,True,True,v58-loop-01701
1702,95,10,arrival court,interrupt_work,Fay,patch cloak,0.656473,0.636473,0.092032,0.122032,private task,work,work is delayed and debt marker increases,True,True,v58-loop-01702
1703,95,11,tool alcove,wait_offscreen,Milo,repair awning,0.601491,0.603491,0.131274,0.125274,recover focus,work,residents continue without avatar,True,True,v58-loop-01703
1704,95,12,rain court,repair_trust,Sera,fix bridge peg,0.422634,0.438634,0.333951,0.307951,work,rest,trust warms and obligation decreases,True,True,v58-loop-01704
1705,95,13,fiber loft,move,Tovan,patch cloak,0.314251,0.318251,0.503742,0.501742,rest,negotiate debt,position changes but history remains intact,True,True,v58-loop-01705
1706,95,14,west hearth,talk,Nia,repair awning,0.345065,0.365065,0.476179,0.450179,negotiate debt,seek tool,trust warms and obligation decreases,True,True,v58-loop-01706
1707,95,15,river gate,offer_help,Ari,fix bridge peg,0.572161,0.588161,0.27796,0.25196,seek tool,care duty,trust warms and obligation decreases,True,True,v58-loop-01707
1708,95,16,arrival court,borrow_tool,Fay,patch cloak,0.672791,0.652791,0.10109,0.13109,care duty,recover focus,work is delayed and debt marker increases,True,False,v58-loop-01708
1709,95,17,tool alcove,return_tool,Milo,repair awning,0.609982,0.625982,0.116894,0.090894,private task,recover focus,trust warms and obligation decreases,True,True,v58-loop-01709
1710,96,0,fiber loft,wait_offscreen,Sera,sort herb shelf,0.408828,0.406828,0.471689,0.465689,work,rest,residents continue without avatar,True,True,v58-loop-01710
1711,96,1,west hearth,repair_trust,Tovan,map safe route,0.315385,0.335385,0.506395,0.480395,rest,negotiate debt,trust warms and obligation decreases,True,True,v58-loop-01711
1712,96,2,river gate,move,Nia,dry seed store,0.379849,0.383849,0.341177,0.339177,negotiate debt,seek tool,position changes but history remains intact,True,True,v58-loop-01712
1713,96,3,arrival court,talk,Ari,sort herb shelf,0.586055,0.602055,0.136073,0.110073,seek tool,care duty,trust warms and obligation decreases,True,True,v58-loop-01713
1714,96,4,tool alcove,offer_help,Fay,map safe route,0.659157,0.675157,0.089756,0.063756,care duty,private task,trust warms and obligation decreases,True,True,v58-loop-01714
1715,96,5,rain court,borrow_tool,Milo,dry seed store,0.589129,0.569129,0.247092,0.277092,private task,work,work is delayed and debt marker increases,True,True,v58-loop-01715
1716,96,6,fiber loft,return_tool,Sera,sort herb shelf,0.424723,0.444723,0.455677,0.429677,recover focus,work,trust warms and obligation decreases,True,True,v58-loop-01716
1717,96,7,west hearth,interrupt_work,Tovan,map safe route,0.316226,0.296226,0.513466,0.543466,work,negotiate debt,work is delayed and debt marker increases,True,True,v58-loop-01717
1718,96,8,river gate,wait_offscreen,Nia,dry seed store,0.368532,0.366532,0.364481,0.358481,rest,negotiate debt,residents continue without avatar,True,True,v58-loop-01718
1719,96,9,arrival court,repair_trust,Ari,sort herb shelf,0.575103,0.591103,0.153037,0.127037,negotiate debt,seek tool,trust warms and obligation decreases,True,True,v58-loop-01719
1720,96,10,tool alcove,move,Fay,map safe route,0.652055,0.656055,0.083948,0.081948,seek tool,care duty,position changes but history remains intact,True,True,v58-loop-01720
1721,96,11,rain court,talk,Milo,dry seed store,0.588044,0.604044,0.224138,0.198138,care duty,private task,trust warms and obligation decreases,True,True,v58-loop-01721
1722,96,12,fiber loft,offer_help,Sera,sort herb shelf,0.401652,0.421652,0.437811,0.411811,private task,recover focus,trust warms and obligation decreases,True,True,v58-loop-01722
1723,96,13,west hearth,borrow_tool,Tovan,map safe route,0.320713,0.300713,0.517994,0.547994,recover focus,rest,work is delayed and debt marker increases,True,True,v58-loop-01723
1724,96,14,river gate,return_tool,Nia,dry seed store,0.355876,0.371876,0.387018,0.361018,work,rest,trust warms and obligation decreases,True,True,v58-loop-01724
1725,96,15,arrival court,interrupt_work,Ari,sort herb shelf,0.567631,0.547631,0.171752,0.201752,rest,seek tool,work is delayed and debt marker increases,True,True,v58-loop-01725
1726,96,16,tool alcove,wait_offscreen,Fay,map safe route,0.683167,0.681167,0.080713,0.074713,negotiate debt,seek tool,residents continue without avatar,True,True,v58-loop-01726
1727,96,17,rain court,repair_trust,Milo,dry seed store,0.60121,0.61721,0.202087,0.176087,seek tool,care duty,trust warms and obligation decreases,True,True,v58-loop-01727
1728,97,0,west hearth,talk,Sera,patch cloak,0.402732,0.422732,0.517414,0.491414,private task,recover focus,trust warms and obligation decreases,True,True,v58-loop-01728
1729,97,1,river gate,offer_help,Tovan,repair awning,0.305468,0.325468,0.440932,0.414932,recover focus,work,trust warms and obligation decreases,True,True,v58-loop-01729
1730,97,2,arrival court,borrow_tool,Nia,fix bridge peg,0.359061,0.339061,0.227937,0.257937,work,negotiate debt,work is delayed and debt marker increases,True,True,v58-loop-01730
1731,97,3,tool alcove,return_tool,Ari,patch cloak,0.593029,0.609029,0.084745,0.058745,rest,negotiate debt,trust warms and obligation decreases,True,True,v58-loop-01731
1732,97,4,rain court,interrupt_work,Fay,repair awning,0.659198,0.639198,0.15006,0.18006,negotiate debt,care duty,work is delayed and debt marker increases,True,False,v58-loop-01732
1733,97,5,fiber loft,wait_offscreen,Milo,fix bridge peg,0.56762,0.56962,0.360614,0.354614,seek tool,care duty,residents continue without avatar,True,True,v58-loop-01733
1734,97,6,west hearth,repair_trust,Sera,patch cloak,0.392408,0.412408,0.512454,0.486454,care duty,private task,trust warms and obligation decreases,True,True,v58-loop-01734
1735,97,7,river gate,move,Tovan,repair awning,0.311579,0.315579,0.458501,0.456501,private task,recover focus,position changes but history remains intact,True,True,v58-loop-01735
1736,97,8,arrival court,talk,Nia,fix bridge peg,0.386218,0.402218,0.251016,0.225016,recover focus,work,trust warms and obligation decreases,True,True,v58-loop-01736
1737,97,9,tool alcove,offer_help,Ari,patch cloak,0.576148,0.592148,0.090979,0.064979,work,rest,trust warms and obligation decreases,True,True,v58-loop-01737
1738,97,10,rain court,borrow_tool,Fay,repair awning,0.677794,0.657794,0.13341,0.16341,rest,seek tool,work is delayed and debt marker increases,True,True,v58-loop-01738
1739,97,11,fiber loft,return_tool,Milo,fix bridge peg,0.579883,0.595883,0.337208,0.311208,negotiate debt,seek tool,trust warms and obligation decreases,True,True,v58-loop-01739
1740,97,12,west hearth,interrupt_work,Sera,patch cloak,0.417262,0.397262,0.504964,0.534964,seek tool,private task,work is delayed and debt marker increases,True,False,v58-loop-01740
1741,97,13,river gate,wait_offscreen,Tovan,repair awning,0.313269,0.315269,0.474182,0.468182,care duty,private task,residents continue without avatar,True,True,v58-loop-01741
1742,97,14,arrival court,repair_trust,Nia,fix bridge peg,0.371302,0.387302,0.274679,0.248679,private task,recover focus,trust warms and obligation decreases,True,True,v58-loop-01742
1743,97,15,tool alcove,move,Ari,patch cloak,0.60401,0.60801,0.099703,0.097703,recover focus,work,position changes but history remains intact,True,True,v58-loop-01743
1744,97,16,rain court,talk,Fay,repair awning,0.654411,0.670411,0.118744,0.092744,work,rest,trust warms and obligation decreases,True,True,v58-loop-01744
1745,97,17,fiber loft,offer_help,Milo,fix bridge peg,0.57031,0.58631,0.313359,0.287359,rest,negotiate debt,trust warms and obligation decreases,True,True,v58-loop-01745
1746,98,0,river gate,return_tool,Sera,map safe route,0.386511,0.406511,0.50523,0.47923,seek tool,care duty,trust warms and obligation decreases,True,True,v58-loop-01746
1747,98,1,arrival court,interrupt_work,Tovan,dry seed store,0.313115,0.293115,0.337931,0.367931,care duty,recover focus,work is delayed and debt marker increases,True,True,v58-loop-01747
1748,98,2,tool alcove,wait_offscreen,Nia,sort herb shelf,0.392497,0.390497,0.13389,0.12789,private task,recover focus,residents continue without avatar,True,True,v58-loop-01748
1749,98,3,rain court,repair_trust,Ari,map safe route,0.614177,0.630177,0.090752,0.064752,recover focus,work,trust warms and obligation decreases,True,True,v58-loop-01749
1750,98,4,fiber loft,move,Fay,dry seed store,0.66384,0.66784,0.250301,0.248301,work,rest,position changes but history remains intact,True,True,v58-loop-01750
1751,98,5,west hearth,talk,Milo,sort herb shelf,0.553142,0.573142,0.457991,0.431991,rest,negotiate debt,trust warms and obligation decreases,True,True,v58-loop-01751
1752,98,6,river gate,offer_help,Sera,map safe route,0.391055,0.411055,0.512644,0.486644,negotiate debt,seek tool,trust warms and obligation decreases,True,True,v58-loop-01752
1753,98,7,arrival court,borrow_tool,Tovan,dry seed store,0.292355,0.272355,0.361319,0.391319,seek tool,private task,work is delayed and debt marker increases,True,True,v58-loop-01753
1754,98,8,tool alcove,return_tool,Nia,sort herb shelf,0.378344,0.394344,0.150598,0.124598,care duty,private task,trust warms and obligation decreases,True,True,v58-loop-01754
1755,98,9,rain court,interrupt_work,Ari,map safe route,0.605876,0.585876,0.084595,0.114595,private task,work,work is delayed and debt marker increases,True,True,v58-loop-01755
1756,98,10,fiber loft,wait_offscreen,Fay,dry seed store,0.674579,0.672579,0.227244,0.221244,recover focus,work,residents continue without avatar,True,True,v58-loop-01756
1757,98,11,west hearth,repair_trust,Milo,sort herb shelf,0.572375,0.592375,0.440368,0.414368,work,rest,trust warms and obligation decreases,True,True,v58-loop-01757
1758,98,12,river gate,move,Sera,map safe route,0.4087,0.4127,0.517525,0.515525,rest,negotiate debt,position changes but history remains intact,True,True,v58-loop-01758
1759,98,13,arrival court,talk,Tovan,dry seed store,0.291615,0.307615,0.383977,0.357977,negotiate debt,seek tool,trust warms and obligation decreases,True,True,v58-loop-01759
1760,98,14,tool alcove,offer_help,Nia,sort herb shelf,0.373569,0.389569,0.169085,0.143085,seek tool,care duty,trust warms and obligation decreases,True,True,v58-loop-01760
1761,98,15,rain court,borrow_tool,Ari,map safe route,0.59307,0.57307,0.081004,0.111004,care duty,recover focus,work is delayed and debt marker increases,True,True,v58-loop-01761
1762,98,16,fiber loft,return_tool,Fay,dry seed store,0.669167,0.685167,0.205053,0.179053,private task,recover focus,trust warms and obligation decreases,True,True,v58-loop-01762
1763,98,17,west hearth,interrupt_work,Milo,sort herb shelf,0.583738,0.563738,0.421072,0.451072,recover focus,rest,work is delayed and debt marker increases,True,True,v58-loop-01763
1764,99,0,arrival court,repair_trust,Sera,repair awning,0.391144,0.411144,0.438382,0.412382,rest,negotiate debt,trust warms and obligation decreases,True,True,v58-loop-01764
1765,99,1,tool alcove,move,Tovan,fix bridge peg,0.312468,0.316468,0.224827,0.222827,negotiate debt,seek tool,position changes but history remains intact,True,True,v58-loop-01765
1766,99,2,rain court,talk,Nia,patch cloak,0.390645,0.406645,0.084088,0.058088,seek tool,care duty,trust warms and obligation decreases,True,True,v58-loop-01766
1767,99,3,fiber loft,offer_help,Ari,repair awning,0.616753,0.632753,0.152492,0.126492,care duty,private task,trust warms and obligation decreases,True,True,v58-loop-01767
1768,99,4,west hearth,borrow_tool,Fay,fix bridge peg,0.661303,0.641303,0.363779,0.393779,private task,work,work is delayed and debt marker increases,True,False,v58-loop-01768
1769,99,5,river gate,return_tool,Milo,patch cloak,0.551383,0.571383,0.513287,0.487287,recover focus,work,trust warms and obligation decreases,True,True,v58-loop-01769
1770,99,6,arrival court,interrupt_work,Sera,repair awning,0.369338,0.349338,0.456195,0.486195,work,negotiate debt,work is delayed and debt marker increases,True,True,v58-loop-01770
1771,99,7,tool alcove,wait_offscreen,Tovan,fix bridge peg,0.323711,0.325711,0.247805,0.241805,rest,negotiate debt,residents continue without avatar,True,True,v58-loop-01771
1772,99,8,rain court,repair_trust,Nia,patch cloak,0.379313,0.395313,0.089973,0.063973,negotiate debt,seek tool,trust warms and obligation decreases,True,True,v58-loop-01772
1773,99,9,fiber loft,move,Ari,repair awning,0.619808,0.623808,0.135584,0.133584,seek tool,care duty,position changes but history remains intact,True,True,v58-loop-01773
1774,99,10,west hearth,talk,Fay,fix bridge peg,0.661184,0.677184,0.340456,0.314456,care duty,private task,trust warms and obligation decreases,True,True,v58-loop-01774
1775,99,11,river gate,offer_help,Milo,patch cloak,0.562353,0.582353,0.50614,0.48014,private task,recover focus,trust warms and obligation decreases,True,True,v58-loop-01775
1776,99,12,arrival court,borrow_tool,Sera,repair awning,0.390556,0.370556,0.472147,0.502147,recover focus,rest,work is delayed and debt marker increases,True,False,v58-loop-01776
1777,99,13,tool alcove,return_tool,Tovan,fix bridge peg,0.296604,0.312604,0.271404,0.245404,work,rest,trust warms and obligation decreases,True,True,v58-loop-01777
1778,99,14,rain court,interrupt_work,Nia,patch cloak,0.38552,0.36552,0.09836,0.12836,rest,seek tool,work is delayed and debt marker increases,True,True,v58-loop-01778
1779,99,15,fiber loft,wait_offscreen,Ari,repair awning,0.600892,0.602892,0.120635,0.114635,negotiate debt,seek tool,residents continue without avatar,True,True,v58-loop-01779
1780,99,16,west hearth,repair_trust,Fay,fix bridge peg,0.652138,0.668138,0.316651,0.290651,seek tool,care duty,trust warms and obligation decreases,True,True,v58-loop-01780
1781,99,17,river gate,move,Milo,patch cloak,0.571574,0.575574,0.496538,0.494538,care duty,private task,position changes but history remains intact,True,True,v58-loop-01781
1782,100,0,tool alcove,offer_help,Sera,dry seed store,0.373466,0.389466,0.334676,0.308676,recover focus,work,trust warms and obligation decreases,True,True,v58-loop-01782
1783,100,1,rain court,borrow_tool,Tovan,sort herb shelf,0.291599,0.271599,0.131745,0.161745,work,negotiate debt,work is delayed and debt marker increases,True,True,v58-loop-01783
1784,100,2,fiber loft,return_tool,Nia,map safe route,0.419148,0.435148,0.091794,0.065794,rest,negotiate debt,trust warms and obligation decreases,True,True,v58-loop-01784
1785,100,3,west hearth,interrupt_work,Ari,dry seed store,0.607434,0.587434,0.253521,0.283521,negotiate debt,care duty,work is delayed and debt marker increases,True,True,v58-loop-01785
1786,100,4,river gate,wait_offscreen,Fay,sort herb shelf,0.675627,0.673627,0.46027,0.45427,seek tool,care duty,residents continue without avatar,True,True,v58-loop-01786
1787,100,5,arrival court,repair_trust,Milo,map safe route,0.540291,0.560291,0.511773,0.485773,care duty,private task,trust warms and obligation decreases,True,True,v58-loop-01787
1788,100,6,tool alcove,move,Sera,dry seed store,0.371841,0.375841,0.358143,0.356143,private task,recover focus,position changes but history remains intact,True,True,v58-loop-01788
1789,100,7,rain court,talk,Tovan,sort herb shelf,0.325769,0.341769,0.148193,0.122193,recover focus,work,trust warms and obligation decreases,True,True,v58-loop-01789
1790,100,8,fiber loft,offer_help,Nia,map safe route,0.419659,0.435659,0.08529,0.05929,work,rest,trust warms and obligation decreases,True,True,v58-loop-01790
1791,100,9,west hearth,borrow_tool,Ari,dry seed store,0.626665,0.606665,0.230366,0.260366,rest,seek tool,work is delayed and debt marker increases,True,True,v58-loop-01791
1792,100,10,river gate,return_tool,Fay,sort herb shelf,0.670131,0.690131,0.442893,0.416893,negotiate debt,seek tool,trust warms and obligation decreases,True,True,v58-loop-01792
1793,100,11,arrival court,interrupt_work,Milo,map safe route,0.558888,0.538888,0.517007,0.547007,seek tool,private task,work is delayed and debt marker increases,True,True,v58-loop-01793
1794,100,12,tool alcove,wait_offscreen,Sera,dry seed store,0.369565,0.367565,0.380917,0.374917,care duty,private task,residents continue without avatar,True,True,v58-loop-01794
1795,100,13,rain court,repair_trust,Tovan,sort herb shelf,0.3018,0.3178,0.166448,0.140448,private task,recover focus,trust warms and obligation decreases,True,True,v58-loop-01795
1796,100,14,fiber loft,move,Nia,map safe route,0.420909,0.424909,0.081343,0.079343,recover focus,work,position changes but history remains intact,True,True,v58-loop-01796
1797,100,15,west hearth,talk,Ari,dry seed store,0.607941,0.623941,0.20804,0.18204,work,rest,trust warms and obligation decreases,True,True,v58-loop-01797
1798,100,16,river gate,offer_help,Fay,sort herb shelf,0.64741,0.66741,0.423814,0.397814,rest,negotiate debt,trust warms and obligation decreases,True,True,v58-loop-01798
1799,100,17,arrival court,borrow_tool,Milo,map safe route,0.537408,0.517408,0.519656,0.549656,negotiate debt,care duty,work is delayed and debt marker increases,True,True,v58-loop-01799
1800,101,0,rain court,interrupt_work,Sera,fix bridge peg,0.370763,0.350763,0.221734,0.251734,care duty,recover focus,work is delayed and debt marker increases,True,False,v58-loop-01800
1801,101,1,fiber loft,wait_offscreen,Tovan,patch cloak,0.315485,0.317485,0.083479,0.077479,private task,recover focus,residents continue without avatar,True,True,v58-loop-01801
1802,101,2,west hearth,repair_trust,Nia,repair awning,0.425859,0.441859,0.154957,0.128957,recover focus,work,trust warms and obligation decreases,True,True,v58-loop-01802
1803,101,3,river gate,move,Ari,fix bridge peg,0.629567,0.633567,0.36693,0.36493,work,rest,position changes but history remains intact,True,True,v58-loop-01803
1804,101,4,arrival court,talk,Fay,patch cloak,0.647188,0.667188,0.514072,0.488072,rest,negotiate debt,trust warms and obligation decreases,True,True,v58-loop-01804
1805,101,5,tool alcove,offer_help,Milo,repair awning,0.533264,0.553264,0.453853,0.427853,negotiate debt,seek tool,trust warms and obligation decreases,True,True,v58-loop-01805
1806,101,6,rain court,borrow_tool,Sera,fix bridge peg,0.356291,0.336291,0.244605,0.274605,seek tool,private task,work is delayed and debt marker increases,True,True,v58-loop-01806
1807,101,7,fiber loft,return_tool,Tovan,patch cloak,0.296944,0.312944,0.089015,0.063015,care duty,private task,trust warms and obligation decreases,True,True,v58-loop-01807
1808,101,8,west hearth,interrupt_work,Nia,repair awning,0.41861,0.39861,0.137795,0.167795,private task,work,work is delayed and debt marker increases,True,False,v58-loop-01808
1809,101,9,river gate,wait_offscreen,Ari,fix bridge peg,0.626611,0.628611,0.343695,0.337695,recover focus,work,residents continue without avatar,True,True,v58-loop-01809
1810,101,10,arrival court,repair_trust,Fay,patch cloak,0.656449,0.676449,0.50727,0.48127,work,rest,trust warms and obligation decreases,True,True,v58-loop-01810
1811,101,11,tool alcove,move,Milo,repair awning,0.538213,0.542213,0.470073,0.468073,rest,negotiate debt,position changes but history remains intact,True,True,v58-loop-01811
1812,101,12,rain court,talk,Sera,fix bridge peg,0.377243,0.393243,0.268135,0.242135,negotiate debt,seek tool,trust warms and obligation decreases,True,True,v58-loop-01812
1813,101,13,fiber loft,offer_help,Tovan,patch cloak,0.32562,0.34162,0.097063,0.071063,seek tool,care duty,trust warms and obligation decreases,True,True,v58-loop-01813
1814,101,14,west hearth,borrow_tool,Nia,repair awning,0.430503,0.410503,0.122566,0.152566,care duty,recover focus,work is delayed and debt marker increases,True,True,v58-loop-01814
1815,101,15,river gate,return_tool,Ari,fix bridge peg,0.643618,0.659618,0.319939,0.293939,private task,recover focus,trust warms and obligation decreases,True,True,v58-loop-01815
1816,101,16,arrival court,interrupt_work,Fay,patch cloak,0.643203,0.623203,0.497999,0.527999,recover focus,rest,work is delayed and debt marker increases,True,False,v58-loop-01816
1817,101,17,tool alcove,wait_offscreen,Milo,repair awning,0.546184,0.548184,0.484267,0.478267,work,rest,residents continue without avatar,True,True,v58-loop-01817
1818,102,0,fiber loft,move,Sera,sort herb shelf,0.36629,0.37029,0.129638,0.127638,negotiate debt,seek tool,position changes but history remains intact,True,True,v58-loop-01818
1819,102,1,west hearth,talk,Tovan,map safe route,0.298754,0.314754,0.092884,0.066884,seek tool,care duty,trust warms and obligation decreases,True,True,v58-loop-01819
1820,102,2,river gate,offer_help,Nia,dry seed store,0.443982,0.459982,0.256752,0.230752,care duty,private task,trust warms and obligation decreases,True,True,v58-loop-01820
1821,102,3,arrival court,borrow_tool,Ari,sort herb shelf,0.638368,0.618368,0.462512,0.492512,private task,work,work is delayed and debt marker increases,True,True,v58-loop-01821
1822,102,4,tool alcove,return_tool,Fay,map safe route,0.648363,0.668363,0.510856,0.484856,recover focus,work,trust warms and obligation decreases,True,True,v58-loop-01822
1823,102,5,rain court,interrupt_work,Milo,dry seed store,0.507388,0.487388,0.354954,0.384954,work,negotiate debt,work is delayed and debt marker increases,True,True,v58-loop-01823
1824,102,6,fiber loft,wait_offscreen,Sera,sort herb shelf,0.367495,0.365495,0.145821,0.139821,rest,negotiate debt,residents continue without avatar,True,True,v58-loop-01824
1825,102,7,west hearth,repair_trust,Tovan,map safe route,0.308551,0.324551,0.086034,0.060034,negotiate debt,seek tool,trust warms and obligation decreases,True,True,v58-loop-01825
1826,102,8,river gate,move,Nia,dry seed store,0.426991,0.430991,0.233504,0.231504,seek tool,care duty,position changes but history remains intact,True,True,v58-loop-01826
1827,102,9,arrival court,talk,Ari,sort herb shelf,0.635752,0.655752,0.445386,0.419386,care duty,private task,trust warms and obligation decreases,True,True,v58-loop-01827
1828,102,10,tool alcove,offer_help,Fay,map safe route,0.6667,0.6867,0.51644,0.49044,private task,recover focus,trust warms and obligation decreases,True,True,v58-loop-01828
1829,102,11,rain court,borrow_tool,Milo,dry seed store,0.509984,0.489984,0.37784,0.40784,recover focus,rest,work is delayed and debt marker increases,True,True,v58-loop-01829
1830,102,12,fiber loft,return_tool,Sera,sort herb shelf,0.373664,0.389664,0.16384,0.13784,work,rest,trust warms and obligation decreases,True,True,v58-loop-01830
1831,102,13,west hearth,interrupt_work,Tovan,map safe route,0.300261,0.280261,0.081732,0.111732,rest,seek tool,work is delayed and debt marker increases,True,True,v58-loop-01831
1832,102,14,river gate,wait_offscreen,Nia,dry seed store,0.433787,0.431787,0.211048,0.205048,negotiate debt,seek tool,residents continue without avatar,True,True,v58-loop-01832
1833,102,15,arrival court,repair_trust,Ari,sort herb shelf,0.627597,0.647597,0.426528,0.400528,seek tool,care duty,trust warms and obligation decreases,True,True,v58-loop-01833
1834,102,16,tool alcove,move,Fay,map safe route,0.654768,0.658768,0.519446,0.517446,care duty,private task,position changes but history remains intact,True,True,v58-loop-01834
1835,102,17,rain court,talk,Milo,dry seed store,0.505542,0.521542,0.399799,0.373799,private task,recover focus,trust warms and obligation decreases,True,True,v58-loop-01835
1836,103,0,west hearth,borrow_tool,Sera,patch cloak,0.343069,0.323069,0.082919,0.112919,work,negotiate debt,work is delayed and debt marker increases,True,False,v58-loop-01836
1837,103,1,river gate,return_tool,Tovan,repair awning,0.323133,0.339133,0.157454,0.131454,rest,negotiate debt,trust warms and obligation decreases,True,True,v58-loop-01837
1838,103,2,arrival court,interrupt_work,Nia,fix bridge peg,0.431602,0.411602,0.370066,0.400066,negotiate debt,care duty,work is delayed and debt marker increases,True,True,v58-loop-01838
1839,103,3,tool alcove,wait_offscreen,Ari,patch cloak,0.64543,0.64743,0.514809,0.508809,seek tool,care duty,residents continue without avatar,True,True,v58-loop-01839
1840,103,4,rain court,repair_trust,Fay,repair awning,0.644706,0.664706,0.451477,0.425477,care duty,private task,trust warms and obligation decreases,True,True,v58-loop-01840
1841,103,5,fiber loft,move,Milo,fix bridge peg,0.521491,0.525491,0.241417,0.239417,private task,recover focus,position changes but history remains intact,True,True,v58-loop-01841
1842,103,6,west hearth,talk,Sera,patch cloak,0.36462,0.38062,0.088104,0.062104,recover focus,work,trust warms and obligation decreases,True,True,v58-loop-01842
1843,103,7,river gate,offer_help,Tovan,repair awning,0.302099,0.318099,0.140043,0.114043,work,rest,trust warms and obligation decreases,True,True,v58-loop-01843
1844,103,8,arrival court,borrow_tool,Nia,fix bridge peg,0.459839,0.439839,0.346924,0.376924,rest,seek tool,work is delayed and debt marker increases,True,False,v58-loop-01844
1845,103,9,tool alcove,return_tool,Ari,patch cloak,0.649738,0.669738,0.508353,0.482353,negotiate debt,seek tool,trust warms and obligation decreases,True,True,v58-loop-01845
1846,103,10,rain court,interrupt_work,Fay,repair awning,0.641266,0.621266,0.467961,0.497961,seek tool,private task,work is delayed and debt marker increases,True,True,v58-loop-01846
1847,103,11,fiber loft,wait_offscreen,Milo,fix bridge peg,0.521295,0.523295,0.264874,0.258874,care duty,private task,residents continue without avatar,True,True,v58-loop-01847
1848,103,12,west hearth,repair_trust,Sera,patch cloak,0.349748,0.365748,0.095812,0.069812,private task,recover focus,trust warms and obligation decreases,True,True,v58-loop-01848
1849,103,13,river gate,move,Tovan,repair awning,0.330864,0.334864,0.124536,0.122536,recover focus,work,position changes but history remains intact,True,True,v58-loop-01849
1850,103,14,arrival court,talk,Nia,fix bridge peg,0.459314,0.475314,0.323223,0.297223,work,rest,trust warms and obligation decreases,True,True,v58-loop-01850
1851,103,15,tool alcove,offer_help,Ari,patch cloak,0.643208,0.663208,0.499415,0.473415,rest,negotiate debt,trust warms and obligation decreases,True,True,v58-loop-01851
1852,103,16,rain court,borrow_tool,Fay,repair awning,0.659211,0.639211,0.482444,0.512444,negotiate debt,care duty,work is delayed and debt marker increases,True,False,v58-loop-01852
1853,103,17,fiber loft,return_tool,Milo,fix bridge peg,0.506892,0.522892,0.288749,0.262749,seek tool,care duty,trust warms and obligation decreases,True,True,v58-loop-01853
1854,104,0,river gate,wait_offscreen,Sera,map safe route,0.342218,0.340218,0.094019,0.088019,private task,recover focus,residents continue without avatar,True,True,v58-loop-01854
1855,104,1,arrival court,repair_trust,Tovan,dry seed store,0.32328,0.33928,0.259992,0.233992,recover focus,work,trust warms and obligation decreases,True,True,v58-loop-01855
1856,104,2,tool alcove,move,Nia,sort herb shelf,0.443873,0.447873,0.464718,0.462718,work,rest,position changes but history remains intact,True,True,v58-loop-01856
1857,104,3,rain court,talk,Ari,map safe route,0.643955,0.663955,0.50989,0.48389,rest,negotiate debt,trust warms and obligation decreases,True,True,v58-loop-01857
1858,104,4,fiber loft,offer_help,Fay,dry seed store,0.644185,0.660185,0.351753,0.325753,negotiate debt,seek tool,trust warms and obligation decreases,True,True,v58-loop-01858
1859,104,5,west hearth,borrow_tool,Milo,sort herb shelf,0.488457,0.468457,0.143485,0.173485,seek tool,private task,work is delayed and debt marker increases,True,True,v58-loop-01859
1860,104,6,river gate,return_tool,Sera,map safe route,0.346345,0.362345,0.086825,0.060825,care duty,private task,trust warms and obligation decreases,True,True,v58-loop-01860
1861,104,7,arrival court,interrupt_work,Tovan,dry seed store,0.328226,0.308226,0.236657,0.266657,private task,work,work is delayed and debt marker increases,True,True,v58-loop-01861
1862,104,8,tool alcove,wait_offscreen,Nia,sort herb shelf,0.450264,0.448264,0.447846,0.441846,recover focus,work,residents continue without avatar,True,True,v58-loop-01862
1863,104,9,rain court,repair_trust,Ari,map safe route,0.664722,0.684722,0.515824,0.489824,work,rest,trust warms and obligation decreases,True,True,v58-loop-01863
1864,104,10,fiber loft,move,Fay,dry seed store,0.63469,0.63869,0.374745,0.372745,rest,negotiate debt,position changes but history remains intact,True,True,v58-loop-01864
1865,104,11,west hearth,talk,Milo,sort herb shelf,0.484942,0.500942,0.161264,0.135264,negotiate debt,seek tool,trust warms and obligation decreases,True,True,v58-loop-01865
1866,104,12,river gate,offer_help,Sera,map safe route,0.339958,0.355958,0.08217,0.05617,seek tool,care duty,trust warms and obligation decreases,True,True,v58-loop-01866
1867,104,13,arrival court,borrow_tool,Tovan,dry seed store,0.312311,0.292311,0.214076,0.244076,care duty,recover focus,work is delayed and debt marker increases,True,True,v58-loop-01867
1868,104,14,tool alcove,return_tool,Nia,sort herb shelf,0.448148,0.468148,0.429213,0.403213,private task,recover focus,trust warms and obligation decreases,True,True,v58-loop-01868
1869,104,15,rain court,interrupt_work,Ari,map safe route,0.657202,0.637202,0.519188,0.549188,recover focus,rest,work is delayed and debt marker increases,True,True,v58-loop-01869
1870,104,16,fiber loft,wait_offscreen,Fay,dry seed store,0.650762,0.648762,0.396847,0.390847,work,rest,residents continue without avatar,True,True,v58-loop-01870
1871,104,17,west hearth,repair_trust,Milo,sort herb shelf,0.480469,0.496469,0.180695,0.154695,rest,negotiate debt,trust warms and obligation decreases,True,True,v58-loop-01871
1872,105,0,arrival court,talk,Sera,repair awning,0.323423,0.339423,0.159984,0.133984,seek tool,care duty,trust warms and obligation decreases,True,True,v58-loop-01872
1873,105,1,tool alcove,offer_help,Tovan,fix bridge peg,0.310786,0.326786,0.373186,0.347186,care duty,private task,trust warms and obligation decreases,True,True,v58-loop-01873
1874,105,2,rain court,borrow_tool,Nia,patch cloak,0.46292,0.44292,0.515497,0.545497,private task,work,work is delayed and debt marker increases,True,True,v58-loop-01874
1875,105,3,fiber loft,return_tool,Ari,repair awning,0.646615,0.666615,0.449067,0.423067,recover focus,work,trust warms and obligation decreases,True,True,v58-loop-01875
1876,105,4,west hearth,interrupt_work,Fay,fix bridge peg,0.619508,0.599508,0.238243,0.268243,work,negotiate debt,work is delayed and debt marker increases,True,False,v58-loop-01876
1877,105,5,river gate,wait_offscreen,Milo,patch cloak,0.475126,0.477126,0.08724,0.08124,rest,negotiate debt,residents continue without avatar,True,True,v58-loop-01877
1878,105,6,arrival court,repair_trust,Sera,repair awning,0.319012,0.335012,0.142326,0.116326,negotiate debt,seek tool,trust warms and obligation decreases,True,True,v58-loop-01878
1879,105,7,tool alcove,move,Tovan,fix bridge peg,0.329211,0.333211,0.350143,0.348143,seek tool,care duty,position changes but history remains intact,True,True,v58-loop-01879
1880,105,8,rain court,talk,Nia,patch cloak,0.466283,0.486283,0.509389,0.483389,care duty,private task,trust warms and obligation decreases,True,True,v58-loop-01880
1881,105,9,fiber loft,offer_help,Ari,repair awning,0.65899,0.67899,0.46581,0.43981,private task,recover focus,trust warms and obligation decreases,True,True,v58-loop-01881
1882,105,10,west hearth,borrow_tool,Fay,fix bridge peg,0.648643,0.628643,0.26162,0.29162,recover focus,rest,work is delayed and debt marker increases,True,True,v58-loop-01882
1883,105,11,river gate,return_tool,Milo,patch cloak,0.470573,0.486573,0.094607,0.068607,work,rest,trust warms and obligation decreases,True,True,v58-loop-01883
1884,105,12,arrival court,interrupt_work,Sera,repair awning,0.318626,0.298626,0.126547,0.156547,rest,seek tool,work is delayed and debt marker increases,True,False,v58-loop-01884
1885,105,13,tool alcove,wait_offscreen,Tovan,fix bridge peg,0.314466,0.316466,0.326502,0.320502,negotiate debt,seek tool,residents continue without avatar,True,True,v58-loop-01885
1886,105,14,rain court,repair_trust,Nia,patch cloak,0.460554,0.480554,0.500786,0.474786,seek tool,care duty,trust warms and obligation decreases,True,True,v58-loop-01886
1887,105,15,fiber loft,move,Ari,repair awning,0.64128,0.64528,0.480579,0.478579,care duty,private task,position changes but history remains intact,True,True,v58-loop-01887
1888,105,16,west hearth,talk,Fay,fix bridge peg,0.640822,0.656822,0.285454,0.259454,private task,recover focus,trust warms and obligation decreases,True,True,v58-loop-01888
1889,105,17,river gate,offer_help,Milo,patch cloak,0.495925,0.511925,0.104419,0.078419,recover focus,work,trust warms and obligation decreases,True,True,v58-loop-01889
1890,106,0,tool alcove,return_tool,Sera,dry seed store,0.343215,0.359215,0.263242,0.237242,rest,negotiate debt,trust warms and obligation decreases,True,True,v58-loop-01890
1891,106,1,rain court,interrupt_work,Tovan,sort herb shelf,0.3279,0.3079,0.466887,0.496887,negotiate debt,care duty,work is delayed and debt marker increases,True,True,v58-loop-01891
1892,106,2,fiber loft,wait_offscreen,Nia,map safe route,0.462796,0.460796,0.508878,0.502878,seek tool,care duty,residents continue without avatar,True,True,v58-loop-01892
1893,106,3,west hearth,repair_trust,Ari,dry seed store,0.673399,0.689399,0.348539,0.322539,care duty,private task,trust warms and obligation decreases,True,True,v58-loop-01893
1894,106,4,river gate,move,Fay,sort herb shelf,0.615927,0.619927,0.141183,0.139183,private task,recover focus,position changes but history remains intact,True,True,v58-loop-01894
1895,106,5,arrival court,talk,Milo,map safe route,0.476021,0.492021,0.087665,0.061665,recover focus,work,trust warms and obligation decreases,True,True,v58-loop-01895
1896,106,6,tool alcove,offer_help,Sera,dry seed store,0.341249,0.357249,0.239824,0.213824,work,rest,trust warms and obligation decreases,True,True,v58-loop-01896
1897,106,7,rain court,borrow_tool,Tovan,sort herb shelf,0.333396,0.313396,0.450273,0.480273,rest,seek tool,work is delayed and debt marker increases,True,True,v58-loop-01897
1898,106,8,fiber loft,return_tool,Nia,map safe route,0.496724,0.516724,0.51516,0.48916,negotiate debt,seek tool,trust warms and obligation decreases,True,True,v58-loop-01898
1899,106,9,west hearth,interrupt_work,Ari,dry seed store,0.663972,0.643972,0.371633,0.401633,seek tool,private task,work is delayed and debt marker increases,True,True,v58-loop-01899
1900,106,10,river gate,wait_offscreen,Fay,sort herb shelf,0.612066,0.610066,0.158718,0.152718,care duty,private task,residents continue without avatar,True,True,v58-loop-01900
1901,106,11,arrival court,repair_trust,Milo,map safe route,0.48575,0.50175,0.082656,0.056656,private task,recover focus,trust warms and obligation decreases,True,True,v58-loop-01901
1902,106,12,tool alcove,move,Sera,dry seed store,0.326003,0.330003,0.217124,0.215124,recover focus,work,position changes but history remains intact,True,True,v58-loop-01902
1903,106,13,rain court,talk,Tovan,sort herb shelf,0.320568,0.340568,0.431869,0.405869,work,rest,trust warms and obligation decreases,True,True,v58-loop-01903
1904,106,14,fiber loft,offer_help,Nia,map safe route,0.467449,0.487449,0.51888,0.49288,rest,negotiate debt,trust warms and obligation decreases,True,True,v58-loop-01904
1905,106,15,west hearth,borrow_tool,Ari,dry seed store,0.669246,0.649246,0.393873,0.423873,negotiate debt,care duty,work is delayed and debt marker increases,True,True,v58-loop-01905
1906,106,16,river gate,return_tool,Fay,sort herb shelf,0.63366,0.64966,0.177936,0.151936,seek tool,care duty,trust warms and obligation decreases,True,True,v58-loop-01906
1907,106,17,arrival court,interrupt_work,Milo,map safe route,0.457242,0.437242,0.080236,0.110236,care duty,recover focus,work is delayed and debt marker increases,True,True,v58-loop-01907
1908,107,0,rain court,repair_trust,Sera,fix bridge peg,0.309031,0.325031,0.37629,0.35029,recover focus,work,trust warms and obligation decreases,True,True,v58-loop-01908
1909,107,1,fiber loft,move,Tovan,patch cloak,0.35393,0.35793,0.516137,0.514137,work,rest,position changes but history remains intact,True,True,v58-loop-01909
1910,107,2,west hearth,talk,Nia,repair awning,0.509465,0.529465,0.446623,0.420623,rest,negotiate debt,trust warms and obligation decreases,True,True,v58-loop-01910
1911,107,3,river gate,offer_help,Ari,fix bridge peg,0.659269,0.675269,0.235083,0.209083,negotiate debt,seek tool,trust warms and obligation decreases,True,True,v58-loop-01911
1912,107,4,arrival court,borrow_tool,Fay,patch cloak,0.630363,0.610363,0.086424,0.116424,seek tool,private task,work is delayed and debt marker increases,True,False,v58-loop-01912
1913,107,5,tool alcove,return_tool,Milo,repair awning,0.473066,0.489066,0.144645,0.118645,care duty,private task,trust warms and obligation decreases,True,True,v58-loop-01913
1914,107,6,rain court,interrupt_work,Sera,fix bridge peg,0.325473,0.305473,0.35335,0.38335,private task,work,work is delayed and debt marker increases,True,True,v58-loop-01914
1915,107,7,fiber loft,wait_offscreen,Tovan,patch cloak,0.329397,0.331397,0.510378,0.504378,recover focus,work,residents continue without avatar,True,True,v58-loop-01915
1916,107,8,west hearth,repair_trust,Nia,repair awning,0.500498,0.520498,0.463623,0.437623,work,rest,trust warms and obligation decreases,True,True,v58-loop-01916
1917,107,9,river gate,move,Ari,fix bridge peg,0.665956,0.669956,0.258375,0.256375,rest,negotiate debt,position changes but history remains intact,True,True,v58-loop-01917
1918,107,10,arrival court,talk,Fay,patch cloak,0.605068,0.621068,0.093447,0.067447,negotiate debt,seek tool,trust warms and obligation decreases,True,True,v58-loop-01918
1919,107,11,tool alcove,offer_help,Milo,repair awning,0.439164,0.455164,0.128596,0.102596,seek tool,care duty,trust warms and obligation decreases,True,True,v58-loop-01919
1920,107,12,rain court,borrow_tool,Sera,fix bridge peg,0.319529,0.299529,0.329775,0.359775,care duty,recover focus,work is delayed and debt marker increases,True,False,v58-loop-01920
1921,107,13,fiber loft,return_tool,Tovan,patch cloak,0.355045,0.375045,0.502112,0.476112,private task,recover focus,trust warms and obligation decreases,True,True,v58-loop-01921
1922,107,14,west hearth,interrupt_work,Nia,repair awning,0.507567,0.487567,0.478674,0.508674,recover focus,rest,work is delayed and debt marker increases,True,True,v58-loop-01922
1923,107,15,river gate,wait_offscreen,Ari,fix bridge peg,0.6706,0.6726,0.282163,0.276163,work,rest,residents continue without avatar,True,True,v58-loop-01923
1924,107,16,arrival court,repair_trust,Fay,patch cloak,0.616185,0.632185,0.10293,0.07693,rest,negotiate debt,trust warms and obligation decreases,True,True,v58-loop-01924
1925,107,17,tool alcove,move,Milo,repair awning,0.44896,0.45296,0.114588,0.112588,negotiate debt,seek tool,position changes but history remains intact,True,True,v58-loop-01925
1926,108,0,fiber loft,offer_help,Sera,sort herb shelf,0.328366,0.348366,0.469019,0.443019,care duty,private task,trust warms and obligation decreases,True,True,v58-loop-01926
1927,108,1,west hearth,borrow_tool,Tovan,map safe route,0.334145,0.314145,0.507819,0.537819,private task,work,work is delayed and debt marker increases,True,True,v58-loop-01927
1928,108,2,river gate,return_tool,Nia,dry seed store,0.492707,0.508707,0.345315,0.319315,recover focus,work,trust warms and obligation decreases,True,True,v58-loop-01928
1929,108,3,arrival court,interrupt_work,Ari,sort herb shelf,0.652781,0.632781,0.138918,0.168918,work,negotiate debt,work is delayed and debt marker increases,True,True,v58-loop-01929
1930,108,4,tool alcove,wait_offscreen,Fay,map safe route,0.614438,0.612438,0.088552,0.082552,rest,negotiate debt,residents continue without avatar,True,True,v58-loop-01930
1931,108,5,rain court,repair_trust,Milo,dry seed store,0.444715,0.460715,0.243005,0.217005,negotiate debt,seek tool,trust warms and obligation decreases,True,True,v58-loop-01931
1932,108,6,fiber loft,move,Sera,sort herb shelf,0.33403,0.33803,0.452666,0.450666,seek tool,care duty,position changes but history remains intact,True,True,v58-loop-01932
1933,108,7,west hearth,talk,Tovan,map safe route,0.334348,0.354348,0.514447,0.488447,care duty,private task,trust warms and obligation decreases,True,True,v58-loop-01933
1934,108,8,river gate,offer_help,Nia,dry seed store,0.509364,0.525364,0.368505,0.342505,private task,recover focus,trust warms and obligation decreases,True,True,v58-loop-01934
1935,108,9,arrival court,borrow_tool,Ari,sort herb shelf,0.658791,0.638791,0.156205,0.186205,recover focus,rest,work is delayed and debt marker increases,True,True,v58-loop-01935
1936,108,10,tool alcove,return_tool,Fay,map safe route,0.607663,0.623663,0.083192,0.057192,work,rest,trust warms and obligation decreases,True,True,v58-loop-01936
1937,108,11,rain court,interrupt_work,Milo,dry seed store,0.428157,0.408157,0.22019,0.25019,rest,seek tool,work is delayed and debt marker increases,True,True,v58-loop-01937
1938,108,12,fiber loft,wait_offscreen,Sera,sort herb shelf,0.31268,0.31068,0.434496,0.428496,negotiate debt,seek tool,residents continue without avatar,True,True,v58-loop-01938
1939,108,13,west hearth,repair_trust,Tovan,map safe route,0.347843,0.367843,0.518522,0.492522,seek tool,care duty,trust warms and obligation decreases,True,True,v58-loop-01939
1940,108,14,river gate,move,Nia,dry seed store,0.505488,0.509488,0.390878,0.388878,care duty,private task,position changes but history remains intact,True,True,v58-loop-01940
1941,108,15,arrival court,talk,Ari,sort herb shelf,0.650905,0.666905,0.175205,0.149205,private task,recover focus,trust warms and obligation decreases,True,True,v58-loop-01941
1942,108,16,tool alcove,offer_help,Fay,map safe route,0.611707,0.627707,0.080414,0.054414,recover focus,work,trust warms and obligation decreases,True,True,v58-loop-01942
1943,108,17,rain court,borrow_tool,Milo,dry seed store,0.429649,0.409649,0.198325,0.228325,work,negotiate debt,work is delayed and debt marker increases,True,True,v58-loop-01943
1944,109,0,west hearth,interrupt_work,Sera,patch cloak,0.306243,0.286243,0.516729,0.546729,negotiate debt,care duty,work is delayed and debt marker increases,True,False,v58-loop-01944
1945,109,1,river gate,wait_offscreen,Tovan,repair awning,0.34632,0.34832,0.444147,0.438147,seek tool,care duty,residents continue without avatar,True,True,v58-loop-01945
1946,109,2,arrival court,repair_trust,Nia,fix bridge peg,0.530465,0.546465,0.231937,0.205937,care duty,private task,trust warms and obligation decreases,True,True,v58-loop-01946
1947,109,3,tool alcove,move,Ari,patch cloak,0.670191,0.674191,0.085657,0.083657,private task,recover focus,position changes but history remains intact,True,True,v58-loop-01947
1948,109,4,rain court,talk,Fay,repair awning,0.615521,0.631521,0.146999,0.120999,recover focus,work,trust warms and obligation decreases,True,True,v58-loop-01948
1949,109,5,fiber loft,offer_help,Milo,fix bridge peg,0.418596,0.434596,0.356546,0.330546,work,rest,trust warms and obligation decreases,True,True,v58-loop-01949
1950,109,6,west hearth,borrow_tool,Sera,patch cloak,0.296351,0.276351,0.511319,0.541319,rest,seek tool,work is delayed and debt marker increases,True,True,v58-loop-01950
1951,109,7,river gate,return_tool,Tovan,repair awning,0.354098,0.374098,0.461399,0.435399,negotiate debt,seek tool,trust warms and obligation decreases,True,True,v58-loop-01951
1952,109,8,arrival court,interrupt_work,Nia,fix bridge peg,0.529308,0.509308,0.25514,0.28514,seek tool,private task,work is delayed and debt marker increases,True,False,v58-loop-01952
1953,109,9,tool alcove,wait_offscreen,Ari,patch cloak,0.682329,0.684329,0.092335,0.086335,care duty,private task,residents continue without avatar,True,True,v58-loop-01953
1954,109,10,rain court,repair_trust,Fay,repair awning,0.591786,0.607786,0.130684,0.104684,private task,recover focus,trust warms and obligation decreases,True,True,v58-loop-01954
1955,109,11,fiber loft,move,Milo,fix bridge peg,0.439681,0.443681,0.333041,0.331041,recover focus,work,position changes but history remains intact,True,True,v58-loop-01955
1956,109,12,west hearth,talk,Sera,patch cloak,0.325062,0.345062,0.503393,0.477393,work,rest,trust warms and obligation decreases,True,True,v58-loop-01956
1957,109,13,river gate,offer_help,Tovan,repair awning,0.368194,0.388194,0.476729,0.450729,rest,negotiate debt,trust warms and obligation decreases,True,True,v58-loop-01957
1958,109,14,arrival court,borrow_tool,Nia,fix bridge peg,0.504677,0.484677,0.278876,0.308876,negotiate debt,care duty,work is delayed and debt marker increases,True,True,v58-loop-01958
1959,109,15,tool alcove,return_tool,Ari,patch cloak,0.653232,0.669232,0.101485,0.075485,seek tool,care duty,trust warms and obligation decreases,True,True,v58-loop-01959
1960,109,16,rain court,interrupt_work,Fay,repair awning,0.600191,0.580191,0.116385,0.146385,care duty,recover focus,work is delayed and debt marker increases,True,False,v58-loop-01960
1961,109,17,fiber loft,wait_offscreen,Milo,fix bridge peg,0.441448,0.443448,0.309143,0.303143,private task,recover focus,residents continue without avatar,True,True,v58-loop-01961
1962,110,0,river gate,move,Sera,map safe route,0.301546,0.305546,0.506712,0.504712,work,rest,position changes but history remains intact,True,True,v58-loop-01962
1963,110,1,arrival court,talk,Tovan,dry seed store,0.378388,0.394388,0.342081,0.316081,rest,negotiate debt,trust warms and obligation decreases,True,True,v58-loop-01963
1964,110,2,tool alcove,offer_help,Nia,sort herb shelf,0.540233,0.556233,0.136688,0.110688,negotiate debt,seek tool,trust warms and obligation decreases,True,True,v58-loop-01964
1965,110,3,rain court,borrow_tool,Ari,map safe route,0.664116,0.644116,0.089487,0.119487,seek tool,private task,work is delayed and debt marker increases,True,True,v58-loop-01965
1966,110,4,fiber loft,return_tool,Fay,dry seed store,0.602137,0.618137,0.246199,0.220199,care duty,private task,trust warms and obligation decreases,True,True,v58-loop-01966
1967,110,5,west hearth,interrupt_work,Milo,sort herb shelf,0.410324,0.390324,0.455025,0.485025,private task,work,work is delayed and debt marker increases,True,True,v58-loop-01967
1968,110,6,river gate,wait_offscreen,Sera,map safe route,0.320495,0.318495,0.513687,0.507687,recover focus,work,residents continue without avatar,True,True,v58-loop-01968
1969,110,7,arrival court,repair_trust,Tovan,dry seed store,0.380512,0.396512,0.365361,0.339361,work,rest,trust warms and obligation decreases,True,True,v58-loop-01969
1970,110,8,tool alcove,move,Nia,sort herb shelf,0.517644,0.521644,0.153724,0.151724,rest,negotiate debt,position changes but history remains intact,True,True,v58-loop-01970
1971,110,9,rain court,talk,Ari,map safe route,0.681281,0.697281,0.083776,0.057776,negotiate debt,seek tool,trust warms and obligation decreases,True,True,v58-loop-01971
1972,110,10,fiber loft,offer_help,Fay,dry seed store,0.588889,0.604889,0.223274,0.197274,seek tool,care duty,trust warms and obligation decreases,True,True,v58-loop-01972
1973,110,11,west hearth,borrow_tool,Milo,sort herb shelf,0.413187,0.393187,0.437092,0.467092,care duty,recover focus,work is delayed and debt marker increases,True,True,v58-loop-01973
1974,110,12,river gate,return_tool,Sera,map safe route,0.301696,0.321696,0.518116,0.492116,private task,recover focus,trust warms and obligation decreases,True,True,v58-loop-01974
1975,110,13,arrival court,interrupt_work,Tovan,dry seed store,0.36635,0.34635,0.387862,0.417862,recover focus,rest,work is delayed and debt marker increases,True,True,v58-loop-01975
1976,110,14,tool alcove,wait_offscreen,Nia,sort herb shelf,0.517964,0.515964,0.172501,0.166501,work,rest,residents continue without avatar,True,True,v58-loop-01976
1977,110,15,rain court,repair_trust,Ari,map safe route,0.673246,0.689246,0.080641,0.054641,rest,negotiate debt,trust warms and obligation decreases,True,True,v58-loop-01977
1978,110,16,fiber loft,move,Fay,dry seed store,0.589135,0.593135,0.201263,0.199263,negotiate debt,seek tool,position changes but history remains intact,True,True,v58-loop-01978
1979,110,17,west hearth,talk,Milo,sort herb shelf,0.407531,0.427531,0.417526,0.391526,seek tool,care duty,trust warms and obligation decreases,True,True,v58-loop-01979
1980,111,0,arrival court,borrow_tool,Sera,repair awning,0.29316,0.27316,0.441638,0.471638,private task,work,work is delayed and debt marker increases,True,False,v58-loop-01980
1981,111,1,tool alcove,return_tool,Tovan,fix bridge peg,0.363215,0.379215,0.228807,0.202807,recover focus,work,trust warms and obligation decreases,True,True,v58-loop-01981
1982,111,2,rain court,interrupt_work,Nia,patch cloak,0.531658,0.511658,0.084937,0.114937,work,negotiate debt,work is delayed and debt marker increases,True,True,v58-loop-01982
1983,111,3,fiber loft,wait_offscreen,Ari,repair awning,0.659096,0.661096,0.149388,0.143388,rest,negotiate debt,residents continue without avatar,True,True,v58-loop-01983
1984,111,4,west hearth,repair_trust,Fay,fix bridge peg,0.573522,0.589522,0.359728,0.333728,negotiate debt,seek tool,trust warms and obligation decreases,True,True,v58-loop-01984
1985,111,5,river gate,move,Milo,patch cloak,0.412875,0.416875,0.512213,0.510213,seek tool,care duty,position changes but history remains intact,True,True,v58-loop-01985
1986,111,6,arrival court,talk,Sera,repair awning,0.303311,0.323311,0.459138,0.433138,care duty,private task,trust warms and obligation decreases,True,True,v58-loop-01986
1987,111,7,tool alcove,offer_help,Tovan,fix bridge peg,0.364445,0.380445,0.251914,0.225914,private task,recover focus,trust warms and obligation decreases,True,True,v58-loop-01987
1988,111,8,rain court,borrow_tool,Nia,patch cloak,0.555316,0.535316,0.091268,0.121268,recover focus,rest,work is delayed and debt marker increases,True,False,v58-loop-01988
1989,111,9,fiber loft,return_tool,Ari,repair awning,0.666528,0.682528,0.13281,0.10681,work,rest,trust warms and obligation decreases,True,True,v58-loop-01989
1990,111,10,west hearth,interrupt_work,Fay,fix bridge peg,0.571841,0.551841,0.3363,0.3663,rest,seek tool,work is delayed and debt marker increases,True,True,v58-loop-01990
1991,111,11,river gate,wait_offscreen,Milo,patch cloak,0.399934,0.401934,0.504628,0.498628,negotiate debt,seek tool,residents continue without avatar,True,True,v58-loop-01991
1992,111,12,arrival court,repair_trust,Sera,repair awning,0.299285,0.319285,0.474743,0.448743,seek tool,care duty,trust warms and obligation decreases,True,True,v58-loop-01992
1993,111,13,tool alcove,move,Tovan,fix bridge peg,0.371124,0.375124,0.275594,0.273594,care duty,private task,position changes but history remains intact,True,True,v58-loop-01993
1994,111,14,rain court,talk,Nia,patch cloak,0.539883,0.555883,0.100085,0.074085,private task,recover focus,trust warms and obligation decreases,True,True,v58-loop-01994
1995,111,15,fiber loft,offer_help,Ari,repair awning,0.667733,0.683733,0.118224,0.092224,recover focus,work,trust warms and obligation decreases,True,True,v58-loop-01995
1996,111,16,west hearth,borrow_tool,Fay,fix bridge peg,0.575103,0.555103,0.312439,0.342439,work,negotiate debt,work is delayed and debt marker increases,True,False,v58-loop-01996
1997,111,17,river gate,return_tool,Milo,patch cloak,0.416789,0.436789,0.494606,0.468606,rest,negotiate debt,trust warms and obligation decreases,True,True,v58-loop-01997
1998,112,0,tool alcove,wait_offscreen,Sera,dry seed store,0.305162,0.303162,0.338837,0.332837,seek tool,care duty,residents continue without avatar,True,True,v58-loop-01998
1999,112,1,rain court,repair_trust,Tovan,sort herb shelf,0.377852,0.393852,0.134495,0.108495,care duty,private task,trust warms and obligation decreases,True,True,v58-loop-01999
2000,112,2,fiber loft,move,Nia,map safe route,0.55928,0.56328,0.090469,0.088469,private task,recover focus,position changes but history remains intact,True,True,v58-loop-02000
2001,112,3,west hearth,talk,Ari,dry seed store,0.681021,0.697021,0.249404,0.223404,recover focus,work,trust warms and obligation decreases,True,True,v58-loop-02001
2002,112,4,river gate,offer_help,Fay,sort herb shelf,0.554914,0.574914,0.457349,0.431349,work,rest,trust warms and obligation decreases,True,True,v58-loop-02002
2003,112,5,arrival court,borrow_tool,Milo,map safe route,0.400722,0.380722,0.512878,0.542878,rest,seek tool,work is delayed and debt marker increases,True,True,v58-loop-02003
2004,112,6,tool alcove,return_tool,Sera,dry seed store,0.313117,0.329117,0.362203,0.336203,negotiate debt,seek tool,trust warms and obligation decreases,True,True,v58-loop-02004
2005,112,7,rain court,interrupt_work,Tovan,sort herb shelf,0.391399,0.371399,0.151275,0.181275,seek tool,private task,work is delayed and debt marker increases,True,True,v58-loop-02005
2006,112,8,fiber loft,wait_offscreen,Nia,map safe route,0.556305,0.554305,0.08441,0.07841,care duty,private task,residents continue without avatar,True,True,v58-loop-02006
2007,112,9,west hearth,repair_trust,Ari,dry seed store,0.659519,0.675519,0.226375,0.200375,private task,recover focus,trust warms and obligation decreases,True,True,v58-loop-02007
2008,112,10,river gate,move,Fay,sort herb shelf,0.566943,0.570943,0.439657,0.437657,recover focus,work,position changes but history remains intact,True,True,v58-loop-02008
2009,112,11,arrival court,talk,Milo,map safe route,0.388218,0.408218,0.517661,0.491661,work,rest,trust warms and obligation decreases,True,True,v58-loop-02009
2010,112,12,tool alcove,offer_help,Sera,dry seed store,0.319948,0.335948,0.384827,0.358827,rest,negotiate debt,trust warms and obligation decreases,True,True,v58-loop-02010
2011,112,13,rain court,borrow_tool,Tovan,sort herb shelf,0.372464,0.352464,0.169826,0.199826,negotiate debt,care duty,work is delayed and debt marker increases,True,True,v58-loop-02011
2012,112,14,fiber loft,return_tool,Nia,map safe route,0.55095,0.56695,0.080918,0.054918,seek tool,care duty,trust warms and obligation decreases,True,True,v58-loop-02012
2013,112,15,west hearth,interrupt_work,Ari,dry seed store,0.66127,0.64127,0.204223,0.234223,care duty,recover focus,work is delayed and debt marker increases,True,True,v58-loop-02013
2014,112,16,river gate,wait_offscreen,Fay,sort herb shelf,0.558743,0.556743,0.420302,0.414302,private task,recover focus,residents continue without avatar,True,True,v58-loop-02014
2015,112,17,arrival court,repair_trust,Milo,map safe route,0.412954,0.432954,0.519851,0.493851,recover focus,work,trust warms and obligation decreases,True,True,v58-loop-02015
2016,113,0,rain court,talk,Sera,fix bridge peg,0.309433,0.325433,0.225693,0.199693,rest,negotiate debt,trust warms and obligation decreases,True,True,v58-loop-02016
2017,113,1,fiber loft,offer_help,Tovan,patch cloak,0.395913,0.411913,0.084266,0.058266,negotiate debt,seek tool,trust warms and obligation decreases,True,True,v58-loop-02017
2018,113,2,west hearth,borrow_tool,Nia,repair awning,0.561922,0.541922,0.15181,0.18181,seek tool,private task,work is delayed and debt marker increases,True,True,v58-loop-02018
2019,113,3,river gate,return_tool,Ari,fix bridge peg,0.677261,0.693261,0.362898,0.336898,care duty,private task,trust warms and obligation decreases,True,True,v58-loop-02019
2020,113,4,arrival court,interrupt_work,Fay,patch cloak,0.55677,0.53677,0.51306,0.54306,private task,work,work is delayed and debt marker increases,True,False,v58-loop-02020
2021,113,5,tool alcove,wait_offscreen,Milo,repair awning,0.371877,0.373877,0.456842,0.450842,recover focus,work,residents continue without avatar,True,True,v58-loop-02021
2022,113,6,rain court,repair_trust,Sera,fix bridge peg,0.322868,0.338868,0.2487,0.2227,work,rest,trust warms and obligation decreases,True,True,v58-loop-02022
2023,113,7,fiber loft,move,Tovan,patch cloak,0.400273,0.404273,0.090249,0.088249,rest,negotiate debt,position changes but history remains intact,True,True,v58-loop-02023
2024,113,8,west hearth,talk,Nia,repair awning,0.550631,0.566631,0.134974,0.108974,negotiate debt,seek tool,trust warms and obligation decreases,True,True,v58-loop-02024
2025,113,9,river gate,offer_help,Ari,fix bridge peg,0.659899,0.675899,0.339551,0.313551,seek tool,care duty,trust warms and obligation decreases,True,True,v58-loop-02025
2026,113,10,arrival court,borrow_tool,Fay,patch cloak,0.548951,0.528951,0.505817,0.535817,care duty,recover focus,work is delayed and debt marker increases,True,True,v58-loop-02026
2027,113,11,tool alcove,return_tool,Milo,repair awning,0.394508,0.414508,0.472719,0.446719,private task,recover focus,trust warms and obligation decreases,True,True,v58-loop-02027
2028,113,12,rain court,interrupt_work,Sera,fix bridge peg,0.308636,0.288636,0.272317,0.302317,recover focus,rest,work is delayed and debt marker increases,True,False,v58-loop-02028
2029,113,13,fiber loft,wait_offscreen,Tovan,patch cloak,0.396497,0.398497,0.09873,0.09273,work,rest,residents continue without avatar,True,True,v58-loop-02029
2030,113,14,west hearth,repair_trust,Nia,repair awning,0.564097,0.580097,0.120103,0.094103,rest,negotiate debt,trust warms and obligation decreases,True,True,v58-loop-02030
2031,113,15,river gate,move,Ari,fix bridge peg,0.671074,0.675074,0.315733,0.313733,negotiate debt,seek tool,position changes but history remains intact,True,True,v58-loop-02031
2032,113,16,arrival court,talk,Fay,patch cloak,0.549645,0.569645,0.496123,0.470123,seek tool,care duty,trust warms and obligation decreases,True,True,v58-loop-02032
2033,113,17,tool alcove,offer_help,Milo,repair awning,0.378336,0.398336,0.486539,0.460539,care duty,private task,trust warms and obligation decreases,True,True,v58-loop-02033
2034,114,0,fiber loft,return_tool,Sera,sort herb shelf,0.321312,0.337312,0.13234,0.10634,recover focus,work,trust warms and obligation decreases,True,True,v58-loop-02034
2035,114,1,west hearth,interrupt_work,Tovan,map safe route,0.422414,0.402414,0.091499,0.121499,work,negotiate debt,work is delayed and debt marker increases,True,True,v58-loop-02035
2036,114,2,river gate,wait_offscreen,Nia,dry seed store,0.56983,0.56783,0.252622,0.246622,rest,negotiate debt,residents continue without avatar,True,True,v58-loop-02036
2037,114,3,arrival court,repair_trust,Ari,sort herb shelf,0.656849,0.676849,0.459638,0.433638,negotiate debt,seek tool,trust warms and obligation decreases,True,True,v58-loop-02037
2038,114,4,tool alcove,move,Fay,map safe route,0.556137,0.560137,0.512021,0.510021,seek tool,care duty,position changes but history remains intact,True,True,v58-loop-02038
2039,114,5,rain court,talk,Milo,dry seed store,0.375769,0.391769,0.359031,0.333031,care duty,private task,trust warms and obligation decreases,True,True,v58-loop-02039
2040,114,6,fiber loft,offer_help,Sera,sort herb shelf,0.300598,0.316598,0.14886,0.12286,private task,recover focus,trust warms and obligation decreases,True,True,v58-loop-02040
2041,114,7,west hearth,borrow_tool,Tovan,map safe route,0.401113,0.381113,0.085091,0.115091,recover focus,rest,work is delayed and debt marker increases,True,True,v58-loop-02041
2042,114,8,river gate,return_tool,Nia,dry seed store,0.564039,0.580039,0.229493,0.203493,work,rest,trust warms and obligation decreases,True,True,v58-loop-02042
2043,114,9,arrival court,interrupt_work,Ari,sort herb shelf,0.655388,0.635388,0.442191,0.472191,rest,seek tool,work is delayed and debt marker increases,True,True,v58-loop-02043
2044,114,10,tool alcove,wait_offscreen,Fay,map safe route,0.559927,0.557927,0.517156,0.511156,negotiate debt,seek tool,residents continue without avatar,True,True,v58-loop-02044
2045,114,11,rain court,repair_trust,Milo,dry seed store,0.375323,0.391323,0.381773,0.355773,seek tool,care duty,trust warms and obligation decreases,True,True,v58-loop-02045
2046,114,12,fiber loft,move,Sera,sort herb shelf,0.29802,0.30202,0.167181,0.165181,care duty,private task,position changes but history remains intact,True,True,v58-loop-02046
2047,114,13,west hearth,talk,Tovan,map safe route,0.39888,0.41488,0.081243,0.055243,private task,recover focus,trust warms and obligation decreases,True,True,v58-loop-02047
2048,114,14,river gate,offer_help,Nia,dry seed store,0.573593,0.589593,0.207204,0.181204,recover focus,work,trust warms and obligation decreases,True,True,v58-loop-02048
2049,114,15,arrival court,borrow_tool,Ari,sort herb shelf,0.652464,0.632464,0.423052,0.453052,work,negotiate debt,work is delayed and debt marker increases,True,True,v58-loop-02049
2050,114,16,tool alcove,return_tool,Fay,map safe route,0.55064,0.57064,0.519705,0.493705,rest,negotiate debt,trust warms and obligation decreases,True,True,v58-loop-02050
2051,114,17,rain court,interrupt_work,Milo,dry seed store,0.367961,0.347961,0.403542,0.433542,negotiate debt,care duty,work is delayed and debt marker increases,True,True,v58-loop-02051
2052,115,0,west hearth,repair_trust,Sera,patch cloak,0.319017,0.335017,0.083644,0.057644,care duty,private task,trust warms and obligation decreases,True,True,v58-loop-02052
2053,115,1,river gate,move,Tovan,repair awning,0.406414,0.410414,0.154266,0.152266,private task,recover focus,position changes but history remains intact,True,True,v58-loop-02053
2054,115,2,arrival court,talk,Nia,fix bridge peg,0.600167,0.616167,0.366053,0.340053,recover focus,work,trust warms and obligation decreases,True,True,v58-loop-02054
2055,115,3,tool alcove,offer_help,Ari,patch cloak,0.660502,0.680502,0.513858,0.487858,work,rest,trust warms and obligation decreases,True,True,v58-loop-02055
2056,115,4,rain court,borrow_tool,Fay,repair awning,0.537519,0.517519,0.45451,0.48451,rest,seek tool,work is delayed and debt marker increases,True,False,v58-loop-02056
2057,115,5,fiber loft,return_tool,Milo,fix bridge peg,0.367455,0.383455,0.245496,0.219496,negotiate debt,seek tool,trust warms and obligation decreases,True,True,v58-loop-02057
2058,115,6,west hearth,interrupt_work,Sera,patch cloak,0.297673,0.277673,0.089278,0.119278,seek tool,private task,work is delayed and debt marker increases,True,True,v58-loop-02058
2059,115,7,river gate,wait_offscreen,Tovan,repair awning,0.433558,0.435558,0.137175,0.131175,care duty,private task,residents continue without avatar,True,True,v58-loop-02059
2060,115,8,arrival court,repair_trust,Nia,fix bridge peg,0.5833,0.5993,0.342792,0.316792,private task,recover focus,trust warms and obligation decreases,True,True,v58-loop-02060
2061,115,9,tool alcove,move,Ari,patch cloak,0.674698,0.678698,0.506959,0.504959,recover focus,work,position changes but history remains intact,True,True,v58-loop-02061
2062,115,10,rain court,talk,Fay,repair awning,0.549282,0.569282,0.470656,0.444656,work,rest,trust warms and obligation decreases,True,True,v58-loop-02062
2063,115,11,fiber loft,offer_help,Milo,fix bridge peg,0.372179,0.388179,0.269047,0.243047,rest,negotiate debt,trust warms and obligation decreases,True,True,v58-loop-02063
2064,115,12,west hearth,borrow_tool,Sera,patch cloak,0.300459,0.280459,0.097421,0.127421,negotiate debt,care duty,work is delayed and debt marker increases,True,False,v58-loop-02064
2065,115,13,river gate,return_tool,Tovan,repair awning,0.419987,0.435987,0.122023,0.096023,seek tool,care duty,trust warms and obligation decreases,True,True,v58-loop-02065
2066,115,14,arrival court,interrupt_work,Nia,fix bridge peg,0.583369,0.563369,0.319022,0.349022,care duty,recover focus,work is delayed and debt marker increases,True,True,v58-loop-02066
2067,115,15,tool alcove,wait_offscreen,Ari,patch cloak,0.64698,0.64898,0.497596,0.491596,private task,recover focus,residents continue without avatar,True,True,v58-loop-02067
2068,115,16,rain court,repair_trust,Fay,repair awning,0.520279,0.540279,0.484769,0.458769,recover focus,work,trust warms and obligation decreases,True,True,v58-loop-02068
2069,115,17,fiber loft,move,Milo,fix bridge peg,0.368095,0.372095,0.292966,0.290966,work,rest,position changes but history remains intact,True,True,v58-loop-02069
2070,116,0,river gate,offer_help,Sera,map safe route,0.297703,0.313703,0.092575,0.066575,negotiate debt,seek tool,trust warms and obligation decreases,True,True,v58-loop-02070
2071,116,1,arrival court,borrow_tool,Tovan,dry seed store,0.429504,0.409504,0.255849,0.285849,seek tool,private task,work is delayed and debt marker increases,True,True,v58-loop-02071
2072,116,2,tool alcove,return_tool,Nia,sort herb shelf,0.614067,0.634067,0.46189,0.43589,care duty,private task,trust warms and obligation decreases,True,True,v58-loop-02072
2073,116,3,rain court,interrupt_work,Ari,map safe route,0.651433,0.631433,0.511116,0.541116,private task,work,work is delayed and debt marker increases,True,True,v58-loop-02073
2074,116,4,fiber loft,wait_offscreen,Fay,dry seed store,0.52462,0.52262,0.355845,0.349845,recover focus,work,residents continue without avatar,True,True,v58-loop-02074
2075,116,5,west hearth,repair_trust,Milo,sort herb shelf,0.363446,0.379446,0.146479,0.120479,work,rest,trust warms and obligation decreases,True,True,v58-loop-02075
2076,116,6,river gate,move,Sera,map safe route,0.312857,0.316857,0.085821,0.083821,rest,negotiate debt,position changes but history remains intact,True,True,v58-loop-02076
2077,116,7,arrival court,talk,Tovan,dry seed store,0.414058,0.430058,0.232627,0.206627,negotiate debt,seek tool,trust warms and obligation decreases,True,True,v58-loop-02077
2078,116,8,tool alcove,offer_help,Nia,sort herb shelf,0.584404,0.604404,0.444693,0.418693,seek tool,care duty,trust warms and obligation decreases,True,True,v58-loop-02078
2079,116,9,rain court,borrow_tool,Ari,map safe route,0.662442,0.642442,0.516603,0.546603,care duty,recover focus,work is delayed and debt marker increases,True,True,v58-loop-02079
2080,116,10,fiber loft,return_tool,Fay,dry seed store,0.522513,0.538513,0.3787,0.3527,private task,recover focus,trust warms and obligation decreases,True,True,v58-loop-02080
2081,116,11,west hearth,interrupt_work,Milo,sort herb shelf,0.356018,0.336018,0.164565,0.194565,recover focus,rest,work is delayed and debt marker increases,True,True,v58-loop-02081
2082,116,12,river gate,wait_offscreen,Sera,map safe route,0.316997,0.314997,0.081618,0.075618,work,rest,residents continue without avatar,True,True,v58-loop-02082
2083,116,13,arrival court,repair_trust,Tovan,dry seed store,0.418206,0.434206,0.210207,0.184207,rest,negotiate debt,trust warms and obligation decreases,True,True,v58-loop-02083
2084,116,14,tool alcove,move,Nia,sort herb shelf,0.608245,0.612245,0.425773,0.423773,negotiate debt,seek tool,position changes but history remains intact,True,True,v58-loop-02084
2085,116,15,rain court,talk,Ari,map safe route,0.662287,0.682287,0.51951,0.49351,seek tool,care duty,trust warms and obligation decreases,True,True,v58-loop-02085
2086,116,16,fiber loft,offer_help,Fay,dry seed store,0.505913,0.525913,0.400618,0.374618,care duty,private task,trust warms and obligation decreases,True,True,v58-loop-02086
2087,116,17,west hearth,borrow_tool,Milo,sort herb shelf,0.356009,0.336009,0.184263,0.214263,private task,work,work is delayed and debt marker increases,True,True,v58-loop-02087
2088,117,0,arrival court,interrupt_work,Sera,repair awning,0.322862,0.302862,0.156754,0.186754,work,negotiate debt,work is delayed and debt marker increases,True,False,v58-loop-02088
2089,117,1,tool alcove,wait_offscreen,Tovan,fix bridge peg,0.443275,0.445275,0.369193,0.363193,rest,negotiate debt,residents continue without avatar,True,True,v58-loop-02089
2090,117,2,rain court,repair_trust,Nia,patch cloak,0.61334,0.63334,0.514608,0.488608,negotiate debt,seek tool,trust warms and obligation decreases,True,True,v58-loop-02090
2091,117,3,fiber loft,move,Ari,repair awning,0.655745,0.659745,0.452144,0.450144,seek tool,care duty,position changes but history remains intact,True,True,v58-loop-02091
2092,117,4,west hearth,talk,Fay,fix bridge peg,0.494858,0.510858,0.242306,0.216306,care duty,private task,trust warms and obligation decreases,True,True,v58-loop-02092
2093,117,5,river gate,offer_help,Milo,patch cloak,0.354302,0.370302,0.088353,0.062353,private task,recover focus,trust warms and obligation decreases,True,True,v58-loop-02093
2094,117,6,arrival court,borrow_tool,Sera,repair awning,0.31146,0.29146,0.139412,0.169412,recover focus,rest,work is delayed and debt marker increases,True,True,v58-loop-02094
2095,117,7,tool alcove,return_tool,Tovan,fix bridge peg,0.446823,0.462823,0.346024,0.320024,work,rest,trust warms and obligation decreases,True,True,v58-loop-02095
2096,117,8,rain court,interrupt_work,Nia,patch cloak,0.620952,0.600952,0.508055,0.538055,rest,seek tool,work is delayed and debt marker increases,True,False,v58-loop-02096
2097,117,9,fiber loft,wait_offscreen,Ari,repair awning,0.662273,0.664273,0.468554,0.462554,negotiate debt,seek tool,residents continue without avatar,True,True,v58-loop-02097
2098,117,10,west hearth,repair_trust,Fay,fix bridge peg,0.494019,0.510019,0.265783,0.239783,seek tool,care duty,trust warms and obligation decreases,True,True,v58-loop-02098
2099,117,11,river gate,move,Milo,patch cloak,0.359268,0.363268,0.096157,0.094157,care duty,private task,position changes but history remains intact,True,True,v58-loop-02099
2100,117,12,arrival court,talk,Sera,repair awning,0.327063,0.343063,0.123983,0.097983,private task,recover focus,trust warms and obligation decreases,True,True,v58-loop-02100
2101,117,13,tool alcove,offer_help,Tovan,fix bridge peg,0.42408,0.44008,0.322308,0.296308,recover focus,work,trust warms and obligation decreases,True,True,v58-loop-02101
2102,117,14,rain court,borrow_tool,Nia,patch cloak,0.620739,0.600739,0.499024,0.529024,work,negotiate debt,work is delayed and debt marker increases,True,True,v58-loop-02102
2103,117,15,fiber loft,return_tool,Ari,repair awning,0.653178,0.673178,0.482957,0.456957,rest,negotiate debt,trust warms and obligation decreases,True,True,v58-loop-02103
2104,117,16,west hearth,interrupt_work,Fay,fix bridge peg,0.524531,0.504531,0.289668,0.319668,negotiate debt,care duty,work is delayed and debt marker increases,True,False,v58-loop-02104
2105,117,17,river gate,wait_offscreen,Milo,patch cloak,0.35555,0.35755,0.106388,0.100388,seek tool,care duty,residents continue without avatar,True,True,v58-loop-02105
2106,118,0,tool alcove,move,Sera,dry seed store,0.310098,0.314098,0.259087,0.257087,private task,recover focus,position changes but history remains intact,True,True,v58-loop-02106
2107,118,1,rain court,talk,Tovan,sort herb shelf,0.43803,0.45803,0.464107,0.438107,recover focus,work,trust warms and obligation decreases,True,True,v58-loop-02107
2108,118,2,fiber loft,offer_help,Nia,map safe route,0.614425,0.634425,0.510164,0.484164,work,rest,trust warms and obligation decreases,True,True,v58-loop-02108
2109,118,3,west hearth,borrow_tool,Ari,dry seed store,0.631267,0.611267,0.352647,0.382647,rest,seek tool,work is delayed and debt marker increases,True,True,v58-loop-02109
2110,118,4,river gate,return_tool,Fay,sort herb shelf,0.506554,0.522554,0.144133,0.118133,negotiate debt,seek tool,trust warms and obligation decreases,True,True,v58-loop-02110
2111,118,5,arrival court,interrupt_work,Milo,map safe route,0.339121,0.319121,0.086599,0.116599,seek tool,private task,work is delayed and debt marker increases,True,True,v58-loop-02111
2112,118,6,tool alcove,wait_offscreen,Sera,dry seed store,0.321386,0.319386,0.235776,0.229776,care duty,private task,residents continue without avatar,True,True,v58-loop-02112
2113,118,7,rain court,repair_trust,Tovan,sort herb shelf,0.44119,0.46119,0.447163,0.421163,private task,recover focus,trust warms and obligation decreases,True,True,v58-loop-02113
2114,118,8,fiber loft,move,Nia,map safe route,0.601107,0.605107,0.516001,0.514001,recover focus,work,position changes but history remains intact,True,True,v58-loop-02114
2115,118,9,west hearth,talk,Ari,dry seed store,0.636756,0.652756,0.37561,0.34961,work,rest,trust warms and obligation decreases,True,True,v58-loop-02115
2116,118,10,river gate,offer_help,Fay,sort herb shelf,0.498241,0.514241,0.16198,0.13598,rest,negotiate debt,trust warms and obligation decreases,True,True,v58-loop-02116
2117,118,11,arrival court,borrow_tool,Milo,map safe route,0.350526,0.330526,0.082042,0.112042,negotiate debt,care duty,work is delayed and debt marker increases,True,True,v58-loop-02117
2118,118,12,tool alcove,return_tool,Sera,dry seed store,0.321391,0.337391,0.213229,0.187229,seek tool,care duty,trust warms and obligation decreases,True,True,v58-loop-02118
2119,118,13,rain court,interrupt_work,Tovan,sort herb shelf,0.452434,0.432434,0.428467,0.458467,care duty,recover focus,work is delayed and debt marker increases,True,True,v58-loop-02119
2120,118,14,fiber loft,wait_offscreen,Nia,map safe route,0.634297,0.632297,0.519265,0.513265,private task,recover focus,residents continue without avatar,True,True,v58-loop-02120
2121,118,15,west hearth,repair_trust,Ari,dry seed store,0.652966,0.668966,0.397673,0.371673,recover focus,work,trust warms and obligation decreases,True,True,v58-loop-02121
2122,118,16,river gate,move,Fay,sort herb shelf,0.488338,0.492338,0.18147,0.17947,work,rest,position changes but history remains intact,True,True,v58-loop-02122
2123,118,17,arrival court,talk,Milo,map safe route,0.328541,0.344541,0.080081,0.054081,rest,negotiate debt,trust warms and obligation decreases,True,True,v58-loop-02123
2124,119,0,rain court,borrow_tool,Sera,fix bridge peg,0.340355,0.320355,0.372317,0.402317,seek tool,private task,work is delayed and debt marker increases,True,False,v58-loop-02124
2125,119,1,fiber loft,return_tool,Tovan,patch cloak,0.482213,0.502213,0.51531,0.48931,care duty,private task,trust warms and obligation decreases,True,True,v58-loop-02125
2126,119,2,west hearth,interrupt_work,Nia,repair awning,0.634236,0.614236,0.449743,0.479743,private task,work,work is delayed and debt marker increases,True,True,v58-loop-02126
2127,119,3,river gate,wait_offscreen,Ari,fix bridge peg,0.652508,0.654508,0.239128,0.233128,recover focus,work,residents continue without avatar,True,True,v58-loop-02127
2128,119,4,arrival court,repair_trust,Fay,patch cloak,0.493889,0.509889,0.087476,0.061476,work,rest,trust warms and obligation decreases,True,True,v58-loop-02128
2129,119,5,tool alcove,move,Milo,repair awning,0.329412,0.333412,0.141686,0.139686,rest,negotiate debt,position changes but history remains intact,True,True,v58-loop-02129
2130,119,6,rain court,talk,Sera,fix bridge peg,0.33498,0.35098,0.349246,0.323246,negotiate debt,seek tool,trust warms and obligation decreases,True,True,v58-loop-02130
2131,119,7,fiber loft,offer_help,Tovan,patch cloak,0.470529,0.490529,0.509104,0.483104,seek tool,care duty,trust warms and obligation decreases,True,True,v58-loop-02131
2132,119,8,west hearth,borrow_tool,Nia,repair awning,0.633275,0.613275,0.466414,0.496414,care duty,recover focus,work is delayed and debt marker increases,True,False,v58-loop-02132
2133,119,9,river gate,return_tool,Ari,fix bridge peg,0.628762,0.644762,0.262527,0.236527,private task,recover focus,trust warms and obligation decreases,True,True,v58-loop-02133
2134,119,10,arrival court,interrupt_work,Fay,patch cloak,0.485283,0.465283,0.094938,0.124938,recover focus,rest,work is delayed and debt marker increases,True,True,v58-loop-02134
2135,119,11,tool alcove,wait_offscreen,Milo,repair awning,0.331021,0.333021,0.125982,0.119982,work,rest,residents continue without avatar,True,True,v58-loop-02135
2136,119,12,rain court,repair_trust,Sera,fix bridge peg,0.309212,0.325212,0.325588,0.299588,rest,negotiate debt,trust warms and obligation decreases,True,True,v58-loop-02136
2137,119,13,fiber loft,move,Tovan,patch cloak,0.468753,0.472753,0.500408,0.498408,negotiate debt,seek tool,position changes but history remains intact,True,True,v58-loop-02137
2138,119,14,west hearth,talk,Nia,repair awning,0.63184,0.65184,0.481103,0.455103,seek tool,care duty,trust warms and obligation decreases,True,True,v58-loop-02138
2139,119,15,river gate,offer_help,Ari,fix bridge peg,0.642868,0.658868,0.286373,0.260373,care duty,private task,trust warms and obligation decreases,True,True,v58-loop-02139
2140,119,16,arrival court,borrow_tool,Fay,patch cloak,0.478384,0.458384,0.104842,0.134842,private task,work,work is delayed and debt marker increases,True,False,v58-loop-02140
2141,119,17,tool alcove,return_tool,Milo,repair awning,0.317867,0.333867,0.112351,0.086351,recover focus,work,trust warms and obligation decreases,True,True,v58-loop-02141
2142,120,0,fiber loft,wait_offscreen,Sera,sort herb shelf,0.344365,0.342365,0.466286,0.460286,rest,negotiate debt,residents continue without avatar,True,True,v58-loop-02142
2143,120,1,west hearth,repair_trust,Tovan,map safe route,0.49579,0.51579,0.509165,0.483165,negotiate debt,seek tool,trust warms and obligation decreases,True,True,v58-loop-02143
2144,120,2,river gate,move,Nia,dry seed store,0.650422,0.654422,0.349437,0.347437,seek tool,care duty,position changes but history remains intact,True,True,v58-loop-02144
2145,120,3,arrival court,talk,Ari,sort herb shelf,0.61369,0.62969,0.141822,0.115822,care duty,private task,trust warms and obligation decreases,True,True,v58-loop-02145
2146,120,4,tool alcove,offer_help,Fay,map safe route,0.479017,0.495017,0.087426,0.061426,private task,recover focus,trust warms and obligation decreases,True,True,v58-loop-02146
2147,120,5,rain court,borrow_tool,Milo,dry seed store,0.32343,0.30343,0.238939,0.268939,recover focus,rest,work is delayed and debt marker increases,True,True,v58-loop-02147
2148,120,6,fiber loft,return_tool,Sera,sort herb shelf,0.32189,0.34189,0.449599,0.423599,work,rest,trust warms and obligation decreases,True,True,v58-loop-02148
2149,120,7,west hearth,interrupt_work,Tovan,map safe route,0.491869,0.471869,0.51535,0.54535,rest,seek tool,work is delayed and debt marker increases,True,True,v58-loop-02149
2150,120,8,river gate,wait_offscreen,Nia,dry seed store,0.644204,0.642204,0.372503,0.366503,negotiate debt,seek tool,residents continue without avatar,True,True,v58-loop-02150
2151,120,9,arrival court,repair_trust,Ari,sort herb shelf,0.632737,0.648737,0.159425,0.133425,seek tool,care duty,trust warms and obligation decreases,True,True,v58-loop-02151
2152,120,10,tool alcove,move,Fay,map safe route,0.479848,0.483848,0.082516,0.080516,care duty,private task,position changes but history remains intact,True,True,v58-loop-02152
2153,120,11,rain court,talk,Milo,dry seed store,0.310355,0.326355,0.216272,0.190272,private task,recover focus,trust warms and obligation decreases,True,True,v58-loop-02153
2154,120,12,fiber loft,offer_help,Sera,sort herb shelf,0.321068,0.341068,0.431131,0.405131,recover focus,work,trust warms and obligation decreases,True,True,v58-loop-02154
2155,120,13,west hearth,borrow_tool,Tovan,map safe route,0.46745,0.44745,0.518971,0.548971,work,negotiate debt,work is delayed and debt marker increases,True,True,v58-loop-02155
2156,120,14,river gate,return_tool,Nia,dry seed store,0.632783,0.648783,0.394705,0.368705,rest,negotiate debt,trust warms and obligation decreases,True,True,v58-loop-02156
2157,120,15,arrival court,interrupt_work,Ari,sort herb shelf,0.629955,0.609955,0.178703,0.208703,negotiate debt,care duty,work is delayed and debt marker increases,True,True,v58-loop-02157
2158,120,16,tool alcove,wait_offscreen,Fay,map safe route,0.464641,0.462641,0.080196,0.074196,seek tool,care duty,residents continue without avatar,True,True,v58-loop-02158
2159,120,17,rain court,repair_trust,Milo,dry seed store,0.32828,0.34428,0.194601,0.168601,care duty,private task,trust warms and obligation decreases,True,True,v58-loop-02159
2160,121,0,west hearth,talk,Sera,patch cloak,0.348268,0.368268,0.515964,0.489964,recover focus,work,trust warms and obligation decreases,True,True,v58-loop-02160
2161,121,1,river gate,offer_help,Tovan,repair awning,0.497044,0.517044,0.447309,0.421309,work,rest,trust warms and obligation decreases,True,True,v58-loop-02161
2162,121,2,arrival court,borrow_tool,Nia,fix bridge peg,0.646863,0.626863,0.235963,0.265963,rest,seek tool,work is delayed and debt marker increases,True,True,v58-loop-02162
2163,121,3,tool alcove,return_tool,Ari,patch cloak,0.611038,0.627038,0.086647,0.060647,negotiate debt,seek tool,trust warms and obligation decreases,True,True,v58-loop-02163
2164,121,4,rain court,interrupt_work,Fay,repair awning,0.443558,0.423558,0.143995,0.173995,seek tool,private task,work is delayed and debt marker increases,True,False,v58-loop-02164
2165,121,5,fiber loft,wait_offscreen,Milo,fix bridge peg,0.324221,0.326221,0.352457,0.346457,care duty,private task,residents continue without avatar,True,True,v58-loop-02165
2166,121,6,west hearth,repair_trust,Sera,patch cloak,0.327313,0.347313,0.510106,0.484106,private task,recover focus,trust warms and obligation decreases,True,True,v58-loop-02166
2167,121,7,river gate,move,Tovan,repair awning,0.502376,0.506376,0.464237,0.462237,recover focus,work,position changes but history remains intact,True,True,v58-loop-02167
2168,121,8,arrival court,talk,Nia,fix bridge peg,0.624428,0.640428,0.25928,0.23328,work,rest,trust warms and obligation decreases,True,True,v58-loop-02168
2169,121,9,tool alcove,offer_help,Ari,patch cloak,0.613246,0.629246,0.093766,0.067766,rest,negotiate debt,trust warms and obligation decreases,True,True,v58-loop-02169
2170,121,10,rain court,borrow_tool,Fay,repair awning,0.453482,0.433482,0.12802,0.15802,negotiate debt,care duty,work is delayed and debt marker increases,True,True,v58-loop-02170
2171,121,11,fiber loft,return_tool,Milo,fix bridge peg,0.326097,0.342097,0.328863,0.302863,seek tool,care duty,trust warms and obligation decreases,True,True,v58-loop-02171
2172,121,12,west hearth,interrupt_work,Sera,patch cloak,0.355039,0.335039,0.501747,0.531747,care duty,recover focus,work is delayed and debt marker increases,True,False,v58-loop-02172
2173,121,13,river gate,wait_offscreen,Tovan,repair awning,0.478546,0.480546,0.47921,0.47321,private task,recover focus,residents continue without avatar,True,True,v58-loop-02173
2174,121,14,arrival court,repair_trust,Nia,fix bridge peg,0.651934,0.667934,0.283081,0.257081,recover focus,work,trust warms and obligation decreases,True,True,v58-loop-02174
2175,121,15,tool alcove,move,Ari,patch cloak,0.60693,0.61093,0.103341,0.101341,work,rest,position changes but history remains intact,True,True,v58-loop-02175
2176,121,16,rain court,talk,Fay,repair awning,0.444882,0.460882,0.114094,0.088094,rest,negotiate debt,trust warms and obligation decreases,True,True,v58-loop-02176
2177,121,17,fiber loft,offer_help,Milo,fix bridge peg,0.309604,0.325604,0.304925,0.278925,negotiate debt,seek tool,trust warms and obligation decreases,True,True,v58-loop-02177
2178,122,0,river gate,return_tool,Sera,map safe route,0.339654,0.359654,0.508119,0.482119,care duty,private task,trust warms and obligation decreases,True,True,v58-loop-02178
2179,122,1,arrival court,interrupt_work,Tovan,dry seed store,0.491386,0.471386,0.346216,0.376216,private task,work,work is delayed and debt marker increases,True,True,v58-loop-02179
2180,122,2,tool alcove,wait_offscreen,Nia,sort herb shelf,0.643879,0.641879,0.139546,0.133546,recover focus,work,residents continue without avatar,True,True,v58-loop-02180
2181,122,3,rain court,repair_trust,Ari,map safe route,0.596765,0.612765,0.0883,0.0623,work,rest,trust warms and obligation decreases,True,True,v58-loop-02181
2182,122,4,fiber loft,move,Fay,dry seed store,0.434979,0.438979,0.242116,0.240116,rest,negotiate debt,position changes but history remains intact,True,True,v58-loop-02182
2183,122,5,west hearth,talk,Milo,sort herb shelf,0.331471,0.351471,0.452002,0.426002,negotiate debt,seek tool,trust warms and obligation decreases,True,True,v58-loop-02183
2184,122,6,river gate,offer_help,Sera,map safe route,0.352866,0.372866,0.514651,0.488651,seek tool,care duty,trust warms and obligation decreases,True,True,v58-loop-02184
2185,122,7,arrival court,borrow_tool,Tovan,dry seed store,0.516142,0.496142,0.369379,0.399379,care duty,recover focus,work is delayed and debt marker increases,True,True,v58-loop-02185
2186,122,8,tool alcove,return_tool,Nia,sort herb shelf,0.641324,0.657324,0.156903,0.130903,private task,recover focus,trust warms and obligation decreases,True,True,v58-loop-02186
2187,122,9,rain court,interrupt_work,Ari,map safe route,0.600472,0.580472,0.083038,0.113038,recover focus,rest,work is delayed and debt marker increases,True,True,v58-loop-02187
2188,122,10,fiber loft,wait_offscreen,Fay,dry seed store,0.45352,0.45152,0.219333,0.213333,work,rest,residents continue without avatar,True,True,v58-loop-02188
2189,122,11,west hearth,repair_trust,Milo,sort herb shelf,0.322555,0.342555,0.433766,0.407766,rest,negotiate debt,trust warms and obligation decreases,True,True,v58-loop-02189
2190,122,12,river gate,move,Sera,map safe route,0.337272,0.341272,0.518627,0.516627,negotiate debt,seek tool,position changes but history remains intact,True,True,v58-loop-02190
2191,122,13,arrival court,talk,Tovan,dry seed store,0.5058,0.5218,0.391716,0.365716,seek tool,care duty,trust warms and obligation decreases,True,True,v58-loop-02191
2192,122,14,tool alcove,offer_help,Nia,sort herb shelf,0.63091,0.64691,0.175964,0.149964,care duty,private task,trust warms and obligation decreases,True,True,v58-loop-02192
2193,122,15,rain court,borrow_tool,Ari,map safe route,0.616175,0.596175,0.08036,0.11036,private task,work,work is delayed and debt marker increases,True,True,v58-loop-02193
2194,122,16,fiber loft,return_tool,Fay,dry seed store,0.458657,0.474657,0.19751,0.17151,recover focus,work,trust warms and obligation decreases,True,True,v58-loop-02194
2195,122,17,west hearth,interrupt_work,Milo,sort herb shelf,0.321598,0.301598,0.413937,0.443937,work,negotiate debt,work is delayed and debt marker increases,True,True,v58-loop-02195
2196,123,0,arrival court,repair_trust,Sera,repair awning,0.352354,0.372354,0.444841,0.418841,negotiate debt,seek tool,trust warms and obligation decreases,True,True,v58-loop-02196
2197,123,1,tool alcove,move,Tovan,fix bridge peg,0.51723,0.52123,0.232814,0.230814,seek tool,care duty,position changes but history remains intact,True,True,v58-loop-02197
2198,123,2,rain court,talk,Nia,patch cloak,0.636179,0.652179,0.085866,0.059866,care duty,private task,trust warms and obligation decreases,True,True,v58-loop-02198
2199,123,3,fiber loft,offer_help,Ari,repair awning,0.587965,0.603965,0.146339,0.120339,private task,recover focus,trust warms and obligation decreases,True,True,v58-loop-02199
2200,123,4,west hearth,borrow_tool,Fay,fix bridge peg,0.425168,0.405168,0.355655,0.385655,recover focus,rest,work is delayed and debt marker increases,True,False,v58-loop-02200
2201,123,5,river gate,return_tool,Milo,patch cloak,0.29849,0.31849,0.511061,0.485061,work,rest,trust warms and obligation decreases,True,True,v58-loop-02201
2202,123,6,arrival court,interrupt_work,Sera,repair awning,0.360702,0.340702,0.462023,0.492023,rest,seek tool,work is delayed and debt marker increases,True,True,v58-loop-02202
2203,123,7,tool alcove,wait_offscreen,Tovan,fix bridge peg,0.533997,0.535997,0.256042,0.250042,negotiate debt,seek tool,residents continue without avatar,True,True,v58-loop-02203
2204,123,8,rain court,repair_trust,Nia,patch cloak,0.665144,0.681144,0.09264,0.06664,seek tool,care duty,trust warms and obligation decreases,True,True,v58-loop-02204
2205,123,9,fiber loft,move,Ari,repair awning,0.608277,0.612277,0.130098,0.128098,care duty,private task,position changes but history remains intact,True,True,v58-loop-02205
2206,123,10,west hearth,talk,Fay,fix bridge peg,0.424138,0.440138,0.332131,0.306131,private task,recover focus,trust warms and obligation decreases,True,True,v58-loop-02206
2207,123,11,river gate,offer_help,Milo,patch cloak,0.315577,0.335577,0.50304,0.47704,recover focus,work,trust warms and obligation decreases,True,True,v58-loop-02207
2208,123,12,arrival court,borrow_tool,Sera,repair awning,0.365233,0.345233,0.477275,0.507275,work,negotiate debt,work is delayed and debt marker increases,True,False,v58-loop-02208
2209,123,13,tool alcove,return_tool,Tovan,fix bridge peg,0.51453,0.53053,0.279793,0.253793,rest,negotiate debt,trust warms and obligation decreases,True,True,v58-loop-02209
2210,123,14,rain court,interrupt_work,Nia,patch cloak,0.639763,0.619763,0.101884,0.131884,negotiate debt,care duty,work is delayed and debt marker increases,True,True,v58-loop-02210
2211,123,15,fiber loft,wait_offscreen,Ari,repair awning,0.593315,0.595315,0.11588,0.10988,seek tool,care duty,residents continue without avatar,True,True,v58-loop-02211
2212,123,16,west hearth,repair_trust,Fay,fix bridge peg,0.440003,0.456003,0.308223,0.282223,care duty,private task,trust warms and obligation decreases,True,True,v58-loop-02212
2213,123,17,river gate,move,Milo,patch cloak,0.29692,0.30092,0.492601,0.490601,private task,recover focus,position changes but history remains intact,True,True,v58-loop-02213
2214,124,0,tool alcove,offer_help,Sera,dry seed store,0.355568,0.371568,0.342985,0.316985,work,rest,trust warms and obligation decreases,True,True,v58-loop-02214
2215,124,1,rain court,borrow_tool,Tovan,sort herb shelf,0.526401,0.506401,0.137307,0.167307,rest,seek tool,work is delayed and debt marker increases,True,True,v58-loop-02215
2216,124,2,fiber loft,return_tool,Nia,map safe route,0.644438,0.660438,0.089221,0.063221,negotiate debt,seek tool,trust warms and obligation decreases,True,True,v58-loop-02216
2217,124,3,west hearth,interrupt_work,Ari,dry seed store,0.595277,0.575277,0.245306,0.275306,seek tool,private task,work is delayed and debt marker increases,True,True,v58-loop-02217
2218,124,4,river gate,wait_offscreen,Fay,sort herb shelf,0.422602,0.420602,0.45437,0.44837,care duty,private task,residents continue without avatar,True,True,v58-loop-02218
2219,124,5,arrival court,repair_trust,Milo,map safe route,0.317246,0.337246,0.513904,0.487904,private task,recover focus,trust warms and obligation decreases,True,True,v58-loop-02219
2220,124,6,tool alcove,move,Sera,dry seed store,0.361551,0.365551,0.36624,0.36424,recover focus,work,position changes but history remains intact,True,True,v58-loop-02220
2221,124,7,rain court,talk,Tovan,sort herb shelf,0.530116,0.546116,0.154413,0.128413,work,rest,trust warms and obligation decreases,True,True,v58-loop-02221
2222,124,8,fiber loft,offer_help,Nia,map safe route,0.667761,0.683761,0.083609,0.057609,rest,negotiate debt,trust warms and obligation decreases,True,True,v58-loop-02222
2223,124,9,west hearth,borrow_tool,Ari,dry seed store,0.580009,0.560009,0.222412,0.252412,negotiate debt,care duty,work is delayed and debt marker increases,True,True,v58-loop-02223
2224,124,10,river gate,return_tool,Fay,sort herb shelf,0.406724,0.426724,0.436371,0.410371,seek tool,care duty,trust warms and obligation decreases,True,True,v58-loop-02224
2225,124,11,arrival court,interrupt_work,Milo,map safe route,0.320327,0.300327,0.518234,0.548234,care duty,recover focus,work is delayed and debt marker increases,True,True,v58-loop-02225
2226,124,12,tool alcove,wait_offscreen,Sera,dry seed store,0.356806,0.354806,0.388706,0.382706,private task,recover focus,residents continue without avatar,True,True,v58-loop-02226
2227,124,13,rain court,repair_trust,Tovan,sort herb shelf,0.514988,0.530988,0.173252,0.147252,recover focus,work,trust warms and obligation decreases,True,True,v58-loop-02227
2228,124,14,fiber loft,move,Nia,map safe route,0.653891,0.657891,0.080573,0.078573,work,rest,position changes but history remains intact,True,True,v58-loop-02228
2229,124,15,west hearth,talk,Ari,dry seed store,0.594508,0.610508,0.200441,0.174441,rest,negotiate debt,trust warms and obligation decreases,True,True,v58-loop-02229
2230,124,16,river gate,offer_help,Fay,sort herb shelf,0.422623,0.442623,0.416747,0.390747,negotiate debt,seek tool,trust warms and obligation decreases,True,True,v58-loop-02230
2231,124,17,arrival court,borrow_tool,Milo,map safe route,0.323816,0.303816,0.519966,0.549966,seek tool,private task,work is delayed and debt marker increases,True,True,v58-loop-02231
2232,125,0,rain court,interrupt_work,Sera,fix bridge peg,0.372137,0.352137,0.229679,0.259679,private task,work,work is delayed and debt marker increases,True,False,v58-loop-02232
2233,125,1,fiber loft,wait_offscreen,Tovan,patch cloak,0.553748,0.555748,0.085133,0.079133,recover focus,work,residents continue without avatar,True,True,v58-loop-02233
2234,125,2,west hearth,repair_trust,Nia,repair awning,0.665106,0.681106,0.148718,0.122718,work,rest,trust warms and obligation decreases,True,True,v58-loop-02234
2235,125,3,river gate,move,Ari,fix bridge peg,0.589083,0.593083,0.358842,0.356842,rest,negotiate debt,position changes but history remains intact,True,True,v58-loop-02235
2236,125,4,arrival court,talk,Fay,patch cloak,0.418283,0.438283,0.511969,0.485969,negotiate debt,seek tool,trust warms and obligation decreases,True,True,v58-loop-02236
2237,125,5,tool alcove,offer_help,Milo,repair awning,0.303653,0.323653,0.459773,0.433773,seek tool,care duty,trust warms and obligation decreases,True,True,v58-loop-02237
2238,125,6,rain court,borrow_tool,Sera,fix bridge peg,0.376746,0.356746,0.252813,0.282813,care duty,recover focus,work is delayed and debt marker increases,True,True,v58-loop-02238
2239,125,7,fiber loft,return_tool,Tovan,patch cloak,0.542658,0.558658,0.091561,0.065561,private task,recover focus,trust warms and obligation decreases,True,True,v58-loop-02239
2240,125,8,west hearth,interrupt_work,Nia,repair awning,0.651784,0.631784,0.132213,0.162213,recover focus,rest,work is delayed and debt marker increases,True,False,v58-loop-02240
2241,125,9,river gate,wait_offscreen,Ari,fix bridge peg,0.575732,0.577732,0.335392,0.329392,work,rest,residents continue without avatar,True,True,v58-loop-02241
2242,125,10,arrival court,repair_trust,Fay,patch cloak,0.404904,0.424904,0.504288,0.478288,rest,negotiate debt,trust warms and obligation decreases,True,True,v58-loop-02242
2243,125,11,tool alcove,move,Milo,repair awning,0.319744,0.323744,0.475301,0.473301,negotiate debt,seek tool,position changes but history remains intact,True,True,v58-loop-02243
2244,125,12,rain court,talk,Sera,fix bridge peg,0.366117,0.382117,0.276509,0.250509,seek tool,care duty,trust warms and obligation decreases,True,True,v58-loop-02244
2245,125,13,fiber loft,offer_help,Tovan,patch cloak,0.556867,0.572867,0.100472,0.074472,care duty,private task,trust warms and obligation decreases,True,True,v58-loop-02245
2246,125,14,west hearth,borrow_tool,Nia,repair awning,0.662294,0.642294,0.117707,0.147707,private task,work,work is delayed and debt marker increases,True,True,v58-loop-02246
2247,125,15,river gate,return_tool,Ari,fix bridge peg,0.572517,0.588517,0.31152,0.28552,recover focus,work,trust warms and obligation decreases,True,True,v58-loop-02247
2248,125,16,arrival court,interrupt_work,Fay,patch cloak,0.399878,0.379878,0.494174,0.524174,work,negotiate debt,work is delayed and debt marker increases,True,False,v58-loop-02248
2249,125,17,tool alcove,wait_offscreen,Milo,repair awning,0.292159,0.294159,0.488742,0.482742,rest,negotiate debt,residents continue without avatar,True,True,v58-loop-02249
2250,126,0,fiber loft,move,Sera,sort herb shelf,0.376469,0.380469,0.135104,0.133104,seek tool,care duty,position changes but history remains intact,True,True,v58-loop-02250
2251,126,1,west hearth,talk,Tovan,map safe route,0.568482,0.584482,0.09019,0.06419,care duty,private task,trust warms and obligation decreases,True,True,v58-loop-02251
2252,126,2,river gate,offer_help,Nia,dry seed store,0.68016,0.69616,0.248509,0.222509,private task,recover focus,trust warms and obligation decreases,True,True,v58-loop-02252
2253,126,3,arrival court,borrow_tool,Ari,sort herb shelf,0.562807,0.542807,0.456704,0.486704,recover focus,rest,work is delayed and debt marker increases,True,True,v58-loop-02253
2254,126,4,tool alcove,return_tool,Fay,map safe route,0.410423,0.430423,0.513108,0.487108,work,rest,trust warms and obligation decreases,True,True,v58-loop-02254
2255,126,5,rain court,interrupt_work,Milo,dry seed store,0.29237,0.27237,0.363085,0.393085,rest,seek tool,work is delayed and debt marker increases,True,True,v58-loop-02255
2256,126,6,fiber loft,wait_offscreen,Sera,sort herb shelf,0.370444,0.368444,0.151955,0.145955,negotiate debt,seek tool,residents continue without avatar,True,True,v58-loop-02256
2257,126,7,west hearth,repair_trust,Tovan,map safe route,0.571658,0.587658,0.084228,0.058228,seek tool,care duty,trust warms and obligation decreases,True,True,v58-loop-02257
2258,126,8,river gate,move,Nia,dry seed store,0.653174,0.657174,0.225508,0.223508,care duty,private task,position changes but history remains intact,True,True,v58-loop-02258
2259,126,9,arrival court,talk,Ari,sort herb shelf,0.559237,0.579237,0.438945,0.412945,private task,recover focus,trust warms and obligation decreases,True,True,v58-loop-02259
2260,126,10,tool alcove,offer_help,Fay,map safe route,0.411497,0.431497,0.517793,0.491793,recover focus,work,trust warms and obligation decreases,True,True,v58-loop-02260
2261,126,11,rain court,borrow_tool,Milo,dry seed store,0.300608,0.280608,0.385676,0.415676,work,negotiate debt,work is delayed and debt marker increases,True,True,v58-loop-02261
2262,126,12,fiber loft,return_tool,Sera,sort herb shelf,0.384312,0.400312,0.17057,0.14457,rest,negotiate debt,trust warms and obligation decreases,True,True,v58-loop-02262
2263,126,13,west hearth,interrupt_work,Tovan,map safe route,0.547605,0.527605,0.080836,0.110836,negotiate debt,care duty,work is delayed and debt marker increases,True,True,v58-loop-02263
2264,126,14,river gate,wait_offscreen,Nia,dry seed store,0.662062,0.660062,0.203395,0.197395,seek tool,care duty,residents continue without avatar,True,True,v58-loop-02264
2265,126,15,arrival court,repair_trust,Ari,sort herb shelf,0.554211,0.574211,0.419531,0.393531,care duty,private task,trust warms and obligation decreases,True,True,v58-loop-02265
2266,126,16,tool alcove,move,Fay,map safe route,0.401109,0.405109,0.519883,0.517883,private task,recover focus,position changes but history remains intact,True,True,v58-loop-02266
2267,126,17,rain court,talk,Milo,dry seed store,0.305586,0.325586,0.407246,0.381246,recover focus,work,trust warms and obligation decreases,True,True,v58-loop-02267
2268,127,0,west hearth,borrow_tool,Sera,patch cloak,0.388252,0.368252,0.084449,0.114449,rest,seek tool,work is delayed and debt marker increases,True,False,v58-loop-02268
2269,127,1,river gate,return_tool,Tovan,repair awning,0.551175,0.567175,0.151131,0.125131,negotiate debt,seek tool,trust warms and obligation decreases,True,True,v58-loop-02269
2270,127,2,arrival court,interrupt_work,Nia,fix bridge peg,0.651237,0.631237,0.362015,0.392015,seek tool,private task,work is delayed and debt marker increases,True,True,v58-loop-02270
2271,127,3,tool alcove,wait_offscreen,Ari,patch cloak,0.560756,0.562756,0.512828,0.506828,care duty,private task,residents continue without avatar,True,True,v58-loop-02271
2272,127,4,rain court,repair_trust,Fay,repair awning,0.376329,0.396329,0.457486,0.431486,private task,recover focus,trust warms and obligation decreases,True,True,v58-loop-02272
2273,127,5,fiber loft,move,Milo,fix bridge peg,0.309176,0.313176,0.249595,0.247595,recover focus,work,position changes but history remains intact,True,True,v58-loop-02273
2274,127,6,west hearth,talk,Sera,patch cloak,0.383131,0.399131,0.090529,0.064529,work,rest,trust warms and obligation decreases,True,True,v58-loop-02274
2275,127,7,river gate,offer_help,Tovan,repair awning,0.580664,0.596664,0.134366,0.108366,rest,negotiate debt,trust warms and obligation decreases,True,True,v58-loop-02275
2276,127,8,arrival court,borrow_tool,Nia,fix bridge peg,0.650903,0.630903,0.338644,0.368644,negotiate debt,care duty,work is delayed and debt marker increases,True,False,v58-loop-02276
2277,127,9,tool alcove,return_tool,Ari,patch cloak,0.56627,0.58627,0.50549,0.47949,seek tool,care duty,trust warms and obligation decreases,True,True,v58-loop-02277
2278,127,10,rain court,interrupt_work,Fay,repair awning,0.389998,0.369998,0.473288,0.503288,care duty,recover focus,work is delayed and debt marker increases,True,True,v58-loop-02278
2279,127,11,fiber loft,wait_offscreen,Milo,fix bridge peg,0.307579,0.309579,0.273231,0.267231,private task,recover focus,residents continue without avatar,True,True,v58-loop-02279
2280,127,12,west hearth,repair_trust,Sera,patch cloak,0.393892,0.409892,0.099104,0.073104,recover focus,work,trust warms and obligation decreases,True,True,v58-loop-02280
2281,127,13,river gate,move,Tovan,repair awning,0.568622,0.572622,0.119575,0.117575,work,rest,position changes but history remains intact,True,True,v58-loop-02281
2282,127,14,arrival court,talk,Nia,fix bridge peg,0.680995,0.696995,0.314814,0.288814,rest,negotiate debt,trust warms and obligation decreases,True,True,v58-loop-02282
2283,127,15,tool alcove,offer_help,Ari,patch cloak,0.565507,0.585507,0.495704,0.469704,negotiate debt,seek tool,trust warms and obligation decreases,True,True,v58-loop-02283
2284,127,16,rain court,borrow_tool,Fay,repair awning,0.371903,0.351903,0.487025,0.517025,seek tool,private task,work is delayed and debt marker increases,True,False,v58-loop-02284
2285,127,17,fiber loft,return_tool,Milo,fix bridge peg,0.304205,0.320205,0.297185,0.271185,care duty,private task,trust warms and obligation decreases,True,True,v58-loop-02285
2286,128,0,river gate,wait_offscreen,Sera,map safe route,0.416153,0.414153,0.091207,0.085207,recover focus,work,residents continue without avatar,True,True,v58-loop-02286
2287,128,1,arrival court,repair_trust,Tovan,dry seed store,0.590179,0.606179,0.251723,0.225723,work,rest,trust warms and obligation decreases,True,True,v58-loop-02287
2288,128,2,tool alcove,move,Nia,sort herb shelf,0.67026,0.67426,0.459003,0.457003,rest,negotiate debt,position changes but history remains intact,True,True,v58-loop-02288
2289,128,3,rain court,talk,Ari,map safe route,0.530131,0.550131,0.512265,0.486265,negotiate debt,seek tool,trust warms and obligation decreases,True,True,v58-loop-02289
2290,128,4,fiber loft,offer_help,Fay,dry seed store,0.375021,0.391021,0.359917,0.333917,seek tool,care duty,trust warms and obligation decreases,True,True,v58-loop-02290
2291,128,5,west hearth,borrow_tool,Milo,sort herb shelf,0.320974,0.300974,0.149531,0.179531,care duty,recover focus,work is delayed and debt marker increases,True,True,v58-loop-02291
2292,128,6,river gate,return_tool,Sera,map safe route,0.397698,0.413698,0.084896,0.058896,private task,recover focus,trust warms and obligation decreases,True,True,v58-loop-02292
2293,128,7,arrival court,interrupt_work,Tovan,dry seed store,0.56147,0.54147,0.228622,0.258622,recover focus,rest,work is delayed and debt marker increases,True,True,v58-loop-02293
2294,128,8,tool alcove,wait_offscreen,Nia,sort herb shelf,0.675981,0.673981,0.441488,0.435488,work,rest,residents continue without avatar,True,True,v58-loop-02294
2295,128,9,rain court,repair_trust,Ari,map safe route,0.545561,0.565561,0.517302,0.491302,rest,negotiate debt,trust warms and obligation decreases,True,True,v58-loop-02295
2296,128,10,fiber loft,move,Fay,dry seed store,0.390984,0.394984,0.382627,0.380627,negotiate debt,seek tool,position changes but history remains intact,True,True,v58-loop-02296
2297,128,11,west hearth,talk,Milo,sort herb shelf,0.31014,0.32614,0.167916,0.141916,seek tool,care duty,trust warms and obligation decreases,True,True,v58-loop-02297
2298,128,12,river gate,offer_help,Sera,map safe route,0.395137,0.411137,0.081148,0.055148,care duty,private task,trust warms and obligation decreases,True,True,v58-loop-02298
2299,128,13,arrival court,borrow_tool,Tovan,dry seed store,0.594255,0.574255,0.20637,0.23637,private task,work,work is delayed and debt marker increases,True,True,v58-loop-02299
2300,128,14,tool alcove,return_tool,Nia,sort herb shelf,0.666716,0.686716,0.422287,0.396287,recover focus,work,trust warms and obligation decreases,True,True,v58-loop-02300
2301,128,15,rain court,interrupt_work,Ari,map safe route,0.53912,0.51912,0.519751,0.549751,work,negotiate debt,work is delayed and debt marker increases,True,True,v58-loop-02301
2302,128,16,fiber loft,wait_offscreen,Fay,dry seed store,0.377672,0.375672,0.404353,0.398353,rest,negotiate debt,residents continue without avatar,True,True,v58-loop-02302
2303,128,17,west hearth,repair_trust,Milo,sort herb shelf,0.314803,0.330803,0.187874,0.161874,negotiate debt,seek tool,trust warms and obligation decreases,True,True,v58-loop-02303
2304,129,0,arrival court,talk,Sera,repair awning,0.407981,0.423981,0.153577,0.127577,care duty,private task,trust warms and obligation decreases,True,True,v58-loop-02304
2305,129,1,tool alcove,offer_help,Tovan,fix bridge peg,0.577122,0.593122,0.365174,0.339174,private task,recover focus,trust warms and obligation decreases,True,True,v58-loop-02305
2306,129,2,rain court,borrow_tool,Nia,patch cloak,0.682493,0.662493,0.51364,0.54364,recover focus,rest,work is delayed and debt marker increases,True,True,v58-loop-02306
2307,129,3,fiber loft,return_tool,Ari,repair awning,0.519649,0.539649,0.455164,0.429164,work,rest,trust warms and obligation decreases,True,True,v58-loop-02307
2308,129,4,west hearth,interrupt_work,Fay,fix bridge peg,0.374734,0.354734,0.246389,0.276389,rest,seek tool,work is delayed and debt marker increases,True,False,v58-loop-02308
2309,129,5,river gate,wait_offscreen,Milo,patch cloak,0.322593,0.324593,0.089544,0.083544,negotiate debt,seek tool,residents continue without avatar,True,True,v58-loop-02309
2310,129,6,arrival court,repair_trust,Sera,repair awning,0.431324,0.447324,0.136557,0.110557,seek tool,care duty,trust warms and obligation decreases,True,True,v58-loop-02310
2311,129,7,tool alcove,move,Tovan,fix bridge peg,0.583608,0.587608,0.341889,0.339889,care duty,private task,position changes but history remains intact,True,True,v58-loop-02311
2312,129,8,rain court,talk,Nia,patch cloak,0.683601,0.703601,0.506645,0.480645,private task,recover focus,trust warms and obligation decreases,True,True,v58-loop-02312
2313,129,9,fiber loft,offer_help,Ari,repair awning,0.531307,0.551307,0.471235,0.445235,recover focus,work,trust warms and obligation decreases,True,True,v58-loop-02313
2314,129,10,west hearth,borrow_tool,Fay,fix bridge peg,0.378999,0.358999,0.269959,0.299959,work,negotiate debt,work is delayed and debt marker increases,True,True,v58-loop-02314
2315,129,11,river gate,return_tool,Milo,patch cloak,0.316153,0.332153,0.097782,0.071782,rest,negotiate debt,trust warms and obligation decreases,True,True,v58-loop-02315
2316,129,12,arrival court,interrupt_work,Sera,repair awning,0.415205,0.395205,0.121483,0.151483,negotiate debt,care duty,work is delayed and debt marker increases,True,False,v58-loop-02316
2317,129,13,tool alcove,wait_offscreen,Tovan,fix bridge peg,0.595934,0.597934,0.318105,0.312105,seek tool,care duty,residents continue without avatar,True,True,v58-loop-02317
2318,129,14,rain court,repair_trust,Nia,patch cloak,0.673981,0.693981,0.497189,0.471189,care duty,private task,trust warms and obligation decreases,True,True,v58-loop-02318
2319,129,15,fiber loft,move,Ari,repair awning,0.524586,0.528586,0.485267,0.483267,private task,recover focus,position changes but history remains intact,True,True,v58-loop-02319
2320,129,16,west hearth,talk,Fay,fix bridge peg,0.362041,0.378041,0.293886,0.267886,recover focus,work,trust warms and obligation decreases,True,True,v58-loop-02320
2321,129,17,river gate,offer_help,Milo,patch cloak,0.308781,0.324781,0.108428,0.082428,work,rest,trust warms and obligation decreases,True,True,v58-loop-02321
2322,130,0,tool alcove,return_tool,Sera,dry seed store,0.432822,0.448822,0.254948,0.228948,negotiate debt,seek tool,trust warms and obligation decreases,True,True,v58-loop-02322
2323,130,1,rain court,interrupt_work,Tovan,sort herb shelf,0.606519,0.586519,0.461265,0.491265,seek tool,private task,work is delayed and debt marker increases,True,True,v58-loop-02323
2324,130,2,fiber loft,wait_offscreen,Nia,map safe route,0.665712,0.663712,0.511374,0.505374,care duty,private task,residents continue without avatar,True,True,v58-loop-02324
2325,130,3,west hearth,repair_trust,Ari,dry seed store,0.509371,0.525371,0.356735,0.330735,private task,recover focus,trust warms and obligation decreases,True,True,v58-loop-02325
2326,130,4,river gate,move,Fay,sort herb shelf,0.365438,0.369438,0.14714,0.14514,recover focus,work,position changes but history remains intact,True,True,v58-loop-02326
2327,130,5,arrival court,talk,Milo,map safe route,0.314104,0.330104,0.085613,0.059613,work,rest,trust warms and obligation decreases,True,True,v58-loop-02327
2328,130,6,tool alcove,offer_help,Sera,dry seed store,0.432046,0.448046,0.231751,0.205751,rest,negotiate debt,trust warms and obligation decreases,True,True,v58-loop-02328
2329,130,7,rain court,borrow_tool,Tovan,sort herb shelf,0.601129,0.581129,0.443999,0.473999,negotiate debt,care duty,work is delayed and debt marker increases,True,True,v58-loop-02329
2330,130,8,fiber loft,return_tool,Nia,map safe route,0.674183,0.694183,0.516762,0.490762,seek tool,care duty,trust warms and obligation decreases,True,True,v58-loop-02330
2331,130,9,west hearth,interrupt_work,Ari,dry seed store,0.533544,0.513544,0.379559,0.409559,care duty,recover focus,work is delayed and debt marker increases,True,True,v58-loop-02331
2332,130,10,river gate,wait_offscreen,Fay,sort herb shelf,0.345246,0.343246,0.165292,0.159292,private task,recover focus,residents continue without avatar,True,True,v58-loop-02332
2333,130,11,arrival court,repair_trust,Milo,map safe route,0.327923,0.343923,0.081509,0.055509,recover focus,work,trust warms and obligation decreases,True,True,v58-loop-02333
2334,130,12,tool alcove,move,Sera,dry seed store,0.415167,0.419167,0.209367,0.207367,work,rest,position changes but history remains intact,True,True,v58-loop-02334
2335,130,13,rain court,talk,Tovan,sort herb shelf,0.612626,0.632626,0.425017,0.399017,rest,negotiate debt,trust warms and obligation decreases,True,True,v58-loop-02335
2336,130,14,fiber loft,offer_help,Nia,map safe route,0.662929,0.682929,0.519569,0.493569,negotiate debt,seek tool,trust warms and obligation decreases,True,True,v58-loop-02336
2337,130,15,west hearth,borrow_tool,Ari,dry seed store,0.505006,0.485006,0.401436,0.431436,seek tool,private task,work is delayed and debt marker increases,True,True,v58-loop-02337
2338,130,16,river gate,return_tool,Fay,sort herb shelf,0.348709,0.364709,0.185047,0.159047,care duty,private task,trust warms and obligation decreases,True,True,v58-loop-02338
2339,130,17,arrival court,interrupt_work,Milo,map safe route,0.318468,0.298468,0.080007,0.110007,private task,work,work is delayed and debt marker increases,True,True,v58-loop-02339
2340,131,0,rain court,repair_trust,Sera,fix bridge peg,0.446897,0.462897,0.368318,0.342318,work,rest,trust warms and obligation decreases,True,True,v58-loop-02340
2341,131,1,fiber loft,move,Tovan,patch cloak,0.620546,0.624546,0.514404,0.512404,rest,negotiate debt,position changes but history remains intact,True,True,v58-loop-02341
2342,131,2,west hearth,talk,Nia,repair awning,0.659214,0.679214,0.452807,0.426807,negotiate debt,seek tool,trust warms and obligation decreases,True,True,v58-loop-02342
2343,131,3,river gate,offer_help,Ari,fix bridge peg,0.514402,0.530402,0.243195,0.217195,seek tool,care duty,trust warms and obligation decreases,True,True,v58-loop-02343
2344,131,4,arrival court,borrow_tool,Fay,patch cloak,0.342687,0.322687,0.088606,0.118606,care duty,recover focus,work is delayed and debt marker increases,True,False,v58-loop-02344
2345,131,5,tool alcove,return_tool,Milo,repair awning,0.329804,0.345804,0.138784,0.112784,private task,recover focus,trust warms and obligation decreases,True,True,v58-loop-02345
2346,131,6,rain court,interrupt_work,Sera,fix bridge peg,0.447869,0.427869,0.345123,0.375123,recover focus,rest,work is delayed and debt marker increases,True,True,v58-loop-02346
2347,131,7,fiber loft,wait_offscreen,Tovan,patch cloak,0.602611,0.604611,0.507754,0.501754,work,rest,residents continue without avatar,True,True,v58-loop-02347
2348,131,8,west hearth,repair_trust,Nia,repair awning,0.667796,0.687796,0.469144,0.443144,rest,negotiate debt,trust warms and obligation decreases,True,True,v58-loop-02348
2349,131,9,river gate,move,Ari,fix bridge peg,0.49495,0.49895,0.266693,0.264693,negotiate debt,seek tool,position changes but history remains intact,True,True,v58-loop-02349
2350,131,10,arrival court,talk,Fay,patch cloak,0.355612,0.371612,0.096505,0.070505,seek tool,care duty,trust warms and obligation decreases,True,True,v58-loop-02350
2351,131,11,tool alcove,offer_help,Milo,repair awning,0.30774,0.32374,0.123432,0.097432,care duty,private task,trust warms and obligation decreases,True,True,v58-loop-02351
2352,131,12,rain court,borrow_tool,Sera,fix bridge peg,0.438131,0.418131,0.321391,0.351391,private task,work,work is delayed and debt marker increases,True,False,v58-loop-02352
2353,131,13,fiber loft,return_tool,Tovan,patch cloak,0.606575,0.626575,0.49863,0.47263,recover focus,work,trust warms and obligation decreases,True,True,v58-loop-02353
2354,131,14,west hearth,interrupt_work,Nia,repair awning,0.655172,0.635172,0.483466,0.513466,work,negotiate debt,work is delayed and debt marker increases,True,True,v58-loop-02354
2355,131,15,river gate,wait_offscreen,Ari,fix bridge peg,0.507879,0.509879,0.290588,0.284588,rest,negotiate debt,residents continue without avatar,True,True,v58-loop-02355
2356,131,16,arrival court,repair_trust,Fay,patch cloak,0.354248,0.370248,0.106827,0.080827,negotiate debt,seek tool,trust warms and obligation decreases,True,True,v58-loop-02356
2357,131,17,tool alcove,move,Milo,repair awning,0.332414,0.336414,0.110182,0.108182,seek tool,care duty,position changes but history remains intact,True,True,v58-loop-02357
2358,132,0,fiber loft,offer_help,Sera,sort herb shelf,0.46518,0.48518,0.463492,0.437492,private task,recover focus,trust warms and obligation decreases,True,True,v58-loop-02358
2359,132,1,west hearth,borrow_tool,Tovan,map safe route,0.611044,0.591044,0.510435,0.540435,recover focus,rest,work is delayed and debt marker increases,True,True,v58-loop-02359
2360,132,2,river gate,return_tool,Nia,dry seed store,0.655431,0.671431,0.353541,0.327541,work,rest,trust warms and obligation decreases,True,True,v58-loop-02360
2361,132,3,arrival court,interrupt_work,Ari,sort herb shelf,0.510816,0.490816,0.144784,0.174784,rest,seek tool,work is delayed and debt marker increases,True,True,v58-loop-02361
2362,132,4,tool alcove,wait_offscreen,Fay,map safe route,0.335195,0.333195,0.086377,0.080377,negotiate debt,seek tool,residents continue without avatar,True,True,v58-loop-02362
2363,132,5,rain court,repair_trust,Milo,dry seed store,0.325628,0.341628,0.234896,0.208896,seek tool,care duty,trust warms and obligation decreases,True,True,v58-loop-02363
2364,132,6,fiber loft,move,Sera,sort herb shelf,0.46352,0.46752,0.446477,0.444477,care duty,private task,position changes but history remains intact,True,True,v58-loop-02364
2365,132,7,west hearth,talk,Tovan,map safe route,0.611275,0.631275,0.516174,0.490174,private task,recover focus,trust warms and obligation decreases,True,True,v58-loop-02365
2366,132,8,river gate,offer_help,Nia,dry seed store,0.678363,0.694363,0.376474,0.350474,recover focus,work,trust warms and obligation decreases,True,True,v58-loop-02366
2367,132,9,arrival court,borrow_tool,Ari,sort herb shelf,0.497214,0.477214,0.162698,0.192698,work,negotiate debt,work is delayed and debt marker increases,True,True,v58-loop-02367
2368,132,10,tool alcove,return_tool,Fay,map safe route,0.327907,0.343907,0.081919,0.055919,rest,negotiate debt,trust warms and obligation decreases,True,True,v58-loop-02368
2369,132,11,rain court,interrupt_work,Milo,dry seed store,0.32471,0.30471,0.212384,0.242384,negotiate debt,care duty,work is delayed and debt marker increases,True,True,v58-loop-02369
2370,132,12,fiber loft,wait_offscreen,Sera,sort herb shelf,0.465414,0.463414,0.427718,0.421718,seek tool,care duty,residents continue without avatar,True,True,v58-loop-02370
2371,132,13,west hearth,repair_trust,Tovan,map safe route,0.61061,0.63061,0.519338,0.493338,care duty,private task,trust warms and obligation decreases,True,True,v58-loop-02371
2372,132,14,river gate,move,Nia,dry seed store,0.671386,0.675386,0.398497,0.396497,private task,recover focus,position changes but history remains intact,True,True,v58-loop-02372
2373,132,15,arrival court,talk,Ari,sort herb shelf,0.483906,0.499906,0.182247,0.156247,recover focus,work,trust warms and obligation decreases,True,True,v58-loop-02373
2374,132,16,tool alcove,offer_help,Fay,map safe route,0.356414,0.372414,0.080058,0.054058,work,rest,trust warms and obligation decreases,True,True,v58-loop-02374
2375,132,17,rain court,borrow_tool,Milo,dry seed store,0.315468,0.295468,0.190916,0.220916,rest,seek tool,work is delayed and debt marker increases,True,True,v58-loop-02375
2376,133,0,west hearth,interrupt_work,Sera,patch cloak,0.465712,0.445712,0.515119,0.545119,seek tool,private task,work is delayed and debt marker increases,True,False,v58-loop-02376
2377,133,1,river gate,wait_offscreen,Tovan,repair awning,0.628141,0.630141,0.450416,0.444416,care duty,private task,residents continue without avatar,True,True,v58-loop-02377
2378,133,2,arrival court,repair_trust,Nia,fix bridge peg,0.642426,0.658426,0.240013,0.214013,private task,recover focus,trust warms and obligation decreases,True,True,v58-loop-02378
2379,133,3,tool alcove,move,Ari,patch cloak,0.492162,0.496162,0.087716,0.085716,recover focus,work,position changes but history remains intact,True,True,v58-loop-02379
2380,133,4,rain court,talk,Fay,repair awning,0.317982,0.333982,0.141048,0.115048,work,rest,trust warms and obligation decreases,True,True,v58-loop-02380
2381,133,5,fiber loft,offer_help,Milo,fix bridge peg,0.319245,0.335245,0.348348,0.322348,rest,negotiate debt,trust warms and obligation decreases,True,True,v58-loop-02381
2382,133,6,west hearth,borrow_tool,Sera,patch cloak,0.455468,0.435468,0.508816,0.538816,negotiate debt,care duty,work is delayed and debt marker increases,True,True,v58-loop-02382
2383,133,7,river gate,return_tool,Tovan,repair awning,0.617768,0.637768,0.467015,0.441015,seek tool,care duty,trust warms and obligation decreases,True,True,v58-loop-02383
2384,133,8,arrival court,interrupt_work,Nia,fix bridge peg,0.648437,0.628437,0.263435,0.293435,care duty,recover focus,work is delayed and debt marker increases,True,False,v58-loop-02384
2385,133,9,tool alcove,wait_offscreen,Ari,patch cloak,0.4811,0.4831,0.095274,0.089274,private task,recover focus,residents continue without avatar,True,True,v58-loop-02385
2386,133,10,rain court,repair_trust,Fay,repair awning,0.342526,0.358526,0.12542,0.09942,recover focus,work,trust warms and obligation decreases,True,True,v58-loop-02386
2387,133,11,fiber loft,move,Milo,fix bridge peg,0.335276,0.339276,0.324673,0.322673,work,rest,position changes but history remains intact,True,True,v58-loop-02387
2388,133,12,west hearth,talk,Sera,patch cloak,0.479292,0.499292,0.500027,0.474027,rest,negotiate debt,trust warms and obligation decreases,True,True,v58-loop-02388
2389,133,13,river gate,offer_help,Tovan,repair awning,0.639541,0.659541,0.481625,0.455625,negotiate debt,seek tool,trust warms and obligation decreases,True,True,v58-loop-02389
2390,133,14,arrival court,borrow_tool,Nia,fix bridge peg,0.673241,0.653241,0.287292,0.317292,seek tool,private task,work is delayed and debt marker increases,True,True,v58-loop-02390
2391,133,15,tool alcove,return_tool,Ari,patch cloak,0.497047,0.513047,0.105269,0.079269,care duty,private task,trust warms and obligation decreases,True,True,v58-loop-02391
2392,133,16,rain court,interrupt_work,Fay,repair awning,0.319936,0.299936,0.111872,0.141872,private task,work,work is delayed and debt marker increases,True,False,v58-loop-02392
2393,133,17,fiber loft,wait_offscreen,Milo,fix bridge peg,0.312715,0.314715,0.300704,0.294704,recover focus,work,residents continue without avatar,True,True,v58-loop-02393
2394,134,0,river gate,move,Sera,map safe route,0.461434,0.465434,0.509449,0.507449,rest,negotiate debt,position changes but history remains intact,True,True,v58-loop-02394
2395,134,1,arrival court,talk,Tovan,dry seed store,0.633734,0.649734,0.350334,0.324334,negotiate debt,seek tool,trust warms and obligation decreases,True,True,v58-loop-02395
2396,134,2,tool alcove,offer_help,Nia,sort herb shelf,0.641397,0.657397,0.142463,0.116463,seek tool,care duty,trust warms and obligation decreases,True,True,v58-loop-02396
2397,134,3,rain court,borrow_tool,Ari,map safe route,0.461171,0.441171,0.08719,0.11719,care duty,recover focus,work is delayed and debt marker increases,True,True,v58-loop-02397
2398,134,4,fiber loft,return_tool,Fay,dry seed store,0.339265,0.355265,0.238055,0.212055,private task,recover focus,trust warms and obligation decreases,True,True,v58-loop-02398
2399,134,5,west hearth,interrupt_work,Milo,sort herb shelf,0.320849,0.300849,0.448923,0.478923,recover focus,rest,work is delayed and debt marker increases,True,True,v58-loop-02399
2400,134,6,river gate,wait_offscreen,Sera,map safe route,0.494424,0.492424,0.515537,0.509537,work,rest,residents continue without avatar,True,True,v58-loop-02400
2401,134,7,arrival court,repair_trust,Tovan,dry seed store,0.649752,0.665752,0.373371,0.347371,rest,negotiate debt,trust warms and obligation decreases,True,True,v58-loop-02401
2402,134,8,tool alcove,move,Nia,sort herb shelf,0.662237,0.666237,0.160135,0.158135,negotiate debt,seek tool,position changes but history remains intact,True,True,v58-loop-02402
2403,134,9,rain court,talk,Ari,map safe route,0.478385,0.494385,0.082379,0.056379,seek tool,care duty,trust warms and obligation decreases,True,True,v58-loop-02403
2404,134,10,fiber loft,offer_help,Fay,dry seed store,0.342493,0.358493,0.215421,0.189421,care duty,private task,trust warms and obligation decreases,True,True,v58-loop-02404
2405,134,11,west hearth,borrow_tool,Milo,sort herb shelf,0.33766,0.31766,0.430391,0.460391,private task,work,work is delayed and debt marker increases,True,True,v58-loop-02405
2406,134,12,river gate,return_tool,Sera,map safe route,0.479076,0.499076,0.519058,0.493058,recover focus,work,trust warms and obligation decreases,True,True,v58-loop-02406
2407,134,13,arrival court,interrupt_work,Tovan,dry seed store,0.626937,0.606937,0.395535,0.425535,work,negotiate debt,work is delayed and debt marker increases,True,True,v58-loop-02407
2408,134,14,tool alcove,wait_offscreen,Nia,sort herb shelf,0.640793,0.638793,0.179473,0.173473,rest,negotiate debt,residents continue without avatar,True,True,v58-loop-02408
2409,134,15,rain court,repair_trust,Ari,map safe route,0.473521,0.489521,0.080159,0.054159,negotiate debt,seek tool,trust warms and obligation decreases,True,True,v58-loop-02409
2410,134,16,fiber loft,move,Fay,dry seed store,0.344072,0.348072,0.193794,0.191794,seek tool,care duty,position changes but history remains intact,True,True,v58-loop-02410
2411,134,17,west hearth,talk,Milo,sort herb shelf,0.344572,0.364572,0.410305,0.384305,care duty,private task,trust warms and obligation decreases,True,True,v58-loop-02411
2412,135,0,arrival court,borrow_tool,Sera,repair awning,0.505182,0.485182,0.447991,0.477991,recover focus,rest,work is delayed and debt marker increases,True,False,v58-loop-02412
2413,135,1,tool alcove,return_tool,Tovan,fix bridge peg,0.65429,0.67029,0.236845,0.210845,work,rest,trust warms and obligation decreases,True,True,v58-loop-02413
2414,135,2,rain court,interrupt_work,Nia,patch cloak,0.656916,0.636916,0.086874,0.116874,rest,seek tool,work is delayed and debt marker increases,True,True,v58-loop-02414
2415,135,3,fiber loft,wait_offscreen,Ari,repair awning,0.47379,0.47579,0.143347,0.137347,negotiate debt,seek tool,residents continue without avatar,True,True,v58-loop-02415
2416,135,4,west hearth,repair_trust,Fay,fix bridge peg,0.330515,0.346515,0.351562,0.325562,seek tool,care duty,trust warms and obligation decreases,True,True,v58-loop-02416
2417,135,5,river gate,move,Milo,patch cloak,0.321532,0.325532,0.509832,0.507832,care duty,private task,position changes but history remains intact,True,True,v58-loop-02417
2418,135,6,arrival court,talk,Sera,repair awning,0.490174,0.510174,0.464848,0.438848,private task,recover focus,trust warms and obligation decreases,True,True,v58-loop-02418
2419,135,7,tool alcove,offer_help,Tovan,fix bridge peg,0.627108,0.643108,0.260185,0.234185,recover focus,work,trust warms and obligation decreases,True,True,v58-loop-02419
2420,135,8,rain court,borrow_tool,Nia,patch cloak,0.664169,0.644169,0.094088,0.124088,work,negotiate debt,work is delayed and debt marker increases,True,False,v58-loop-02420
2421,135,9,fiber loft,return_tool,Ari,repair awning,0.458785,0.474785,0.127448,0.101448,rest,negotiate debt,trust warms and obligation decreases,True,True,v58-loop-02421
2422,135,10,west hearth,interrupt_work,Fay,fix bridge peg,0.32376,0.30376,0.327949,0.357949,negotiate debt,care duty,work is delayed and debt marker increases,True,True,v58-loop-02422
2423,135,11,river gate,wait_offscreen,Milo,patch cloak,0.3247,0.3267,0.501378,0.495378,seek tool,care duty,residents continue without avatar,True,True,v58-loop-02423
2424,135,12,arrival court,repair_trust,Sera,repair awning,0.486609,0.506609,0.479742,0.453742,care duty,private task,trust warms and obligation decreases,True,True,v58-loop-02424
2425,135,13,tool alcove,move,Tovan,fix bridge peg,0.638009,0.642009,0.283999,0.281999,private task,recover focus,position changes but history remains intact,True,True,v58-loop-02425
2426,135,14,rain court,talk,Nia,patch cloak,0.666363,0.682363,0.103756,0.077756,recover focus,work,trust warms and obligation decreases,True,True,v58-loop-02426
2427,135,15,fiber loft,offer_help,Ari,repair awning,0.461474,0.477474,0.113604,0.087604,work,rest,trust warms and obligation decreases,True,True,v58-loop-02427
2428,135,16,west hearth,borrow_tool,Fay,fix bridge peg,0.323749,0.303749,0.304004,0.334004,rest,seek tool,work is delayed and debt marker increases,True,False,v58-loop-02428
2429,135,17,river gate,return_tool,Milo,patch cloak,0.321188,0.341188,0.490526,0.464526,negotiate debt,seek tool,trust warms and obligation decreases,True,True,v58-loop-02429
2430,136,0,tool alcove,wait_offscreen,Sera,dry seed store,0.486836,0.484836,0.347116,0.341116,care duty,private task,residents continue without avatar,True,True,v58-loop-02430
2431,136,1,rain court,repair_trust,Tovan,sort herb shelf,0.664079,0.680079,0.140177,0.114177,private task,recover focus,trust warms and obligation decreases,True,True,v58-loop-02431
2432,136,2,fiber loft,move,Nia,map safe route,0.655145,0.659145,0.088051,0.086051,recover focus,work,position changes but history remains intact,True,True,v58-loop-02432
2433,136,3,west hearth,talk,Ari,dry seed store,0.448202,0.464202,0.241228,0.215228,work,rest,trust warms and obligation decreases,True,True,v58-loop-02433
2434,136,4,river gate,offer_help,Fay,sort herb shelf,0.306607,0.326607,0.451335,0.425335,rest,negotiate debt,trust warms and obligation decreases,True,True,v58-loop-02434
2435,136,5,arrival court,borrow_tool,Milo,map safe route,0.355744,0.335744,0.514851,0.544851,negotiate debt,care duty,work is delayed and debt marker increases,True,True,v58-loop-02435
2436,136,6,tool alcove,return_tool,Sera,dry seed store,0.515096,0.531096,0.370252,0.344252,seek tool,care duty,trust warms and obligation decreases,True,True,v58-loop-02436
2437,136,7,rain court,interrupt_work,Tovan,sort herb shelf,0.64948,0.62948,0.157604,0.187604,care duty,recover focus,work is delayed and debt marker increases,True,True,v58-loop-02437
2438,136,8,fiber loft,wait_offscreen,Nia,map safe route,0.655561,0.653561,0.082887,0.076887,private task,recover focus,residents continue without avatar,True,True,v58-loop-02438
2439,136,9,west hearth,repair_trust,Ari,dry seed store,0.46331,0.47931,0.218477,0.192477,recover focus,work,trust warms and obligation decreases,True,True,v58-loop-02439
2440,136,10,river gate,move,Fay,sort herb shelf,0.319983,0.323983,0.433034,0.431034,work,rest,position changes but history remains intact,True,True,v58-loop-02440
2441,136,11,arrival court,talk,Milo,map safe route,0.348572,0.368572,0.518728,0.492728,rest,negotiate debt,trust warms and obligation decreases,True,True,v58-loop-02441
2442,136,12,tool alcove,offer_help,Sera,dry seed store,0.519144,0.535144,0.392552,0.366552,negotiate debt,seek tool,trust warms and obligation decreases,True,True,v58-loop-02442
2443,136,13,rain court,borrow_tool,Tovan,sort herb shelf,0.654078,0.634078,0.176725,0.206725,seek tool,private task,work is delayed and debt marker increases,True,True,v58-loop-02443
2444,136,14,fiber loft,return_tool,Nia,map safe route,0.658113,0.674113,0.080309,0.054309,care duty,private task,trust warms and obligation decreases,True,True,v58-loop-02444
2445,136,15,west hearth,interrupt_work,Ari,dry seed store,0.451675,0.431675,0.196696,0.226696,private task,work,work is delayed and debt marker increases,True,True,v58-loop-02445
2446,136,16,river gate,wait_offscreen,Fay,sort herb shelf,0.321198,0.319198,0.413148,0.407148,recover focus,work,residents continue without avatar,True,True,v58-loop-02446
2447,136,17,arrival court,repair_trust,Milo,map safe route,0.345537,0.365537,0.52,0.494,work,rest,trust warms and obligation decreases,True,True,v58-loop-02447
2448,137,0,rain court,talk,Sera,fix bridge peg,0.523782,0.539782,0.233691,0.207691,negotiate debt,seek tool,trust warms and obligation decreases,True,True,v58-loop-02448
2449,137,1,fiber loft,offer_help,Tovan,patch cloak,0.654359,0.670359,0.086079,0.060079,seek tool,care duty,trust warms and obligation decreases,True,True,v58-loop-02449
2450,137,2,west hearth,borrow_tool,Nia,repair awning,0.625114,0.605114,0.145681,0.175681,care duty,recover focus,work is delayed and debt marker increases,True,True,v58-loop-02450
2451,137,3,river gate,return_tool,Ari,fix bridge peg,0.445518,0.461518,0.354764,0.328764,private task,recover focus,trust warms and obligation decreases,True,True,v58-loop-02451
2452,137,4,arrival court,interrupt_work,Fay,patch cloak,0.304256,0.284256,0.5108,0.5408,recover focus,rest,work is delayed and debt marker increases,True,False,v58-loop-02452
2453,137,5,tool alcove,wait_offscreen,Milo,repair awning,0.354312,0.356312,0.462644,0.456644,work,rest,residents continue without avatar,True,True,v58-loop-02453
2454,137,6,rain court,repair_trust,Sera,fix bridge peg,0.503897,0.519897,0.256944,0.230944,rest,negotiate debt,trust warms and obligation decreases,True,True,v58-loop-02454
2455,137,7,fiber loft,move,Tovan,patch cloak,0.663998,0.667998,0.09295,0.09095,negotiate debt,seek tool,position changes but history remains intact,True,True,v58-loop-02455
2456,137,8,west hearth,talk,Nia,repair awning,0.644575,0.660575,0.129514,0.103514,seek tool,care duty,trust warms and obligation decreases,True,True,v58-loop-02456
2457,137,9,river gate,offer_help,Ari,fix bridge peg,0.418575,0.434575,0.331219,0.305219,care duty,private task,trust warms and obligation decreases,True,True,v58-loop-02457
2458,137,10,arrival court,borrow_tool,Fay,patch cloak,0.322833,0.302833,0.502684,0.532684,private task,work,work is delayed and debt marker increases,True,True,v58-loop-02458
2459,137,11,tool alcove,return_tool,Milo,repair awning,0.367721,0.387721,0.477819,0.451819,recover focus,work,trust warms and obligation decreases,True,True,v58-loop-02459
2460,137,12,rain court,interrupt_work,Sera,fix bridge peg,0.504099,0.484099,0.28071,0.31071,work,negotiate debt,work is delayed and debt marker increases,True,False,v58-loop-02460
2461,137,13,fiber loft,wait_offscreen,Tovan,patch cloak,0.645138,0.647138,0.102286,0.096286,rest,negotiate debt,residents continue without avatar,True,True,v58-loop-02461
2462,137,14,west hearth,repair_trust,Nia,repair awning,0.654163,0.670163,0.115377,0.089377,negotiate debt,seek tool,trust warms and obligation decreases,True,True,v58-loop-02462
2463,137,15,river gate,move,Ari,fix bridge peg,0.439964,0.443964,0.307303,0.305303,seek tool,care duty,position changes but history remains intact,True,True,v58-loop-02463
2464,137,16,arrival court,talk,Fay,patch cloak,0.311606,0.331606,0.492155,0.466155,care duty,private task,trust warms and obligation decreases,True,True,v58-loop-02464
2465,137,17,tool alcove,offer_help,Milo,repair awning,0.360475,0.380475,0.490876,0.464876,private task,recover focus,trust warms and obligation decreases,True,True,v58-loop-02465
2466,138,0,fiber loft,return_tool,Sera,sort herb shelf,0.515989,0.531989,0.137928,0.111928,work,rest,trust warms and obligation decreases,True,True,v58-loop-02466
2467,138,1,west hearth,interrupt_work,Tovan,map safe route,0.661038,0.641038,0.088959,0.118959,rest,seek tool,work is delayed and debt marker increases,True,True,v58-loop-02467
2468,138,2,river gate,wait_offscreen,Nia,dry seed store,0.641671,0.639671,0.244415,0.238415,negotiate debt,seek tool,residents continue without avatar,True,True,v58-loop-02468
2469,138,3,arrival court,repair_trust,Ari,sort herb shelf,0.407295,0.427295,0.453713,0.427713,seek tool,care duty,trust warms and obligation decreases,True,True,v58-loop-02469
2470,138,4,tool alcove,move,Fay,map safe route,0.295287,0.299287,0.514117,0.512117,care duty,private task,position changes but history remains intact,True,True,v58-loop-02470
2471,138,5,rain court,talk,Milo,dry seed store,0.358632,0.374632,0.367117,0.341117,private task,recover focus,trust warms and obligation decreases,True,True,v58-loop-02471
2472,138,6,fiber loft,offer_help,Sera,sort herb shelf,0.542557,0.558557,0.155104,0.129104,recover focus,work,trust warms and obligation decreases,True,True,v58-loop-02472
2473,138,7,west hearth,borrow_tool,Tovan,map safe route,0.667604,0.647604,0.083444,0.113444,work,negotiate debt,work is delayed and debt marker increases,True,True,v58-loop-02473
2474,138,8,river gate,return_tool,Nia,dry seed store,0.627254,0.643254,0.221551,0.195551,rest,negotiate debt,trust warms and obligation decreases,True,True,v58-loop-02474
2475,138,9,arrival court,interrupt_work,Ari,sort herb shelf,0.431972,0.411972,0.435647,0.465647,negotiate debt,care duty,work is delayed and debt marker increases,True,True,v58-loop-02475
2476,138,10,tool alcove,wait_offscreen,Fay,map safe route,0.298565,0.296565,0.518349,0.512349,seek tool,care duty,residents continue without avatar,True,True,v58-loop-02476
2477,138,11,rain court,repair_trust,Milo,dry seed store,0.350021,0.366021,0.389548,0.363548,care duty,private task,trust warms and obligation decreases,True,True,v58-loop-02477
2478,138,12,fiber loft,move,Sera,sort herb shelf,0.522105,0.526105,0.174006,0.172006,private task,recover focus,position changes but history remains intact,True,True,v58-loop-02478
2479,138,13,west hearth,talk,Tovan,map safe route,0.650974,0.666974,0.080508,0.054508,recover focus,work,trust warms and obligation decreases,True,True,v58-loop-02479
2480,138,14,river gate,offer_help,Nia,dry seed store,0.624376,0.640376,0.199621,0.173621,work,rest,trust warms and obligation decreases,True,True,v58-loop-02480
2481,138,15,arrival court,borrow_tool,Ari,sort herb shelf,0.430467,0.410467,0.415965,0.445965,rest,seek tool,work is delayed and debt marker increases,True,True,v58-loop-02481
2482,138,16,tool alcove,return_tool,Fay,map safe route,0.295727,0.315727,0.51998,0.49398,negotiate debt,seek tool,trust warms and obligation decreases,True,True,v58-loop-02482
2483,138,17,rain court,interrupt_work,Milo,dry seed store,0.351323,0.331323,0.410912,0.440912,seek tool,private task,work is delayed and debt marker increases,True,True,v58-loop-02483
2484,139,0,west hearth,repair_trust,Sera,patch cloak,0.544631,0.560631,0.085333,0.059333,private task,recover focus,trust warms and obligation decreases,True,True,v58-loop-02484
2485,139,1,river gate,move,Tovan,repair awning,0.658017,0.662017,0.148051,0.146051,recover focus,work,position changes but history remains intact,True,True,v58-loop-02485
2486,139,2,arrival court,talk,Nia,fix bridge peg,0.636157,0.652157,0.357954,0.331954,work,rest,trust warms and obligation decreases,True,True,v58-loop-02486
2487,139,3,tool alcove,offer_help,Ari,patch cloak,0.408425,0.428425,0.51172,0.48572,rest,negotiate debt,trust warms and obligation decreases,True,True,v58-loop-02487
2488,139,4,rain court,borrow_tool,Fay,repair awning,0.307548,0.287548,0.460404,0.490404,negotiate debt,care duty,work is delayed and debt marker increases,True,False,v58-loop-02488
2489,139,5,fiber loft,return_tool,Milo,fix bridge peg,0.367691,0.383691,0.253713,0.227713,seek tool,care duty,trust warms and obligation decreases,True,True,v58-loop-02489
2490,139,6,west hearth,interrupt_work,Sera,patch cloak,0.558303,0.538303,0.091858,0.121858,care duty,recover focus,work is delayed and debt marker increases,True,True,v58-loop-02490
2491,139,7,river gate,wait_offscreen,Tovan,repair awning,0.648144,0.650144,0.131619,0.125619,private task,recover focus,residents continue without avatar,True,True,v58-loop-02491
2492,139,8,arrival court,repair_trust,Nia,fix bridge peg,0.62624,0.64224,0.334482,0.308482,recover focus,work,trust warms and obligation decreases,True,True,v58-loop-02492
2493,139,9,tool alcove,move,Ari,patch cloak,0.394377,0.398377,0.503944,0.501944,work,rest,position changes but history remains intact,True,True,v58-loop-02493
2494,139,10,rain court,talk,Fay,repair awning,0.294488,0.314488,0.475856,0.449856,rest,negotiate debt,trust warms and obligation decreases,True,True,v58-loop-02494
2495,139,11,fiber loft,offer_help,Milo,fix bridge peg,0.38031,0.39631,0.277425,0.251425,negotiate debt,seek tool,trust warms and obligation decreases,True,True,v58-loop-02495
2496,139,12,west hearth,borrow_tool,Sera,patch cloak,0.551404,0.531404,0.100861,0.130861,seek tool,private task,work is delayed and debt marker increases,True,False,v58-loop-02496
2497,139,13,river gate,return_tool,Tovan,repair awning,0.649819,0.665819,0.117193,0.091193,care duty,private task,trust warms and obligation decreases,True,True,v58-loop-02497
2498,139,14,arrival court,interrupt_work,Nia,fix bridge peg,0.609992,0.589992,0.3106,0.3406,private task,work,work is delayed and debt marker increases,True,True,v58-loop-02498
2499,139,15,tool alcove,wait_offscreen,Ari,patch cloak,0.421239,0.423239,0.49374,0.48774,recover focus,work,residents continue without avatar,True,True,v58-loop-02499
2500,139,16,rain court,repair_trust,Fay,repair awning,0.306067,0.326067,0.489214,0.463214,work,rest,trust warms and obligation decreases,True,True,v58-loop-02500
2501,139,17,fiber loft,move,Milo,fix bridge peg,0.362528,0.366528,0.301406,0.299406,rest,negotiate debt,position changes but history remains intact,True,True,v58-loop-02501
2502,140,0,river gate,offer_help,Sera,map safe route,0.540296,0.556296,0.089915,0.063915,seek tool,care duty,trust warms and obligation decreases,True,True,v58-loop-02502
2503,140,1,arrival court,borrow_tool,Tovan,dry seed store,0.65144,0.63144,0.247614,0.277614,care duty,recover focus,work is delayed and debt marker increases,True,True,v58-loop-02503
2504,140,2,tool alcove,return_tool,Nia,sort herb shelf,0.612725,0.632725,0.456057,0.430057,private task,recover focus,trust warms and obligation decreases,True,True,v58-loop-02504
2505,140,3,rain court,interrupt_work,Ari,map safe route,0.413687,0.393687,0.513335,0.543335,recover focus,rest,work is delayed and debt marker increases,True,True,v58-loop-02505
2506,140,4,fiber loft,wait_offscreen,Fay,dry seed store,0.325231,0.323231,0.363967,0.357967,work,rest,residents continue without avatar,True,True,v58-loop-02506
2507,140,5,west hearth,repair_trust,Milo,sort herb shelf,0.393505,0.409505,0.152637,0.126637,rest,negotiate debt,trust warms and obligation decreases,True,True,v58-loop-02507
2508,140,6,river gate,move,Sera,map safe route,0.568498,0.572498,0.08405,0.08205,negotiate debt,seek tool,position changes but history remains intact,True,True,v58-loop-02508
2509,140,7,arrival court,talk,Tovan,dry seed store,0.65208,0.66808,0.224643,0.198643,seek tool,care duty,trust warms and obligation decreases,True,True,v58-loop-02509
2510,140,8,tool alcove,offer_help,Nia,sort herb shelf,0.596434,0.616434,0.43823,0.41223,care duty,private task,trust warms and obligation decreases,True,True,v58-loop-02510
2511,140,9,rain court,borrow_tool,Ari,map safe route,0.405135,0.385135,0.517921,0.547921,private task,work,work is delayed and debt marker increases,True,True,v58-loop-02511
2512,140,10,fiber loft,return_tool,Fay,dry seed store,0.306974,0.322974,0.386523,0.360523,recover focus,work,trust warms and obligation decreases,True,True,v58-loop-02512
2513,140,11,west hearth,interrupt_work,Milo,sort herb shelf,0.399224,0.379224,0.171315,0.201315,work,negotiate debt,work is delayed and debt marker increases,True,True,v58-loop-02513
2514,140,12,river gate,wait_offscreen,Sera,map safe route,0.563148,0.561148,0.080757,0.074757,rest,negotiate debt,residents continue without avatar,True,True,v58-loop-02514
2515,140,13,arrival court,repair_trust,Tovan,dry seed store,0.666508,0.682508,0.202568,0.176568,negotiate debt,seek tool,trust warms and obligation decreases,True,True,v58-loop-02515
2516,140,14,tool alcove,move,Nia,sort herb shelf,0.610031,0.614031,0.418756,0.416756,seek tool,care duty,position changes but history remains intact,True,True,v58-loop-02516
2517,140,15,rain court,talk,Ari,map safe route,0.391595,0.411595,0.519911,0.493911,care duty,private task,trust warms and obligation decreases,True,True,v58-loop-02517
2518,140,16,fiber loft,offer_help,Fay,dry seed store,0.311856,0.331856,0.408049,0.382049,private task,recover focus,trust warms and obligation decreases,True,True,v58-loop-02518
2519,140,17,west hearth,borrow_tool,Milo,sort herb shelf,0.376788,0.356788,0.191526,0.221526,recover focus,rest,work is delayed and debt marker increases,True,True,v58-loop-02519
2520,141,0,arrival court,interrupt_work,Sera,repair awning,0.564145,0.544145,0.150454,0.180454,rest,seek tool,work is delayed and debt marker increases,True,False,v58-loop-02520
2521,141,1,tool alcove,wait_offscreen,Tovan,fix bridge peg,0.672396,0.674396,0.361131,0.355131,negotiate debt,seek tool,residents continue without avatar,True,True,v58-loop-02521
2522,141,2,rain court,repair_trust,Nia,patch cloak,0.612202,0.632202,0.512593,0.486593,seek tool,care duty,trust warms and obligation decreases,True,True,v58-loop-02522
2523,141,3,fiber loft,move,Ari,repair awning,0.378862,0.382862,0.458128,0.456128,care duty,private task,position changes but history remains intact,True,True,v58-loop-02523
2524,141,4,west hearth,talk,Fay,fix bridge peg,0.292788,0.308788,0.250492,0.224492,private task,recover focus,trust warms and obligation decreases,True,True,v58-loop-02524
2525,141,5,river gate,offer_help,Milo,patch cloak,0.406831,0.422831,0.090812,0.064812,recover focus,work,trust warms and obligation decreases,True,True,v58-loop-02525
2526,141,6,arrival court,borrow_tool,Sera,repair awning,0.562544,0.542544,0.133762,0.163762,work,negotiate debt,work is delayed and debt marker increases,True,True,v58-loop-02526
2527,141,7,tool alcove,return_tool,Tovan,fix bridge peg,0.677053,0.693053,0.337738,0.311738,rest,negotiate debt,trust warms and obligation decreases,True,True,v58-loop-02527
2528,141,8,rain court,interrupt_work,Nia,patch cloak,0.608845,0.588845,0.505159,0.535159,negotiate debt,care duty,work is delayed and debt marker increases,True,False,v58-loop-02528
2529,141,9,fiber loft,wait_offscreen,Ari,repair awning,0.385839,0.387839,0.473853,0.467853,seek tool,care duty,residents continue without avatar,True,True,v58-loop-02529
2530,141,10,west hearth,repair_trust,Fay,fix bridge peg,0.31279,0.32879,0.274145,0.248145,care duty,private task,trust warms and obligation decreases,True,True,v58-loop-02530
2531,141,11,river gate,move,Milo,patch cloak,0.406908,0.410908,0.099481,0.097481,private task,recover focus,position changes but history remains intact,True,True,v58-loop-02531
2532,141,12,arrival court,talk,Sera,repair awning,0.579999,0.595999,0.119049,0.093049,recover focus,work,trust warms and obligation decreases,True,True,v58-loop-02532
2533,141,13,tool alcove,offer_help,Tovan,fix bridge peg,0.650383,0.666383,0.313895,0.287895,work,rest,trust warms and obligation decreases,True,True,v58-loop-02533
2534,141,14,rain court,borrow_tool,Nia,patch cloak,0.604503,0.584503,0.495281,0.525281,rest,seek tool,work is delayed and debt marker increases,True,True,v58-loop-02534
2535,141,15,fiber loft,return_tool,Ari,repair awning,0.386359,0.406359,0.487509,0.461509,negotiate debt,seek tool,trust warms and obligation decreases,True,True,v58-loop-02535
2536,141,16,west hearth,interrupt_work,Fay,fix bridge peg,0.318695,0.298695,0.298106,0.328106,seek tool,private task,work is delayed and debt marker increases,True,False,v58-loop-02536
2537,141,17,river gate,wait_offscreen,Milo,patch cloak,0.387187,0.389187,0.110538,0.104538,care duty,private task,residents continue without avatar,True,True,v58-loop-02537
2538,142,0,tool alcove,move,Sera,dry seed store,0.577742,0.581742,0.250825,0.248825,recover focus,work,position changes but history remains intact,True,True,v58-loop-02538
2539,142,1,rain court,talk,Tovan,sort herb shelf,0.660007,0.680007,0.458365,0.432365,work,rest,trust warms and obligation decreases,True,True,v58-loop-02539
2540,142,2,fiber loft,offer_help,Nia,map safe route,0.588539,0.608539,0.512505,0.486505,rest,negotiate debt,trust warms and obligation decreases,True,True,v58-loop-02540
2541,142,3,west hearth,borrow_tool,Ari,dry seed store,0.383929,0.363929,0.360802,0.390802,negotiate debt,care duty,work is delayed and debt marker increases,True,True,v58-loop-02541
2542,142,4,river gate,return_tool,Fay,sort herb shelf,0.319875,0.335875,0.150204,0.124204,seek tool,care duty,trust warms and obligation decreases,True,True,v58-loop-02542
2543,142,5,arrival court,interrupt_work,Milo,map safe route,0.387739,0.367739,0.084705,0.114705,care duty,recover focus,work is delayed and debt marker increases,True,True,v58-loop-02543
2544,142,6,tool alcove,wait_offscreen,Sera,dry seed store,0.563404,0.561404,0.227751,0.221751,private task,recover focus,residents continue without avatar,True,True,v58-loop-02544
2545,142,7,rain court,repair_trust,Tovan,sort herb shelf,0.664785,0.684785,0.440781,0.414781,recover focus,work,trust warms and obligation decreases,True,True,v58-loop-02545
2546,142,8,fiber loft,move,Nia,map safe route,0.603436,0.607436,0.517444,0.515444,work,rest,position changes but history remains intact,True,True,v58-loop-02546
2547,142,9,west hearth,talk,Ari,dry seed store,0.364886,0.380886,0.38348,0.35748,rest,negotiate debt,trust warms and obligation decreases,True,True,v58-loop-02547
2548,142,10,river gate,offer_help,Fay,sort herb shelf,0.304271,0.320271,0.168653,0.142653,negotiate debt,seek tool,trust warms and obligation decreases,True,True,v58-loop-02548
2549,142,11,arrival court,borrow_tool,Milo,map safe route,0.399006,0.379006,0.081056,0.111056,seek tool,private task,work is delayed and debt marker increases,True,True,v58-loop-02549
2550,142,12,tool alcove,return_tool,Sera,dry seed store,0.582523,0.598523,0.205538,0.179538,care duty,private task,trust warms and obligation decreases,True,True,v58-loop-02550
2551,142,13,rain court,interrupt_work,Tovan,sort herb shelf,0.662734,0.642734,0.421521,0.451521,private task,work,work is delayed and debt marker increases,True,True,v58-loop-02551
2552,142,14,fiber loft,wait_offscreen,Nia,map safe route,0.58907,0.58707,0.519793,0.513793,recover focus,work,residents continue without avatar,True,True,v58-loop-02552
2553,142,15,west hearth,repair_trust,Ari,dry seed store,0.390439,0.410439,0.405163,0.379163,work,rest,trust warms and obligation decreases,True,True,v58-loop-02553
2554,142,16,river gate,move,Fay,sort herb shelf,0.324648,0.328648,0.188667,0.186667,rest,negotiate debt,position changes but history remains intact,True,True,v58-loop-02554
2555,142,17,arrival court,talk,Milo,map safe route,0.397528,0.413528,0.080014,0.054014,negotiate debt,seek tool,trust warms and obligation decreases,True,True,v58-loop-02555
2556,143,0,rain court,borrow_tool,Sera,fix bridge peg,0.577333,0.557333,0.364294,0.394294,care duty,recover focus,work is delayed and debt marker increases,True,False,v58-loop-02556
2557,143,1,fiber loft,return_tool,Tovan,patch cloak,0.682895,0.702895,0.513418,0.487418,private task,recover focus,trust warms and obligation decreases,True,True,v58-loop-02557
2558,143,2,west hearth,interrupt_work,Nia,repair awning,0.596352,0.576352,0.455816,0.485816,recover focus,rest,work is delayed and debt marker increases,True,True,v58-loop-02558
2559,143,3,river gate,wait_offscreen,Ari,fix bridge peg,0.366132,0.368132,0.247282,0.241282,work,rest,residents continue without avatar,True,True,v58-loop-02559
2560,143,4,arrival court,repair_trust,Fay,patch cloak,0.31105,0.32705,0.089814,0.063814,rest,negotiate debt,trust warms and obligation decreases,True,True,v58-loop-02560
2561,143,5,tool alcove,move,Milo,repair awning,0.410004,0.414004,0.135942,0.133942,negotiate debt,seek tool,position changes but history remains intact,True,True,v58-loop-02561
2562,143,6,rain court,talk,Sera,fix bridge peg,0.592087,0.608087,0.340984,0.314984,seek tool,care duty,trust warms and obligation decreases,True,True,v58-loop-02562
2563,143,7,fiber loft,offer_help,Tovan,patch cloak,0.663044,0.683044,0.506327,0.480327,care duty,private task,trust warms and obligation decreases,True,True,v58-loop-02563
2564,143,8,west hearth,borrow_tool,Nia,repair awning,0.582665,0.562665,0.471812,0.501812,private task,work,work is delayed and debt marker increases,True,False,v58-loop-02564
2565,143,9,river gate,return_tool,Ari,fix bridge peg,0.383431,0.399431,0.270871,0.244871,recover focus,work,trust warms and obligation decreases,True,True,v58-loop-02565
2566,143,10,arrival court,interrupt_work,Fay,patch cloak,0.317546,0.297546,0.098146,0.128146,work,negotiate debt,work is delayed and debt marker increases,True,True,v58-loop-02566
2567,143,11,tool alcove,wait_offscreen,Milo,repair awning,0.408874,0.410874,0.120947,0.114947,rest,negotiate debt,residents continue without avatar,True,True,v58-loop-02567
2568,143,12,rain court,repair_trust,Sera,fix bridge peg,0.586456,0.602456,0.317187,0.291187,negotiate debt,seek tool,trust warms and obligation decreases,True,True,v58-loop-02568
2569,143,13,fiber loft,move,Tovan,patch cloak,0.657074,0.661074,0.496779,0.494779,seek tool,care duty,position changes but history remains intact,True,True,v58-loop-02569
2570,143,14,west hearth,talk,Nia,repair awning,0.590206,0.610206,0.485762,0.459762,care duty,private task,trust warms and obligation decreases,True,True,v58-loop-02570
2571,143,15,river gate,offer_help,Ari,fix bridge peg,0.38414,0.40014,0.294806,0.268806,private task,recover focus,trust warms and obligation decreases,True,True,v58-loop-02571
2572,143,16,arrival court,borrow_tool,Fay,patch cloak,0.301004,0.281004,0.108882,0.138882,recover focus,rest,work is delayed and debt marker increases,True,False,v58-loop-02572
2573,143,17,tool alcove,return_tool,Milo,repair awning,0.407911,0.423911,0.108084,0.082084,work,rest,trust warms and obligation decreases,True,True,v58-loop-02573
2574,144,0,fiber loft,wait_offscreen,Sera,sort herb shelf,0.590141,0.588141,0.460638,0.454638,negotiate debt,seek tool,residents continue without avatar,True,True,v58-loop-02574
2575,144,1,west hearth,repair_trust,Tovan,map safe route,0.670129,0.690129,0.511627,0.485627,seek tool,care duty,trust warms and obligation decreases,True,True,v58-loop-02575
2576,144,2,river gate,move,Nia,dry seed store,0.569715,0.573715,0.357624,0.355624,care duty,private task,position changes but history remains intact,True,True,v58-loop-02576
2577,144,3,arrival court,talk,Ari,sort herb shelf,0.357164,0.373164,0.147804,0.121804,private task,recover focus,trust warms and obligation decreases,True,True,v58-loop-02577
2578,144,4,tool alcove,offer_help,Fay,map safe route,0.318392,0.334392,0.085408,0.059408,recover focus,work,trust warms and obligation decreases,True,True,v58-loop-02578
2579,144,5,rain court,borrow_tool,Milo,dry seed store,0.415231,0.395231,0.230876,0.260876,work,negotiate debt,work is delayed and debt marker increases,True,True,v58-loop-02579
2580,144,6,fiber loft,return_tool,Sera,sort herb shelf,0.61126,0.63126,0.443301,0.417301,rest,negotiate debt,trust warms and obligation decreases,True,True,v58-loop-02580
2581,144,7,west hearth,interrupt_work,Tovan,map safe route,0.678814,0.658814,0.516918,0.546918,negotiate debt,care duty,work is delayed and debt marker increases,True,True,v58-loop-02581
2582,144,8,river gate,wait_offscreen,Nia,dry seed store,0.567642,0.565642,0.380417,0.374417,seek tool,care duty,residents continue without avatar,True,True,v58-loop-02582
2583,144,9,arrival court,repair_trust,Ari,sort herb shelf,0.345943,0.361943,0.166021,0.140021,care duty,private task,trust warms and obligation decreases,True,True,v58-loop-02583
2584,144,10,tool alcove,move,Fay,map safe route,0.315582,0.319582,0.081403,0.079403,private task,recover focus,position changes but history remains intact,True,True,v58-loop-02584
2585,144,11,rain court,talk,Milo,dry seed store,0.413236,0.429236,0.208529,0.182529,recover focus,work,trust warms and obligation decreases,True,True,v58-loop-02585
2586,144,12,fiber loft,offer_help,Sera,sort herb shelf,0.596516,0.616516,0.424258,0.398258,work,rest,trust warms and obligation decreases,True,True,v58-loop-02586
2587,144,13,west hearth,borrow_tool,Tovan,map safe route,0.66668,0.64668,0.519625,0.549625,rest,seek tool,work is delayed and debt marker increases,True,True,v58-loop-02587
2588,144,14,river gate,return_tool,Nia,dry seed store,0.572302,0.592302,0.402252,0.376252,negotiate debt,seek tool,trust warms and obligation decreases,True,True,v58-loop-02588
2589,144,15,arrival court,interrupt_work,Ari,sort herb shelf,0.36488,0.34488,0.185833,0.215833,seek tool,private task,work is delayed and debt marker increases,True,True,v58-loop-02589
2590,144,16,tool alcove,wait_offscreen,Fay,map safe route,0.30878,0.30678,0.080002,0.074002,care duty,private task,residents continue without avatar,True,True,v58-loop-02590
2591,144,17,rain court,repair_trust,Milo,dry seed store,0.423374,0.439374,0.187271,0.161271,private task,recover focus,trust warms and obligation decreases,True,True,v58-loop-02591
2592,145,0,west hearth,talk,Sera,patch cloak,0.623323,0.643323,0.514195,0.488195,work,rest,trust warms and obligation decreases,True,True,v58-loop-02592
2593,145,1,river gate,offer_help,Tovan,repair awning,0.675966,0.695966,0.453468,0.427468,rest,negotiate debt,trust warms and obligation decreases,True,True,v58-loop-02593
2594,145,2,arrival court,borrow_tool,Nia,fix bridge peg,0.54887,0.52887,0.244085,0.274085,negotiate debt,care duty,work is delayed and debt marker increases,True,True,v58-loop-02594
2595,145,3,tool alcove,return_tool,Ari,patch cloak,0.366199,0.382199,0.088863,0.062863,seek tool,care duty,trust warms and obligation decreases,True,True,v58-loop-02595
2596,145,4,rain court,interrupt_work,Fay,repair awning,0.326565,0.306565,0.138159,0.168159,care duty,recover focus,work is delayed and debt marker increases,True,False,v58-loop-02596
2597,145,5,fiber loft,wait_offscreen,Milo,fix bridge peg,0.452988,0.454988,0.344222,0.338222,private task,recover focus,residents continue without avatar,True,True,v58-loop-02597
2598,145,6,west hearth,repair_trust,Sera,patch cloak,0.621146,0.641146,0.507449,0.481449,recover focus,work,trust warms and obligation decreases,True,True,v58-loop-02598
2599,145,7,river gate,move,Tovan,repair awning,0.673962,0.677962,0.469731,0.467731,work,rest,position changes but history remains intact,True,True,v58-loop-02599
2600,145,8,arrival court,talk,Nia,fix bridge peg,0.557333,0.573333,0.267603,0.241603,rest,negotiate debt,trust warms and obligation decreases,True,True,v58-loop-02600
2601,145,9,tool alcove,offer_help,Ari,patch cloak,0.349942,0.365942,0.096856,0.070856,negotiate debt,seek tool,trust warms and obligation decreases,True,True,v58-loop-02601
2602,145,10,rain court,borrow_tool,Fay,repair awning,0.329869,0.309869,0.122884,0.152884,seek tool,private task,work is delayed and debt marker increases,True,True,v58-loop-02602
2603,145,11,fiber loft,return_tool,Milo,fix bridge peg,0.433259,0.449259,0.320475,0.294475,care duty,private task,trust warms and obligation decreases,True,True,v58-loop-02603
2604,145,12,west hearth,interrupt_work,Sera,patch cloak,0.593272,0.573272,0.498233,0.528233,private task,work,work is delayed and debt marker increases,True,False,v58-loop-02604
2605,145,13,river gate,wait_offscreen,Tovan,repair awning,0.674921,0.676921,0.483973,0.477973,recover focus,work,residents continue without avatar,True,True,v58-loop-02605
2606,145,14,arrival court,repair_trust,Nia,fix bridge peg,0.547716,0.563716,0.291508,0.265508,work,rest,trust warms and obligation decreases,True,True,v58-loop-02606
2607,145,15,tool alcove,move,Ari,patch cloak,0.362843,0.366843,0.107269,0.105269,rest,negotiate debt,position changes but history remains intact,True,True,v58-loop-02607
2608,145,16,rain court,talk,Fay,repair awning,0.298965,0.314965,0.109718,0.083718,negotiate debt,seek tool,trust warms and obligation decreases,True,True,v58-loop-02608
2609,145,17,fiber loft,offer_help,Milo,fix bridge peg,0.426077,0.442077,0.296484,0.270484,seek tool,care duty,trust warms and obligation decreases,True,True,v58-loop-02609
2610,146,0,river gate,return_tool,Sera,map safe route,0.61232,0.63232,0.510702,0.484702,private task,recover focus,trust warms and obligation decreases,True,True,v58-loop-02610
2611,146,1,arrival court,interrupt_work,Tovan,dry seed store,0.647217,0.627217,0.354433,0.384433,recover focus,rest,work is delayed and debt marker increases,True,True,v58-loop-02611
2612,146,2,tool alcove,wait_offscreen,Nia,sort herb shelf,0.530506,0.528506,0.145438,0.139438,work,rest,residents continue without avatar,True,True,v58-loop-02612
2613,146,3,rain court,repair_trust,Ari,map safe route,0.326927,0.342927,0.086159,0.060159,rest,negotiate debt,trust warms and obligation decreases,True,True,v58-loop-02613
2614,146,4,fiber loft,move,Fay,dry seed store,0.316419,0.320419,0.234017,0.232017,negotiate debt,seek tool,position changes but history remains intact,True,True,v58-loop-02614
2615,146,5,west hearth,talk,Milo,sort herb shelf,0.467267,0.487267,0.445789,0.419789,seek tool,care duty,trust warms and obligation decreases,True,True,v58-loop-02615
2616,146,6,river gate,offer_help,Sera,map safe route,0.631742,0.651742,0.516343,0.490343,care duty,private task,trust warms and obligation decreases,True,True,v58-loop-02616
2617,146,7,arrival court,borrow_tool,Tovan,dry seed store,0.65888,0.63888,0.377337,0.407337,private task,work,work is delayed and debt marker increases,True,True,v58-loop-02617
2618,146,8,tool alcove,return_tool,Nia,sort herb shelf,0.562553,0.578553,0.163418,0.137418,recover focus,work,trust warms and obligation decreases,True,True,v58-loop-02618
2619,146,9,rain court,interrupt_work,Ari,map safe route,0.359435,0.339435,0.0818,0.1118,work,negotiate debt,work is delayed and debt marker increases,True,True,v58-loop-02619
2620,146,10,fiber loft,wait_offscreen,Fay,dry seed store,0.304091,0.302091,0.21154,0.20554,rest,negotiate debt,residents continue without avatar,True,True,v58-loop-02620
2621,146,11,west hearth,repair_trust,Milo,sort herb shelf,0.437886,0.457886,0.426967,0.400967,negotiate debt,seek tool,trust warms and obligation decreases,True,True,v58-loop-02621
2622,146,12,river gate,move,Sera,map safe route,0.618578,0.622578,0.519408,0.517408,seek tool,care duty,position changes but history remains intact,True,True,v58-loop-02622
2623,146,13,arrival court,talk,Tovan,dry seed store,0.672432,0.688432,0.399319,0.373319,care duty,private task,trust warms and obligation decreases,True,True,v58-loop-02623
2624,146,14,tool alcove,offer_help,Nia,sort herb shelf,0.546241,0.562241,0.183025,0.157025,private task,recover focus,trust warms and obligation decreases,True,True,v58-loop-02624
2625,146,15,rain court,borrow_tool,Ari,map safe route,0.354609,0.334609,0.080039,0.110039,recover focus,rest,work is delayed and debt marker increases,True,True,v58-loop-02625
2626,146,16,fiber loft,return_tool,Fay,dry seed store,0.332745,0.348745,0.190117,0.164117,work,rest,trust warms and obligation decreases,True,True,v58-loop-02626
2627,146,17,west hearth,interrupt_work,Milo,sort herb shelf,0.440496,0.420496,0.406633,0.436633,rest,seek tool,work is delayed and debt marker increases,True,True,v58-loop-02627
2628,147,0,arrival court,repair_trust,Sera,repair awning,0.633683,0.653683,0.451087,0.425087,seek tool,care duty,trust warms and obligation decreases,True,True,v58-loop-02628
2629,147,1,tool alcove,move,Tovan,fix bridge peg,0.650028,0.654028,0.240899,0.238899,care duty,private task,position changes but history remains intact,True,True,v58-loop-02629
2630,147,2,rain court,talk,Nia,patch cloak,0.537958,0.553958,0.08796,0.06196,private task,recover focus,trust warms and obligation decreases,True,True,v58-loop-02630
2631,147,3,fiber loft,offer_help,Ari,repair awning,0.351954,0.367954,0.140412,0.114412,recover focus,work,trust warms and obligation decreases,True,True,v58-loop-02631
2632,147,4,west hearth,borrow_tool,Fay,fix bridge peg,0.336261,0.316261,0.347449,0.377449,work,negotiate debt,work is delayed and debt marker increases,True,False,v58-loop-02632
2633,147,5,river gate,return_tool,Milo,patch cloak,0.473291,0.493291,0.508525,0.482525,rest,negotiate debt,trust warms and obligation decreases,True,True,v58-loop-02633
2634,147,6,arrival court,interrupt_work,Sera,repair awning,0.635589,0.615589,0.467613,0.497613,negotiate debt,care duty,work is delayed and debt marker increases,True,True,v58-loop-02634
2635,147,7,tool alcove,wait_offscreen,Tovan,fix bridge peg,0.661727,0.663727,0.264343,0.258343,seek tool,care duty,residents continue without avatar,True,True,v58-loop-02635
2636,147,8,rain court,repair_trust,Nia,patch cloak,0.544464,0.560464,0.095612,0.069612,care duty,private task,trust warms and obligation decreases,True,True,v58-loop-02636
2637,147,9,fiber loft,move,Ari,repair awning,0.342574,0.346574,0.124861,0.122861,private task,recover focus,position changes but history remains intact,True,True,v58-loop-02637
2638,147,10,west hearth,talk,Fay,fix bridge peg,0.308868,0.324868,0.323758,0.297758,recover focus,work,trust warms and obligation decreases,True,True,v58-loop-02638
2639,147,11,river gate,offer_help,Milo,patch cloak,0.450216,0.470216,0.499642,0.473642,work,rest,trust warms and obligation decreases,True,True,v58-loop-02639
2640,147,12,arrival court,borrow_tool,Sera,repair awning,0.629422,0.609422,0.482143,0.512143,rest,seek tool,work is delayed and debt marker increases,True,False,v58-loop-02640
2641,147,13,tool alcove,return_tool,Tovan,fix bridge peg,0.663785,0.679785,0.288212,0.262212,negotiate debt,seek tool,trust warms and obligation decreases,True,True,v58-loop-02641
2642,147,14,rain court,interrupt_work,Nia,patch cloak,0.533912,0.513912,0.105699,0.135699,seek tool,private task,work is delayed and debt marker increases,True,True,v58-loop-02642
2643,147,15,fiber loft,wait_offscreen,Ari,repair awning,0.317753,0.319753,0.111396,0.105396,care duty,private task,residents continue without avatar,True,True,v58-loop-02643
2644,147,16,west hearth,repair_trust,Fay,fix bridge peg,0.321861,0.337861,0.299784,0.273784,private task,recover focus,trust warms and obligation decreases,True,True,v58-loop-02644
2645,147,17,river gate,move,Milo,patch cloak,0.45772,0.46172,0.488381,0.486381,recover focus,work,position changes but history remains intact,True,True,v58-loop-02645
2646,148,0,tool alcove,offer_help,Sera,dry seed store,0.645961,0.661961,0.35123,0.32523,rest,negotiate debt,trust warms and obligation decreases,True,True,v58-loop-02646
2647,148,1,rain court,borrow_tool,Tovan,sort herb shelf,0.638351,0.618351,0.143107,0.173107,negotiate debt,care duty,work is delayed and debt marker increases,True,True,v58-loop-02647
2648,148,2,fiber loft,return_tool,Nia,map safe route,0.5165,0.5325,0.086959,0.060959,seek tool,care duty,trust warms and obligation decreases,True,True,v58-loop-02648
2649,148,3,west hearth,interrupt_work,Ari,dry seed store,0.333298,0.313298,0.237172,0.267172,care duty,recover focus,work is delayed and debt marker increases,True,True,v58-loop-02649
2650,148,4,river gate,wait_offscreen,Fay,sort herb shelf,0.316334,0.314334,0.448244,0.442244,private task,recover focus,residents continue without avatar,True,True,v58-loop-02650
2651,148,5,arrival court,repair_trust,Milo,map safe route,0.490325,0.510325,0.515719,0.489719,recover focus,work,trust warms and obligation decreases,True,True,v58-loop-02651
2652,148,6,tool alcove,move,Sera,dry seed store,0.643777,0.647777,0.374239,0.372239,work,rest,position changes but history remains intact,True,True,v58-loop-02652
2653,148,7,rain court,talk,Tovan,sort herb shelf,0.656644,0.672644,0.160847,0.134847,rest,negotiate debt,trust warms and obligation decreases,True,True,v58-loop-02653
2654,148,8,fiber loft,offer_help,Nia,map safe route,0.536232,0.552232,0.082246,0.056246,negotiate debt,seek tool,trust warms and obligation decreases,True,True,v58-loop-02654
2655,148,9,west hearth,borrow_tool,Ari,dry seed store,0.337531,0.317531,0.214572,0.244572,seek tool,private task,work is delayed and debt marker increases,True,True,v58-loop-02655
2656,148,10,river gate,return_tool,Fay,sort herb shelf,0.344819,0.364819,0.429648,0.403648,care duty,private task,trust warms and obligation decreases,True,True,v58-loop-02656
2657,148,11,arrival court,interrupt_work,Milo,map safe route,0.466202,0.446202,0.519141,0.549141,private task,work,work is delayed and debt marker increases,True,True,v58-loop-02657
2658,148,12,tool alcove,wait_offscreen,Sera,dry seed store,0.640829,0.638829,0.396364,0.390364,recover focus,work,residents continue without avatar,True,True,v58-loop-02658
2659,148,13,rain court,repair_trust,Tovan,sort herb shelf,0.67254,0.68854,0.180244,0.154244,work,rest,trust warms and obligation decreases,True,True,v58-loop-02659
2660,148,14,fiber loft,move,Nia,map safe route,0.523227,0.527227,0.080126,0.078126,rest,negotiate debt,position changes but history remains intact,True,True,v58-loop-02660
2661,148,15,west hearth,talk,Ari,dry seed store,0.331226,0.347226,0.192988,0.166988,negotiate debt,seek tool,trust warms and obligation decreases,True,True,v58-loop-02661
2662,148,16,river gate,offer_help,Fay,sort herb shelf,0.315232,0.335232,0.409508,0.383508,seek tool,care duty,trust warms and obligation decreases,True,True,v58-loop-02662
2663,148,17,arrival court,borrow_tool,Milo,map safe route,0.468927,0.448927,0.519953,0.549953,care duty,recover focus,work is delayed and debt marker increases,True,True,v58-loop-02663
2664,149,0,rain court,interrupt_work,Sera,fix bridge peg,0.639075,0.619075,0.237727,0.267727,recover focus,rest,work is delayed and debt marker increases,True,False,v58-loop-02664
2665,149,1,fiber loft,wait_offscreen,Tovan,patch cloak,0.650315,0.652315,0.087104,0.081104,work,rest,residents continue without avatar,True,True,v58-loop-02665
2666,149,2,west hearth,repair_trust,Nia,repair awning,0.522643,0.538643,0.142702,0.116702,rest,negotiate debt,trust warms and obligation decreases,True,True,v58-loop-02666
2667,149,3,river gate,move,Ari,fix bridge peg,0.319818,0.323818,0.350666,0.348666,negotiate debt,seek tool,position changes but history remains intact,True,True,v58-loop-02667
2668,149,4,arrival court,talk,Fay,patch cloak,0.346649,0.366649,0.509553,0.483553,seek tool,care duty,trust warms and obligation decreases,True,True,v58-loop-02668
2669,149,5,tool alcove,offer_help,Milo,repair awning,0.503058,0.523058,0.465457,0.439457,care duty,private task,trust warms and obligation decreases,True,True,v58-loop-02669
2670,149,6,rain court,borrow_tool,Sera,fix bridge peg,0.631444,0.611444,0.261091,0.291091,private task,work,work is delayed and debt marker increases,True,True,v58-loop-02670
2671,149,7,fiber loft,return_tool,Tovan,patch cloak,0.64091,0.65691,0.094414,0.068414,recover focus,work,trust warms and obligation decreases,True,True,v58-loop-02671
2672,149,8,west hearth,interrupt_work,Nia,repair awning,0.507385,0.487385,0.126878,0.156878,work,negotiate debt,work is delayed and debt marker increases,True,False,v58-loop-02672
2673,149,9,river gate,wait_offscreen,Ari,fix bridge peg,0.333502,0.335502,0.327036,0.321036,rest,negotiate debt,residents continue without avatar,True,True,v58-loop-02673
2674,149,10,arrival court,repair_trust,Fay,patch cloak,0.321255,0.341255,0.501005,0.475005,negotiate debt,seek tool,trust warms and obligation decreases,True,True,v58-loop-02674
2675,149,11,tool alcove,move,Milo,repair awning,0.478218,0.482218,0.480271,0.478271,seek tool,care duty,position changes but history remains intact,True,True,v58-loop-02675
2676,149,12,rain court,talk,Sera,fix bridge peg,0.642035,0.658035,0.284918,0.258918,care duty,private task,trust warms and obligation decreases,True,True,v58-loop-02676
2677,149,13,fiber loft,offer_help,Tovan,patch cloak,0.636099,0.652099,0.104174,0.078174,private task,recover focus,trust warms and obligation decreases,True,True,v58-loop-02677
2678,149,14,west hearth,borrow_tool,Nia,repair awning,0.519708,0.499708,0.113116,0.143116,recover focus,rest,work is delayed and debt marker increases,True,True,v58-loop-02678
2679,149,15,river gate,return_tool,Ari,fix bridge peg,0.315639,0.331639,0.303084,0.277084,work,rest,trust warms and obligation decreases,True,True,v58-loop-02679
2680,149,16,arrival court,interrupt_work,Fay,patch cloak,0.35016,0.33016,0.490064,0.520064,rest,seek tool,work is delayed and debt marker increases,True,False,v58-loop-02680
2681,149,17,tool alcove,wait_offscreen,Milo,repair awning,0.488893,0.490893,0.492939,0.486939,negotiate debt,seek tool,residents continue without avatar,True,True,v58-loop-02681
2682,150,0,fiber loft,move,Sera,sort herb shelf,0.650502,0.654502,0.140812,0.138812,care duty,private task,position changes but history remains intact,True,True,v58-loop-02682
2683,150,1,west hearth,talk,Tovan,map safe route,0.657815,0.673815,0.087806,0.061806,private task,recover focus,trust warms and obligation decreases,True,True,v58-loop-02683
2684,150,2,river gate,offer_help,Nia,dry seed store,0.481265,0.497265,0.240342,0.214342,recover focus,work,trust warms and obligation decreases,True,True,v58-loop-02684
2685,150,3,arrival court,borrow_tool,Ari,sort herb shelf,0.31644,0.29644,0.450665,0.480665,work,negotiate debt,work is delayed and debt marker increases,True,True,v58-loop-02685
2686,150,4,tool alcove,return_tool,Fay,map safe route,0.356228,0.376228,0.515047,0.489047,rest,negotiate debt,trust warms and obligation decreases,True,True,v58-loop-02686
2687,150,5,rain court,interrupt_work,Milo,dry seed store,0.511004,0.491004,0.371124,0.401124,negotiate debt,care duty,work is delayed and debt marker increases,True,True,v58-loop-02687
2688,150,6,fiber loft,wait_offscreen,Sera,sort herb shelf,0.65628,0.65428,0.158307,0.152307,seek tool,care duty,residents continue without avatar,True,True,v58-loop-02688
2689,150,7,west hearth,repair_trust,Tovan,map safe route,0.656084,0.672084,0.08274,0.05674,care duty,private task,trust warms and obligation decreases,True,True,v58-loop-02689
2690,150,8,river gate,move,Nia,dry seed store,0.482542,0.486542,0.217622,0.215622,private task,recover focus,position changes but history remains intact,True,True,v58-loop-02690
2691,150,9,arrival court,talk,Ari,sort herb shelf,0.319997,0.339997,0.432299,0.406299,recover focus,work,trust warms and obligation decreases,True,True,v58-loop-02691
2692,150,10,tool alcove,offer_help,Fay,map safe route,0.3278,0.3478,0.518825,0.492825,work,rest,trust warms and obligation decreases,True,True,v58-loop-02692
2693,150,11,rain court,borrow_tool,Milo,dry seed store,0.504747,0.484747,0.393386,0.423386,rest,seek tool,work is delayed and debt marker increases,True,True,v58-loop-02693
2694,150,12,fiber loft,return_tool,Sera,sort herb shelf,0.636732,0.652732,0.177489,0.151489,negotiate debt,seek tool,trust warms and obligation decreases,True,True,v58-loop-02694
2695,150,13,west hearth,interrupt_work,Tovan,map safe route,0.651932,0.631932,0.080262,0.110262,seek tool,private task,work is delayed and debt marker increases,True,True,v58-loop-02695
2696,150,14,river gate,wait_offscreen,Nia,dry seed store,0.486838,0.484838,0.195884,0.189884,care duty,private task,residents continue without avatar,True,True,v58-loop-02696
2697,150,15,arrival court,repair_trust,Ari,sort herb shelf,0.31168,0.33168,0.412357,0.386357,private task,recover focus,trust warms and obligation decreases,True,True,v58-loop-02697
2698,150,16,tool alcove,move,Fay,map safe route,0.338445,0.342445,0.519996,0.517996,recover focus,work,position changes but history remains intact,True,True,v58-loop-02698
2699,150,17,rain court,talk,Milo,dry seed store,0.493638,0.513638,0.414536,0.388536,work,rest,trust warms and obligation decreases,True,True,v58-loop-02699
2700,151,0,west hearth,borrow_tool,Sera,patch cloak,0.658034,0.638034,0.086296,0.116296,negotiate debt,care duty,work is delayed and debt marker increases,True,False,v58-loop-02700
2701,151,1,river gate,return_tool,Tovan,repair awning,0.628949,0.644949,0.145027,0.119027,seek tool,care duty,trust warms and obligation decreases,True,True,v58-loop-02701
2702,151,2,arrival court,interrupt_work,Nia,fix bridge peg,0.490217,0.470217,0.353872,0.383872,care duty,recover focus,work is delayed and debt marker increases,True,True,v58-loop-02702
2703,151,3,tool alcove,wait_offscreen,Ari,patch cloak,0.303331,0.305331,0.510534,0.504534,private task,recover focus,residents continue without avatar,True,True,v58-loop-02703
2704,151,4,rain court,repair_trust,Fay,repair awning,0.355755,0.375755,0.463263,0.437263,recover focus,work,trust warms and obligation decreases,True,True,v58-loop-02704
2705,151,5,fiber loft,move,Milo,fix bridge peg,0.508149,0.512149,0.257847,0.255847,work,rest,position changes but history remains intact,True,True,v58-loop-02705
2706,151,6,west hearth,talk,Sera,patch cloak,0.648113,0.664113,0.093263,0.067263,rest,negotiate debt,trust warms and obligation decreases,True,True,v58-loop-02706
2707,151,7,river gate,offer_help,Tovan,repair awning,0.645848,0.661848,0.128934,0.102934,negotiate debt,seek tool,trust warms and obligation decreases,True,True,v58-loop-02707
2708,151,8,arrival court,borrow_tool,Nia,fix bridge peg,0.470031,0.450031,0.330308,0.360308,seek tool,private task,work is delayed and debt marker increases,True,False,v58-loop-02708
2709,151,9,tool alcove,return_tool,Ari,patch cloak,0.327848,0.347848,0.502324,0.476324,care duty,private task,trust warms and obligation decreases,True,True,v58-loop-02709
2710,151,10,rain court,interrupt_work,Fay,repair awning,0.363652,0.343652,0.47836,0.50836,private task,work,work is delayed and debt marker increases,True,True,v58-loop-02710
2711,151,11,fiber loft,wait_offscreen,Milo,fix bridge peg,0.500742,0.502742,0.281627,0.275627,recover focus,work,residents continue without avatar,True,True,v58-loop-02711
2712,151,12,west hearth,repair_trust,Sera,patch cloak,0.661232,0.677232,0.102692,0.076692,work,rest,trust warms and obligation decreases,True,True,v58-loop-02712
2713,151,13,river gate,move,Tovan,repair awning,0.626915,0.630915,0.114878,0.112878,rest,negotiate debt,position changes but history remains intact,True,True,v58-loop-02713
2714,151,14,arrival court,talk,Nia,fix bridge peg,0.499448,0.515448,0.306383,0.280383,negotiate debt,seek tool,trust warms and obligation decreases,True,True,v58-loop-02714
2715,151,15,tool alcove,offer_help,Ari,patch cloak,0.30524,0.32524,0.491705,0.465705,seek tool,care duty,trust warms and obligation decreases,True,True,v58-loop-02715
2716,151,16,rain court,borrow_tool,Fay,repair awning,0.355201,0.335201,0.491332,0.521332,care duty,recover focus,work is delayed and debt marker increases,True,False,v58-loop-02716
2717,151,17,fiber loft,return_tool,Milo,fix bridge peg,0.505583,0.521583,0.305626,0.279626,private task,recover focus,trust warms and obligation decreases,True,True,v58-loop-02717
2718,152,0,river gate,wait_offscreen,Sera,map safe route,0.657962,0.655962,0.088701,0.082701,work,rest,residents continue without avatar,True,True,v58-loop-02718
2719,152,1,arrival court,repair_trust,Tovan,dry seed store,0.615039,0.631039,0.243525,0.217525,rest,negotiate debt,trust warms and obligation decreases,True,True,v58-loop-02719
2720,152,2,tool alcove,move,Nia,sort herb shelf,0.474306,0.478306,0.453053,0.451053,negotiate debt,seek tool,position changes but history remains intact,True,True,v58-loop-02720
2721,152,3,rain court,talk,Ari,map safe route,0.297247,0.317247,0.514327,0.488327,seek tool,care duty,trust warms and obligation decreases,True,True,v58-loop-02721
2722,152,4,fiber loft,offer_help,Fay,dry seed store,0.362666,0.378666,0.367993,0.341993,care duty,private task,trust warms and obligation decreases,True,True,v58-loop-02722
2723,152,5,west hearth,borrow_tool,Milo,sort herb shelf,0.541627,0.521627,0.155798,0.185798,private task,work,work is delayed and debt marker increases,True,True,v58-loop-02723
2724,152,6,river gate,return_tool,Sera,map safe route,0.651183,0.667183,0.083284,0.057284,recover focus,work,trust warms and obligation decreases,True,True,v58-loop-02724
2725,152,7,arrival court,interrupt_work,Tovan,dry seed store,0.625429,0.605429,0.220691,0.250691,work,negotiate debt,work is delayed and debt marker increases,True,True,v58-loop-02725
2726,152,8,tool alcove,wait_offscreen,Nia,sort herb shelf,0.470912,0.468912,0.434921,0.428921,rest,negotiate debt,residents continue without avatar,True,True,v58-loop-02726
2727,152,9,rain court,repair_trust,Ari,map safe route,0.30284,0.32284,0.51846,0.49246,negotiate debt,seek tool,trust warms and obligation decreases,True,True,v58-loop-02727
2728,152,10,fiber loft,move,Fay,dry seed store,0.363784,0.367784,0.390388,0.388388,seek tool,care duty,position changes but history remains intact,True,True,v58-loop-02728
2729,152,11,west hearth,talk,Milo,sort herb shelf,0.522926,0.538926,0.174762,0.148762,care duty,private task,trust warms and obligation decreases,True,True,v58-loop-02729
2730,152,12,river gate,offer_help,Sera,map safe route,0.661316,0.677316,0.080448,0.054448,private task,recover focus,trust warms and obligation decreases,True,True,v58-loop-02730
2731,152,13,arrival court,borrow_tool,Tovan,dry seed store,0.617022,0.597022,0.198802,0.228802,recover focus,rest,work is delayed and debt marker increases,True,True,v58-loop-02731
2732,152,14,tool alcove,return_tool,Nia,sort herb shelf,0.462304,0.482304,0.415182,0.389182,work,rest,trust warms and obligation decreases,True,True,v58-loop-02732
2733,152,15,rain court,interrupt_work,Ari,map safe route,0.316559,0.296559,0.519991,0.549991,rest,seek tool,work is delayed and debt marker increases,True,True,v58-loop-02733
2734,152,16,fiber loft,wait_offscreen,Fay,dry seed store,0.346049,0.344049,0.411706,0.405706,negotiate debt,seek tool,residents continue without avatar,True,True,v58-loop-02734
2735,152,17,west hearth,repair_trust,Milo,sort herb shelf,0.539574,0.555574,0.195217,0.169217,seek tool,care duty,trust warms and obligation decreases,True,True,v58-loop-02735
2736,153,0,arrival court,talk,Sera,repair awning,0.656894,0.672894,0.147386,0.121386,private task,recover focus,trust warms and obligation decreases,True,True,v58-loop-02736
2737,153,1,tool alcove,offer_help,Tovan,fix bridge peg,0.636974,0.652974,0.357065,0.331065,recover focus,work,trust warms and obligation decreases,True,True,v58-loop-02737
2738,153,2,rain court,borrow_tool,Nia,patch cloak,0.470083,0.450083,0.511468,0.541468,work,negotiate debt,work is delayed and debt marker increases,True,True,v58-loop-02738
2739,153,3,fiber loft,return_tool,Ari,repair awning,0.304531,0.324531,0.461033,0.435033,rest,negotiate debt,trust warms and obligation decreases,True,True,v58-loop-02739
2740,153,4,west hearth,interrupt_work,Fay,fix bridge peg,0.380535,0.360535,0.254613,0.284613,negotiate debt,care duty,work is delayed and debt marker increases,True,False,v58-loop-02740
2741,153,5,river gate,wait_offscreen,Milo,patch cloak,0.553075,0.555075,0.092158,0.086158,seek tool,care duty,residents continue without avatar,True,True,v58-loop-02741
2742,153,6,arrival court,repair_trust,Sera,repair awning,0.664571,0.680571,0.131028,0.105028,care duty,private task,trust warms and obligation decreases,True,True,v58-loop-02742
2743,153,7,tool alcove,move,Tovan,fix bridge peg,0.620781,0.624781,0.333573,0.331573,private task,recover focus,position changes but history remains intact,True,True,v58-loop-02743
2744,153,8,rain court,talk,Nia,patch cloak,0.450696,0.470696,0.503597,0.477597,recover focus,work,trust warms and obligation decreases,True,True,v58-loop-02744
2745,153,9,fiber loft,offer_help,Ari,repair awning,0.31886,0.33886,0.476408,0.450408,work,rest,trust warms and obligation decreases,True,True,v58-loop-02745
2746,153,10,west hearth,borrow_tool,Fay,fix bridge peg,0.376863,0.356863,0.278341,0.308341,rest,seek tool,work is delayed and debt marker increases,True,True,v58-loop-02746
2747,153,11,river gate,return_tool,Milo,patch cloak,0.53437,0.55037,0.101254,0.075254,negotiate debt,seek tool,trust warms and obligation decreases,True,True,v58-loop-02747
2748,153,12,arrival court,interrupt_work,Sera,repair awning,0.663206,0.643206,0.116682,0.146682,seek tool,private task,work is delayed and debt marker increases,True,False,v58-loop-02748
2749,153,13,tool alcove,wait_offscreen,Tovan,fix bridge peg,0.626066,0.628066,0.309681,0.303681,care duty,private task,residents continue without avatar,True,True,v58-loop-02749
2750,153,14,rain court,repair_trust,Nia,patch cloak,0.470909,0.490909,0.493302,0.467302,private task,recover focus,trust warms and obligation decreases,True,True,v58-loop-02750
2751,153,15,fiber loft,move,Ari,repair awning,0.297649,0.301649,0.489682,0.487682,recover focus,work,position changes but history remains intact,True,True,v58-loop-02751
2752,153,16,west hearth,talk,Fay,fix bridge peg,0.363807,0.379807,0.302327,0.276327,work,rest,trust warms and obligation decreases,True,True,v58-loop-02752
2753,153,17,river gate,offer_help,Milo,patch cloak,0.551144,0.567144,0.112718,0.086718,rest,negotiate debt,trust warms and obligation decreases,True,True,v58-loop-02753
2754,154,0,tool alcove,return_tool,Sera,dry seed store,0.656181,0.672181,0.24672,0.22072,seek tool,care duty,trust warms and obligation decreases,True,True,v58-loop-02754
2755,154,1,rain court,interrupt_work,Tovan,sort herb shelf,0.609247,0.589247,0.455406,0.485406,care duty,recover focus,work is delayed and debt marker increases,True,True,v58-loop-02755
2756,154,2,fiber loft,wait_offscreen,Nia,map safe route,0.432911,0.430911,0.513558,0.507558,private task,recover focus,residents continue without avatar,True,True,v58-loop-02756
2757,154,3,west hearth,repair_trust,Ari,dry seed store,0.303082,0.319082,0.364847,0.338847,recover focus,work,trust warms and obligation decreases,True,True,v58-loop-02757
2758,154,4,river gate,move,Fay,sort herb shelf,0.385583,0.389583,0.153322,0.151322,work,rest,position changes but history remains intact,True,True,v58-loop-02758
2759,154,5,arrival court,talk,Milo,map safe route,0.564674,0.580674,0.083876,0.057876,rest,negotiate debt,trust warms and obligation decreases,True,True,v58-loop-02759
2760,154,6,tool alcove,offer_help,Sera,dry seed store,0.647547,0.663547,0.223778,0.197778,negotiate debt,seek tool,trust warms and obligation decreases,True,True,v58-loop-02760
2761,154,7,rain court,borrow_tool,Tovan,sort herb shelf,0.624349,0.604349,0.437512,0.467512,seek tool,private task,work is delayed and debt marker increases,True,True,v58-loop-02761
2762,154,8,fiber loft,return_tool,Nia,map safe route,0.432468,0.452468,0.518045,0.492045,care duty,private task,trust warms and obligation decreases,True,True,v58-loop-02762
2763,154,9,west hearth,interrupt_work,Ari,dry seed store,0.30545,0.28545,0.387369,0.417369,private task,work,work is delayed and debt marker increases,True,True,v58-loop-02763
2764,154,10,river gate,wait_offscreen,Fay,sort herb shelf,0.396702,0.394702,0.172063,0.166063,recover focus,work,residents continue without avatar,True,True,v58-loop-02764
2765,154,11,arrival court,repair_trust,Milo,map safe route,0.564063,0.580063,0.080683,0.054683,work,rest,trust warms and obligation decreases,True,True,v58-loop-02765
2766,154,12,tool alcove,move,Sera,dry seed store,0.668079,0.672079,0.201744,0.199744,rest,negotiate debt,position changes but history remains intact,True,True,v58-loop-02766
2767,154,13,rain court,talk,Tovan,sort herb shelf,0.596381,0.616381,0.41798,0.39198,negotiate debt,seek tool,trust warms and obligation decreases,True,True,v58-loop-02767
2768,154,14,fiber loft,offer_help,Nia,map safe route,0.442636,0.462636,0.519935,0.493935,seek tool,care duty,trust warms and obligation decreases,True,True,v58-loop-02768
2769,154,15,west hearth,borrow_tool,Ari,dry seed store,0.31616,0.29616,0.408851,0.438851,care duty,recover focus,work is delayed and debt marker increases,True,True,v58-loop-02769
2770,154,16,river gate,return_tool,Fay,sort herb shelf,0.380027,0.396027,0.192328,0.166328,private task,recover focus,trust warms and obligation decreases,True,True,v58-loop-02770
2771,154,17,arrival court,interrupt_work,Milo,map safe route,0.543109,0.523109,0.080101,0.110101,recover focus,rest,work is delayed and debt marker increases,True,True,v58-loop-02771
2772,155,0,rain court,repair_trust,Sera,fix bridge peg,0.666349,0.682349,0.360246,0.334246,rest,negotiate debt,trust warms and obligation decreases,True,True,v58-loop-02772
2773,155,1,fiber loft,move,Tovan,patch cloak,0.601517,0.605517,0.512354,0.510354,negotiate debt,seek tool,position changes but history remains intact,True,True,v58-loop-02773
2774,155,2,west hearth,talk,Nia,repair awning,0.436325,0.456325,0.458766,0.432766,seek tool,care duty,trust warms and obligation decreases,True,True,v58-loop-02774
2775,155,3,river gate,offer_help,Ari,fix bridge peg,0.304365,0.320365,0.25139,0.22539,care duty,private task,trust warms and obligation decreases,True,True,v58-loop-02775
2776,155,4,arrival court,borrow_tool,Fay,patch cloak,0.407923,0.387923,0.091099,0.121099,private task,work,work is delayed and debt marker increases,True,False,v58-loop-02776
2777,155,5,tool alcove,return_tool,Milo,repair awning,0.575631,0.591631,0.13316,0.10716,recover focus,work,trust warms and obligation decreases,True,True,v58-loop-02777
2778,155,6,rain court,interrupt_work,Sera,fix bridge peg,0.655804,0.635804,0.33683,0.36683,work,negotiate debt,work is delayed and debt marker increases,True,True,v58-loop-02778
2779,155,7,fiber loft,wait_offscreen,Tovan,patch cloak,0.609291,0.611291,0.504825,0.498825,rest,negotiate debt,residents continue without avatar,True,True,v58-loop-02779
2780,155,8,west hearth,repair_trust,Nia,repair awning,0.44574,0.46574,0.474416,0.448416,negotiate debt,seek tool,trust warms and obligation decreases,True,True,v58-loop-02780
2781,155,9,river gate,move,Ari,fix bridge peg,0.313152,0.317152,0.27506,0.27306,seek tool,care duty,position changes but history remains intact,True,True,v58-loop-02781
2782,155,10,arrival court,talk,Fay,patch cloak,0.38244,0.39844,0.099862,0.073862,care duty,private task,trust warms and obligation decreases,True,True,v58-loop-02782
2783,155,11,tool alcove,offer_help,Milo,repair awning,0.554568,0.570568,0.118527,0.092527,private task,recover focus,trust warms and obligation decreases,True,True,v58-loop-02783
2784,155,12,rain court,borrow_tool,Sera,fix bridge peg,0.661113,0.641113,0.312976,0.342976,recover focus,rest,work is delayed and debt marker increases,True,False,v58-loop-02784
2785,155,13,fiber loft,return_tool,Tovan,patch cloak,0.60817,0.62817,0.494856,0.468856,work,rest,trust warms and obligation decreases,True,True,v58-loop-02785
2786,155,14,west hearth,interrupt_work,Nia,repair awning,0.433513,0.413513,0.487989,0.517989,rest,seek tool,work is delayed and debt marker increases,True,True,v58-loop-02786
2787,155,15,river gate,wait_offscreen,Ari,fix bridge peg,0.314799,0.316799,0.299027,0.293027,negotiate debt,seek tool,residents continue without avatar,True,True,v58-loop-02787
2788,155,16,arrival court,repair_trust,Fay,patch cloak,0.378264,0.394264,0.111008,0.085008,seek tool,care duty,trust warms and obligation decreases,True,True,v58-loop-02788
2789,155,17,tool alcove,move,Milo,repair awning,0.554655,0.558655,0.106056,0.104056,care duty,private task,position changes but history remains intact,True,True,v58-loop-02789
2790,156,0,fiber loft,offer_help,Sera,sort herb shelf,0.654863,0.674863,0.457724,0.431724,recover focus,work,trust warms and obligation decreases,True,True,v58-loop-02790
2791,156,1,west hearth,borrow_tool,Tovan,map safe route,0.588415,0.568415,0.512741,0.542741,work,negotiate debt,work is delayed and debt marker increases,True,True,v58-loop-02791
2792,156,2,river gate,return_tool,Nia,dry seed store,0.408215,0.424215,0.361687,0.335687,rest,negotiate debt,trust warms and obligation decreases,True,True,v58-loop-02792
2793,156,3,arrival court,interrupt_work,Ari,sort herb shelf,0.318361,0.298361,0.150879,0.180879,negotiate debt,care duty,work is delayed and debt marker increases,True,True,v58-loop-02793
2794,156,4,tool alcove,wait_offscreen,Fay,map safe route,0.419863,0.417863,0.084517,0.078517,seek tool,care duty,residents continue without avatar,True,True,v58-loop-02794
2795,156,5,rain court,repair_trust,Milo,dry seed store,0.568623,0.584623,0.226882,0.200882,care duty,private task,trust warms and obligation decreases,True,True,v58-loop-02795
2796,156,6,fiber loft,move,Sera,sort herb shelf,0.676378,0.680378,0.440072,0.438072,private task,recover focus,position changes but history remains intact,True,True,v58-loop-02796
2797,156,7,west hearth,talk,Tovan,map safe route,0.593916,0.613916,0.517582,0.491582,recover focus,work,trust warms and obligation decreases,True,True,v58-loop-02797
2798,156,8,river gate,offer_help,Nia,dry seed store,0.416814,0.432814,0.384331,0.358331,work,rest,trust warms and obligation decreases,True,True,v58-loop-02798
2799,156,9,arrival court,borrow_tool,Ari,sort herb shelf,0.303142,0.283142,0.169393,0.199393,rest,seek tool,work is delayed and debt marker increases,True,True,v58-loop-02799
2800,156,10,tool alcove,return_tool,Fay,map safe route,0.406183,0.422183,0.080967,0.054967,negotiate debt,seek tool,trust warms and obligation decreases,True,True,v58-loop-02800
2801,156,11,rain court,interrupt_work,Milo,dry seed store,0.586528,0.566528,0.204707,0.234707,seek tool,private task,work is delayed and debt marker increases,True,True,v58-loop-02801
2802,156,12,fiber loft,wait_offscreen,Sera,sort herb shelf,0.675652,0.673652,0.420752,0.414752,care duty,private task,residents continue without avatar,True,True,v58-loop-02802
2803,156,13,west hearth,repair_trust,Tovan,map safe route,0.590203,0.610203,0.519831,0.493831,private task,recover focus,trust warms and obligation decreases,True,True,v58-loop-02803
2804,156,14,river gate,move,Nia,dry seed store,0.406911,0.410911,0.405971,0.403971,recover focus,work,position changes but history remains intact,True,True,v58-loop-02804
2805,156,15,arrival court,talk,Ari,sort herb shelf,0.295343,0.311343,0.189462,0.163462,work,rest,trust warms and obligation decreases,True,True,v58-loop-02805
2806,156,16,tool alcove,offer_help,Fay,map safe route,0.420175,0.436175,0.080026,0.054026,rest,negotiate debt,trust warms and obligation decreases,True,True,v58-loop-02806
2807,156,17,rain court,borrow_tool,Milo,dry seed store,0.57853,0.55853,0.183667,0.213667,negotiate debt,care duty,work is delayed and debt marker increases,True,True,v58-loop-02807
2808,157,0,west hearth,interrupt_work,Sera,patch cloak,0.676269,0.656269,0.513193,0.543193,care duty,recover focus,work is delayed and debt marker increases,True,False,v58-loop-02808
2809,157,1,river gate,wait_offscreen,Tovan,repair awning,0.579414,0.581414,0.456464,0.450464,private task,recover focus,residents continue without avatar,True,True,v58-loop-02809
2810,157,2,arrival court,repair_trust,Nia,fix bridge peg,0.420821,0.436821,0.248177,0.222177,recover focus,work,trust warms and obligation decreases,True,True,v58-loop-02810
2811,157,3,tool alcove,move,Ari,patch cloak,0.321389,0.325389,0.090088,0.088088,work,rest,position changes but history remains intact,True,True,v58-loop-02811
2812,157,4,rain court,talk,Fay,repair awning,0.429015,0.445015,0.13533,0.10933,rest,negotiate debt,trust warms and obligation decreases,True,True,v58-loop-02812
2813,157,5,fiber loft,offer_help,Milo,fix bridge peg,0.569348,0.585348,0.340079,0.314079,negotiate debt,seek tool,trust warms and obligation decreases,True,True,v58-loop-02813
2814,157,6,west hearth,borrow_tool,Sera,patch cloak,0.659359,0.639359,0.506006,0.536006,seek tool,private task,work is delayed and debt marker increases,True,True,v58-loop-02814
2815,157,7,river gate,return_tool,Tovan,repair awning,0.588319,0.608319,0.472385,0.446385,care duty,private task,trust warms and obligation decreases,True,True,v58-loop-02815
2816,157,8,arrival court,interrupt_work,Nia,fix bridge peg,0.417981,0.397981,0.271784,0.301784,private task,work,work is delayed and debt marker increases,True,False,v58-loop-02816
2817,157,9,tool alcove,wait_offscreen,Ari,patch cloak,0.299048,0.301048,0.098514,0.092514,recover focus,work,residents continue without avatar,True,True,v58-loop-02817
2818,157,10,rain court,repair_trust,Fay,repair awning,0.412183,0.428183,0.120413,0.094413,work,rest,trust warms and obligation decreases,True,True,v58-loop-02818
2819,157,11,fiber loft,move,Milo,fix bridge peg,0.603079,0.607079,0.316269,0.314269,rest,negotiate debt,position changes but history remains intact,True,True,v58-loop-02819
2820,157,12,west hearth,talk,Sera,patch cloak,0.650305,0.670305,0.496366,0.470366,negotiate debt,seek tool,trust warms and obligation decreases,True,True,v58-loop-02820
2821,157,13,river gate,offer_help,Tovan,repair awning,0.570461,0.590461,0.486253,0.460253,seek tool,care duty,trust warms and obligation decreases,True,True,v58-loop-02821
2822,157,14,arrival court,borrow_tool,Nia,fix bridge peg,0.428096,0.408096,0.295727,0.325727,care duty,recover focus,work is delayed and debt marker increases,True,True,v58-loop-02822
2823,157,15,tool alcove,return_tool,Ari,patch cloak,0.30885,0.32485,0.10934,0.08334,private task,recover focus,trust warms and obligation decreases,True,True,v58-loop-02823
2824,157,16,rain court,interrupt_work,Fay,repair awning,0.399525,0.379525,0.107635,0.137635,recover focus,rest,work is delayed and debt marker increases,True,False,v58-loop-02824
2825,157,17,fiber loft,wait_offscreen,Milo,fix bridge peg,0.575693,0.577693,0.292265,0.286265,work,rest,residents continue without avatar,True,True,v58-loop-02825
2826,158,0,river gate,move,Sera,map safe route,0.680193,0.684193,0.511877,0.509877,negotiate debt,seek tool,position changes but history remains intact,True,True,v58-loop-02826
2827,158,1,arrival court,talk,Tovan,dry seed store,0.555825,0.571825,0.358512,0.332512,seek tool,care duty,trust warms and obligation decreases,True,True,v58-loop-02827
2828,158,2,tool alcove,offer_help,Nia,sort herb shelf,0.39829,0.41429,0.14847,0.12247,care duty,private task,trust warms and obligation decreases,True,True,v58-loop-02828
2829,158,3,rain court,borrow_tool,Ari,map safe route,0.318373,0.298373,0.085207,0.115207,private task,work,work is delayed and debt marker increases,True,True,v58-loop-02829
2830,158,4,fiber loft,return_tool,Fay,dry seed store,0.4215,0.4375,0.230003,0.204003,recover focus,work,trust warms and obligation decreases,True,True,v58-loop-02830
2831,158,5,west hearth,interrupt_work,Milo,sort herb shelf,0.612265,0.592265,0.442601,0.472601,work,negotiate debt,work is delayed and debt marker increases,True,True,v58-loop-02831
2832,158,6,river gate,wait_offscreen,Sera,map safe route,0.680787,0.678787,0.517069,0.511069,rest,negotiate debt,residents continue without avatar,True,True,v58-loop-02832
2833,158,7,arrival court,repair_trust,Tovan,dry seed store,0.577325,0.593325,0.381274,0.355274,negotiate debt,seek tool,trust warms and obligation decreases,True,True,v58-loop-02833
2834,158,8,tool alcove,move,Nia,sort herb shelf,0.406693,0.410693,0.166752,0.164752,seek tool,care duty,position changes but history remains intact,True,True,v58-loop-02834
2835,158,9,rain court,talk,Ari,map safe route,0.314432,0.330432,0.081301,0.055301,care duty,private task,trust warms and obligation decreases,True,True,v58-loop-02835
2836,158,10,fiber loft,offer_help,Fay,dry seed store,0.422393,0.438393,0.207692,0.181692,private task,recover focus,trust warms and obligation decreases,True,True,v58-loop-02836
2837,158,11,west hearth,borrow_tool,Milo,sort herb shelf,0.602502,0.582502,0.423497,0.453497,recover focus,rest,work is delayed and debt marker increases,True,True,v58-loop-02837
2838,158,12,river gate,return_tool,Sera,map safe route,0.670744,0.690744,0.519677,0.493677,work,rest,trust warms and obligation decreases,True,True,v58-loop-02838
2839,158,13,arrival court,interrupt_work,Tovan,dry seed store,0.565076,0.545076,0.403067,0.433067,rest,seek tool,work is delayed and debt marker increases,True,True,v58-loop-02839
2840,158,14,tool alcove,wait_offscreen,Nia,sort herb shelf,0.410346,0.408346,0.186621,0.180621,negotiate debt,seek tool,residents continue without avatar,True,True,v58-loop-02840
2841,158,15,rain court,repair_trust,Ari,map safe route,0.317239,0.333239,0.08,0.054,seek tool,care duty,trust warms and obligation decreases,True,True,v58-loop-02841
2842,158,16,fiber loft,move,Fay,dry seed store,0.411113,0.415113,0.186481,0.184481,care duty,private task,position changes but history remains intact,True,True,v58-loop-02842
2843,158,17,west hearth,talk,Milo,sort herb shelf,0.612924,0.632924,0.402922,0.376922,private task,recover focus,trust warms and obligation decreases,True,True,v58-loop-02843
2844,159,0,arrival court,borrow_tool,Sera,repair awning,0.666304,0.646304,0.454127,0.484127,work,negotiate debt,work is delayed and debt marker increases,True,False,v58-loop-02844
2845,159,1,tool alcove,return_tool,Tovan,fix bridge peg,0.565873,0.581873,0.244976,0.218976,rest,negotiate debt,trust warms and obligation decreases,True,True,v58-loop-02845
2846,159,2,rain court,interrupt_work,Nia,patch cloak,0.387533,0.367533,0.089124,0.119124,negotiate debt,care duty,work is delayed and debt marker increases,True,True,v58-loop-02846
2847,159,3,fiber loft,wait_offscreen,Ari,repair awning,0.315723,0.317723,0.137537,0.131537,seek tool,care duty,residents continue without avatar,True,True,v58-loop-02847
2848,159,4,west hearth,repair_trust,Fay,fix bridge peg,0.428916,0.444916,0.34332,0.31732,care duty,private task,trust warms and obligation decreases,True,True,v58-loop-02848
2849,159,5,river gate,move,Milo,patch cloak,0.597541,0.601541,0.507141,0.505141,private task,recover focus,position changes but history remains intact,True,True,v58-loop-02849
2850,159,6,arrival court,talk,Sera,repair awning,0.656064,0.676064,0.470316,0.444316,recover focus,work,trust warms and obligation decreases,True,True,v58-loop-02850
2851,159,7,tool alcove,offer_help,Tovan,fix bridge peg,0.55684,0.57284,0.268514,0.242514,work,rest,trust warms and obligation decreases,True,True,v58-loop-02851
2852,159,8,rain court,borrow_tool,Nia,patch cloak,0.373326,0.353326,0.097212,0.127212,rest,seek tool,work is delayed and debt marker increases,True,False,v58-loop-02852
2853,159,9,fiber loft,return_tool,Ari,repair awning,0.304411,0.320411,0.122339,0.096339,negotiate debt,seek tool,trust warms and obligation decreases,True,True,v58-loop-02853
2854,159,10,west hearth,interrupt_work,Fay,fix bridge peg,0.454243,0.434243,0.319558,0.349558,seek tool,private task,work is delayed and debt marker increases,True,True,v58-loop-02854
2855,159,11,river gate,wait_offscreen,Milo,patch cloak,0.607752,0.609752,0.497832,0.491832,care duty,private task,residents continue without avatar,True,True,v58-loop-02855
2856,159,12,arrival court,repair_trust,Sera,repair awning,0.658524,0.678524,0.484476,0.458476,private task,recover focus,trust warms and obligation decreases,True,True,v58-loop-02856
2857,159,13,tool alcove,move,Tovan,fix bridge peg,0.577757,0.581757,0.292428,0.290428,recover focus,work,position changes but history remains intact,True,True,v58-loop-02857
2858,159,14,rain court,talk,Nia,patch cloak,0.387959,0.403959,0.107715,0.081715,work,rest,trust warms and obligation decreases,True,True,v58-loop-02858
2859,159,15,fiber loft,offer_help,Ari,repair awning,0.324548,0.340548,0.109258,0.083258,rest,negotiate debt,trust warms and obligation decreases,True,True,v58-loop-02859
2860,159,16,west hearth,borrow_tool,Fay,fix bridge peg,0.454452,0.434452,0.295563,0.325563,negotiate debt,care duty,work is delayed and debt marker increases,True,False,v58-loop-02860
2861,159,17,river gate,return_tool,Milo,patch cloak,0.59993,0.61993,0.486166,0.460166,seek tool,care duty,trust warms and obligation decreases,True,True,v58-loop-02861
2862,160,0,tool alcove,wait_offscreen,Sera,dry seed store,0.647291,0.645291,0.355325,0.349325,private task,recover focus,residents continue without avatar,True,True,v58-loop-02862
2863,160,1,rain court,repair_trust,Tovan,sort herb shelf,0.545682,0.561682,0.146095,0.120095,recover focus,work,trust warms and obligation decreases,True,True,v58-loop-02863
2864,160,2,fiber loft,move,Nia,map safe route,0.369152,0.373152,0.085945,0.083945,work,rest,position changes but history remains intact,True,True,v58-loop-02864
2865,160,3,west hearth,talk,Ari,dry seed store,0.323734,0.339734,0.233139,0.207139,rest,negotiate debt,trust warms and obligation decreases,True,True,v58-loop-02865
2866,160,4,river gate,offer_help,Fay,sort herb shelf,0.466251,0.486251,0.445098,0.419098,negotiate debt,seek tool,trust warms and obligation decreases,True,True,v58-loop-02866
2867,160,5,arrival court,borrow_tool,Milo,map safe route,0.623509,0.603509,0.516508,0.546508,seek tool,private task,work is delayed and debt marker increases,True,True,v58-loop-02867
2868,160,6,tool alcove,return_tool,Sera,dry seed store,0.673141,0.689141,0.378198,0.352198,care duty,private task,trust warms and obligation decreases,True,True,v58-loop-02868
2869,160,7,rain court,interrupt_work,Tovan,sort herb shelf,0.543117,0.523117,0.164142,0.194142,private task,work,work is delayed and debt marker increases,True,True,v58-loop-02869
2870,160,8,fiber loft,wait_offscreen,Nia,map safe route,0.384325,0.382325,0.081684,0.075684,recover focus,work,residents continue without avatar,True,True,v58-loop-02870
2871,160,9,west hearth,repair_trust,Ari,dry seed store,0.332159,0.348159,0.210698,0.184698,work,rest,trust warms and obligation decreases,True,True,v58-loop-02871
2872,160,10,river gate,move,Fay,sort herb shelf,0.434972,0.438972,0.426214,0.424214,rest,negotiate debt,position changes but history remains intact,True,True,v58-loop-02872
2873,160,11,arrival court,talk,Milo,map safe route,0.605021,0.625021,0.519473,0.493473,negotiate debt,seek tool,trust warms and obligation decreases,True,True,v58-loop-02873
2874,160,12,tool alcove,offer_help,Sera,dry seed store,0.662384,0.682384,0.40014,0.37414,seek tool,care duty,trust warms and obligation decreases,True,True,v58-loop-02874
2875,160,13,rain court,borrow_tool,Tovan,sort herb shelf,0.563427,0.543427,0.183806,0.213806,care duty,recover focus,work is delayed and debt marker increases,True,True,v58-loop-02875
2876,160,14,fiber loft,return_tool,Nia,map safe route,0.369179,0.385179,0.080024,0.054024,private task,recover focus,trust warms and obligation decreases,True,True,v58-loop-02876
2877,160,15,west hearth,interrupt_work,Ari,dry seed store,0.310514,0.290514,0.189321,0.219321,recover focus,rest,work is delayed and debt marker increases,True,True,v58-loop-02877
2878,160,16,river gate,wait_offscreen,Fay,sort herb shelf,0.441322,0.439322,0.405827,0.399827,work,rest,residents continue without avatar,True,True,v58-loop-02878
2879,160,17,arrival court,repair_trust,Milo,map safe route,0.624392,0.644392,0.519824,0.493824,rest,negotiate debt,trust warms and obligation decreases,True,True,v58-loop-02879
2880,161,0,rain court,talk,Sera,fix bridge peg,0.661206,0.677206,0.241787,0.215787,seek tool,care duty,trust warms and obligation decreases,True,True,v58-loop-02880
2881,161,1,fiber loft,offer_help,Tovan,patch cloak,0.531019,0.547019,0.088207,0.062207,care duty,private task,trust warms and obligation decreases,True,True,v58-loop-02881
2882,161,2,west hearth,borrow_tool,Nia,repair awning,0.3824,0.3624,0.13978,0.16978,private task,work,work is delayed and debt marker increases,True,True,v58-loop-02882
2883,161,3,river gate,return_tool,Ari,fix bridge peg,0.324809,0.340809,0.34655,0.32055,recover focus,work,trust warms and obligation decreases,True,True,v58-loop-02883
2884,161,4,arrival court,interrupt_work,Fay,patch cloak,0.458128,0.438128,0.508229,0.538229,work,negotiate debt,work is delayed and debt marker increases,True,False,v58-loop-02884
2885,161,5,tool alcove,wait_offscreen,Milo,repair awning,0.618312,0.620312,0.468208,0.462208,rest,negotiate debt,residents continue without avatar,True,True,v58-loop-02885
2886,161,6,rain court,repair_trust,Sera,fix bridge peg,0.653636,0.669636,0.265252,0.239252,negotiate debt,seek tool,trust warms and obligation decreases,True,True,v58-loop-02886
2887,161,7,fiber loft,move,Tovan,patch cloak,0.536647,0.540647,0.095955,0.093955,seek tool,care duty,position changes but history remains intact,True,True,v58-loop-02887
2888,161,8,west hearth,talk,Nia,repair awning,0.358211,0.374211,0.124306,0.098306,care duty,private task,trust warms and obligation decreases,True,True,v58-loop-02888
2889,161,9,river gate,offer_help,Ari,fix bridge peg,0.341552,0.357552,0.322842,0.296842,private task,recover focus,trust warms and obligation decreases,True,True,v58-loop-02889
2890,161,10,arrival court,borrow_tool,Fay,patch cloak,0.471393,0.451393,0.499253,0.529253,recover focus,rest,work is delayed and debt marker increases,True,True,v58-loop-02890
2891,161,11,tool alcove,return_tool,Milo,repair awning,0.608263,0.628263,0.482657,0.456657,work,rest,trust warms and obligation decreases,True,True,v58-loop-02891
2892,161,12,rain court,interrupt_work,Sera,fix bridge peg,0.66886,0.64886,0.289131,0.319131,rest,seek tool,work is delayed and debt marker increases,True,False,v58-loop-02892
2893,161,13,fiber loft,wait_offscreen,Tovan,patch cloak,0.542101,0.544101,0.106133,0.100133,negotiate debt,seek tool,residents continue without avatar,True,True,v58-loop-02893
2894,161,14,west hearth,repair_trust,Nia,repair awning,0.367032,0.383032,0.110924,0.084924,seek tool,care duty,trust warms and obligation decreases,True,True,v58-loop-02894
2895,161,15,river gate,move,Ari,fix bridge peg,0.336484,0.340484,0.298863,0.296863,care duty,private task,position changes but history remains intact,True,True,v58-loop-02895
2896,161,16,arrival court,talk,Fay,patch cloak,0.478088,0.498088,0.487904,0.461904,private task,recover focus,trust warms and obligation decreases,True,True,v58-loop-02896
2897,161,17,tool alcove,offer_help,Milo,repair awning,0.634588,0.654588,0.494932,0.468932,recover focus,work,trust warms and obligation decreases,True,True,v58-loop-02897
2898,162,0,fiber loft,return_tool,Sera,sort herb shelf,0.668081,0.684081,0.143754,0.117754,rest,negotiate debt,trust warms and obligation decreases,True,True,v58-loop-02898
2899,162,1,west hearth,interrupt_work,Tovan,map safe route,0.516899,0.496899,0.086731,0.116731,negotiate debt,care duty,work is delayed and debt marker increases,True,True,v58-loop-02899
2900,162,2,river gate,wait_offscreen,Nia,dry seed store,0.366708,0.364708,0.23629,0.23029,seek tool,care duty,residents continue without avatar,True,True,v58-loop-02900
2901,162,3,arrival court,repair_trust,Ari,sort herb shelf,0.345954,0.365954,0.447562,0.421562,care duty,private task,trust warms and obligation decreases,True,True,v58-loop-02901
2902,162,4,tool alcove,move,Fay,map safe route,0.474178,0.478178,0.515898,0.513898,private task,recover focus,position changes but history remains intact,True,True,v58-loop-02902
2903,162,5,rain court,talk,Milo,dry seed store,0.648066,0.664066,0.375105,0.349105,recover focus,work,trust warms and obligation decreases,True,True,v58-loop-02903
2904,162,6,fiber loft,offer_help,Sera,sort herb shelf,0.658209,0.674209,0.161561,0.135561,work,rest,trust warms and obligation decreases,True,True,v58-loop-02904
2905,162,7,west hearth,borrow_tool,Tovan,map safe route,0.534638,0.514638,0.082116,0.112116,rest,seek tool,work is delayed and debt marker increases,True,True,v58-loop-02905
2906,162,8,river gate,return_tool,Nia,dry seed store,0.356375,0.372375,0.213724,0.187724,negotiate debt,seek tool,trust warms and obligation decreases,True,True,v58-loop-02906
2907,162,9,arrival court,interrupt_work,Ari,sort herb shelf,0.321689,0.301689,0.428903,0.458903,seek tool,private task,work is delayed and debt marker increases,True,True,v58-loop-02907
2908,162,10,tool alcove,wait_offscreen,Fay,map safe route,0.471296,0.469296,0.51922,0.51322,care duty,private task,residents continue without avatar,True,True,v58-loop-02908
2909,162,11,rain court,repair_trust,Milo,dry seed store,0.63254,0.64854,0.39719,0.37119,private task,recover focus,trust warms and obligation decreases,True,True,v58-loop-02909
2910,162,12,fiber loft,move,Sera,sort herb shelf,0.648929,0.652929,0.181017,0.179017,recover focus,work,position changes but history remains intact,True,True,v58-loop-02910
2911,162,13,west hearth,talk,Tovan,map safe route,0.528192,0.544192,0.080097,0.054097,work,rest,trust warms and obligation decreases,True,True,v58-loop-02911
2912,162,14,river gate,offer_help,Nia,dry seed store,0.352152,0.368152,0.192185,0.166185,rest,negotiate debt,trust warms and obligation decreases,True,True,v58-loop-02912
2913,162,15,arrival court,borrow_tool,Ari,sort herb shelf,0.315444,0.295444,0.408708,0.438708,negotiate debt,care duty,work is delayed and debt marker increases,True,True,v58-loop-02913
2914,162,16,tool alcove,return_tool,Fay,map safe route,0.466317,0.486317,0.519931,0.493931,seek tool,care duty,trust warms and obligation decreases,True,True,v58-loop-02914
2915,162,17,rain court,interrupt_work,Milo,dry seed store,0.631734,0.611734,0.418119,0.448119,care duty,recover focus,work is delayed and debt marker increases,True,True,v58-loop-02915
2916,163,0,west hearth,repair_trust,Sera,patch cloak,0.641705,0.657705,0.087338,0.061338,recover focus,work,trust warms and obligation decreases,True,True,v58-loop-02916
2917,163,1,river gate,move,Tovan,repair awning,0.509161,0.513161,0.142059,0.140059,work,rest,position changes but history remains intact,True,True,v58-loop-02917
2918,163,2,arrival court,talk,Nia,fix bridge peg,0.334085,0.350085,0.34977,0.32377,rest,negotiate debt,trust warms and obligation decreases,True,True,v58-loop-02918
2919,163,3,tool alcove,offer_help,Ari,patch cloak,0.352396,0.372396,0.509271,0.483271,negotiate debt,seek tool,trust warms and obligation decreases,True,True,v58-loop-02919
2920,163,4,rain court,borrow_tool,Fay,repair awning,0.501042,0.481042,0.466062,0.496062,seek tool,private task,work is delayed and debt marker increases,True,False,v58-loop-02920
2921,163,5,fiber loft,return_tool,Milo,fix bridge peg,0.632379,0.648379,0.261998,0.235998,care duty,private task,trust warms and obligation decreases,True,True,v58-loop-02921
2922,163,6,west hearth,interrupt_work,Sera,patch cloak,0.65482,0.63482,0.094744,0.124744,private task,work,work is delayed and debt marker increases,True,True,v58-loop-02922
2923,163,7,river gate,wait_offscreen,Tovan,repair awning,0.51361,0.51561,0.126311,0.120311,recover focus,work,residents continue without avatar,True,True,v58-loop-02923
2924,163,8,arrival court,repair_trust,Nia,fix bridge peg,0.365213,0.381213,0.326122,0.300122,work,rest,trust warms and obligation decreases,True,True,v58-loop-02924
2925,163,9,tool alcove,move,Ari,patch cloak,0.333937,0.337937,0.500629,0.498629,rest,negotiate debt,position changes but history remains intact,True,True,v58-loop-02925
2926,163,10,rain court,talk,Fay,repair awning,0.482614,0.502614,0.480798,0.454798,negotiate debt,seek tool,trust warms and obligation decreases,True,True,v58-loop-02926
2927,163,11,fiber loft,offer_help,Milo,fix bridge peg,0.652065,0.668065,0.285837,0.259837,seek tool,care duty,trust warms and obligation decreases,True,True,v58-loop-02927
2928,163,12,west hearth,borrow_tool,Sera,patch cloak,0.637998,0.617998,0.104595,0.134595,care duty,recover focus,work is delayed and debt marker increases,True,False,v58-loop-02928
2929,163,13,river gate,return_tool,Tovan,repair awning,0.503769,0.519769,0.112632,0.086632,private task,recover focus,trust warms and obligation decreases,True,True,v58-loop-02929
2930,163,14,arrival court,interrupt_work,Nia,fix bridge peg,0.358612,0.338612,0.302163,0.332163,recover focus,rest,work is delayed and debt marker increases,True,True,v58-loop-02930
2931,163,15,tool alcove,wait_offscreen,Ari,patch cloak,0.348681,0.350681,0.489599,0.483599,work,rest,residents continue without avatar,True,True,v58-loop-02931
2932,163,16,rain court,repair_trust,Fay,repair awning,0.500331,0.520331,0.49338,0.46738,rest,negotiate debt,trust warms and obligation decreases,True,True,v58-loop-02932
2933,163,17,fiber loft,move,Milo,fix bridge peg,0.628341,0.632341,0.309844,0.307844,negotiate debt,seek tool,position changes but history remains intact,True,True,v58-loop-02933
2934,164,0,river gate,offer_help,Sera,map safe route,0.640963,0.656963,0.087565,0.061565,care duty,private task,trust warms and obligation decreases,True,True,v58-loop-02934
2935,164,1,arrival court,borrow_tool,Tovan,dry seed store,0.509332,0.489332,0.239456,0.269456,private task,work,work is delayed and debt marker increases,True,True,v58-loop-02935
2936,164,2,tool alcove,return_tool,Nia,sort herb shelf,0.351458,0.371458,0.449993,0.423993,recover focus,work,trust warms and obligation decreases,True,True,v58-loop-02936
2937,164,3,rain court,interrupt_work,Ari,map safe route,0.354297,0.334297,0.51524,0.54524,work,negotiate debt,work is delayed and debt marker increases,True,True,v58-loop-02937
2938,164,4,fiber loft,wait_offscreen,Fay,dry seed store,0.496589,0.494589,0.371995,0.365995,rest,negotiate debt,residents continue without avatar,True,True,v58-loop-02938
2939,164,5,west hearth,repair_trust,Milo,sort herb shelf,0.640067,0.656067,0.159012,0.133012,negotiate debt,seek tool,trust warms and obligation decreases,True,True,v58-loop-02939
2940,164,6,river gate,move,Sera,map safe route,0.652793,0.656793,0.082597,0.080597,seek tool,care duty,position changes but history remains intact,True,True,v58-loop-02940
2941,164,7,arrival court,talk,Tovan,dry seed store,0.497268,0.513268,0.216769,0.190769,care duty,private task,trust warms and obligation decreases,True,True,v58-loop-02941
2942,164,8,tool alcove,offer_help,Nia,sort herb shelf,0.350523,0.370523,0.431562,0.405562,private task,recover focus,trust warms and obligation decreases,True,True,v58-loop-02942
2943,164,9,rain court,borrow_tool,Ari,map safe route,0.351826,0.331826,0.518918,0.548918,recover focus,rest,work is delayed and debt marker increases,True,True,v58-loop-02943
2944,164,10,fiber loft,return_tool,Fay,dry seed store,0.493826,0.509826,0.394219,0.368219,work,rest,trust warms and obligation decreases,True,True,v58-loop-02944
2945,164,11,west hearth,interrupt_work,Milo,sort herb shelf,0.661483,0.641483,0.178255,0.208255,rest,seek tool,work is delayed and debt marker increases,True,True,v58-loop-02945
2946,164,12,river gate,wait_offscreen,Sera,map safe route,0.661944,0.659944,0.080219,0.074219,negotiate debt,seek tool,residents continue without avatar,True,True,v58-loop-02946
2947,164,13,arrival court,repair_trust,Tovan,dry seed store,0.499865,0.515865,0.195073,0.169073,seek tool,care duty,trust warms and obligation decreases,True,True,v58-loop-02947
2948,164,14,tool alcove,move,Nia,sort herb shelf,0.339629,0.343629,0.411565,0.409565,care duty,private task,position changes but history remains intact,True,True,v58-loop-02948
2949,164,15,rain court,talk,Ari,map safe route,0.344835,0.364835,0.519989,0.493989,private task,recover focus,trust warms and obligation decreases,True,True,v58-loop-02949
2950,164,16,fiber loft,offer_help,Fay,dry seed store,0.504935,0.524935,0.415321,0.389321,recover focus,work,trust warms and obligation decreases,True,True,v58-loop-02950
2951,164,17,west hearth,borrow_tool,Milo,sort herb shelf,0.662622,0.642622,0.198948,0.228948,work,negotiate debt,work is delayed and debt marker increases,True,True,v58-loop-02951
2952,165,0,arrival court,interrupt_work,Sera,repair awning,0.64918,0.62918,0.144374,0.174374,negotiate debt,care duty,work is delayed and debt marker increases,True,False,v58-loop-02952
2953,165,1,tool alcove,wait_offscreen,Tovan,fix bridge peg,0.495015,0.497015,0.352979,0.346979,seek tool,care duty,residents continue without avatar,True,True,v58-loop-02953
2954,165,2,rain court,repair_trust,Nia,patch cloak,0.337203,0.357203,0.510265,0.484265,care duty,private task,trust warms and obligation decreases,True,True,v58-loop-02954
2955,165,3,fiber loft,move,Ari,repair awning,0.349717,0.353717,0.463879,0.461879,private task,recover focus,position changes but history remains intact,True,True,v58-loop-02955
2956,165,4,west hearth,talk,Fay,fix bridge peg,0.508237,0.524237,0.258752,0.232752,recover focus,work,trust warms and obligation decreases,True,True,v58-loop-02956
2957,165,5,river gate,offer_help,Milo,patch cloak,0.639907,0.655907,0.093579,0.067579,work,rest,trust warms and obligation decreases,True,True,v58-loop-02957
2958,165,6,arrival court,borrow_tool,Sera,repair awning,0.633053,0.613053,0.128356,0.158356,rest,seek tool,work is delayed and debt marker increases,True,True,v58-loop-02958
2959,165,7,tool alcove,return_tool,Tovan,fix bridge peg,0.481015,0.497015,0.329396,0.303396,negotiate debt,seek tool,trust warms and obligation decreases,True,True,v58-loop-02959
2960,165,8,rain court,interrupt_work,Nia,patch cloak,0.350073,0.330073,0.501961,0.531961,seek tool,private task,work is delayed and debt marker increases,True,False,v58-loop-02960
2961,165,9,fiber loft,wait_offscreen,Ari,repair awning,0.369247,0.371247,0.478897,0.472897,care duty,private task,residents continue without avatar,True,True,v58-loop-02961
2962,165,10,west hearth,repair_trust,Fay,fix bridge peg,0.509642,0.525642,0.282545,0.256545,private task,recover focus,trust warms and obligation decreases,True,True,v58-loop-02962
2963,165,11,river gate,move,Milo,patch cloak,0.638208,0.642208,0.103101,0.101101,recover focus,work,position changes but history remains intact,True,True,v58-loop-02963
2964,165,12,arrival court,talk,Sera,repair awning,0.655038,0.671038,0.114382,0.088382,work,rest,trust warms and obligation decreases,True,True,v58-loop-02964
2965,165,13,tool alcove,offer_help,Tovan,fix bridge peg,0.493302,0.509302,0.305462,0.279462,rest,negotiate debt,trust warms and obligation decreases,True,True,v58-loop-02965
2966,165,14,rain court,borrow_tool,Nia,patch cloak,0.342425,0.322425,0.491251,0.521251,negotiate debt,care duty,work is delayed and debt marker increases,True,True,v58-loop-02966
2967,165,15,fiber loft,return_tool,Ari,repair awning,0.348099,0.368099,0.491785,0.465785,seek tool,care duty,trust warms and obligation decreases,True,True,v58-loop-02967
2968,165,16,west hearth,interrupt_work,Fay,fix bridge peg,0.519982,0.499982,0.306547,0.336547,care duty,recover focus,work is delayed and debt marker increases,True,False,v58-loop-02968
2969,165,17,river gate,wait_offscreen,Milo,patch cloak,0.651331,0.653331,0.114967,0.108967,private task,recover focus,residents continue without avatar,True,True,v58-loop-02969
2970,166,0,tool alcove,move,Sera,dry seed store,0.626441,0.630441,0.242635,0.240635,work,rest,position changes but history remains intact,True,True,v58-loop-02970
2971,166,1,rain court,talk,Tovan,sort herb shelf,0.467716,0.487716,0.45239,0.42639,rest,negotiate debt,trust warms and obligation decreases,True,True,v58-loop-02971
2972,166,2,fiber loft,offer_help,Nia,map safe route,0.340629,0.360629,0.514533,0.488533,negotiate debt,seek tool,trust warms and obligation decreases,True,True,v58-loop-02972
2973,166,3,west hearth,borrow_tool,Ari,dry seed store,0.376528,0.356528,0.368868,0.398868,seek tool,private task,work is delayed and debt marker increases,True,True,v58-loop-02973
2974,166,4,river gate,return_tool,Fay,sort herb shelf,0.515198,0.531198,0.156495,0.130495,care duty,private task,trust warms and obligation decreases,True,True,v58-loop-02974
2975,166,5,arrival court,interrupt_work,Milo,map safe route,0.664102,0.644102,0.083127,0.113127,private task,work,work is delayed and debt marker increases,True,True,v58-loop-02975
2976,166,6,tool alcove,wait_offscreen,Sera,dry seed store,0.618228,0.616228,0.219833,0.213833,recover focus,work,residents continue without avatar,True,True,v58-loop-02976
2977,166,7,rain court,repair_trust,Tovan,sort herb shelf,0.456945,0.476945,0.434192,0.408192,work,rest,trust warms and obligation decreases,True,True,v58-loop-02977
2978,166,8,fiber loft,move,Nia,map safe route,0.335649,0.339649,0.518566,0.516566,rest,negotiate debt,position changes but history remains intact,True,True,v58-loop-02978
2979,166,9,west hearth,talk,Ari,dry seed store,0.346404,0.362404,0.391227,0.365227,negotiate debt,seek tool,trust warms and obligation decreases,True,True,v58-loop-02979
2980,166,10,river gate,offer_help,Fay,sort herb shelf,0.519372,0.535372,0.17552,0.14952,seek tool,care duty,trust warms and obligation decreases,True,True,v58-loop-02980
2981,166,11,arrival court,borrow_tool,Milo,map safe route,0.649205,0.629205,0.080391,0.110391,care duty,recover focus,work is delayed and debt marker increases,True,True,v58-loop-02981
2982,166,12,tool alcove,return_tool,Sera,dry seed store,0.643916,0.659916,0.197986,0.171986,private task,recover focus,trust warms and obligation decreases,True,True,v58-loop-02982
2983,166,13,rain court,interrupt_work,Tovan,sort herb shelf,0.482735,0.462735,0.414396,0.444396,recover focus,rest,work is delayed and debt marker increases,True,True,v58-loop-02983
2984,166,14,fiber loft,wait_offscreen,Nia,map safe route,0.321914,0.319914,0.519997,0.513997,work,rest,residents continue without avatar,True,True,v58-loop-02984
2985,166,15,west hearth,repair_trust,Ari,dry seed store,0.369659,0.389659,0.412498,0.386498,rest,negotiate debt,trust warms and obligation decreases,True,True,v58-loop-02985
2986,166,16,river gate,move,Fay,sort herb shelf,0.518069,0.522069,0.196028,0.194028,negotiate debt,seek tool,position changes but history remains intact,True,True,v58-loop-02986
2987,166,17,arrival court,talk,Milo,map safe route,0.668957,0.684957,0.08027,0.05427,seek tool,care duty,trust warms and obligation decreases,True,True,v58-loop-02987
2988,167,0,rain court,borrow_tool,Sera,fix bridge peg,0.621827,0.601827,0.356175,0.386175,private task,work,work is delayed and debt marker increases,True,False,v58-loop-02988
2989,167,1,fiber loft,return_tool,Tovan,patch cloak,0.464608,0.484608,0.511212,0.485212,recover focus,work,trust warms and obligation decreases,True,True,v58-loop-02989
2990,167,2,west hearth,interrupt_work,Nia,repair awning,0.329707,0.309707,0.461659,0.491659,work,negotiate debt,work is delayed and debt marker increases,True,True,v58-loop-02990
2991,167,3,river gate,wait_offscreen,Ari,fix bridge peg,0.380541,0.382541,0.255515,0.249515,rest,negotiate debt,residents continue without avatar,True,True,v58-loop-02991
2992,167,4,arrival court,repair_trust,Fay,patch cloak,0.53444,0.55044,0.092461,0.066461,negotiate debt,seek tool,trust warms and obligation decreases,True,True,v58-loop-02992
2993,167,5,tool alcove,move,Milo,repair awning,0.644541,0.648541,0.13044,0.12844,seek tool,care duty,position changes but history remains intact,True,True,v58-loop-02993
2994,167,6,rain court,talk,Sera,fix bridge peg,0.625599,0.641599,0.332662,0.306662,care duty,private task,trust warms and obligation decreases,True,True,v58-loop-02994
2995,167,7,fiber loft,offer_help,Tovan,patch cloak,0.471377,0.491377,0.503247,0.477247,private task,recover focus,trust warms and obligation decreases,True,True,v58-loop-02995
2996,167,8,west hearth,borrow_tool,Nia,repair awning,0.319752,0.299752,0.476956,0.506956,recover focus,rest,work is delayed and debt marker increases,True,False,v58-loop-02996
2997,167,9,river gate,return_tool,Ari,fix bridge peg,0.360355,0.376355,0.279258,0.253258,work,rest,trust warms and obligation decreases,True,True,v58-loop-02997
2998,167,10,arrival court,interrupt_work,Fay,patch cloak,0.53235,0.51235,0.101651,0.131651,rest,seek tool,work is delayed and debt marker increases,True,True,v58-loop-02998
2999,167,11,tool alcove,wait_offscreen,Milo,repair awning,0.675808,0.677808,0.116175,0.110175,negotiate debt,seek tool,residents continue without avatar,True,True,v58-loop-02999
3000,167,12,rain court,repair_trust,Sera,fix bridge peg,0.619572,0.635572,0.308761,0.282761,seek tool,care duty,trust warms and obligation decreases,True,True,v58-loop-03000
3001,167,13,fiber loft,move,Tovan,patch cloak,0.460353,0.464353,0.492861,0.490861,care duty,private task,position changes but history remains intact,True,True,v58-loop-03001
3002,167,14,west hearth,talk,Nia,repair awning,0.328221,0.348221,0.490146,0.464146,private task,recover focus,trust warms and obligation decreases,True,True,v58-loop-03002
3003,167,15,river gate,offer_help,Ari,fix bridge peg,0.365924,0.381924,0.303247,0.277247,recover focus,work,trust warms and obligation decreases,True,True,v58-loop-03003
3004,167,16,arrival court,borrow_tool,Fay,patch cloak,0.54966,0.52966,0.113203,0.143203,work,negotiate debt,work is delayed and debt marker increases,True,False,v58-loop-03004
3005,167,17,tool alcove,return_tool,Milo,repair awning,0.664404,0.680404,0.104099,0.078099,rest,negotiate debt,trust warms and obligation decreases,True,True,v58-loop-03005
3006,168,0,fiber loft,wait_offscreen,Sera,sort herb shelf,0.602801,0.600801,0.454753,0.448753,seek tool,care duty,residents continue without avatar,True,True,v58-loop-03006
3007,168,1,west hearth,repair_trust,Tovan,map safe route,0.444081,0.464081,0.513777,0.487777,care duty,private task,trust warms and obligation decreases,True,True,v58-loop-03007
3008,168,2,river gate,move,Nia,dry seed store,0.331982,0.335982,0.365727,0.363727,private task,recover focus,position changes but history remains intact,True,True,v58-loop-03008
3009,168,3,arrival court,talk,Ari,sort herb shelf,0.375078,0.391078,0.15401,0.12801,recover focus,work,trust warms and obligation decreases,True,True,v58-loop-03009
3010,168,4,tool alcove,offer_help,Fay,map safe route,0.546284,0.562284,0.083706,0.057706,work,rest,trust warms and obligation decreases,True,True,v58-loop-03010
3011,168,5,rain court,borrow_tool,Milo,dry seed store,0.668075,0.648075,0.222915,0.252915,rest,seek tool,work is delayed and debt marker increases,True,True,v58-loop-03011
3012,168,6,fiber loft,return_tool,Sera,sort herb shelf,0.626583,0.646583,0.436792,0.410792,negotiate debt,seek tool,trust warms and obligation decreases,True,True,v58-loop-03012
3013,168,7,west hearth,interrupt_work,Tovan,map safe route,0.439672,0.419672,0.518166,0.548166,seek tool,private task,work is delayed and debt marker increases,True,True,v58-loop-03013
3014,168,8,river gate,wait_offscreen,Nia,dry seed store,0.302073,0.300073,0.388213,0.382213,care duty,private task,residents continue without avatar,True,True,v58-loop-03014
3015,168,9,arrival court,repair_trust,Ari,sort herb shelf,0.384782,0.400782,0.172813,0.146813,private task,recover focus,trust warms and obligation decreases,True,True,v58-loop-03015
3016,168,10,tool alcove,move,Fay,map safe route,0.549958,0.553958,0.080612,0.078612,recover focus,work,position changes but history remains intact,True,True,v58-loop-03016
3017,168,11,rain court,talk,Milo,dry seed store,0.660783,0.676783,0.200921,0.174921,work,rest,trust warms and obligation decreases,True,True,v58-loop-03017
3018,168,12,fiber loft,offer_help,Sera,sort herb shelf,0.601883,0.621883,0.417202,0.391202,rest,negotiate debt,trust warms and obligation decreases,True,True,v58-loop-03018
3019,168,13,west hearth,borrow_tool,Tovan,map safe route,0.461635,0.441635,0.519956,0.549956,negotiate debt,care duty,work is delayed and debt marker increases,True,True,v58-loop-03019
3020,168,14,river gate,return_tool,Nia,dry seed store,0.314838,0.334838,0.40965,0.38365,seek tool,care duty,trust warms and obligation decreases,True,True,v58-loop-03020
3021,168,15,arrival court,interrupt_work,Ari,sort herb shelf,0.36682,0.34682,0.193132,0.223132,care duty,recover focus,work is delayed and debt marker increases,True,True,v58-loop-03021
3022,168,16,tool alcove,wait_offscreen,Fay,map safe route,0.568078,0.566078,0.080131,0.074131,private task,recover focus,residents continue without avatar,True,True,v58-loop-03022
3023,168,17,rain court,repair_trust,Milo,dry seed store,0.668359,0.684359,0.180106,0.154106,recover focus,work,trust warms and obligation decreases,True,True,v58-loop-03023
3024,169,0,west hearth,talk,Sera,patch cloak,0.618553,0.638553,0.512112,0.486112,rest,negotiate debt,trust warms and obligation decreases,True,True,v58-loop-03024
3025,169,1,river gate,offer_help,Tovan,repair awning,0.41927,0.43927,0.459402,0.433402,negotiate debt,seek tool,trust warms and obligation decreases,True,True,v58-loop-03025
3026,169,2,arrival court,borrow_tool,Nia,fix bridge peg,0.299595,0.279595,0.252288,0.282288,seek tool,private task,work is delayed and debt marker increases,True,True,v58-loop-03026
3027,169,3,tool alcove,return_tool,Ari,patch cloak,0.383615,0.399615,0.09139,0.06539,care duty,private task,trust warms and obligation decreases,True,True,v58-loop-03027
3028,169,4,rain court,interrupt_work,Fay,repair awning,0.5657,0.5457,0.132561,0.162561,private task,work,work is delayed and debt marker increases,True,False,v58-loop-03028
3029,169,5,fiber loft,wait_offscreen,Milo,fix bridge peg,0.651969,0.653969,0.335922,0.329922,recover focus,work,residents continue without avatar,True,True,v58-loop-03029
3030,169,6,west hearth,repair_trust,Sera,patch cloak,0.59183,0.61183,0.504487,0.478487,work,rest,trust warms and obligation decreases,True,True,v58-loop-03030
3031,169,7,river gate,move,Tovan,repair awning,0.434766,0.438766,0.474976,0.472976,rest,negotiate debt,position changes but history remains intact,True,True,v58-loop-03031
3032,169,8,arrival court,talk,Nia,fix bridge peg,0.32915,0.34515,0.275975,0.249975,negotiate debt,seek tool,trust warms and obligation decreases,True,True,v58-loop-03032
3033,169,9,tool alcove,offer_help,Ari,patch cloak,0.40231,0.41831,0.100246,0.074246,seek tool,care duty,trust warms and obligation decreases,True,True,v58-loop-03033
3034,169,10,rain court,borrow_tool,Fay,repair awning,0.574226,0.554226,0.118008,0.148008,care duty,recover focus,work is delayed and debt marker increases,True,True,v58-loop-03034
3035,169,11,fiber loft,return_tool,Milo,fix bridge peg,0.673291,0.689291,0.312057,0.286057,private task,recover focus,trust warms and obligation decreases,True,True,v58-loop-03035
3036,169,12,west hearth,interrupt_work,Sera,patch cloak,0.603186,0.583186,0.494427,0.524427,recover focus,rest,work is delayed and debt marker increases,True,False,v58-loop-03036
3037,169,13,river gate,wait_offscreen,Tovan,repair awning,0.450128,0.452128,0.488465,0.482465,work,rest,residents continue without avatar,True,True,v58-loop-03037
3038,169,14,arrival court,repair_trust,Nia,fix bridge peg,0.320332,0.336332,0.299947,0.273947,rest,negotiate debt,trust warms and obligation decreases,True,True,v58-loop-03038
3039,169,15,tool alcove,move,Ari,patch cloak,0.400963,0.404963,0.11148,0.10948,negotiate debt,seek tool,position changes but history remains intact,True,True,v58-loop-03039
3040,169,16,rain court,talk,Fay,repair awning,0.546524,0.562524,0.105623,0.079623,seek tool,care duty,trust warms and obligation decreases,True,True,v58-loop-03040
3041,169,17,fiber loft,offer_help,Milo,fix bridge peg,0.64907,0.66507,0.288048,0.262048,care duty,private task,trust warms and obligation decreases,True,True,v58-loop-03041
3042,170,0,river gate,return_tool,Sera,map safe route,0.581628,0.601628,0.512974,0.486974,recover focus,work,trust warms and obligation decreases,True,True,v58-loop-03042
3043,170,1,arrival court,interrupt_work,Tovan,dry seed store,0.428291,0.408291,0.36257,0.39257,work,negotiate debt,work is delayed and debt marker increases,True,True,v58-loop-03043
3044,170,2,tool alcove,wait_offscreen,Nia,sort herb shelf,0.312242,0.310242,0.151558,0.145558,rest,negotiate debt,residents continue without avatar,True,True,v58-loop-03044
3045,170,3,rain court,repair_trust,Ari,map safe route,0.392036,0.408036,0.084334,0.058334,negotiate debt,seek tool,trust warms and obligation decreases,True,True,v58-loop-03045
3046,170,4,fiber loft,move,Fay,dry seed store,0.582884,0.586884,0.226014,0.224014,seek tool,care duty,position changes but history remains intact,True,True,v58-loop-03046
3047,170,5,west hearth,talk,Milo,sort herb shelf,0.665996,0.685996,0.439361,0.413361,care duty,private task,trust warms and obligation decreases,True,True,v58-loop-03047
3048,170,6,river gate,offer_help,Sera,map safe route,0.587096,0.607096,0.517716,0.491716,private task,recover focus,trust warms and obligation decreases,True,True,v58-loop-03048
3049,170,7,arrival court,borrow_tool,Tovan,dry seed store,0.428762,0.408762,0.385181,0.415181,recover focus,rest,work is delayed and debt marker increases,True,True,v58-loop-03049
3050,170,8,tool alcove,return_tool,Nia,sort herb shelf,0.306476,0.322476,0.170135,0.144135,work,rest,trust warms and obligation decreases,True,True,v58-loop-03050
3051,170,9,rain court,interrupt_work,Ari,map safe route,0.412484,0.392484,0.080883,0.110883,rest,seek tool,work is delayed and debt marker increases,True,True,v58-loop-03051
3052,170,10,fiber loft,wait_offscreen,Fay,dry seed store,0.586476,0.584476,0.203878,0.197878,negotiate debt,seek tool,residents continue without avatar,True,True,v58-loop-03052
3053,170,11,west hearth,repair_trust,Milo,sort herb shelf,0.678484,0.698484,0.419982,0.393982,seek tool,care duty,trust warms and obligation decreases,True,True,v58-loop-03053
3054,170,12,river gate,move,Sera,map safe route,0.588694,0.592694,0.519865,0.517865,care duty,private task,position changes but history remains intact,True,True,v58-loop-03054
3055,170,13,arrival court,talk,Tovan,dry seed store,0.42857,0.44857,0.406777,0.380777,private task,recover focus,trust warms and obligation decreases,True,True,v58-loop-03055
3056,170,14,tool alcove,offer_help,Nia,sort herb shelf,0.299768,0.315768,0.190259,0.164259,recover focus,work,trust warms and obligation decreases,True,True,v58-loop-03056
3057,170,15,rain court,borrow_tool,Ari,map safe route,0.393481,0.373481,0.080042,0.110042,work,negotiate debt,work is delayed and debt marker increases,True,True,v58-loop-03057
3058,170,16,fiber loft,return_tool,Fay,dry seed store,0.581408,0.597408,0.182887,0.156887,rest,negotiate debt,trust warms and obligation decreases,True,True,v58-loop-03058
3059,170,17,west hearth,interrupt_work,Milo,sort herb shelf,0.680574,0.660574,0.399173,0.429173,negotiate debt,care duty,work is delayed and debt marker increases,True,True,v58-loop-03059
3060,171,0,arrival court,repair_trust,Sera,repair awning,0.576436,0.596436,0.45711,0.43111,care duty,private task,trust warms and obligation decreases,True,True,v58-loop-03060
3061,171,1,tool alcove,move,Tovan,fix bridge peg,0.421345,0.425345,0.249072,0.247072,private task,recover focus,position changes but history remains intact,True,True,v58-loop-03061
3062,171,2,rain court,talk,Nia,patch cloak,0.301322,0.317322,0.090365,0.064365,recover focus,work,trust warms and obligation decreases,True,True,v58-loop-03062
3063,171,3,fiber loft,offer_help,Ari,repair awning,0.408132,0.424132,0.134721,0.108721,work,rest,trust warms and obligation decreases,True,True,v58-loop-03063
3064,171,4,west hearth,borrow_tool,Fay,fix bridge peg,0.571184,0.551184,0.339174,0.369174,rest,seek tool,work is delayed and debt marker increases,True,False,v58-loop-03064
3065,171,5,river gate,return_tool,Milo,patch cloak,0.65591,0.67591,0.505681,0.479681,negotiate debt,seek tool,trust warms and obligation decreases,True,True,v58-loop-03065
3066,171,6,arrival court,interrupt_work,Sera,repair awning,0.595229,0.575229,0.472956,0.502956,seek tool,private task,work is delayed and debt marker increases,True,True,v58-loop-03066
3067,171,7,tool alcove,wait_offscreen,Tovan,fix bridge peg,0.416179,0.418179,0.272697,0.266697,care duty,private task,residents continue without avatar,True,True,v58-loop-03067
3068,171,8,rain court,repair_trust,Nia,patch cloak,0.300618,0.316618,0.098885,0.072885,private task,recover focus,trust warms and obligation decreases,True,True,v58-loop-03068
3069,171,9,fiber loft,move,Ari,repair awning,0.39737,0.40137,0.119883,0.117883,recover focus,work,position changes but history remains intact,True,True,v58-loop-03069
3070,171,10,west hearth,talk,Fay,fix bridge peg,0.57973,0.59573,0.31535,0.28935,work,rest,trust warms and obligation decreases,True,True,v58-loop-03070
3071,171,11,river gate,offer_help,Milo,patch cloak,0.684165,0.704165,0.495949,0.469949,rest,negotiate debt,trust warms and obligation decreases,True,True,v58-loop-03071
3072,171,12,arrival court,borrow_tool,Sera,repair awning,0.599411,0.579411,0.486742,0.516742,negotiate debt,care duty,work is delayed and debt marker increases,True,False,v58-loop-03072
3073,171,13,tool alcove,return_tool,Tovan,fix bridge peg,0.417096,0.433096,0.296648,0.270648,seek tool,care duty,trust warms and obligation decreases,True,True,v58-loop-03073
3074,171,14,rain court,interrupt_work,Nia,patch cloak,0.294542,0.274542,0.109801,0.139801,care duty,recover focus,work is delayed and debt marker increases,True,True,v58-loop-03074
3075,171,15,fiber loft,wait_offscreen,Ari,repair awning,0.425525,0.427525,0.10719,0.10119,private task,recover focus,residents continue without avatar,True,True,v58-loop-03075
3076,171,16,west hearth,repair_trust,Fay,fix bridge peg,0.57334,0.58934,0.291344,0.265344,recover focus,work,trust warms and obligation decreases,True,True,v58-loop-03076
3077,171,17,river gate,move,Milo,patch cloak,0.676112,0.680112,0.483883,0.481883,work,rest,position changes but history remains intact,True,True,v58-loop-03077
3078,172,0,tool alcove,offer_help,Sera,dry seed store,0.566518,0.582518,0.359399,0.333399,negotiate debt,seek tool,trust warms and obligation decreases,True,True,v58-loop-03078
3079,172,1,rain court,borrow_tool,Tovan,sort herb shelf,0.413552,0.393552,0.149139,0.179139,seek tool,private task,work is delayed and debt marker increases,True,True,v58-loop-03079
3080,172,2,fiber loft,return_tool,Nia,map safe route,0.317513,0.333513,0.08501,0.05901,care duty,private task,trust warms and obligation decreases,True,True,v58-loop-03080
3081,172,3,west hearth,interrupt_work,Ari,dry seed store,0.40828,0.38828,0.22913,0.25913,private task,work,work is delayed and debt marker increases,True,True,v58-loop-03081
3082,172,4,river gate,wait_offscreen,Fay,sort herb shelf,0.589509,0.587509,0.441899,0.435899,recover focus,work,residents continue without avatar,True,True,v58-loop-03082
3083,172,5,arrival court,repair_trust,Milo,map safe route,0.664662,0.684662,0.517217,0.491217,work,rest,trust warms and obligation decreases,True,True,v58-loop-03083
3084,172,6,tool alcove,move,Sera,dry seed store,0.570554,0.574554,0.382129,0.380129,rest,negotiate debt,position changes but history remains intact,True,True,v58-loop-03084
3085,172,7,rain court,talk,Tovan,sort herb shelf,0.415943,0.431943,0.167486,0.141486,negotiate debt,seek tool,trust warms and obligation decreases,True,True,v58-loop-03085
3086,172,8,fiber loft,offer_help,Nia,map safe route,0.310217,0.326217,0.081203,0.055203,seek tool,care duty,trust warms and obligation decreases,True,True,v58-loop-03086
3087,172,9,west hearth,borrow_tool,Ari,dry seed store,0.428062,0.408062,0.206857,0.236857,care duty,recover focus,work is delayed and debt marker increases,True,True,v58-loop-03087
3088,172,10,river gate,return_tool,Fay,sort herb shelf,0.606999,0.626999,0.422734,0.396734,private task,recover focus,trust warms and obligation decreases,True,True,v58-loop-03088
3089,172,11,arrival court,interrupt_work,Milo,map safe route,0.663807,0.643807,0.519725,0.549725,recover focus,rest,work is delayed and debt marker increases,True,True,v58-loop-03089
3090,172,12,tool alcove,wait_offscreen,Sera,dry seed store,0.559129,0.557129,0.403879,0.397879,work,rest,residents continue without avatar,True,True,v58-loop-03090
3091,172,13,rain court,repair_trust,Tovan,sort herb shelf,0.416271,0.432271,0.187412,0.161412,rest,negotiate debt,trust warms and obligation decreases,True,True,v58-loop-03091
3092,172,14,fiber loft,move,Nia,map safe route,0.300995,0.304995,0.080002,0.078002,negotiate debt,seek tool,position changes but history remains intact,True,True,v58-loop-03092
3093,172,15,west hearth,talk,Ari,dry seed store,0.430526,0.446526,0.185693,0.159693,seek tool,care duty,trust warms and obligation decreases,True,True,v58-loop-03093
3094,172,16,river gate,offer_help,Fay,sort herb shelf,0.608526,0.628526,0.402107,0.376107,care duty,private task,trust warms and obligation decreases,True,True,v58-loop-03094
3095,172,17,arrival court,borrow_tool,Milo,map safe route,0.673294,0.653294,0.519615,0.549615,private task,work,work is delayed and debt marker increases,True,True,v58-loop-03095
3096,173,0,rain court,interrupt_work,Sera,fix bridge peg,0.544551,0.524551,0.245868,0.275868,work,negotiate debt,work is delayed and debt marker increases,True,False,v58-loop-03096
3097,173,1,fiber loft,wait_offscreen,Tovan,patch cloak,0.405863,0.407863,0.089388,0.083388,rest,negotiate debt,residents continue without avatar,True,True,v58-loop-03097
3098,173,2,west hearth,repair_trust,Nia,repair awning,0.304199,0.320199,0.136917,0.110917,negotiate debt,seek tool,trust warms and obligation decreases,True,True,v58-loop-03098
3099,173,3,river gate,move,Ari,fix bridge peg,0.453706,0.457706,0.342416,0.340416,seek tool,care duty,position changes but history remains intact,True,True,v58-loop-03099
3100,173,4,arrival court,talk,Fay,patch cloak,0.591561,0.611561,0.506829,0.480829,care duty,private task,trust warms and obligation decreases,True,True,v58-loop-03100
3101,173,5,tool alcove,offer_help,Milo,repair awning,0.667339,0.687339,0.470897,0.444897,private task,recover focus,trust warms and obligation decreases,True,True,v58-loop-03101
3102,173,6,rain court,borrow_tool,Sera,fix bridge peg,0.54816,0.52816,0.269426,0.299426,recover focus,rest,work is delayed and debt marker increases,True,True,v58-loop-03102
3103,173,7,fiber loft,return_tool,Tovan,patch cloak,0.398007,0.414007,0.09757,0.07157,work,rest,trust warms and obligation decreases,True,True,v58-loop-03103
3104,173,8,west hearth,interrupt_work,Nia,repair awning,0.317222,0.297222,0.121798,0.151798,rest,seek tool,work is delayed and debt marker increases,True,False,v58-loop-03104
3105,173,9,river gate,wait_offscreen,Ari,fix bridge peg,0.450706,0.452706,0.318641,0.312641,negotiate debt,seek tool,residents continue without avatar,True,True,v58-loop-03105
3106,173,10,arrival court,repair_trust,Fay,patch cloak,0.618701,0.638701,0.497427,0.471427,seek tool,care duty,trust warms and obligation decreases,True,True,v58-loop-03106
3107,173,11,tool alcove,move,Milo,repair awning,0.671052,0.675052,0.484976,0.482976,care duty,private task,position changes but history remains intact,True,True,v58-loop-03107
3108,173,12,rain court,talk,Sera,fix bridge peg,0.564438,0.580438,0.293348,0.267348,private task,recover focus,trust warms and obligation decreases,True,True,v58-loop-03108
3109,173,13,fiber loft,offer_help,Tovan,patch cloak,0.395576,0.411576,0.108164,0.082164,recover focus,work,trust warms and obligation decreases,True,True,v58-loop-03109
3110,173,14,west hearth,borrow_tool,Nia,repair awning,0.309297,0.289297,0.108801,0.138801,work,negotiate debt,work is delayed and debt marker increases,True,True,v58-loop-03110
3111,173,15,river gate,return_tool,Ari,fix bridge peg,0.423455,0.439455,0.294643,0.268643,rest,negotiate debt,trust warms and obligation decreases,True,True,v58-loop-03111
3112,173,16,arrival court,interrupt_work,Fay,patch cloak,0.613404,0.593404,0.485674,0.515674,negotiate debt,care duty,work is delayed and debt marker increases,True,False,v58-loop-03112
3113,173,17,tool alcove,wait_offscreen,Milo,repair awning,0.67898,0.68098,0.496852,0.490852,seek tool,care duty,residents continue without avatar,True,True,v58-loop-03113
3114,174,0,fiber loft,move,Sera,sort herb shelf,0.538942,0.542942,0.146754,0.144754,private task,recover focus,position changes but history remains intact,True,True,v58-loop-03114
3115,174,1,west hearth,talk,Tovan,map safe route,0.374327,0.390327,0.085734,0.059734,recover focus,work,trust warms and obligation decreases,True,True,v58-loop-03115
3116,174,2,river gate,offer_help,Nia,dry seed store,0.308868,0.324868,0.232262,0.206262,work,rest,trust warms and obligation decreases,True,True,v58-loop-03116
3117,174,3,arrival court,borrow_tool,Ari,sort herb shelf,0.460047,0.440047,0.444405,0.474405,rest,seek tool,work is delayed and debt marker increases,True,True,v58-loop-03117
3118,174,4,tool alcove,return_tool,Fay,map safe route,0.602191,0.622191,0.51667,0.49067,negotiate debt,seek tool,trust warms and obligation decreases,True,True,v58-loop-03118
3119,174,5,rain court,interrupt_work,Milo,dry seed store,0.661295,0.641295,0.379058,0.409058,seek tool,private task,work is delayed and debt marker increases,True,True,v58-loop-03119
3120,174,6,fiber loft,wait_offscreen,Sera,sort herb shelf,0.547103,0.545103,0.164867,0.158867,care duty,private task,residents continue without avatar,True,True,v58-loop-03120
3121,174,7,west hearth,repair_trust,Tovan,map safe route,0.370004,0.386004,0.081572,0.055572,private task,recover focus,trust warms and obligation decreases,True,True,v58-loop-03121
3122,174,8,river gate,move,Nia,dry seed store,0.324017,0.328017,0.209857,0.207857,recover focus,work,position changes but history remains intact,True,True,v58-loop-03122
3123,174,9,arrival court,talk,Ari,sort herb shelf,0.446794,0.466794,0.425459,0.399459,work,rest,trust warms and obligation decreases,True,True,v58-loop-03123
3124,174,10,tool alcove,offer_help,Fay,map safe route,0.604579,0.624579,0.519535,0.493535,rest,negotiate debt,trust warms and obligation decreases,True,True,v58-loop-03124
3125,174,11,rain court,borrow_tool,Milo,dry seed store,0.68001,0.66001,0.400959,0.430959,negotiate debt,care duty,work is delayed and debt marker increases,True,True,v58-loop-03125
3126,174,12,fiber loft,return_tool,Sera,sort herb shelf,0.549627,0.565627,0.184589,0.158589,seek tool,care duty,trust warms and obligation decreases,True,True,v58-loop-03126
3127,174,13,west hearth,interrupt_work,Tovan,map safe route,0.376095,0.356095,0.080012,0.110012,care duty,recover focus,work is delayed and debt marker increases,True,True,v58-loop-03127
3128,174,14,river gate,wait_offscreen,Nia,dry seed store,0.309291,0.307291,0.188526,0.182526,private task,recover focus,residents continue without avatar,True,True,v58-loop-03128
3129,174,15,arrival court,repair_trust,Ari,sort herb shelf,0.458199,0.478199,0.405019,0.379019,recover focus,work,trust warms and obligation decreases,True,True,v58-loop-03129
3130,174,16,tool alcove,move,Fay,map safe route,0.632057,0.636057,0.519786,0.517786,work,rest,position changes but history remains intact,True,True,v58-loop-03130
3131,174,17,rain court,talk,Milo,dry seed store,0.646335,0.666335,0.421657,0.395657,rest,negotiate debt,trust warms and obligation decreases,True,True,v58-loop-03131
3132,175,0,west hearth,borrow_tool,Sera,patch cloak,0.554895,0.534895,0.088458,0.118458,seek tool,private task,work is delayed and debt marker increases,True,False,v58-loop-03132
3133,175,1,river gate,return_tool,Tovan,repair awning,0.362038,0.378038,0.13915,0.11315,care duty,private task,trust warms and obligation decreases,True,True,v58-loop-03133
3134,175,2,arrival court,interrupt_work,Nia,fix bridge peg,0.31327,0.29327,0.34565,0.37565,private task,work,work is delayed and debt marker increases,True,True,v58-loop-03134
3135,175,3,tool alcove,wait_offscreen,Ari,patch cloak,0.463738,0.465738,0.50793,0.50193,recover focus,work,residents continue without avatar,True,True,v58-loop-03135
3136,175,4,rain court,repair_trust,Fay,repair awning,0.619333,0.639333,0.4688,0.4428,work,rest,trust warms and obligation decreases,True,True,v58-loop-03136
3137,175,5,fiber loft,move,Milo,fix bridge peg,0.665154,0.669154,0.266162,0.264162,rest,negotiate debt,position changes but history remains intact,True,True,v58-loop-03137
3138,175,6,west hearth,talk,Sera,patch cloak,0.522296,0.538296,0.096301,0.070301,negotiate debt,seek tool,trust warms and obligation decreases,True,True,v58-loop-03138
3139,175,7,river gate,offer_help,Tovan,repair awning,0.371652,0.387652,0.123753,0.097753,seek tool,care duty,trust warms and obligation decreases,True,True,v58-loop-03139
3140,175,8,arrival court,borrow_tool,Nia,fix bridge peg,0.298198,0.278198,0.321926,0.351926,care duty,recover focus,work is delayed and debt marker increases,True,False,v58-loop-03140
3141,175,9,tool alcove,return_tool,Ari,patch cloak,0.450563,0.470563,0.498861,0.472861,private task,recover focus,trust warms and obligation decreases,True,True,v58-loop-03141
3142,175,10,rain court,interrupt_work,Fay,repair awning,0.623086,0.603086,0.483169,0.513169,recover focus,rest,work is delayed and debt marker increases,True,True,v58-loop-03142
3143,175,11,fiber loft,wait_offscreen,Milo,fix bridge peg,0.651322,0.653322,0.290051,0.284051,work,rest,residents continue without avatar,True,True,v58-loop-03143
3144,175,12,west hearth,repair_trust,Sera,patch cloak,0.524632,0.540632,0.10657,0.08057,rest,negotiate debt,trust warms and obligation decreases,True,True,v58-loop-03144
3145,175,13,river gate,move,Tovan,repair awning,0.355326,0.359326,0.110455,0.108455,negotiate debt,seek tool,position changes but history remains intact,True,True,v58-loop-03145
3146,175,14,arrival court,talk,Nia,fix bridge peg,0.326496,0.342496,0.297942,0.271942,seek tool,care duty,trust warms and obligation decreases,True,True,v58-loop-03146
3147,175,15,tool alcove,offer_help,Ari,patch cloak,0.462033,0.482033,0.487423,0.461423,care duty,private task,trust warms and obligation decreases,True,True,v58-loop-03147
3148,175,16,rain court,borrow_tool,Fay,repair awning,0.630931,0.610931,0.495357,0.525357,private task,work,work is delayed and debt marker increases,True,False,v58-loop-03148
3149,175,17,fiber loft,return_tool,Milo,fix bridge peg,0.671798,0.687798,0.314059,0.288059,recover focus,work,trust warms and obligation decreases,True,True,v58-loop-03149
3150,176,0,river gate,wait_offscreen,Sera,map safe route,0.518319,0.516319,0.086507,0.080507,rest,negotiate debt,residents continue without avatar,True,True,v58-loop-03150
3151,176,1,arrival court,repair_trust,Tovan,dry seed store,0.371579,0.387579,0.23541,0.20941,negotiate debt,seek tool,trust warms and obligation decreases,True,True,v58-loop-03151
3152,176,2,tool alcove,move,Nia,sort herb shelf,0.317584,0.321584,0.446878,0.444878,seek tool,care duty,position changes but history remains intact,True,True,v58-loop-03152
3153,176,3,rain court,talk,Ari,map safe route,0.468588,0.488588,0.516073,0.490073,care duty,private task,trust warms and obligation decreases,True,True,v58-loop-03153
3154,176,4,fiber loft,offer_help,Fay,dry seed store,0.629931,0.645931,0.37597,0.34997,private task,recover focus,trust warms and obligation decreases,True,True,v58-loop-03154
3155,176,5,west hearth,borrow_tool,Milo,sort herb shelf,0.661563,0.641563,0.162278,0.192278,recover focus,rest,work is delayed and debt marker increases,True,True,v58-loop-03155
3156,176,6,river gate,return_tool,Sera,map safe route,0.538006,0.554006,0.081991,0.055991,work,rest,trust warms and obligation decreases,True,True,v58-loop-03156
3157,176,7,arrival court,interrupt_work,Tovan,dry seed store,0.348706,0.328706,0.212878,0.242878,rest,seek tool,work is delayed and debt marker increases,True,True,v58-loop-03157
3158,176,8,tool alcove,wait_offscreen,Nia,sort herb shelf,0.32703,0.32503,0.428155,0.422155,negotiate debt,seek tool,residents continue without avatar,True,True,v58-loop-03158
3159,176,9,rain court,repair_trust,Ari,map safe route,0.489918,0.509918,0.519296,0.493296,seek tool,care duty,trust warms and obligation decreases,True,True,v58-loop-03159
3160,176,10,fiber loft,move,Fay,dry seed store,0.618784,0.622784,0.398016,0.396016,care duty,private task,position changes but history remains intact,True,True,v58-loop-03160
3161,176,11,west hearth,talk,Milo,sort herb shelf,0.645991,0.661991,0.181793,0.155793,private task,recover focus,trust warms and obligation decreases,True,True,v58-loop-03161
3162,176,12,river gate,offer_help,Sera,map safe route,0.520538,0.536538,0.080071,0.054071,recover focus,work,trust warms and obligation decreases,True,True,v58-loop-03162
3163,176,13,arrival court,borrow_tool,Tovan,dry seed store,0.354538,0.334538,0.191383,0.221383,work,negotiate debt,work is delayed and debt marker increases,True,True,v58-loop-03163
3164,176,14,tool alcove,return_tool,Nia,sort herb shelf,0.307434,0.327434,0.407907,0.381907,rest,negotiate debt,trust warms and obligation decreases,True,True,v58-loop-03164
3165,176,15,rain court,interrupt_work,Ari,map safe route,0.475534,0.455534,0.519907,0.549907,negotiate debt,care duty,work is delayed and debt marker increases,True,True,v58-loop-03165
3166,176,16,fiber loft,wait_offscreen,Fay,dry seed store,0.647883,0.645883,0.418894,0.412894,seek tool,care duty,residents continue without avatar,True,True,v58-loop-03166
3167,176,17,west hearth,repair_trust,Milo,sort herb shelf,0.66245,0.67845,0.202715,0.176715,care duty,private task,trust warms and obligation decreases,True,True,v58-loop-03167
3168,177,0,arrival court,talk,Sera,repair awning,0.517498,0.533498,0.14142,0.11542,recover focus,work,trust warms and obligation decreases,True,True,v58-loop-03168
3169,177,1,tool alcove,offer_help,Tovan,fix bridge peg,0.342951,0.358951,0.348873,0.322873,work,rest,trust warms and obligation decreases,True,True,v58-loop-03169
3170,177,2,rain court,borrow_tool,Nia,patch cloak,0.31013,0.29013,0.508985,0.538985,rest,seek tool,work is delayed and debt marker increases,True,True,v58-loop-03170
3171,177,3,fiber loft,return_tool,Ari,repair awning,0.482683,0.502683,0.466664,0.440664,negotiate debt,seek tool,trust warms and obligation decreases,True,True,v58-loop-03171
3172,177,4,west hearth,interrupt_work,Fay,fix bridge peg,0.6328,0.6128,0.262905,0.292905,seek tool,private task,work is delayed and debt marker increases,True,False,v58-loop-03172
3173,177,5,river gate,wait_offscreen,Milo,patch cloak,0.635824,0.637824,0.095077,0.089077,care duty,private task,residents continue without avatar,True,True,v58-loop-03173
3174,177,6,arrival court,repair_trust,Sera,repair awning,0.50943,0.52543,0.125748,0.099748,private task,recover focus,trust warms and obligation decreases,True,True,v58-loop-03174
3175,177,7,tool alcove,move,Tovan,fix bridge peg,0.362728,0.366728,0.325207,0.323207,recover focus,work,position changes but history remains intact,True,True,v58-loop-03175
3176,177,8,rain court,talk,Nia,patch cloak,0.321653,0.341653,0.50025,0.47425,work,rest,trust warms and obligation decreases,True,True,v58-loop-03176
3177,177,9,fiber loft,offer_help,Ari,repair awning,0.49473,0.51473,0.481321,0.455321,rest,negotiate debt,trust warms and obligation decreases,True,True,v58-loop-03177
3178,177,10,west hearth,borrow_tool,Fay,fix bridge peg,0.650943,0.630943,0.286755,0.316755,negotiate debt,care duty,work is delayed and debt marker increases,True,True,v58-loop-03178
3179,177,11,river gate,return_tool,Milo,patch cloak,0.636171,0.652171,0.10502,0.07902,seek tool,care duty,trust warms and obligation decreases,True,True,v58-loop-03179
3180,177,12,arrival court,interrupt_work,Sera,repair awning,0.519681,0.499681,0.112151,0.142151,care duty,recover focus,work is delayed and debt marker increases,True,False,v58-loop-03180
3181,177,13,tool alcove,wait_offscreen,Tovan,fix bridge peg,0.343143,0.345143,0.301242,0.295242,private task,recover focus,residents continue without avatar,True,True,v58-loop-03181
3182,177,14,rain court,repair_trust,Nia,patch cloak,0.306319,0.326319,0.48913,0.46313,recover focus,work,trust warms and obligation decreases,True,True,v58-loop-03182
3183,177,15,fiber loft,move,Ari,repair awning,0.492221,0.496221,0.493817,0.491817,work,rest,position changes but history remains intact,True,True,v58-loop-03183
3184,177,16,west hearth,talk,Fay,fix bridge peg,0.643303,0.659303,0.310764,0.284764,rest,negotiate debt,trust warms and obligation decreases,True,True,v58-loop-03184
3185,177,17,river gate,offer_help,Milo,patch cloak,0.634937,0.650937,0.117284,0.091284,negotiate debt,seek tool,trust warms and obligation decreases,True,True,v58-loop-03185
3186,178,0,tool alcove,return_tool,Sera,dry seed store,0.510329,0.526329,0.238571,0.212571,care duty,private task,trust warms and obligation decreases,True,True,v58-loop-03186
3187,178,1,rain court,interrupt_work,Tovan,sort herb shelf,0.341026,0.321026,0.449318,0.479318,private task,work,work is delayed and debt marker increases,True,True,v58-loop-03187
3188,178,2,fiber loft,wait_offscreen,Nia,map safe route,0.303827,0.301827,0.515428,0.509428,recover focus,work,residents continue without avatar,True,True,v58-loop-03188
3189,178,3,west hearth,repair_trust,Ari,dry seed store,0.501517,0.517517,0.372864,0.346864,work,rest,trust warms and obligation decreases,True,True,v58-loop-03189
3190,178,4,river gate,move,Fay,sort herb shelf,0.657472,0.661472,0.15972,0.15772,rest,negotiate debt,position changes but history remains intact,True,True,v58-loop-03190
3191,178,5,arrival court,talk,Milo,map safe route,0.658489,0.674489,0.082458,0.056458,negotiate debt,seek tool,trust warms and obligation decreases,True,True,v58-loop-03191
3192,178,6,tool alcove,offer_help,Sera,dry seed store,0.484018,0.500018,0.215917,0.189917,seek tool,care duty,trust warms and obligation decreases,True,True,v58-loop-03192
3193,178,7,rain court,borrow_tool,Tovan,sort herb shelf,0.330087,0.310087,0.430823,0.460823,care duty,recover focus,work is delayed and debt marker increases,True,True,v58-loop-03193
3194,178,8,fiber loft,return_tool,Nia,map safe route,0.331798,0.351798,0.519007,0.493007,private task,recover focus,trust warms and obligation decreases,True,True,v58-loop-03194
3195,178,9,west hearth,interrupt_work,Ari,dry seed store,0.489795,0.469795,0.39505,0.42505,recover focus,rest,work is delayed and debt marker increases,True,True,v58-loop-03195
3196,178,10,river gate,wait_offscreen,Fay,sort herb shelf,0.652988,0.650988,0.179023,0.173023,work,rest,residents continue without avatar,True,True,v58-loop-03196
3197,178,11,arrival court,repair_trust,Milo,map safe route,0.633783,0.649783,0.08018,0.05418,rest,negotiate debt,trust warms and obligation decreases,True,True,v58-loop-03197
3198,178,12,tool alcove,move,Sera,dry seed store,0.51049,0.51449,0.194265,0.192265,negotiate debt,seek tool,position changes but history remains intact,True,True,v58-loop-03198
3199,178,13,rain court,talk,Tovan,sort herb shelf,0.333642,0.353642,0.41077,0.38477,seek tool,care duty,trust warms and obligation decreases,True,True,v58-loop-03199
3200,178,14,fiber loft,offer_help,Nia,map safe route,0.312185,0.332185,0.519978,0.493978,care duty,private task,trust warms and obligation decreases,True,True,v58-loop-03200
3201,178,15,west hearth,borrow_tool,Ari,dry seed store,0.512265,0.492265,0.416104,0.446104,private task,work,work is delayed and debt marker increases,True,True,v58-loop-03201
3202,178,16,river gate,return_tool,Fay,sort herb shelf,0.642557,0.658557,0.199767,0.173767,recover focus,work,trust warms and obligation decreases,True,True,v58-loop-03202
3203,178,17,arrival court,interrupt_work,Milo,map safe route,0.662692,0.642692,0.08052,0.11052,work,negotiate debt,work is delayed and debt marker increases,True,True,v58-loop-03203
3204,179,0,rain court,repair_trust,Sera,fix bridge peg,0.496701,0.512701,0.352084,0.326084,negotiate debt,seek tool,trust warms and obligation decreases,True,True,v58-loop-03204
3205,179,1,fiber loft,move,Tovan,patch cloak,0.340262,0.344262,0.509993,0.507993,seek tool,care duty,position changes but history remains intact,True,True,v58-loop-03205
3206,179,2,west hearth,talk,Nia,repair awning,0.314604,0.334604,0.464492,0.438492,care duty,private task,trust warms and obligation decreases,True,True,v58-loop-03206
3207,179,3,river gate,offer_help,Ari,fix bridge peg,0.49723,0.51323,0.259656,0.233656,private task,recover focus,trust warms and obligation decreases,True,True,v58-loop-03207
3208,179,4,arrival court,borrow_tool,Fay,patch cloak,0.649574,0.629574,0.0939,0.1239,recover focus,rest,work is delayed and debt marker increases,True,False,v58-loop-03208
3209,179,5,tool alcove,return_tool,Milo,repair awning,0.629629,0.645629,0.127782,0.101782,work,rest,trust warms and obligation decreases,True,True,v58-loop-03209
3210,179,6,rain court,interrupt_work,Sera,fix bridge peg,0.479862,0.459862,0.328483,0.358483,rest,seek tool,work is delayed and debt marker increases,True,True,v58-loop-03210
3211,179,7,fiber loft,wait_offscreen,Tovan,patch cloak,0.332136,0.334136,0.501594,0.495594,negotiate debt,seek tool,residents continue without avatar,True,True,v58-loop-03211
3212,179,8,west hearth,repair_trust,Nia,repair awning,0.33434,0.35434,0.479431,0.453431,seek tool,care duty,trust warms and obligation decreases,True,True,v58-loop-03212
3213,179,9,river gate,move,Ari,fix bridge peg,0.516127,0.520127,0.283463,0.281463,care duty,private task,position changes but history remains intact,True,True,v58-loop-03213
3214,179,10,arrival court,talk,Fay,patch cloak,0.661727,0.677727,0.103513,0.077513,private task,recover focus,trust warms and obligation decreases,True,True,v58-loop-03214
3215,179,11,tool alcove,offer_help,Milo,repair awning,0.65261,0.66861,0.11389,0.08789,recover focus,work,trust warms and obligation decreases,True,True,v58-loop-03215
3216,179,12,rain court,borrow_tool,Sera,fix bridge peg,0.474728,0.454728,0.304542,0.334542,work,negotiate debt,work is delayed and debt marker increases,True,False,v58-loop-03216
3217,179,13,fiber loft,return_tool,Tovan,patch cloak,0.347284,0.367284,0.490794,0.464794,rest,negotiate debt,trust warms and obligation decreases,True,True,v58-loop-03217
3218,179,14,west hearth,interrupt_work,Nia,repair awning,0.333092,0.313092,0.492234,0.522234,negotiate debt,care duty,work is delayed and debt marker increases,True,True,v58-loop-03218
3219,179,15,river gate,wait_offscreen,Ari,fix bridge peg,0.500581,0.502581,0.307467,0.301467,seek tool,care duty,residents continue without avatar,True,True,v58-loop-03219
3220,179,16,arrival court,repair_trust,Fay,patch cloak,0.650701,0.666701,0.115467,0.089467,care duty,private task,trust warms and obligation decreases,True,True,v58-loop-03220
3221,179,17,tool alcove,move,Milo,repair awning,0.627486,0.631486,0.102214,0.100214,private task,recover focus,position changes but history remains intact,True,True,v58-loop-03221
3222,180,0,fiber loft,offer_help,Sera,sort herb shelf,0.483558,0.503558,0.451725,0.425725,work,rest,trust warms and obligation decreases,True,True,v58-loop-03222
3223,180,1,west hearth,borrow_tool,Tovan,map safe route,0.317874,0.297874,0.514735,0.544735,rest,seek tool,work is delayed and debt marker increases,True,True,v58-loop-03223
3224,180,2,river gate,return_tool,Nia,dry seed store,0.317181,0.333181,0.369742,0.343742,negotiate debt,seek tool,trust warms and obligation decreases,True,True,v58-loop-03224
3225,180,3,arrival court,interrupt_work,Ari,sort herb shelf,0.513427,0.493427,0.157194,0.187194,seek tool,private task,work is delayed and debt marker increases,True,True,v58-loop-03225
3226,180,4,tool alcove,wait_offscreen,Fay,map safe route,0.67103,0.66903,0.082975,0.076975,care duty,private task,residents continue without avatar,True,True,v58-loop-03226
3227,180,5,rain court,repair_trust,Milo,dry seed store,0.618702,0.634702,0.218976,0.192976,private task,recover focus,trust warms and obligation decreases,True,True,v58-loop-03227
3228,180,6,fiber loft,move,Sera,sort herb shelf,0.482634,0.486634,0.433462,0.431462,recover focus,work,position changes but history remains intact,True,True,v58-loop-03228
3229,180,7,west hearth,talk,Tovan,map safe route,0.329061,0.349061,0.518669,0.492669,work,rest,trust warms and obligation decreases,True,True,v58-loop-03229
3230,180,8,river gate,offer_help,Nia,dry seed store,0.315851,0.331851,0.392064,0.366064,rest,negotiate debt,trust warms and obligation decreases,True,True,v58-loop-03230
3231,180,9,arrival court,borrow_tool,Ari,sort herb shelf,0.540461,0.520461,0.17628,0.20628,negotiate debt,care duty,work is delayed and debt marker increases,True,True,v58-loop-03231
3232,180,10,tool alcove,return_tool,Fay,map safe route,0.657514,0.673514,0.080338,0.054338,seek tool,care duty,trust warms and obligation decreases,True,True,v58-loop-03232
3233,180,11,rain court,interrupt_work,Milo,dry seed store,0.642135,0.622135,0.197171,0.227171,care duty,recover focus,work is delayed and debt marker increases,True,True,v58-loop-03233
3234,180,12,fiber loft,wait_offscreen,Sera,sort herb shelf,0.465951,0.463951,0.413609,0.407609,private task,recover focus,residents continue without avatar,True,True,v58-loop-03234
3235,180,13,west hearth,repair_trust,Tovan,map safe route,0.346204,0.366204,0.52,0.494,recover focus,work,trust warms and obligation decreases,True,True,v58-loop-03235
3236,180,14,river gate,move,Nia,dry seed store,0.318529,0.322529,0.413288,0.411288,work,rest,position changes but history remains intact,True,True,v58-loop-03236
3237,180,15,arrival court,talk,Ari,sort herb shelf,0.512554,0.528554,0.19684,0.17084,rest,negotiate debt,trust warms and obligation decreases,True,True,v58-loop-03237
3238,180,16,tool alcove,offer_help,Fay,map safe route,0.669893,0.685893,0.080318,0.054318,negotiate debt,seek tool,trust warms and obligation decreases,True,True,v58-loop-03238
3239,180,17,rain court,borrow_tool,Milo,dry seed store,0.622153,0.602153,0.17659,0.20659,seek tool,private task,work is delayed and debt marker increases,True,True,v58-loop-03239
3240,181,0,west hearth,interrupt_work,Sera,patch cloak,0.451872,0.431872,0.510953,0.540953,private task,work,work is delayed and debt marker increases,True,False,v58-loop-03240
3241,181,1,river gate,wait_offscreen,Tovan,repair awning,0.325831,0.327831,0.462282,0.456282,recover focus,work,residents continue without avatar,True,True,v58-loop-03241
3242,181,2,arrival court,repair_trust,Nia,fix bridge peg,0.329994,0.345994,0.256417,0.230417,work,rest,trust warms and obligation decreases,True,True,v58-loop-03242
3243,181,3,tool alcove,move,Ari,patch cloak,0.546428,0.550428,0.092769,0.090769,rest,negotiate debt,position changes but history remains intact,True,True,v58-loop-03243
3244,181,4,rain court,talk,Fay,repair awning,0.665034,0.681034,0.129855,0.103855,negotiate debt,seek tool,trust warms and obligation decreases,True,True,v58-loop-03244
3245,181,5,fiber loft,offer_help,Milo,fix bridge peg,0.625542,0.641542,0.331752,0.305752,seek tool,care duty,trust warms and obligation decreases,True,True,v58-loop-03245
3246,181,6,west hearth,borrow_tool,Sera,patch cloak,0.458067,0.438067,0.502893,0.532893,care duty,recover focus,work is delayed and debt marker increases,True,True,v58-loop-03246
3247,181,7,river gate,return_tool,Tovan,repair awning,0.32989,0.34989,0.477502,0.451502,private task,recover focus,trust warms and obligation decreases,True,True,v58-loop-03247
3248,181,8,arrival court,interrupt_work,Nia,fix bridge peg,0.34756,0.32756,0.280174,0.310174,recover focus,rest,work is delayed and debt marker increases,True,False,v58-loop-03248
3249,181,9,tool alcove,wait_offscreen,Ari,patch cloak,0.526335,0.528335,0.102051,0.096051,work,rest,residents continue without avatar,True,True,v58-loop-03249
3250,181,10,rain court,repair_trust,Fay,repair awning,0.653693,0.669693,0.11567,0.08967,rest,negotiate debt,trust warms and obligation decreases,True,True,v58-loop-03250
3251,181,11,fiber loft,move,Milo,fix bridge peg,0.638445,0.642445,0.30784,0.30584,negotiate debt,seek tool,position changes but history remains intact,True,True,v58-loop-03251
3252,181,12,west hearth,talk,Sera,patch cloak,0.445586,0.465586,0.492416,0.466416,seek tool,care duty,trust warms and obligation decreases,True,True,v58-loop-03252
3253,181,13,river gate,offer_help,Tovan,repair awning,0.331145,0.351145,0.490608,0.464608,care duty,private task,trust warms and obligation decreases,True,True,v58-loop-03253
3254,181,14,arrival court,borrow_tool,Nia,fix bridge peg,0.344942,0.324942,0.304168,0.334168,private task,work,work is delayed and debt marker increases,True,True,v58-loop-03254
3255,181,15,tool alcove,return_tool,Ari,patch cloak,0.531806,0.547806,0.113691,0.087691,recover focus,work,trust warms and obligation decreases,True,True,v58-loop-03255
3256,181,16,rain court,interrupt_work,Fay,repair awning,0.66354,0.64354,0.103682,0.133682,work,negotiate debt,work is delayed and debt marker increases,True,False,v58-loop-03256
3257,181,17,fiber loft,wait_offscreen,Milo,fix bridge peg,0.628626,0.630626,0.283836,0.277836,rest,negotiate debt,residents continue without avatar,True,True,v58-loop-03257
3258,182,0,river gate,move,Sera,map safe route,0.463116,0.467116,0.513993,0.511993,seek tool,care duty,position changes but history remains intact,True,True,v58-loop-03258
3259,182,1,arrival court,talk,Tovan,dry seed store,0.316379,0.332379,0.366605,0.340605,care duty,private task,trust warms and obligation decreases,True,True,v58-loop-03259
3260,182,2,tool alcove,offer_help,Nia,sort herb shelf,0.343753,0.359753,0.1547,0.1287,private task,recover focus,trust warms and obligation decreases,True,True,v58-loop-03260
3261,182,3,rain court,borrow_tool,Ari,map safe route,0.533523,0.513523,0.08354,0.11354,recover focus,rest,work is delayed and debt marker increases,True,True,v58-loop-03261
3262,182,4,fiber loft,return_tool,Fay,dry seed store,0.651401,0.667401,0.222053,0.196053,work,rest,trust warms and obligation decreases,True,True,v58-loop-03262
3263,182,5,west hearth,interrupt_work,Milo,sort herb shelf,0.628132,0.608132,0.43607,0.46607,rest,seek tool,work is delayed and debt marker increases,True,True,v58-loop-03263
3264,182,6,river gate,wait_offscreen,Sera,map safe route,0.449842,0.447842,0.518283,0.512283,negotiate debt,seek tool,residents continue without avatar,True,True,v58-loop-03264
3265,182,7,arrival court,repair_trust,Tovan,dry seed store,0.335146,0.351146,0.389056,0.363056,seek tool,care duty,trust warms and obligation decreases,True,True,v58-loop-03265
3266,182,8,tool alcove,move,Nia,sort herb shelf,0.330071,0.334071,0.173566,0.171566,care duty,private task,position changes but history remains intact,True,True,v58-loop-03266
3267,182,9,rain court,talk,Ari,map safe route,0.534306,0.550306,0.080546,0.054546,private task,recover focus,trust warms and obligation decreases,True,True,v58-loop-03267
3268,182,10,fiber loft,offer_help,Fay,dry seed store,0.675104,0.691104,0.2001,0.1741,recover focus,work,trust warms and obligation decreases,True,True,v58-loop-03268
3269,182,11,west hearth,borrow_tool,Milo,sort herb shelf,0.628052,0.608052,0.416422,0.446422,work,negotiate debt,work is delayed and debt marker increases,True,True,v58-loop-03269
3270,182,12,river gate,return_tool,Sera,map safe route,0.464743,0.484743,0.519972,0.493972,rest,negotiate debt,trust warms and obligation decreases,True,True,v58-loop-03270
3271,182,13,arrival court,interrupt_work,Tovan,dry seed store,0.331027,0.311027,0.410447,0.440447,negotiate debt,care duty,work is delayed and debt marker increases,True,True,v58-loop-03271
3272,182,14,tool alcove,wait_offscreen,Nia,sort herb shelf,0.334883,0.332883,0.193937,0.187937,seek tool,care duty,residents continue without avatar,True,True,v58-loop-03272
3273,182,15,rain court,repair_trust,Ari,map safe route,0.557653,0.573653,0.080165,0.054165,care duty,private task,trust warms and obligation decreases,True,True,v58-loop-03273
3274,182,16,fiber loft,move,Fay,dry seed store,0.662802,0.666802,0.179336,0.177336,private task,recover focus,position changes but history remains intact,True,True,v58-loop-03274
3275,182,17,west hearth,talk,Milo,sort herb shelf,0.61868,0.63468,0.395387,0.369387,recover focus,work,trust warms and obligation decreases,True,True,v58-loop-03275
3276,183,0,arrival court,borrow_tool,Sera,repair awning,0.437284,0.417284,0.460036,0.490036,rest,seek tool,work is delayed and debt marker increases,True,False,v58-loop-03276
3277,183,1,tool alcove,return_tool,Tovan,fix bridge peg,0.316999,0.332999,0.253187,0.227187,negotiate debt,seek tool,trust warms and obligation decreases,True,True,v58-loop-03277
3278,183,2,rain court,interrupt_work,Nia,patch cloak,0.34656,0.32656,0.091684,0.121684,seek tool,private task,work is delayed and debt marker increases,True,True,v58-loop-03278
3279,183,3,fiber loft,wait_offscreen,Ari,repair awning,0.551291,0.553291,0.131966,0.125966,care duty,private task,residents continue without avatar,True,True,v58-loop-03279
3280,183,4,west hearth,repair_trust,Fay,fix bridge peg,0.669058,0.685058,0.335013,0.309013,private task,recover focus,trust warms and obligation decreases,True,True,v58-loop-03280
3281,183,5,river gate,move,Milo,patch cloak,0.621055,0.625055,0.504145,0.502145,recover focus,work,position changes but history remains intact,True,True,v58-loop-03281
3282,183,6,arrival court,talk,Sera,repair awning,0.438566,0.458566,0.475532,0.449532,work,rest,trust warms and obligation decreases,True,True,v58-loop-03282
3283,183,7,tool alcove,offer_help,Tovan,fix bridge peg,0.321801,0.337801,0.27689,0.25089,rest,negotiate debt,trust warms and obligation decreases,True,True,v58-loop-03283
3284,183,8,rain court,borrow_tool,Nia,patch cloak,0.361566,0.341566,0.100633,0.130633,negotiate debt,care duty,work is delayed and debt marker increases,True,False,v58-loop-03284
3285,183,9,fiber loft,return_tool,Ari,repair awning,0.569005,0.585005,0.117493,0.091493,seek tool,care duty,trust warms and obligation decreases,True,True,v58-loop-03285
3286,183,10,west hearth,interrupt_work,Fay,fix bridge peg,0.666296,0.646296,0.311137,0.341137,care duty,recover focus,work is delayed and debt marker increases,True,True,v58-loop-03286
3287,183,11,river gate,wait_offscreen,Milo,patch cloak,0.598828,0.600828,0.493994,0.487994,private task,recover focus,residents continue without avatar,True,True,v58-loop-03287
3288,183,12,arrival court,repair_trust,Sera,repair awning,0.449899,0.469899,0.488939,0.462939,recover focus,work,trust warms and obligation decreases,True,True,v58-loop-03288
3289,183,13,tool alcove,move,Tovan,fix bridge peg,0.322515,0.326515,0.300868,0.298868,work,rest,position changes but history remains intact,True,True,v58-loop-03289
3290,183,14,rain court,talk,Nia,patch cloak,0.362171,0.378171,0.111957,0.085957,rest,negotiate debt,trust warms and obligation decreases,True,True,v58-loop-03290
3291,183,15,fiber loft,offer_help,Ari,repair awning,0.54799,0.56399,0.105193,0.079193,negotiate debt,seek tool,trust warms and obligation decreases,True,True,v58-loop-03291
3292,183,16,west hearth,borrow_tool,Fay,fix bridge peg,0.657083,0.637083,0.287129,0.317129,seek tool,private task,work is delayed and debt marker increases,True,False,v58-loop-03292
3293,183,17,river gate,return_tool,Milo,patch cloak,0.604217,0.624217,0.481532,0.455532,care duty,private task,trust warms and obligation decreases,True,True,v58-loop-03293
3294,184,0,tool alcove,wait_offscreen,Sera,dry seed store,0.412839,0.410839,0.363452,0.357452,recover focus,work,residents continue without avatar,True,True,v58-loop-03294
3295,184,1,rain court,repair_trust,Tovan,sort herb shelf,0.316221,0.332221,0.152239,0.126239,work,rest,trust warms and obligation decreases,True,True,v58-loop-03295
3296,184,2,fiber loft,move,Nia,map safe route,0.345141,0.349141,0.084154,0.082154,rest,negotiate debt,position changes but history remains intact,True,True,v58-loop-03296
3297,184,3,west hearth,talk,Ari,dry seed store,0.570389,0.586389,0.225148,0.199148,negotiate debt,seek tool,trust warms and obligation decreases,True,True,v58-loop-03297
3298,184,4,river gate,offer_help,Fay,sort herb shelf,0.661769,0.681769,0.438648,0.412648,seek tool,care duty,trust warms and obligation decreases,True,True,v58-loop-03298
3299,184,5,arrival court,borrow_tool,Milo,map safe route,0.595827,0.575827,0.517846,0.547846,care duty,recover focus,work is delayed and debt marker increases,True,True,v58-loop-03299
3300,184,6,tool alcove,return_tool,Sera,dry seed store,0.43175,0.44775,0.386029,0.360029,private task,recover focus,trust warms and obligation decreases,True,True,v58-loop-03300
3301,184,7,rain court,interrupt_work,Tovan,sort herb shelf,0.320465,0.300465,0.17088,0.20088,recover focus,rest,work is delayed and debt marker increases,True,True,v58-loop-03301
3302,184,8,fiber loft,wait_offscreen,Nia,map safe route,0.354347,0.352347,0.080803,0.074803,work,rest,residents continue without avatar,True,True,v58-loop-03302
3303,184,9,west hearth,repair_trust,Ari,dry seed store,0.586954,0.602954,0.203051,0.177051,rest,negotiate debt,trust warms and obligation decreases,True,True,v58-loop-03303
3304,184,10,river gate,move,Fay,sort herb shelf,0.658512,0.662512,0.419209,0.417209,negotiate debt,seek tool,position changes but history remains intact,True,True,v58-loop-03304
3305,184,11,arrival court,talk,Milo,map safe route,0.585099,0.605099,0.519895,0.493895,seek tool,care duty,trust warms and obligation decreases,True,True,v58-loop-03305
3306,184,12,tool alcove,offer_help,Sera,dry seed store,0.441146,0.461146,0.407581,0.381581,care duty,private task,trust warms and obligation decreases,True,True,v58-loop-03306
3307,184,13,rain court,borrow_tool,Tovan,sort herb shelf,0.322173,0.302173,0.191058,0.221058,private task,work,work is delayed and debt marker increases,True,True,v58-loop-03307
3308,184,14,fiber loft,return_tool,Nia,map safe route,0.373543,0.389543,0.080062,0.054062,recover focus,work,trust warms and obligation decreases,True,True,v58-loop-03308
3309,184,15,west hearth,interrupt_work,Ari,dry seed store,0.575205,0.555205,0.182108,0.212108,work,negotiate debt,work is delayed and debt marker increases,True,True,v58-loop-03309
3310,184,16,river gate,wait_offscreen,Fay,sort herb shelf,0.660697,0.658697,0.39835,0.39235,rest,negotiate debt,residents continue without avatar,True,True,v58-loop-03310
3311,184,17,arrival court,repair_trust,Milo,map safe route,0.600444,0.620444,0.519325,0.493325,negotiate debt,seek tool,trust warms and obligation decreases,True,True,v58-loop-03311
3312,185,0,rain court,talk,Sera,fix bridge peg,0.422121,0.438121,0.249968,0.223968,care duty,private task,trust warms and obligation decreases,True,True,v58-loop-03312
3313,185,1,fiber loft,offer_help,Tovan,patch cloak,0.326058,0.342058,0.090646,0.064646,private task,recover focus,trust warms and obligation decreases,True,True,v58-loop-03313
3314,185,2,west hearth,borrow_tool,Nia,repair awning,0.358726,0.338726,0.134114,0.164114,recover focus,rest,work is delayed and debt marker increases,True,True,v58-loop-03314
3315,185,3,river gate,return_tool,Ari,fix bridge peg,0.582177,0.598177,0.338267,0.312267,work,rest,trust warms and obligation decreases,True,True,v58-loop-03315
3316,185,4,arrival court,interrupt_work,Fay,patch cloak,0.665379,0.645379,0.505353,0.535353,rest,seek tool,work is delayed and debt marker increases,True,False,v58-loop-03316
3317,185,5,tool alcove,wait_offscreen,Milo,repair awning,0.575647,0.577647,0.473523,0.467523,negotiate debt,seek tool,residents continue without avatar,True,True,v58-loop-03317
3318,185,6,rain court,repair_trust,Sera,fix bridge peg,0.402583,0.418583,0.273611,0.247611,seek tool,care duty,trust warms and obligation decreases,True,True,v58-loop-03318
3319,185,7,fiber loft,move,Tovan,patch cloak,0.323349,0.327349,0.09926,0.09726,care duty,private task,position changes but history remains intact,True,True,v58-loop-03319
3320,185,8,west hearth,talk,Nia,repair awning,0.386049,0.402049,0.119356,0.093356,private task,recover focus,trust warms and obligation decreases,True,True,v58-loop-03320
3321,185,9,river gate,offer_help,Ari,fix bridge peg,0.573505,0.589505,0.314432,0.288432,recover focus,work,trust warms and obligation decreases,True,True,v58-loop-03321
3322,185,10,arrival court,borrow_tool,Fay,patch cloak,0.676744,0.656744,0.495529,0.525529,work,negotiate debt,work is delayed and debt marker increases,True,True,v58-loop-03322
3323,185,11,tool alcove,return_tool,Milo,repair awning,0.587195,0.607195,0.487227,0.461227,rest,negotiate debt,trust warms and obligation decreases,True,True,v58-loop-03323
3324,185,12,rain court,interrupt_work,Sera,fix bridge peg,0.424475,0.404475,0.297568,0.327568,negotiate debt,care duty,work is delayed and debt marker increases,True,False,v58-loop-03324
3325,185,13,fiber loft,wait_offscreen,Tovan,patch cloak,0.308853,0.310853,0.110265,0.104265,seek tool,care duty,residents continue without avatar,True,True,v58-loop-03325
3326,185,14,west hearth,repair_trust,Nia,repair awning,0.368863,0.384863,0.106748,0.080748,care duty,private task,trust warms and obligation decreases,True,True,v58-loop-03326
3327,185,15,river gate,move,Ari,fix bridge peg,0.591387,0.595387,0.290424,0.288424,private task,recover focus,position changes but history remains intact,True,True,v58-loop-03327
3328,185,16,arrival court,talk,Fay,patch cloak,0.676722,0.696722,0.483376,0.457376,recover focus,work,trust warms and obligation decreases,True,True,v58-loop-03328
3329,185,17,tool alcove,offer_help,Milo,repair awning,0.574801,0.594801,0.498701,0.472701,work,rest,trust warms and obligation decreases,True,True,v58-loop-03329
3330,186,0,fiber loft,return_tool,Sera,sort herb shelf,0.403383,0.419383,0.14981,0.12381,negotiate debt,seek tool,trust warms and obligation decreases,True,True,v58-loop-03330
3331,186,1,west hearth,interrupt_work,Tovan,map safe route,0.292654,0.272654,0.084816,0.114816,seek tool,private task,work is delayed and debt marker increases,True,True,v58-loop-03331
3332,186,2,river gate,wait_offscreen,Nia,dry seed store,0.370656,0.368656,0.228259,0.222259,care duty,private task,residents continue without avatar,True,True,v58-loop-03332
3333,186,3,arrival court,repair_trust,Ari,sort herb shelf,0.57775,0.59775,0.441194,0.415194,private task,recover focus,trust warms and obligation decreases,True,True,v58-loop-03333
3334,186,4,tool alcove,move,Fay,map safe route,0.679368,0.683368,0.517361,0.515361,recover focus,work,position changes but history remains intact,True,True,v58-loop-03334
3335,186,5,rain court,talk,Milo,dry seed store,0.575407,0.591407,0.382982,0.356982,work,rest,trust warms and obligation decreases,True,True,v58-loop-03335
3336,186,6,fiber loft,offer_help,Sera,sort herb shelf,0.400675,0.416675,0.168222,0.142222,rest,negotiate debt,trust warms and obligation decreases,True,True,v58-loop-03336
3337,186,7,west hearth,borrow_tool,Tovan,map safe route,0.31787,0.29787,0.081109,0.111109,negotiate debt,care duty,work is delayed and debt marker increases,True,True,v58-loop-03337
3338,186,8,river gate,return_tool,Nia,dry seed store,0.38123,0.39723,0.206024,0.180024,seek tool,care duty,trust warms and obligation decreases,True,True,v58-loop-03338
3339,186,9,arrival court,interrupt_work,Ari,sort herb shelf,0.59156,0.57156,0.421969,0.451969,care duty,recover focus,work is delayed and debt marker increases,True,True,v58-loop-03339
3340,186,10,tool alcove,wait_offscreen,Fay,map safe route,0.675221,0.673221,0.519769,0.513769,private task,recover focus,residents continue without avatar,True,True,v58-loop-03340
3341,186,11,rain court,repair_trust,Milo,dry seed store,0.562543,0.582543,0.40469,0.37869,recover focus,work,trust warms and obligation decreases,True,True,v58-loop-03341
3342,186,12,fiber loft,move,Sera,sort herb shelf,0.418123,0.422123,0.188204,0.186204,work,rest,position changes but history remains intact,True,True,v58-loop-03342
3343,186,13,west hearth,talk,Tovan,map safe route,0.309061,0.325061,0.080008,0.054008,rest,negotiate debt,trust warms and obligation decreases,True,True,v58-loop-03343
3344,186,14,river gate,offer_help,Nia,dry seed store,0.370291,0.386291,0.184908,0.158908,negotiate debt,seek tool,trust warms and obligation decreases,True,True,v58-loop-03344
3345,186,15,arrival court,borrow_tool,Ari,sort herb shelf,0.588113,0.568113,0.401291,0.431291,seek tool,private task,work is delayed and debt marker increases,True,True,v58-loop-03345
3346,186,16,tool alcove,return_tool,Fay,map safe route,0.674742,0.694742,0.519559,0.493559,care duty,private task,trust warms and obligation decreases,True,True,v58-loop-03346
3347,186,17,rain court,interrupt_work,Milo,dry seed store,0.564825,0.544825,0.425152,0.455152,private task,work,work is delayed and debt marker increases,True,True,v58-loop-03347
3348,187,0,west hearth,repair_trust,Sera,patch cloak,0.396846,0.412846,0.089656,0.063656,work,rest,trust warms and obligation decreases,True,True,v58-loop-03348
3349,187,1,river gate,move,Tovan,repair awning,0.323538,0.327538,0.136301,0.134301,rest,negotiate debt,position changes but history remains intact,True,True,v58-loop-03349
3350,187,2,arrival court,talk,Nia,fix bridge peg,0.385858,0.401858,0.341513,0.315513,negotiate debt,seek tool,trust warms and obligation decreases,True,True,v58-loop-03350
3351,187,3,tool alcove,offer_help,Ari,patch cloak,0.608423,0.628423,0.506513,0.480513,seek tool,care duty,trust warms and obligation decreases,True,True,v58-loop-03351
3352,187,4,rain court,borrow_tool,Fay,repair awning,0.648602,0.628602,0.471475,0.501475,care duty,recover focus,work is delayed and debt marker increases,True,False,v58-loop-03352
3353,187,5,fiber loft,return_tool,Milo,fix bridge peg,0.566762,0.582762,0.270338,0.244338,private task,recover focus,trust warms and obligation decreases,True,True,v58-loop-03353
3354,187,6,west hearth,interrupt_work,Sera,patch cloak,0.394054,0.374054,0.097933,0.127933,recover focus,rest,work is delayed and debt marker increases,True,True,v58-loop-03354
3355,187,7,river gate,wait_offscreen,Tovan,repair awning,0.323108,0.325108,0.121259,0.115259,work,rest,residents continue without avatar,True,True,v58-loop-03355
3356,187,8,arrival court,repair_trust,Nia,fix bridge peg,0.406376,0.422376,0.317723,0.291723,rest,negotiate debt,trust warms and obligation decreases,True,True,v58-loop-03356
3357,187,9,tool alcove,move,Ari,patch cloak,0.592244,0.596244,0.497019,0.495019,negotiate debt,seek tool,position changes but history remains intact,True,True,v58-loop-03357
3358,187,10,rain court,talk,Fay,repair awning,0.681969,0.701969,0.485473,0.459473,seek tool,care duty,trust warms and obligation decreases,True,True,v58-loop-03358
3359,187,11,fiber loft,offer_help,Milo,fix bridge peg,0.560443,0.576443,0.294269,0.268269,care duty,private task,trust warms and obligation decreases,True,True,v58-loop-03359
3360,187,12,west hearth,borrow_tool,Sera,patch cloak,0.402359,0.382359,0.108616,0.138616,private task,work,work is delayed and debt marker increases,True,False,v58-loop-03360
3361,187,13,river gate,return_tool,Tovan,repair awning,0.299913,0.315913,0.108347,0.082347,recover focus,work,trust warms and obligation decreases,True,True,v58-loop-03361
3362,187,14,arrival court,interrupt_work,Nia,fix bridge peg,0.386826,0.366826,0.293722,0.323722,work,negotiate debt,work is delayed and debt marker increases,True,True,v58-loop-03362
3363,187,15,tool alcove,wait_offscreen,Ari,patch cloak,0.61884,0.62084,0.485178,0.479178,rest,negotiate debt,residents continue without avatar,True,True,v58-loop-03363
3364,187,16,rain court,repair_trust,Fay,repair awning,0.652846,0.672846,0.497262,0.471262,negotiate debt,seek tool,trust warms and obligation decreases,True,True,v58-loop-03364
3365,187,17,fiber loft,move,Milo,fix bridge peg,0.559407,0.563407,0.318268,0.316268,seek tool,care duty,position changes but history remains intact,True,True,v58-loop-03365
3366,188,0,river gate,offer_help,Sera,map safe route,0.373831,0.389831,0.085527,0.059527,private task,recover focus,trust warms and obligation decreases,True,True,v58-loop-03366
3367,188,1,arrival court,borrow_tool,Tovan,dry seed store,0.315182,0.295182,0.231387,0.261387,recover focus,rest,work is delayed and debt marker increases,True,True,v58-loop-03367
3368,188,2,tool alcove,return_tool,Nia,sort herb shelf,0.406281,0.426281,0.443709,0.417709,work,rest,trust warms and obligation decreases,True,True,v58-loop-03368
3369,188,3,rain court,interrupt_work,Ari,map safe route,0.608765,0.588765,0.516827,0.546827,rest,seek tool,work is delayed and debt marker increases,True,True,v58-loop-03369
3370,188,4,fiber loft,wait_offscreen,Fay,dry seed store,0.679806,0.677806,0.379917,0.373917,negotiate debt,seek tool,residents continue without avatar,True,True,v58-loop-03370
3371,188,5,west hearth,repair_trust,Milo,sort herb shelf,0.535281,0.551281,0.165595,0.139595,seek tool,care duty,trust warms and obligation decreases,True,True,v58-loop-03371
3372,188,6,river gate,move,Sera,map safe route,0.386918,0.390918,0.081464,0.079464,care duty,private task,position changes but history remains intact,True,True,v58-loop-03372
3373,188,7,arrival court,talk,Tovan,dry seed store,0.293692,0.309692,0.209018,0.183018,private task,recover focus,trust warms and obligation decreases,True,True,v58-loop-03373
3374,188,8,tool alcove,offer_help,Nia,sort herb shelf,0.408218,0.428218,0.424701,0.398701,recover focus,work,trust warms and obligation decreases,True,True,v58-loop-03374
3375,188,9,rain court,borrow_tool,Ari,map safe route,0.598826,0.578826,0.519593,0.549593,work,negotiate debt,work is delayed and debt marker increases,True,True,v58-loop-03375
3376,188,10,fiber loft,return_tool,Fay,dry seed store,0.656054,0.676054,0.401776,0.375776,rest,negotiate debt,trust warms and obligation decreases,True,True,v58-loop-03376
3377,188,11,west hearth,interrupt_work,Milo,sort herb shelf,0.535042,0.515042,0.185374,0.215374,negotiate debt,care duty,work is delayed and debt marker increases,True,True,v58-loop-03377
3378,188,12,river gate,wait_offscreen,Sera,map safe route,0.374778,0.372778,0.080004,0.074004,seek tool,care duty,residents continue without avatar,True,True,v58-loop-03378
3379,188,13,arrival court,repair_trust,Tovan,dry seed store,0.316233,0.332233,0.187733,0.161733,care duty,private task,trust warms and obligation decreases,True,True,v58-loop-03379
3380,188,14,tool alcove,move,Nia,sort herb shelf,0.399692,0.403692,0.404209,0.402209,private task,recover focus,position changes but history remains intact,True,True,v58-loop-03380
3381,188,15,rain court,talk,Ari,map safe route,0.631407,0.651407,0.519743,0.493743,recover focus,work,trust warms and obligation decreases,True,True,v58-loop-03381
3382,188,16,fiber loft,offer_help,Fay,dry seed store,0.676671,0.696671,0.422424,0.396424,work,rest,trust warms and obligation decreases,True,True,v58-loop-03382
3383,188,17,west hearth,borrow_tool,Milo,sort herb shelf,0.543159,0.523159,0.206519,0.236519,rest,seek tool,work is delayed and debt marker increases,True,True,v58-loop-03383
3384,189,0,arrival court,interrupt_work,Sera,repair awning,0.374598,0.354598,0.138524,0.168524,seek tool,private task,work is delayed and debt marker increases,True,False,v58-loop-03384
3385,189,1,tool alcove,wait_offscreen,Tovan,fix bridge peg,0.322326,0.324326,0.344748,0.338748,care duty,private task,residents continue without avatar,True,True,v58-loop-03385
3386,189,2,rain court,repair_trust,Nia,patch cloak,0.42605,0.44605,0.507628,0.481628,private task,recover focus,trust warms and obligation decreases,True,True,v58-loop-03386
3387,189,3,fiber loft,move,Ari,repair awning,0.6324,0.6364,0.469389,0.467389,recover focus,work,position changes but history remains intact,True,True,v58-loop-03387
3388,189,4,west hearth,talk,Fay,fix bridge peg,0.661221,0.677221,0.267072,0.241072,work,rest,trust warms and obligation decreases,True,True,v58-loop-03388
3389,189,5,river gate,offer_help,Milo,patch cloak,0.531278,0.547278,0.096651,0.070651,rest,negotiate debt,trust warms and obligation decreases,True,True,v58-loop-03389
3390,189,6,arrival court,borrow_tool,Sera,repair awning,0.382716,0.362716,0.123203,0.153203,negotiate debt,care duty,work is delayed and debt marker increases,True,True,v58-loop-03390
3391,189,7,tool alcove,return_tool,Tovan,fix bridge peg,0.301491,0.317491,0.32101,0.29501,seek tool,care duty,trust warms and obligation decreases,True,True,v58-loop-03391
3392,189,8,rain court,interrupt_work,Nia,patch cloak,0.412962,0.392962,0.498465,0.528465,care duty,recover focus,work is delayed and debt marker increases,True,False,v58-loop-03392
3393,189,9,fiber loft,wait_offscreen,Ari,repair awning,0.639873,0.641873,0.483677,0.477677,private task,recover focus,residents continue without avatar,True,True,v58-loop-03393
3394,189,10,west hearth,repair_trust,Fay,fix bridge peg,0.662056,0.678056,0.290971,0.264971,recover focus,work,trust warms and obligation decreases,True,True,v58-loop-03394
3395,189,11,river gate,move,Milo,patch cloak,0.5254,0.5294,0.10701,0.10501,work,rest,position changes but history remains intact,True,True,v58-loop-03395
3396,189,12,arrival court,talk,Sera,repair awning,0.365503,0.381503,0.109989,0.083989,rest,negotiate debt,trust warms and obligation decreases,True,True,v58-loop-03396
3397,189,13,tool alcove,offer_help,Tovan,fix bridge peg,0.30866,0.32466,0.297021,0.271021,negotiate debt,seek tool,trust warms and obligation decreases,True,True,v58-loop-03397
3398,189,14,rain court,borrow_tool,Nia,patch cloak,0.428799,0.408799,0.486939,0.516939,seek tool,private task,work is delayed and debt marker increases,True,True,v58-loop-03398
3399,189,15,fiber loft,return_tool,Ari,repair awning,0.614705,0.634705,0.495779,0.469779,care duty,private task,trust warms and obligation decreases,True,True,v58-loop-03399
3400,189,16,west hearth,interrupt_work,Fay,fix bridge peg,0.647819,0.627819,0.314977,0.344977,private task,work,work is delayed and debt marker increases,True,False,v58-loop-03400
3401,189,17,river gate,wait_offscreen,Milo,patch cloak,0.552408,0.554408,0.119668,0.113668,recover focus,work,residents continue without avatar,True,True,v58-loop-03401
3402,190,0,tool alcove,move,Sera,dry seed store,0.355268,0.359268,0.23453,0.23253,rest,negotiate debt,position changes but history remains intact,True,True,v58-loop-03402
3403,190,1,rain court,talk,Tovan,sort herb shelf,0.300914,0.320914,0.446191,0.420191,negotiate debt,seek tool,trust warms and obligation decreases,True,True,v58-loop-03403
3404,190,2,fiber loft,offer_help,Nia,map safe route,0.421627,0.441627,0.516245,0.490245,seek tool,care duty,trust warms and obligation decreases,True,True,v58-loop-03404
3405,190,3,west hearth,borrow_tool,Ari,dry seed store,0.628199,0.608199,0.376833,0.406833,care duty,recover focus,work is delayed and debt marker increases,True,True,v58-loop-03405
3406,190,4,river gate,return_tool,Fay,sort herb shelf,0.647158,0.663158,0.162997,0.136997,private task,recover focus,trust warms and obligation decreases,True,True,v58-loop-03406
3407,190,5,arrival court,interrupt_work,Milo,map safe route,0.530209,0.510209,0.081869,0.111869,recover focus,rest,work is delayed and debt marker increases,True,True,v58-loop-03407
3408,190,6,tool alcove,wait_offscreen,Sera,dry seed store,0.36732,0.36532,0.212033,0.206033,work,rest,residents continue without avatar,True,True,v58-loop-03408
3409,190,7,rain court,repair_trust,Tovan,sort herb shelf,0.318845,0.338845,0.427406,0.401406,rest,negotiate debt,trust warms and obligation decreases,True,True,v58-loop-03409
3410,190,8,fiber loft,move,Nia,map safe route,0.429767,0.433767,0.519367,0.517367,negotiate debt,seek tool,position changes but history remains intact,True,True,v58-loop-03410
3411,190,9,west hearth,talk,Ari,dry seed store,0.648233,0.664233,0.398839,0.372839,seek tool,care duty,trust warms and obligation decreases,True,True,v58-loop-03411
3412,190,10,river gate,offer_help,Fay,sort herb shelf,0.66094,0.67694,0.18257,0.15657,care duty,private task,trust warms and obligation decreases,True,True,v58-loop-03412
3413,190,11,arrival court,borrow_tool,Milo,map safe route,0.542247,0.522247,0.08005,0.11005,private task,work,work is delayed and debt marker increases,True,True,v58-loop-03413
3414,190,12,tool alcove,return_tool,Sera,dry seed store,0.372977,0.388977,0.190583,0.164583,recover focus,work,trust warms and obligation decreases,True,True,v58-loop-03414
3415,190,13,rain court,interrupt_work,Tovan,sort herb shelf,0.308182,0.288182,0.407103,0.437103,work,negotiate debt,work is delayed and debt marker increases,True,True,v58-loop-03415
3416,190,14,fiber loft,wait_offscreen,Nia,map safe route,0.437275,0.435275,0.519878,0.513878,rest,negotiate debt,residents continue without avatar,True,True,v58-loop-03416
3417,190,15,west hearth,repair_trust,Ari,dry seed store,0.637949,0.657949,0.419668,0.393668,negotiate debt,seek tool,trust warms and obligation decreases,True,True,v58-loop-03417
3418,190,16,river gate,move,Fay,sort herb shelf,0.664275,0.668275,0.203542,0.201542,seek tool,care duty,position changes but history remains intact,True,True,v58-loop-03418
3419,190,17,arrival court,talk,Milo,map safe route,0.530181,0.546181,0.08085,0.05485,care duty,private task,trust warms and obligation decreases,True,True,v58-loop-03419
3420,191,0,rain court,borrow_tool,Sera,fix bridge peg,0.354186,0.334186,0.347974,0.377974,recover focus,rest,work is delayed and debt marker increases,True,False,v58-loop-03420
3421,191,1,fiber loft,return_tool,Tovan,patch cloak,0.302396,0.322396,0.508695,0.482695,work,rest,trust warms and obligation decreases,True,True,v58-loop-03421
3422,191,2,west hearth,interrupt_work,Nia,repair awning,0.438325,0.418325,0.467264,0.497264,rest,seek tool,work is delayed and debt marker increases,True,True,v58-loop-03422
3423,191,3,river gate,wait_offscreen,Ari,fix bridge peg,0.655558,0.657558,0.263813,0.257813,negotiate debt,seek tool,residents continue without avatar,True,True,v58-loop-03423
3424,191,4,arrival court,repair_trust,Fay,patch cloak,0.655984,0.671984,0.095414,0.069414,seek tool,care duty,trust warms and obligation decreases,True,True,v58-loop-03424
3425,191,5,tool alcove,move,Milo,repair awning,0.520406,0.524406,0.125187,0.123187,care duty,private task,position changes but history remains intact,True,True,v58-loop-03425
3426,191,6,rain court,talk,Sera,fix bridge peg,0.3542,0.3702,0.324293,0.298293,private task,recover focus,trust warms and obligation decreases,True,True,v58-loop-03426
3427,191,7,fiber loft,offer_help,Tovan,patch cloak,0.319444,0.339444,0.499867,0.473867,recover focus,work,trust warms and obligation decreases,True,True,v58-loop-03427
3428,191,8,west hearth,borrow_tool,Nia,repair awning,0.43999,0.41999,0.481841,0.511841,work,negotiate debt,work is delayed and debt marker increases,True,False,v58-loop-03428
3429,191,9,river gate,return_tool,Ari,fix bridge peg,0.622979,0.638979,0.287675,0.261675,rest,negotiate debt,trust warms and obligation decreases,True,True,v58-loop-03429
3430,191,10,arrival court,interrupt_work,Fay,patch cloak,0.635074,0.615074,0.105448,0.135448,negotiate debt,care duty,work is delayed and debt marker increases,True,True,v58-loop-03430
3431,191,11,tool alcove,wait_offscreen,Milo,repair awning,0.511564,0.513564,0.111674,0.105674,seek tool,care duty,residents continue without avatar,True,True,v58-loop-03431
3432,191,12,rain court,repair_trust,Sera,fix bridge peg,0.345031,0.361031,0.300321,0.274321,care duty,private task,trust warms and obligation decreases,True,True,v58-loop-03432
3433,191,13,fiber loft,move,Tovan,patch cloak,0.331109,0.335109,0.488658,0.486658,private task,recover focus,position changes but history remains intact,True,True,v58-loop-03433
3434,191,14,west hearth,talk,Nia,repair awning,0.446759,0.466759,0.494251,0.468251,recover focus,work,trust warms and obligation decreases,True,True,v58-loop-03434
3435,191,15,river gate,offer_help,Ari,fix bridge peg,0.64435,0.66035,0.311684,0.285684,work,rest,trust warms and obligation decreases,True,True,v58-loop-03435
3436,191,16,arrival court,borrow_tool,Fay,patch cloak,0.634593,0.614593,0.117798,0.147798,rest,seek tool,work is delayed and debt marker increases,True,False,v58-loop-03436
3437,191,17,tool alcove,return_tool,Milo,repair awning,0.518693,0.534693,0.100403,0.074403,negotiate debt,seek tool,trust warms and obligation decreases,True,True,v58-loop-03437
3438,192,0,fiber loft,wait_offscreen,Sera,sort herb shelf,0.329685,0.327685,0.448641,0.442641,care duty,private task,residents continue without avatar,True,True,v58-loop-03438
3439,192,1,west hearth,repair_trust,Tovan,map safe route,0.332551,0.352551,0.515613,0.489613,private task,recover focus,trust warms and obligation decreases,True,True,v58-loop-03439
3440,192,2,river gate,move,Nia,dry seed store,0.447249,0.451249,0.373732,0.371732,recover focus,work,position changes but history remains intact,True,True,v58-loop-03440
3441,192,3,arrival court,talk,Ari,sort herb shelf,0.643683,0.659683,0.160431,0.134431,work,rest,trust warms and obligation decreases,True,True,v58-loop-03441
3442,192,4,tool alcove,offer_help,Fay,map safe route,0.64701,0.66301,0.082323,0.056323,rest,negotiate debt,trust warms and obligation decreases,True,True,v58-loop-03442
3443,192,5,rain court,borrow_tool,Milo,dry seed store,0.510933,0.490933,0.215067,0.245067,negotiate debt,care duty,work is delayed and debt marker increases,True,True,v58-loop-03443
3444,192,6,fiber loft,return_tool,Sera,sort herb shelf,0.334767,0.354767,0.430082,0.404082,seek tool,care duty,trust warms and obligation decreases,True,True,v58-loop-03444
3445,192,7,west hearth,interrupt_work,Tovan,map safe route,0.308385,0.288385,0.519093,0.549093,care duty,recover focus,work is delayed and debt marker increases,True,True,v58-loop-03445
3446,192,8,river gate,wait_offscreen,Nia,dry seed store,0.437064,0.435064,0.39588,0.38988,private task,recover focus,residents continue without avatar,True,True,v58-loop-03446
3447,192,9,arrival court,repair_trust,Ari,sort herb shelf,0.660293,0.676293,0.179793,0.153793,recover focus,work,trust warms and obligation decreases,True,True,v58-loop-03447
3448,192,10,tool alcove,move,Fay,map safe route,0.654314,0.658314,0.080145,0.078145,work,rest,position changes but history remains intact,True,True,v58-loop-03448
3449,192,11,rain court,talk,Milo,dry seed store,0.494904,0.510904,0.193459,0.167459,rest,negotiate debt,trust warms and obligation decreases,True,True,v58-loop-03449
3450,192,12,fiber loft,offer_help,Sera,sort herb shelf,0.329871,0.349871,0.409974,0.383974,negotiate debt,seek tool,trust warms and obligation decreases,True,True,v58-loop-03450
3451,192,13,west hearth,borrow_tool,Tovan,map safe route,0.314182,0.294182,0.519963,0.549963,seek tool,private task,work is delayed and debt marker increases,True,True,v58-loop-03451
3452,192,14,river gate,return_tool,Nia,dry seed store,0.4596,0.4796,0.416886,0.390886,care duty,private task,trust warms and obligation decreases,True,True,v58-loop-03452
3453,192,15,arrival court,interrupt_work,Ari,sort herb shelf,0.654954,0.634954,0.200587,0.230587,private task,work,work is delayed and debt marker increases,True,True,v58-loop-03453
3454,192,16,tool alcove,wait_offscreen,Fay,map safe route,0.63184,0.62984,0.080585,0.074585,recover focus,work,residents continue without avatar,True,True,v58-loop-03454
3455,192,17,rain court,repair_trust,Milo,dry seed store,0.494145,0.510145,0.173119,0.147119,work,rest,trust warms and obligation decreases,True,True,v58-loop-03455
3456,193,0,west hearth,talk,Sera,patch cloak,0.339599,0.359599,0.509716,0.483716,negotiate debt,seek tool,trust warms and obligation decreases,True,True,v58-loop-03456
3457,193,1,river gate,offer_help,Tovan,repair awning,0.333567,0.353567,0.465102,0.439102,seek tool,care duty,trust warms and obligation decreases,True,True,v58-loop-03457
3458,193,2,arrival court,borrow_tool,Nia,fix bridge peg,0.449478,0.429478,0.260562,0.290562,care duty,recover focus,work is delayed and debt marker increases,True,True,v58-loop-03458
3459,193,3,tool alcove,return_tool,Ari,patch cloak,0.639188,0.655188,0.094224,0.068224,private task,recover focus,trust warms and obligation decreases,True,True,v58-loop-03459
3460,193,4,rain court,interrupt_work,Fay,repair awning,0.633435,0.613435,0.12721,0.15721,recover focus,rest,work is delayed and debt marker increases,True,False,v58-loop-03460
3461,193,5,fiber loft,wait_offscreen,Milo,fix bridge peg,0.485961,0.487961,0.327569,0.321569,work,rest,residents continue without avatar,True,True,v58-loop-03461
3462,193,6,west hearth,repair_trust,Sera,patch cloak,0.35333,0.37333,0.501223,0.475223,rest,negotiate debt,trust warms and obligation decreases,True,True,v58-loop-03462
3463,193,7,river gate,move,Tovan,repair awning,0.32167,0.32567,0.479963,0.477963,negotiate debt,seek tool,position changes but history remains intact,True,True,v58-loop-03463
3464,193,8,arrival court,talk,Nia,fix bridge peg,0.475122,0.491122,0.284381,0.258381,seek tool,care duty,trust warms and obligation decreases,True,True,v58-loop-03464
3465,193,9,tool alcove,offer_help,Ari,patch cloak,0.636285,0.652285,0.103929,0.077929,care duty,private task,trust warms and obligation decreases,True,True,v58-loop-03465
3466,193,10,rain court,borrow_tool,Fay,repair awning,0.643934,0.623934,0.1134,0.1434,private task,work,work is delayed and debt marker increases,True,True,v58-loop-03466
3467,193,11,fiber loft,return_tool,Milo,fix bridge peg,0.480065,0.496065,0.303621,0.277621,recover focus,work,trust warms and obligation decreases,True,True,v58-loop-03467
3468,193,12,west hearth,interrupt_work,Sera,patch cloak,0.323443,0.303443,0.490334,0.520334,work,negotiate debt,work is delayed and debt marker increases,True,False,v58-loop-03468
3469,193,13,river gate,wait_offscreen,Tovan,repair awning,0.318861,0.320861,0.49268,0.48668,rest,negotiate debt,residents continue without avatar,True,True,v58-loop-03469
3470,193,14,arrival court,repair_trust,Nia,fix bridge peg,0.448569,0.464569,0.308387,0.282387,negotiate debt,seek tool,trust warms and obligation decreases,True,True,v58-loop-03470
3471,193,15,tool alcove,move,Ari,patch cloak,0.656162,0.660162,0.11597,0.11397,seek tool,care duty,position changes but history remains intact,True,True,v58-loop-03471
3472,193,16,rain court,talk,Fay,repair awning,0.631482,0.647482,0.101813,0.075813,care duty,private task,trust warms and obligation decreases,True,True,v58-loop-03472
3473,193,17,fiber loft,offer_help,Milo,fix bridge peg,0.492054,0.508054,0.27963,0.25363,private task,recover focus,trust warms and obligation decreases,True,True,v58-loop-03473
3474,194,0,river gate,return_tool,Sera,map safe route,0.315099,0.335099,0.514933,0.488933,work,rest,trust warms and obligation decreases,True,True,v58-loop-03474
3475,194,1,arrival court,interrupt_work,Tovan,dry seed store,0.344734,0.324734,0.370615,0.400615,rest,seek tool,work is delayed and debt marker increases,True,True,v58-loop-03475
3476,194,2,tool alcove,wait_offscreen,Nia,sort herb shelf,0.457611,0.455611,0.157896,0.151896,negotiate debt,seek tool,residents continue without avatar,True,True,v58-loop-03476
3477,194,3,rain court,repair_trust,Ari,map safe route,0.663829,0.679829,0.082826,0.056826,seek tool,care duty,trust warms and obligation decreases,True,True,v58-loop-03477
3478,194,4,fiber loft,move,Fay,dry seed store,0.638647,0.642647,0.218121,0.216121,care duty,private task,position changes but history remains intact,True,True,v58-loop-03478
3479,194,5,west hearth,talk,Milo,sort herb shelf,0.480581,0.500581,0.432728,0.406728,private task,recover focus,trust warms and obligation decreases,True,True,v58-loop-03479
3480,194,6,river gate,offer_help,Sera,map safe route,0.333186,0.353186,0.518769,0.492769,recover focus,work,trust warms and obligation decreases,True,True,v58-loop-03480
3481,194,7,arrival court,borrow_tool,Tovan,dry seed store,0.343683,0.323683,0.392899,0.422899,work,negotiate debt,work is delayed and debt marker increases,True,True,v58-loop-03481
3482,194,8,tool alcove,return_tool,Nia,sort herb shelf,0.469008,0.485008,0.177043,0.151043,rest,negotiate debt,trust warms and obligation decreases,True,True,v58-loop-03482
3483,194,9,rain court,interrupt_work,Ari,map safe route,0.652338,0.632338,0.080289,0.110289,negotiate debt,care duty,work is delayed and debt marker increases,True,True,v58-loop-03483
3484,194,10,fiber loft,wait_offscreen,Fay,dry seed store,0.643391,0.641391,0.196358,0.190358,seek tool,care duty,residents continue without avatar,True,True,v58-loop-03484
3485,194,11,west hearth,repair_trust,Milo,sort herb shelf,0.479107,0.499107,0.412819,0.386819,care duty,private task,trust warms and obligation decreases,True,True,v58-loop-03485
3486,194,12,river gate,move,Sera,map safe route,0.326584,0.330584,0.519999,0.517999,private task,recover focus,position changes but history remains intact,True,True,v58-loop-03486
3487,194,13,arrival court,talk,Tovan,dry seed store,0.327443,0.347443,0.414077,0.388077,recover focus,work,trust warms and obligation decreases,True,True,v58-loop-03487
3488,194,14,tool alcove,offer_help,Nia,sort herb shelf,0.458673,0.474673,0.197655,0.171655,work,rest,trust warms and obligation decreases,True,True,v58-loop-03488
3489,194,15,rain court,borrow_tool,Ari,map safe route,0.648031,0.628031,0.080369,0.110369,rest,seek tool,work is delayed and debt marker increases,True,True,v58-loop-03489
3490,194,16,fiber loft,return_tool,Fay,dry seed store,0.635407,0.651407,0.175829,0.149829,negotiate debt,seek tool,trust warms and obligation decreases,True,True,v58-loop-03490
3491,194,17,west hearth,interrupt_work,Milo,sort herb shelf,0.462941,0.442941,0.391567,0.421567,seek tool,private task,work is delayed and debt marker increases,True,True,v58-loop-03491
3492,195,0,arrival court,repair_trust,Sera,repair awning,0.326535,0.346535,0.462902,0.436902,private task,recover focus,trust warms and obligation decreases,True,True,v58-loop-03492
3493,195,1,tool alcove,move,Tovan,fix bridge peg,0.319759,0.323759,0.25732,0.25532,recover focus,work,position changes but history remains intact,True,True,v58-loop-03493
3494,195,2,rain court,talk,Nia,patch cloak,0.493572,0.509572,0.09308,0.06708,work,rest,trust warms and obligation decreases,True,True,v58-loop-03494
3495,195,3,fiber loft,offer_help,Ari,repair awning,0.675623,0.691623,0.129272,0.103272,rest,negotiate debt,trust warms and obligation decreases,True,True,v58-loop-03495
3496,195,4,west hearth,borrow_tool,Fay,fix bridge peg,0.612997,0.592997,0.33084,0.36084,negotiate debt,care duty,work is delayed and debt marker increases,True,False,v58-loop-03496
3497,195,5,river gate,return_tool,Milo,patch cloak,0.46446,0.48446,0.502535,0.476535,seek tool,care duty,trust warms and obligation decreases,True,True,v58-loop-03497
3498,195,6,arrival court,interrupt_work,Sera,repair awning,0.338607,0.318607,0.478044,0.508044,care duty,recover focus,work is delayed and debt marker increases,True,True,v58-loop-03498
3499,195,7,tool alcove,wait_offscreen,Tovan,fix bridge peg,0.327475,0.329475,0.281092,0.275092,private task,recover focus,residents continue without avatar,True,True,v58-loop-03499
3500,195,8,rain court,repair_trust,Nia,patch cloak,0.485787,0.501787,0.102454,0.076454,recover focus,work,trust warms and obligation decreases,True,True,v58-loop-03500
3501,195,9,fiber loft,move,Ari,repair awning,0.671829,0.675829,0.115169,0.113169,work,rest,position changes but history remains intact,True,True,v58-loop-03501
3502,195,10,west hearth,talk,Fay,fix bridge peg,0.631762,0.647762,0.30692,0.28092,rest,negotiate debt,trust warms and obligation decreases,True,True,v58-loop-03502
3503,195,11,river gate,offer_help,Milo,patch cloak,0.448594,0.468594,0.491968,0.465968,negotiate debt,seek tool,trust warms and obligation decreases,True,True,v58-loop-03503
3504,195,12,arrival court,borrow_tool,Sera,repair awning,0.337646,0.317646,0.491066,0.521066,seek tool,private task,work is delayed and debt marker increases,True,False,v58-loop-03504
3505,195,13,tool alcove,return_tool,Tovan,fix bridge peg,0.321121,0.337121,0.305089,0.279089,care duty,private task,trust warms and obligation decreases,True,True,v58-loop-03505
3506,195,14,rain court,interrupt_work,Nia,patch cloak,0.469302,0.449302,0.114182,0.144182,private task,work,work is delayed and debt marker increases,True,True,v58-loop-03506
3507,195,15,fiber loft,wait_offscreen,Ari,repair awning,0.676502,0.678502,0.103268,0.097268,recover focus,work,residents continue without avatar,True,True,v58-loop-03507
3508,195,16,west hearth,repair_trust,Fay,fix bridge peg,0.60827,0.62427,0.282918,0.256918,work,rest,trust warms and obligation decreases,True,True,v58-loop-03508
3509,195,17,river gate,move,Milo,patch cloak,0.471036,0.475036,0.479114,0.477114,rest,negotiate debt,position changes but history remains intact,True,True,v58-loop-03509
3510,196,0,tool alcove,offer_help,Sera,dry seed store,0.308998,0.324998,0.367482,0.341482,seek tool,care duty,trust warms and obligation decreases,True,True,v58-loop-03510
3511,196,1,rain court,borrow_tool,Tovan,sort herb shelf,0.329136,0.309136,0.155393,0.185393,care duty,recover focus,work is delayed and debt marker increases,True,True,v58-loop-03511
3512,196,2,fiber loft,return_tool,Nia,map safe route,0.490181,0.506181,0.083377,0.057377,private task,recover focus,trust warms and obligation decreases,True,True,v58-loop-03512
3513,196,3,west hearth,interrupt_work,Ari,dry seed store,0.666663,0.646663,0.221193,0.251193,recover focus,rest,work is delayed and debt marker increases,True,True,v58-loop-03513
3514,196,4,river gate,wait_offscreen,Fay,sort herb shelf,0.627733,0.625733,0.435345,0.429345,work,rest,residents continue without avatar,True,True,v58-loop-03514
3515,196,5,arrival court,repair_trust,Milo,map safe route,0.463698,0.483698,0.518395,0.492395,rest,negotiate debt,trust warms and obligation decreases,True,True,v58-loop-03515
3516,196,6,tool alcove,move,Sera,dry seed store,0.330094,0.334094,0.389897,0.387897,negotiate debt,seek tool,position changes but history remains intact,True,True,v58-loop-03516
3517,196,7,rain court,talk,Tovan,sort herb shelf,0.330566,0.346566,0.17432,0.14832,seek tool,care duty,trust warms and obligation decreases,True,True,v58-loop-03517
3518,196,8,fiber loft,offer_help,Nia,map safe route,0.50823,0.52423,0.080483,0.054483,care duty,private task,trust warms and obligation decreases,True,True,v58-loop-03518
3519,196,9,west hearth,borrow_tool,Ari,dry seed store,0.654469,0.634469,0.19928,0.22928,private task,work,work is delayed and debt marker increases,True,True,v58-loop-03519
3520,196,10,river gate,return_tool,Fay,sort herb shelf,0.624546,0.644546,0.41564,0.38964,recover focus,work,trust warms and obligation decreases,True,True,v58-loop-03520
3521,196,11,arrival court,interrupt_work,Milo,map safe route,0.46261,0.44261,0.519985,0.549985,work,negotiate debt,work is delayed and debt marker increases,True,True,v58-loop-03521
3522,196,12,tool alcove,wait_offscreen,Sera,dry seed store,0.314359,0.312359,0.411242,0.405242,rest,negotiate debt,residents continue without avatar,True,True,v58-loop-03522
3523,196,13,rain court,repair_trust,Tovan,sort herb shelf,0.330995,0.346995,0.194745,0.168745,negotiate debt,seek tool,trust warms and obligation decreases,True,True,v58-loop-03523
3524,196,14,fiber loft,move,Nia,map safe route,0.502887,0.506887,0.080203,0.078203,seek tool,care duty,position changes but history remains intact,True,True,v58-loop-03524
3525,196,15,west hearth,talk,Ari,dry seed store,0.678317,0.694317,0.178567,0.152567,care duty,private task,trust warms and obligation decreases,True,True,v58-loop-03525
3526,196,16,river gate,offer_help,Fay,sort herb shelf,0.619033,0.635033,0.394557,0.368557,private task,recover focus,trust warms and obligation decreases,True,True,v58-loop-03526
3527,196,17,arrival court,borrow_tool,Milo,map safe route,0.436203,0.416203,0.518955,0.548955,recover focus,rest,work is delayed and debt marker increases,True,True,v58-loop-03527
3528,197,0,rain court,interrupt_work,Sera,fix bridge peg,0.324214,0.304214,0.254087,0.284087,rest,seek tool,work is delayed and debt marker increases,True,False,v58-loop-03528
3529,197,1,fiber loft,wait_offscreen,Tovan,patch cloak,0.340581,0.342581,0.091982,0.085982,negotiate debt,seek tool,residents continue without avatar,True,True,v58-loop-03529
3530,197,2,west hearth,repair_trust,Nia,repair awning,0.519282,0.535282,0.131373,0.105373,seek tool,care duty,trust warms and obligation decreases,True,True,v58-loop-03530
3531,197,3,river gate,move,Ari,fix bridge peg,0.668028,0.672028,0.334104,0.332104,care duty,private task,position changes but history remains intact,True,True,v58-loop-03531
3532,197,4,arrival court,talk,Fay,patch cloak,0.619274,0.639274,0.5038,0.4778,private task,recover focus,trust warms and obligation decreases,True,True,v58-loop-03532
3533,197,5,tool alcove,offer_help,Milo,repair awning,0.42987,0.44987,0.476086,0.450086,recover focus,work,trust warms and obligation decreases,True,True,v58-loop-03533
3534,197,6,rain court,borrow_tool,Sera,fix bridge peg,0.300087,0.280087,0.277806,0.307806,work,negotiate debt,work is delayed and debt marker increases,True,True,v58-loop-03534
3535,197,7,fiber loft,return_tool,Tovan,patch cloak,0.351215,0.367215,0.101024,0.075024,rest,negotiate debt,trust warms and obligation decreases,True,True,v58-loop-03535
3536,197,8,west hearth,interrupt_work,Nia,repair awning,0.5141,0.4941,0.11698,0.14698,negotiate debt,care duty,work is delayed and debt marker increases,True,False,v58-loop-03536
3537,197,9,river gate,wait_offscreen,Ari,fix bridge peg,0.67449,0.67649,0.310218,0.304218,seek tool,care duty,residents continue without avatar,True,True,v58-loop-03537
3538,197,10,arrival court,repair_trust,Fay,patch cloak,0.592125,0.612125,0.493558,0.467558,care duty,private task,trust warms and obligation decreases,True,True,v58-loop-03538
3539,197,11,tool alcove,move,Milo,repair awning,0.455096,0.459096,0.489409,0.487409,private task,recover focus,position changes but history remains intact,True,True,v58-loop-03539
3540,197,12,rain court,talk,Sera,fix bridge peg,0.300037,0.316037,0.301789,0.275789,recover focus,work,trust warms and obligation decreases,True,True,v58-loop-03540
3541,197,13,fiber loft,offer_help,Tovan,patch cloak,0.351019,0.367019,0.112436,0.086436,work,rest,trust warms and obligation decreases,True,True,v58-loop-03541
3542,197,14,west hearth,borrow_tool,Nia,repair awning,0.50569,0.48569,0.104767,0.134767,rest,seek tool,work is delayed and debt marker increases,True,True,v58-loop-03542
3543,197,15,river gate,return_tool,Ari,fix bridge peg,0.665723,0.681723,0.28621,0.26021,negotiate debt,seek tool,trust warms and obligation decreases,True,True,v58-loop-03543
3544,197,16,arrival court,interrupt_work,Fay,patch cloak,0.611658,0.591658,0.48101,0.51101,seek tool,private task,work is delayed and debt marker increases,True,False,v58-loop-03544
3545,197,17,tool alcove,wait_offscreen,Milo,repair awning,0.441712,0.443712,0.500476,0.494476,care duty,private task,residents continue without avatar,True,True,v58-loop-03545
3546,198,0,fiber loft,move,Sera,sort herb shelf,0.328299,0.332299,0.152922,0.150922,recover focus,work,position changes but history remains intact,True,True,v58-loop-03546
3547,198,1,west hearth,talk,Tovan,map safe route,0.344217,0.360217,0.083977,0.057977,work,rest,trust warms and obligation decreases,True,True,v58-loop-03547
3548,198,2,river gate,offer_help,Nia,dry seed store,0.531878,0.547878,0.224283,0.198283,rest,negotiate debt,trust warms and obligation decreases,True,True,v58-loop-03548
3549,198,3,arrival court,borrow_tool,Ari,sort herb shelf,0.683515,0.663515,0.437931,0.467931,negotiate debt,care duty,work is delayed and debt marker increases,True,True,v58-loop-03549
3550,198,4,tool alcove,return_tool,Fay,map safe route,0.588471,0.608471,0.517973,0.491973,seek tool,care duty,trust warms and obligation decreases,True,True,v58-loop-03550
3551,198,5,rain court,interrupt_work,Milo,dry seed store,0.413759,0.393759,0.386875,0.416875,care duty,recover focus,work is delayed and debt marker increases,True,True,v58-loop-03551
3552,198,6,fiber loft,wait_offscreen,Sera,sort herb shelf,0.322841,0.320841,0.171626,0.165626,private task,recover focus,residents continue without avatar,True,True,v58-loop-03552
3553,198,7,west hearth,repair_trust,Tovan,map safe route,0.358552,0.374552,0.080726,0.054726,recover focus,work,trust warms and obligation decreases,True,True,v58-loop-03553
3554,198,8,river gate,move,Nia,dry seed store,0.540613,0.544613,0.202225,0.200225,work,rest,position changes but history remains intact,True,True,v58-loop-03554
3555,198,9,arrival court,talk,Ari,sort herb shelf,0.664005,0.684005,0.418434,0.392434,rest,negotiate debt,trust warms and obligation decreases,True,True,v58-loop-03555
3556,198,10,tool alcove,offer_help,Fay,map safe route,0.599872,0.619872,0.519922,0.493922,negotiate debt,seek tool,trust warms and obligation decreases,True,True,v58-loop-03556
3557,198,11,rain court,borrow_tool,Milo,dry seed store,0.44208,0.42208,0.408383,0.438383,seek tool,private task,work is delayed and debt marker increases,True,True,v58-loop-03557
3558,198,12,fiber loft,return_tool,Sera,sort herb shelf,0.328278,0.344278,0.191859,0.165859,care duty,private task,trust warms and obligation decreases,True,True,v58-loop-03558
3559,198,13,west hearth,interrupt_work,Tovan,map safe route,0.358772,0.338772,0.080086,0.110086,private task,work,work is delayed and debt marker increases,True,True,v58-loop-03559
3560,198,14,river gate,wait_offscreen,Nia,dry seed store,0.517977,0.515977,0.181332,0.175332,recover focus,work,residents continue without avatar,True,True,v58-loop-03560
3561,198,15,arrival court,repair_trust,Ari,sort herb shelf,0.681688,0.697688,0.397526,0.371526,work,rest,trust warms and obligation decreases,True,True,v58-loop-03561
3562,198,16,tool alcove,move,Fay,map safe route,0.611892,0.615892,0.519251,0.517251,rest,negotiate debt,position changes but history remains intact,True,True,v58-loop-03562
3563,198,17,rain court,talk,Milo,dry seed store,0.427909,0.447909,0.4286,0.4026,negotiate debt,seek tool,trust warms and obligation decreases,True,True,v58-loop-03563
3564,199,0,west hearth,borrow_tool,Sera,patch cloak,0.301612,0.281612,0.090931,0.120931,care duty,recover focus,work is delayed and debt marker increases,True,False,v58-loop-03564
3565,199,1,river gate,return_tool,Tovan,repair awning,0.353605,0.369605,0.133511,0.107511,private task,recover focus,trust warms and obligation decreases,True,True,v58-loop-03565
3566,199,2,arrival court,interrupt_work,Nia,fix bridge peg,0.544266,0.524266,0.33736,0.36736,recover focus,rest,work is delayed and debt marker increases,True,True,v58-loop-03566
3567,199,3,tool alcove,wait_offscreen,Ari,patch cloak,0.667169,0.669169,0.50502,0.49902,work,rest,residents continue without avatar,True,True,v58-loop-03567
3568,199,4,rain court,repair_trust,Fay,repair awning,0.570155,0.590155,0.474088,0.448088,rest,negotiate debt,trust warms and obligation decreases,True,True,v58-loop-03568
3569,199,5,fiber loft,move,Milo,fix bridge peg,0.41181,0.41581,0.274526,0.272526,negotiate debt,seek tool,position changes but history remains intact,True,True,v58-loop-03569
3570,199,6,west hearth,talk,Sera,patch cloak,0.326979,0.342979,0.099639,0.073639,seek tool,care duty,trust warms and obligation decreases,True,True,v58-loop-03570
3571,199,7,river gate,offer_help,Tovan,repair awning,0.359359,0.375359,0.118832,0.092832,care duty,private task,trust warms and obligation decreases,True,True,v58-loop-03571
3572,199,8,arrival court,borrow_tool,Nia,fix bridge peg,0.548557,0.528557,0.313513,0.343513,private task,work,work is delayed and debt marker increases,True,False,v58-loop-03572
3573,199,9,tool alcove,return_tool,Ari,patch cloak,0.657887,0.677887,0.495105,0.469105,recover focus,work,trust warms and obligation decreases,True,True,v58-loop-03573
3574,199,10,rain court,interrupt_work,Fay,repair awning,0.590005,0.570005,0.487709,0.517709,work,negotiate debt,work is delayed and debt marker increases,True,True,v58-loop-03574
3575,199,11,fiber loft,wait_offscreen,Milo,fix bridge peg,0.423839,0.425839,0.298489,0.292489,rest,negotiate debt,residents continue without avatar,True,True,v58-loop-03575
3576,199,12,west hearth,repair_trust,Sera,patch cloak,0.294476,0.310476,0.110733,0.084733,negotiate debt,seek tool,trust warms and obligation decreases,True,True,v58-loop-03576
3577,199,13,river gate,move,Tovan,repair awning,0.383709,0.387709,0.10631,0.10431,seek tool,care duty,position changes but history remains intact,True,True,v58-loop-03577
3578,199,14,arrival court,talk,Nia,fix bridge peg,0.539441,0.555441,0.289505,0.263505,care duty,private task,trust warms and obligation decreases,True,True,v58-loop-03578
3579,199,15,tool alcove,offer_help,Ari,patch cloak,0.680289,0.700289,0.482866,0.456866,private task,recover focus,trust warms and obligation decreases,True,True,v58-loop-03579
3580,199,16,rain court,borrow_tool,Fay,repair awning,0.585451,0.565451,0.499094,0.529094,recover focus,rest,work is delayed and debt marker increases,True,False,v58-loop-03580
3581,199,17,fiber loft,return_tool,Milo,fix bridge peg,0.401926,0.417926,0.322471,0.296471,work,rest,trust warms and obligation decreases,True,True,v58-loop-03581
3582,200,0,river gate,wait_offscreen,Sera,map safe route,0.314845,0.312845,0.084626,0.078626,negotiate debt,seek tool,residents continue without avatar,True,True,v58-loop-03582
3583,200,1,arrival court,repair_trust,Tovan,dry seed store,0.362166,0.378166,0.22739,0.20139,seek tool,care duty,trust warms and obligation decreases,True,True,v58-loop-03583
3584,200,2,tool alcove,move,Nia,sort herb shelf,0.552948,0.556948,0.440487,0.438487,care duty,private task,position changes but history remains intact,True,True,v58-loop-03584
3585,200,3,rain court,talk,Ari,map safe route,0.680414,0.700414,0.517502,0.491502,private task,recover focus,trust warms and obligation decreases,True,True,v58-loop-03585
3586,200,4,fiber loft,offer_help,Fay,dry seed store,0.588041,0.604041,0.383834,0.357834,recover focus,work,trust warms and obligation decreases,True,True,v58-loop-03586
3587,200,5,west hearth,borrow_tool,Milo,sort herb shelf,0.405453,0.385453,0.168961,0.198961,work,negotiate debt,work is delayed and debt marker increases,True,True,v58-loop-03587
3588,200,6,river gate,return_tool,Sera,map safe route,0.303076,0.319076,0.081018,0.055018,rest,negotiate debt,trust warms and obligation decreases,True,True,v58-loop-03588
3589,200,7,arrival court,interrupt_work,Tovan,dry seed store,0.366759,0.346759,0.205192,0.235192,negotiate debt,care duty,work is delayed and debt marker increases,True,True,v58-loop-03589
3590,200,8,tool alcove,wait_offscreen,Nia,sort herb shelf,0.531974,0.529974,0.421201,0.415201,seek tool,care duty,residents continue without avatar,True,True,v58-loop-03590
3591,200,9,rain court,repair_trust,Ari,map safe route,0.654388,0.674388,0.519809,0.493809,care duty,private task,trust warms and obligation decreases,True,True,v58-loop-03591
3592,200,10,fiber loft,move,Fay,dry seed store,0.5631,0.5671,0.405499,0.403499,private task,recover focus,position changes but history remains intact,True,True,v58-loop-03592
3593,200,11,west hearth,talk,Milo,sort herb shelf,0.386854,0.402854,0.188998,0.162998,recover focus,work,trust warms and obligation decreases,True,True,v58-loop-03593
3594,200,12,river gate,offer_help,Sera,map safe route,0.322515,0.338515,0.080018,0.054018,work,rest,trust warms and obligation decreases,True,True,v58-loop-03594
3595,200,13,arrival court,borrow_tool,Tovan,dry seed store,0.368691,0.348691,0.184124,0.214124,rest,seek tool,work is delayed and debt marker increases,True,True,v58-loop-03595
3596,200,14,tool alcove,return_tool,Nia,sort herb shelf,0.555555,0.575555,0.400473,0.374473,negotiate debt,seek tool,trust warms and obligation decreases,True,True,v58-loop-03596
3597,200,15,rain court,interrupt_work,Ari,map safe route,0.673926,0.653926,0.519499,0.549499,seek tool,private task,work is delayed and debt marker increases,True,True,v58-loop-03597
3598,200,16,fiber loft,wait_offscreen,Fay,dry seed store,0.586227,0.584227,0.425908,0.419908,care duty,private task,residents continue without avatar,True,True,v58-loop-03598
3599,200,17,west hearth,repair_trust,Milo,sort herb shelf,0.403429,0.419429,0.210356,0.184356,private task,recover focus,trust warms and obligation decreases,True,True,v58-loop-03599
3600,201,0,arrival court,talk,Sera,repair awning,0.302931,0.318931,0.135687,0.109687,work,rest,trust warms and obligation decreases,True,True,v58-loop-03600
3601,201,1,tool alcove,offer_help,Tovan,fix bridge peg,0.400065,0.416065,0.340608,0.314608,rest,negotiate debt,trust warms and obligation decreases,True,True,v58-loop-03601
3602,201,2,rain court,borrow_tool,Nia,patch cloak,0.564333,0.544333,0.506194,0.536194,negotiate debt,care duty,work is delayed and debt marker increases,True,True,v58-loop-03602
3603,201,3,fiber loft,return_tool,Ari,repair awning,0.671825,0.691825,0.472051,0.446051,seek tool,care duty,trust warms and obligation decreases,True,True,v58-loop-03603
3604,201,4,west hearth,interrupt_work,Fay,fix bridge peg,0.575835,0.555835,0.271251,0.301251,care duty,recover focus,work is delayed and debt marker increases,True,False,v58-loop-03604
3605,201,5,river gate,wait_offscreen,Milo,patch cloak,0.378758,0.380758,0.098299,0.092299,private task,recover focus,residents continue without avatar,True,True,v58-loop-03605
3606,201,6,arrival court,repair_trust,Sera,repair awning,0.303514,0.319514,0.120724,0.094724,recover focus,work,trust warms and obligation decreases,True,True,v58-loop-03606
3607,201,7,tool alcove,move,Tovan,fix bridge peg,0.382461,0.386461,0.316805,0.314805,work,rest,position changes but history remains intact,True,True,v58-loop-03607
3608,201,8,rain court,talk,Nia,patch cloak,0.543798,0.563798,0.496608,0.470608,rest,negotiate debt,trust warms and obligation decreases,True,True,v58-loop-03608
3609,201,9,fiber loft,offer_help,Ari,repair awning,0.656105,0.676105,0.485967,0.459967,negotiate debt,seek tool,trust warms and obligation decreases,True,True,v58-loop-03609
3610,201,10,west hearth,borrow_tool,Fay,fix bridge peg,0.563318,0.543318,0.295189,0.325189,seek tool,private task,work is delayed and debt marker increases,True,True,v58-loop-03610
3611,201,11,river gate,return_tool,Milo,patch cloak,0.406584,0.422584,0.109072,0.083072,care duty,private task,trust warms and obligation decreases,True,True,v58-loop-03611
3612,201,12,arrival court,interrupt_work,Sera,repair awning,0.294261,0.274261,0.107897,0.137897,private task,work,work is delayed and debt marker increases,True,False,v58-loop-03612
3613,201,13,tool alcove,wait_offscreen,Tovan,fix bridge peg,0.387494,0.389494,0.292802,0.286802,recover focus,work,residents continue without avatar,True,True,v58-loop-03613
3614,201,14,rain court,repair_trust,Nia,patch cloak,0.56159,0.58159,0.48468,0.45868,work,rest,trust warms and obligation decreases,True,True,v58-loop-03614
3615,201,15,fiber loft,move,Ari,repair awning,0.677139,0.681139,0.497668,0.495668,rest,negotiate debt,position changes but history remains intact,True,True,v58-loop-03615
3616,201,16,west hearth,talk,Fay,fix bridge peg,0.566059,0.582059,0.319185,0.293185,negotiate debt,seek tool,trust warms and obligation decreases,True,True,v58-loop-03616
3617,201,17,river gate,offer_help,Milo,patch cloak,0.397136,0.413136,0.122119,0.096119,seek tool,care duty,trust warms and obligation decreases,True,True,v58-loop-03617
3618,202,0,tool alcove,return_tool,Sera,dry seed store,0.294241,0.310241,0.230513,0.204513,private task,recover focus,trust warms and obligation decreases,True,True,v58-loop-03618
3619,202,1,rain court,interrupt_work,Tovan,sort herb shelf,0.395814,0.375814,0.44301,0.47301,recover focus,rest,work is delayed and debt marker increases,True,True,v58-loop-03619
3620,202,2,fiber loft,wait_offscreen,Nia,map safe route,0.564563,0.562563,0.516981,0.510981,work,rest,residents continue without avatar,True,True,v58-loop-03620
3621,202,3,west hearth,repair_trust,Ari,dry seed store,0.673903,0.689903,0.380774,0.354774,rest,negotiate debt,trust warms and obligation decreases,True,True,v58-loop-03621
3622,202,4,river gate,move,Fay,sort herb shelf,0.539238,0.543238,0.166325,0.164325,negotiate debt,seek tool,position changes but history remains intact,True,True,v58-loop-03622
3623,202,5,arrival court,talk,Milo,map safe route,0.386471,0.402471,0.08136,0.05536,seek tool,care duty,trust warms and obligation decreases,True,True,v58-loop-03623
3624,202,6,tool alcove,offer_help,Sera,dry seed store,0.293724,0.309724,0.208181,0.182181,care duty,private task,trust warms and obligation decreases,True,True,v58-loop-03624
3625,202,7,rain court,borrow_tool,Tovan,sort herb shelf,0.392794,0.372794,0.423942,0.453942,private task,work,work is delayed and debt marker increases,True,True,v58-loop-03625
3626,202,8,fiber loft,return_tool,Nia,map safe route,0.579641,0.599641,0.519647,0.493647,recover focus,work,trust warms and obligation decreases,True,True,v58-loop-03626
3627,202,9,west hearth,interrupt_work,Ari,dry seed store,0.680881,0.660881,0.402592,0.432592,work,negotiate debt,work is delayed and debt marker increases,True,True,v58-loop-03627
3628,202,10,river gate,wait_offscreen,Fay,sort herb shelf,0.566344,0.564344,0.186161,0.180161,rest,negotiate debt,residents continue without avatar,True,True,v58-loop-03628
3629,202,11,arrival court,repair_trust,Milo,map safe route,0.391801,0.407801,0.08,0.054,negotiate debt,seek tool,trust warms and obligation decreases,True,True,v58-loop-03629
3630,202,12,tool alcove,move,Sera,dry seed store,0.324673,0.328673,0.186942,0.184942,seek tool,care duty,position changes but history remains intact,True,True,v58-loop-03630
3631,202,13,rain court,talk,Tovan,sort herb shelf,0.416826,0.436826,0.403397,0.377397,care duty,private task,trust warms and obligation decreases,True,True,v58-loop-03631
3632,202,14,fiber loft,offer_help,Nia,map safe route,0.562326,0.582326,0.519697,0.493697,private task,recover focus,trust warms and obligation decreases,True,True,v58-loop-03632
3633,202,15,west hearth,borrow_tool,Ari,dry seed store,0.67791,0.65791,0.423187,0.453187,recover focus,rest,work is delayed and debt marker increases,True,True,v58-loop-03633
3634,202,16,river gate,return_tool,Fay,sort herb shelf,0.562493,0.578493,0.207353,0.181353,work,rest,trust warms and obligation decreases,True,True,v58-loop-03634
3635,202,17,arrival court,interrupt_work,Milo,map safe route,0.378926,0.358926,0.081261,0.111261,rest,seek tool,work is delayed and debt marker increases,True,True,v58-loop-03635
3636,203,0,rain court,repair_trust,Sera,fix bridge peg,0.31782,0.33382,0.343847,0.317847,seek tool,care duty,trust warms and obligation decreases,True,True,v58-loop-03636
3637,203,1,fiber loft,move,Tovan,patch cloak,0.410027,0.414027,0.507322,0.505322,care duty,private task,position changes but history remains intact,True,True,v58-loop-03637
3638,203,2,west hearth,talk,Nia,repair awning,0.579039,0.599039,0.469975,0.443975,private task,recover focus,trust warms and obligation decreases,True,True,v58-loop-03638
3639,203,3,river gate,offer_help,Ari,fix bridge peg,0.655835,0.671835,0.267982,0.241982,recover focus,work,trust warms and obligation decreases,True,True,v58-loop-03639
3640,203,4,arrival court,borrow_tool,Fay,patch cloak,0.53633,0.51633,0.097004,0.127004,work,negotiate debt,work is delayed and debt marker increases,True,False,v58-loop-03640
3641,203,5,tool alcove,return_tool,Milo,repair awning,0.376515,0.392515,0.122657,0.096657,rest,negotiate debt,trust warms and obligation decreases,True,True,v58-loop-03641
3642,203,6,rain court,interrupt_work,Sera,fix bridge peg,0.3251,0.3051,0.320093,0.350093,negotiate debt,care duty,work is delayed and debt marker increases,True,True,v58-loop-03642
3643,203,7,fiber loft,wait_offscreen,Tovan,patch cloak,0.399477,0.401477,0.498066,0.492066,seek tool,care duty,residents continue without avatar,True,True,v58-loop-03643
3644,203,8,west hearth,repair_trust,Nia,repair awning,0.575965,0.595965,0.484183,0.458183,care duty,private task,trust warms and obligation decreases,True,True,v58-loop-03644
3645,203,9,river gate,move,Ari,fix bridge peg,0.647828,0.651828,0.291891,0.289891,private task,recover focus,position changes but history remains intact,True,True,v58-loop-03645
3646,203,10,arrival court,talk,Fay,patch cloak,0.546572,0.562572,0.107454,0.081454,recover focus,work,trust warms and obligation decreases,True,True,v58-loop-03646
3647,203,11,tool alcove,offer_help,Milo,repair awning,0.388231,0.404231,0.109526,0.083526,work,rest,trust warms and obligation decreases,True,True,v58-loop-03647
3648,203,12,rain court,borrow_tool,Sera,fix bridge peg,0.310305,0.290305,0.296101,0.326101,rest,seek tool,work is delayed and debt marker increases,True,False,v58-loop-03648
3649,203,13,fiber loft,return_tool,Tovan,patch cloak,0.406327,0.426327,0.486452,0.460452,negotiate debt,seek tool,trust warms and obligation decreases,True,True,v58-loop-03649
3650,203,14,west hearth,interrupt_work,Nia,repair awning,0.567761,0.547761,0.496197,0.526197,seek tool,private task,work is delayed and debt marker increases,True,True,v58-loop-03650
3651,203,15,river gate,wait_offscreen,Ari,fix bridge peg,0.661885,0.663885,0.315896,0.309896,care duty,private task,residents continue without avatar,True,True,v58-loop-03651
3652,203,16,arrival court,repair_trust,Fay,patch cloak,0.542166,0.558166,0.120197,0.094197,private task,recover focus,trust warms and obligation decreases,True,True,v58-loop-03652
3653,203,17,tool alcove,move,Milo,repair awning,0.373479,0.377479,0.098664,0.096664,recover focus,work,position changes but history remains intact,True,True,v58-loop-03653
3654,204,0,fiber loft,offer_help,Sera,sort herb shelf,0.296746,0.316746,0.445502,0.419502,rest,negotiate debt,trust warms and obligation decreases,True,True,v58-loop-03654
3655,204,1,west hearth,borrow_tool,Tovan,map safe route,0.407669,0.387669,0.516412,0.546412,negotiate debt,care duty,work is delayed and debt marker increases,True,True,v58-loop-03655
3656,204,2,river gate,return_tool,Nia,dry seed store,0.581647,0.597647,0.377695,0.351695,seek tool,care duty,trust warms and obligation decreases,True,True,v58-loop-03656
3657,204,3,arrival court,interrupt_work,Ari,sort herb shelf,0.671724,0.651724,0.163719,0.193719,care duty,recover focus,work is delayed and debt marker increases,True,True,v58-loop-03657
3658,204,4,tool alcove,wait_offscreen,Fay,map safe route,0.538789,0.536789,0.081751,0.075751,private task,recover focus,residents continue without avatar,True,True,v58-loop-03658
3659,204,5,rain court,repair_trust,Milo,dry seed store,0.364469,0.380469,0.21119,0.18519,recover focus,work,trust warms and obligation decreases,True,True,v58-loop-03659
3660,204,6,fiber loft,move,Sera,sort herb shelf,0.322659,0.326659,0.426654,0.424654,work,rest,position changes but history remains intact,True,True,v58-loop-03660
3661,204,7,west hearth,talk,Tovan,map safe route,0.438813,0.458813,0.519435,0.493435,rest,negotiate debt,trust warms and obligation decreases,True,True,v58-loop-03661
3662,204,8,river gate,offer_help,Nia,dry seed store,0.579258,0.595258,0.399661,0.373661,negotiate debt,seek tool,trust warms and obligation decreases,True,True,v58-loop-03662
3663,204,9,arrival court,borrow_tool,Ari,sort herb shelf,0.670545,0.650545,0.18335,0.21335,seek tool,private task,work is delayed and debt marker increases,True,True,v58-loop-03663
3664,204,10,tool alcove,return_tool,Fay,map safe route,0.535244,0.551244,0.080032,0.054032,care duty,private task,trust warms and obligation decreases,True,True,v58-loop-03664
3665,204,11,rain court,interrupt_work,Milo,dry seed store,0.349279,0.329279,0.189786,0.219786,private task,work,work is delayed and debt marker increases,True,True,v58-loop-03665
3666,204,12,fiber loft,wait_offscreen,Sera,sort herb shelf,0.319395,0.317395,0.406298,0.400298,recover focus,work,residents continue without avatar,True,True,v58-loop-03666
3667,204,13,west hearth,repair_trust,Tovan,map safe route,0.420145,0.440145,0.519845,0.493845,work,rest,trust warms and obligation decreases,True,True,v58-loop-03667
3668,204,14,river gate,move,Nia,dry seed store,0.599154,0.603154,0.42044,0.41844,rest,negotiate debt,position changes but history remains intact,True,True,v58-loop-03668
3669,204,15,arrival court,talk,Ari,sort herb shelf,0.644312,0.660312,0.20437,0.17837,negotiate debt,seek tool,trust warms and obligation decreases,True,True,v58-loop-03669
3670,204,16,tool alcove,offer_help,Fay,map safe route,0.536335,0.552335,0.080933,0.054933,seek tool,care duty,trust warms and obligation decreases,True,True,v58-loop-03670
3671,204,17,rain court,borrow_tool,Milo,dry seed store,0.378191,0.358191,0.169694,0.199694,care duty,recover focus,work is delayed and debt marker increases,True,True,v58-loop-03671
3672,205,0,west hearth,interrupt_work,Sera,patch cloak,0.306741,0.286741,0.508402,0.538402,recover focus,rest,work is delayed and debt marker increases,True,False,v58-loop-03672
3673,205,1,river gate,wait_offscreen,Tovan,repair awning,0.429899,0.431899,0.467861,0.461861,work,rest,residents continue without avatar,True,True,v58-loop-03673
3674,205,2,arrival court,repair_trust,Nia,fix bridge peg,0.601639,0.617639,0.264721,0.238721,rest,negotiate debt,trust warms and obligation decreases,True,True,v58-loop-03674
3675,205,3,tool alcove,move,Ari,patch cloak,0.667571,0.671571,0.095754,0.093754,negotiate debt,seek tool,position changes but history remains intact,True,True,v58-loop-03675
3676,205,4,rain court,talk,Fay,repair awning,0.504068,0.520068,0.12463,0.09863,seek tool,care duty,trust warms and obligation decreases,True,True,v58-loop-03676
3677,205,5,fiber loft,offer_help,Milo,fix bridge peg,0.3633,0.3793,0.323377,0.297377,care duty,private task,trust warms and obligation decreases,True,True,v58-loop-03677
3678,205,6,west hearth,borrow_tool,Sera,patch cloak,0.312218,0.292218,0.49948,0.52948,private task,work,work is delayed and debt marker increases,True,True,v58-loop-03678
3679,205,7,river gate,return_tool,Tovan,repair awning,0.433091,0.453091,0.482357,0.456357,recover focus,work,trust warms and obligation decreases,True,True,v58-loop-03679
3680,205,8,arrival court,interrupt_work,Nia,fix bridge peg,0.621024,0.601024,0.288594,0.318594,work,negotiate debt,work is delayed and debt marker increases,True,False,v58-loop-03680
3681,205,9,tool alcove,wait_offscreen,Ari,patch cloak,0.638916,0.640916,0.105879,0.099879,rest,negotiate debt,residents continue without avatar,True,True,v58-loop-03681
3682,205,10,rain court,repair_trust,Fay,repair awning,0.51008,0.52608,0.111199,0.085199,negotiate debt,seek tool,trust warms and obligation decreases,True,True,v58-loop-03682
3683,205,11,fiber loft,move,Milo,fix bridge peg,0.336892,0.340892,0.299401,0.297401,seek tool,care duty,position changes but history remains intact,True,True,v58-loop-03683
3684,205,12,west hearth,talk,Sera,patch cloak,0.314535,0.334535,0.488183,0.462183,care duty,private task,trust warms and obligation decreases,True,True,v58-loop-03684
3685,205,13,river gate,offer_help,Tovan,repair awning,0.452153,0.472153,0.494682,0.468682,private task,recover focus,trust warms and obligation decreases,True,True,v58-loop-03685
3686,205,14,arrival court,borrow_tool,Nia,fix bridge peg,0.612866,0.592866,0.312603,0.342603,recover focus,rest,work is delayed and debt marker increases,True,True,v58-loop-03686
3687,205,15,tool alcove,return_tool,Ari,patch cloak,0.654431,0.670431,0.118316,0.092316,work,rest,trust warms and obligation decreases,True,True,v58-loop-03687
3688,205,16,rain court,interrupt_work,Fay,repair awning,0.517249,0.497249,0.100017,0.130017,rest,seek tool,work is delayed and debt marker increases,True,False,v58-loop-03688
3689,205,17,fiber loft,wait_offscreen,Milo,fix bridge peg,0.349052,0.351052,0.275431,0.269431,negotiate debt,seek tool,residents continue without avatar,True,True,v58-loop-03689
3690,206,0,river gate,move,Sera,map safe route,0.317298,0.321298,0.515794,0.513794,care duty,private task,position changes but history remains intact,True,True,v58-loop-03690
3691,206,1,arrival court,talk,Tovan,dry seed store,0.457817,0.473817,0.374599,0.348599,private task,recover focus,trust warms and obligation decreases,True,True,v58-loop-03691
3692,206,2,tool alcove,offer_help,Nia,sort herb shelf,0.626386,0.642386,0.161144,0.135144,recover focus,work,trust warms and obligation decreases,True,True,v58-loop-03692
3693,206,3,rain court,borrow_tool,Ari,map safe route,0.648339,0.628339,0.082191,0.112191,work,negotiate debt,work is delayed and debt marker increases,True,True,v58-loop-03693
3694,206,4,fiber loft,return_tool,Fay,dry seed store,0.508854,0.524854,0.214219,0.188219,rest,negotiate debt,trust warms and obligation decreases,True,True,v58-loop-03694
3695,206,5,west hearth,interrupt_work,Milo,sort herb shelf,0.344971,0.324971,0.429338,0.459338,negotiate debt,care duty,work is delayed and debt marker increases,True,True,v58-loop-03695
3696,206,6,river gate,wait_offscreen,Sera,map safe route,0.303153,0.301153,0.519174,0.513174,seek tool,care duty,residents continue without avatar,True,True,v58-loop-03696
3697,206,7,arrival court,repair_trust,Tovan,dry seed store,0.431985,0.447985,0.396708,0.370708,care duty,private task,trust warms and obligation decreases,True,True,v58-loop-03697
3698,206,8,tool alcove,move,Nia,sort herb shelf,0.627767,0.631767,0.180565,0.178565,private task,recover focus,position changes but history remains intact,True,True,v58-loop-03698
3699,206,9,rain court,talk,Ari,map safe route,0.661649,0.677649,0.080113,0.054113,recover focus,work,trust warms and obligation decreases,True,True,v58-loop-03699
3700,206,10,fiber loft,offer_help,Fay,dry seed store,0.498635,0.514635,0.192654,0.166654,work,rest,trust warms and obligation decreases,True,True,v58-loop-03700
3701,206,11,west hearth,borrow_tool,Milo,sort herb shelf,0.34141,0.32141,0.409175,0.439175,rest,seek tool,work is delayed and debt marker increases,True,True,v58-loop-03701
3702,206,12,river gate,return_tool,Sera,map safe route,0.32622,0.34622,0.519944,0.493944,negotiate debt,seek tool,trust warms and obligation decreases,True,True,v58-loop-03702
3703,206,13,arrival court,interrupt_work,Tovan,dry seed store,0.446965,0.426965,0.417665,0.447665,seek tool,private task,work is delayed and debt marker increases,True,True,v58-loop-03703
3704,206,14,tool alcove,wait_offscreen,Nia,sort herb shelf,0.628834,0.626834,0.201409,0.195409,care duty,private task,residents continue without avatar,True,True,v58-loop-03704
3705,206,15,rain court,repair_trust,Ari,map safe route,0.645513,0.661513,0.080654,0.054654,private task,recover focus,trust warms and obligation decreases,True,True,v58-loop-03705
3706,206,16,fiber loft,move,Fay,dry seed store,0.508411,0.512411,0.172368,0.170368,recover focus,work,position changes but history remains intact,True,True,v58-loop-03706
3707,206,17,west hearth,talk,Milo,sort herb shelf,0.334506,0.350506,0.387712,0.361712,work,rest,trust warms and obligation decreases,True,True,v58-loop-03707
3708,207,0,arrival court,borrow_tool,Sera,repair awning,0.336937,0.316937,0.465709,0.495709,negotiate debt,care duty,work is delayed and debt marker increases,True,False,v58-loop-03708
3709,207,1,tool alcove,return_tool,Tovan,fix bridge peg,0.45759,0.47359,0.261468,0.235468,seek tool,care duty,trust warms and obligation decreases,True,True,v58-loop-03709
3710,207,2,rain court,interrupt_work,Nia,patch cloak,0.628153,0.608153,0.094551,0.124551,care duty,recover focus,work is delayed and debt marker increases,True,True,v58-loop-03710
3711,207,3,fiber loft,wait_offscreen,Ari,repair awning,0.648075,0.650075,0.126642,0.120642,private task,recover focus,residents continue without avatar,True,True,v58-loop-03711
3712,207,4,west hearth,repair_trust,Fay,fix bridge peg,0.483193,0.499193,0.326656,0.300656,recover focus,work,trust warms and obligation decreases,True,True,v58-loop-03712
3713,207,5,river gate,move,Milo,patch cloak,0.324181,0.328181,0.500849,0.498849,work,rest,position changes but history remains intact,True,True,v58-loop-03713
3714,207,6,arrival court,talk,Sera,repair awning,0.338831,0.358831,0.480491,0.454491,rest,negotiate debt,trust warms and obligation decreases,True,True,v58-loop-03714
3715,207,7,tool alcove,offer_help,Tovan,fix bridge peg,0.446284,0.462284,0.2853,0.2593,negotiate debt,seek tool,trust warms and obligation decreases,True,True,v58-loop-03715
3716,207,8,rain court,borrow_tool,Nia,patch cloak,0.636018,0.616018,0.104348,0.134348,seek tool,private task,work is delayed and debt marker increases,True,False,v58-loop-03716
3717,207,9,fiber loft,return_tool,Ari,repair awning,0.642651,0.658651,0.112914,0.086914,care duty,private task,trust warms and obligation decreases,True,True,v58-loop-03717
3718,207,10,west hearth,interrupt_work,Fay,fix bridge peg,0.494897,0.474897,0.302701,0.332701,private task,work,work is delayed and debt marker increases,True,True,v58-loop-03718
3719,207,11,river gate,wait_offscreen,Milo,patch cloak,0.322176,0.324176,0.489871,0.483871,recover focus,work,residents continue without avatar,True,True,v58-loop-03719
3720,207,12,arrival court,repair_trust,Sera,repair awning,0.325929,0.345929,0.493123,0.467123,work,rest,trust warms and obligation decreases,True,True,v58-loop-03720
3721,207,13,tool alcove,move,Tovan,fix bridge peg,0.476461,0.480461,0.309307,0.307307,rest,negotiate debt,position changes but history remains intact,True,True,v58-loop-03721
3722,207,14,rain court,talk,Nia,patch cloak,0.605987,0.621987,0.116476,0.090476,negotiate debt,seek tool,trust warms and obligation decreases,True,True,v58-loop-03722
3723,207,15,fiber loft,offer_help,Ari,repair awning,0.648592,0.664592,0.101415,0.075415,seek tool,care duty,trust warms and obligation decreases,True,True,v58-loop-03723
3724,207,16,west hearth,borrow_tool,Fay,fix bridge peg,0.473915,0.453915,0.278713,0.308713,care duty,recover focus,work is delayed and debt marker increases,True,False,v58-loop-03724
3725,207,17,river gate,return_tool,Milo,patch cloak,0.351766,0.371766,0.476631,0.450631,private task,recover focus,trust warms and obligation decreases,True,True,v58-loop-03725
3726,208,0,tool alcove,wait_offscreen,Sera,dry seed store,0.329102,0.327102,0.371486,0.365486,work,rest,residents continue without avatar,True,True,v58-loop-03726
3727,208,1,rain court,repair_trust,Tovan,sort herb shelf,0.468842,0.484842,0.1586,0.1326,rest,negotiate debt,trust warms and obligation decreases,True,True,v58-loop-03727
3728,208,2,fiber loft,move,Nia,map safe route,0.633952,0.637952,0.08268,0.08068,negotiate debt,seek tool,position changes but history remains intact,True,True,v58-loop-03728
3729,208,3,west hearth,talk,Ari,dry seed store,0.615733,0.631733,0.217267,0.191267,seek tool,care duty,trust warms and obligation decreases,True,True,v58-loop-03729
3730,208,4,river gate,offer_help,Fay,sort herb shelf,0.469578,0.489578,0.431993,0.405993,care duty,private task,trust warms and obligation decreases,True,True,v58-loop-03730
3731,208,5,arrival court,borrow_tool,Milo,map safe route,0.327087,0.307087,0.518864,0.548864,private task,work,work is delayed and debt marker increases,True,True,v58-loop-03731
3732,208,6,tool alcove,return_tool,Sera,dry seed store,0.344011,0.360011,0.393733,0.367733,recover focus,work,trust warms and obligation decreases,True,True,v58-loop-03732
3733,208,7,rain court,interrupt_work,Tovan,sort herb shelf,0.463139,0.443139,0.177808,0.207808,work,negotiate debt,work is delayed and debt marker increases,True,True,v58-loop-03733
3734,208,8,fiber loft,wait_offscreen,Nia,map safe route,0.616735,0.614735,0.080244,0.074244,rest,negotiate debt,residents continue without avatar,True,True,v58-loop-03734
3735,208,9,west hearth,repair_trust,Ari,dry seed store,0.641378,0.657378,0.195546,0.169546,negotiate debt,seek tool,trust warms and obligation decreases,True,True,v58-loop-03735
3736,208,10,river gate,move,Fay,sort herb shelf,0.469453,0.473453,0.412028,0.410028,seek tool,care duty,position changes but history remains intact,True,True,v58-loop-03736
3737,208,11,arrival court,talk,Milo,map safe route,0.321076,0.341076,0.519994,0.493994,care duty,private task,trust warms and obligation decreases,True,True,v58-loop-03737
3738,208,12,tool alcove,offer_help,Sera,dry seed store,0.318465,0.338465,0.414863,0.388863,private task,recover focus,trust warms and obligation decreases,True,True,v58-loop-03738
3739,208,13,rain court,borrow_tool,Tovan,sort herb shelf,0.482531,0.462531,0.19847,0.22847,recover focus,rest,work is delayed and debt marker increases,True,True,v58-loop-03739
3740,208,14,fiber loft,return_tool,Nia,map safe route,0.626645,0.642645,0.080424,0.054424,work,rest,trust warms and obligation decreases,True,True,v58-loop-03740
3741,208,15,west hearth,interrupt_work,Ari,dry seed store,0.619315,0.599315,0.17507,0.20507,rest,seek tool,work is delayed and debt marker increases,True,True,v58-loop-03741
3742,208,16,river gate,wait_offscreen,Fay,sort herb shelf,0.476725,0.474725,0.390729,0.384729,negotiate debt,seek tool,residents continue without avatar,True,True,v58-loop-03742
3743,208,17,arrival court,repair_trust,Milo,map safe route,0.328711,0.348711,0.518503,0.492503,seek tool,care duty,trust warms and obligation decreases,True,True,v58-loop-03743
3744,209,0,rain court,talk,Sera,fix bridge peg,0.338856,0.354856,0.258223,0.232223,private task,recover focus,trust warms and obligation decreases,True,True,v58-loop-03744
3745,209,1,fiber loft,offer_help,Tovan,patch cloak,0.502313,0.518313,0.093394,0.067394,recover focus,work,trust warms and obligation decreases,True,True,v58-loop-03745
3746,209,2,west hearth,borrow_tool,Nia,repair awning,0.651118,0.631118,0.128693,0.158693,work,negotiate debt,work is delayed and debt marker increases,True,True,v58-loop-03746
3747,209,3,river gate,return_tool,Ari,fix bridge peg,0.627939,0.643939,0.329928,0.303928,rest,negotiate debt,trust warms and obligation decreases,True,True,v58-loop-03747
3748,209,4,arrival court,interrupt_work,Fay,patch cloak,0.475562,0.455562,0.502173,0.532173,negotiate debt,care duty,work is delayed and debt marker increases,True,False,v58-loop-03748
3749,209,5,tool alcove,wait_offscreen,Milo,repair awning,0.319055,0.321055,0.478584,0.472584,seek tool,care duty,residents continue without avatar,True,True,v58-loop-03749
3750,209,6,rain court,repair_trust,Sera,fix bridge peg,0.338919,0.354919,0.282009,0.256009,care duty,private task,trust warms and obligation decreases,True,True,v58-loop-03750
3751,209,7,fiber loft,move,Tovan,patch cloak,0.497943,0.501943,0.102861,0.100861,private task,recover focus,position changes but history remains intact,True,True,v58-loop-03751
3752,209,8,west hearth,talk,Nia,repair awning,0.633205,0.649205,0.114672,0.088672,recover focus,work,trust warms and obligation decreases,True,True,v58-loop-03752
3753,209,9,river gate,offer_help,Ari,fix bridge peg,0.633905,0.649905,0.306,0.28,work,rest,trust warms and obligation decreases,True,True,v58-loop-03753
3754,209,10,arrival court,borrow_tool,Fay,patch cloak,0.466807,0.446807,0.491516,0.521516,rest,seek tool,work is delayed and debt marker increases,True,True,v58-loop-03754
3755,209,11,tool alcove,return_tool,Milo,repair awning,0.316395,0.336395,0.491521,0.465521,negotiate debt,seek tool,trust warms and obligation decreases,True,True,v58-loop-03755
3756,209,12,rain court,interrupt_work,Sera,fix bridge peg,0.335253,0.315253,0.306009,0.336009,seek tool,private task,work is delayed and debt marker increases,True,False,v58-loop-03756
3757,209,13,fiber loft,wait_offscreen,Tovan,patch cloak,0.484418,0.486418,0.114677,0.108677,care duty,private task,residents continue without avatar,True,True,v58-loop-03757
3758,209,14,west hearth,repair_trust,Nia,repair awning,0.652434,0.668434,0.102857,0.076857,private task,recover focus,trust warms and obligation decreases,True,True,v58-loop-03758
3759,209,15,river gate,move,Ari,fix bridge peg,0.609409,0.613409,0.282,0.28,recover focus,work,position changes but history remains intact,True,True,v58-loop-03759
3760,209,16,arrival court,talk,Fay,patch cloak,0.449665,0.469665,0.478578,0.452578,work,rest,trust warms and obligation decreases,True,True,v58-loop-03760
3761,209,17,tool alcove,offer_help,Milo,repair awning,0.312528,0.332528,0.502177,0.476177,rest,negotiate debt,trust warms and obligation decreases,True,True,v58-loop-03761
3762,210,0,fiber loft,return_tool,Sera,sort herb shelf,0.328057,0.344057,0.156088,0.130088,seek tool,care duty,trust warms and obligation decreases,True,True,v58-loop-03762
3763,210,1,west hearth,interrupt_work,Tovan,map safe route,0.51322,0.49322,0.083218,0.113218,care duty,recover focus,work is delayed and debt marker increases,True,True,v58-loop-03763
3764,210,2,river gate,wait_offscreen,Nia,dry seed store,0.63606,0.63406,0.220334,0.214334,private task,recover focus,residents continue without avatar,True,True,v58-loop-03764
3765,210,3,arrival court,repair_trust,Ari,sort herb shelf,0.599132,0.619132,0.434618,0.408618,recover focus,work,trust warms and obligation decreases,True,True,v58-loop-03765
3766,210,4,tool alcove,move,Fay,map safe route,0.445886,0.449886,0.518505,0.516505,work,rest,position changes but history remains intact,True,True,v58-loop-03766
3767,210,5,rain court,talk,Milo,dry seed store,0.328095,0.344095,0.390737,0.364737,rest,negotiate debt,trust warms and obligation decreases,True,True,v58-loop-03767
3768,210,6,fiber loft,offer_help,Sera,sort herb shelf,0.356346,0.372346,0.175077,0.149077,negotiate debt,seek tool,trust warms and obligation decreases,True,True,v58-loop-03768
3769,210,7,west hearth,borrow_tool,Tovan,map safe route,0.499983,0.479983,0.080424,0.110424,seek tool,private task,work is delayed and debt marker increases,True,True,v58-loop-03769
3770,210,8,river gate,return_tool,Nia,dry seed store,0.65233,0.66833,0.198462,0.172462,care duty,private task,trust warms and obligation decreases,True,True,v58-loop-03770
3771,210,9,arrival court,interrupt_work,Ari,sort herb shelf,0.617424,0.597424,0.414855,0.444855,private task,work,work is delayed and debt marker increases,True,True,v58-loop-03771
3772,210,10,tool alcove,wait_offscreen,Fay,map safe route,0.450157,0.448157,0.519994,0.513994,recover focus,work,residents continue without avatar,True,True,v58-loop-03772
3773,210,11,rain court,repair_trust,Milo,dry seed store,0.305901,0.325901,0.412036,0.386036,work,rest,trust warms and obligation decreases,True,True,v58-loop-03773
3774,210,12,fiber loft,move,Sera,sort herb shelf,0.340329,0.344329,0.195554,0.193554,rest,negotiate debt,position changes but history remains intact,True,True,v58-loop-03774
3775,210,13,west hearth,talk,Tovan,map safe route,0.491215,0.507215,0.080244,0.054244,negotiate debt,seek tool,trust warms and obligation decreases,True,True,v58-loop-03775
3776,210,14,river gate,offer_help,Nia,dry seed store,0.637646,0.653646,0.1778,0.1518,seek tool,care duty,trust warms and obligation decreases,True,True,v58-loop-03776
3777,210,15,arrival court,borrow_tool,Ari,sort herb shelf,0.609488,0.589488,0.393725,0.423725,care duty,recover focus,work is delayed and debt marker increases,True,True,v58-loop-03777
3778,210,16,tool alcove,return_tool,Fay,map safe route,0.443786,0.463786,0.518863,0.492863,private task,recover focus,trust warms and obligation decreases,True,True,v58-loop-03778
3779,210,17,rain court,interrupt_work,Milo,dry seed store,0.327473,0.307473,0.432,0.462,recover focus,rest,work is delayed and debt marker increases,True,True,v58-loop-03779
3780,211,0,west hearth,repair_trust,Sera,patch cloak,0.340078,0.356078,0.092284,0.066284,rest,negotiate debt,trust warms and obligation decreases,True,True,v58-loop-03780
3781,211,1,river gate,move,Tovan,repair awning,0.524419,0.528419,0.130783,0.128783,negotiate debt,seek tool,position changes but history remains intact,True,True,v58-loop-03781
3782,211,2,arrival court,talk,Nia,fix bridge peg,0.663044,0.679044,0.333194,0.307194,seek tool,care duty,trust warms and obligation decreases,True,True,v58-loop-03782
3783,211,3,tool alcove,offer_help,Ari,patch cloak,0.596994,0.616994,0.503452,0.477452,care duty,private task,trust warms and obligation decreases,True,True,v58-loop-03783
3784,211,4,rain court,borrow_tool,Fay,repair awning,0.429049,0.409049,0.476636,0.506636,private task,work,work is delayed and debt marker increases,True,False,v58-loop-03784
3785,211,5,fiber loft,return_tool,Milo,fix bridge peg,0.326246,0.342246,0.278722,0.252722,recover focus,work,trust warms and obligation decreases,True,True,v58-loop-03785
3786,211,6,west hearth,interrupt_work,Sera,patch cloak,0.343059,0.323059,0.101419,0.131419,work,negotiate debt,work is delayed and debt marker increases,True,True,v58-loop-03786
3787,211,7,river gate,wait_offscreen,Tovan,repair awning,0.525221,0.527221,0.116471,0.110471,rest,negotiate debt,residents continue without avatar,True,True,v58-loop-03787
3788,211,8,arrival court,repair_trust,Nia,fix bridge peg,0.640563,0.656563,0.309298,0.283298,negotiate debt,seek tool,trust warms and obligation decreases,True,True,v58-loop-03788
3789,211,9,tool alcove,move,Ari,patch cloak,0.600844,0.604844,0.493119,0.491119,seek tool,care duty,position changes but history remains intact,True,True,v58-loop-03789
3790,211,10,rain court,talk,Fay,repair awning,0.440358,0.460358,0.489875,0.463875,care duty,private task,trust warms and obligation decreases,True,True,v58-loop-03790
3791,211,11,fiber loft,offer_help,Milo,fix bridge peg,0.304592,0.320592,0.30271,0.27671,private task,recover focus,trust warms and obligation decreases,True,True,v58-loop-03791
3792,211,12,west hearth,borrow_tool,Sera,patch cloak,0.364571,0.344571,0.112919,0.142919,recover focus,rest,work is delayed and debt marker increases,True,False,v58-loop-03792
3793,211,13,river gate,return_tool,Tovan,repair awning,0.510928,0.526928,0.104344,0.078344,work,rest,trust warms and obligation decreases,True,True,v58-loop-03793
3794,211,14,arrival court,interrupt_work,Nia,fix bridge peg,0.63954,0.61954,0.285291,0.315291,rest,seek tool,work is delayed and debt marker increases,True,True,v58-loop-03794
3795,211,15,tool alcove,wait_offscreen,Ari,patch cloak,0.610812,0.612812,0.480485,0.474485,negotiate debt,seek tool,residents continue without avatar,True,True,v58-loop-03795
3796,211,16,rain court,repair_trust,Fay,repair awning,0.443607,0.463607,0.500853,0.474853,seek tool,care duty,trust warms and obligation decreases,True,True,v58-loop-03796
3797,211,17,fiber loft,move,Milo,fix bridge peg,0.30866,0.31266,0.326665,0.324665,care duty,private task,position changes but history remains intact,True,True,v58-loop-03797
3798,212,0,river gate,offer_help,Sera,map safe route,0.34329,0.35929,0.083805,0.057805,recover focus,work,trust warms and obligation decreases,True,True,v58-loop-03798
3799,212,1,arrival court,borrow_tool,Tovan,dry seed store,0.51949,0.49949,0.223419,0.253419,work,negotiate debt,work is delayed and debt marker increases,True,True,v58-loop-03799
3800,212,2,tool alcove,return_tool,Nia,sort herb shelf,0.653614,0.673614,0.437213,0.411213,rest,negotiate debt,trust warms and obligation decreases,True,True,v58-loop-03800
3801,212,3,rain court,interrupt_work,Ari,map safe route,0.59254,0.57254,0.518096,0.548096,negotiate debt,care duty,work is delayed and debt marker increases,True,True,v58-loop-03801
3802,212,4,fiber loft,wait_offscreen,Fay,dry seed store,0.423476,0.421476,0.387721,0.381721,seek tool,care duty,residents continue without avatar,True,True,v58-loop-03802
3803,212,5,west hearth,repair_trust,Milo,sort herb shelf,0.306023,0.322023,0.172375,0.146375,care duty,private task,trust warms and obligation decreases,True,True,v58-loop-03803
3804,212,6,river gate,move,Sera,map safe route,0.343241,0.347241,0.080653,0.078653,private task,recover focus,position changes but history remains intact,True,True,v58-loop-03804
3805,212,7,arrival court,talk,Tovan,dry seed store,0.525308,0.541308,0.201401,0.175401,recover focus,work,trust warms and obligation decreases,True,True,v58-loop-03805
3806,212,8,tool alcove,offer_help,Nia,sort herb shelf,0.658886,0.678886,0.417657,0.391657,work,rest,trust warms and obligation decreases,True,True,v58-loop-03806
3807,212,9,rain court,borrow_tool,Ari,map safe route,0.591117,0.571117,0.519944,0.549944,rest,seek tool,work is delayed and debt marker increases,True,True,v58-loop-03807
3808,212,10,fiber loft,return_tool,Fay,dry seed store,0.429657,0.449657,0.409183,0.383183,negotiate debt,seek tool,trust warms and obligation decreases,True,True,v58-loop-03808
3809,212,11,west hearth,interrupt_work,Milo,sort herb shelf,0.308991,0.288991,0.192662,0.222662,seek tool,private task,work is delayed and debt marker increases,True,True,v58-loop-03809
3810,212,12,river gate,wait_offscreen,Sera,map safe route,0.36412,0.36212,0.080113,0.074113,care duty,private task,residents continue without avatar,True,True,v58-loop-03810
3811,212,13,arrival court,repair_trust,Tovan,dry seed store,0.508402,0.524402,0.180558,0.154558,private task,recover focus,trust warms and obligation decreases,True,True,v58-loop-03811
3812,212,14,tool alcove,move,Nia,sort herb shelf,0.638994,0.642994,0.3967,0.3947,recover focus,work,position changes but history remains intact,True,True,v58-loop-03812
3813,212,15,rain court,talk,Ari,map safe route,0.582503,0.602503,0.519174,0.493174,work,rest,trust warms and obligation decreases,True,True,v58-loop-03813
3814,212,16,fiber loft,offer_help,Fay,dry seed store,0.433487,0.453487,0.429345,0.403345,rest,negotiate debt,trust warms and obligation decreases,True,True,v58-loop-03814
3815,212,17,west hearth,borrow_tool,Milo,sort herb shelf,0.322223,0.302223,0.214227,0.244227,negotiate debt,care duty,work is delayed and debt marker increases,True,True,v58-loop-03815
3816,213,0,arrival court,interrupt_work,Sera,repair awning,0.352149,0.332149,0.132911,0.162911,care duty,recover focus,work is delayed and debt marker increases,True,False,v58-loop-03816
3817,213,1,tool alcove,wait_offscreen,Tovan,fix bridge peg,0.546873,0.548873,0.336452,0.330452,private task,recover focus,residents continue without avatar,True,True,v58-loop-03817
3818,213,2,rain court,repair_trust,Nia,patch cloak,0.663542,0.683542,0.504685,0.478685,recover focus,work,trust warms and obligation decreases,True,True,v58-loop-03818
3819,213,3,fiber loft,move,Ari,repair awning,0.572289,0.576289,0.474649,0.472649,work,rest,position changes but history remains intact,True,True,v58-loop-03819
3820,213,4,west hearth,talk,Fay,fix bridge peg,0.424788,0.440788,0.27544,0.24944,rest,negotiate debt,trust warms and obligation decreases,True,True,v58-loop-03820
3821,213,5,river gate,offer_help,Milo,patch cloak,0.299358,0.315358,0.100021,0.074021,negotiate debt,seek tool,trust warms and obligation decreases,True,True,v58-loop-03821
3822,213,6,arrival court,borrow_tool,Sera,repair awning,0.372352,0.352352,0.118311,0.148311,seek tool,private task,work is delayed and debt marker increases,True,True,v58-loop-03822
3823,213,7,tool alcove,return_tool,Tovan,fix bridge peg,0.528364,0.544364,0.312594,0.286594,care duty,private task,trust warms and obligation decreases,True,True,v58-loop-03823
3824,213,8,rain court,interrupt_work,Nia,patch cloak,0.652595,0.632595,0.494678,0.524678,private task,work,work is delayed and debt marker increases,True,False,v58-loop-03824
3825,213,9,fiber loft,wait_offscreen,Ari,repair awning,0.593192,0.595192,0.488187,0.482187,recover focus,work,residents continue without avatar,True,True,v58-loop-03825
3826,213,10,west hearth,repair_trust,Fay,fix bridge peg,0.409357,0.425357,0.29941,0.27341,work,rest,trust warms and obligation decreases,True,True,v58-loop-03826
3827,213,11,river gate,move,Milo,patch cloak,0.293823,0.297823,0.111204,0.109204,rest,negotiate debt,position changes but history remains intact,True,True,v58-loop-03827
3828,213,12,arrival court,talk,Sera,repair awning,0.383519,0.399519,0.105875,0.079875,negotiate debt,seek tool,trust warms and obligation decreases,True,True,v58-loop-03828
3829,213,13,tool alcove,offer_help,Tovan,fix bridge peg,0.541907,0.557907,0.288585,0.262585,seek tool,care duty,trust warms and obligation decreases,True,True,v58-loop-03829
3830,213,14,rain court,borrow_tool,Nia,patch cloak,0.665641,0.645641,0.482352,0.512352,care duty,recover focus,work is delayed and debt marker increases,True,True,v58-loop-03830
3831,213,15,fiber loft,return_tool,Ari,repair awning,0.594064,0.614064,0.499484,0.473484,private task,recover focus,trust warms and obligation decreases,True,True,v58-loop-03831
3832,213,16,west hearth,interrupt_work,Fay,fix bridge peg,0.401212,0.381212,0.323386,0.353386,recover focus,rest,work is delayed and debt marker increases,True,False,v58-loop-03832
3833,213,17,river gate,wait_offscreen,Milo,patch cloak,0.30467,0.30667,0.124635,0.118635,work,rest,residents continue without avatar,True,True,v58-loop-03833
3834,214,0,tool alcove,move,Sera,dry seed store,0.365805,0.369805,0.226521,0.224521,negotiate debt,seek tool,position changes but history remains intact,True,True,v58-loop-03834
3835,214,1,rain court,talk,Tovan,sort herb shelf,0.542108,0.562108,0.439777,0.413777,seek tool,care duty,trust warms and obligation decreases,True,True,v58-loop-03835
3836,214,2,fiber loft,offer_help,Nia,map safe route,0.673978,0.693978,0.517638,0.491638,care duty,private task,trust warms and obligation decreases,True,True,v58-loop-03836
3837,214,3,west hearth,borrow_tool,Ari,dry seed store,0.587744,0.567744,0.384685,0.414685,private task,work,work is delayed and debt marker increases,True,True,v58-loop-03837
3838,214,4,river gate,return_tool,Fay,sort herb shelf,0.405766,0.421766,0.169701,0.143701,recover focus,work,trust warms and obligation decreases,True,True,v58-loop-03838
3839,214,5,arrival court,interrupt_work,Milo,map safe route,0.297624,0.277624,0.080932,0.110932,work,negotiate debt,work is delayed and debt marker increases,True,True,v58-loop-03839
3840,214,6,tool alcove,wait_offscreen,Sera,dry seed store,0.3917,0.3897,0.204362,0.198362,rest,negotiate debt,residents continue without avatar,True,True,v58-loop-03840
3841,214,7,rain court,repair_trust,Tovan,sort herb shelf,0.532035,0.552035,0.420432,0.394432,negotiate debt,seek tool,trust warms and obligation decreases,True,True,v58-loop-03841
3842,214,8,fiber loft,move,Nia,map safe route,0.646795,0.650795,0.519846,0.517846,seek tool,care duty,position changes but history remains intact,True,True,v58-loop-03842
3843,214,9,west hearth,talk,Ari,dry seed store,0.589843,0.609843,0.406306,0.380306,care duty,private task,trust warms and obligation decreases,True,True,v58-loop-03843
3844,214,10,river gate,offer_help,Fay,sort herb shelf,0.398221,0.414221,0.189794,0.163794,private task,recover focus,trust warms and obligation decreases,True,True,v58-loop-03844
3845,214,11,arrival court,borrow_tool,Milo,map safe route,0.321605,0.301605,0.080032,0.110032,recover focus,rest,work is delayed and debt marker increases,True,True,v58-loop-03845
3846,214,12,tool alcove,return_tool,Sera,dry seed store,0.390112,0.406112,0.183342,0.157342,work,rest,trust warms and obligation decreases,True,True,v58-loop-03846
3847,214,13,rain court,interrupt_work,Tovan,sort herb shelf,0.54834,0.52834,0.399653,0.429653,rest,seek tool,work is delayed and debt marker increases,True,True,v58-loop-03847
3848,214,14,fiber loft,wait_offscreen,Nia,map safe route,0.667843,0.665843,0.519435,0.513435,negotiate debt,seek tool,residents continue without avatar,True,True,v58-loop-03848
3849,214,15,west hearth,repair_trust,Ari,dry seed store,0.582753,0.602753,0.426662,0.400662,seek tool,care duty,trust warms and obligation decreases,True,True,v58-loop-03849
3850,214,16,river gate,move,Fay,sort herb shelf,0.391198,0.395198,0.211198,0.209198,care duty,private task,position changes but history remains intact,True,True,v58-loop-03850
3851,214,17,arrival court,talk,Milo,map safe route,0.317234,0.333234,0.081752,0.055752,private task,recover focus,trust warms and obligation decreases,True,True,v58-loop-03851
3852,215,0,rain court,borrow_tool,Sera,fix bridge peg,0.399027,0.379027,0.339703,0.369703,work,negotiate debt,work is delayed and debt marker increases,True,False,v58-loop-03852
3853,215,1,fiber loft,return_tool,Tovan,patch cloak,0.549921,0.569921,0.505871,0.479871,rest,negotiate debt,trust warms and obligation decreases,True,True,v58-loop-03853
3854,215,2,west hearth,interrupt_work,Nia,repair awning,0.651912,0.631912,0.472623,0.502623,negotiate debt,care duty,work is delayed and debt marker increases,True,True,v58-loop-03854
3855,215,3,river gate,wait_offscreen,Ari,fix bridge peg,0.554564,0.556564,0.272164,0.266164,seek tool,care duty,residents continue without avatar,True,True,v58-loop-03855
3856,215,4,arrival court,repair_trust,Fay,patch cloak,0.406474,0.422474,0.098668,0.072668,care duty,private task,trust warms and obligation decreases,True,True,v58-loop-03856
3857,215,5,tool alcove,move,Milo,repair awning,0.297128,0.301128,0.120192,0.118192,private task,recover focus,position changes but history remains intact,True,True,v58-loop-03857
3858,215,6,rain court,talk,Sera,fix bridge peg,0.386009,0.402009,0.315887,0.289887,recover focus,work,trust warms and obligation decreases,True,True,v58-loop-03858
3859,215,7,fiber loft,offer_help,Tovan,patch cloak,0.545147,0.565147,0.496193,0.470193,work,rest,trust warms and obligation decreases,True,True,v58-loop-03859
3860,215,8,west hearth,borrow_tool,Nia,repair awning,0.675176,0.655176,0.486457,0.516457,rest,seek tool,work is delayed and debt marker increases,True,False,v58-loop-03860
3861,215,9,river gate,return_tool,Ari,fix bridge peg,0.56753,0.58353,0.29611,0.27011,negotiate debt,seek tool,trust warms and obligation decreases,True,True,v58-loop-03861
3862,215,10,arrival court,interrupt_work,Fay,patch cloak,0.378402,0.358402,0.109531,0.139531,seek tool,private task,work is delayed and debt marker increases,True,True,v58-loop-03862
3863,215,11,tool alcove,wait_offscreen,Milo,repair awning,0.290924,0.292924,0.10745,0.10145,care duty,private task,residents continue without avatar,True,True,v58-loop-03863
3864,215,12,rain court,repair_trust,Sera,fix bridge peg,0.379782,0.395782,0.291882,0.265882,private task,recover focus,trust warms and obligation decreases,True,True,v58-loop-03864
3865,215,13,fiber loft,move,Tovan,patch cloak,0.557783,0.561783,0.484178,0.482178,recover focus,work,position changes but history remains intact,True,True,v58-loop-03865
3866,215,14,west hearth,talk,Nia,repair awning,0.67554,0.69554,0.49807,0.47207,work,rest,trust warms and obligation decreases,True,True,v58-loop-03866
3867,215,15,river gate,offer_help,Ari,fix bridge peg,0.561936,0.577936,0.320102,0.294102,rest,negotiate debt,trust warms and obligation decreases,True,True,v58-loop-03867
3868,215,16,arrival court,borrow_tool,Fay,patch cloak,0.374926,0.354926,0.122662,0.152662,negotiate debt,care duty,work is delayed and debt marker increases,True,False,v58-loop-03868
3869,215,17,tool alcove,return_tool,Milo,repair awning,0.304499,0.320499,0.097,0.071,seek tool,care duty,trust warms and obligation decreases,True,True,v58-loop-03869
3870,216,0,fiber loft,wait_offscreen,Sera,sort herb shelf,0.391793,0.389793,0.442309,0.436309,private task,recover focus,residents continue without avatar,True,True,v58-loop-03870
3871,216,1,west hearth,repair_trust,Tovan,map safe route,0.573899,0.593899,0.517131,0.491131,recover focus,work,trust warms and obligation decreases,True,True,v58-loop-03871
3872,216,2,river gate,move,Nia,dry seed store,0.665212,0.669212,0.381629,0.379629,work,rest,position changes but history remains intact,True,True,v58-loop-03872
3873,216,3,arrival court,talk,Ari,sort herb shelf,0.569184,0.585184,0.167057,0.141057,rest,negotiate debt,trust warms and obligation decreases,True,True,v58-loop-03873
3874,216,4,tool alcove,offer_help,Fay,map safe route,0.375468,0.391468,0.08126,0.05526,negotiate debt,seek tool,trust warms and obligation decreases,True,True,v58-loop-03874
3875,216,5,rain court,borrow_tool,Milo,dry seed store,0.306285,0.286285,0.207345,0.237345,seek tool,private task,work is delayed and debt marker increases,True,True,v58-loop-03875
3876,216,6,fiber loft,return_tool,Sera,sort herb shelf,0.396719,0.416719,0.42318,0.39718,care duty,private task,trust warms and obligation decreases,True,True,v58-loop-03876
3877,216,7,west hearth,interrupt_work,Tovan,map safe route,0.564667,0.544667,0.519697,0.549697,private task,work,work is delayed and debt marker increases,True,True,v58-loop-03877
3878,216,8,river gate,wait_offscreen,Nia,dry seed store,0.657864,0.655864,0.403405,0.397405,recover focus,work,residents continue without avatar,True,True,v58-loop-03878
3879,216,9,arrival court,repair_trust,Ari,sort herb shelf,0.547176,0.563176,0.18695,0.16095,work,rest,trust warms and obligation decreases,True,True,v58-loop-03879
3880,216,10,tool alcove,move,Fay,map safe route,0.396485,0.400485,0.08,0.078,rest,negotiate debt,position changes but history remains intact,True,True,v58-loop-03880
3881,216,11,rain court,talk,Milo,dry seed store,0.322571,0.338571,0.186153,0.160153,negotiate debt,seek tool,trust warms and obligation decreases,True,True,v58-loop-03881
3882,216,12,fiber loft,offer_help,Sera,sort herb shelf,0.384958,0.404958,0.402583,0.376583,seek tool,care duty,trust warms and obligation decreases,True,True,v58-loop-03882
3883,216,13,west hearth,borrow_tool,Tovan,map safe route,0.571067,0.551067,0.519646,0.549646,care duty,recover focus,work is delayed and debt marker increases,True,True,v58-loop-03883
3884,216,14,river gate,return_tool,Nia,dry seed store,0.662717,0.682717,0.423949,0.397949,private task,recover focus,trust warms and obligation decreases,True,True,v58-loop-03884
3885,216,15,arrival court,interrupt_work,Ari,sort herb shelf,0.550697,0.530697,0.208189,0.238189,recover focus,rest,work is delayed and debt marker increases,True,True,v58-loop-03885
3886,216,16,tool alcove,wait_offscreen,Fay,map safe route,0.386856,0.384856,0.081361,0.075361,work,rest,residents continue without avatar,True,True,v58-loop-03886
3887,216,17,rain court,repair_trust,Milo,dry seed store,0.301912,0.317912,0.166318,0.140318,rest,negotiate debt,trust warms and obligation decreases,True,True,v58-loop-03887
3888,217,0,west hearth,talk,Sera,patch cloak,0.395593,0.415593,0.507012,0.481012,seek tool,care duty,trust warms and obligation decreases,True,True,v58-loop-03888
3889,217,1,river gate,offer_help,Tovan,repair awning,0.565686,0.585686,0.470558,0.444558,care duty,private task,trust warms and obligation decreases,True,True,v58-loop-03889
3890,217,2,arrival court,borrow_tool,Nia,fix bridge peg,0.682919,0.662919,0.268894,0.298894,private task,work,work is delayed and debt marker increases,True,True,v58-loop-03890
3891,217,3,tool alcove,return_tool,Ari,patch cloak,0.545069,0.561069,0.09736,0.07136,recover focus,work,trust warms and obligation decreases,True,True,v58-loop-03891
3892,217,4,rain court,interrupt_work,Fay,repair awning,0.383958,0.363958,0.122114,0.152114,work,negotiate debt,work is delayed and debt marker increases,True,False,v58-loop-03892
3893,217,5,fiber loft,wait_offscreen,Milo,fix bridge peg,0.296965,0.298965,0.319176,0.313176,rest,negotiate debt,residents continue without avatar,True,True,v58-loop-03893
3894,217,6,west hearth,repair_trust,Sera,patch cloak,0.42659,0.44659,0.497664,0.471664,negotiate debt,seek tool,trust warms and obligation decreases,True,True,v58-loop-03894
3895,217,7,river gate,move,Tovan,repair awning,0.56986,0.57386,0.484685,0.482685,seek tool,care duty,position changes but history remains intact,True,True,v58-loop-03895
3896,217,8,arrival court,talk,Nia,fix bridge peg,0.666183,0.682183,0.292811,0.266811,care duty,private task,trust warms and obligation decreases,True,True,v58-loop-03896
3897,217,9,tool alcove,offer_help,Ari,patch cloak,0.532428,0.548428,0.107901,0.081901,private task,recover focus,trust warms and obligation decreases,True,True,v58-loop-03897
3898,217,10,rain court,borrow_tool,Fay,repair awning,0.375697,0.355697,0.109067,0.139067,recover focus,rest,work is delayed and debt marker increases,True,True,v58-loop-03898
3899,217,11,fiber loft,return_tool,Milo,fix bridge peg,0.312965,0.328965,0.29518,0.26918,work,rest,trust warms and obligation decreases,True,True,v58-loop-03899
3900,217,12,west hearth,interrupt_work,Sera,patch cloak,0.409074,0.389074,0.485962,0.515962,rest,seek tool,work is delayed and debt marker increases,True,False,v58-loop-03900
3901,217,13,river gate,wait_offscreen,Tovan,repair awning,0.57306,0.57506,0.496612,0.490612,negotiate debt,seek tool,residents continue without avatar,True,True,v58-loop-03901
3902,217,14,arrival court,repair_trust,Nia,fix bridge peg,0.683889,0.699889,0.316814,0.290814,seek tool,care duty,trust warms and obligation decreases,True,True,v58-loop-03902
3903,217,15,tool alcove,move,Ari,patch cloak,0.549672,0.553672,0.12073,0.11873,care duty,private task,position changes but history remains intact,True,True,v58-loop-03903
3904,217,16,rain court,talk,Fay,repair awning,0.376032,0.392032,0.098295,0.072295,private task,recover focus,trust warms and obligation decreases,True,True,v58-loop-03904
3905,217,17,fiber loft,offer_help,Milo,fix bridge peg,0.311859,0.327859,0.271242,0.245242,recover focus,work,trust warms and obligation decreases,True,True,v58-loop-03905
3906,218,0,river gate,return_tool,Sera,map safe route,0.409154,0.429154,0.516576,0.490576,rest,negotiate debt,trust warms and obligation decreases,True,True,v58-loop-03906
3907,218,1,arrival court,interrupt_work,Tovan,dry seed store,0.5961,0.5761,0.378556,0.408556,negotiate debt,care duty,work is delayed and debt marker increases,True,True,v58-loop-03907
3908,218,2,tool alcove,wait_offscreen,Nia,sort herb shelf,0.678607,0.676607,0.164443,0.158443,seek tool,care duty,residents continue without avatar,True,True,v58-loop-03908
3909,218,3,rain court,repair_trust,Ari,map safe route,0.541683,0.557683,0.081637,0.055637,care duty,private task,trust warms and obligation decreases,True,True,v58-loop-03909
3910,218,4,fiber loft,move,Fay,dry seed store,0.365483,0.369483,0.210348,0.208348,private task,recover focus,position changes but history remains intact,True,True,v58-loop-03910
3911,218,5,west hearth,talk,Milo,sort herb shelf,0.31943,0.33943,0.4259,0.3999,recover focus,work,trust warms and obligation decreases,True,True,v58-loop-03911
3912,218,6,river gate,offer_help,Sera,map safe route,0.406247,0.426247,0.519499,0.493499,work,rest,trust warms and obligation decreases,True,True,v58-loop-03912
3913,218,7,arrival court,borrow_tool,Tovan,dry seed store,0.608709,0.588709,0.400481,0.430481,rest,seek tool,work is delayed and debt marker increases,True,True,v58-loop-03913
3914,218,8,tool alcove,return_tool,Nia,sort herb shelf,0.666906,0.682906,0.184132,0.158132,negotiate debt,seek tool,trust warms and obligation decreases,True,True,v58-loop-03914
3915,218,9,rain court,interrupt_work,Ari,map safe route,0.534496,0.514496,0.080018,0.110018,seek tool,private task,work is delayed and debt marker increases,True,True,v58-loop-03915
3916,218,10,fiber loft,wait_offscreen,Fay,dry seed store,0.373068,0.371068,0.18899,0.18299,care duty,private task,residents continue without avatar,True,True,v58-loop-03916
3917,218,11,west hearth,repair_trust,Milo,sort herb shelf,0.318216,0.338216,0.405491,0.379491,private task,recover focus,trust warms and obligation decreases,True,True,v58-loop-03917
3918,218,12,river gate,move,Sera,map safe route,0.437391,0.441391,0.519809,0.517809,recover focus,work,position changes but history remains intact,True,True,v58-loop-03918
3919,218,13,arrival court,talk,Tovan,dry seed store,0.587109,0.607109,0.421209,0.395209,work,rest,trust warms and obligation decreases,True,True,v58-loop-03919
3920,218,14,tool alcove,offer_help,Nia,sort herb shelf,0.657101,0.673101,0.2052,0.1792,rest,negotiate debt,trust warms and obligation decreases,True,True,v58-loop-03920
3921,218,15,rain court,borrow_tool,Ari,map safe route,0.544359,0.524359,0.081019,0.111019,negotiate debt,care duty,work is delayed and debt marker increases,True,True,v58-loop-03921
3922,218,16,fiber loft,return_tool,Fay,dry seed store,0.371869,0.387869,0.168953,0.142953,seek tool,care duty,trust warms and obligation decreases,True,True,v58-loop-03922
3923,218,17,west hearth,interrupt_work,Milo,sort herb shelf,0.316149,0.296149,0.383826,0.413826,care duty,recover focus,work is delayed and debt marker increases,True,True,v58-loop-03923
3924,219,0,arrival court,repair_trust,Sera,repair awning,0.443977,0.463977,0.468454,0.442454,recover focus,work,trust warms and obligation decreases,True,True,v58-loop-03924
3925,219,1,tool alcove,move,Tovan,fix bridge peg,0.605758,0.609758,0.26563,0.26363,work,rest,position changes but history remains intact,True,True,v58-loop-03925
3926,219,2,rain court,talk,Nia,patch cloak,0.670125,0.686125,0.096098,0.070098,rest,negotiate debt,trust warms and obligation decreases,True,True,v58-loop-03926
3927,219,3,fiber loft,offer_help,Ari,repair awning,0.528688,0.544688,0.124075,0.098075,negotiate debt,seek tool,trust warms and obligation decreases,True,True,v58-loop-03927
3928,219,4,west hearth,borrow_tool,Fay,fix bridge peg,0.354452,0.334452,0.322461,0.352461,seek tool,private task,work is delayed and debt marker increases,True,False,v58-loop-03928
3929,219,5,river gate,return_tool,Milo,patch cloak,0.326448,0.346448,0.49909,0.47309,care duty,private task,trust warms and obligation decreases,True,True,v58-loop-03929
3930,219,6,arrival court,interrupt_work,Sera,repair awning,0.450185,0.430185,0.482871,0.512871,private task,work,work is delayed and debt marker increases,True,True,v58-loop-03930
3931,219,7,tool alcove,wait_offscreen,Tovan,fix bridge peg,0.615751,0.617751,0.289514,0.283514,recover focus,work,residents continue without avatar,True,True,v58-loop-03931
3932,219,8,rain court,repair_trust,Nia,patch cloak,0.667948,0.683948,0.106314,0.080314,work,rest,trust warms and obligation decreases,True,True,v58-loop-03932
3933,219,9,fiber loft,move,Ari,repair awning,0.520485,0.524485,0.110728,0.108728,rest,negotiate debt,position changes but history remains intact,True,True,v58-loop-03933
3934,219,10,west hearth,talk,Fay,fix bridge peg,0.344434,0.360434,0.29848,0.27248,negotiate debt,seek tool,trust warms and obligation decreases,True,True,v58-loop-03934
3935,219,11,river gate,offer_help,Milo,patch cloak,0.297159,0.317159,0.487704,0.461704,seek tool,care duty,trust warms and obligation decreases,True,True,v58-loop-03935
3936,219,12,arrival court,borrow_tool,Sera,repair awning,0.451281,0.431281,0.495109,0.525109,care duty,recover focus,work is delayed and debt marker increases,True,False,v58-loop-03936
3937,219,13,tool alcove,return_tool,Tovan,fix bridge peg,0.590704,0.606704,0.313522,0.287522,private task,recover focus,trust warms and obligation decreases,True,True,v58-loop-03937
3938,219,14,rain court,interrupt_work,Nia,patch cloak,0.683216,0.663216,0.118837,0.148837,recover focus,rest,work is delayed and debt marker increases,True,True,v58-loop-03938
3939,219,15,fiber loft,wait_offscreen,Ari,repair awning,0.508899,0.510899,0.099635,0.093635,work,rest,residents continue without avatar,True,True,v58-loop-03939
3940,219,16,west hearth,repair_trust,Fay,fix bridge peg,0.349816,0.365816,0.274516,0.248516,rest,negotiate debt,trust warms and obligation decreases,True,True,v58-loop-03940
3941,219,17,river gate,move,Milo,patch cloak,0.328718,0.332718,0.474082,0.472082,negotiate debt,seek tool,position changes but history remains intact,True,True,v58-loop-03941
3942,220,0,tool alcove,offer_help,Sera,dry seed store,0.431666,0.447666,0.375465,0.349465,care duty,private task,trust warms and obligation decreases,True,True,v58-loop-03942
3943,220,1,rain court,borrow_tool,Tovan,sort herb shelf,0.614202,0.594202,0.161859,0.191859,private task,work,work is delayed and debt marker increases,True,True,v58-loop-03943
3944,220,2,fiber loft,return_tool,Nia,map safe route,0.663633,0.679633,0.082064,0.056064,recover focus,work,trust warms and obligation decreases,True,True,v58-loop-03944
3945,220,3,west hearth,interrupt_work,Ari,dry seed store,0.52042,0.50042,0.213372,0.243372,work,negotiate debt,work is delayed and debt marker increases,True,True,v58-loop-03945
3946,220,4,river gate,wait_offscreen,Fay,sort herb shelf,0.349466,0.347466,0.428592,0.422592,rest,negotiate debt,residents continue without avatar,True,True,v58-loop-03946
3947,220,5,arrival court,repair_trust,Milo,map safe route,0.323634,0.343634,0.519252,0.493252,negotiate debt,seek tool,trust warms and obligation decreases,True,True,v58-loop-03947
3948,220,6,tool alcove,move,Sera,dry seed store,0.438719,0.442719,0.397534,0.395534,seek tool,care duty,position changes but history remains intact,True,True,v58-loop-03948
3949,220,7,rain court,talk,Tovan,sort herb shelf,0.606753,0.622753,0.18134,0.15534,care duty,private task,trust warms and obligation decreases,True,True,v58-loop-03949
3950,220,8,fiber loft,offer_help,Nia,map safe route,0.652455,0.668455,0.080086,0.054086,private task,recover focus,trust warms and obligation decreases,True,True,v58-loop-03950
3951,220,9,west hearth,borrow_tool,Ari,dry seed store,0.507663,0.487663,0.191851,0.221851,recover focus,rest,work is delayed and debt marker increases,True,True,v58-loop-03951
3952,220,10,river gate,return_tool,Fay,sort herb shelf,0.353959,0.373959,0.408375,0.382375,work,rest,trust warms and obligation decreases,True,True,v58-loop-03952
3953,220,11,arrival court,interrupt_work,Milo,map safe route,0.332314,0.312314,0.519922,0.549922,rest,seek tool,work is delayed and debt marker increases,True,True,v58-loop-03953
3954,220,12,tool alcove,wait_offscreen,Sera,dry seed store,0.463401,0.461401,0.418442,0.412442,negotiate debt,seek tool,residents continue without avatar,True,True,v58-loop-03954
3955,220,13,rain court,repair_trust,Tovan,sort herb shelf,0.599143,0.615143,0.202233,0.176233,seek tool,care duty,trust warms and obligation decreases,True,True,v58-loop-03955
3956,220,14,fiber loft,move,Nia,map safe route,0.674361,0.678361,0.080727,0.078727,care duty,private task,position changes but history remains intact,True,True,v58-loop-03956
3957,220,15,west hearth,talk,Ari,dry seed store,0.514069,0.530069,0.171619,0.145619,private task,recover focus,trust warms and obligation decreases,True,True,v58-loop-03957
3958,220,16,river gate,offer_help,Fay,sort herb shelf,0.334258,0.350258,0.386867,0.360867,recover focus,work,trust warms and obligation decreases,True,True,v58-loop-03958
3959,220,17,arrival court,borrow_tool,Milo,map safe route,0.323029,0.303029,0.517972,0.547972,work,negotiate debt,work is delayed and debt marker increases,True,True,v58-loop-03959
3960,221,0,rain court,interrupt_work,Sera,fix bridge peg,0.458223,0.438223,0.262375,0.292375,negotiate debt,care duty,work is delayed and debt marker increases,True,False,v58-loop-03960
3961,221,1,fiber loft,wait_offscreen,Tovan,patch cloak,0.623847,0.625847,0.094882,0.088882,seek tool,care duty,residents continue without avatar,True,True,v58-loop-03961
3962,221,2,west hearth,repair_trust,Nia,repair awning,0.651861,0.667861,0.126077,0.100077,care duty,private task,trust warms and obligation decreases,True,True,v58-loop-03962
3963,221,3,river gate,move,Ari,fix bridge peg,0.505849,0.509849,0.325742,0.323742,private task,recover focus,position changes but history remains intact,True,True,v58-loop-03963
3964,221,4,arrival court,talk,Fay,patch cloak,0.333795,0.353795,0.500472,0.474472,recover focus,work,trust warms and obligation decreases,True,True,v58-loop-03964
3965,221,5,tool alcove,offer_help,Milo,repair awning,0.315558,0.335558,0.481016,0.455016,work,rest,trust warms and obligation decreases,True,True,v58-loop-03965
3966,221,6,rain court,borrow_tool,Sera,fix bridge peg,0.456342,0.436342,0.286219,0.316219,rest,seek tool,work is delayed and debt marker increases,True,True,v58-loop-03966
3967,221,7,fiber loft,return_tool,Tovan,patch cloak,0.605703,0.621703,0.104771,0.078771,negotiate debt,seek tool,trust warms and obligation decreases,True,True,v58-loop-03967
3968,221,8,west hearth,interrupt_work,Nia,repair awning,0.652359,0.632359,0.112432,0.142432,seek tool,private task,work is delayed and debt marker increases,True,False,v58-loop-03968
3969,221,9,river gate,wait_offscreen,Ari,fix bridge peg,0.477025,0.479025,0.30178,0.29578,care duty,private task,residents continue without avatar,True,True,v58-loop-03969
3970,221,10,arrival court,repair_trust,Fay,patch cloak,0.33056,0.35056,0.489404,0.463404,private task,recover focus,trust warms and obligation decreases,True,True,v58-loop-03970
3971,221,11,tool alcove,move,Milo,repair awning,0.311844,0.315844,0.493562,0.491562,recover focus,work,position changes but history remains intact,True,True,v58-loop-03971
3972,221,12,rain court,talk,Sera,fix bridge peg,0.462326,0.478326,0.310227,0.284227,work,rest,trust warms and obligation decreases,True,True,v58-loop-03972
3973,221,13,fiber loft,offer_help,Tovan,patch cloak,0.61378,0.62978,0.116985,0.090985,rest,negotiate debt,trust warms and obligation decreases,True,True,v58-loop-03973
3974,221,14,west hearth,borrow_tool,Nia,repair awning,0.67237,0.65237,0.10102,0.13102,negotiate debt,care duty,work is delayed and debt marker increases,True,True,v58-loop-03974
3975,221,15,river gate,return_tool,Ari,fix bridge peg,0.501997,0.517997,0.277797,0.251797,seek tool,care duty,trust warms and obligation decreases,True,True,v58-loop-03975
3976,221,16,arrival court,interrupt_work,Fay,patch cloak,0.353753,0.333753,0.47608,0.50608,care duty,recover focus,work is delayed and debt marker increases,True,False,v58-loop-03976
3977,221,17,tool alcove,wait_offscreen,Milo,repair awning,0.319779,0.321779,0.503804,0.497804,private task,recover focus,residents continue without avatar,True,True,v58-loop-03977
3978,222,0,fiber loft,move,Sera,sort herb shelf,0.469155,0.473155,0.159307,0.157307,work,rest,position changes but history remains intact,True,True,v58-loop-03978
3979,222,1,west hearth,talk,Tovan,map safe route,0.641278,0.657278,0.082539,0.056539,rest,negotiate debt,trust warms and obligation decreases,True,True,v58-loop-03979
3980,222,2,river gate,offer_help,Nia,dry seed store,0.659946,0.675946,0.216415,0.190415,negotiate debt,seek tool,trust warms and obligation decreases,True,True,v58-loop-03980
3981,222,3,arrival court,borrow_tool,Ari,sort herb shelf,0.475474,0.455474,0.431255,0.461255,seek tool,private task,work is delayed and debt marker increases,True,True,v58-loop-03981
3982,222,4,tool alcove,return_tool,Fay,map safe route,0.344118,0.364118,0.518956,0.492956,care duty,private task,trust warms and obligation decreases,True,True,v58-loop-03982
3983,222,5,rain court,interrupt_work,Milo,dry seed store,0.319543,0.299543,0.394565,0.424565,private task,work,work is delayed and debt marker increases,True,True,v58-loop-03983
3984,222,6,fiber loft,wait_offscreen,Sera,sort herb shelf,0.477457,0.475457,0.178574,0.172574,recover focus,work,residents continue without avatar,True,True,v58-loop-03984
3985,222,7,west hearth,repair_trust,Tovan,map safe route,0.624549,0.640549,0.080202,0.054202,work,rest,trust warms and obligation decreases,True,True,v58-loop-03985
3986,222,8,river gate,move,Nia,dry seed store,0.673233,0.677233,0.194737,0.192737,rest,negotiate debt,position changes but history remains intact,True,True,v58-loop-03986
3987,222,9,arrival court,talk,Ari,sort herb shelf,0.472271,0.492271,0.411234,0.385234,negotiate debt,seek tool,trust warms and obligation decreases,True,True,v58-loop-03987
3988,222,10,tool alcove,offer_help,Fay,map safe route,0.333748,0.353748,0.519985,0.493985,seek tool,care duty,trust warms and obligation decreases,True,True,v58-loop-03988
3989,222,11,rain court,borrow_tool,Milo,dry seed store,0.317038,0.297038,0.415647,0.445647,care duty,recover focus,work is delayed and debt marker increases,True,True,v58-loop-03989
3990,222,12,fiber loft,return_tool,Sera,sort herb shelf,0.458602,0.474602,0.199288,0.173288,private task,recover focus,trust warms and obligation decreases,True,True,v58-loop-03990
3991,222,13,west hearth,interrupt_work,Tovan,map safe route,0.638691,0.618691,0.080483,0.110483,recover focus,rest,work is delayed and debt marker increases,True,True,v58-loop-03991
3992,222,14,river gate,wait_offscreen,Nia,dry seed store,0.652121,0.650121,0.174313,0.168313,work,rest,residents continue without avatar,True,True,v58-loop-03992
3993,222,15,arrival court,repair_trust,Ari,sort herb shelf,0.482635,0.498635,0.389889,0.363889,rest,negotiate debt,trust warms and obligation decreases,True,True,v58-loop-03993
3994,222,16,tool alcove,move,Fay,map safe route,0.335645,0.339645,0.518394,0.516394,negotiate debt,seek tool,position changes but history remains intact,True,True,v58-loop-03994
3995,222,17,rain court,talk,Milo,dry seed store,0.345467,0.365467,0.435352,0.409352,seek tool,care duty,trust warms and obligation decreases,True,True,v58-loop-03995
3996,223,0,west hearth,borrow_tool,Sera,patch cloak,0.471781,0.451781,0.093712,0.123712,private task,work,work is delayed and debt marker increases,True,False,v58-loop-03996
3997,223,1,river gate,return_tool,Tovan,repair awning,0.645644,0.661644,0.128117,0.102117,recover focus,work,trust warms and obligation decreases,True,True,v58-loop-03997
3998,223,2,arrival court,interrupt_work,Nia,fix bridge peg,0.64771,0.62771,0.329016,0.359016,work,negotiate debt,work is delayed and debt marker increases,True,True,v58-loop-03998
3999,223,3,tool alcove,wait_offscreen,Ari,patch cloak,0.4701,0.4721,0.501809,0.495809,rest,negotiate debt,residents continue without avatar,True,True,v58-loop-03999
4000,223,4,rain court,repair_trust,Fay,repair awning,0.318001,0.338001,0.47912,0.45312,negotiate debt,seek tool,trust warms and obligation decreases,True,True,v58-loop-04000
4001,223,5,fiber loft,move,Milo,fix bridge peg,0.33873,0.34273,0.282927,0.280927,seek tool,care duty,position changes but history remains intact,True,True,v58-loop-04001
4002,223,6,west hearth,talk,Sera,patch cloak,0.487279,0.503279,0.103272,0.077272,care duty,private task,trust warms and obligation decreases,True,True,v58-loop-04002
4003,223,7,river gate,offer_help,Tovan,repair awning,0.647724,0.663724,0.114177,0.088177,private task,recover focus,trust warms and obligation decreases,True,True,v58-loop-04003
4004,223,8,arrival court,borrow_tool,Nia,fix bridge peg,0.662525,0.642525,0.305079,0.335079,recover focus,rest,work is delayed and debt marker increases,True,False,v58-loop-04004
4005,223,9,tool alcove,return_tool,Ari,patch cloak,0.472346,0.492346,0.491061,0.465061,work,rest,trust warms and obligation decreases,True,True,v58-loop-04005
4006,223,10,rain court,interrupt_work,Fay,repair awning,0.333785,0.313785,0.491972,0.521972,rest,seek tool,work is delayed and debt marker increases,True,True,v58-loop-04006
4007,223,11,fiber loft,wait_offscreen,Milo,fix bridge peg,0.339209,0.341209,0.306929,0.300929,negotiate debt,seek tool,residents continue without avatar,True,True,v58-loop-04007
4008,223,12,west hearth,repair_trust,Sera,patch cloak,0.500696,0.516696,0.115174,0.089174,seek tool,care duty,trust warms and obligation decreases,True,True,v58-loop-04008
4009,223,13,river gate,move,Tovan,repair awning,0.650254,0.654254,0.10245,0.10045,care duty,private task,position changes but history remains intact,True,True,v58-loop-04009
4010,223,14,arrival court,talk,Nia,fix bridge peg,0.666203,0.682203,0.281082,0.255082,private task,recover focus,trust warms and obligation decreases,True,True,v58-loop-04010
4011,223,15,tool alcove,offer_help,Ari,patch cloak,0.450639,0.470639,0.478039,0.452039,recover focus,work,trust warms and obligation decreases,True,True,v58-loop-04011
4012,223,16,rain court,borrow_tool,Fay,repair awning,0.313285,0.293285,0.502538,0.532538,work,negotiate debt,work is delayed and debt marker increases,True,False,v58-loop-04012
4013,223,17,fiber loft,return_tool,Milo,fix bridge peg,0.31884,0.33484,0.330849,0.304849,rest,negotiate debt,trust warms and obligation decreases,True,True,v58-loop-04013
4014,224,0,river gate,wait_offscreen,Sera,map safe route,0.50526,0.50326,0.083063,0.077063,seek tool,care duty,residents continue without avatar,True,True,v58-loop-04014
4015,224,1,arrival court,repair_trust,Tovan,dry seed store,0.63533,0.65133,0.219476,0.193476,care duty,private task,trust warms and obligation decreases,True,True,v58-loop-04015
4016,224,2,tool alcove,move,Nia,sort herb shelf,0.645258,0.649258,0.433889,0.431889,private task,recover focus,position changes but history remains intact,True,True,v58-loop-04016
4017,224,3,rain court,talk,Ari,map safe route,0.438237,0.458237,0.51861,0.49261,recover focus,work,trust warms and obligation decreases,True,True,v58-loop-04017
4018,224,4,fiber loft,offer_help,Fay,dry seed store,0.334548,0.350548,0.391575,0.365575,work,rest,trust warms and obligation decreases,True,True,v58-loop-04018
4019,224,5,west hearth,borrow_tool,Milo,sort herb shelf,0.349943,0.329943,0.175836,0.205836,rest,seek tool,work is delayed and debt marker increases,True,True,v58-loop-04019
4020,224,6,river gate,return_tool,Sera,map safe route,0.497238,0.513238,0.080368,0.054368,negotiate debt,seek tool,trust warms and obligation decreases,True,True,v58-loop-04020
4021,224,7,arrival court,interrupt_work,Tovan,dry seed store,0.632703,0.612703,0.197646,0.227646,seek tool,private task,work is delayed and debt marker increases,True,True,v58-loop-04021
4022,224,8,tool alcove,wait_offscreen,Nia,sort herb shelf,0.641117,0.639117,0.414069,0.408069,care duty,private task,residents continue without avatar,True,True,v58-loop-04022
4023,224,9,rain court,repair_trust,Ari,map safe route,0.443564,0.463564,0.519999,0.493999,private task,recover focus,trust warms and obligation decreases,True,True,v58-loop-04023
4024,224,10,fiber loft,move,Fay,dry seed store,0.335701,0.339701,0.412827,0.410827,recover focus,work,position changes but history remains intact,True,True,v58-loop-04024
4025,224,11,west hearth,talk,Milo,sort herb shelf,0.352945,0.368945,0.196366,0.170366,work,rest,trust warms and obligation decreases,True,True,v58-loop-04025
4026,224,12,river gate,offer_help,Sera,map safe route,0.50857,0.52457,0.080289,0.054289,rest,negotiate debt,trust warms and obligation decreases,True,True,v58-loop-04026
4027,224,13,arrival court,borrow_tool,Tovan,dry seed store,0.637316,0.617316,0.177035,0.207035,negotiate debt,care duty,work is delayed and debt marker increases,True,True,v58-loop-04027
4028,224,14,tool alcove,return_tool,Nia,sort herb shelf,0.654409,0.670409,0.392891,0.366891,seek tool,care duty,trust warms and obligation decreases,True,True,v58-loop-04028
4029,224,15,rain court,interrupt_work,Ari,map safe route,0.439327,0.419327,0.518768,0.548768,care duty,recover focus,work is delayed and debt marker increases,True,True,v58-loop-04029
4030,224,16,fiber loft,wait_offscreen,Fay,dry seed store,0.328709,0.326709,0.432736,0.426736,private task,recover focus,residents continue without avatar,True,True,v58-loop-04030
4031,224,17,west hearth,repair_trust,Milo,sort herb shelf,0.33804,0.35404,0.218129,0.192129,recover focus,work,trust warms and obligation decreases,True,True,v58-loop-04031
4032,225,0,arrival court,talk,Sera,repair awning,0.498727,0.514727,0.130196,0.104196,rest,negotiate debt,trust warms and obligation decreases,True,True,v58-loop-04032
4033,225,1,tool alcove,offer_help,Tovan,fix bridge peg,0.636332,0.652332,0.332284,0.306284,negotiate debt,seek tool,trust warms and obligation decreases,True,True,v58-loop-04033
4034,225,2,rain court,borrow_tool,Nia,patch cloak,0.646021,0.626021,0.5031,0.5331,seek tool,private task,work is delayed and debt marker increases,True,True,v58-loop-04034
4035,225,3,fiber loft,return_tool,Ari,repair awning,0.429135,0.449135,0.477184,0.451184,care duty,private task,trust warms and obligation decreases,True,True,v58-loop-04035
4036,225,4,west hearth,interrupt_work,Fay,fix bridge peg,0.306362,0.286362,0.279639,0.309639,private task,work,work is delayed and debt marker increases,True,False,v58-loop-04036
4037,225,5,river gate,wait_offscreen,Milo,patch cloak,0.35144,0.35344,0.101817,0.095817,recover focus,work,residents continue without avatar,True,True,v58-loop-04037
4038,225,6,arrival court,repair_trust,Sera,repair awning,0.52245,0.53845,0.115965,0.089965,work,rest,trust warms and obligation decreases,True,True,v58-loop-04038
4039,225,7,tool alcove,move,Tovan,fix bridge peg,0.647051,0.651051,0.308378,0.306378,rest,negotiate debt,position changes but history remains intact,True,True,v58-loop-04039
4040,225,8,rain court,talk,Nia,patch cloak,0.655344,0.675344,0.492676,0.466676,negotiate debt,seek tool,trust warms and obligation decreases,True,True,v58-loop-04040
4041,225,9,fiber loft,offer_help,Ari,repair awning,0.454504,0.474504,0.490339,0.464339,seek tool,care duty,trust warms and obligation decreases,True,True,v58-loop-04041
4042,225,10,west hearth,borrow_tool,Fay,fix bridge peg,0.33305,0.31305,0.30363,0.33363,care duty,recover focus,work is delayed and debt marker increases,True,True,v58-loop-04042
4043,225,11,river gate,return_tool,Milo,patch cloak,0.337192,0.353192,0.113405,0.087405,private task,recover focus,trust warms and obligation decreases,True,True,v58-loop-04043
4044,225,12,arrival court,interrupt_work,Sera,repair awning,0.504069,0.484069,0.103925,0.133925,recover focus,rest,work is delayed and debt marker increases,True,False,v58-loop-04044
4045,225,13,tool alcove,wait_offscreen,Tovan,fix bridge peg,0.661879,0.663879,0.284372,0.278372,work,rest,residents continue without avatar,True,True,v58-loop-04045
4046,225,14,rain court,repair_trust,Nia,patch cloak,0.638797,0.658797,0.479957,0.453957,rest,negotiate debt,trust warms and obligation decreases,True,True,v58-loop-04046
4047,225,15,fiber loft,move,Ari,repair awning,0.453991,0.457991,0.501227,0.499227,negotiate debt,seek tool,position changes but history remains intact,True,True,v58-loop-04047
4048,225,16,west hearth,talk,Fay,fix bridge peg,0.319782,0.335782,0.327579,0.301579,seek tool,care duty,trust warms and obligation decreases,True,True,v58-loop-04048
4049,225,17,river gate,offer_help,Milo,patch cloak,0.36606,0.38206,0.127216,0.101216,care duty,private task,trust warms and obligation decreases,True,True,v58-loop-04049
4050,226,0,tool alcove,return_tool,Sera,dry seed store,0.5175,0.5335,0.222556,0.196556,recover focus,work,trust warms and obligation decreases,True,True,v58-loop-04050
4051,226,1,rain court,interrupt_work,Tovan,sort herb shelf,0.643387,0.623387,0.436492,0.466492,work,negotiate debt,work is delayed and debt marker increases,True,True,v58-loop-04051
4052,226,2,fiber loft,wait_offscreen,Nia,map safe route,0.639196,0.637196,0.518215,0.512215,rest,negotiate debt,residents continue without avatar,True,True,v58-loop-04052
4053,226,3,west hearth,repair_trust,Ari,dry seed store,0.440778,0.456778,0.388564,0.362564,negotiate debt,seek tool,trust warms and obligation decreases,True,True,v58-loop-04053
4054,226,4,river gate,move,Fay,sort herb shelf,0.327526,0.331526,0.173126,0.171126,seek tool,care duty,position changes but history remains intact,True,True,v58-loop-04054
4055,226,5,arrival court,talk,Milo,map safe route,0.350124,0.366124,0.080584,0.054584,care duty,private task,trust warms and obligation decreases,True,True,v58-loop-04055
4056,226,6,tool alcove,offer_help,Sera,dry seed store,0.528358,0.544358,0.200579,0.174579,private task,recover focus,trust warms and obligation decreases,True,True,v58-loop-04056
4057,226,7,rain court,borrow_tool,Tovan,sort herb shelf,0.65816,0.63816,0.416878,0.446878,recover focus,rest,work is delayed and debt marker increases,True,True,v58-loop-04057
4058,226,8,fiber loft,return_tool,Nia,map safe route,0.628475,0.648475,0.519963,0.493963,work,rest,trust warms and obligation decreases,True,True,v58-loop-04058
4059,226,9,west hearth,interrupt_work,Ari,dry seed store,0.427307,0.407307,0.409982,0.439982,rest,seek tool,work is delayed and debt marker increases,True,True,v58-loop-04059
4060,226,10,river gate,wait_offscreen,Fay,sort herb shelf,0.295737,0.293737,0.193467,0.187467,negotiate debt,seek tool,residents continue without avatar,True,True,v58-loop-04060
4061,226,11,arrival court,repair_trust,Milo,map safe route,0.359122,0.375122,0.080145,0.054145,seek tool,care duty,trust warms and obligation decreases,True,True,v58-loop-04061
4062,226,12,tool alcove,move,Sera,dry seed store,0.512712,0.516712,0.179785,0.177785,care duty,private task,position changes but history remains intact,True,True,v58-loop-04062
4063,226,13,rain court,talk,Tovan,sort herb shelf,0.659769,0.675769,0.395872,0.369872,private task,recover focus,trust warms and obligation decreases,True,True,v58-loop-04063
4064,226,14,fiber loft,offer_help,Nia,map safe route,0.633613,0.653613,0.519092,0.493092,recover focus,work,trust warms and obligation decreases,True,True,v58-loop-04064
4065,226,15,west hearth,borrow_tool,Ari,dry seed store,0.414857,0.394857,0.430089,0.460089,work,negotiate debt,work is delayed and debt marker increases,True,True,v58-loop-04065
4066,226,16,river gate,return_tool,Fay,sort herb shelf,0.306702,0.322702,0.215076,0.189076,rest,negotiate debt,trust warms and obligation decreases,True,True,v58-loop-04066
4067,226,17,arrival court,interrupt_work,Milo,map safe route,0.365619,0.345619,0.082324,0.112324,negotiate debt,care duty,work is delayed and debt marker increases,True,True,v58-loop-04067
4068,227,0,rain court,repair_trust,Sera,fix bridge peg,0.551572,0.567572,0.335544,0.309544,care duty,private task,trust warms and obligation decreases,True,True,v58-loop-04068
4069,227,1,fiber loft,move,Tovan,patch cloak,0.668785,0.672785,0.504345,0.502345,private task,recover focus,position changes but history remains intact,True,True,v58-loop-04069
4070,227,2,west hearth,talk,Nia,repair awning,0.621419,0.641419,0.475208,0.449208,recover focus,work,trust warms and obligation decreases,True,True,v58-loop-04070
4071,227,3,river gate,offer_help,Ari,fix bridge peg,0.404396,0.420396,0.276356,0.250356,work,rest,trust warms and obligation decreases,True,True,v58-loop-04071
4072,227,4,arrival court,borrow_tool,Fay,patch cloak,0.311037,0.291037,0.100406,0.130406,rest,seek tool,work is delayed and debt marker increases,True,False,v58-loop-04072
4073,227,5,tool alcove,return_tool,Milo,repair awning,0.380312,0.396312,0.117793,0.091793,negotiate debt,seek tool,trust warms and obligation decreases,True,True,v58-loop-04073
4074,227,6,rain court,interrupt_work,Sera,fix bridge peg,0.550728,0.530728,0.311674,0.341674,seek tool,private task,work is delayed and debt marker increases,True,True,v58-loop-04074
4075,227,7,fiber loft,wait_offscreen,Tovan,patch cloak,0.670065,0.672065,0.494247,0.488247,care duty,private task,residents continue without avatar,True,True,v58-loop-04075
4076,227,8,west hearth,repair_trust,Nia,repair awning,0.627652,0.647652,0.488663,0.462663,private task,recover focus,trust warms and obligation decreases,True,True,v58-loop-04076
4077,227,9,river gate,move,Ari,fix bridge peg,0.426676,0.430676,0.300331,0.298331,recover focus,work,position changes but history remains intact,True,True,v58-loop-04077
4078,227,10,arrival court,talk,Fay,patch cloak,0.318695,0.334695,0.111678,0.085678,work,rest,trust warms and obligation decreases,True,True,v58-loop-04078
4079,227,11,tool alcove,offer_help,Milo,repair awning,0.367854,0.383854,0.105443,0.079443,rest,negotiate debt,trust warms and obligation decreases,True,True,v58-loop-04079
4080,227,12,rain court,borrow_tool,Sera,fix bridge peg,0.535234,0.515234,0.287666,0.317666,negotiate debt,care duty,work is delayed and debt marker increases,True,False,v58-loop-04080
4081,227,13,fiber loft,return_tool,Tovan,patch cloak,0.65416,0.67416,0.481835,0.455835,seek tool,care duty,trust warms and obligation decreases,True,True,v58-loop-04081
4082,227,14,west hearth,interrupt_work,Nia,repair awning,0.629657,0.609657,0.499871,0.529871,care duty,recover focus,work is delayed and debt marker increases,True,True,v58-loop-04082
4083,227,15,river gate,wait_offscreen,Ari,fix bridge peg,0.414427,0.416427,0.324302,0.318302,private task,recover focus,residents continue without avatar,True,True,v58-loop-04083
4084,227,16,arrival court,repair_trust,Fay,patch cloak,0.30543,0.32143,0.125193,0.099193,recover focus,work,trust warms and obligation decreases,True,True,v58-loop-04084
4085,227,17,tool alcove,move,Milo,repair awning,0.364738,0.368738,0.095411,0.093411,work,rest,position changes but history remains intact,True,True,v58-loop-04085
4086,228,0,fiber loft,offer_help,Sera,sort herb shelf,0.545047,0.565047,0.439065,0.413065,negotiate debt,seek tool,trust warms and obligation decreases,True,True,v58-loop-04086
4087,228,1,west hearth,borrow_tool,Tovan,map safe route,0.647664,0.627664,0.517771,0.547771,seek tool,private task,work is delayed and debt marker increases,True,True,v58-loop-04087
4088,228,2,river gate,return_tool,Nia,dry seed store,0.610113,0.626113,0.385534,0.359534,care duty,private task,trust warms and obligation decreases,True,True,v58-loop-04088
4089,228,3,arrival court,interrupt_work,Ari,sort herb shelf,0.40915,0.38915,0.170445,0.200445,private task,work,work is delayed and debt marker increases,True,True,v58-loop-04089
4090,228,4,tool alcove,wait_offscreen,Fay,map safe route,0.323431,0.321431,0.080849,0.074849,recover focus,work,residents continue without avatar,True,True,v58-loop-04090
4091,228,5,rain court,repair_trust,Milo,dry seed store,0.388721,0.404721,0.203534,0.177534,work,rest,trust warms and obligation decreases,True,True,v58-loop-04091
4092,228,6,fiber loft,move,Sera,sort herb shelf,0.538198,0.542198,0.41966,0.41766,rest,negotiate debt,position changes but history remains intact,True,True,v58-loop-04092
4093,228,7,west hearth,talk,Tovan,map safe route,0.65357,0.67357,0.519878,0.493878,negotiate debt,seek tool,trust warms and obligation decreases,True,True,v58-loop-04093
4094,228,8,river gate,offer_help,Nia,dry seed store,0.605239,0.625239,0.407111,0.381111,seek tool,care duty,trust warms and obligation decreases,True,True,v58-loop-04094
4095,228,9,arrival court,borrow_tool,Ari,sort herb shelf,0.42107,0.40107,0.190591,0.220591,care duty,recover focus,work is delayed and debt marker increases,True,True,v58-loop-04095
4096,228,10,tool alcove,return_tool,Fay,map safe route,0.321717,0.337717,0.08005,0.05405,private task,recover focus,trust warms and obligation decreases,True,True,v58-loop-04096
4097,228,11,rain court,interrupt_work,Milo,dry seed store,0.368035,0.348035,0.182563,0.212563,recover focus,rest,work is delayed and debt marker increases,True,True,v58-loop-04097
4098,228,12,fiber loft,wait_offscreen,Sera,sort herb shelf,0.556789,0.554789,0.398831,0.392831,work,rest,residents continue without avatar,True,True,v58-loop-04098
4099,228,13,west hearth,repair_trust,Tovan,map safe route,0.645855,0.665855,0.519367,0.493367,rest,negotiate debt,trust warms and obligation decreases,True,True,v58-loop-04099
4100,228,14,river gate,move,Nia,dry seed store,0.606633,0.610633,0.427413,0.425413,negotiate debt,seek tool,position changes but history remains intact,True,True,v58-loop-04100
4101,228,15,arrival court,talk,Ari,sort herb shelf,0.414323,0.430323,0.212041,0.186041,seek tool,care duty,trust warms and obligation decreases,True,True,v58-loop-04101
4102,228,16,tool alcove,offer_help,Fay,map safe route,0.294716,0.310716,0.08187,0.05587,care duty,private task,trust warms and obligation decreases,True,True,v58-loop-04102
4103,228,17,rain court,borrow_tool,Milo,dry seed store,0.366951,0.346951,0.16299,0.19299,private task,work,work is delayed and debt marker increases,True,True,v58-loop-04103
4104,229,0,west hearth,interrupt_work,Sera,patch cloak,0.559174,0.539174,0.505545,0.535545,work,negotiate debt,work is delayed and debt marker increases,True,False,v58-loop-04104
4105,229,1,river gate,wait_offscreen,Tovan,repair awning,0.649858,0.651858,0.473192,0.467192,rest,negotiate debt,residents continue without avatar,True,True,v58-loop-04105
4106,229,2,arrival court,repair_trust,Nia,fix bridge peg,0.60641,0.62241,0.273077,0.247077,negotiate debt,seek tool,trust warms and obligation decreases,True,True,v58-loop-04106
4107,229,3,tool alcove,move,Ari,patch cloak,0.405005,0.409005,0.099041,0.097041,seek tool,care duty,position changes but history remains intact,True,True,v58-loop-04107
4108,229,4,rain court,talk,Fay,repair awning,0.322296,0.338296,0.119663,0.093663,care duty,private task,trust warms and obligation decreases,True,True,v58-loop-04108
4109,229,5,fiber loft,offer_help,Milo,fix bridge peg,0.374129,0.390129,0.314968,0.288968,private task,recover focus,trust warms and obligation decreases,True,True,v58-loop-04109
4110,229,6,west hearth,borrow_tool,Sera,patch cloak,0.548723,0.528723,0.495774,0.525774,recover focus,rest,work is delayed and debt marker increases,True,True,v58-loop-04110
4111,229,7,river gate,return_tool,Tovan,repair awning,0.648628,0.668628,0.486944,0.460944,work,rest,trust warms and obligation decreases,True,True,v58-loop-04111
4112,229,8,arrival court,interrupt_work,Nia,fix bridge peg,0.614595,0.594595,0.297031,0.327031,rest,seek tool,work is delayed and debt marker increases,True,False,v58-loop-04112
4113,229,9,tool alcove,wait_offscreen,Ari,patch cloak,0.380633,0.382633,0.109994,0.103994,negotiate debt,seek tool,residents continue without avatar,True,True,v58-loop-04113
4114,229,10,rain court,repair_trust,Fay,repair awning,0.296283,0.312283,0.107006,0.081006,seek tool,care duty,trust warms and obligation decreases,True,True,v58-loop-04114
4115,229,11,fiber loft,move,Milo,fix bridge peg,0.373231,0.377231,0.290962,0.288962,care duty,private task,position changes but history remains intact,True,True,v58-loop-04115
4116,229,12,west hearth,talk,Sera,patch cloak,0.545792,0.565792,0.483672,0.457672,private task,recover focus,trust warms and obligation decreases,True,True,v58-loop-04116
4117,229,13,river gate,offer_help,Tovan,repair awning,0.662229,0.682229,0.498469,0.472469,recover focus,work,trust warms and obligation decreases,True,True,v58-loop-04117
4118,229,14,arrival court,borrow_tool,Nia,fix bridge peg,0.598646,0.578646,0.321019,0.351019,work,negotiate debt,work is delayed and debt marker increases,True,True,v58-loop-04118
4119,229,15,tool alcove,return_tool,Ari,patch cloak,0.406064,0.422064,0.123209,0.097209,rest,negotiate debt,trust warms and obligation decreases,True,True,v58-loop-04119
4120,229,16,rain court,interrupt_work,Fay,repair awning,0.304043,0.284043,0.096647,0.126647,negotiate debt,care duty,work is delayed and debt marker increases,True,False,v58-loop-04120
4121,229,17,fiber loft,wait_offscreen,Milo,fix bridge peg,0.385373,0.387373,0.267063,0.261063,seek tool,care duty,residents continue without avatar,True,True,v58-loop-04121
4122,230,0,river gate,move,Sera,map safe route,0.567968,0.571968,0.517278,0.515278,private task,recover focus,position changes but history remains intact,True,True,v58-loop-04122
4123,230,1,arrival court,talk,Tovan,dry seed store,0.671438,0.687438,0.382484,0.356484,recover focus,work,trust warms and obligation decreases,True,True,v58-loop-04123
4124,230,2,tool alcove,offer_help,Nia,sort herb shelf,0.606005,0.622005,0.167792,0.141792,work,rest,trust warms and obligation decreases,True,True,v58-loop-04124
4125,230,3,rain court,borrow_tool,Ari,map safe route,0.367646,0.347646,0.081163,0.111163,rest,seek tool,work is delayed and debt marker increases,True,True,v58-loop-04125
4126,230,4,fiber loft,return_tool,Fay,dry seed store,0.317384,0.333384,0.20651,0.18051,negotiate debt,seek tool,trust warms and obligation decreases,True,True,v58-loop-04126
4127,230,5,west hearth,interrupt_work,Milo,sort herb shelf,0.410281,0.390281,0.422416,0.452416,seek tool,private task,work is delayed and debt marker increases,True,True,v58-loop-04127
4128,230,6,river gate,wait_offscreen,Sera,map safe route,0.582654,0.580654,0.519743,0.513743,care duty,private task,residents continue without avatar,True,True,v58-loop-04128
4129,230,7,arrival court,repair_trust,Tovan,dry seed store,0.669599,0.689599,0.404217,0.378217,private task,recover focus,trust warms and obligation decreases,True,True,v58-loop-04129
4130,230,8,tool alcove,move,Nia,sort herb shelf,0.609994,0.613994,0.187741,0.185741,recover focus,work,position changes but history remains intact,True,True,v58-loop-04130
4131,230,9,rain court,talk,Ari,map safe route,0.390786,0.406786,0.080004,0.054004,work,rest,trust warms and obligation decreases,True,True,v58-loop-04131
4132,230,10,fiber loft,offer_help,Fay,dry seed store,0.316575,0.332575,0.185366,0.159366,rest,negotiate debt,trust warms and obligation decreases,True,True,v58-loop-04132
4133,230,11,west hearth,borrow_tool,Milo,sort herb shelf,0.399543,0.379543,0.401768,0.431768,negotiate debt,care duty,work is delayed and debt marker increases,True,True,v58-loop-04133
4134,230,12,river gate,return_tool,Sera,map safe route,0.565794,0.585794,0.519592,0.493592,seek tool,care duty,trust warms and obligation decreases,True,True,v58-loop-04134
4135,230,13,arrival court,interrupt_work,Tovan,dry seed store,0.67277,0.65277,0.424709,0.454709,care duty,recover focus,work is delayed and debt marker increases,True,True,v58-loop-04135
4136,230,14,tool alcove,wait_offscreen,Nia,sort herb shelf,0.611722,0.609722,0.209026,0.203026,private task,recover focus,residents continue without avatar,True,True,v58-loop-04136
4137,230,15,rain court,repair_trust,Ari,map safe route,0.381761,0.397761,0.081465,0.055465,recover focus,work,trust warms and obligation decreases,True,True,v58-loop-04137
4138,230,16,fiber loft,move,Fay,dry seed store,0.320349,0.324349,0.165587,0.163587,work,rest,position changes but history remains intact,True,True,v58-loop-04138
4139,230,17,west hearth,talk,Milo,sort herb shelf,0.403125,0.419125,0.379908,0.353908,rest,negotiate debt,trust warms and obligation decreases,True,True,v58-loop-04139
4140,231,0,arrival court,borrow_tool,Sera,repair awning,0.572682,0.552682,0.471138,0.501138,seek tool,private task,work is delayed and debt marker increases,True,False,v58-loop-04140
4141,231,1,tool alcove,return_tool,Tovan,fix bridge peg,0.654892,0.670892,0.269805,0.243805,care duty,private task,trust warms and obligation decreases,True,True,v58-loop-04141
4142,231,2,rain court,interrupt_work,Nia,patch cloak,0.575286,0.555286,0.097721,0.127721,private task,work,work is delayed and debt marker increases,True,True,v58-loop-04142
4143,231,3,fiber loft,wait_offscreen,Ari,repair awning,0.380048,0.382048,0.121574,0.115574,recover focus,work,residents continue without avatar,True,True,v58-loop-04143
4144,231,4,west hearth,repair_trust,Fay,fix bridge peg,0.295835,0.311835,0.318259,0.292259,work,rest,trust warms and obligation decreases,True,True,v58-loop-04144
4145,231,5,river gate,move,Milo,patch cloak,0.400245,0.404245,0.497258,0.495258,rest,negotiate debt,position changes but history remains intact,True,True,v58-loop-04145
4146,231,6,arrival court,talk,Sera,repair awning,0.599284,0.619284,0.485183,0.459183,negotiate debt,seek tool,trust warms and obligation decreases,True,True,v58-loop-04146
4147,231,7,tool alcove,offer_help,Tovan,fix bridge peg,0.66373,0.67973,0.293731,0.267731,seek tool,care duty,trust warms and obligation decreases,True,True,v58-loop-04147
4148,231,8,rain court,borrow_tool,Nia,patch cloak,0.591072,0.571072,0.108352,0.138352,care duty,recover focus,work is delayed and debt marker increases,True,False,v58-loop-04148
4149,231,9,fiber loft,return_tool,Ari,repair awning,0.356144,0.372144,0.108612,0.082612,private task,recover focus,trust warms and obligation decreases,True,True,v58-loop-04149
4150,231,10,west hearth,interrupt_work,Fay,fix bridge peg,0.306063,0.286063,0.29426,0.32426,recover focus,rest,work is delayed and debt marker increases,True,True,v58-loop-04150
4151,231,11,river gate,wait_offscreen,Milo,patch cloak,0.412537,0.414537,0.485468,0.479468,work,rest,residents continue without avatar,True,True,v58-loop-04151
4152,231,12,arrival court,repair_trust,Sera,repair awning,0.579355,0.599355,0.497023,0.471023,rest,negotiate debt,trust warms and obligation decreases,True,True,v58-loop-04152
4153,231,13,tool alcove,move,Tovan,fix bridge peg,0.660755,0.664755,0.317732,0.315732,negotiate debt,seek tool,position changes but history remains intact,True,True,v58-loop-04153
4154,231,14,rain court,talk,Nia,patch cloak,0.570961,0.586961,0.121265,0.095265,seek tool,care duty,trust warms and obligation decreases,True,True,v58-loop-04154
4155,231,15,fiber loft,offer_help,Ari,repair awning,0.355477,0.371477,0.097929,0.071929,care duty,private task,trust warms and obligation decreases,True,True,v58-loop-04155
4156,231,16,west hearth,borrow_tool,Fay,fix bridge peg,0.299981,0.279981,0.270329,0.300329,private task,work,work is delayed and debt marker increases,True,False,v58-loop-04156
4157,231,17,river gate,return_tool,Milo,patch cloak,0.414036,0.434036,0.47147,0.44547,recover focus,work,trust warms and obligation decreases,True,True,v58-loop-04157
4158,232,0,tool alcove,wait_offscreen,Sera,dry seed store,0.603646,0.601646,0.379415,0.373415,rest,negotiate debt,residents continue without avatar,True,True,v58-loop-04158
4159,232,1,rain court,repair_trust,Tovan,sort herb shelf,0.649925,0.665925,0.165169,0.139169,negotiate debt,seek tool,trust warms and obligation decreases,True,True,v58-loop-04159
4160,232,2,fiber loft,move,Nia,map safe route,0.569753,0.573753,0.081527,0.079527,seek tool,care duty,position changes but history remains intact,True,True,v58-loop-04160
4161,232,3,west hearth,talk,Ari,dry seed store,0.377697,0.393697,0.209508,0.183508,care duty,private task,trust warms and obligation decreases,True,True,v58-loop-04161
4162,232,4,river gate,offer_help,Fay,sort herb shelf,0.295106,0.315106,0.425144,0.399144,private task,recover focus,trust warms and obligation decreases,True,True,v58-loop-04162
4163,232,5,arrival court,borrow_tool,Milo,map safe route,0.422761,0.402761,0.519559,0.549559,recover focus,rest,work is delayed and debt marker increases,True,True,v58-loop-04163
4164,232,6,tool alcove,return_tool,Sera,dry seed store,0.6003,0.6203,0.401299,0.375299,work,rest,trust warms and obligation decreases,True,True,v58-loop-04164
4165,232,7,rain court,interrupt_work,Tovan,sort herb shelf,0.652482,0.632482,0.184916,0.214916,rest,seek tool,work is delayed and debt marker increases,True,True,v58-loop-04165
4166,232,8,fiber loft,wait_offscreen,Nia,map safe route,0.575644,0.573644,0.080008,0.074008,negotiate debt,seek tool,residents continue without avatar,True,True,v58-loop-04166
4167,232,9,west hearth,repair_trust,Ari,dry seed store,0.35789,0.37389,0.188196,0.162196,seek tool,care duty,trust warms and obligation decreases,True,True,v58-loop-04167
4168,232,10,river gate,move,Fay,sort herb shelf,0.308984,0.312984,0.404682,0.402682,care duty,private task,position changes but history remains intact,True,True,v58-loop-04168
4169,232,11,arrival court,talk,Milo,map safe route,0.40643,0.42643,0.519768,0.493768,private task,recover focus,trust warms and obligation decreases,True,True,v58-loop-04169
4170,232,12,tool alcove,offer_help,Sera,dry seed store,0.579171,0.599171,0.421976,0.395976,recover focus,work,trust warms and obligation decreases,True,True,v58-loop-04170
4171,232,13,rain court,borrow_tool,Tovan,sort herb shelf,0.676467,0.656467,0.206032,0.236032,work,negotiate debt,work is delayed and debt marker increases,True,True,v58-loop-04171
4172,232,14,fiber loft,return_tool,Nia,map safe route,0.592949,0.608949,0.08111,0.05511,rest,negotiate debt,trust warms and obligation decreases,True,True,v58-loop-04172
4173,232,15,west hearth,interrupt_work,Ari,dry seed store,0.353754,0.333754,0.168215,0.198215,negotiate debt,care duty,work is delayed and debt marker increases,True,True,v58-loop-04173
4174,232,16,river gate,wait_offscreen,Fay,sort herb shelf,0.320316,0.318316,0.382974,0.376974,seek tool,care duty,residents continue without avatar,True,True,v58-loop-04174
4175,232,17,arrival court,repair_trust,Milo,map safe route,0.416286,0.436286,0.51736,0.49136,care duty,private task,trust warms and obligation decreases,True,True,v58-loop-04175
4176,233,0,rain court,talk,Sera,fix bridge peg,0.610939,0.626939,0.26654,0.24054,recover focus,work,trust warms and obligation decreases,True,True,v58-loop-04176
4177,233,1,fiber loft,offer_help,Tovan,patch cloak,0.674541,0.690541,0.096446,0.070446,work,rest,trust warms and obligation decreases,True,True,v58-loop-04177
4178,233,2,west hearth,borrow_tool,Nia,repair awning,0.560389,0.540389,0.123524,0.153524,rest,seek tool,work is delayed and debt marker increases,True,True,v58-loop-04178
4179,233,3,river gate,return_tool,Ari,fix bridge peg,0.368457,0.384457,0.321545,0.295545,negotiate debt,seek tool,trust warms and obligation decreases,True,True,v58-loop-04179
4180,233,4,arrival court,interrupt_work,Fay,patch cloak,0.328242,0.308242,0.498697,0.528697,seek tool,private task,work is delayed and debt marker increases,True,False,v58-loop-04180
4181,233,5,tool alcove,wait_offscreen,Milo,repair awning,0.421528,0.423528,0.483381,0.477381,care duty,private task,residents continue without avatar,True,True,v58-loop-04181
4182,233,6,rain court,repair_trust,Sera,fix bridge peg,0.601932,0.617932,0.290434,0.264434,private task,recover focus,trust warms and obligation decreases,True,True,v58-loop-04182
4183,233,7,fiber loft,move,Tovan,patch cloak,0.670547,0.674547,0.106753,0.104753,recover focus,work,position changes but history remains intact,True,True,v58-loop-04183
4184,233,8,west hearth,talk,Nia,repair awning,0.55163,0.56763,0.11026,0.08426,work,rest,trust warms and obligation decreases,True,True,v58-loop-04184
4185,233,9,river gate,offer_help,Ari,fix bridge peg,0.36438,0.38038,0.297559,0.271559,rest,negotiate debt,trust warms and obligation decreases,True,True,v58-loop-04185
4186,233,10,arrival court,borrow_tool,Fay,patch cloak,0.297259,0.277259,0.487222,0.517222,negotiate debt,care duty,work is delayed and debt marker increases,True,True,v58-loop-04186
4187,233,11,tool alcove,return_tool,Milo,repair awning,0.418608,0.438608,0.495533,0.469533,seek tool,care duty,trust warms and obligation decreases,True,True,v58-loop-04187
4188,233,12,rain court,interrupt_work,Sera,fix bridge peg,0.588679,0.568679,0.314441,0.344441,care duty,recover focus,work is delayed and debt marker increases,True,False,v58-loop-04188
4189,233,13,fiber loft,wait_offscreen,Tovan,patch cloak,0.683367,0.685367,0.119361,0.113361,private task,recover focus,residents continue without avatar,True,True,v58-loop-04189
4190,233,14,west hearth,repair_trust,Nia,repair awning,0.576603,0.592603,0.099257,0.073257,recover focus,work,trust warms and obligation decreases,True,True,v58-loop-04190
4191,233,15,river gate,move,Ari,fix bridge peg,0.338148,0.342148,0.273602,0.271602,work,rest,position changes but history remains intact,True,True,v58-loop-04191
4192,233,16,arrival court,talk,Fay,patch cloak,0.297331,0.317331,0.473518,0.447518,rest,negotiate debt,trust warms and obligation decreases,True,True,v58-loop-04192
4193,233,17,tool alcove,offer_help,Milo,repair awning,0.422131,0.442131,0.505356,0.479356,negotiate debt,seek tool,trust warms and obligation decreases,True,True,v58-loop-04193
4194,234,0,fiber loft,return_tool,Sera,sort herb shelf,0.601819,0.617819,0.162577,0.136577,care duty,private task,trust warms and obligation decreases,True,True,v58-loop-04194
4195,234,1,west hearth,interrupt_work,Tovan,map safe route,0.658398,0.638398,0.08194,0.11194,private task,work,work is delayed and debt marker increases,True,True,v58-loop-04195
4196,234,2,river gate,wait_offscreen,Nia,dry seed store,0.568326,0.566326,0.212526,0.206526,recover focus,work,residents continue without avatar,True,True,v58-loop-04196
4197,234,3,arrival court,repair_trust,Ari,sort herb shelf,0.35923,0.37923,0.427844,0.401844,work,rest,trust warms and obligation decreases,True,True,v58-loop-04197
4198,234,4,tool alcove,move,Fay,map safe route,0.318286,0.322286,0.519326,0.517326,rest,negotiate debt,position changes but history remains intact,True,True,v58-loop-04198
4199,234,5,rain court,talk,Milo,dry seed store,0.431062,0.447062,0.398358,0.372358,negotiate debt,seek tool,trust warms and obligation decreases,True,True,v58-loop-04199
4200,234,6,fiber loft,offer_help,Sera,sort herb shelf,0.62556,0.64156,0.182116,0.156116,seek tool,care duty,trust warms and obligation decreases,True,True,v58-loop-04200
4201,234,7,west hearth,borrow_tool,Tovan,map safe route,0.681051,0.661051,0.080062,0.110062,care duty,recover focus,work is delayed and debt marker increases,True,True,v58-loop-04201
4202,234,8,river gate,return_tool,Nia,dry seed store,0.538169,0.554169,0.19105,0.16505,private task,recover focus,trust warms and obligation decreases,True,True,v58-loop-04202
4203,234,9,arrival court,interrupt_work,Ari,sort herb shelf,0.333648,0.313648,0.407573,0.437573,recover focus,rest,work is delayed and debt marker increases,True,True,v58-loop-04203
4204,234,10,tool alcove,wait_offscreen,Fay,map safe route,0.30966,0.30766,0.519895,0.513895,work,rest,residents continue without avatar,True,True,v58-loop-04204
4205,234,11,rain court,repair_trust,Milo,dry seed store,0.446064,0.466064,0.419216,0.393216,rest,negotiate debt,trust warms and obligation decreases,True,True,v58-loop-04205
4206,234,12,fiber loft,move,Sera,sort herb shelf,0.624806,0.628806,0.203059,0.201059,negotiate debt,seek tool,position changes but history remains intact,True,True,v58-loop-04206
4207,234,13,west hearth,talk,Tovan,map safe route,0.654081,0.670081,0.080803,0.054803,seek tool,care duty,trust warms and obligation decreases,True,True,v58-loop-04207
4208,234,14,river gate,offer_help,Nia,dry seed store,0.570665,0.586665,0.170872,0.144872,care duty,private task,trust warms and obligation decreases,True,True,v58-loop-04208
4209,234,15,arrival court,borrow_tool,Ari,sort herb shelf,0.361205,0.341205,0.38602,0.41602,private task,work,work is delayed and debt marker increases,True,True,v58-loop-04209
4210,234,16,tool alcove,return_tool,Fay,map safe route,0.32605,0.34605,0.517845,0.491845,recover focus,work,trust warms and obligation decreases,True,True,v58-loop-04210
4211,234,17,rain court,interrupt_work,Milo,dry seed store,0.459277,0.439277,0.438655,0.468655,work,negotiate debt,work is delayed and debt marker increases,True,True,v58-loop-04211
4212,235,0,west hearth,repair_trust,Sera,patch cloak,0.604172,0.620172,0.095217,0.069217,negotiate debt,seek tool,trust warms and obligation decreases,True,True,v58-loop-04212
4213,235,1,river gate,move,Tovan,repair awning,0.677232,0.681232,0.125514,0.123514,seek tool,care duty,position changes but history remains intact,True,True,v58-loop-04213
4214,235,2,arrival court,talk,Nia,fix bridge peg,0.530059,0.546059,0.324827,0.298827,care duty,private task,trust warms and obligation decreases,True,True,v58-loop-04214
4215,235,3,tool alcove,offer_help,Ari,patch cloak,0.341354,0.361354,0.500091,0.474091,private task,recover focus,trust warms and obligation decreases,True,True,v58-loop-04215
4216,235,4,rain court,borrow_tool,Fay,repair awning,0.313859,0.293859,0.481537,0.511537,recover focus,rest,work is delayed and debt marker increases,True,False,v58-loop-04216
4217,235,5,fiber loft,return_tool,Milo,fix bridge peg,0.475204,0.491204,0.287138,0.261138,work,rest,trust warms and obligation decreases,True,True,v58-loop-04217
4218,235,6,west hearth,interrupt_work,Sera,patch cloak,0.604503,0.584503,0.105197,0.135197,rest,seek tool,work is delayed and debt marker increases,True,True,v58-loop-04218
4219,235,7,river gate,wait_offscreen,Tovan,repair awning,0.676039,0.678039,0.111952,0.105952,negotiate debt,seek tool,residents continue without avatar,True,True,v58-loop-04219
4220,235,8,arrival court,repair_trust,Nia,fix bridge peg,0.557047,0.573047,0.300859,0.274859,seek tool,care duty,trust warms and obligation decreases,True,True,v58-loop-04220
4221,235,9,tool alcove,move,Ari,patch cloak,0.353703,0.357703,0.488934,0.486934,care duty,private task,position changes but history remains intact,True,True,v58-loop-04221
4222,235,10,rain court,talk,Fay,repair awning,0.337308,0.357308,0.493998,0.467998,private task,recover focus,trust warms and obligation decreases,True,True,v58-loop-04222
4223,235,11,fiber loft,offer_help,Milo,fix bridge peg,0.467258,0.483258,0.311147,0.285147,recover focus,work,trust warms and obligation decreases,True,True,v58-loop-04223
4224,235,12,west hearth,borrow_tool,Sera,patch cloak,0.638408,0.618408,0.117498,0.147498,work,negotiate debt,work is delayed and debt marker increases,True,False,v58-loop-04224
4225,235,13,river gate,return_tool,Tovan,repair awning,0.653282,0.669282,0.100629,0.074629,rest,negotiate debt,trust warms and obligation decreases,True,True,v58-loop-04225
4226,235,14,arrival court,interrupt_work,Nia,fix bridge peg,0.554657,0.534657,0.276881,0.306881,negotiate debt,care duty,work is delayed and debt marker increases,True,True,v58-loop-04226
4227,235,15,tool alcove,wait_offscreen,Ari,patch cloak,0.351736,0.353736,0.475527,0.469527,seek tool,care duty,residents continue without avatar,True,True,v58-loop-04227
4228,235,16,rain court,repair_trust,Fay,repair awning,0.328083,0.348083,0.504149,0.478149,care duty,private task,trust warms and obligation decreases,True,True,v58-loop-04228
4229,235,17,fiber loft,move,Milo,fix bridge peg,0.467099,0.471099,0.335022,0.333022,private task,recover focus,position changes but history remains intact,True,True,v58-loop-04229
4230,236,0,river gate,offer_help,Sera,map safe route,0.617106,0.633106,0.082401,0.056401,work,rest,trust warms and obligation decreases,True,True,v58-loop-04230
4231,236,1,arrival court,borrow_tool,Tovan,dry seed store,0.653491,0.633491,0.215564,0.245564,rest,seek tool,work is delayed and debt marker increases,True,True,v58-loop-04231
4232,236,2,tool alcove,return_tool,Nia,sort herb shelf,0.519255,0.539255,0.430515,0.404515,negotiate debt,seek tool,trust warms and obligation decreases,True,True,v58-loop-04232
4233,236,3,rain court,interrupt_work,Ari,map safe route,0.340917,0.320917,0.519043,0.549043,seek tool,private task,work is delayed and debt marker increases,True,True,v58-loop-04233
4234,236,4,fiber loft,wait_offscreen,Fay,dry seed store,0.325163,0.323163,0.395396,0.389396,care duty,private task,residents continue without avatar,True,True,v58-loop-04234
4235,236,5,west hearth,repair_trust,Milo,sort herb shelf,0.46192,0.47792,0.179343,0.153343,private task,recover focus,trust warms and obligation decreases,True,True,v58-loop-04235
4236,236,6,river gate,move,Sera,map safe route,0.636159,0.640159,0.080165,0.078165,recover focus,work,position changes but history remains intact,True,True,v58-loop-04236
4237,236,7,arrival court,talk,Tovan,dry seed store,0.667147,0.683147,0.193929,0.167929,work,rest,trust warms and obligation decreases,True,True,v58-loop-04237
4238,236,8,tool alcove,offer_help,Nia,sort herb shelf,0.518562,0.538562,0.410439,0.384439,rest,negotiate debt,trust warms and obligation decreases,True,True,v58-loop-04238
4239,236,9,rain court,borrow_tool,Ari,map safe route,0.334891,0.314891,0.519972,0.549972,negotiate debt,care duty,work is delayed and debt marker increases,True,True,v58-loop-04239
4240,236,10,fiber loft,return_tool,Fay,dry seed store,0.332682,0.352682,0.41643,0.39043,seek tool,care duty,trust warms and obligation decreases,True,True,v58-loop-04240
4241,236,11,west hearth,interrupt_work,Milo,sort herb shelf,0.467156,0.447156,0.200108,0.230108,care duty,recover focus,work is delayed and debt marker increases,True,True,v58-loop-04241
4242,236,12,river gate,wait_offscreen,Sera,map safe route,0.637232,0.635232,0.080546,0.074546,private task,recover focus,residents continue without avatar,True,True,v58-loop-04242
4243,236,13,arrival court,repair_trust,Tovan,dry seed store,0.64718,0.66318,0.173558,0.147558,recover focus,work,trust warms and obligation decreases,True,True,v58-loop-04243
4244,236,14,tool alcove,move,Nia,sort herb shelf,0.52504,0.52904,0.389048,0.387048,work,rest,position changes but history remains intact,True,True,v58-loop-04244
4245,236,15,rain court,talk,Ari,map safe route,0.31603,0.33603,0.518281,0.492281,rest,negotiate debt,trust warms and obligation decreases,True,True,v58-loop-04245
4246,236,16,fiber loft,offer_help,Fay,dry seed store,0.340172,0.360172,0.436077,0.410077,negotiate debt,seek tool,trust warms and obligation decreases,True,True,v58-loop-04246
4247,236,17,west hearth,borrow_tool,Milo,sort herb shelf,0.482598,0.462598,0.222062,0.252062,seek tool,private task,work is delayed and debt marker increases,True,True,v58-loop-04247
4248,237,0,arrival court,interrupt_work,Sera,repair awning,0.642288,0.622288,0.127544,0.157544,private task,work,work is delayed and debt marker increases,True,False,v58-loop-04248
4249,237,1,tool alcove,wait_offscreen,Tovan,fix bridge peg,0.640879,0.642879,0.328103,0.322103,recover focus,work,residents continue without avatar,True,True,v58-loop-04249
4250,237,2,rain court,repair_trust,Nia,patch cloak,0.519488,0.539488,0.50144,0.47544,work,rest,trust warms and obligation decreases,True,True,v58-loop-04250
4251,237,3,fiber loft,move,Ari,repair awning,0.314436,0.318436,0.479653,0.477653,rest,negotiate debt,position changes but history remains intact,True,True,v58-loop-04251
4252,237,4,west hearth,talk,Fay,fix bridge peg,0.342708,0.358708,0.283845,0.257845,negotiate debt,seek tool,trust warms and obligation decreases,True,True,v58-loop-04252
4253,237,5,river gate,offer_help,Milo,patch cloak,0.474434,0.490434,0.103686,0.077686,seek tool,care duty,trust warms and obligation decreases,True,True,v58-loop-04253
4254,237,6,arrival court,borrow_tool,Sera,repair awning,0.645009,0.625009,0.113686,0.143686,care duty,recover focus,work is delayed and debt marker increases,True,True,v58-loop-04254
4255,237,7,tool alcove,return_tool,Tovan,fix bridge peg,0.638291,0.654291,0.304159,0.278159,private task,recover focus,trust warms and obligation decreases,True,True,v58-loop-04255
4256,237,8,rain court,interrupt_work,Nia,patch cloak,0.51524,0.49524,0.490603,0.520603,recover focus,rest,work is delayed and debt marker increases,True,False,v58-loop-04256
4257,237,9,fiber loft,wait_offscreen,Ari,repair awning,0.339207,0.341207,0.49242,0.48642,work,rest,residents continue without avatar,True,True,v58-loop-04257
4258,237,10,west hearth,repair_trust,Fay,fix bridge peg,0.337681,0.353681,0.30785,0.28185,rest,negotiate debt,trust warms and obligation decreases,True,True,v58-loop-04258
4259,237,11,river gate,move,Milo,patch cloak,0.496496,0.500496,0.115675,0.113675,negotiate debt,seek tool,position changes but history remains intact,True,True,v58-loop-04259
4260,237,12,arrival court,talk,Sera,repair awning,0.620133,0.636133,0.102047,0.076047,seek tool,care duty,trust warms and obligation decreases,True,True,v58-loop-04260
4261,237,13,tool alcove,offer_help,Tovan,fix bridge peg,0.639032,0.655032,0.280165,0.254165,care duty,private task,trust warms and obligation decreases,True,True,v58-loop-04261
4262,237,14,rain court,borrow_tool,Nia,patch cloak,0.514799,0.494799,0.477496,0.507496,private task,work,work is delayed and debt marker increases,True,True,v58-loop-04262
4263,237,15,fiber loft,return_tool,Ari,repair awning,0.34023,0.36023,0.502896,0.476896,recover focus,work,trust warms and obligation decreases,True,True,v58-loop-04263
4264,237,16,west hearth,interrupt_work,Fay,fix bridge peg,0.345517,0.325517,0.331761,0.361761,work,negotiate debt,work is delayed and debt marker increases,True,False,v58-loop-04264
4265,237,17,river gate,wait_offscreen,Milo,patch cloak,0.497478,0.499478,0.12986,0.12386,rest,negotiate debt,residents continue without avatar,True,True,v58-loop-04265
4266,238,0,tool alcove,move,Sera,dry seed store,0.652546,0.656546,0.21862,0.21662,seek tool,care duty,position changes but history remains intact,True,True,v58-loop-04266
4267,238,1,rain court,talk,Tovan,sort herb shelf,0.661033,0.681033,0.433157,0.407157,care duty,private task,trust warms and obligation decreases,True,True,v58-loop-04267
4268,238,2,fiber loft,offer_help,Nia,map safe route,0.51677,0.53677,0.518711,0.492711,private task,recover focus,trust warms and obligation decreases,True,True,v58-loop-04268
4269,238,3,west hearth,borrow_tool,Ari,dry seed store,0.33567,0.31567,0.392411,0.422411,recover focus,rest,work is delayed and debt marker increases,True,True,v58-loop-04269
4270,238,4,river gate,return_tool,Fay,sort herb shelf,0.344377,0.360377,0.176597,0.150597,work,rest,trust warms and obligation decreases,True,True,v58-loop-04270
4271,238,5,arrival court,interrupt_work,Milo,map safe route,0.48312,0.46312,0.080317,0.110317,rest,seek tool,work is delayed and debt marker increases,True,True,v58-loop-04271
4272,238,6,tool alcove,wait_offscreen,Sera,dry seed store,0.656463,0.654463,0.196832,0.190832,negotiate debt,seek tool,residents continue without avatar,True,True,v58-loop-04272
4273,238,7,rain court,repair_trust,Tovan,sort herb shelf,0.660456,0.680456,0.413281,0.387281,seek tool,care duty,trust warms and obligation decreases,True,True,v58-loop-04273
4274,238,8,fiber loft,move,Nia,map safe route,0.519575,0.523575,0.52,0.518,care duty,private task,position changes but history remains intact,True,True,v58-loop-04274
4275,238,9,west hearth,talk,Ari,dry seed store,0.325395,0.345395,0.413617,0.387617,private task,recover focus,trust warms and obligation decreases,True,True,v58-loop-04275
4276,238,10,river gate,offer_help,Fay,sort herb shelf,0.331854,0.347854,0.197179,0.171179,recover focus,work,trust warms and obligation decreases,True,True,v58-loop-04276
4277,238,11,arrival court,borrow_tool,Milo,map safe route,0.494256,0.474256,0.080339,0.110339,work,negotiate debt,work is delayed and debt marker increases,True,True,v58-loop-04277
4278,238,12,tool alcove,return_tool,Sera,dry seed store,0.649362,0.665362,0.176273,0.150273,rest,negotiate debt,trust warms and obligation decreases,True,True,v58-loop-04278
4279,238,13,rain court,interrupt_work,Tovan,sort herb shelf,0.650565,0.630565,0.392055,0.422055,negotiate debt,care duty,work is delayed and debt marker increases,True,True,v58-loop-04279
4280,238,14,fiber loft,wait_offscreen,Nia,map safe route,0.491478,0.489478,0.518668,0.512668,seek tool,care duty,residents continue without avatar,True,True,v58-loop-04280
4281,238,15,west hearth,repair_trust,Ari,dry seed store,0.332554,0.352554,0.433469,0.407469,care duty,private task,trust warms and obligation decreases,True,True,v58-loop-04281
4282,238,16,river gate,move,Fay,sort herb shelf,0.342969,0.346969,0.218985,0.216985,private task,recover focus,position changes but history remains intact,True,True,v58-loop-04282
4283,238,17,arrival court,talk,Milo,map safe route,0.512185,0.528185,0.082976,0.056976,recover focus,work,trust warms and obligation decreases,True,True,v58-loop-04283
4284,239,0,rain court,borrow_tool,Sera,fix bridge peg,0.644806,0.624806,0.331373,0.361373,rest,seek tool,work is delayed and debt marker increases,True,False,v58-loop-04284
4285,239,1,fiber loft,return_tool,Tovan,patch cloak,0.635086,0.655086,0.502744,0.476744,negotiate debt,seek tool,trust warms and obligation decreases,True,True,v58-loop-04285
4286,239,2,west hearth,interrupt_work,Nia,repair awning,0.508372,0.488372,0.477728,0.507728,seek tool,private task,work is delayed and debt marker increases,True,True,v58-loop-04286
4287,239,3,river gate,wait_offscreen,Ari,fix bridge peg,0.325194,0.327194,0.280556,0.274556,care duty,private task,residents continue without avatar,True,True,v58-loop-04287
4288,239,4,arrival court,repair_trust,Fay,patch cloak,0.341185,0.357185,0.102218,0.076218,private task,recover focus,trust warms and obligation decreases,True,True,v58-loop-04288
4289,239,5,tool alcove,move,Milo,repair awning,0.520784,0.524784,0.115462,0.113462,recover focus,work,position changes but history remains intact,True,True,v58-loop-04289
4290,239,6,rain court,talk,Sera,fix bridge peg,0.646629,0.662629,0.307458,0.281458,work,rest,trust warms and obligation decreases,True,True,v58-loop-04290
4291,239,7,fiber loft,offer_help,Tovan,patch cloak,0.624624,0.644624,0.49223,0.46623,rest,negotiate debt,trust warms and obligation decreases,True,True,v58-loop-04291
4292,239,8,west hearth,borrow_tool,Nia,repair awning,0.50338,0.48338,0.490799,0.520799,negotiate debt,care duty,work is delayed and debt marker increases,True,False,v58-loop-04292
4293,239,9,river gate,return_tool,Ari,fix bridge peg,0.318076,0.334076,0.304551,0.278551,seek tool,care duty,trust warms and obligation decreases,True,True,v58-loop-04293
4294,239,10,arrival court,interrupt_work,Fay,patch cloak,0.348485,0.328485,0.113895,0.143895,care duty,recover focus,work is delayed and debt marker increases,True,True,v58-loop-04294
4295,239,11,tool alcove,wait_offscreen,Milo,repair awning,0.500867,0.502867,0.103509,0.097509,private task,recover focus,residents continue without avatar,True,True,v58-loop-04295
4296,239,12,rain court,repair_trust,Sera,fix bridge peg,0.661841,0.677841,0.283454,0.257454,recover focus,work,trust warms and obligation decreases,True,True,v58-loop-04296
4297,239,13,fiber loft,move,Tovan,patch cloak,0.648431,0.652431,0.479426,0.477426,work,rest,position changes but history remains intact,True,True,v58-loop-04297
4298,239,14,west hearth,talk,Nia,repair awning,0.488019,0.508019,0.501598,0.475598,rest,negotiate debt,trust warms and obligation decreases,True,True,v58-loop-04298
4299,239,15,river gate,offer_help,Ari,fix bridge peg,0.310241,0.326241,0.328492,0.302492,negotiate debt,seek tool,trust warms and obligation decreases,True,True,v58-loop-04299
4300,239,16,arrival court,borrow_tool,Fay,patch cloak,0.353726,0.333726,0.127788,0.157788,seek tool,private task,work is delayed and debt marker increases,True,False,v58-loop-04300
4301,239,17,tool alcove,return_tool,Milo,repair awning,0.520309,0.536309,0.093897,0.067897,care duty,private task,trust warms and obligation decreases,True,True,v58-loop-04301
4302,240,0,fiber loft,wait_offscreen,Sera,sort herb shelf,0.653171,0.651171,0.435769,0.429769,recover focus,work,residents continue without avatar,True,True,v58-loop-04302
4303,240,1,west hearth,repair_trust,Tovan,map safe route,0.647268,0.667268,0.51833,0.49233,work,rest,trust warms and obligation decreases,True,True,v58-loop-04303
4304,240,2,river gate,move,Nia,dry seed store,0.464644,0.468644,0.389406,0.387406,rest,negotiate debt,position changes but history remains intact,True,True,v58-loop-04304
4305,240,3,arrival court,talk,Ari,sort herb shelf,0.296178,0.312178,0.173879,0.147879,negotiate debt,seek tool,trust warms and obligation decreases,True,True,v58-loop-04305
4306,240,4,tool alcove,offer_help,Fay,map safe route,0.349008,0.365008,0.080519,0.054519,seek tool,care duty,trust warms and obligation decreases,True,True,v58-loop-04306
4307,240,5,rain court,borrow_tool,Milo,dry seed store,0.520655,0.500655,0.199758,0.229758,care duty,recover focus,work is delayed and debt marker increases,True,True,v58-loop-04307
4308,240,6,fiber loft,return_tool,Sera,sort herb shelf,0.659319,0.679319,0.416097,0.390097,private task,recover focus,trust warms and obligation decreases,True,True,v58-loop-04308
4309,240,7,west hearth,interrupt_work,Tovan,map safe route,0.619889,0.599889,0.519978,0.549978,recover focus,rest,work is delayed and debt marker increases,True,True,v58-loop-04309
4310,240,8,river gate,wait_offscreen,Nia,dry seed store,0.488079,0.486079,0.410778,0.404778,work,rest,residents continue without avatar,True,True,v58-loop-04310
4311,240,9,arrival court,repair_trust,Ari,sort herb shelf,0.313697,0.329697,0.194273,0.168273,rest,negotiate debt,trust warms and obligation decreases,True,True,v58-loop-04311
4312,240,10,tool alcove,move,Fay,map safe route,0.345242,0.349242,0.08018,0.07818,negotiate debt,seek tool,position changes but history remains intact,True,True,v58-loop-04312
4313,240,11,rain court,talk,Milo,dry seed store,0.533558,0.549558,0.179015,0.153015,seek tool,care duty,trust warms and obligation decreases,True,True,v58-loop-04313
4314,240,12,fiber loft,offer_help,Sera,sort herb shelf,0.643963,0.659963,0.395042,0.369042,care duty,private task,trust warms and obligation decreases,True,True,v58-loop-04314
4315,240,13,west hearth,borrow_tool,Tovan,map safe route,0.649017,0.629017,0.519006,0.549006,private task,work,work is delayed and debt marker increases,True,True,v58-loop-04315
4316,240,14,river gate,return_tool,Nia,dry seed store,0.488062,0.508062,0.430831,0.404831,recover focus,work,trust warms and obligation decreases,True,True,v58-loop-04316
4317,240,15,arrival court,interrupt_work,Ari,sort herb shelf,0.297581,0.277581,0.215926,0.245926,work,negotiate debt,work is delayed and debt marker increases,True,True,v58-loop-04317
4318,240,16,tool alcove,wait_offscreen,Fay,map safe route,0.370526,0.368526,0.08246,0.07646,rest,negotiate debt,residents continue without avatar,True,True,v58-loop-04318
4319,240,17,rain court,repair_trust,Milo,dry seed store,0.516055,0.532055,0.159713,0.133713,negotiate debt,seek tool,trust warms and obligation decreases,True,True,v58-loop-04319
4320,241,0,west hearth,talk,Sera,patch cloak,0.658542,0.678542,0.504002,0.478002,care duty,private task,trust warms and obligation decreases,True,True,v58-loop-04320
4321,241,1,river gate,offer_help,Tovan,repair awning,0.64209,0.66209,0.475763,0.449763,private task,recover focus,trust warms and obligation decreases,True,True,v58-loop-04321
4322,241,2,arrival court,borrow_tool,Nia,fix bridge peg,0.453209,0.433209,0.277271,0.307271,recover focus,rest,work is delayed and debt marker increases,True,True,v58-loop-04322
4323,241,3,tool alcove,return_tool,Ari,patch cloak,0.321805,0.337805,0.100796,0.074796,work,rest,trust warms and obligation decreases,True,True,v58-loop-04323
4324,241,4,rain court,interrupt_work,Fay,repair awning,0.363924,0.343924,0.117279,0.147279,rest,seek tool,work is delayed and debt marker increases,True,False,v58-loop-04324
4325,241,5,fiber loft,wait_offscreen,Milo,fix bridge peg,0.543974,0.545974,0.310755,0.304755,negotiate debt,seek tool,residents continue without avatar,True,True,v58-loop-04325
4326,241,6,west hearth,repair_trust,Sera,patch cloak,0.655589,0.675589,0.493813,0.467813,seek tool,care duty,trust warms and obligation decreases,True,True,v58-loop-04326
4327,241,7,river gate,move,Tovan,repair awning,0.63291,0.63691,0.489135,0.487135,care duty,private task,position changes but history remains intact,True,True,v58-loop-04327
4328,241,8,arrival court,talk,Nia,fix bridge peg,0.46617,0.48217,0.301251,0.275251,private task,recover focus,trust warms and obligation decreases,True,True,v58-loop-04328
4329,241,9,tool alcove,offer_help,Ari,patch cloak,0.300165,0.316165,0.112156,0.086156,recover focus,work,trust warms and obligation decreases,True,True,v58-loop-04329
4330,241,10,rain court,borrow_tool,Fay,repair awning,0.381983,0.361983,0.105015,0.135015,work,negotiate debt,work is delayed and debt marker increases,True,True,v58-loop-04330
4331,241,11,fiber loft,return_tool,Milo,fix bridge peg,0.540382,0.556382,0.286746,0.260746,rest,negotiate debt,trust warms and obligation decreases,True,True,v58-loop-04331
4332,241,12,west hearth,interrupt_work,Sera,patch cloak,0.670013,0.650013,0.481315,0.511315,negotiate debt,care duty,work is delayed and debt marker increases,True,False,v58-loop-04332
4333,241,13,river gate,wait_offscreen,Tovan,repair awning,0.64087,0.64287,0.500254,0.494254,seek tool,care duty,residents continue without avatar,True,True,v58-loop-04333
4334,241,14,arrival court,repair_trust,Nia,fix bridge peg,0.464063,0.480063,0.325217,0.299217,care duty,private task,trust warms and obligation decreases,True,True,v58-loop-04334
4335,241,15,tool alcove,move,Ari,patch cloak,0.31435,0.31835,0.125753,0.123753,private task,recover focus,position changes but history remains intact,True,True,v58-loop-04335
4336,241,16,rain court,talk,Fay,repair awning,0.370559,0.386559,0.095074,0.069074,recover focus,work,trust warms and obligation decreases,True,True,v58-loop-04336
4337,241,17,fiber loft,offer_help,Milo,fix bridge peg,0.548066,0.564066,0.262896,0.236896,work,rest,trust warms and obligation decreases,True,True,v58-loop-04337
4338,242,0,river gate,return_tool,Sera,map safe route,0.677134,0.697134,0.5179,0.4919,negotiate debt,seek tool,trust warms and obligation decreases,True,True,v58-loop-04338
4339,242,1,arrival court,interrupt_work,Tovan,dry seed store,0.633469,0.613469,0.386381,0.416381,seek tool,private task,work is delayed and debt marker increases,True,True,v58-loop-04339
4340,242,2,tool alcove,wait_offscreen,Nia,sort herb shelf,0.468308,0.466308,0.17119,0.16519,care duty,private task,residents continue without avatar,True,True,v58-loop-04340
4341,242,3,rain court,repair_trust,Ari,map safe route,0.314257,0.330257,0.08077,0.05477,private task,recover focus,trust warms and obligation decreases,True,True,v58-loop-04341
4342,242,4,fiber loft,move,Fay,dry seed store,0.387635,0.391635,0.202707,0.200707,recover focus,work,position changes but history remains intact,True,True,v58-loop-04342
4343,242,5,west hearth,talk,Milo,sort herb shelf,0.533171,0.553171,0.418887,0.392887,work,rest,trust warms and obligation decreases,True,True,v58-loop-04343
4344,242,6,river gate,offer_help,Sera,map safe route,0.647341,0.667341,0.519907,0.493907,rest,negotiate debt,trust warms and obligation decreases,True,True,v58-loop-04344
4345,242,7,arrival court,borrow_tool,Tovan,dry seed store,0.618416,0.598416,0.407915,0.437915,negotiate debt,care duty,work is delayed and debt marker increases,True,True,v58-loop-04345
4346,242,8,tool alcove,return_tool,Nia,sort herb shelf,0.46323,0.47923,0.191391,0.165391,seek tool,care duty,trust warms and obligation decreases,True,True,v58-loop-04346
4347,242,9,rain court,interrupt_work,Ari,map safe route,0.299342,0.279342,0.080071,0.110071,care duty,recover focus,work is delayed and debt marker increases,True,True,v58-loop-04347
4348,242,10,fiber loft,wait_offscreen,Fay,dry seed store,0.373343,0.371343,0.181785,0.175785,private task,recover focus,residents continue without avatar,True,True,v58-loop-04348
4349,242,11,west hearth,repair_trust,Milo,sort herb shelf,0.558527,0.574527,0.398007,0.372007,recover focus,work,trust warms and obligation decreases,True,True,v58-loop-04349
4350,242,12,river gate,move,Sera,map safe route,0.671101,0.675101,0.519295,0.517295,work,rest,position changes but history remains intact,True,True,v58-loop-04350
4351,242,13,arrival court,talk,Tovan,dry seed store,0.632432,0.652432,0.428163,0.402163,rest,negotiate debt,trust warms and obligation decreases,True,True,v58-loop-04351
4352,242,14,tool alcove,offer_help,Nia,sort herb shelf,0.446408,0.462408,0.212886,0.186886,negotiate debt,seek tool,trust warms and obligation decreases,True,True,v58-loop-04352
4353,242,15,rain court,borrow_tool,Ari,map safe route,0.312935,0.292935,0.081992,0.111992,seek tool,private task,work is delayed and debt marker increases,True,True,v58-loop-04353
4354,242,16,fiber loft,return_tool,Fay,dry seed store,0.367977,0.383977,0.162271,0.136271,care duty,private task,trust warms and obligation decreases,True,True,v58-loop-04354
4355,242,17,west hearth,interrupt_work,Milo,sort herb shelf,0.54692,0.52692,0.375961,0.405961,private task,work,work is delayed and debt marker increases,True,True,v58-loop-04355
4356,243,0,arrival court,repair_trust,Sera,repair awning,0.65451,0.67451,0.473759,0.447759,work,rest,trust warms and obligation decreases,True,True,v58-loop-04356
4357,243,1,tool alcove,move,Tovan,fix bridge peg,0.614044,0.618044,0.273992,0.271992,rest,negotiate debt,position changes but history remains intact,True,True,v58-loop-04357
4358,243,2,rain court,talk,Nia,patch cloak,0.425538,0.441538,0.099417,0.073417,negotiate debt,seek tool,trust warms and obligation decreases,True,True,v58-loop-04358
4359,243,3,fiber loft,offer_help,Ari,repair awning,0.32502,0.34102,0.119137,0.093137,seek tool,care duty,trust warms and obligation decreases,True,True,v58-loop-04359
4360,243,4,west hearth,borrow_tool,Fay,fix bridge peg,0.400064,0.380064,0.31405,0.34405,care duty,recover focus,work is delayed and debt marker increases,True,False,v58-loop-04360
4361,243,5,river gate,return_tool,Milo,patch cloak,0.551997,0.571997,0.495353,0.469353,private task,recover focus,trust warms and obligation decreases,True,True,v58-loop-04361
4362,243,6,arrival court,interrupt_work,Sera,repair awning,0.653933,0.633933,0.487428,0.517428,recover focus,rest,work is delayed and debt marker increases,True,True,v58-loop-04362
4363,243,7,tool alcove,wait_offscreen,Tovan,fix bridge peg,0.59223,0.59423,0.297951,0.291951,work,rest,residents continue without avatar,True,True,v58-loop-04363
4364,243,8,rain court,repair_trust,Nia,patch cloak,0.425026,0.441026,0.110459,0.084459,rest,negotiate debt,trust warms and obligation decreases,True,True,v58-loop-04364
4365,243,9,fiber loft,move,Ari,repair awning,0.31699,0.32099,0.106566,0.104566,negotiate debt,seek tool,position changes but history remains intact,True,True,v58-loop-04365
4366,243,10,west hearth,talk,Fay,fix bridge peg,0.39465,0.41065,0.290042,0.264042,seek tool,care duty,trust warms and obligation decreases,True,True,v58-loop-04366
4367,243,11,river gate,offer_help,Milo,patch cloak,0.550235,0.570235,0.483164,0.457164,care duty,private task,trust warms and obligation decreases,True,True,v58-loop-04367
4368,243,12,arrival court,borrow_tool,Sera,repair awning,0.682371,0.662371,0.498865,0.528865,private task,work,work is delayed and debt marker increases,True,False,v58-loop-04368
4369,243,13,tool alcove,return_tool,Tovan,fix bridge peg,0.61157,0.62757,0.321936,0.295936,recover focus,work,trust warms and obligation decreases,True,True,v58-loop-04369
4370,243,14,rain court,interrupt_work,Nia,patch cloak,0.449165,0.429165,0.123759,0.153759,work,negotiate debt,work is delayed and debt marker increases,True,True,v58-loop-04370
4371,243,15,fiber loft,wait_offscreen,Ari,repair awning,0.3043,0.3063,0.096297,0.090297,rest,negotiate debt,residents continue without avatar,True,True,v58-loop-04371
4372,243,16,west hearth,repair_trust,Fay,fix bridge peg,0.386925,0.402925,0.266153,0.240153,negotiate debt,seek tool,trust warms and obligation decreases,True,True,v58-loop-04372
4373,243,17,river gate,move,Milo,patch cloak,0.569175,0.573175,0.468794,0.466794,seek tool,care duty,position changes but history remains intact,True,True,v58-loop-04373
4374,244,0,tool alcove,offer_help,Sera,dry seed store,0.682581,0.698581,0.383337,0.357337,private task,recover focus,trust warms and obligation decreases,True,True,v58-loop-04374
4375,244,1,rain court,borrow_tool,Tovan,sort herb shelf,0.613817,0.593817,0.168529,0.198529,recover focus,rest,work is delayed and debt marker increases,True,True,v58-loop-04375
4376,244,2,fiber loft,return_tool,Nia,map safe route,0.422911,0.438911,0.081071,0.055071,work,rest,trust warms and obligation decreases,True,True,v58-loop-04376
4377,244,3,west hearth,interrupt_work,Ari,dry seed store,0.321455,0.301455,0.205678,0.235678,rest,seek tool,work is delayed and debt marker increases,True,True,v58-loop-04377
4378,244,4,river gate,wait_offscreen,Fay,sort herb shelf,0.387028,0.385028,0.42165,0.41565,negotiate debt,seek tool,residents continue without avatar,True,True,v58-loop-04378
4379,244,5,arrival court,repair_trust,Milo,map safe route,0.560549,0.580549,0.519786,0.493786,seek tool,care duty,trust warms and obligation decreases,True,True,v58-loop-04379
4380,244,6,tool alcove,move,Sera,dry seed store,0.658125,0.662125,0.405027,0.403027,care duty,private task,position changes but history remains intact,True,True,v58-loop-04380
4381,244,7,rain court,talk,Tovan,sort herb shelf,0.592492,0.608492,0.188534,0.162534,private task,recover focus,trust warms and obligation decreases,True,True,v58-loop-04381
4382,244,8,fiber loft,offer_help,Nia,map safe route,0.411989,0.427989,0.080012,0.054012,recover focus,work,trust warms and obligation decreases,True,True,v58-loop-04382
4383,244,9,west hearth,borrow_tool,Ari,dry seed store,0.304398,0.284398,0.184581,0.214581,work,negotiate debt,work is delayed and debt marker increases,True,True,v58-loop-04383
4384,244,10,river gate,return_tool,Fay,sort herb shelf,0.412822,0.432822,0.400951,0.374951,rest,negotiate debt,trust warms and obligation decreases,True,True,v58-loop-04384
4385,244,11,arrival court,interrupt_work,Milo,map safe route,0.555141,0.535141,0.519534,0.549534,negotiate debt,care duty,work is delayed and debt marker increases,True,True,v58-loop-04385
4386,244,12,tool alcove,wait_offscreen,Sera,dry seed store,0.680066,0.678066,0.425466,0.419466,seek tool,care duty,residents continue without avatar,True,True,v58-loop-04386
4387,244,13,rain court,repair_trust,Tovan,sort herb shelf,0.598055,0.614055,0.209866,0.183866,care duty,private task,trust warms and obligation decreases,True,True,v58-loop-04387
4388,244,14,fiber loft,move,Nia,map safe route,0.42225,0.42625,0.081573,0.079573,private task,recover focus,position changes but history remains intact,True,True,v58-loop-04388
4389,244,15,west hearth,talk,Ari,dry seed store,0.321157,0.337157,0.16486,0.13886,recover focus,work,trust warms and obligation decreases,True,True,v58-loop-04389
4390,244,16,river gate,offer_help,Fay,sort herb shelf,0.407453,0.423453,0.379049,0.353049,work,rest,trust warms and obligation decreases,True,True,v58-loop-04390
4391,244,17,arrival court,borrow_tool,Milo,map safe route,0.567416,0.547416,0.516668,0.546668,rest,seek tool,work is delayed and debt marker increases,True,True,v58-loop-04391
4392,245,0,rain court,interrupt_work,Sera,fix bridge peg,0.677501,0.657501,0.270718,0.300718,seek tool,private task,work is delayed and debt marker increases,True,False,v58-loop-04392
4393,245,1,fiber loft,wait_offscreen,Tovan,patch cloak,0.575238,0.577238,0.098085,0.092085,care duty,private task,residents continue without avatar,True,True,v58-loop-04393
4394,245,2,west hearth,repair_trust,Nia,repair awning,0.426827,0.442827,0.121036,0.095036,private task,recover focus,trust warms and obligation decreases,True,True,v58-loop-04394
4395,245,3,river gate,move,Ari,fix bridge peg,0.315504,0.319504,0.317341,0.315341,recover focus,work,position changes but history remains intact,True,True,v58-loop-04395
4396,245,4,arrival court,talk,Fay,patch cloak,0.410022,0.430022,0.496848,0.470848,work,rest,trust warms and obligation decreases,True,True,v58-loop-04396
4397,245,5,tool alcove,offer_help,Milo,repair awning,0.575367,0.595367,0.485679,0.459679,rest,negotiate debt,trust warms and obligation decreases,True,True,v58-loop-04397
4398,245,6,rain court,borrow_tool,Sera,fix bridge peg,0.670983,0.650983,0.294652,0.324652,negotiate debt,care duty,work is delayed and debt marker increases,True,True,v58-loop-04398
4399,245,7,fiber loft,return_tool,Tovan,patch cloak,0.585257,0.601257,0.108805,0.082805,seek tool,care duty,trust warms and obligation decreases,True,True,v58-loop-04399
4400,245,8,west hearth,interrupt_work,Nia,repair awning,0.412943,0.392943,0.108159,0.138159,care duty,recover focus,work is delayed and debt marker increases,True,False,v58-loop-04400
4401,245,9,river gate,wait_offscreen,Ari,fix bridge peg,0.304851,0.306851,0.293339,0.287339,private task,recover focus,residents continue without avatar,True,True,v58-loop-04401
4402,245,10,arrival court,repair_trust,Fay,patch cloak,0.404794,0.424794,0.484971,0.458971,recover focus,work,trust warms and obligation decreases,True,True,v58-loop-04402
4403,245,11,tool alcove,move,Milo,repair awning,0.592109,0.596109,0.497431,0.495431,work,rest,position changes but history remains intact,True,True,v58-loop-04403
4404,245,12,rain court,talk,Sera,fix bridge peg,0.670024,0.686024,0.31865,0.29265,rest,negotiate debt,trust warms and obligation decreases,True,True,v58-loop-04404
4405,245,13,fiber loft,offer_help,Tovan,patch cloak,0.580394,0.596394,0.121803,0.095803,negotiate debt,seek tool,trust warms and obligation decreases,True,True,v58-loop-04405
4406,245,14,west hearth,borrow_tool,Nia,repair awning,0.423352,0.403352,0.097567,0.127567,seek tool,private task,work is delayed and debt marker increases,True,True,v58-loop-04406
4407,245,15,river gate,return_tool,Ari,fix bridge peg,0.302128,0.318128,0.269417,0.243417,care duty,private task,trust warms and obligation decreases,True,True,v58-loop-04407
4408,245,16,arrival court,interrupt_work,Fay,patch cloak,0.41795,0.39795,0.470891,0.500891,private task,work,work is delayed and debt marker increases,True,False,v58-loop-04408
4409,245,17,tool alcove,wait_offscreen,Milo,repair awning,0.590166,0.592166,0.506832,0.500832,recover focus,work,residents continue without avatar,True,True,v58-loop-04409
4410,246,0,fiber loft,move,Sera,sort herb shelf,0.657143,0.661143,0.165898,0.163898,rest,negotiate debt,position changes but history remains intact,True,True,v58-loop-04410
4411,246,1,west hearth,talk,Tovan,map safe route,0.591322,0.607322,0.081421,0.055421,negotiate debt,seek tool,trust warms and obligation decreases,True,True,v58-loop-04411
4412,246,2,river gate,offer_help,Nia,dry seed store,0.387806,0.403806,0.20867,0.18267,seek tool,care duty,trust warms and obligation decreases,True,True,v58-loop-04412
4413,246,3,arrival court,borrow_tool,Ari,sort herb shelf,0.313091,0.293091,0.424386,0.454386,care duty,recover focus,work is delayed and debt marker increases,True,True,v58-loop-04413
4414,246,4,tool alcove,return_tool,Fay,map safe route,0.434365,0.454365,0.519616,0.493616,private task,recover focus,trust warms and obligation decreases,True,True,v58-loop-04414
4415,246,5,rain court,interrupt_work,Milo,dry seed store,0.595998,0.575998,0.402116,0.432116,recover focus,rest,work is delayed and debt marker increases,True,True,v58-loop-04415
4416,246,6,fiber loft,wait_offscreen,Sera,sort herb shelf,0.658833,0.656833,0.185701,0.179701,work,rest,residents continue without avatar,True,True,v58-loop-04416
4417,246,7,west hearth,repair_trust,Tovan,map safe route,0.586137,0.602137,0.080002,0.054002,rest,negotiate debt,trust warms and obligation decreases,True,True,v58-loop-04417
4418,246,8,river gate,move,Nia,dry seed store,0.415742,0.419742,0.187404,0.185404,negotiate debt,seek tool,position changes but history remains intact,True,True,v58-loop-04418
4419,246,9,arrival court,talk,Ari,sort herb shelf,0.309273,0.329273,0.403871,0.377871,seek tool,care duty,trust warms and obligation decreases,True,True,v58-loop-04419
4420,246,10,tool alcove,offer_help,Fay,map safe route,0.433278,0.453278,0.519724,0.493724,care duty,private task,trust warms and obligation decreases,True,True,v58-loop-04420
4421,246,11,rain court,borrow_tool,Milo,dry seed store,0.5788,0.5588,0.422742,0.452742,private task,work,work is delayed and debt marker increases,True,True,v58-loop-04421
4422,246,12,fiber loft,return_tool,Sera,sort herb shelf,0.656801,0.672801,0.206866,0.180866,recover focus,work,trust warms and obligation decreases,True,True,v58-loop-04422
4423,246,13,west hearth,interrupt_work,Tovan,map safe route,0.574047,0.554047,0.081204,0.111204,work,negotiate debt,work is delayed and debt marker increases,True,True,v58-loop-04423
4424,246,14,river gate,wait_offscreen,Nia,dry seed store,0.408045,0.406045,0.167479,0.161479,rest,negotiate debt,residents continue without avatar,True,True,v58-loop-04424
4425,246,15,arrival court,repair_trust,Ari,sort herb shelf,0.313812,0.329812,0.38212,0.35612,negotiate debt,seek tool,trust warms and obligation decreases,True,True,v58-loop-04425
4426,246,16,tool alcove,move,Fay,map safe route,0.42626,0.43026,0.517216,0.515216,seek tool,care duty,position changes but history remains intact,True,True,v58-loop-04426
4427,246,17,rain court,talk,Milo,dry seed store,0.599654,0.619654,0.441906,0.415906,care duty,private task,trust warms and obligation decreases,True,True,v58-loop-04427
4428,247,0,west hearth,borrow_tool,Sera,patch cloak,0.673186,0.653186,0.096797,0.126797,recover focus,rest,work is delayed and debt marker increases,True,False,v58-loop-04428
4429,247,1,river gate,return_tool,Tovan,repair awning,0.575029,0.591029,0.122976,0.096976,work,rest,trust warms and obligation decreases,True,True,v58-loop-04429
4430,247,2,arrival court,interrupt_work,Nia,fix bridge peg,0.387112,0.367112,0.320629,0.350629,rest,seek tool,work is delayed and debt marker increases,True,True,v58-loop-04430
4431,247,3,tool alcove,wait_offscreen,Ari,patch cloak,0.323944,0.325944,0.4983,0.4923,negotiate debt,seek tool,residents continue without avatar,True,True,v58-loop-04431
4432,247,4,rain court,repair_trust,Fay,repair awning,0.436732,0.456732,0.483888,0.457888,seek tool,care duty,trust warms and obligation decreases,True,True,v58-loop-04432
4433,247,5,fiber loft,move,Milo,fix bridge peg,0.591647,0.595647,0.291354,0.289354,care duty,private task,position changes but history remains intact,True,True,v58-loop-04433
4434,247,6,west hearth,talk,Sera,patch cloak,0.65242,0.66842,0.107194,0.081194,private task,recover focus,trust warms and obligation decreases,True,True,v58-loop-04434
4435,247,7,river gate,offer_help,Tovan,repair awning,0.581344,0.597344,0.109796,0.083796,recover focus,work,trust warms and obligation decreases,True,True,v58-loop-04435
4436,247,8,arrival court,borrow_tool,Nia,fix bridge peg,0.402567,0.382567,0.296638,0.326638,work,negotiate debt,work is delayed and debt marker increases,True,False,v58-loop-04436
4437,247,9,tool alcove,return_tool,Ari,patch cloak,0.32119,0.34119,0.486737,0.460737,rest,negotiate debt,trust warms and obligation decreases,True,True,v58-loop-04437
4438,247,10,rain court,interrupt_work,Fay,repair awning,0.418688,0.398688,0.495953,0.525953,negotiate debt,care duty,work is delayed and debt marker increases,True,True,v58-loop-04438
4439,247,11,fiber loft,wait_offscreen,Milo,fix bridge peg,0.616416,0.618416,0.31536,0.30936,seek tool,care duty,residents continue without avatar,True,True,v58-loop-04439
4440,247,12,west hearth,repair_trust,Sera,patch cloak,0.661386,0.677386,0.119888,0.093888,care duty,private task,trust warms and obligation decreases,True,True,v58-loop-04440
4441,247,13,river gate,move,Tovan,repair awning,0.549447,0.553447,0.098882,0.096882,private task,recover focus,position changes but history remains intact,True,True,v58-loop-04441
4442,247,14,arrival court,talk,Nia,fix bridge peg,0.38089,0.39689,0.272688,0.246688,recover focus,work,trust warms and obligation decreases,True,True,v58-loop-04442
4443,247,15,tool alcove,offer_help,Ari,patch cloak,0.323982,0.343982,0.47295,0.44695,work,rest,trust warms and obligation decreases,True,True,v58-loop-04443
4444,247,16,rain court,borrow_tool,Fay,repair awning,0.445823,0.425823,0.505684,0.535684,rest,seek tool,work is delayed and debt marker increases,True,False,v58-loop-04444
4445,247,17,fiber loft,return_tool,Milo,fix bridge peg,0.612428,0.628428,0.339183,0.313183,negotiate debt,seek tool,trust warms and obligation decreases,True,True,v58-loop-04445
4446,248,0,river gate,wait_offscreen,Sera,map safe route,0.660368,0.658368,0.08182,0.07582,care duty,private task,residents continue without avatar,True,True,v58-loop-04446
4447,248,1,arrival court,repair_trust,Tovan,dry seed store,0.55194,0.56794,0.211682,0.185682,private task,recover focus,trust warms and obligation decreases,True,True,v58-loop-04447
4448,248,2,tool alcove,move,Nia,sort herb shelf,0.389316,0.393316,0.427093,0.425093,recover focus,work,position changes but history remains intact,True,True,v58-loop-04448
4449,248,3,rain court,talk,Ari,map safe route,0.312021,0.332021,0.519396,0.493396,work,rest,trust warms and obligation decreases,True,True,v58-loop-04449
4450,248,4,fiber loft,offer_help,Fay,dry seed store,0.434119,0.450119,0.399181,0.373181,rest,negotiate debt,trust warms and obligation decreases,True,True,v58-loop-04450
4451,248,5,west hearth,borrow_tool,Milo,sort herb shelf,0.6185,0.5985,0.182895,0.212895,negotiate debt,care duty,work is delayed and debt marker increases,True,True,v58-loop-04451
4452,248,6,river gate,return_tool,Sera,map safe route,0.676206,0.692206,0.080042,0.054042,seek tool,care duty,trust warms and obligation decreases,True,True,v58-loop-04452
4453,248,7,arrival court,interrupt_work,Tovan,dry seed store,0.542692,0.522692,0.190251,0.220251,care duty,recover focus,work is delayed and debt marker increases,True,True,v58-loop-04453
4454,248,8,tool alcove,wait_offscreen,Nia,sort herb shelf,0.393679,0.391679,0.406769,0.400769,private task,recover focus,residents continue without avatar,True,True,v58-loop-04454
4455,248,9,rain court,repair_trust,Ari,map safe route,0.318331,0.338331,0.519865,0.493865,recover focus,work,trust warms and obligation decreases,True,True,v58-loop-04455
4456,248,10,fiber loft,move,Fay,dry seed store,0.447482,0.451482,0.419989,0.417989,work,rest,position changes but history remains intact,True,True,v58-loop-04456
4457,248,11,west hearth,talk,Milo,sort herb shelf,0.599689,0.615689,0.203886,0.177886,rest,negotiate debt,trust warms and obligation decreases,True,True,v58-loop-04457
4458,248,12,river gate,offer_help,Sera,map safe route,0.672693,0.688693,0.080884,0.054884,negotiate debt,seek tool,trust warms and obligation decreases,True,True,v58-loop-04458
4459,248,13,arrival court,borrow_tool,Tovan,dry seed store,0.552587,0.532587,0.170128,0.200128,seek tool,private task,work is delayed and debt marker increases,True,True,v58-loop-04459
4460,248,14,tool alcove,return_tool,Nia,sort herb shelf,0.386631,0.402631,0.385172,0.359172,care duty,private task,trust warms and obligation decreases,True,True,v58-loop-04460
4461,248,15,rain court,interrupt_work,Ari,map safe route,0.301189,0.281189,0.517715,0.547715,private task,work,work is delayed and debt marker increases,True,True,v58-loop-04461
4462,248,16,fiber loft,wait_offscreen,Fay,dry seed store,0.45965,0.45765,0.439368,0.433368,recover focus,work,residents continue without avatar,True,True,v58-loop-04462
4463,248,17,west hearth,repair_trust,Milo,sort herb shelf,0.615634,0.631634,0.226023,0.200023,work,rest,trust warms and obligation decreases,True,True,v58-loop-04463
4464,249,0,arrival court,talk,Sera,repair awning,0.660759,0.676759,0.124955,0.098955,negotiate debt,seek tool,trust warms and obligation decreases,True,True,v58-loop-04464
4465,249,1,tool alcove,offer_help,Tovan,fix bridge peg,0.525581,0.541581,0.323912,0.297912,seek tool,care duty,trust warms and obligation decreases,True,True,v58-loop-04465
4466,249,2,rain court,borrow_tool,Nia,patch cloak,0.36202,0.34202,0.499706,0.529706,care duty,recover focus,work is delayed and debt marker increases,True,True,v58-loop-04466
4467,249,3,fiber loft,return_tool,Ari,repair awning,0.330983,0.350983,0.482056,0.456056,private task,recover focus,trust warms and obligation decreases,True,True,v58-loop-04467
4468,249,4,west hearth,interrupt_work,Fay,fix bridge peg,0.442759,0.422759,0.288057,0.318057,recover focus,rest,work is delayed and debt marker increases,True,False,v58-loop-04468
4469,249,5,river gate,wait_offscreen,Milo,patch cloak,0.617196,0.619196,0.105627,0.099627,work,rest,residents continue without avatar,True,True,v58-loop-04469
4470,249,6,arrival court,repair_trust,Sera,repair awning,0.654084,0.670084,0.111476,0.085476,rest,negotiate debt,trust warms and obligation decreases,True,True,v58-loop-04470
4471,249,7,tool alcove,move,Tovan,fix bridge peg,0.546427,0.550427,0.299938,0.297938,negotiate debt,seek tool,position changes but history remains intact,True,True,v58-loop-04471
4472,249,8,rain court,talk,Nia,patch cloak,0.381181,0.401181,0.488461,0.462461,seek tool,care duty,trust warms and obligation decreases,True,True,v58-loop-04472
4473,249,9,fiber loft,offer_help,Ari,repair awning,0.305611,0.325611,0.494431,0.468431,care duty,private task,trust warms and obligation decreases,True,True,v58-loop-04473
4474,249,10,west hearth,borrow_tool,Fay,fix bridge peg,0.453817,0.433817,0.312066,0.342066,private task,work,work is delayed and debt marker increases,True,True,v58-loop-04474
4475,249,11,river gate,return_tool,Milo,patch cloak,0.620063,0.636063,0.118013,0.092013,recover focus,work,trust warms and obligation decreases,True,True,v58-loop-04475
4476,249,12,arrival court,interrupt_work,Sera,repair awning,0.678305,0.658305,0.100242,0.130242,work,negotiate debt,work is delayed and debt marker increases,True,False,v58-loop-04476
4477,249,13,tool alcove,wait_offscreen,Tovan,fix bridge peg,0.537235,0.539235,0.275966,0.269966,rest,negotiate debt,residents continue without avatar,True,True,v58-loop-04477
4478,249,14,rain court,repair_trust,Nia,patch cloak,0.374028,0.394028,0.47497,0.44897,negotiate debt,seek tool,trust warms and obligation decreases,True,True,v58-loop-04478
4479,249,15,fiber loft,move,Ari,repair awning,0.331687,0.335687,0.50449,0.50249,seek tool,care duty,position changes but history remains intact,True,True,v58-loop-04479
4480,249,16,west hearth,talk,Fay,fix bridge peg,0.455506,0.471506,0.335931,0.309931,care duty,private task,trust warms and obligation decreases,True,True,v58-loop-04480
4481,249,17,river gate,offer_help,Milo,patch cloak,0.611045,0.627045,0.132567,0.106567,private task,recover focus,trust warms and obligation decreases,True,True,v58-loop-04481
4482,250,0,tool alcove,return_tool,Sera,dry seed store,0.6517,0.6677,0.214714,0.188714,work,rest,trust warms and obligation decreases,True,True,v58-loop-04482
4483,250,1,rain court,interrupt_work,Tovan,sort herb shelf,0.541892,0.521892,0.429773,0.459773,rest,seek tool,work is delayed and debt marker increases,True,True,v58-loop-04483
4484,250,2,fiber loft,wait_offscreen,Nia,map safe route,0.377792,0.375792,0.519127,0.513127,negotiate debt,seek tool,residents continue without avatar,True,True,v58-loop-04484
4485,250,3,west hearth,repair_trust,Ari,dry seed store,0.344195,0.360195,0.396225,0.370225,seek tool,care duty,trust warms and obligation decreases,True,True,v58-loop-04485
4486,250,4,river gate,move,Fay,sort herb shelf,0.475362,0.479362,0.180114,0.178114,care duty,private task,position changes but history remains intact,True,True,v58-loop-04486
4487,250,5,arrival court,talk,Milo,map safe route,0.625263,0.641263,0.080131,0.054131,private task,recover focus,trust warms and obligation decreases,True,True,v58-loop-04487
4488,250,6,tool alcove,offer_help,Sera,dry seed store,0.665976,0.681976,0.193124,0.167124,recover focus,work,trust warms and obligation decreases,True,True,v58-loop-04488
4489,250,7,rain court,borrow_tool,Tovan,sort herb shelf,0.516437,0.496437,0.409642,0.439642,work,negotiate debt,work is delayed and debt marker increases,True,True,v58-loop-04489
4490,250,8,fiber loft,return_tool,Nia,map safe route,0.348167,0.368167,0.519956,0.493956,rest,negotiate debt,trust warms and obligation decreases,True,True,v58-loop-04490
4491,250,9,west hearth,interrupt_work,Ari,dry seed store,0.313129,0.293129,0.41721,0.44721,negotiate debt,care duty,work is delayed and debt marker increases,True,True,v58-loop-04491
4492,250,10,river gate,wait_offscreen,Fay,sort herb shelf,0.458451,0.456451,0.200929,0.194929,seek tool,care duty,residents continue without avatar,True,True,v58-loop-04492
4493,250,11,arrival court,repair_trust,Milo,map safe route,0.620734,0.636734,0.080613,0.054613,care duty,private task,trust warms and obligation decreases,True,True,v58-loop-04493
4494,250,12,tool alcove,move,Sera,dry seed store,0.651121,0.655121,0.172806,0.170806,private task,recover focus,position changes but history remains intact,True,True,v58-loop-04494
4495,250,13,rain court,talk,Tovan,sort herb shelf,0.539111,0.555111,0.388205,0.362205,recover focus,work,trust warms and obligation decreases,True,True,v58-loop-04495
4496,250,14,fiber loft,offer_help,Nia,map safe route,0.370433,0.390433,0.518165,0.492165,work,rest,trust warms and obligation decreases,True,True,v58-loop-04496
4497,250,15,west hearth,borrow_tool,Ari,dry seed store,0.331172,0.311172,0.436799,0.466799,rest,seek tool,work is delayed and debt marker increases,True,True,v58-loop-04497
4498,250,16,river gate,return_tool,Fay,sort herb shelf,0.472939,0.488939,0.222924,0.196924,negotiate debt,seek tool,trust warms and obligation decreases,True,True,v58-loop-04498
4499,250,17,arrival court,interrupt_work,Milo,map safe route,0.632893,0.612893,0.083708,0.113708,seek tool,private task,work is delayed and debt marker increases,True,True,v58-loop-04499
4500,251,0,rain court,repair_trust,Sera,fix bridge peg,0.660003,0.676003,0.327189,0.301189,private task,recover focus,trust warms and obligation decreases,True,True,v58-loop-04500
4501,251,1,fiber loft,move,Tovan,patch cloak,0.504262,0.508262,0.501068,0.499068,recover focus,work,position changes but history remains intact,True,True,v58-loop-04501
4502,251,2,west hearth,talk,Nia,repair awning,0.338095,0.358095,0.480183,0.454183,work,rest,trust warms and obligation decreases,True,True,v58-loop-04502
4503,251,3,river gate,offer_help,Ari,fix bridge peg,0.316663,0.332663,0.284764,0.258764,rest,negotiate debt,trust warms and obligation decreases,True,True,v58-loop-04503
4504,251,4,arrival court,borrow_tool,Fay,patch cloak,0.47685,0.45685,0.104103,0.134103,negotiate debt,care duty,work is delayed and debt marker increases,True,False,v58-loop-04504
4505,251,5,tool alcove,return_tool,Milo,repair awning,0.632901,0.648901,0.113198,0.087198,seek tool,care duty,trust warms and obligation decreases,True,True,v58-loop-04505
4506,251,6,rain court,interrupt_work,Sera,fix bridge peg,0.63871,0.61871,0.303238,0.333238,care duty,recover focus,work is delayed and debt marker increases,True,True,v58-loop-04506
4507,251,7,fiber loft,wait_offscreen,Tovan,patch cloak,0.504671,0.506671,0.490142,0.484142,private task,recover focus,residents continue without avatar,True,True,v58-loop-04507
4508,251,8,west hearth,repair_trust,Nia,repair awning,0.355199,0.375199,0.492865,0.466865,recover focus,work,trust warms and obligation decreases,True,True,v58-loop-04508
4509,251,9,river gate,move,Ari,fix bridge peg,0.323722,0.327722,0.30877,0.30677,work,rest,position changes but history remains intact,True,True,v58-loop-04509
4510,251,10,arrival court,talk,Fay,patch cloak,0.482999,0.498999,0.11618,0.09018,rest,negotiate debt,trust warms and obligation decreases,True,True,v58-loop-04510
4511,251,11,tool alcove,offer_help,Milo,repair awning,0.642629,0.658629,0.101647,0.075647,negotiate debt,seek tool,trust warms and obligation decreases,True,True,v58-loop-04511
4512,251,12,rain court,borrow_tool,Sera,fix bridge peg,0.650236,0.630236,0.279248,0.309248,seek tool,private task,work is delayed and debt marker increases,True,False,v58-loop-04512
4513,251,13,fiber loft,return_tool,Tovan,patch cloak,0.51493,0.53493,0.476951,0.450951,care duty,private task,trust warms and obligation decreases,True,True,v58-loop-04513
4514,251,14,west hearth,interrupt_work,Nia,repair awning,0.348151,0.328151,0.50325,0.53325,private task,work,work is delayed and debt marker increases,True,True,v58-loop-04514
4515,251,15,river gate,wait_offscreen,Ari,fix bridge peg,0.332725,0.334725,0.332672,0.326672,recover focus,work,residents continue without avatar,True,True,v58-loop-04515
4516,251,16,arrival court,repair_trust,Fay,patch cloak,0.467294,0.483294,0.130446,0.104446,work,rest,trust warms and obligation decreases,True,True,v58-loop-04516
4517,251,17,tool alcove,move,Milo,repair awning,0.64665,0.65065,0.092458,0.090458,rest,negotiate debt,position changes but history remains intact,True,True,v58-loop-04517
4518,252,0,fiber loft,offer_help,Sera,sort herb shelf,0.654688,0.674688,0.432423,0.406423,seek tool,care duty,trust warms and obligation decreases,True,True,v58-loop-04518
4519,252,1,west hearth,borrow_tool,Tovan,map safe route,0.49536,0.47536,0.518809,0.548809,care duty,recover focus,work is delayed and debt marker increases,True,True,v58-loop-04519
4520,252,2,river gate,return_tool,Nia,dry seed store,0.336481,0.352481,0.393246,0.367246,private task,recover focus,trust warms and obligation decreases,True,True,v58-loop-04520
4521,252,3,arrival court,interrupt_work,Ari,sort herb shelf,0.326715,0.306715,0.177361,0.207361,recover focus,rest,work is delayed and debt marker increases,True,True,v58-loop-04521
4522,252,4,tool alcove,wait_offscreen,Fay,map safe route,0.508156,0.506156,0.08027,0.07427,work,rest,residents continue without avatar,True,True,v58-loop-04522
4523,252,5,rain court,repair_trust,Milo,dry seed store,0.659796,0.675796,0.19602,0.17002,rest,negotiate debt,trust warms and obligation decreases,True,True,v58-loop-04523
4524,252,6,fiber loft,move,Sera,sort herb shelf,0.637197,0.641197,0.41249,0.41049,negotiate debt,seek tool,position changes but history remains intact,True,True,v58-loop-04524
4525,252,7,west hearth,talk,Tovan,map safe route,0.512047,0.532047,0.519997,0.493997,seek tool,care duty,trust warms and obligation decreases,True,True,v58-loop-04525
4526,252,8,river gate,offer_help,Nia,dry seed store,0.353294,0.373294,0.414404,0.388404,care duty,private task,trust warms and obligation decreases,True,True,v58-loop-04526
4527,252,9,arrival court,borrow_tool,Ari,sort herb shelf,0.341567,0.321567,0.197994,0.227994,private task,work,work is delayed and debt marker increases,True,True,v58-loop-04527
4528,252,10,tool alcove,return_tool,Fay,map safe route,0.509318,0.525318,0.080392,0.054392,recover focus,work,trust warms and obligation decreases,True,True,v58-loop-04528
4529,252,11,rain court,interrupt_work,Milo,dry seed store,0.650556,0.630556,0.175513,0.205513,work,negotiate debt,work is delayed and debt marker increases,True,True,v58-loop-04529
4530,252,12,fiber loft,wait_offscreen,Sera,sort herb shelf,0.640921,0.638921,0.391218,0.385218,rest,negotiate debt,residents continue without avatar,True,True,v58-loop-04530
4531,252,13,west hearth,repair_trust,Tovan,map safe route,0.490646,0.510646,0.518565,0.492565,negotiate debt,seek tool,trust warms and obligation decreases,True,True,v58-loop-04531
4532,252,14,river gate,move,Nia,dry seed store,0.35159,0.35559,0.4342,0.4322,seek tool,care duty,position changes but history remains intact,True,True,v58-loop-04532
4533,252,15,arrival court,talk,Ari,sort herb shelf,0.329938,0.345938,0.219842,0.193842,care duty,private task,trust warms and obligation decreases,True,True,v58-loop-04533
4534,252,16,tool alcove,offer_help,Fay,map safe route,0.486935,0.502935,0.083129,0.057129,private task,recover focus,trust warms and obligation decreases,True,True,v58-loop-04534
4535,252,17,rain court,borrow_tool,Milo,dry seed store,0.634241,0.614241,0.156488,0.186488,recover focus,rest,work is delayed and debt marker increases,True,True,v58-loop-04535
4536,253,0,west hearth,interrupt_work,Sera,patch cloak,0.627774,0.607774,0.502385,0.532385,rest,seek tool,work is delayed and debt marker increases,True,False,v58-loop-04536
4537,253,1,river gate,wait_offscreen,Tovan,repair awning,0.488821,0.490821,0.478269,0.472269,negotiate debt,seek tool,residents continue without avatar,True,True,v58-loop-04537
4538,253,2,arrival court,repair_trust,Nia,fix bridge peg,0.34457,0.36057,0.281473,0.255473,seek tool,care duty,trust warms and obligation decreases,True,True,v58-loop-04538
4539,253,3,tool alcove,move,Ari,patch cloak,0.340984,0.344984,0.102623,0.100623,care duty,private task,position changes but history remains intact,True,True,v58-loop-04539
4540,253,4,rain court,talk,Fay,repair awning,0.523665,0.539665,0.114962,0.088962,private task,recover focus,trust warms and obligation decreases,True,True,v58-loop-04540
4541,253,5,fiber loft,offer_help,Milo,fix bridge peg,0.653005,0.669005,0.306537,0.280537,recover focus,work,trust warms and obligation decreases,True,True,v58-loop-04541
4542,253,6,west hearth,borrow_tool,Sera,patch cloak,0.627999,0.607999,0.49178,0.52178,work,negotiate debt,work is delayed and debt marker increases,True,True,v58-loop-04542
4543,253,7,river gate,return_tool,Tovan,repair awning,0.488786,0.508786,0.491256,0.465256,rest,negotiate debt,trust warms and obligation decreases,True,True,v58-loop-04543
4544,253,8,arrival court,interrupt_work,Nia,fix bridge peg,0.351997,0.331997,0.305472,0.335472,negotiate debt,care duty,work is delayed and debt marker increases,True,False,v58-loop-04544
4545,253,9,tool alcove,wait_offscreen,Ari,patch cloak,0.33867,0.34067,0.114387,0.108387,seek tool,care duty,residents continue without avatar,True,True,v58-loop-04545
4546,253,10,rain court,repair_trust,Fay,repair awning,0.503082,0.519082,0.103097,0.077097,care duty,private task,trust warms and obligation decreases,True,True,v58-loop-04546
4547,253,11,fiber loft,move,Milo,fix bridge peg,0.637069,0.641069,0.282536,0.280536,private task,recover focus,position changes but history remains intact,True,True,v58-loop-04547
4548,253,12,west hearth,talk,Sera,patch cloak,0.638369,0.658369,0.478892,0.452892,recover focus,work,trust warms and obligation decreases,True,True,v58-loop-04548
4549,253,13,river gate,offer_help,Tovan,repair awning,0.497088,0.517088,0.501964,0.475964,work,rest,trust warms and obligation decreases,True,True,v58-loop-04549
4550,253,14,arrival court,borrow_tool,Nia,fix bridge peg,0.34729,0.32729,0.329405,0.359405,rest,seek tool,work is delayed and debt marker increases,True,True,v58-loop-04550
4551,253,15,tool alcove,return_tool,Ari,patch cloak,0.336135,0.352135,0.128362,0.102362,negotiate debt,seek tool,trust warms and obligation decreases,True,True,v58-loop-04551
4552,253,16,rain court,interrupt_work,Fay,repair awning,0.520511,0.500511,0.093576,0.123576,seek tool,private task,work is delayed and debt marker increases,True,False,v58-loop-04552
4553,253,17,fiber loft,wait_offscreen,Milo,fix bridge peg,0.662533,0.664533,0.258743,0.252743,care duty,private task,residents continue without avatar,True,True,v58-loop-04553
4554,254,0,river gate,move,Sera,map safe route,0.630362,0.634362,0.518441,0.516441,recover focus,work,position changes but history remains intact,True,True,v58-loop-04554
4555,254,1,arrival court,talk,Tovan,dry seed store,0.469348,0.485348,0.390247,0.364247,work,rest,trust warms and obligation decreases,True,True,v58-loop-04555
4556,254,2,tool alcove,offer_help,Nia,sort herb shelf,0.323829,0.339829,0.174635,0.148635,rest,negotiate debt,trust warms and obligation decreases,True,True,v58-loop-04556
4557,254,3,rain court,borrow_tool,Ari,map safe route,0.344406,0.324406,0.080458,0.110458,negotiate debt,care duty,work is delayed and debt marker increases,True,True,v58-loop-04557
4558,254,4,fiber loft,return_tool,Fay,dry seed store,0.50823,0.52423,0.19894,0.17294,seek tool,care duty,trust warms and obligation decreases,True,True,v58-loop-04558
4559,254,5,west hearth,interrupt_work,Milo,sort herb shelf,0.638178,0.618178,0.415314,0.445314,care duty,recover focus,work is delayed and debt marker increases,True,True,v58-loop-04559
4560,254,6,river gate,wait_offscreen,Sera,map safe route,0.646908,0.644908,0.519989,0.513989,private task,recover focus,residents continue without avatar,True,True,v58-loop-04560
4561,254,7,arrival court,repair_trust,Tovan,dry seed store,0.462446,0.482446,0.411573,0.385573,recover focus,work,trust warms and obligation decreases,True,True,v58-loop-04561
4562,254,8,tool alcove,move,Nia,sort herb shelf,0.333183,0.337183,0.195082,0.193082,work,rest,position changes but history remains intact,True,True,v58-loop-04562
4563,254,9,rain court,talk,Ari,map safe route,0.354216,0.370216,0.080219,0.054219,rest,negotiate debt,trust warms and obligation decreases,True,True,v58-loop-04563
4564,254,10,fiber loft,offer_help,Fay,dry seed store,0.522803,0.538803,0.178247,0.152247,negotiate debt,seek tool,trust warms and obligation decreases,True,True,v58-loop-04564
4565,254,11,west hearth,borrow_tool,Milo,sort herb shelf,0.667937,0.647937,0.394211,0.424211,seek tool,private task,work is delayed and debt marker increases,True,True,v58-loop-04565
4566,254,12,river gate,return_tool,Sera,map safe route,0.629403,0.649403,0.518917,0.492917,care duty,private task,trust warms and obligation decreases,True,True,v58-loop-04566
4567,254,13,arrival court,interrupt_work,Tovan,dry seed store,0.484242,0.464242,0.43157,0.46157,private task,work,work is delayed and debt marker increases,True,True,v58-loop-04567
4568,254,14,tool alcove,wait_offscreen,Nia,sort herb shelf,0.342734,0.340734,0.216778,0.210778,recover focus,work,residents continue without avatar,True,True,v58-loop-04568
4569,254,15,rain court,repair_trust,Ari,map safe route,0.364782,0.380782,0.082599,0.056599,work,rest,trust warms and obligation decreases,True,True,v58-loop-04569
4570,254,16,fiber loft,move,Fay,dry seed store,0.537791,0.541791,0.159005,0.157005,rest,negotiate debt,position changes but history remains intact,True,True,v58-loop-04570
4571,254,17,west hearth,talk,Milo,sort herb shelf,0.655258,0.671258,0.371986,0.345986,negotiate debt,seek tool,trust warms and obligation decreases,True,True,v58-loop-04571
4572,255,0,arrival court,borrow_tool,Sera,repair awning,0.618687,0.598687,0.476315,0.506315,care duty,recover focus,work is delayed and debt marker increases,True,False,v58-loop-04572
4573,255,1,tool alcove,return_tool,Tovan,fix bridge peg,0.457032,0.473032,0.278187,0.252187,private task,recover focus,trust warms and obligation decreases,True,True,v58-loop-04573
4574,255,2,rain court,interrupt_work,Nia,patch cloak,0.329871,0.309871,0.101188,0.131188,recover focus,rest,work is delayed and debt marker increases,True,True,v58-loop-04574
4575,255,3,fiber loft,wait_offscreen,Ari,repair awning,0.37252,0.37452,0.116768,0.110768,work,rest,residents continue without avatar,True,True,v58-loop-04575
4576,255,4,west hearth,repair_trust,Fay,fix bridge peg,0.53933,0.55533,0.309835,0.283835,rest,negotiate debt,trust warms and obligation decreases,True,True,v58-loop-04576
4577,255,5,river gate,move,Milo,patch cloak,0.66962,0.67362,0.493376,0.491376,negotiate debt,seek tool,position changes but history remains intact,True,True,v58-loop-04577
4578,255,6,arrival court,talk,Sera,repair awning,0.623984,0.643984,0.489603,0.463603,seek tool,care duty,trust warms and obligation decreases,True,True,v58-loop-04578
4579,255,7,tool alcove,offer_help,Tovan,fix bridge peg,0.479933,0.495933,0.302172,0.276172,care duty,private task,trust warms and obligation decreases,True,True,v58-loop-04579
4580,255,8,rain court,borrow_tool,Nia,patch cloak,0.336312,0.316312,0.112637,0.142637,private task,work,work is delayed and debt marker increases,True,False,v58-loop-04580
4581,255,9,fiber loft,return_tool,Ari,repair awning,0.370962,0.386962,0.104591,0.078591,recover focus,work,trust warms and obligation decreases,True,True,v58-loop-04581
4582,255,10,west hearth,interrupt_work,Fay,fix bridge peg,0.52978,0.50978,0.285827,0.315827,work,negotiate debt,work is delayed and debt marker increases,True,True,v58-loop-04582
4583,255,11,river gate,wait_offscreen,Milo,patch cloak,0.659775,0.661775,0.480792,0.474792,rest,negotiate debt,residents continue without avatar,True,True,v58-loop-04583
4584,255,12,arrival court,repair_trust,Sera,repair awning,0.62464,0.64464,0.500633,0.474633,negotiate debt,seek tool,trust warms and obligation decreases,True,True,v58-loop-04584
4585,255,13,tool alcove,move,Tovan,fix bridge peg,0.454945,0.458945,0.326131,0.324131,seek tool,care duty,position changes but history remains intact,True,True,v58-loop-04585
4586,255,14,rain court,talk,Nia,patch cloak,0.311961,0.327961,0.126317,0.100317,care duty,private task,trust warms and obligation decreases,True,True,v58-loop-04586
4587,255,15,fiber loft,offer_help,Ari,repair awning,0.378704,0.394704,0.094741,0.068741,private task,recover focus,trust warms and obligation decreases,True,True,v58-loop-04587
4588,255,16,west hearth,borrow_tool,Fay,fix bridge peg,0.540518,0.520518,0.261988,0.291988,recover focus,rest,work is delayed and debt marker increases,True,False,v58-loop-04588
4589,255,17,river gate,return_tool,Milo,patch cloak,0.675061,0.695061,0.466056,0.440056,work,rest,trust warms and obligation decreases,True,True,v58-loop-04589
4590,256,0,tool alcove,wait_offscreen,Sera,dry seed store,0.62274,0.62074,0.387227,0.381227,negotiate debt,seek tool,residents continue without avatar,True,True,v58-loop-04590
4591,256,1,rain court,repair_trust,Tovan,sort herb shelf,0.442115,0.458115,0.171937,0.145937,seek tool,care duty,trust warms and obligation decreases,True,True,v58-loop-04591
4592,256,2,fiber loft,move,Nia,map safe route,0.31396,0.31796,0.080695,0.078695,care duty,private task,position changes but history remains intact,True,True,v58-loop-04592
4593,256,3,west hearth,talk,Ari,dry seed store,0.376511,0.392511,0.201882,0.175882,private task,recover focus,trust warms and obligation decreases,True,True,v58-loop-04593
4594,256,4,river gate,offer_help,Fay,sort herb shelf,0.550661,0.570661,0.418111,0.392111,recover focus,work,trust warms and obligation decreases,True,True,v58-loop-04594
4595,256,5,arrival court,borrow_tool,Milo,map safe route,0.653301,0.633301,0.519932,0.549932,work,negotiate debt,work is delayed and debt marker increases,True,True,v58-loop-04595
4596,256,6,tool alcove,return_tool,Sera,dry seed store,0.633529,0.653529,0.408716,0.382716,rest,negotiate debt,trust warms and obligation decreases,True,True,v58-loop-04596
4597,256,7,rain court,interrupt_work,Tovan,sort herb shelf,0.45925,0.43925,0.192193,0.222193,negotiate debt,care duty,work is delayed and debt marker increases,True,True,v58-loop-04597
4598,256,8,fiber loft,wait_offscreen,Nia,map safe route,0.315111,0.313111,0.080097,0.074097,seek tool,care duty,residents continue without avatar,True,True,v58-loop-04598
4599,256,9,west hearth,repair_trust,Ari,dry seed store,0.364186,0.380186,0.18101,0.15501,care duty,private task,trust warms and obligation decreases,True,True,v58-loop-04599
4600,256,10,river gate,move,Fay,sort herb shelf,0.531863,0.535863,0.397182,0.395182,private task,recover focus,position changes but history remains intact,True,True,v58-loop-04600
4601,256,11,arrival court,talk,Milo,map safe route,0.658217,0.678217,0.519219,0.493219,recover focus,work,trust warms and obligation decreases,True,True,v58-loop-04601
4602,256,12,tool alcove,offer_help,Sera,dry seed store,0.628181,0.648181,0.42891,0.40291,work,rest,trust warms and obligation decreases,True,True,v58-loop-04602
4603,256,13,rain court,borrow_tool,Tovan,sort herb shelf,0.442752,0.422752,0.213732,0.243732,rest,seek tool,work is delayed and debt marker increases,True,True,v58-loop-04603
4604,256,14,fiber loft,return_tool,Nia,map safe route,0.32613,0.34213,0.082117,0.056117,negotiate debt,seek tool,trust warms and obligation decreases,True,True,v58-loop-04604
4605,256,15,west hearth,interrupt_work,Ari,dry seed store,0.385577,0.365577,0.161554,0.191554,seek tool,private task,work is delayed and debt marker increases,True,True,v58-loop-04605
4606,256,16,river gate,wait_offscreen,Fay,sort herb shelf,0.561102,0.559102,0.375096,0.369096,care duty,private task,residents continue without avatar,True,True,v58-loop-04606
4607,256,17,arrival court,repair_trust,Milo,map safe route,0.647672,0.667672,0.515896,0.489896,private task,recover focus,trust warms and obligation decreases,True,True,v58-loop-04607
4608,257,0,rain court,talk,Sera,fix bridge peg,0.622591,0.638591,0.274906,0.248906,work,rest,trust warms and obligation decreases,True,True,v58-loop-04608
4609,257,1,fiber loft,offer_help,Tovan,patch cloak,0.442534,0.458534,0.099797,0.073797,rest,negotiate debt,trust warms and obligation decreases,True,True,v58-loop-04609
4610,257,2,west hearth,borrow_tool,Nia,repair awning,0.31013,0.29013,0.118615,0.148615,negotiate debt,care duty,work is delayed and debt marker increases,True,True,v58-loop-04610
4611,257,3,river gate,return_tool,Ari,fix bridge peg,0.378443,0.394443,0.31313,0.28713,seek tool,care duty,trust warms and obligation decreases,True,True,v58-loop-04611
4612,257,4,arrival court,interrupt_work,Fay,patch cloak,0.553908,0.533908,0.494927,0.524927,care duty,recover focus,work is delayed and debt marker increases,True,False,v58-loop-04612
4613,257,5,tool alcove,wait_offscreen,Milo,repair awning,0.659435,0.661435,0.487908,0.481908,private task,recover focus,residents continue without avatar,True,True,v58-loop-04613
4614,257,6,rain court,repair_trust,Sera,fix bridge peg,0.615854,0.631854,0.298872,0.272872,recover focus,work,trust warms and obligation decreases,True,True,v58-loop-04614
4615,257,7,fiber loft,move,Tovan,patch cloak,0.425985,0.429985,0.110928,0.108928,work,rest,position changes but history remains intact,True,True,v58-loop-04615
4616,257,8,west hearth,talk,Nia,repair awning,0.299941,0.315941,0.106129,0.080129,rest,negotiate debt,trust warms and obligation decreases,True,True,v58-loop-04616
4617,257,9,river gate,offer_help,Ari,fix bridge peg,0.38032,0.39632,0.289122,0.263122,negotiate debt,seek tool,trust warms and obligation decreases,True,True,v58-loop-04617
4618,257,10,arrival court,borrow_tool,Fay,patch cloak,0.573324,0.553324,0.482652,0.512652,seek tool,private task,work is delayed and debt marker increases,True,True,v58-loop-04618
4619,257,11,tool alcove,return_tool,Milo,repair awning,0.656137,0.676137,0.499257,0.473257,care duty,private task,trust warms and obligation decreases,True,True,v58-loop-04619
4620,257,12,rain court,interrupt_work,Sera,fix bridge peg,0.60214,0.58214,0.322852,0.352852,private task,work,work is delayed and debt marker increases,True,False,v58-loop-04620
4621,257,13,fiber loft,wait_offscreen,Tovan,patch cloak,0.452627,0.454627,0.124311,0.118311,recover focus,work,residents continue without avatar,True,True,v58-loop-04621
4622,257,14,west hearth,repair_trust,Nia,repair awning,0.30904,0.32504,0.095951,0.069951,work,rest,trust warms and obligation decreases,True,True,v58-loop-04622
4623,257,15,river gate,move,Ari,fix bridge peg,0.374476,0.378476,0.265243,0.263243,rest,negotiate debt,position changes but history remains intact,True,True,v58-loop-04623
4624,257,16,arrival court,talk,Fay,patch cloak,0.562199,0.582199,0.468202,0.442202,negotiate debt,seek tool,trust warms and obligation decreases,True,True,v58-loop-04624
4625,257,17,tool alcove,offer_help,Milo,repair awning,0.653015,0.673015,0.508232,0.482232,seek tool,care duty,trust warms and obligation decreases,True,True,v58-loop-04625
4626,258,0,fiber loft,return_tool,Sera,sort herb shelf,0.593465,0.609465,0.169269,0.143269,private task,recover focus,trust warms and obligation decreases,True,True,v58-loop-04626
4627,258,1,west hearth,interrupt_work,Tovan,map safe route,0.415704,0.395704,0.080982,0.110982,recover focus,rest,work is delayed and debt marker increases,True,True,v58-loop-04627
4628,258,2,river gate,wait_offscreen,Nia,dry seed store,0.298832,0.296832,0.204847,0.198847,work,rest,residents continue without avatar,True,True,v58-loop-04628
4629,258,3,arrival court,repair_trust,Ari,sort herb shelf,0.404731,0.424731,0.420882,0.394882,rest,negotiate debt,trust warms and obligation decreases,True,True,v58-loop-04629
4630,258,4,tool alcove,move,Fay,map safe route,0.576207,0.580207,0.519825,0.517825,negotiate debt,seek tool,position changes but history remains intact,True,True,v58-loop-04630
4631,258,5,rain court,talk,Milo,dry seed store,0.659198,0.679198,0.405835,0.379835,seek tool,care duty,trust warms and obligation decreases,True,True,v58-loop-04631
4632,258,6,fiber loft,offer_help,Sera,sort herb shelf,0.583005,0.599005,0.189328,0.163328,care duty,private task,trust warms and obligation decreases,True,True,v58-loop-04632
4633,258,7,west hearth,borrow_tool,Tovan,map safe route,0.446058,0.426058,0.080024,0.110024,private task,work,work is delayed and debt marker increases,True,True,v58-loop-04633
4634,258,8,river gate,return_tool,Nia,dry seed store,0.326115,0.342115,0.183799,0.157799,recover focus,work,trust warms and obligation decreases,True,True,v58-loop-04634
4635,258,9,arrival court,interrupt_work,Ari,sort herb shelf,0.409856,0.389856,0.400132,0.430132,work,negotiate debt,work is delayed and debt marker increases,True,True,v58-loop-04635
4636,258,10,tool alcove,wait_offscreen,Fay,map safe route,0.568166,0.566166,0.519473,0.513473,rest,negotiate debt,residents continue without avatar,True,True,v58-loop-04636
4637,258,11,rain court,repair_trust,Milo,dry seed store,0.652141,0.672141,0.426222,0.400222,negotiate debt,seek tool,trust warms and obligation decreases,True,True,v58-loop-04637
4638,258,12,fiber loft,move,Sera,sort herb shelf,0.592634,0.596634,0.210706,0.208706,seek tool,care duty,position changes but history remains intact,True,True,v58-loop-04638
4639,258,13,west hearth,talk,Tovan,map safe route,0.426758,0.442758,0.081685,0.055685,care duty,private task,trust warms and obligation decreases,True,True,v58-loop-04639
4640,258,14,river gate,offer_help,Nia,dry seed store,0.309749,0.325749,0.164134,0.138134,private task,recover focus,trust warms and obligation decreases,True,True,v58-loop-04640
4641,258,15,arrival court,borrow_tool,Ari,sort herb shelf,0.403359,0.383359,0.378189,0.408189,recover focus,rest,work is delayed and debt marker increases,True,True,v58-loop-04641
4642,258,16,tool alcove,return_tool,Fay,map safe route,0.562609,0.582609,0.516507,0.490507,work,rest,trust warms and obligation decreases,True,True,v58-loop-04642
4643,258,17,rain court,interrupt_work,Milo,dry seed store,0.657567,0.637567,0.445105,0.475105,rest,seek tool,work is delayed and debt marker increases,True,True,v58-loop-04643
4644,259,0,west hearth,repair_trust,Sera,patch cloak,0.60162,0.61762,0.098452,0.072452,seek tool,care duty,trust warms and obligation decreases,True,True,v58-loop-04644
4645,259,1,river gate,move,Tovan,repair awning,0.407205,0.411205,0.120502,0.118502,care duty,private task,position changes but history remains intact,True,True,v58-loop-04645
4646,259,2,arrival court,talk,Nia,fix bridge peg,0.321896,0.337896,0.316423,0.290423,private task,recover focus,trust warms and obligation decreases,True,True,v58-loop-04646
4647,259,3,tool alcove,offer_help,Ari,patch cloak,0.421802,0.441802,0.496435,0.470435,recover focus,work,trust warms and obligation decreases,True,True,v58-loop-04647
4648,259,4,rain court,borrow_tool,Fay,repair awning,0.575739,0.555739,0.486171,0.516171,work,negotiate debt,work is delayed and debt marker increases,True,False,v58-loop-04648
4649,259,5,fiber loft,return_tool,Milo,fix bridge peg,0.654354,0.670354,0.295572,0.269572,rest,negotiate debt,trust warms and obligation decreases,True,True,v58-loop-04649
4650,259,6,west hearth,interrupt_work,Sera,patch cloak,0.604597,0.584597,0.109263,0.139263,negotiate debt,care duty,work is delayed and debt marker increases,True,True,v58-loop-04650
4651,259,7,river gate,wait_offscreen,Tovan,repair awning,0.418557,0.420557,0.10771,0.10171,seek tool,care duty,residents continue without avatar,True,True,v58-loop-04651
4652,259,8,arrival court,repair_trust,Nia,fix bridge peg,0.307777,0.323777,0.292419,0.266419,care duty,private task,trust warms and obligation decreases,True,True,v58-loop-04652
4653,259,9,tool alcove,move,Ari,patch cloak,0.410184,0.414184,0.484471,0.482471,private task,recover focus,position changes but history remains intact,True,True,v58-loop-04653
4654,259,10,rain court,talk,Fay,repair awning,0.572777,0.592777,0.497836,0.471836,recover focus,work,trust warms and obligation decreases,True,True,v58-loop-04654
4655,259,11,fiber loft,offer_help,Milo,fix bridge peg,0.652146,0.668146,0.319567,0.293567,work,rest,trust warms and obligation decreases,True,True,v58-loop-04655
4656,259,12,west hearth,borrow_tool,Sera,patch cloak,0.59947,0.57947,0.122345,0.152345,rest,seek tool,work is delayed and debt marker increases,True,False,v58-loop-04656
4657,259,13,river gate,return_tool,Tovan,repair awning,0.418461,0.434461,0.097208,0.071208,negotiate debt,seek tool,trust warms and obligation decreases,True,True,v58-loop-04657
4658,259,14,arrival court,interrupt_work,Nia,fix bridge peg,0.317787,0.297787,0.268505,0.298505,seek tool,private task,work is delayed and debt marker increases,True,True,v58-loop-04658
4659,259,15,tool alcove,wait_offscreen,Ari,patch cloak,0.411489,0.413489,0.47031,0.46431,care duty,private task,residents continue without avatar,True,True,v58-loop-04659
4660,259,16,rain court,repair_trust,Fay,repair awning,0.571034,0.591034,0.507144,0.481144,private task,recover focus,trust warms and obligation decreases,True,True,v58-loop-04660
4661,259,17,fiber loft,move,Milo,fix bridge peg,0.679639,0.683639,0.343329,0.341329,recover focus,work,position changes but history remains intact,True,True,v58-loop-04661
4662,260,0,river gate,offer_help,Sera,map safe route,0.590117,0.606117,0.081318,0.055318,rest,negotiate debt,trust warms and obligation decreases,True,True,v58-loop-04662
4663,260,1,arrival court,borrow_tool,Tovan,dry seed store,0.412094,0.392094,0.207833,0.237833,negotiate debt,care duty,work is delayed and debt marker increases,True,True,v58-loop-04663
4664,260,2,tool alcove,return_tool,Nia,sort herb shelf,0.302108,0.322108,0.423625,0.397625,seek tool,care duty,trust warms and obligation decreases,True,True,v58-loop-04664
4665,260,3,rain court,interrupt_work,Ari,map safe route,0.422502,0.402502,0.519668,0.549668,care duty,recover focus,work is delayed and debt marker increases,True,True,v58-loop-04665
4666,260,4,fiber loft,wait_offscreen,Fay,dry seed store,0.605233,0.603233,0.40293,0.39693,private task,recover focus,residents continue without avatar,True,True,v58-loop-04666
4667,260,5,west hearth,repair_trust,Milo,sort herb shelf,0.664684,0.680684,0.186489,0.160489,recover focus,work,trust warms and obligation decreases,True,True,v58-loop-04667
4668,260,6,river gate,move,Sera,map safe route,0.57612,0.58012,0.08,0.078,work,rest,position changes but history remains intact,True,True,v58-loop-04668
4669,260,7,arrival court,talk,Tovan,dry seed store,0.417765,0.433765,0.186614,0.160614,rest,negotiate debt,trust warms and obligation decreases,True,True,v58-loop-04669
4670,260,8,tool alcove,offer_help,Nia,sort herb shelf,0.315528,0.335528,0.403059,0.377059,negotiate debt,seek tool,trust warms and obligation decreases,True,True,v58-loop-04670
4671,260,9,rain court,borrow_tool,Ari,map safe route,0.406489,0.386489,0.519676,0.549676,seek tool,private task,work is delayed and debt marker increases,True,True,v58-loop-04671
4672,260,10,fiber loft,return_tool,Fay,dry seed store,0.601706,0.621706,0.423505,0.397505,care duty,private task,trust warms and obligation decreases,True,True,v58-loop-04672
4673,260,11,west hearth,interrupt_work,Milo,sort herb shelf,0.651568,0.631568,0.207701,0.237701,private task,work,work is delayed and debt marker increases,True,True,v58-loop-04673
4674,260,12,river gate,wait_offscreen,Sera,map safe route,0.562105,0.560105,0.081302,0.075302,recover focus,work,residents continue without avatar,True,True,v58-loop-04674
4675,260,13,arrival court,repair_trust,Tovan,dry seed store,0.421828,0.437828,0.166745,0.140745,work,rest,trust warms and obligation decreases,True,True,v58-loop-04675
4676,260,14,tool alcove,move,Nia,sort herb shelf,0.310547,0.314547,0.381265,0.379265,rest,negotiate debt,position changes but history remains intact,True,True,v58-loop-04676
4677,260,15,rain court,talk,Ari,map safe route,0.426102,0.446102,0.517068,0.491068,negotiate debt,seek tool,trust warms and obligation decreases,True,True,v58-loop-04677
4678,260,16,fiber loft,offer_help,Fay,dry seed store,0.596452,0.616452,0.442608,0.416608,seek tool,care duty,trust warms and obligation decreases,True,True,v58-loop-04678
4679,260,17,west hearth,borrow_tool,Milo,sort herb shelf,0.662814,0.642814,0.230011,0.260011,care duty,recover focus,work is delayed and debt marker increases,True,True,v58-loop-04679
