architecture,ablation,mean_score,score_loss,mean_credit_response_score,credit_response_loss,mean_targeted_repair_rate,targeted_repair_loss,mean_opportunity_score,opportunity_loss,mean_culture_score,culture_loss
return_selected_credit_gru,regime_signal,0.6248246374874247,0.07791812286867827,0.5147899297195271,0.3279119899864962,0.4,-0.11328690939083308,0.4,-0.09731199999999995,0.9749609980116121,-0.08236441969920272
return_selected_credit_gru,social_culture,0.7522966649462498,-0.04955390459014686,0.8930734288735305,-0.05037150916750721,0.6584948745139625,-0.37178178390479555,0.6669439999999999,-0.3642559999999998,0.893810250995676,-0.0012136726832666644
return_selected_credit_gru,memory,0.6269161419746566,0.07582661838144633,0.5218316402115198,0.3208702794945034,0.4,-0.11328690939083308,0.4,-0.09731199999999995,0.9745089428386569,-0.0819123645262475
return_selected_credit_gru,body,0.6497367004539794,0.05300605990212359,0.5225401879295145,0.32016173177650875,0.37867750677506773,-0.09196441616590079,0.39420800000000056,-0.09152000000000049,0.9701490867779784,-0.07755250846556905
