source_policy,sequences,examples,mean_return,min_return,max_return,positive_return_rate,env_action_fraction,social_action_fraction,none_fraction,mean_sequence_length
balanced_strong_joint,19,25728,1.4205139510126588,-1.2115447883794024,2.5,0.7368421052631579,0.6122123756218906,0.3355876865671642,0.05219993781094527,1354.1052631578948
fixed_joint,19,24842,1.3419000803828791,-1.1982384891237348,2.5,0.7368421052631579,0.6175428709443684,0.2699058046856131,0.11255132437001851,1307.4736842105262
high_env_joint,19,25900,1.5182710885281265,-1.1849539261598732,2.5,0.7368421052631579,0.6732432432432433,0.2530888030888031,0.07366795366795367,1363.157894736842
high_social_joint,19,22615,1.4385115792564722,-1.1820871893834166,2.5,0.7368421052631579,0.5592305991598496,0.3067433119610878,0.13402608887906256,1190.2631578947369
min_channel_planner,19,22855,1.892469499032159,-1.140163539190866,2.5,0.8421052631578947,0.45981185736162766,0.2707941369503391,0.26939400568803323,1202.8947368421052
return_selected,19,22889,-1.056176314999574,-1.1699816625635941,-0.9245268258368144,0.0,0.6228319280003495,0.2208921315915942,0.15627594040805629,1204.6842105263158
student_iteration_1,19,21340,0.23123767014825722,-1.1491577575292906,2.5,0.3684210526315789,0.4724929709465792,0.27642924086223053,0.25107778819119025,1123.157894736842
