policy_bias,tune_total_score,tune_maturation_score,tune_crisis_score,tune_resolved_rate,tune_env_response,tune_social_response,tune_coupled_response,tune_damage,selection_objective,selected
0.0,0.5023122742857142,0.9659851428571429,0.0,0.0,0.16702127659574467,0.16595744680851063,0.0,2.278881888109307,-0.35832749419376253,False
0.2,0.52,1.0,0.0,0.0,0.18487841945288752,0.46570234476769434,0.0,2.1825147012346733,-0.3585200539391684,False
0.4,0.5137708039401163,0.9880207768079159,0.0,0.0,0.16702127659574467,0.5817032132001737,0.0,2.165185275667847,-0.37458018952587757,False
0.7,0.5110422720000001,0.9827736,0.0,0.35,0.30140034737299176,0.5756187581415545,0.016804168475900997,1.7732182792263367,0.02137451977973026,True
1.0,0.5148915199999999,0.990176,0.0,0.26666666666666666,0.22659574468085106,0.7489361702127659,0.08297872340425531,1.8161111002095605,-0.026397651448619608,False
