ablation,mean_total_score,total_loss,crisis_score_loss,resolved_rate_loss,env_response_loss,social_response_loss,coupled_response_loss,damage_increase
body,0.7327451233084185,-0.11289250192319844,-0.2586345148141801,-0.20000000000000007,-0.17732861595647875,0.0,-0.17732861595647875,-0.188486305245545
infrastructure,0.6277608480670969,-0.007908226681876851,-0.16192599527831972,-0.1333333333333333,-0.11558465695534204,0.0,-0.11558465695534204,-0.09942952419232953
tools,0.6746871675488241,-0.05483454616360406,-0.10502876658049812,-0.05999999999999994,-0.04777708481413967,0.0,-0.04777708481413967,-0.14268635478122338
social_culture,0.5175776564705883,0.10227496491463173,0.223836027885875,0.6266666666666667,-0.16633457421456177,1.0,0.617853611969249,1.1157204230327022
environment,0.5174144890955474,0.10243813228967258,0.223836027885875,0.6266666666666667,0.617853611969249,0.0,0.617853611969249,0.529312988411266
previous_action,0.6119055510019189,0.007947070383301114,-0.029242283999066726,-0.026666666666666616,0.02454602277284401,0.0,0.02454602277284401,-0.07899608205377762
