plan_bias,tune_total_score,tune_maturation_score,tune_crisis_score,tune_resolved_rate,tune_env_response,tune_social_response,tune_coupled_response,tune_damage,selection_objective,selected
0.0,0.570191282820306,0.9656637773167916,0.14176274711577994,0.43333333333333335,0.43480785931393834,1.0,0.43480785931393834,1.5343592744966728,0.765500274921338,True
0.25,0.5862448810808265,1.0,0.13801016891838847,0.43333333333333335,0.34934867564046895,1.0,0.34934867564046895,1.4003965739428779,0.7033114996804289,False
0.5,0.5142788903633462,0.9889978660833578,0.0,0.16666666666666666,0.17339882761615283,1.0,0.17339882761615283,1.806227424662865,-0.15486149710970687,False
0.8,0.5067762924339785,0.9745697931422663,0.0,0.16666666666666666,0.16702127659574467,1.0,0.16702127659574467,1.8147931639665844,-0.16966219747352218,False
1.1,0.4859083342446791,0.9344391043166906,0.0,0.16666666666666666,0.17467433782023448,1.0,0.17467433782023448,1.7807761957408554,-0.15315971186607225,False
1.5,0.5110422720000001,0.9827736,0.0,0.16666666666666666,0.16702127659574467,1.0,0.16702127659574467,1.7536394929103947,-0.1436649764072786,False
