architecture,ablation,mean_score,score_loss,mean_response_score,response_loss,mean_inference_score,inference_loss
option_gru,regime_signal,0.6704635052096763,0.05872956900820858,0.6898867736865201,0.11055421959011658,0.22684666827863786,-0.004781968795861763
option_gru,infrastructure,0.4583112563980509,0.270881817819834,0.4999385421889649,0.30050245108767176,0.20089462096123634,0.021170078521539765
option_gru,social_culture,0.7400649501646555,-0.010871875946770526,0.8225809845252758,-0.02213999124863919,0.22496824291419176,-0.0029035434314156616
option_gru,body,0.6318510485572185,0.09734202566066641,0.6129860915893814,0.1874549016872552,0.22985873709450005,-0.007794037611723953
