tick_id,day,settlement_id,resident_id,phrase,relationship_prompt,relationship_days,mastery_before,mastery_after,trust_before,trust_after,phrase_used_in_project,phrase_linked_to_resident_memory,persists_across_reload,no_autonomous_language_claim,no_llm_call
0,1,glass_harbor,Oren,net keeper,kept net lane clear,1,0.16,0.169,0.56,0.565,True,True,True,True,True
1,1,cinder_garden,Vale,cool hand,remembered shade first,1,0.16,0.167,0.56,0.563,True,True,True,True,True
2,1,lichen_bridge,Sol,rope safe,waited at the rope,1,0.16,0.169,0.56,0.565,True,True,True,True,True
3,1,orchid_engine,Bea,gear lane,kept the gear lane open,1,0.16,0.167,0.56,0.563,True,True,True,True,True
4,1,moss_ward,Fay,ledger no touch,asked before ledger,1,0.16,0.169,0.56,0.565,True,True,True,True,True
5,1,glass_harbor,Puck,lamp bright,guarded lamp for me,1,0.16,0.167,0.56,0.563,True,True,True,True,True
6,1,cinder_garden,Wren,shade first,left my basket sorted,1,0.16,0.169,0.56,0.565,True,True,True,True,True
7,1,lichen_bridge,Kio,bowl shared,kept bowl shared,1,0.16,0.167,0.56,0.563,True,True,True,True,True
8,1,orchid_engine,Cai,valve wait,did not turn the valve,1,0.16,0.169,0.56,0.565,True,True,True,True,True
9,1,moss_ward,Milo,loom wait,waited during repair,1,0.16,0.167,0.56,0.563,True,True,True,True,True
10,1,glass_harbor,Sera,tea first,shared crossing tea,1,0.16,0.169,0.56,0.565,True,True,True,True,True
11,1,cinder_garden,Juno,seed sleep,kept the path cool,1,0.16,0.167,0.56,0.563,True,True,True,True,True
12,1,lichen_bridge,Luma,signal hush,heard my signal,1,0.16,0.169,0.56,0.565,True,True,True,True,True
13,1,orchid_engine,Dax,orchid rest,let orchid rest,1,0.16,0.167,0.56,0.563,True,True,True,True,True
14,1,moss_ward,Tala,path dry,helped after rain,1,0.16,0.169,0.56,0.565,True,True,True,True,True
15,1,glass_harbor,Nia,net keeper,kept net lane clear,1,0.16,0.167,0.56,0.563,True,True,True,True,True
16,1,cinder_garden,Pax,cool hand,remembered shade first,1,0.16,0.169,0.56,0.565,True,True,True,True,True
17,1,lichen_bridge,Rin,rope safe,waited at the rope,1,0.16,0.167,0.56,0.563,True,True,True,True,True
18,2,moss_ward,Milo,ledger no touch,asked before ledger,2,0.16,0.169,0.563,0.568,True,True,True,True,True
19,2,glass_harbor,Sera,lamp bright,guarded lamp for me,2,0.16,0.167,0.565,0.568,True,True,True,True,True
20,2,cinder_garden,Juno,shade first,left my basket sorted,2,0.16,0.169,0.563,0.568,True,True,True,True,True
21,2,lichen_bridge,Luma,bowl shared,kept bowl shared,2,0.16,0.167,0.565,0.568,True,True,True,True,True
22,2,orchid_engine,Dax,valve wait,did not turn the valve,2,0.16,0.169,0.563,0.568,True,True,True,True,True
23,2,moss_ward,Tala,loom wait,waited during repair,2,0.16,0.167,0.565,0.568,True,True,True,True,True
24,2,glass_harbor,Nia,tea first,shared crossing tea,2,0.16,0.169,0.563,0.568,True,True,True,True,True
25,2,cinder_garden,Pax,seed sleep,kept the path cool,2,0.16,0.167,0.565,0.568,True,True,True,True,True
26,2,lichen_bridge,Rin,signal hush,heard my signal,2,0.16,0.169,0.563,0.568,True,True,True,True,True
27,2,orchid_engine,Eli,orchid rest,let orchid rest,2,0.16,0.167,0.56,0.563,True,True,True,True,True
28,2,moss_ward,Ari,path dry,helped after rain,2,0.16,0.169,0.56,0.565,True,True,True,True,True
29,2,glass_harbor,Oren,net keeper,kept net lane clear,2,0.169,0.176,0.565,0.568,True,True,True,True,True
30,2,cinder_garden,Vale,cool hand,remembered shade first,2,0.167,0.176,0.563,0.568,True,True,True,True,True
31,2,lichen_bridge,Sol,rope safe,waited at the rope,2,0.169,0.176,0.565,0.568,True,True,True,True,True
32,2,orchid_engine,Bea,gear lane,kept the gear lane open,2,0.167,0.176,0.563,0.568,True,True,True,True,True
33,2,moss_ward,Fay,ledger no touch,asked before ledger,2,0.169,0.178,0.565,0.57,True,True,True,True,True
34,2,glass_harbor,Puck,lamp bright,guarded lamp for me,2,0.167,0.176,0.563,0.568,True,True,True,True,True
35,2,cinder_garden,Wren,shade first,left my basket sorted,2,0.169,0.176,0.565,0.568,True,True,True,True,True
36,3,orchid_engine,Eli,valve wait,did not turn the valve,3,0.16,0.169,0.563,0.568,True,True,True,True,True
37,3,moss_ward,Ari,loom wait,waited during repair,3,0.16,0.167,0.565,0.568,True,True,True,True,True
38,3,glass_harbor,Oren,tea first,shared crossing tea,3,0.16,0.169,0.568,0.573,True,True,True,True,True
39,3,cinder_garden,Vale,seed sleep,kept the path cool,3,0.16,0.167,0.568,0.571,True,True,True,True,True
40,3,lichen_bridge,Sol,signal hush,heard my signal,3,0.16,0.169,0.568,0.573,True,True,True,True,True
41,3,orchid_engine,Bea,orchid rest,let orchid rest,3,0.16,0.167,0.568,0.571,True,True,True,True,True
42,3,moss_ward,Fay,path dry,helped after rain,3,0.16,0.169,0.57,0.575,True,True,True,True,True
43,3,glass_harbor,Puck,net keeper,kept net lane clear,3,0.16,0.167,0.568,0.571,True,True,True,True,True
44,3,cinder_garden,Wren,cool hand,remembered shade first,3,0.16,0.169,0.568,0.573,True,True,True,True,True
45,3,lichen_bridge,Kio,rope safe,waited at the rope,3,0.16,0.167,0.563,0.566,True,True,True,True,True
46,3,orchid_engine,Cai,gear lane,kept the gear lane open,3,0.16,0.169,0.565,0.57,True,True,True,True,True
47,3,moss_ward,Milo,ledger no touch,asked before ledger,3,0.169,0.176,0.568,0.571,True,True,True,True,True
48,3,glass_harbor,Sera,lamp bright,guarded lamp for me,3,0.167,0.176,0.568,0.573,True,True,True,True,True
49,3,cinder_garden,Juno,shade first,left my basket sorted,3,0.169,0.176,0.568,0.571,True,True,True,True,True
50,3,lichen_bridge,Luma,bowl shared,kept bowl shared,3,0.167,0.176,0.568,0.573,True,True,True,True,True
51,3,orchid_engine,Dax,valve wait,did not turn the valve,3,0.169,0.176,0.568,0.571,True,True,True,True,True
52,3,moss_ward,Tala,loom wait,waited during repair,3,0.167,0.176,0.568,0.573,True,True,True,True,True
53,3,glass_harbor,Nia,tea first,shared crossing tea,3,0.169,0.176,0.568,0.571,True,True,True,True,True
54,4,lichen_bridge,Kio,signal hush,heard my signal,4,0.16,0.169,0.566,0.571,True,True,True,True,True
55,4,orchid_engine,Cai,orchid rest,let orchid rest,4,0.16,0.167,0.57,0.573,True,True,True,True,True
56,4,moss_ward,Milo,path dry,helped after rain,4,0.16,0.169,0.571,0.576,True,True,True,True,True
57,4,glass_harbor,Sera,net keeper,kept net lane clear,4,0.16,0.167,0.573,0.576,True,True,True,True,True
58,4,cinder_garden,Juno,cool hand,remembered shade first,4,0.16,0.169,0.571,0.576,True,True,True,True,True
59,4,lichen_bridge,Luma,rope safe,waited at the rope,4,0.16,0.167,0.573,0.576,True,True,True,True,True
60,4,orchid_engine,Dax,gear lane,kept the gear lane open,4,0.16,0.169,0.571,0.576,True,True,True,True,True
61,4,moss_ward,Tala,ledger no touch,asked before ledger,4,0.16,0.167,0.573,0.576,True,True,True,True,True
62,4,glass_harbor,Nia,lamp bright,guarded lamp for me,4,0.16,0.169,0.571,0.576,True,True,True,True,True
63,4,cinder_garden,Pax,shade first,left my basket sorted,4,0.16,0.167,0.568,0.571,True,True,True,True,True
64,4,lichen_bridge,Rin,bowl shared,kept bowl shared,4,0.16,0.169,0.568,0.573,True,True,True,True,True
65,4,orchid_engine,Eli,valve wait,did not turn the valve,4,0.169,0.176,0.568,0.571,True,True,True,True,True
66,4,moss_ward,Ari,loom wait,waited during repair,4,0.167,0.176,0.568,0.573,True,True,True,True,True
67,4,glass_harbor,Oren,tea first,shared crossing tea,4,0.169,0.176,0.573,0.576,True,True,True,True,True
68,4,cinder_garden,Vale,seed sleep,kept the path cool,4,0.167,0.176,0.571,0.576,True,True,True,True,True
69,4,lichen_bridge,Sol,signal hush,heard my signal,4,0.169,0.176,0.573,0.576,True,True,True,True,True
70,4,orchid_engine,Bea,orchid rest,let orchid rest,4,0.167,0.176,0.571,0.576,True,True,True,True,True
71,4,moss_ward,Fay,path dry,helped after rain,4,0.169,0.176,0.575,0.578,True,True,True,True,True
72,5,cinder_garden,Pax,cool hand,remembered shade first,5,0.169,0.178,0.571,0.576,True,True,True,True,True
73,5,lichen_bridge,Rin,rope safe,waited at the rope,5,0.167,0.174,0.573,0.576,True,True,True,True,True
74,5,orchid_engine,Eli,gear lane,kept the gear lane open,5,0.16,0.169,0.571,0.576,True,True,True,True,True
75,5,moss_ward,Ari,ledger no touch,asked before ledger,5,0.16,0.167,0.573,0.576,True,True,True,True,True
76,5,glass_harbor,Oren,lamp bright,guarded lamp for me,5,0.16,0.169,0.576,0.581,True,True,True,True,True
77,5,cinder_garden,Vale,shade first,left my basket sorted,5,0.16,0.169,0.576,0.581,True,True,True,True,True
78,5,lichen_bridge,Sol,bowl shared,kept bowl shared,5,0.16,0.169,0.576,0.581,True,True,True,True,True
79,5,orchid_engine,Bea,valve wait,did not turn the valve,5,0.16,0.167,0.576,0.579,True,True,True,True,True
80,5,moss_ward,Fay,loom wait,waited during repair,5,0.16,0.169,0.578,0.583,True,True,True,True,True
81,5,glass_harbor,Puck,tea first,shared crossing tea,5,0.16,0.167,0.571,0.574,True,True,True,True,True
82,5,cinder_garden,Wren,seed sleep,kept the path cool,5,0.16,0.169,0.573,0.578,True,True,True,True,True
83,5,lichen_bridge,Kio,signal hush,heard my signal,5,0.169,0.176,0.571,0.574,True,True,True,True,True
84,5,orchid_engine,Cai,orchid rest,let orchid rest,5,0.167,0.176,0.573,0.578,True,True,True,True,True
85,5,moss_ward,Milo,path dry,helped after rain,5,0.169,0.176,0.576,0.579,True,True,True,True,True
86,5,glass_harbor,Sera,net keeper,kept net lane clear,5,0.167,0.176,0.576,0.581,True,True,True,True,True
87,5,cinder_garden,Juno,cool hand,remembered shade first,5,0.169,0.176,0.576,0.579,True,True,True,True,True
88,5,lichen_bridge,Luma,rope safe,waited at the rope,5,0.167,0.176,0.576,0.581,True,True,True,True,True
89,5,orchid_engine,Dax,gear lane,kept the gear lane open,5,0.169,0.176,0.576,0.579,True,True,True,True,True
90,6,glass_harbor,Puck,lamp bright,guarded lamp for me,6,0.176,0.185,0.574,0.579,True,True,True,True,True
91,6,cinder_garden,Wren,shade first,left my basket sorted,6,0.176,0.183,0.578,0.581,True,True,True,True,True
92,6,lichen_bridge,Kio,bowl shared,kept bowl shared,6,0.167,0.176,0.574,0.579,True,True,True,True,True
93,6,orchid_engine,Cai,valve wait,did not turn the valve,6,0.169,0.176,0.578,0.581,True,True,True,True,True
94,6,moss_ward,Milo,loom wait,waited during repair,6,0.167,0.176,0.579,0.584,True,True,True,True,True
95,6,glass_harbor,Sera,tea first,shared crossing tea,6,0.169,0.176,0.581,0.584,True,True,True,True,True
96,6,cinder_garden,Juno,seed sleep,kept the path cool,6,0.167,0.176,0.579,0.584,True,True,True,True,True
97,6,lichen_bridge,Luma,signal hush,heard my signal,6,0.169,0.176,0.581,0.584,True,True,True,True,True
98,6,orchid_engine,Dax,orchid rest,let orchid rest,6,0.167,0.176,0.579,0.584,True,True,True,True,True
99,6,moss_ward,Tala,path dry,helped after rain,6,0.169,0.176,0.576,0.579,True,True,True,True,True
100,6,glass_harbor,Nia,net keeper,kept net lane clear,6,0.167,0.176,0.576,0.581,True,True,True,True,True
101,6,cinder_garden,Pax,cool hand,remembered shade first,6,0.178,0.185,0.576,0.579,True,True,True,True,True
102,6,lichen_bridge,Rin,rope safe,waited at the rope,6,0.174,0.183,0.576,0.581,True,True,True,True,True
103,6,orchid_engine,Eli,gear lane,kept the gear lane open,6,0.169,0.176,0.576,0.579,True,True,True,True,True
104,6,moss_ward,Ari,ledger no touch,asked before ledger,6,0.167,0.176,0.576,0.581,True,True,True,True,True
105,6,glass_harbor,Oren,lamp bright,guarded lamp for me,6,0.169,0.176,0.581,0.584,True,True,True,True,True
106,6,cinder_garden,Vale,shade first,left my basket sorted,6,0.169,0.178,0.581,0.586,True,True,True,True,True
107,6,lichen_bridge,Sol,bowl shared,kept bowl shared,6,0.169,0.176,0.581,0.584,True,True,True,True,True
108,7,moss_ward,Tala,loom wait,waited during repair,7,0.176,0.185,0.579,0.584,True,True,True,True,True
109,7,glass_harbor,Nia,tea first,shared crossing tea,7,0.176,0.183,0.581,0.584,True,True,True,True,True
110,7,cinder_garden,Pax,seed sleep,kept the path cool,7,0.167,0.176,0.579,0.584,True,True,True,True,True
111,7,lichen_bridge,Rin,signal hush,heard my signal,7,0.169,0.176,0.581,0.584,True,True,True,True,True
112,7,orchid_engine,Eli,orchid rest,let orchid rest,7,0.167,0.176,0.579,0.584,True,True,True,True,True
113,7,moss_ward,Ari,path dry,helped after rain,7,0.169,0.176,0.581,0.584,True,True,True,True,True
114,7,glass_harbor,Oren,net keeper,kept net lane clear,7,0.176,0.185,0.584,0.589,True,True,True,True,True
115,7,cinder_garden,Vale,cool hand,remembered shade first,7,0.176,0.183,0.586,0.589,True,True,True,True,True
116,7,lichen_bridge,Sol,rope safe,waited at the rope,7,0.176,0.185,0.584,0.589,True,True,True,True,True
117,7,orchid_engine,Bea,gear lane,kept the gear lane open,7,0.176,0.183,0.579,0.582,True,True,True,True,True
118,7,moss_ward,Fay,ledger no touch,asked before ledger,7,0.178,0.187,0.583,0.588,True,True,True,True,True
119,7,glass_harbor,Puck,lamp bright,guarded lamp for me,7,0.185,0.192,0.579,0.582,True,True,True,True,True
120,7,cinder_garden,Wren,shade first,left my basket sorted,7,0.183,0.192,0.581,0.586,True,True,True,True,True
121,7,lichen_bridge,Kio,bowl shared,kept bowl shared,7,0.176,0.183,0.579,0.582,True,True,True,True,True
122,7,orchid_engine,Cai,valve wait,did not turn the valve,7,0.176,0.185,0.581,0.586,True,True,True,True,True
123,7,moss_ward,Milo,loom wait,waited during repair,7,0.176,0.183,0.584,0.587,True,True,True,True,True
124,7,glass_harbor,Sera,tea first,shared crossing tea,7,0.176,0.185,0.584,0.589,True,True,True,True,True
125,7,cinder_garden,Juno,seed sleep,kept the path cool,7,0.176,0.183,0.584,0.587,True,True,True,True,True
126,8,orchid_engine,Bea,orchid rest,let orchid rest,8,0.176,0.185,0.582,0.587,True,True,True,True,True
127,8,moss_ward,Fay,path dry,helped after rain,8,0.176,0.183,0.588,0.591,True,True,True,True,True
128,8,glass_harbor,Puck,net keeper,kept net lane clear,8,0.167,0.176,0.582,0.587,True,True,True,True,True
129,8,cinder_garden,Wren,cool hand,remembered shade first,8,0.169,0.176,0.586,0.589,True,True,True,True,True
130,8,lichen_bridge,Kio,rope safe,waited at the rope,8,0.167,0.176,0.582,0.587,True,True,True,True,True
131,8,orchid_engine,Cai,gear lane,kept the gear lane open,8,0.169,0.176,0.586,0.589,True,True,True,True,True
132,8,moss_ward,Milo,ledger no touch,asked before ledger,8,0.176,0.185,0.587,0.592,True,True,True,True,True
133,8,glass_harbor,Sera,lamp bright,guarded lamp for me,8,0.176,0.183,0.589,0.592,True,True,True,True,True
134,8,cinder_garden,Juno,shade first,left my basket sorted,8,0.176,0.185,0.587,0.592,True,True,True,True,True
135,8,lichen_bridge,Luma,bowl shared,kept bowl shared,8,0.176,0.183,0.584,0.587,True,True,True,True,True
136,8,orchid_engine,Dax,valve wait,did not turn the valve,8,0.176,0.185,0.584,0.589,True,True,True,True,True
137,8,moss_ward,Tala,loom wait,waited during repair,8,0.185,0.192,0.584,0.587,True,True,True,True,True
138,8,glass_harbor,Nia,tea first,shared crossing tea,8,0.183,0.192,0.584,0.589,True,True,True,True,True
139,8,cinder_garden,Pax,seed sleep,kept the path cool,8,0.176,0.183,0.584,0.587,True,True,True,True,True
140,8,lichen_bridge,Rin,signal hush,heard my signal,8,0.176,0.185,0.584,0.589,True,True,True,True,True
141,8,orchid_engine,Eli,orchid rest,let orchid rest,8,0.176,0.183,0.584,0.587,True,True,True,True,True
142,8,moss_ward,Ari,path dry,helped after rain,8,0.176,0.185,0.584,0.589,True,True,True,True,True
143,8,glass_harbor,Oren,net keeper,kept net lane clear,8,0.185,0.192,0.589,0.592,True,True,True,True,True
144,9,lichen_bridge,Luma,rope safe,waited at the rope,9,0.176,0.185,0.587,0.592,True,True,True,True,True
145,9,orchid_engine,Dax,gear lane,kept the gear lane open,9,0.176,0.183,0.589,0.592,True,True,True,True,True
146,9,moss_ward,Tala,ledger no touch,asked before ledger,9,0.167,0.176,0.587,0.592,True,True,True,True,True
147,9,glass_harbor,Nia,lamp bright,guarded lamp for me,9,0.169,0.176,0.589,0.592,True,True,True,True,True
148,9,cinder_garden,Pax,shade first,left my basket sorted,9,0.167,0.176,0.587,0.592,True,True,True,True,True
149,9,lichen_bridge,Rin,bowl shared,kept bowl shared,9,0.169,0.176,0.589,0.592,True,True,True,True,True
150,9,orchid_engine,Eli,valve wait,did not turn the valve,9,0.176,0.185,0.587,0.592,True,True,True,True,True
151,9,moss_ward,Ari,loom wait,waited during repair,9,0.176,0.183,0.589,0.592,True,True,True,True,True
152,9,glass_harbor,Oren,tea first,shared crossing tea,9,0.176,0.185,0.592,0.597,True,True,True,True,True
153,9,cinder_garden,Vale,seed sleep,kept the path cool,9,0.176,0.183,0.589,0.592,True,True,True,True,True
154,9,lichen_bridge,Sol,signal hush,heard my signal,9,0.176,0.185,0.589,0.594,True,True,True,True,True
155,9,orchid_engine,Bea,orchid rest,let orchid rest,9,0.185,0.192,0.587,0.59,True,True,True,True,True
156,9,moss_ward,Fay,path dry,helped after rain,9,0.183,0.192,0.591,0.596,True,True,True,True,True
157,9,glass_harbor,Puck,net keeper,kept net lane clear,9,0.176,0.183,0.587,0.59,True,True,True,True,True
158,9,cinder_garden,Wren,cool hand,remembered shade first,9,0.176,0.185,0.589,0.594,True,True,True,True,True
159,9,lichen_bridge,Kio,rope safe,waited at the rope,9,0.176,0.183,0.587,0.59,True,True,True,True,True
160,9,orchid_engine,Cai,gear lane,kept the gear lane open,9,0.176,0.185,0.589,0.594,True,True,True,True,True
161,9,moss_ward,Milo,ledger no touch,asked before ledger,9,0.185,0.192,0.592,0.595,True,True,True,True,True
162,10,cinder_garden,Vale,shade first,left my basket sorted,10,0.178,0.187,0.592,0.597,True,True,True,True,True
163,10,lichen_bridge,Sol,bowl shared,kept bowl shared,10,0.176,0.183,0.594,0.597,True,True,True,True,True
164,10,orchid_engine,Bea,valve wait,did not turn the valve,10,0.167,0.176,0.59,0.595,True,True,True,True,True
165,10,moss_ward,Fay,loom wait,waited during repair,10,0.169,0.176,0.596,0.599,True,True,True,True,True
166,10,glass_harbor,Puck,tea first,shared crossing tea,10,0.167,0.176,0.59,0.595,True,True,True,True,True
167,10,cinder_garden,Wren,seed sleep,kept the path cool,10,0.169,0.176,0.594,0.597,True,True,True,True,True
168,10,lichen_bridge,Kio,signal hush,heard my signal,10,0.176,0.185,0.59,0.595,True,True,True,True,True
169,10,orchid_engine,Cai,orchid rest,let orchid rest,10,0.176,0.183,0.594,0.597,True,True,True,True,True
170,10,moss_ward,Milo,path dry,helped after rain,10,0.176,0.185,0.595,0.6,True,True,True,True,True
171,10,glass_harbor,Sera,net keeper,kept net lane clear,10,0.176,0.183,0.592,0.595,True,True,True,True,True
172,10,cinder_garden,Juno,cool hand,remembered shade first,10,0.176,0.185,0.592,0.597,True,True,True,True,True
173,10,lichen_bridge,Luma,rope safe,waited at the rope,10,0.185,0.192,0.592,0.595,True,True,True,True,True
174,10,orchid_engine,Dax,gear lane,kept the gear lane open,10,0.183,0.192,0.592,0.597,True,True,True,True,True
175,10,moss_ward,Tala,ledger no touch,asked before ledger,10,0.176,0.183,0.592,0.595,True,True,True,True,True
176,10,glass_harbor,Nia,lamp bright,guarded lamp for me,10,0.176,0.185,0.592,0.597,True,True,True,True,True
177,10,cinder_garden,Pax,shade first,left my basket sorted,10,0.176,0.183,0.592,0.595,True,True,True,True,True
178,10,lichen_bridge,Rin,bowl shared,kept bowl shared,10,0.176,0.185,0.592,0.597,True,True,True,True,True
179,10,orchid_engine,Eli,valve wait,did not turn the valve,10,0.185,0.192,0.592,0.595,True,True,True,True,True
180,11,glass_harbor,Sera,tea first,shared crossing tea,11,0.185,0.194,0.595,0.6,True,True,True,True,True
181,11,cinder_garden,Juno,seed sleep,kept the path cool,11,0.183,0.19,0.597,0.6,True,True,True,True,True
182,11,lichen_bridge,Luma,signal hush,heard my signal,11,0.176,0.185,0.595,0.6,True,True,True,True,True
183,11,orchid_engine,Dax,orchid rest,let orchid rest,11,0.176,0.183,0.597,0.6,True,True,True,True,True
184,11,moss_ward,Tala,path dry,helped after rain,11,0.176,0.185,0.595,0.6,True,True,True,True,True
185,11,glass_harbor,Nia,net keeper,kept net lane clear,11,0.176,0.183,0.597,0.6,True,True,True,True,True
186,11,cinder_garden,Pax,cool hand,remembered shade first,11,0.185,0.194,0.595,0.6,True,True,True,True,True
187,11,lichen_bridge,Rin,rope safe,waited at the rope,11,0.183,0.19,0.597,0.6,True,True,True,True,True
188,11,orchid_engine,Eli,gear lane,kept the gear lane open,11,0.176,0.185,0.595,0.6,True,True,True,True,True
189,11,moss_ward,Ari,ledger no touch,asked before ledger,11,0.176,0.183,0.592,0.595,True,True,True,True,True
190,11,glass_harbor,Oren,lamp bright,guarded lamp for me,11,0.176,0.185,0.597,0.602,True,True,True,True,True
191,11,cinder_garden,Vale,shade first,left my basket sorted,11,0.187,0.194,0.597,0.6,True,True,True,True,True
192,11,lichen_bridge,Sol,bowl shared,kept bowl shared,11,0.183,0.192,0.597,0.602,True,True,True,True,True
193,11,orchid_engine,Bea,valve wait,did not turn the valve,11,0.176,0.183,0.595,0.598,True,True,True,True,True
194,11,moss_ward,Fay,loom wait,waited during repair,11,0.176,0.185,0.599,0.604,True,True,True,True,True
195,11,glass_harbor,Puck,tea first,shared crossing tea,11,0.176,0.183,0.595,0.598,True,True,True,True,True
196,11,cinder_garden,Wren,seed sleep,kept the path cool,11,0.176,0.185,0.597,0.602,True,True,True,True,True
197,11,lichen_bridge,Kio,signal hush,heard my signal,11,0.185,0.192,0.595,0.598,True,True,True,True,True
198,12,moss_ward,Ari,path dry,helped after rain,12,0.185,0.194,0.595,0.6,True,True,True,True,True
199,12,glass_harbor,Oren,net keeper,kept net lane clear,12,0.192,0.199,0.602,0.605,True,True,True,True,True
200,12,cinder_garden,Vale,cool hand,remembered shade first,12,0.183,0.192,0.6,0.605,True,True,True,True,True
201,12,lichen_bridge,Sol,rope safe,waited at the rope,12,0.185,0.192,0.602,0.605,True,True,True,True,True
202,12,orchid_engine,Bea,gear lane,kept the gear lane open,12,0.183,0.192,0.598,0.603,True,True,True,True,True
203,12,moss_ward,Fay,ledger no touch,asked before ledger,12,0.187,0.194,0.604,0.607,True,True,True,True,True
204,12,glass_harbor,Puck,lamp bright,guarded lamp for me,12,0.192,0.201,0.598,0.603,True,True,True,True,True
205,12,cinder_garden,Wren,shade first,left my basket sorted,12,0.192,0.199,0.602,0.605,True,True,True,True,True
206,12,lichen_bridge,Kio,bowl shared,kept bowl shared,12,0.183,0.192,0.598,0.603,True,True,True,True,True
207,12,orchid_engine,Cai,valve wait,did not turn the valve,12,0.185,0.192,0.597,0.6,True,True,True,True,True
208,12,moss_ward,Milo,loom wait,waited during repair,12,0.183,0.192,0.6,0.605,True,True,True,True,True
209,12,glass_harbor,Sera,tea first,shared crossing tea,12,0.194,0.201,0.6,0.603,True,True,True,True,True
210,12,cinder_garden,Juno,seed sleep,kept the path cool,12,0.19,0.199,0.6,0.605,True,True,True,True,True
211,12,lichen_bridge,Luma,signal hush,heard my signal,12,0.185,0.192,0.6,0.603,True,True,True,True,True
212,12,orchid_engine,Dax,orchid rest,let orchid rest,12,0.183,0.192,0.6,0.605,True,True,True,True,True
213,12,moss_ward,Tala,path dry,helped after rain,12,0.185,0.192,0.6,0.603,True,True,True,True,True
214,12,glass_harbor,Nia,net keeper,kept net lane clear,12,0.183,0.192,0.6,0.605,True,True,True,True,True
215,12,cinder_garden,Pax,cool hand,remembered shade first,12,0.194,0.201,0.6,0.603,True,True,True,True,True
216,13,orchid_engine,Cai,gear lane,kept the gear lane open,13,0.185,0.194,0.6,0.605,True,True,True,True,True
217,13,moss_ward,Milo,ledger no touch,asked before ledger,13,0.192,0.199,0.605,0.608,True,True,True,True,True
218,13,glass_harbor,Sera,lamp bright,guarded lamp for me,13,0.183,0.192,0.603,0.608,True,True,True,True,True
219,13,cinder_garden,Juno,shade first,left my basket sorted,13,0.185,0.192,0.605,0.608,True,True,True,True,True
220,13,lichen_bridge,Luma,bowl shared,kept bowl shared,13,0.183,0.192,0.603,0.608,True,True,True,True,True
221,13,orchid_engine,Dax,valve wait,did not turn the valve,13,0.185,0.192,0.605,0.608,True,True,True,True,True
222,13,moss_ward,Tala,loom wait,waited during repair,13,0.192,0.201,0.603,0.608,True,True,True,True,True
223,13,glass_harbor,Nia,tea first,shared crossing tea,13,0.192,0.199,0.605,0.608,True,True,True,True,True
224,13,cinder_garden,Pax,seed sleep,kept the path cool,13,0.183,0.192,0.603,0.608,True,True,True,True,True
225,13,lichen_bridge,Rin,signal hush,heard my signal,13,0.185,0.192,0.6,0.603,True,True,True,True,True
226,13,orchid_engine,Eli,orchid rest,let orchid rest,13,0.183,0.192,0.6,0.605,True,True,True,True,True
227,13,moss_ward,Ari,path dry,helped after rain,13,0.194,0.201,0.6,0.603,True,True,True,True,True
228,13,glass_harbor,Oren,net keeper,kept net lane clear,13,0.199,0.208,0.605,0.61,True,True,True,True,True
229,13,cinder_garden,Vale,cool hand,remembered shade first,13,0.192,0.199,0.605,0.608,True,True,True,True,True
230,13,lichen_bridge,Sol,rope safe,waited at the rope,13,0.192,0.201,0.605,0.61,True,True,True,True,True
231,13,orchid_engine,Bea,gear lane,kept the gear lane open,13,0.192,0.201,0.603,0.608,True,True,True,True,True
232,13,moss_ward,Fay,ledger no touch,asked before ledger,13,0.194,0.203,0.607,0.612,True,True,True,True,True
233,13,glass_harbor,Puck,lamp bright,guarded lamp for me,13,0.201,0.208,0.603,0.606,True,True,True,True,True
234,14,lichen_bridge,Rin,bowl shared,kept bowl shared,14,0.185,0.194,0.603,0.608,True,True,True,True,True
235,14,orchid_engine,Eli,valve wait,did not turn the valve,14,0.192,0.199,0.605,0.608,True,True,True,True,True
236,14,moss_ward,Ari,loom wait,waited during repair,14,0.183,0.192,0.603,0.608,True,True,True,True,True
237,14,glass_harbor,Oren,tea first,shared crossing tea,14,0.185,0.192,0.61,0.613,True,True,True,True,True
238,14,cinder_garden,Vale,seed sleep,kept the path cool,14,0.183,0.192,0.608,0.613,True,True,True,True,True
239,14,lichen_bridge,Sol,signal hush,heard my signal,14,0.185,0.192,0.61,0.613,True,True,True,True,True
240,14,orchid_engine,Bea,orchid rest,let orchid rest,14,0.192,0.201,0.608,0.613,True,True,True,True,True
241,14,moss_ward,Fay,path dry,helped after rain,14,0.192,0.199,0.612,0.615,True,True,True,True,True
242,14,glass_harbor,Puck,net keeper,kept net lane clear,14,0.183,0.192,0.606,0.611,True,True,True,True,True
243,14,cinder_garden,Wren,cool hand,remembered shade first,14,0.185,0.192,0.605,0.608,True,True,True,True,True
244,14,lichen_bridge,Kio,rope safe,waited at the rope,14,0.183,0.192,0.603,0.608,True,True,True,True,True
245,14,orchid_engine,Cai,gear lane,kept the gear lane open,14,0.194,0.201,0.605,0.608,True,True,True,True,True
246,14,moss_ward,Milo,ledger no touch,asked before ledger,14,0.199,0.208,0.608,0.613,True,True,True,True,True
247,14,glass_harbor,Sera,lamp bright,guarded lamp for me,14,0.192,0.199,0.608,0.611,True,True,True,True,True
248,14,cinder_garden,Juno,shade first,left my basket sorted,14,0.192,0.201,0.608,0.613,True,True,True,True,True
249,14,lichen_bridge,Luma,bowl shared,kept bowl shared,14,0.192,0.199,0.608,0.611,True,True,True,True,True
250,14,orchid_engine,Dax,valve wait,did not turn the valve,14,0.192,0.201,0.608,0.613,True,True,True,True,True
251,14,moss_ward,Tala,loom wait,waited during repair,14,0.201,0.208,0.608,0.611,True,True,True,True,True
252,15,cinder_garden,Wren,seed sleep,kept the path cool,15,0.185,0.194,0.608,0.613,True,True,True,True,True
253,15,lichen_bridge,Kio,signal hush,heard my signal,15,0.192,0.199,0.608,0.611,True,True,True,True,True
254,15,orchid_engine,Cai,orchid rest,let orchid rest,15,0.183,0.192,0.608,0.613,True,True,True,True,True
255,15,moss_ward,Milo,path dry,helped after rain,15,0.185,0.192,0.613,0.616,True,True,True,True,True
256,15,glass_harbor,Sera,net keeper,kept net lane clear,15,0.183,0.192,0.611,0.616,True,True,True,True,True
257,15,cinder_garden,Juno,cool hand,remembered shade first,15,0.185,0.192,0.613,0.616,True,True,True,True,True
258,15,lichen_bridge,Luma,rope safe,waited at the rope,15,0.192,0.201,0.611,0.616,True,True,True,True,True
259,15,orchid_engine,Dax,gear lane,kept the gear lane open,15,0.192,0.199,0.613,0.616,True,True,True,True,True
260,15,moss_ward,Tala,ledger no touch,asked before ledger,15,0.183,0.192,0.611,0.616,True,True,True,True,True
261,15,glass_harbor,Nia,lamp bright,guarded lamp for me,15,0.185,0.192,0.608,0.611,True,True,True,True,True
262,15,cinder_garden,Pax,shade first,left my basket sorted,15,0.183,0.192,0.608,0.613,True,True,True,True,True
263,15,lichen_bridge,Rin,bowl shared,kept bowl shared,15,0.194,0.201,0.608,0.611,True,True,True,True,True
264,15,orchid_engine,Eli,valve wait,did not turn the valve,15,0.199,0.208,0.608,0.613,True,True,True,True,True
265,15,moss_ward,Ari,loom wait,waited during repair,15,0.192,0.199,0.608,0.611,True,True,True,True,True
266,15,glass_harbor,Oren,tea first,shared crossing tea,15,0.192,0.201,0.613,0.618,True,True,True,True,True
267,15,cinder_garden,Vale,seed sleep,kept the path cool,15,0.192,0.199,0.613,0.616,True,True,True,True,True
268,15,lichen_bridge,Sol,signal hush,heard my signal,15,0.192,0.201,0.613,0.618,True,True,True,True,True
269,15,orchid_engine,Bea,orchid rest,let orchid rest,15,0.201,0.208,0.613,0.616,True,True,True,True,True
270,16,glass_harbor,Nia,net keeper,kept net lane clear,16,0.192,0.201,0.611,0.616,True,True,True,True,True
271,16,cinder_garden,Pax,cool hand,remembered shade first,16,0.201,0.208,0.613,0.616,True,True,True,True,True
272,16,lichen_bridge,Rin,rope safe,waited at the rope,16,0.19,0.199,0.611,0.616,True,True,True,True,True
273,16,orchid_engine,Eli,gear lane,kept the gear lane open,16,0.185,0.192,0.613,0.616,True,True,True,True,True
274,16,moss_ward,Ari,ledger no touch,asked before ledger,16,0.183,0.192,0.611,0.616,True,True,True,True,True
275,16,glass_harbor,Oren,lamp bright,guarded lamp for me,16,0.185,0.194,0.618,0.623,True,True,True,True,True
276,16,cinder_garden,Vale,shade first,left my basket sorted,16,0.194,0.203,0.616,0.621,True,True,True,True,True
277,16,lichen_bridge,Sol,bowl shared,kept bowl shared,16,0.192,0.199,0.618,0.621,True,True,True,True,True
278,16,orchid_engine,Bea,valve wait,did not turn the valve,16,0.183,0.192,0.616,0.621,True,True,True,True,True
279,16,moss_ward,Fay,loom wait,waited during repair,16,0.185,0.192,0.615,0.618,True,True,True,True,True
280,16,glass_harbor,Puck,tea first,shared crossing tea,16,0.183,0.192,0.611,0.616,True,True,True,True,True
281,16,cinder_garden,Wren,seed sleep,kept the path cool,16,0.194,0.201,0.613,0.616,True,True,True,True,True
282,16,lichen_bridge,Kio,signal hush,heard my signal,16,0.199,0.208,0.611,0.616,True,True,True,True,True
283,16,orchid_engine,Cai,orchid rest,let orchid rest,16,0.192,0.199,0.613,0.616,True,True,True,True,True
284,16,moss_ward,Milo,path dry,helped after rain,16,0.192,0.201,0.616,0.621,True,True,True,True,True
285,16,glass_harbor,Sera,net keeper,kept net lane clear,16,0.192,0.199,0.616,0.619,True,True,True,True,True
286,16,cinder_garden,Juno,cool hand,remembered shade first,16,0.192,0.201,0.616,0.621,True,True,True,True,True
287,16,lichen_bridge,Luma,rope safe,waited at the rope,16,0.201,0.208,0.616,0.619,True,True,True,True,True
288,17,moss_ward,Fay,ledger no touch,asked before ledger,17,0.203,0.212,0.618,0.623,True,True,True,True,True
289,17,glass_harbor,Puck,lamp bright,guarded lamp for me,17,0.208,0.215,0.616,0.619,True,True,True,True,True
290,17,cinder_garden,Wren,shade first,left my basket sorted,17,0.199,0.208,0.616,0.621,True,True,True,True,True
291,17,lichen_bridge,Kio,bowl shared,kept bowl shared,17,0.192,0.199,0.616,0.619,True,True,True,True,True
292,17,orchid_engine,Cai,valve wait,did not turn the valve,17,0.192,0.201,0.616,0.621,True,True,True,True,True
293,17,moss_ward,Milo,loom wait,waited during repair,17,0.192,0.2,0.621,0.624,True,True,True,True,True
294,17,glass_harbor,Sera,tea first,shared crossing tea,17,0.201,0.21,0.619,0.624,True,True,True,True,True
295,17,cinder_garden,Juno,seed sleep,kept the path cool,17,0.199,0.207,0.621,0.624,True,True,True,True,True
296,17,lichen_bridge,Luma,signal hush,heard my signal,17,0.192,0.201,0.619,0.624,True,True,True,True,True
297,17,orchid_engine,Dax,orchid rest,let orchid rest,17,0.192,0.199,0.616,0.619,True,True,True,True,True
298,17,moss_ward,Tala,path dry,helped after rain,17,0.192,0.201,0.616,0.621,True,True,True,True,True
299,17,glass_harbor,Nia,net keeper,kept net lane clear,17,0.201,0.208,0.616,0.619,True,True,True,True,True
300,17,cinder_garden,Pax,cool hand,remembered shade first,17,0.208,0.217,0.616,0.621,True,True,True,True,True
301,17,lichen_bridge,Rin,rope safe,waited at the rope,17,0.199,0.206,0.616,0.619,True,True,True,True,True
302,17,orchid_engine,Eli,gear lane,kept the gear lane open,17,0.192,0.201,0.616,0.621,True,True,True,True,True
303,17,moss_ward,Ari,ledger no touch,asked before ledger,17,0.192,0.199,0.616,0.619,True,True,True,True,True
304,17,glass_harbor,Oren,lamp bright,guarded lamp for me,17,0.194,0.204,0.623,0.628,True,True,True,True,True
305,17,cinder_garden,Vale,shade first,left my basket sorted,17,0.203,0.211,0.621,0.624,True,True,True,True,True
306,18,orchid_engine,Dax,valve wait,did not turn the valve,18,0.201,0.21,0.619,0.624,True,True,True,True,True
307,18,moss_ward,Tala,loom wait,waited during repair,18,0.208,0.216,0.621,0.624,True,True,True,True,True
308,18,glass_harbor,Nia,tea first,shared crossing tea,18,0.199,0.208,0.619,0.624,True,True,True,True,True
309,18,cinder_garden,Pax,seed sleep,kept the path cool,18,0.192,0.2,0.621,0.624,True,True,True,True,True
310,18,lichen_bridge,Rin,signal hush,heard my signal,18,0.192,0.201,0.619,0.624,True,True,True,True,True
311,18,orchid_engine,Eli,orchid rest,let orchid rest,18,0.192,0.2,0.621,0.624,True,True,True,True,True
312,18,moss_ward,Ari,path dry,helped after rain,18,0.201,0.21,0.619,0.624,True,True,True,True,True
313,18,glass_harbor,Oren,net keeper,kept net lane clear,18,0.208,0.216,0.628,0.631,True,True,True,True,True
314,18,cinder_garden,Vale,cool hand,remembered shade first,18,0.199,0.209,0.624,0.629,True,True,True,True,True
315,18,lichen_bridge,Sol,rope safe,waited at the rope,18,0.201,0.209,0.621,0.624,True,True,True,True,True
316,18,orchid_engine,Bea,gear lane,kept the gear lane open,18,0.201,0.211,0.621,0.626,True,True,True,True,True
317,18,moss_ward,Fay,ledger no touch,asked before ledger,18,0.212,0.22,0.623,0.626,True,True,True,True,True
318,18,glass_harbor,Puck,lamp bright,guarded lamp for me,18,0.215,0.224,0.619,0.624,True,True,True,True,True
319,18,cinder_garden,Wren,shade first,left my basket sorted,18,0.208,0.216,0.621,0.624,True,True,True,True,True
320,18,lichen_bridge,Kio,bowl shared,kept bowl shared,18,0.199,0.208,0.619,0.624,True,True,True,True,True
321,18,orchid_engine,Cai,valve wait,did not turn the valve,18,0.201,0.209,0.621,0.624,True,True,True,True,True
322,18,moss_ward,Milo,loom wait,waited during repair,18,0.2,0.21,0.624,0.629,True,True,True,True,True
323,18,glass_harbor,Sera,tea first,shared crossing tea,18,0.21,0.218,0.624,0.627,True,True,True,True,True
324,19,lichen_bridge,Sol,signal hush,heard my signal,19,0.201,0.211,0.624,0.629,True,True,True,True,True
325,19,orchid_engine,Bea,orchid rest,let orchid rest,19,0.208,0.216,0.626,0.629,True,True,True,True,True
326,19,moss_ward,Fay,path dry,helped after rain,19,0.199,0.209,0.626,0.631,True,True,True,True,True
327,19,glass_harbor,Puck,net keeper,kept net lane clear,19,0.192,0.2,0.624,0.627,True,True,True,True,True
328,19,cinder_garden,Wren,cool hand,remembered shade first,19,0.192,0.202,0.624,0.629,True,True,True,True,True
329,19,lichen_bridge,Kio,rope safe,waited at the rope,19,0.192,0.2,0.624,0.627,True,True,True,True,True
330,19,orchid_engine,Cai,gear lane,kept the gear lane open,19,0.201,0.211,0.624,0.629,True,True,True,True,True
331,19,moss_ward,Milo,ledger no touch,asked before ledger,19,0.208,0.216,0.629,0.632,True,True,True,True,True
332,19,glass_harbor,Sera,lamp bright,guarded lamp for me,19,0.199,0.209,0.627,0.632,True,True,True,True,True
333,19,cinder_garden,Juno,shade first,left my basket sorted,19,0.201,0.209,0.624,0.627,True,True,True,True,True
334,19,lichen_bridge,Luma,bowl shared,kept bowl shared,19,0.199,0.209,0.624,0.629,True,True,True,True,True
335,19,orchid_engine,Dax,valve wait,did not turn the valve,19,0.21,0.218,0.624,0.627,True,True,True,True,True
336,19,moss_ward,Tala,loom wait,waited during repair,19,0.216,0.226,0.624,0.629,True,True,True,True,True
337,19,glass_harbor,Nia,tea first,shared crossing tea,19,0.208,0.216,0.624,0.627,True,True,True,True,True
338,19,cinder_garden,Pax,seed sleep,kept the path cool,19,0.2,0.21,0.624,0.629,True,True,True,True,True
339,19,lichen_bridge,Rin,signal hush,heard my signal,19,0.201,0.209,0.624,0.627,True,True,True,True,True
340,19,orchid_engine,Eli,orchid rest,let orchid rest,19,0.2,0.21,0.624,0.629,True,True,True,True,True
341,19,moss_ward,Ari,path dry,helped after rain,19,0.21,0.218,0.624,0.627,True,True,True,True,True
342,20,cinder_garden,Juno,cool hand,remembered shade first,20,0.201,0.211,0.627,0.632,True,True,True,True,True
343,20,lichen_bridge,Luma,rope safe,waited at the rope,20,0.208,0.216,0.629,0.632,True,True,True,True,True
344,20,orchid_engine,Dax,gear lane,kept the gear lane open,20,0.199,0.209,0.627,0.632,True,True,True,True,True
345,20,moss_ward,Tala,ledger no touch,asked before ledger,20,0.192,0.2,0.629,0.632,True,True,True,True,True
346,20,glass_harbor,Nia,lamp bright,guarded lamp for me,20,0.192,0.202,0.627,0.632,True,True,True,True,True
347,20,cinder_garden,Pax,shade first,left my basket sorted,20,0.192,0.2,0.629,0.632,True,True,True,True,True
348,20,lichen_bridge,Rin,bowl shared,kept bowl shared,20,0.201,0.211,0.627,0.632,True,True,True,True,True
349,20,orchid_engine,Eli,valve wait,did not turn the valve,20,0.208,0.216,0.629,0.632,True,True,True,True,True
350,20,moss_ward,Ari,loom wait,waited during repair,20,0.199,0.209,0.627,0.632,True,True,True,True,True
351,20,glass_harbor,Oren,tea first,shared crossing tea,20,0.201,0.209,0.631,0.634,True,True,True,True,True
352,20,cinder_garden,Vale,seed sleep,kept the path cool,20,0.199,0.209,0.629,0.634,True,True,True,True,True
353,20,lichen_bridge,Sol,signal hush,heard my signal,20,0.211,0.219,0.629,0.632,True,True,True,True,True
354,20,orchid_engine,Bea,orchid rest,let orchid rest,20,0.216,0.226,0.629,0.634,True,True,True,True,True
355,20,moss_ward,Fay,path dry,helped after rain,20,0.209,0.217,0.631,0.634,True,True,True,True,True
356,20,glass_harbor,Puck,net keeper,kept net lane clear,20,0.2,0.21,0.627,0.632,True,True,True,True,True
357,20,cinder_garden,Wren,cool hand,remembered shade first,20,0.202,0.21,0.629,0.632,True,True,True,True,True
358,20,lichen_bridge,Kio,rope safe,waited at the rope,20,0.2,0.21,0.627,0.632,True,True,True,True,True
359,20,orchid_engine,Cai,gear lane,kept the gear lane open,20,0.211,0.219,0.629,0.632,True,True,True,True,True
360,21,glass_harbor,Oren,lamp bright,guarded lamp for me,21,0.204,0.214,0.634,0.639,True,True,True,True,True
361,21,cinder_garden,Vale,shade first,left my basket sorted,21,0.211,0.219,0.634,0.637,True,True,True,True,True
362,21,lichen_bridge,Sol,bowl shared,kept bowl shared,21,0.199,0.209,0.632,0.637,True,True,True,True,True
363,21,orchid_engine,Bea,valve wait,did not turn the valve,21,0.192,0.2,0.634,0.637,True,True,True,True,True
364,21,moss_ward,Fay,loom wait,waited during repair,21,0.192,0.202,0.634,0.639,True,True,True,True,True
365,21,glass_harbor,Puck,tea first,shared crossing tea,21,0.192,0.2,0.632,0.635,True,True,True,True,True
366,21,cinder_garden,Wren,seed sleep,kept the path cool,21,0.201,0.211,0.632,0.637,True,True,True,True,True
367,21,lichen_bridge,Kio,signal hush,heard my signal,21,0.208,0.216,0.632,0.635,True,True,True,True,True
368,21,orchid_engine,Cai,orchid rest,let orchid rest,21,0.199,0.209,0.632,0.637,True,True,True,True,True
369,21,moss_ward,Milo,path dry,helped after rain,21,0.201,0.209,0.632,0.635,True,True,True,True,True
370,21,glass_harbor,Sera,net keeper,kept net lane clear,21,0.199,0.209,0.632,0.637,True,True,True,True,True
371,21,cinder_garden,Juno,cool hand,remembered shade first,21,0.211,0.219,0.632,0.635,True,True,True,True,True
372,21,lichen_bridge,Luma,rope safe,waited at the rope,21,0.216,0.226,0.632,0.637,True,True,True,True,True
373,21,orchid_engine,Dax,gear lane,kept the gear lane open,21,0.209,0.217,0.632,0.635,True,True,True,True,True
374,21,moss_ward,Tala,ledger no touch,asked before ledger,21,0.2,0.21,0.632,0.637,True,True,True,True,True
375,21,glass_harbor,Nia,lamp bright,guarded lamp for me,21,0.202,0.21,0.632,0.635,True,True,True,True,True
376,21,cinder_garden,Pax,shade first,left my basket sorted,21,0.2,0.21,0.632,0.637,True,True,True,True,True
377,21,lichen_bridge,Rin,bowl shared,kept bowl shared,21,0.211,0.219,0.632,0.635,True,True,True,True,True
378,22,moss_ward,Milo,loom wait,waited during repair,22,0.21,0.22,0.635,0.64,True,True,True,True,True
379,22,glass_harbor,Sera,tea first,shared crossing tea,22,0.218,0.226,0.637,0.64,True,True,True,True,True
380,22,cinder_garden,Juno,seed sleep,kept the path cool,22,0.207,0.217,0.635,0.64,True,True,True,True,True
381,22,lichen_bridge,Luma,signal hush,heard my signal,22,0.201,0.209,0.637,0.64,True,True,True,True,True
382,22,orchid_engine,Dax,orchid rest,let orchid rest,22,0.199,0.209,0.635,0.64,True,True,True,True,True
383,22,moss_ward,Tala,path dry,helped after rain,22,0.201,0.209,0.637,0.64,True,True,True,True,True
384,22,glass_harbor,Nia,net keeper,kept net lane clear,22,0.208,0.218,0.635,0.64,True,True,True,True,True
385,22,cinder_garden,Pax,cool hand,remembered shade first,22,0.217,0.225,0.637,0.64,True,True,True,True,True
386,22,lichen_bridge,Rin,rope safe,waited at the rope,22,0.206,0.216,0.635,0.64,True,True,True,True,True
387,22,orchid_engine,Eli,gear lane,kept the gear lane open,22,0.201,0.209,0.632,0.635,True,True,True,True,True
388,22,moss_ward,Ari,ledger no touch,asked before ledger,22,0.199,0.209,0.632,0.637,True,True,True,True,True
389,22,glass_harbor,Oren,lamp bright,guarded lamp for me,22,0.214,0.222,0.639,0.642,True,True,True,True,True
390,22,cinder_garden,Vale,shade first,left my basket sorted,22,0.219,0.229,0.637,0.642,True,True,True,True,True
391,22,lichen_bridge,Sol,bowl shared,kept bowl shared,22,0.209,0.217,0.637,0.64,True,True,True,True,True
392,22,orchid_engine,Bea,valve wait,did not turn the valve,22,0.2,0.21,0.637,0.642,True,True,True,True,True
393,22,moss_ward,Fay,loom wait,waited during repair,22,0.202,0.21,0.639,0.642,True,True,True,True,True
394,22,glass_harbor,Puck,tea first,shared crossing tea,22,0.2,0.21,0.635,0.64,True,True,True,True,True
395,22,cinder_garden,Wren,seed sleep,kept the path cool,22,0.211,0.219,0.637,0.64,True,True,True,True,True
396,23,orchid_engine,Eli,orchid rest,let orchid rest,23,0.21,0.22,0.635,0.64,True,True,True,True,True
397,23,moss_ward,Ari,path dry,helped after rain,23,0.218,0.226,0.637,0.64,True,True,True,True,True
398,23,glass_harbor,Oren,net keeper,kept net lane clear,23,0.216,0.226,0.642,0.647,True,True,True,True,True
399,23,cinder_garden,Vale,cool hand,remembered shade first,23,0.209,0.217,0.642,0.645,True,True,True,True,True
400,23,lichen_bridge,Sol,rope safe,waited at the rope,23,0.209,0.219,0.64,0.645,True,True,True,True,True
401,23,orchid_engine,Bea,gear lane,kept the gear lane open,23,0.211,0.219,0.642,0.645,True,True,True,True,True
402,23,moss_ward,Fay,ledger no touch,asked before ledger,23,0.22,0.23,0.642,0.647,True,True,True,True,True
403,23,glass_harbor,Puck,lamp bright,guarded lamp for me,23,0.224,0.232,0.64,0.643,True,True,True,True,True
404,23,cinder_garden,Wren,shade first,left my basket sorted,23,0.216,0.226,0.64,0.645,True,True,True,True,True
405,23,lichen_bridge,Kio,bowl shared,kept bowl shared,23,0.208,0.216,0.635,0.638,True,True,True,True,True
406,23,orchid_engine,Cai,valve wait,did not turn the valve,23,0.209,0.219,0.637,0.642,True,True,True,True,True
407,23,moss_ward,Milo,loom wait,waited during repair,23,0.22,0.228,0.64,0.643,True,True,True,True,True
408,23,glass_harbor,Sera,tea first,shared crossing tea,23,0.226,0.236,0.64,0.645,True,True,True,True,True
409,23,cinder_garden,Juno,seed sleep,kept the path cool,23,0.217,0.225,0.64,0.643,True,True,True,True,True
410,23,lichen_bridge,Luma,signal hush,heard my signal,23,0.209,0.219,0.64,0.645,True,True,True,True,True
411,23,orchid_engine,Dax,orchid rest,let orchid rest,23,0.209,0.217,0.64,0.643,True,True,True,True,True
412,23,moss_ward,Tala,path dry,helped after rain,23,0.209,0.219,0.64,0.645,True,True,True,True,True
413,23,glass_harbor,Nia,net keeper,kept net lane clear,23,0.218,0.226,0.64,0.643,True,True,True,True,True
414,24,lichen_bridge,Kio,rope safe,waited at the rope,24,0.21,0.22,0.638,0.643,True,True,True,True,True
415,24,orchid_engine,Cai,gear lane,kept the gear lane open,24,0.219,0.227,0.642,0.645,True,True,True,True,True
416,24,moss_ward,Milo,ledger no touch,asked before ledger,24,0.216,0.226,0.643,0.648,True,True,True,True,True
417,24,glass_harbor,Sera,lamp bright,guarded lamp for me,24,0.209,0.217,0.645,0.648,True,True,True,True,True
418,24,cinder_garden,Juno,shade first,left my basket sorted,24,0.209,0.219,0.643,0.648,True,True,True,True,True
419,24,lichen_bridge,Luma,bowl shared,kept bowl shared,24,0.209,0.217,0.645,0.648,True,True,True,True,True
420,24,orchid_engine,Dax,valve wait,did not turn the valve,24,0.218,0.228,0.643,0.648,True,True,True,True,True
421,24,moss_ward,Tala,loom wait,waited during repair,24,0.226,0.234,0.645,0.648,True,True,True,True,True
422,24,glass_harbor,Nia,tea first,shared crossing tea,24,0.216,0.226,0.643,0.648,True,True,True,True,True
423,24,cinder_garden,Pax,seed sleep,kept the path cool,24,0.21,0.218,0.64,0.643,True,True,True,True,True
424,24,lichen_bridge,Rin,signal hush,heard my signal,24,0.209,0.219,0.64,0.645,True,True,True,True,True
425,24,orchid_engine,Eli,orchid rest,let orchid rest,24,0.22,0.228,0.64,0.643,True,True,True,True,True
426,24,moss_ward,Ari,path dry,helped after rain,24,0.226,0.236,0.64,0.645,True,True,True,True,True
427,24,glass_harbor,Oren,net keeper,kept net lane clear,24,0.226,0.234,0.647,0.65,True,True,True,True,True
428,24,cinder_garden,Vale,cool hand,remembered shade first,24,0.217,0.227,0.645,0.65,True,True,True,True,True
429,24,lichen_bridge,Sol,rope safe,waited at the rope,24,0.219,0.229,0.645,0.65,True,True,True,True,True
430,24,orchid_engine,Bea,gear lane,kept the gear lane open,24,0.219,0.229,0.645,0.65,True,True,True,True,True
431,24,moss_ward,Fay,ledger no touch,asked before ledger,24,0.23,0.238,0.647,0.65,True,True,True,True,True
432,25,cinder_garden,Pax,shade first,left my basket sorted,25,0.21,0.22,0.643,0.648,True,True,True,True,True
433,25,lichen_bridge,Rin,bowl shared,kept bowl shared,25,0.219,0.227,0.645,0.648,True,True,True,True,True
434,25,orchid_engine,Eli,valve wait,did not turn the valve,25,0.216,0.226,0.643,0.648,True,True,True,True,True
435,25,moss_ward,Ari,loom wait,waited during repair,25,0.209,0.217,0.645,0.648,True,True,True,True,True
436,25,glass_harbor,Oren,tea first,shared crossing tea,25,0.209,0.219,0.65,0.655,True,True,True,True,True
437,25,cinder_garden,Vale,seed sleep,kept the path cool,25,0.209,0.217,0.65,0.653,True,True,True,True,True
438,25,lichen_bridge,Sol,signal hush,heard my signal,25,0.219,0.229,0.65,0.655,True,True,True,True,True
439,25,orchid_engine,Bea,orchid rest,let orchid rest,25,0.226,0.234,0.65,0.653,True,True,True,True,True
440,25,moss_ward,Fay,path dry,helped after rain,25,0.217,0.227,0.65,0.655,True,True,True,True,True
441,25,glass_harbor,Puck,net keeper,kept net lane clear,25,0.21,0.218,0.643,0.646,True,True,True,True,True
442,25,cinder_garden,Wren,cool hand,remembered shade first,25,0.21,0.22,0.645,0.65,True,True,True,True,True
443,25,lichen_bridge,Kio,rope safe,waited at the rope,25,0.22,0.228,0.643,0.646,True,True,True,True,True
444,25,orchid_engine,Cai,gear lane,kept the gear lane open,25,0.227,0.237,0.645,0.65,True,True,True,True,True
445,25,moss_ward,Milo,ledger no touch,asked before ledger,25,0.226,0.234,0.648,0.651,True,True,True,True,True
446,25,glass_harbor,Sera,lamp bright,guarded lamp for me,25,0.217,0.227,0.648,0.653,True,True,True,True,True
447,25,cinder_garden,Juno,shade first,left my basket sorted,25,0.219,0.227,0.648,0.651,True,True,True,True,True
448,25,lichen_bridge,Luma,bowl shared,kept bowl shared,25,0.217,0.227,0.648,0.653,True,True,True,True,True
449,25,orchid_engine,Dax,valve wait,did not turn the valve,25,0.228,0.236,0.648,0.651,True,True,True,True,True
450,26,glass_harbor,Puck,tea first,shared crossing tea,26,0.21,0.22,0.646,0.651,True,True,True,True,True
451,26,cinder_garden,Wren,seed sleep,kept the path cool,26,0.219,0.227,0.65,0.653,True,True,True,True,True
452,26,lichen_bridge,Kio,signal hush,heard my signal,26,0.216,0.226,0.646,0.651,True,True,True,True,True
453,26,orchid_engine,Cai,orchid rest,let orchid rest,26,0.209,0.217,0.65,0.653,True,True,True,True,True
454,26,moss_ward,Milo,path dry,helped after rain,26,0.209,0.219,0.651,0.656,True,True,True,True,True
455,26,glass_harbor,Sera,net keeper,kept net lane clear,26,0.209,0.217,0.653,0.656,True,True,True,True,True
456,26,cinder_garden,Juno,cool hand,remembered shade first,26,0.219,0.229,0.651,0.656,True,True,True,True,True
457,26,lichen_bridge,Luma,rope safe,waited at the rope,26,0.226,0.234,0.653,0.656,True,True,True,True,True
458,26,orchid_engine,Dax,gear lane,kept the gear lane open,26,0.217,0.227,0.651,0.656,True,True,True,True,True
459,26,moss_ward,Tala,ledger no touch,asked before ledger,26,0.21,0.218,0.648,0.651,True,True,True,True,True
460,26,glass_harbor,Nia,lamp bright,guarded lamp for me,26,0.21,0.22,0.648,0.653,True,True,True,True,True
461,26,cinder_garden,Pax,shade first,left my basket sorted,26,0.22,0.228,0.648,0.651,True,True,True,True,True
462,26,lichen_bridge,Rin,bowl shared,kept bowl shared,26,0.227,0.237,0.648,0.653,True,True,True,True,True
463,26,orchid_engine,Eli,valve wait,did not turn the valve,26,0.226,0.234,0.648,0.651,True,True,True,True,True
464,26,moss_ward,Ari,loom wait,waited during repair,26,0.217,0.227,0.648,0.653,True,True,True,True,True
465,26,glass_harbor,Oren,tea first,shared crossing tea,26,0.219,0.227,0.655,0.658,True,True,True,True,True
466,26,cinder_garden,Vale,seed sleep,kept the path cool,26,0.217,0.227,0.653,0.658,True,True,True,True,True
467,26,lichen_bridge,Sol,signal hush,heard my signal,26,0.229,0.237,0.655,0.658,True,True,True,True,True
468,27,moss_ward,Tala,path dry,helped after rain,27,0.219,0.229,0.651,0.656,True,True,True,True,True
469,27,glass_harbor,Nia,net keeper,kept net lane clear,27,0.226,0.234,0.653,0.656,True,True,True,True,True
470,27,cinder_garden,Pax,cool hand,remembered shade first,27,0.225,0.235,0.651,0.656,True,True,True,True,True
471,27,lichen_bridge,Rin,rope safe,waited at the rope,27,0.216,0.224,0.653,0.656,True,True,True,True,True
472,27,orchid_engine,Eli,gear lane,kept the gear lane open,27,0.209,0.219,0.651,0.656,True,True,True,True,True
473,27,moss_ward,Ari,ledger no touch,asked before ledger,27,0.209,0.219,0.653,0.658,True,True,True,True,True
474,27,glass_harbor,Oren,lamp bright,guarded lamp for me,27,0.222,0.232,0.658,0.663,True,True,True,True,True
475,27,cinder_garden,Vale,shade first,left my basket sorted,27,0.229,0.237,0.658,0.661,True,True,True,True,True
476,27,lichen_bridge,Sol,bowl shared,kept bowl shared,27,0.217,0.227,0.658,0.663,True,True,True,True,True
477,27,orchid_engine,Bea,valve wait,did not turn the valve,27,0.21,0.218,0.653,0.656,True,True,True,True,True
478,27,moss_ward,Fay,loom wait,waited during repair,27,0.21,0.22,0.655,0.66,True,True,True,True,True
479,27,glass_harbor,Puck,tea first,shared crossing tea,27,0.22,0.228,0.651,0.654,True,True,True,True,True
480,27,cinder_garden,Wren,seed sleep,kept the path cool,27,0.227,0.237,0.653,0.658,True,True,True,True,True
481,27,lichen_bridge,Kio,signal hush,heard my signal,27,0.226,0.234,0.651,0.654,True,True,True,True,True
482,27,orchid_engine,Cai,orchid rest,let orchid rest,27,0.217,0.227,0.653,0.658,True,True,True,True,True
483,27,moss_ward,Milo,path dry,helped after rain,27,0.219,0.227,0.656,0.659,True,True,True,True,True
484,27,glass_harbor,Sera,net keeper,kept net lane clear,27,0.217,0.227,0.656,0.661,True,True,True,True,True
485,27,cinder_garden,Juno,cool hand,remembered shade first,27,0.229,0.237,0.656,0.659,True,True,True,True,True
486,28,orchid_engine,Bea,gear lane,kept the gear lane open,28,0.229,0.239,0.656,0.661,True,True,True,True,True
487,28,moss_ward,Fay,ledger no touch,asked before ledger,28,0.238,0.246,0.66,0.663,True,True,True,True,True
488,28,glass_harbor,Puck,lamp bright,guarded lamp for me,28,0.232,0.242,0.654,0.659,True,True,True,True,True
489,28,cinder_garden,Wren,shade first,left my basket sorted,28,0.226,0.234,0.658,0.661,True,True,True,True,True
490,28,lichen_bridge,Kio,bowl shared,kept bowl shared,28,0.216,0.226,0.654,0.659,True,True,True,True,True
491,28,orchid_engine,Cai,valve wait,did not turn the valve,28,0.219,0.227,0.658,0.661,True,True,True,True,True
492,28,moss_ward,Milo,loom wait,waited during repair,28,0.228,0.238,0.659,0.664,True,True,True,True,True
493,28,glass_harbor,Sera,tea first,shared crossing tea,28,0.236,0.244,0.661,0.664,True,True,True,True,True
494,28,cinder_garden,Juno,seed sleep,kept the path cool,28,0.225,0.235,0.659,0.664,True,True,True,True,True
495,28,lichen_bridge,Luma,signal hush,heard my signal,28,0.219,0.227,0.656,0.659,True,True,True,True,True
496,28,orchid_engine,Dax,orchid rest,let orchid rest,28,0.217,0.227,0.656,0.661,True,True,True,True,True
497,28,moss_ward,Tala,path dry,helped after rain,28,0.229,0.237,0.656,0.659,True,True,True,True,True
498,28,glass_harbor,Nia,net keeper,kept net lane clear,28,0.234,0.244,0.656,0.661,True,True,True,True,True
499,28,cinder_garden,Pax,cool hand,remembered shade first,28,0.235,0.243,0.656,0.659,True,True,True,True,True
500,28,lichen_bridge,Rin,rope safe,waited at the rope,28,0.224,0.234,0.656,0.661,True,True,True,True,True
501,28,orchid_engine,Eli,gear lane,kept the gear lane open,28,0.219,0.227,0.656,0.659,True,True,True,True,True
502,28,moss_ward,Ari,ledger no touch,asked before ledger,28,0.219,0.229,0.658,0.663,True,True,True,True,True
503,28,glass_harbor,Oren,lamp bright,guarded lamp for me,28,0.232,0.24,0.663,0.666,True,True,True,True,True
504,29,lichen_bridge,Luma,bowl shared,kept bowl shared,29,0.227,0.237,0.659,0.664,True,True,True,True,True
505,29,orchid_engine,Dax,valve wait,did not turn the valve,29,0.236,0.244,0.661,0.664,True,True,True,True,True
506,29,moss_ward,Tala,loom wait,waited during repair,29,0.234,0.244,0.659,0.664,True,True,True,True,True
507,29,glass_harbor,Nia,tea first,shared crossing tea,29,0.226,0.234,0.661,0.664,True,True,True,True,True
508,29,cinder_garden,Pax,seed sleep,kept the path cool,29,0.218,0.228,0.659,0.664,True,True,True,True,True
509,29,lichen_bridge,Rin,signal hush,heard my signal,29,0.219,0.227,0.661,0.664,True,True,True,True,True
510,29,orchid_engine,Eli,orchid rest,let orchid rest,29,0.228,0.238,0.659,0.664,True,True,True,True,True
511,29,moss_ward,Ari,path dry,helped after rain,29,0.236,0.244,0.663,0.666,True,True,True,True,True
512,29,glass_harbor,Oren,net keeper,kept net lane clear,29,0.234,0.244,0.666,0.671,True,True,True,True,True
513,29,cinder_garden,Vale,cool hand,remembered shade first,29,0.227,0.235,0.661,0.664,True,True,True,True,True
514,29,lichen_bridge,Sol,rope safe,waited at the rope,29,0.229,0.239,0.663,0.668,True,True,True,True,True
515,29,orchid_engine,Bea,gear lane,kept the gear lane open,29,0.239,0.247,0.661,0.664,True,True,True,True,True
516,29,moss_ward,Fay,ledger no touch,asked before ledger,29,0.246,0.256,0.663,0.668,True,True,True,True,True
517,29,glass_harbor,Puck,lamp bright,guarded lamp for me,29,0.242,0.25,0.659,0.662,True,True,True,True,True
518,29,cinder_garden,Wren,shade first,left my basket sorted,29,0.234,0.244,0.661,0.666,True,True,True,True,True
519,29,lichen_bridge,Kio,bowl shared,kept bowl shared,29,0.226,0.234,0.659,0.662,True,True,True,True,True
520,29,orchid_engine,Cai,valve wait,did not turn the valve,29,0.227,0.237,0.661,0.666,True,True,True,True,True
521,29,moss_ward,Milo,loom wait,waited during repair,29,0.238,0.246,0.664,0.667,True,True,True,True,True
522,30,cinder_garden,Vale,seed sleep,kept the path cool,30,0.227,0.237,0.664,0.669,True,True,True,True,True
523,30,lichen_bridge,Sol,signal hush,heard my signal,30,0.237,0.245,0.668,0.671,True,True,True,True,True
524,30,orchid_engine,Bea,orchid rest,let orchid rest,30,0.234,0.244,0.664,0.669,True,True,True,True,True
525,30,moss_ward,Fay,path dry,helped after rain,30,0.227,0.235,0.668,0.671,True,True,True,True,True
526,30,glass_harbor,Puck,net keeper,kept net lane clear,30,0.218,0.228,0.662,0.667,True,True,True,True,True
527,30,cinder_garden,Wren,cool hand,remembered shade first,30,0.22,0.228,0.666,0.669,True,True,True,True,True
528,30,lichen_bridge,Kio,rope safe,waited at the rope,30,0.228,0.238,0.662,0.667,True,True,True,True,True
529,30,orchid_engine,Cai,gear lane,kept the gear lane open,30,0.237,0.245,0.666,0.669,True,True,True,True,True
530,30,moss_ward,Milo,ledger no touch,asked before ledger,30,0.234,0.244,0.667,0.672,True,True,True,True,True
531,30,glass_harbor,Sera,lamp bright,guarded lamp for me,30,0.227,0.235,0.664,0.667,True,True,True,True,True
532,30,cinder_garden,Juno,shade first,left my basket sorted,30,0.227,0.237,0.664,0.669,True,True,True,True,True
533,30,lichen_bridge,Luma,bowl shared,kept bowl shared,30,0.237,0.245,0.664,0.667,True,True,True,True,True
534,30,orchid_engine,Dax,valve wait,did not turn the valve,30,0.244,0.254,0.664,0.669,True,True,True,True,True
535,30,moss_ward,Tala,loom wait,waited during repair,30,0.244,0.252,0.664,0.667,True,True,True,True,True
536,30,glass_harbor,Nia,tea first,shared crossing tea,30,0.234,0.244,0.664,0.669,True,True,True,True,True
537,30,cinder_garden,Pax,seed sleep,kept the path cool,30,0.228,0.236,0.664,0.667,True,True,True,True,True
538,30,lichen_bridge,Rin,signal hush,heard my signal,30,0.227,0.237,0.664,0.669,True,True,True,True,True
539,30,orchid_engine,Eli,orchid rest,let orchid rest,30,0.238,0.246,0.664,0.667,True,True,True,True,True
540,31,glass_harbor,Sera,net keeper,kept net lane clear,31,0.227,0.237,0.667,0.672,True,True,True,True,True
541,31,cinder_garden,Juno,cool hand,remembered shade first,31,0.237,0.245,0.669,0.672,True,True,True,True,True
542,31,lichen_bridge,Luma,rope safe,waited at the rope,31,0.234,0.244,0.667,0.672,True,True,True,True,True
543,31,orchid_engine,Dax,gear lane,kept the gear lane open,31,0.227,0.235,0.669,0.672,True,True,True,True,True
544,31,moss_ward,Tala,ledger no touch,asked before ledger,31,0.218,0.228,0.667,0.672,True,True,True,True,True
545,31,glass_harbor,Nia,lamp bright,guarded lamp for me,31,0.22,0.228,0.669,0.672,True,True,True,True,True
546,31,cinder_garden,Pax,shade first,left my basket sorted,31,0.228,0.238,0.667,0.672,True,True,True,True,True
547,31,lichen_bridge,Rin,bowl shared,kept bowl shared,31,0.237,0.245,0.669,0.672,True,True,True,True,True
548,31,orchid_engine,Eli,valve wait,did not turn the valve,31,0.234,0.244,0.667,0.672,True,True,True,True,True
549,31,moss_ward,Ari,loom wait,waited during repair,31,0.227,0.235,0.666,0.669,True,True,True,True,True
550,31,glass_harbor,Oren,tea first,shared crossing tea,31,0.227,0.237,0.671,0.676,True,True,True,True,True
551,31,cinder_garden,Vale,seed sleep,kept the path cool,31,0.237,0.245,0.669,0.672,True,True,True,True,True
552,31,lichen_bridge,Sol,signal hush,heard my signal,31,0.245,0.255,0.671,0.676,True,True,True,True,True
553,31,orchid_engine,Bea,orchid rest,let orchid rest,31,0.244,0.252,0.669,0.672,True,True,True,True,True
554,31,moss_ward,Fay,path dry,helped after rain,31,0.235,0.245,0.671,0.676,True,True,True,True,True
555,31,glass_harbor,Puck,net keeper,kept net lane clear,31,0.228,0.236,0.667,0.67,True,True,True,True,True
556,31,cinder_garden,Wren,cool hand,remembered shade first,31,0.228,0.238,0.669,0.674,True,True,True,True,True
557,31,lichen_bridge,Kio,rope safe,waited at the rope,31,0.238,0.246,0.667,0.67,True,True,True,True,True
558,32,moss_ward,Ari,ledger no touch,asked before ledger,32,0.229,0.239,0.669,0.674,True,True,True,True,True
559,32,glass_harbor,Oren,lamp bright,guarded lamp for me,32,0.24,0.248,0.676,0.679,True,True,True,True,True
560,32,cinder_garden,Vale,shade first,left my basket sorted,32,0.237,0.247,0.672,0.677,True,True,True,True,True
561,32,lichen_bridge,Sol,bowl shared,kept bowl shared,32,0.227,0.235,0.676,0.679,True,True,True,True,True
562,32,orchid_engine,Bea,valve wait,did not turn the valve,32,0.218,0.228,0.672,0.677,True,True,True,True,True
563,32,moss_ward,Fay,loom wait,waited during repair,32,0.22,0.228,0.676,0.679,True,True,True,True,True
564,32,glass_harbor,Puck,tea first,shared crossing tea,32,0.228,0.238,0.67,0.675,True,True,True,True,True
565,32,cinder_garden,Wren,seed sleep,kept the path cool,32,0.237,0.245,0.674,0.677,True,True,True,True,True
566,32,lichen_bridge,Kio,signal hush,heard my signal,32,0.234,0.244,0.67,0.675,True,True,True,True,True
567,32,orchid_engine,Cai,orchid rest,let orchid rest,32,0.227,0.235,0.669,0.672,True,True,True,True,True
568,32,moss_ward,Milo,path dry,helped after rain,32,0.227,0.237,0.672,0.677,True,True,True,True,True
569,32,glass_harbor,Sera,net keeper,kept net lane clear,32,0.237,0.245,0.672,0.675,True,True,True,True,True
570,32,cinder_garden,Juno,cool hand,remembered shade first,32,0.245,0.255,0.672,0.677,True,True,True,True,True
571,32,lichen_bridge,Luma,rope safe,waited at the rope,32,0.244,0.252,0.672,0.675,True,True,True,True,True
572,32,orchid_engine,Dax,gear lane,kept the gear lane open,32,0.235,0.245,0.672,0.677,True,True,True,True,True
573,32,moss_ward,Tala,ledger no touch,asked before ledger,32,0.228,0.236,0.672,0.675,True,True,True,True,True
574,32,glass_harbor,Nia,lamp bright,guarded lamp for me,32,0.228,0.238,0.672,0.677,True,True,True,True,True
575,32,cinder_garden,Pax,shade first,left my basket sorted,32,0.238,0.246,0.672,0.675,True,True,True,True,True
576,33,orchid_engine,Cai,valve wait,did not turn the valve,33,0.237,0.247,0.672,0.677,True,True,True,True,True
577,33,moss_ward,Milo,loom wait,waited during repair,33,0.246,0.254,0.677,0.68,True,True,True,True,True
578,33,glass_harbor,Sera,tea first,shared crossing tea,33,0.244,0.254,0.675,0.68,True,True,True,True,True
579,33,cinder_garden,Juno,seed sleep,kept the path cool,33,0.235,0.243,0.677,0.68,True,True,True,True,True
580,33,lichen_bridge,Luma,signal hush,heard my signal,33,0.227,0.237,0.675,0.68,True,True,True,True,True
581,33,orchid_engine,Dax,orchid rest,let orchid rest,33,0.227,0.235,0.677,0.68,True,True,True,True,True
582,33,moss_ward,Tala,path dry,helped after rain,33,0.237,0.247,0.675,0.68,True,True,True,True,True
583,33,glass_harbor,Nia,net keeper,kept net lane clear,33,0.244,0.252,0.677,0.68,True,True,True,True,True
584,33,cinder_garden,Pax,cool hand,remembered shade first,33,0.243,0.253,0.675,0.68,True,True,True,True,True
585,33,lichen_bridge,Rin,rope safe,waited at the rope,33,0.234,0.242,0.672,0.675,True,True,True,True,True
586,33,orchid_engine,Eli,gear lane,kept the gear lane open,33,0.227,0.237,0.672,0.677,True,True,True,True,True
587,33,moss_ward,Ari,ledger no touch,asked before ledger,33,0.239,0.247,0.674,0.677,True,True,True,True,True
588,33,glass_harbor,Oren,lamp bright,guarded lamp for me,33,0.248,0.258,0.679,0.684,True,True,True,True,True
589,33,cinder_garden,Vale,shade first,left my basket sorted,33,0.247,0.255,0.677,0.68,True,True,True,True,True
590,33,lichen_bridge,Sol,bowl shared,kept bowl shared,33,0.235,0.245,0.679,0.684,True,True,True,True,True
591,33,orchid_engine,Bea,valve wait,did not turn the valve,33,0.228,0.236,0.677,0.68,True,True,True,True,True
592,33,moss_ward,Fay,loom wait,waited during repair,33,0.228,0.238,0.679,0.684,True,True,True,True,True
593,33,glass_harbor,Puck,tea first,shared crossing tea,33,0.238,0.246,0.675,0.678,True,True,True,True,True
594,34,lichen_bridge,Rin,signal hush,heard my signal,34,0.237,0.247,0.675,0.68,True,True,True,True,True
595,34,orchid_engine,Eli,orchid rest,let orchid rest,34,0.246,0.254,0.677,0.68,True,True,True,True,True
596,34,moss_ward,Ari,path dry,helped after rain,34,0.244,0.254,0.677,0.682,True,True,True,True,True
597,34,glass_harbor,Oren,net keeper,kept net lane clear,34,0.244,0.252,0.684,0.687,True,True,True,True,True
598,34,cinder_garden,Vale,cool hand,remembered shade first,34,0.235,0.245,0.68,0.685,True,True,True,True,True
599,34,lichen_bridge,Sol,rope safe,waited at the rope,34,0.239,0.247,0.684,0.687,True,True,True,True,True
600,34,orchid_engine,Bea,gear lane,kept the gear lane open,34,0.247,0.257,0.68,0.685,True,True,True,True,True
601,34,moss_ward,Fay,ledger no touch,asked before ledger,34,0.256,0.264,0.684,0.687,True,True,True,True,True
602,34,glass_harbor,Puck,lamp bright,guarded lamp for me,34,0.25,0.26,0.678,0.683,True,True,True,True,True
603,34,cinder_garden,Wren,shade first,left my basket sorted,34,0.244,0.252,0.677,0.68,True,True,True,True,True
604,34,lichen_bridge,Kio,bowl shared,kept bowl shared,34,0.234,0.244,0.675,0.68,True,True,True,True,True
605,34,orchid_engine,Cai,valve wait,did not turn the valve,34,0.247,0.255,0.677,0.68,True,True,True,True,True
606,34,moss_ward,Milo,loom wait,waited during repair,34,0.254,0.264,0.68,0.685,True,True,True,True,True
607,34,glass_harbor,Sera,tea first,shared crossing tea,34,0.254,0.262,0.68,0.683,True,True,True,True,True
608,34,cinder_garden,Juno,seed sleep,kept the path cool,34,0.243,0.253,0.68,0.685,True,True,True,True,True
609,34,lichen_bridge,Luma,signal hush,heard my signal,34,0.237,0.245,0.68,0.683,True,True,True,True,True
610,34,orchid_engine,Dax,orchid rest,let orchid rest,34,0.235,0.245,0.68,0.685,True,True,True,True,True
611,34,moss_ward,Tala,path dry,helped after rain,34,0.247,0.255,0.68,0.683,True,True,True,True,True
612,35,cinder_garden,Wren,cool hand,remembered shade first,35,0.238,0.248,0.68,0.685,True,True,True,True,True
613,35,lichen_bridge,Kio,rope safe,waited at the rope,35,0.246,0.254,0.68,0.683,True,True,True,True,True
614,35,orchid_engine,Cai,gear lane,kept the gear lane open,35,0.245,0.255,0.68,0.685,True,True,True,True,True
615,35,moss_ward,Milo,ledger no touch,asked before ledger,35,0.244,0.252,0.685,0.688,True,True,True,True,True
616,35,glass_harbor,Sera,lamp bright,guarded lamp for me,35,0.235,0.245,0.683,0.688,True,True,True,True,True
617,35,cinder_garden,Juno,shade first,left my basket sorted,35,0.237,0.245,0.685,0.688,True,True,True,True,True
618,35,lichen_bridge,Luma,bowl shared,kept bowl shared,35,0.245,0.255,0.683,0.688,True,True,True,True,True
619,35,orchid_engine,Dax,valve wait,did not turn the valve,35,0.254,0.262,0.685,0.688,True,True,True,True,True
620,35,moss_ward,Tala,loom wait,waited during repair,35,0.252,0.262,0.683,0.688,True,True,True,True,True
621,35,glass_harbor,Nia,tea first,shared crossing tea,35,0.244,0.252,0.68,0.683,True,True,True,True,True
622,35,cinder_garden,Pax,seed sleep,kept the path cool,35,0.236,0.246,0.68,0.685,True,True,True,True,True
623,35,lichen_bridge,Rin,signal hush,heard my signal,35,0.247,0.255,0.68,0.683,True,True,True,True,True
624,35,orchid_engine,Eli,orchid rest,let orchid rest,35,0.254,0.264,0.68,0.685,True,True,True,True,True
625,35,moss_ward,Ari,path dry,helped after rain,35,0.254,0.262,0.682,0.685,True,True,True,True,True
626,35,glass_harbor,Oren,net keeper,kept net lane clear,35,0.252,0.262,0.687,0.692,True,True,True,True,True
627,35,cinder_garden,Vale,cool hand,remembered shade first,35,0.245,0.255,0.685,0.69,True,True,True,True,True
628,35,lichen_bridge,Sol,rope safe,waited at the rope,35,0.247,0.257,0.687,0.692,True,True,True,True,True
629,35,orchid_engine,Bea,gear lane,kept the gear lane open,35,0.257,0.265,0.685,0.688,True,True,True,True,True
630,36,glass_harbor,Nia,lamp bright,guarded lamp for me,36,0.238,0.248,0.683,0.688,True,True,True,True,True
631,36,cinder_garden,Pax,shade first,left my basket sorted,36,0.246,0.254,0.685,0.688,True,True,True,True,True
632,36,lichen_bridge,Rin,bowl shared,kept bowl shared,36,0.245,0.255,0.683,0.688,True,True,True,True,True
633,36,orchid_engine,Eli,valve wait,did not turn the valve,36,0.244,0.252,0.685,0.688,True,True,True,True,True
634,36,moss_ward,Ari,loom wait,waited during repair,36,0.235,0.245,0.685,0.69,True,True,True,True,True
635,36,glass_harbor,Oren,tea first,shared crossing tea,36,0.237,0.245,0.692,0.695,True,True,True,True,True
636,36,cinder_garden,Vale,seed sleep,kept the path cool,36,0.245,0.255,0.69,0.695,True,True,True,True,True
637,36,lichen_bridge,Sol,signal hush,heard my signal,36,0.255,0.263,0.692,0.695,True,True,True,True,True
638,36,orchid_engine,Bea,orchid rest,let orchid rest,36,0.252,0.262,0.688,0.693,True,True,True,True,True
639,36,moss_ward,Fay,path dry,helped after rain,36,0.245,0.253,0.687,0.69,True,True,True,True,True
640,36,glass_harbor,Puck,net keeper,kept net lane clear,36,0.236,0.246,0.683,0.688,True,True,True,True,True
641,36,cinder_garden,Wren,cool hand,remembered shade first,36,0.248,0.256,0.685,0.688,True,True,True,True,True
642,36,lichen_bridge,Kio,rope safe,waited at the rope,36,0.254,0.264,0.683,0.688,True,True,True,True,True
643,36,orchid_engine,Cai,gear lane,kept the gear lane open,36,0.255,0.263,0.685,0.688,True,True,True,True,True
644,36,moss_ward,Milo,ledger no touch,asked before ledger,36,0.252,0.262,0.688,0.693,True,True,True,True,True
645,36,glass_harbor,Sera,lamp bright,guarded lamp for me,36,0.245,0.253,0.688,0.691,True,True,True,True,True
646,36,cinder_garden,Juno,shade first,left my basket sorted,36,0.245,0.255,0.688,0.693,True,True,True,True,True
647,36,lichen_bridge,Luma,bowl shared,kept bowl shared,36,0.255,0.263,0.688,0.691,True,True,True,True,True
648,37,moss_ward,Fay,loom wait,waited during repair,37,0.238,0.248,0.69,0.695,True,True,True,True,True
649,37,glass_harbor,Puck,tea first,shared crossing tea,37,0.246,0.254,0.688,0.691,True,True,True,True,True
650,37,cinder_garden,Wren,seed sleep,kept the path cool,37,0.245,0.255,0.688,0.693,True,True,True,True,True
651,37,lichen_bridge,Kio,signal hush,heard my signal,37,0.244,0.252,0.688,0.691,True,True,True,True,True
652,37,orchid_engine,Cai,orchid rest,let orchid rest,37,0.235,0.245,0.688,0.693,True,True,True,True,True
653,37,moss_ward,Milo,path dry,helped after rain,37,0.237,0.245,0.693,0.696,True,True,True,True,True
654,37,glass_harbor,Sera,net keeper,kept net lane clear,37,0.245,0.255,0.691,0.696,True,True,True,True,True
655,37,cinder_garden,Juno,cool hand,remembered shade first,37,0.255,0.263,0.693,0.696,True,True,True,True,True
656,37,lichen_bridge,Luma,rope safe,waited at the rope,37,0.252,0.262,0.691,0.696,True,True,True,True,True
657,37,orchid_engine,Dax,gear lane,kept the gear lane open,37,0.245,0.253,0.688,0.691,True,True,True,True,True
658,37,moss_ward,Tala,ledger no touch,asked before ledger,37,0.236,0.246,0.688,0.693,True,True,True,True,True
659,37,glass_harbor,Nia,lamp bright,guarded lamp for me,37,0.248,0.256,0.688,0.691,True,True,True,True,True
660,37,cinder_garden,Pax,shade first,left my basket sorted,37,0.254,0.264,0.688,0.693,True,True,True,True,True
661,37,lichen_bridge,Rin,bowl shared,kept bowl shared,37,0.255,0.263,0.688,0.691,True,True,True,True,True
662,37,orchid_engine,Eli,valve wait,did not turn the valve,37,0.252,0.262,0.688,0.693,True,True,True,True,True
663,37,moss_ward,Ari,loom wait,waited during repair,37,0.245,0.253,0.69,0.693,True,True,True,True,True
664,37,glass_harbor,Oren,tea first,shared crossing tea,37,0.245,0.255,0.695,0.7,True,True,True,True,True
665,37,cinder_garden,Vale,seed sleep,kept the path cool,37,0.255,0.263,0.695,0.698,True,True,True,True,True
666,38,orchid_engine,Dax,orchid rest,let orchid rest,38,0.245,0.255,0.691,0.696,True,True,True,True,True
667,38,moss_ward,Tala,path dry,helped after rain,38,0.255,0.263,0.693,0.696,True,True,True,True,True
668,38,glass_harbor,Nia,net keeper,kept net lane clear,38,0.252,0.262,0.691,0.696,True,True,True,True,True
669,38,cinder_garden,Pax,cool hand,remembered shade first,38,0.253,0.261,0.693,0.696,True,True,True,True,True
670,38,lichen_bridge,Rin,rope safe,waited at the rope,38,0.242,0.252,0.691,0.696,True,True,True,True,True
671,38,orchid_engine,Eli,gear lane,kept the gear lane open,38,0.237,0.247,0.693,0.698,True,True,True,True,True
672,38,moss_ward,Ari,ledger no touch,asked before ledger,38,0.247,0.257,0.693,0.698,True,True,True,True,True
673,38,glass_harbor,Oren,lamp bright,guarded lamp for me,38,0.258,0.266,0.7,0.703,True,True,True,True,True
674,38,cinder_garden,Vale,shade first,left my basket sorted,38,0.255,0.265,0.698,0.703,True,True,True,True,True
675,38,lichen_bridge,Sol,bowl shared,kept bowl shared,38,0.245,0.253,0.695,0.698,True,True,True,True,True
676,38,orchid_engine,Bea,valve wait,did not turn the valve,38,0.236,0.246,0.693,0.698,True,True,True,True,True
677,38,moss_ward,Fay,loom wait,waited during repair,38,0.248,0.256,0.695,0.698,True,True,True,True,True
678,38,glass_harbor,Puck,tea first,shared crossing tea,38,0.254,0.264,0.691,0.696,True,True,True,True,True
679,38,cinder_garden,Wren,seed sleep,kept the path cool,38,0.255,0.263,0.693,0.696,True,True,True,True,True
680,38,lichen_bridge,Kio,signal hush,heard my signal,38,0.252,0.262,0.691,0.696,True,True,True,True,True
681,38,orchid_engine,Cai,orchid rest,let orchid rest,38,0.245,0.253,0.693,0.696,True,True,True,True,True
682,38,moss_ward,Milo,path dry,helped after rain,38,0.245,0.255,0.696,0.701,True,True,True,True,True
683,38,glass_harbor,Sera,net keeper,kept net lane clear,38,0.255,0.263,0.696,0.699,True,True,True,True,True
684,39,lichen_bridge,Sol,rope safe,waited at the rope,39,0.257,0.267,0.698,0.703,True,True,True,True,True
685,39,orchid_engine,Bea,gear lane,kept the gear lane open,39,0.265,0.273,0.698,0.701,True,True,True,True,True
686,39,moss_ward,Fay,ledger no touch,asked before ledger,39,0.264,0.274,0.698,0.703,True,True,True,True,True
687,39,glass_harbor,Puck,lamp bright,guarded lamp for me,39,0.26,0.268,0.696,0.699,True,True,True,True,True
688,39,cinder_garden,Wren,shade first,left my basket sorted,39,0.252,0.262,0.696,0.701,True,True,True,True,True
689,39,lichen_bridge,Kio,bowl shared,kept bowl shared,39,0.244,0.252,0.696,0.699,True,True,True,True,True
690,39,orchid_engine,Cai,valve wait,did not turn the valve,39,0.255,0.265,0.696,0.701,True,True,True,True,True
691,39,moss_ward,Milo,loom wait,waited during repair,39,0.264,0.272,0.701,0.704,True,True,True,True,True
692,39,glass_harbor,Sera,tea first,shared crossing tea,39,0.262,0.272,0.699,0.704,True,True,True,True,True
693,39,cinder_garden,Juno,seed sleep,kept the path cool,39,0.253,0.261,0.696,0.699,True,True,True,True,True
694,39,lichen_bridge,Luma,signal hush,heard my signal,39,0.245,0.255,0.696,0.701,True,True,True,True,True
695,39,orchid_engine,Dax,orchid rest,let orchid rest,39,0.255,0.263,0.696,0.699,True,True,True,True,True
696,39,moss_ward,Tala,path dry,helped after rain,39,0.263,0.273,0.696,0.701,True,True,True,True,True
697,39,glass_harbor,Nia,net keeper,kept net lane clear,39,0.262,0.27,0.696,0.699,True,True,True,True,True
698,39,cinder_garden,Pax,cool hand,remembered shade first,39,0.261,0.271,0.696,0.701,True,True,True,True,True
699,39,lichen_bridge,Rin,rope safe,waited at the rope,39,0.252,0.26,0.696,0.699,True,True,True,True,True
700,39,orchid_engine,Eli,gear lane,kept the gear lane open,39,0.247,0.257,0.698,0.703,True,True,True,True,True
701,39,moss_ward,Ari,ledger no touch,asked before ledger,39,0.257,0.265,0.698,0.701,True,True,True,True,True
702,40,cinder_garden,Juno,shade first,left my basket sorted,40,0.255,0.265,0.699,0.704,True,True,True,True,True
703,40,lichen_bridge,Luma,bowl shared,kept bowl shared,40,0.263,0.271,0.701,0.704,True,True,True,True,True
704,40,orchid_engine,Dax,valve wait,did not turn the valve,40,0.262,0.272,0.699,0.704,True,True,True,True,True
705,40,moss_ward,Tala,loom wait,waited during repair,40,0.262,0.27,0.701,0.704,True,True,True,True,True
706,40,glass_harbor,Nia,tea first,shared crossing tea,40,0.252,0.262,0.699,0.704,True,True,True,True,True
707,40,cinder_garden,Pax,seed sleep,kept the path cool,40,0.246,0.254,0.701,0.704,True,True,True,True,True
708,40,lichen_bridge,Rin,signal hush,heard my signal,40,0.255,0.265,0.699,0.704,True,True,True,True,True
709,40,orchid_engine,Eli,orchid rest,let orchid rest,40,0.264,0.272,0.703,0.706,True,True,True,True,True
710,40,moss_ward,Ari,path dry,helped after rain,40,0.262,0.272,0.701,0.706,True,True,True,True,True
711,40,glass_harbor,Oren,net keeper,kept net lane clear,40,0.262,0.27,0.703,0.706,True,True,True,True,True
712,40,cinder_garden,Vale,cool hand,remembered shade first,40,0.255,0.265,0.703,0.708,True,True,True,True,True
713,40,lichen_bridge,Sol,rope safe,waited at the rope,40,0.267,0.275,0.703,0.706,True,True,True,True,True
714,40,orchid_engine,Bea,gear lane,kept the gear lane open,40,0.273,0.283,0.701,0.706,True,True,True,True,True
715,40,moss_ward,Fay,ledger no touch,asked before ledger,40,0.274,0.282,0.703,0.706,True,True,True,True,True
716,40,glass_harbor,Puck,lamp bright,guarded lamp for me,40,0.268,0.278,0.699,0.704,True,True,True,True,True
717,40,cinder_garden,Wren,shade first,left my basket sorted,40,0.262,0.27,0.701,0.704,True,True,True,True,True
718,40,lichen_bridge,Kio,bowl shared,kept bowl shared,40,0.252,0.262,0.699,0.704,True,True,True,True,True
719,40,orchid_engine,Cai,valve wait,did not turn the valve,40,0.265,0.273,0.701,0.704,True,True,True,True,True
720,41,glass_harbor,Oren,tea first,shared crossing tea,41,0.255,0.265,0.706,0.711,True,True,True,True,True
721,41,cinder_garden,Vale,seed sleep,kept the path cool,41,0.263,0.271,0.708,0.711,True,True,True,True,True
722,41,lichen_bridge,Sol,signal hush,heard my signal,41,0.263,0.273,0.706,0.711,True,True,True,True,True
723,41,orchid_engine,Bea,orchid rest,let orchid rest,41,0.262,0.27,0.706,0.709,True,True,True,True,True
724,41,moss_ward,Fay,path dry,helped after rain,41,0.253,0.263,0.706,0.711,True,True,True,True,True
725,41,glass_harbor,Puck,net keeper,kept net lane clear,41,0.246,0.254,0.704,0.707,True,True,True,True,True
726,41,cinder_garden,Wren,cool hand,remembered shade first,41,0.256,0.266,0.704,0.709,True,True,True,True,True
727,41,lichen_bridge,Kio,rope safe,waited at the rope,41,0.264,0.272,0.704,0.707,True,True,True,True,True
728,41,orchid_engine,Cai,gear lane,kept the gear lane open,41,0.263,0.273,0.704,0.709,True,True,True,True,True
729,41,moss_ward,Milo,ledger no touch,asked before ledger,41,0.262,0.27,0.704,0.707,True,True,True,True,True
730,41,glass_harbor,Sera,lamp bright,guarded lamp for me,41,0.253,0.263,0.704,0.709,True,True,True,True,True
731,41,cinder_garden,Juno,shade first,left my basket sorted,41,0.265,0.273,0.704,0.707,True,True,True,True,True
732,41,lichen_bridge,Luma,bowl shared,kept bowl shared,41,0.271,0.281,0.704,0.709,True,True,True,True,True
733,41,orchid_engine,Dax,valve wait,did not turn the valve,41,0.272,0.28,0.704,0.707,True,True,True,True,True
734,41,moss_ward,Tala,loom wait,waited during repair,41,0.27,0.28,0.704,0.709,True,True,True,True,True
735,41,glass_harbor,Nia,tea first,shared crossing tea,41,0.262,0.27,0.704,0.707,True,True,True,True,True
736,41,cinder_garden,Pax,seed sleep,kept the path cool,41,0.254,0.264,0.704,0.709,True,True,True,True,True
737,41,lichen_bridge,Rin,signal hush,heard my signal,41,0.265,0.273,0.704,0.707,True,True,True,True,True
738,42,moss_ward,Milo,path dry,helped after rain,42,0.255,0.265,0.707,0.712,True,True,True,True,True
739,42,glass_harbor,Sera,net keeper,kept net lane clear,42,0.263,0.271,0.709,0.712,True,True,True,True,True
740,42,cinder_garden,Juno,cool hand,remembered shade first,42,0.263,0.273,0.707,0.712,True,True,True,True,True
741,42,lichen_bridge,Luma,rope safe,waited at the rope,42,0.262,0.27,0.709,0.712,True,True,True,True,True
742,42,orchid_engine,Dax,gear lane,kept the gear lane open,42,0.253,0.263,0.707,0.712,True,True,True,True,True
743,42,moss_ward,Tala,ledger no touch,asked before ledger,42,0.246,0.254,0.709,0.712,True,True,True,True,True
744,42,glass_harbor,Nia,lamp bright,guarded lamp for me,42,0.256,0.266,0.707,0.712,True,True,True,True,True
745,42,cinder_garden,Pax,shade first,left my basket sorted,42,0.264,0.272,0.709,0.712,True,True,True,True,True
746,42,lichen_bridge,Rin,bowl shared,kept bowl shared,42,0.263,0.273,0.707,0.712,True,True,True,True,True
747,42,orchid_engine,Eli,valve wait,did not turn the valve,42,0.262,0.27,0.706,0.709,True,True,True,True,True
748,42,moss_ward,Ari,loom wait,waited during repair,42,0.253,0.263,0.706,0.711,True,True,True,True,True
749,42,glass_harbor,Oren,tea first,shared crossing tea,42,0.265,0.273,0.711,0.714,True,True,True,True,True
750,42,cinder_garden,Vale,seed sleep,kept the path cool,42,0.271,0.281,0.711,0.716,True,True,True,True,True
751,42,lichen_bridge,Sol,signal hush,heard my signal,42,0.273,0.281,0.711,0.714,True,True,True,True,True
752,42,orchid_engine,Bea,orchid rest,let orchid rest,42,0.27,0.28,0.709,0.714,True,True,True,True,True
753,42,moss_ward,Fay,path dry,helped after rain,42,0.263,0.271,0.711,0.714,True,True,True,True,True
754,42,glass_harbor,Puck,net keeper,kept net lane clear,42,0.254,0.264,0.707,0.712,True,True,True,True,True
755,42,cinder_garden,Wren,cool hand,remembered shade first,42,0.266,0.274,0.709,0.712,True,True,True,True,True
756,43,orchid_engine,Eli,gear lane,kept the gear lane open,43,0.257,0.267,0.709,0.714,True,True,True,True,True
757,43,moss_ward,Ari,ledger no touch,asked before ledger,43,0.265,0.273,0.711,0.714,True,True,True,True,True
758,43,glass_harbor,Oren,lamp bright,guarded lamp for me,43,0.266,0.276,0.714,0.719,True,True,True,True,True
759,43,cinder_garden,Vale,shade first,left my basket sorted,43,0.265,0.273,0.716,0.719,True,True,True,True,True
760,43,lichen_bridge,Sol,bowl shared,kept bowl shared,43,0.253,0.263,0.714,0.719,True,True,True,True,True
761,43,orchid_engine,Bea,valve wait,did not turn the valve,43,0.246,0.254,0.714,0.717,True,True,True,True,True
762,43,moss_ward,Fay,loom wait,waited during repair,43,0.256,0.266,0.714,0.719,True,True,True,True,True
763,43,glass_harbor,Puck,tea first,shared crossing tea,43,0.264,0.272,0.712,0.715,True,True,True,True,True
764,43,cinder_garden,Wren,seed sleep,kept the path cool,43,0.263,0.273,0.712,0.717,True,True,True,True,True
765,43,lichen_bridge,Kio,signal hush,heard my signal,43,0.262,0.27,0.707,0.71,True,True,True,True,True
766,43,orchid_engine,Cai,orchid rest,let orchid rest,43,0.253,0.263,0.709,0.714,True,True,True,True,True
767,43,moss_ward,Milo,path dry,helped after rain,43,0.265,0.273,0.712,0.715,True,True,True,True,True
768,43,glass_harbor,Sera,net keeper,kept net lane clear,43,0.271,0.281,0.712,0.717,True,True,True,True,True
769,43,cinder_garden,Juno,cool hand,remembered shade first,43,0.273,0.281,0.712,0.715,True,True,True,True,True
770,43,lichen_bridge,Luma,rope safe,waited at the rope,43,0.27,0.28,0.712,0.717,True,True,True,True,True
771,43,orchid_engine,Dax,gear lane,kept the gear lane open,43,0.263,0.271,0.712,0.715,True,True,True,True,True
772,43,moss_ward,Tala,ledger no touch,asked before ledger,43,0.254,0.264,0.712,0.717,True,True,True,True,True
773,43,glass_harbor,Nia,lamp bright,guarded lamp for me,43,0.266,0.274,0.712,0.715,True,True,True,True,True
774,44,lichen_bridge,Kio,bowl shared,kept bowl shared,44,0.262,0.272,0.71,0.715,True,True,True,True,True
775,44,orchid_engine,Cai,valve wait,did not turn the valve,44,0.273,0.281,0.714,0.717,True,True,True,True,True
776,44,moss_ward,Milo,loom wait,waited during repair,44,0.272,0.282,0.715,0.72,True,True,True,True,True
777,44,glass_harbor,Sera,tea first,shared crossing tea,44,0.272,0.28,0.717,0.72,True,True,True,True,True
778,44,cinder_garden,Juno,seed sleep,kept the path cool,44,0.261,0.271,0.715,0.72,True,True,True,True,True
779,44,lichen_bridge,Luma,signal hush,heard my signal,44,0.255,0.263,0.717,0.72,True,True,True,True,True
780,44,orchid_engine,Dax,orchid rest,let orchid rest,44,0.263,0.273,0.715,0.72,True,True,True,True,True
781,44,moss_ward,Tala,path dry,helped after rain,44,0.273,0.281,0.717,0.72,True,True,True,True,True
782,44,glass_harbor,Nia,net keeper,kept net lane clear,44,0.27,0.28,0.715,0.72,True,True,True,True,True
783,44,cinder_garden,Pax,cool hand,remembered shade first,44,0.271,0.279,0.712,0.715,True,True,True,True,True
784,44,lichen_bridge,Rin,rope safe,waited at the rope,44,0.26,0.27,0.712,0.717,True,True,True,True,True
785,44,orchid_engine,Eli,gear lane,kept the gear lane open,44,0.267,0.275,0.714,0.717,True,True,True,True,True
786,44,moss_ward,Ari,ledger no touch,asked before ledger,44,0.273,0.283,0.714,0.719,True,True,True,True,True
787,44,glass_harbor,Oren,lamp bright,guarded lamp for me,44,0.276,0.284,0.719,0.722,True,True,True,True,True
788,44,cinder_garden,Vale,shade first,left my basket sorted,44,0.273,0.283,0.719,0.724,True,True,True,True,True
789,44,lichen_bridge,Sol,bowl shared,kept bowl shared,44,0.263,0.271,0.719,0.722,True,True,True,True,True
790,44,orchid_engine,Bea,valve wait,did not turn the valve,44,0.254,0.264,0.717,0.722,True,True,True,True,True
791,44,moss_ward,Fay,loom wait,waited during repair,44,0.266,0.274,0.719,0.722,True,True,True,True,True
792,45,cinder_garden,Pax,seed sleep,kept the path cool,45,0.264,0.274,0.715,0.72,True,True,True,True,True
793,45,lichen_bridge,Rin,signal hush,heard my signal,45,0.273,0.281,0.717,0.72,True,True,True,True,True
794,45,orchid_engine,Eli,orchid rest,let orchid rest,45,0.272,0.282,0.717,0.722,True,True,True,True,True
795,45,moss_ward,Ari,path dry,helped after rain,45,0.272,0.28,0.719,0.722,True,True,True,True,True
796,45,glass_harbor,Oren,net keeper,kept net lane clear,45,0.27,0.28,0.722,0.727,True,True,True,True,True
797,45,cinder_garden,Vale,cool hand,remembered shade first,45,0.265,0.273,0.724,0.727,True,True,True,True,True
798,45,lichen_bridge,Sol,rope safe,waited at the rope,45,0.275,0.285,0.722,0.727,True,True,True,True,True
799,45,orchid_engine,Bea,gear lane,kept the gear lane open,45,0.283,0.291,0.722,0.725,True,True,True,True,True
800,45,moss_ward,Fay,ledger no touch,asked before ledger,45,0.282,0.292,0.722,0.727,True,True,True,True,True
801,45,glass_harbor,Puck,lamp bright,guarded lamp for me,45,0.278,0.286,0.715,0.718,True,True,True,True,True
802,45,cinder_garden,Wren,shade first,left my basket sorted,45,0.27,0.28,0.717,0.722,True,True,True,True,True
803,45,lichen_bridge,Kio,bowl shared,kept bowl shared,45,0.272,0.28,0.715,0.718,True,True,True,True,True
804,45,orchid_engine,Cai,valve wait,did not turn the valve,45,0.281,0.291,0.717,0.722,True,True,True,True,True
805,45,moss_ward,Milo,loom wait,waited during repair,45,0.282,0.29,0.72,0.723,True,True,True,True,True
806,45,glass_harbor,Sera,tea first,shared crossing tea,45,0.28,0.29,0.72,0.725,True,True,True,True,True
807,45,cinder_garden,Juno,seed sleep,kept the path cool,45,0.271,0.279,0.72,0.723,True,True,True,True,True
808,45,lichen_bridge,Luma,signal hush,heard my signal,45,0.263,0.273,0.72,0.725,True,True,True,True,True
809,45,orchid_engine,Dax,orchid rest,let orchid rest,45,0.273,0.281,0.72,0.723,True,True,True,True,True
810,46,glass_harbor,Puck,net keeper,kept net lane clear,46,0.264,0.274,0.718,0.723,True,True,True,True,True
811,46,cinder_garden,Wren,cool hand,remembered shade first,46,0.274,0.282,0.722,0.725,True,True,True,True,True
812,46,lichen_bridge,Kio,rope safe,waited at the rope,46,0.272,0.282,0.718,0.723,True,True,True,True,True
813,46,orchid_engine,Cai,gear lane,kept the gear lane open,46,0.273,0.281,0.722,0.725,True,True,True,True,True
814,46,moss_ward,Milo,ledger no touch,asked before ledger,46,0.27,0.28,0.723,0.728,True,True,True,True,True
815,46,glass_harbor,Sera,lamp bright,guarded lamp for me,46,0.263,0.271,0.725,0.728,True,True,True,True,True
816,46,cinder_garden,Juno,shade first,left my basket sorted,46,0.273,0.283,0.723,0.728,True,True,True,True,True
817,46,lichen_bridge,Luma,bowl shared,kept bowl shared,46,0.281,0.289,0.725,0.728,True,True,True,True,True
818,46,orchid_engine,Dax,valve wait,did not turn the valve,46,0.28,0.29,0.723,0.728,True,True,True,True,True
819,46,moss_ward,Tala,loom wait,waited during repair,46,0.28,0.288,0.72,0.723,True,True,True,True,True
820,46,glass_harbor,Nia,tea first,shared crossing tea,46,0.27,0.28,0.72,0.725,True,True,True,True,True
821,46,cinder_garden,Pax,seed sleep,kept the path cool,46,0.274,0.282,0.72,0.723,True,True,True,True,True
822,46,lichen_bridge,Rin,signal hush,heard my signal,46,0.281,0.291,0.72,0.725,True,True,True,True,True
823,46,orchid_engine,Eli,orchid rest,let orchid rest,46,0.282,0.29,0.722,0.725,True,True,True,True,True
824,46,moss_ward,Ari,path dry,helped after rain,46,0.28,0.29,0.722,0.727,True,True,True,True,True
825,46,glass_harbor,Oren,net keeper,kept net lane clear,46,0.28,0.29,0.727,0.732,True,True,True,True,True
826,46,cinder_garden,Vale,cool hand,remembered shade first,46,0.273,0.283,0.727,0.732,True,True,True,True,True
827,46,lichen_bridge,Sol,rope safe,waited at the rope,46,0.285,0.293,0.727,0.73,True,True,True,True,True
828,47,moss_ward,Tala,ledger no touch,asked before ledger,47,0.264,0.274,0.723,0.728,True,True,True,True,True
829,47,glass_harbor,Nia,lamp bright,guarded lamp for me,47,0.274,0.282,0.725,0.728,True,True,True,True,True
830,47,cinder_garden,Pax,shade first,left my basket sorted,47,0.272,0.282,0.723,0.728,True,True,True,True,True
831,47,lichen_bridge,Rin,bowl shared,kept bowl shared,47,0.273,0.281,0.725,0.728,True,True,True,True,True
832,47,orchid_engine,Eli,valve wait,did not turn the valve,47,0.27,0.28,0.725,0.73,True,True,True,True,True
833,47,moss_ward,Ari,loom wait,waited during repair,47,0.263,0.271,0.727,0.73,True,True,True,True,True
834,47,glass_harbor,Oren,tea first,shared crossing tea,47,0.273,0.283,0.732,0.737,True,True,True,True,True
835,47,cinder_garden,Vale,seed sleep,kept the path cool,47,0.281,0.289,0.732,0.735,True,True,True,True,True
836,47,lichen_bridge,Sol,signal hush,heard my signal,47,0.281,0.291,0.73,0.735,True,True,True,True,True
837,47,orchid_engine,Bea,orchid rest,let orchid rest,47,0.28,0.288,0.725,0.728,True,True,True,True,True
838,47,moss_ward,Fay,path dry,helped after rain,47,0.271,0.281,0.727,0.732,True,True,True,True,True
839,47,glass_harbor,Puck,net keeper,kept net lane clear,47,0.274,0.282,0.723,0.726,True,True,True,True,True
840,47,cinder_garden,Wren,cool hand,remembered shade first,47,0.282,0.292,0.725,0.73,True,True,True,True,True
841,47,lichen_bridge,Kio,rope safe,waited at the rope,47,0.282,0.29,0.723,0.726,True,True,True,True,True
842,47,orchid_engine,Cai,gear lane,kept the gear lane open,47,0.281,0.291,0.725,0.73,True,True,True,True,True
843,47,moss_ward,Milo,ledger no touch,asked before ledger,47,0.28,0.288,0.728,0.731,True,True,True,True,True
844,47,glass_harbor,Sera,lamp bright,guarded lamp for me,47,0.271,0.281,0.728,0.733,True,True,True,True,True
845,47,cinder_garden,Juno,shade first,left my basket sorted,47,0.283,0.291,0.728,0.731,True,True,True,True,True
846,48,orchid_engine,Bea,valve wait,did not turn the valve,48,0.264,0.274,0.728,0.733,True,True,True,True,True
847,48,moss_ward,Fay,loom wait,waited during repair,48,0.274,0.282,0.732,0.735,True,True,True,True,True
848,48,glass_harbor,Puck,tea first,shared crossing tea,48,0.272,0.282,0.726,0.731,True,True,True,True,True
849,48,cinder_garden,Wren,seed sleep,kept the path cool,48,0.273,0.281,0.73,0.733,True,True,True,True,True
850,48,lichen_bridge,Kio,signal hush,heard my signal,48,0.27,0.28,0.726,0.731,True,True,True,True,True
851,48,orchid_engine,Cai,orchid rest,let orchid rest,48,0.263,0.271,0.73,0.733,True,True,True,True,True
852,48,moss_ward,Milo,path dry,helped after rain,48,0.273,0.283,0.731,0.736,True,True,True,True,True
853,48,glass_harbor,Sera,net keeper,kept net lane clear,48,0.281,0.289,0.733,0.736,True,True,True,True,True
854,48,cinder_garden,Juno,cool hand,remembered shade first,48,0.281,0.291,0.731,0.736,True,True,True,True,True
855,48,lichen_bridge,Luma,rope safe,waited at the rope,48,0.28,0.288,0.728,0.731,True,True,True,True,True
856,48,orchid_engine,Dax,gear lane,kept the gear lane open,48,0.271,0.281,0.728,0.733,True,True,True,True,True
857,48,moss_ward,Tala,ledger no touch,asked before ledger,48,0.274,0.282,0.728,0.731,True,True,True,True,True
858,48,glass_harbor,Nia,lamp bright,guarded lamp for me,48,0.282,0.292,0.728,0.733,True,True,True,True,True
859,48,cinder_garden,Pax,shade first,left my basket sorted,48,0.282,0.29,0.728,0.731,True,True,True,True,True
860,48,lichen_bridge,Rin,bowl shared,kept bowl shared,48,0.281,0.291,0.728,0.733,True,True,True,True,True
861,48,orchid_engine,Eli,valve wait,did not turn the valve,48,0.28,0.288,0.73,0.733,True,True,True,True,True
862,48,moss_ward,Ari,loom wait,waited during repair,48,0.271,0.281,0.73,0.735,True,True,True,True,True
863,48,glass_harbor,Oren,tea first,shared crossing tea,48,0.283,0.291,0.737,0.74,True,True,True,True,True
864,49,lichen_bridge,Luma,signal hush,heard my signal,49,0.273,0.283,0.731,0.736,True,True,True,True,True
865,49,orchid_engine,Dax,orchid rest,let orchid rest,49,0.281,0.289,0.733,0.736,True,True,True,True,True
866,49,moss_ward,Tala,path dry,helped after rain,49,0.281,0.291,0.731,0.736,True,True,True,True,True
867,49,glass_harbor,Nia,net keeper,kept net lane clear,49,0.28,0.288,0.733,0.736,True,True,True,True,True
868,49,cinder_garden,Pax,cool hand,remembered shade first,49,0.279,0.289,0.731,0.736,True,True,True,True,True
869,49,lichen_bridge,Rin,rope safe,waited at the rope,49,0.27,0.28,0.733,0.738,True,True,True,True,True
870,49,orchid_engine,Eli,gear lane,kept the gear lane open,49,0.275,0.285,0.733,0.738,True,True,True,True,True
871,49,moss_ward,Ari,ledger no touch,asked before ledger,49,0.283,0.291,0.735,0.738,True,True,True,True,True
872,49,glass_harbor,Oren,lamp bright,guarded lamp for me,49,0.284,0.294,0.74,0.745,True,True,True,True,True
873,49,cinder_garden,Vale,shade first,left my basket sorted,49,0.283,0.291,0.735,0.738,True,True,True,True,True
874,49,lichen_bridge,Sol,bowl shared,kept bowl shared,49,0.271,0.281,0.735,0.74,True,True,True,True,True
875,49,orchid_engine,Bea,valve wait,did not turn the valve,49,0.274,0.282,0.733,0.736,True,True,True,True,True
876,49,moss_ward,Fay,loom wait,waited during repair,49,0.282,0.292,0.735,0.74,True,True,True,True,True
877,49,glass_harbor,Puck,tea first,shared crossing tea,49,0.282,0.29,0.731,0.734,True,True,True,True,True
878,49,cinder_garden,Wren,seed sleep,kept the path cool,49,0.281,0.291,0.733,0.738,True,True,True,True,True
879,49,lichen_bridge,Kio,signal hush,heard my signal,49,0.28,0.288,0.731,0.734,True,True,True,True,True
880,49,orchid_engine,Cai,orchid rest,let orchid rest,49,0.271,0.281,0.733,0.738,True,True,True,True,True
881,49,moss_ward,Milo,path dry,helped after rain,49,0.283,0.291,0.736,0.739,True,True,True,True,True
882,50,cinder_garden,Vale,cool hand,remembered shade first,50,0.283,0.293,0.738,0.743,True,True,True,True,True
883,50,lichen_bridge,Sol,rope safe,waited at the rope,50,0.293,0.301,0.74,0.743,True,True,True,True,True
884,50,orchid_engine,Bea,gear lane,kept the gear lane open,50,0.291,0.301,0.736,0.741,True,True,True,True,True
885,50,moss_ward,Fay,ledger no touch,asked before ledger,50,0.292,0.3,0.74,0.743,True,True,True,True,True
886,50,glass_harbor,Puck,lamp bright,guarded lamp for me,50,0.286,0.296,0.734,0.739,True,True,True,True,True
887,50,cinder_garden,Wren,shade first,left my basket sorted,50,0.28,0.288,0.738,0.741,True,True,True,True,True
888,50,lichen_bridge,Kio,bowl shared,kept bowl shared,50,0.28,0.29,0.734,0.739,True,True,True,True,True
889,50,orchid_engine,Cai,valve wait,did not turn the valve,50,0.291,0.299,0.738,0.741,True,True,True,True,True
890,50,moss_ward,Milo,loom wait,waited during repair,50,0.29,0.3,0.739,0.744,True,True,True,True,True
891,50,glass_harbor,Sera,tea first,shared crossing tea,50,0.29,0.298,0.736,0.739,True,True,True,True,True
892,50,cinder_garden,Juno,seed sleep,kept the path cool,50,0.279,0.289,0.736,0.741,True,True,True,True,True
893,50,lichen_bridge,Luma,signal hush,heard my signal,50,0.283,0.291,0.736,0.739,True,True,True,True,True
894,50,orchid_engine,Dax,orchid rest,let orchid rest,50,0.289,0.299,0.736,0.741,True,True,True,True,True
895,50,moss_ward,Tala,path dry,helped after rain,50,0.291,0.299,0.736,0.739,True,True,True,True,True
896,50,glass_harbor,Nia,net keeper,kept net lane clear,50,0.288,0.298,0.736,0.741,True,True,True,True,True
897,50,cinder_garden,Pax,cool hand,remembered shade first,50,0.289,0.297,0.736,0.739,True,True,True,True,True
898,50,lichen_bridge,Rin,rope safe,waited at the rope,50,0.28,0.29,0.738,0.743,True,True,True,True,True
899,50,orchid_engine,Eli,gear lane,kept the gear lane open,50,0.285,0.293,0.738,0.741,True,True,True,True,True
900,51,glass_harbor,Sera,lamp bright,guarded lamp for me,51,0.281,0.291,0.739,0.744,True,True,True,True,True
901,51,cinder_garden,Juno,shade first,left my basket sorted,51,0.291,0.299,0.741,0.744,True,True,True,True,True
902,51,lichen_bridge,Luma,bowl shared,kept bowl shared,51,0.289,0.299,0.739,0.744,True,True,True,True,True
903,51,orchid_engine,Dax,valve wait,did not turn the valve,51,0.29,0.298,0.741,0.744,True,True,True,True,True
904,51,moss_ward,Tala,loom wait,waited during repair,51,0.288,0.298,0.739,0.744,True,True,True,True,True
905,51,glass_harbor,Nia,tea first,shared crossing tea,51,0.28,0.288,0.741,0.744,True,True,True,True,True
906,51,cinder_garden,Pax,seed sleep,kept the path cool,51,0.282,0.292,0.739,0.744,True,True,True,True,True
907,51,lichen_bridge,Rin,signal hush,heard my signal,51,0.291,0.299,0.743,0.746,True,True,True,True,True
908,51,orchid_engine,Eli,orchid rest,let orchid rest,51,0.29,0.3,0.741,0.746,True,True,True,True,True
909,51,moss_ward,Ari,path dry,helped after rain,51,0.29,0.298,0.738,0.741,True,True,True,True,True
910,51,glass_harbor,Oren,net keeper,kept net lane clear,51,0.29,0.3,0.745,0.75,True,True,True,True,True
911,51,cinder_garden,Vale,cool hand,remembered shade first,51,0.293,0.301,0.743,0.746,True,True,True,True,True
912,51,lichen_bridge,Sol,rope safe,waited at the rope,51,0.301,0.311,0.743,0.748,True,True,True,True,True
913,51,orchid_engine,Bea,gear lane,kept the gear lane open,51,0.301,0.309,0.741,0.744,True,True,True,True,True
914,51,moss_ward,Fay,ledger no touch,asked before ledger,51,0.3,0.31,0.743,0.748,True,True,True,True,True
915,51,glass_harbor,Puck,lamp bright,guarded lamp for me,51,0.296,0.304,0.739,0.742,True,True,True,True,True
916,51,cinder_garden,Wren,shade first,left my basket sorted,51,0.288,0.298,0.741,0.746,True,True,True,True,True
917,51,lichen_bridge,Kio,bowl shared,kept bowl shared,51,0.29,0.298,0.739,0.742,True,True,True,True,True
918,52,moss_ward,Ari,loom wait,waited during repair,52,0.281,0.291,0.741,0.746,True,True,True,True,True
919,52,glass_harbor,Oren,tea first,shared crossing tea,52,0.291,0.299,0.75,0.753,True,True,True,True,True
920,52,cinder_garden,Vale,seed sleep,kept the path cool,52,0.289,0.299,0.746,0.751,True,True,True,True,True
921,52,lichen_bridge,Sol,signal hush,heard my signal,52,0.291,0.299,0.748,0.751,True,True,True,True,True
922,52,orchid_engine,Bea,orchid rest,let orchid rest,52,0.288,0.298,0.744,0.749,True,True,True,True,True
923,52,moss_ward,Fay,path dry,helped after rain,52,0.281,0.289,0.748,0.751,True,True,True,True,True
924,52,glass_harbor,Puck,net keeper,kept net lane clear,52,0.282,0.292,0.742,0.747,True,True,True,True,True
925,52,cinder_garden,Wren,cool hand,remembered shade first,52,0.292,0.3,0.746,0.749,True,True,True,True,True
926,52,lichen_bridge,Kio,rope safe,waited at the rope,52,0.29,0.3,0.742,0.747,True,True,True,True,True
927,52,orchid_engine,Cai,gear lane,kept the gear lane open,52,0.291,0.299,0.741,0.744,True,True,True,True,True
928,52,moss_ward,Milo,ledger no touch,asked before ledger,52,0.288,0.298,0.744,0.749,True,True,True,True,True
929,52,glass_harbor,Sera,lamp bright,guarded lamp for me,52,0.291,0.299,0.744,0.747,True,True,True,True,True
930,52,cinder_garden,Juno,shade first,left my basket sorted,52,0.299,0.309,0.744,0.749,True,True,True,True,True
931,52,lichen_bridge,Luma,bowl shared,kept bowl shared,52,0.299,0.307,0.744,0.747,True,True,True,True,True
932,52,orchid_engine,Dax,valve wait,did not turn the valve,52,0.298,0.308,0.744,0.749,True,True,True,True,True
933,52,moss_ward,Tala,loom wait,waited during repair,52,0.298,0.306,0.744,0.747,True,True,True,True,True
934,52,glass_harbor,Nia,tea first,shared crossing tea,52,0.288,0.298,0.744,0.749,True,True,True,True,True
935,52,cinder_garden,Pax,seed sleep,kept the path cool,52,0.292,0.3,0.744,0.747,True,True,True,True,True
936,53,orchid_engine,Cai,orchid rest,let orchid rest,53,0.281,0.291,0.744,0.749,True,True,True,True,True
937,53,moss_ward,Milo,path dry,helped after rain,53,0.291,0.299,0.749,0.752,True,True,True,True,True
938,53,glass_harbor,Sera,net keeper,kept net lane clear,53,0.289,0.299,0.747,0.752,True,True,True,True,True
939,53,cinder_garden,Juno,cool hand,remembered shade first,53,0.291,0.299,0.749,0.752,True,True,True,True,True
940,53,lichen_bridge,Luma,rope safe,waited at the rope,53,0.288,0.298,0.747,0.752,True,True,True,True,True
941,53,orchid_engine,Dax,gear lane,kept the gear lane open,53,0.281,0.289,0.749,0.752,True,True,True,True,True
942,53,moss_ward,Tala,ledger no touch,asked before ledger,53,0.282,0.292,0.747,0.752,True,True,True,True,True
943,53,glass_harbor,Nia,lamp bright,guarded lamp for me,53,0.292,0.3,0.749,0.752,True,True,True,True,True
944,53,cinder_garden,Pax,shade first,left my basket sorted,53,0.29,0.3,0.747,0.752,True,True,True,True,True
945,53,lichen_bridge,Rin,bowl shared,kept bowl shared,53,0.291,0.299,0.746,0.749,True,True,True,True,True
946,53,orchid_engine,Eli,valve wait,did not turn the valve,53,0.288,0.298,0.746,0.751,True,True,True,True,True
947,53,moss_ward,Ari,loom wait,waited during repair,53,0.291,0.299,0.746,0.749,True,True,True,True,True
948,53,glass_harbor,Oren,tea first,shared crossing tea,53,0.299,0.309,0.753,0.758,True,True,True,True,True
949,53,cinder_garden,Vale,seed sleep,kept the path cool,53,0.299,0.307,0.751,0.754,True,True,True,True,True
950,53,lichen_bridge,Sol,signal hush,heard my signal,53,0.299,0.309,0.751,0.756,True,True,True,True,True
951,53,orchid_engine,Bea,orchid rest,let orchid rest,53,0.298,0.306,0.749,0.752,True,True,True,True,True
952,53,moss_ward,Fay,path dry,helped after rain,53,0.289,0.299,0.751,0.756,True,True,True,True,True
953,53,glass_harbor,Puck,net keeper,kept net lane clear,53,0.292,0.3,0.747,0.75,True,True,True,True,True
954,54,lichen_bridge,Rin,rope safe,waited at the rope,54,0.29,0.3,0.749,0.754,True,True,True,True,True
955,54,orchid_engine,Eli,gear lane,kept the gear lane open,54,0.293,0.301,0.751,0.754,True,True,True,True,True
956,54,moss_ward,Ari,ledger no touch,asked before ledger,54,0.291,0.301,0.749,0.754,True,True,True,True,True
957,54,glass_harbor,Oren,lamp bright,guarded lamp for me,54,0.294,0.302,0.758,0.761,True,True,True,True,True
958,54,cinder_garden,Vale,shade first,left my basket sorted,54,0.291,0.301,0.754,0.759,True,True,True,True,True
959,54,lichen_bridge,Sol,bowl shared,kept bowl shared,54,0.281,0.289,0.756,0.759,True,True,True,True,True
960,54,orchid_engine,Bea,valve wait,did not turn the valve,54,0.282,0.292,0.752,0.757,True,True,True,True,True
961,54,moss_ward,Fay,loom wait,waited during repair,54,0.292,0.3,0.756,0.759,True,True,True,True,True
962,54,glass_harbor,Puck,tea first,shared crossing tea,54,0.29,0.3,0.75,0.755,True,True,True,True,True
963,54,cinder_garden,Wren,seed sleep,kept the path cool,54,0.291,0.299,0.749,0.752,True,True,True,True,True
964,54,lichen_bridge,Kio,signal hush,heard my signal,54,0.288,0.298,0.747,0.752,True,True,True,True,True
965,54,orchid_engine,Cai,orchid rest,let orchid rest,54,0.291,0.299,0.749,0.752,True,True,True,True,True
966,54,moss_ward,Milo,path dry,helped after rain,54,0.299,0.309,0.752,0.757,True,True,True,True,True
967,54,glass_harbor,Sera,net keeper,kept net lane clear,54,0.299,0.307,0.752,0.755,True,True,True,True,True
968,54,cinder_garden,Juno,cool hand,remembered shade first,54,0.299,0.309,0.752,0.757,True,True,True,True,True
969,54,lichen_bridge,Luma,rope safe,waited at the rope,54,0.298,0.306,0.752,0.755,True,True,True,True,True
970,54,orchid_engine,Dax,gear lane,kept the gear lane open,54,0.289,0.299,0.752,0.757,True,True,True,True,True
971,54,moss_ward,Tala,ledger no touch,asked before ledger,54,0.292,0.3,0.752,0.755,True,True,True,True,True
972,55,cinder_garden,Wren,shade first,left my basket sorted,55,0.298,0.308,0.752,0.757,True,True,True,True,True
973,55,lichen_bridge,Kio,bowl shared,kept bowl shared,55,0.298,0.306,0.752,0.755,True,True,True,True,True
974,55,orchid_engine,Cai,valve wait,did not turn the valve,55,0.299,0.309,0.752,0.757,True,True,True,True,True
975,55,moss_ward,Milo,loom wait,waited during repair,55,0.3,0.308,0.757,0.76,True,True,True,True,True
976,55,glass_harbor,Sera,tea first,shared crossing tea,55,0.298,0.308,0.755,0.76,True,True,True,True,True
977,55,cinder_garden,Juno,seed sleep,kept the path cool,55,0.289,0.297,0.757,0.76,True,True,True,True,True
978,55,lichen_bridge,Luma,signal hush,heard my signal,55,0.291,0.301,0.755,0.76,True,True,True,True,True
979,55,orchid_engine,Dax,orchid rest,let orchid rest,55,0.299,0.307,0.757,0.76,True,True,True,True,True
980,55,moss_ward,Tala,path dry,helped after rain,55,0.299,0.309,0.755,0.76,True,True,True,True,True
981,55,glass_harbor,Nia,net keeper,kept net lane clear,55,0.298,0.306,0.752,0.755,True,True,True,True,True
982,55,cinder_garden,Pax,cool hand,remembered shade first,55,0.297,0.307,0.752,0.757,True,True,True,True,True
983,55,lichen_bridge,Rin,rope safe,waited at the rope,55,0.3,0.308,0.754,0.757,True,True,True,True,True
984,55,orchid_engine,Eli,gear lane,kept the gear lane open,55,0.301,0.311,0.754,0.759,True,True,True,True,True
985,55,moss_ward,Ari,ledger no touch,asked before ledger,55,0.301,0.309,0.754,0.757,True,True,True,True,True
986,55,glass_harbor,Oren,lamp bright,guarded lamp for me,55,0.302,0.312,0.761,0.766,True,True,True,True,True
987,55,cinder_garden,Vale,shade first,left my basket sorted,55,0.301,0.309,0.759,0.762,True,True,True,True,True
988,55,lichen_bridge,Sol,bowl shared,kept bowl shared,55,0.289,0.299,0.759,0.764,True,True,True,True,True
989,55,orchid_engine,Bea,valve wait,did not turn the valve,55,0.292,0.3,0.757,0.76,True,True,True,True,True
990,56,glass_harbor,Nia,tea first,shared crossing tea,56,0.298,0.308,0.755,0.76,True,True,True,True,True
991,56,cinder_garden,Pax,seed sleep,kept the path cool,56,0.3,0.308,0.757,0.76,True,True,True,True,True
992,56,lichen_bridge,Rin,signal hush,heard my signal,56,0.299,0.309,0.757,0.762,True,True,True,True,True
993,56,orchid_engine,Eli,orchid rest,let orchid rest,56,0.3,0.308,0.759,0.762,True,True,True,True,True
994,56,moss_ward,Ari,path dry,helped after rain,56,0.298,0.308,0.757,0.762,True,True,True,True,True
995,56,glass_harbor,Oren,net keeper,kept net lane clear,56,0.3,0.308,0.766,0.769,True,True,True,True,True
996,56,cinder_garden,Vale,cool hand,remembered shade first,56,0.301,0.311,0.762,0.767,True,True,True,True,True
997,56,lichen_bridge,Sol,rope safe,waited at the rope,56,0.311,0.319,0.764,0.767,True,True,True,True,True
998,56,orchid_engine,Bea,gear lane,kept the gear lane open,56,0.309,0.319,0.76,0.765,True,True,True,True,True
999,56,moss_ward,Fay,ledger no touch,asked before ledger,56,0.31,0.318,0.759,0.762,True,True,True,True,True
1000,56,glass_harbor,Puck,lamp bright,guarded lamp for me,56,0.304,0.314,0.755,0.76,True,True,True,True,True
1001,56,cinder_garden,Wren,shade first,left my basket sorted,56,0.308,0.316,0.757,0.76,True,True,True,True,True
1002,56,lichen_bridge,Kio,bowl shared,kept bowl shared,56,0.306,0.316,0.755,0.76,True,True,True,True,True
1003,56,orchid_engine,Cai,valve wait,did not turn the valve,56,0.309,0.317,0.757,0.76,True,True,True,True,True
1004,56,moss_ward,Milo,loom wait,waited during repair,56,0.308,0.318,0.76,0.765,True,True,True,True,True
1005,56,glass_harbor,Sera,tea first,shared crossing tea,56,0.308,0.316,0.76,0.763,True,True,True,True,True
1006,56,cinder_garden,Juno,seed sleep,kept the path cool,56,0.297,0.307,0.76,0.765,True,True,True,True,True
1007,56,lichen_bridge,Luma,signal hush,heard my signal,56,0.301,0.309,0.76,0.763,True,True,True,True,True
1008,57,moss_ward,Fay,path dry,helped after rain,57,0.299,0.309,0.762,0.767,True,True,True,True,True
1009,57,glass_harbor,Puck,net keeper,kept net lane clear,57,0.3,0.308,0.76,0.763,True,True,True,True,True
1010,57,cinder_garden,Wren,cool hand,remembered shade first,57,0.3,0.31,0.76,0.765,True,True,True,True,True
1011,57,lichen_bridge,Kio,rope safe,waited at the rope,57,0.3,0.308,0.76,0.763,True,True,True,True,True
1012,57,orchid_engine,Cai,gear lane,kept the gear lane open,57,0.299,0.309,0.76,0.765,True,True,True,True,True
1013,57,moss_ward,Milo,ledger no touch,asked before ledger,57,0.298,0.306,0.765,0.768,True,True,True,True,True
1014,57,glass_harbor,Sera,lamp bright,guarded lamp for me,57,0.299,0.309,0.763,0.768,True,True,True,True,True
1015,57,cinder_garden,Juno,shade first,left my basket sorted,57,0.309,0.317,0.765,0.768,True,True,True,True,True
1016,57,lichen_bridge,Luma,bowl shared,kept bowl shared,57,0.307,0.317,0.763,0.768,True,True,True,True,True
1017,57,orchid_engine,Dax,valve wait,did not turn the valve,57,0.308,0.316,0.76,0.763,True,True,True,True,True
1018,57,moss_ward,Tala,loom wait,waited during repair,57,0.306,0.316,0.76,0.765,True,True,True,True,True
1019,57,glass_harbor,Nia,tea first,shared crossing tea,57,0.308,0.316,0.76,0.763,True,True,True,True,True
1020,57,cinder_garden,Pax,seed sleep,kept the path cool,57,0.308,0.318,0.76,0.765,True,True,True,True,True
1021,57,lichen_bridge,Rin,signal hush,heard my signal,57,0.309,0.317,0.762,0.765,True,True,True,True,True
1022,57,orchid_engine,Eli,orchid rest,let orchid rest,57,0.308,0.318,0.762,0.767,True,True,True,True,True
1023,57,moss_ward,Ari,path dry,helped after rain,57,0.308,0.318,0.762,0.767,True,True,True,True,True
1024,57,glass_harbor,Oren,net keeper,kept net lane clear,57,0.308,0.318,0.769,0.774,True,True,True,True,True
1025,57,cinder_garden,Vale,cool hand,remembered shade first,57,0.311,0.319,0.767,0.77,True,True,True,True,True
1026,58,orchid_engine,Dax,gear lane,kept the gear lane open,58,0.299,0.309,0.763,0.768,True,True,True,True,True
1027,58,moss_ward,Tala,ledger no touch,asked before ledger,58,0.3,0.308,0.765,0.768,True,True,True,True,True
1028,58,glass_harbor,Nia,lamp bright,guarded lamp for me,58,0.3,0.31,0.763,0.768,True,True,True,True,True
1029,58,cinder_garden,Pax,shade first,left my basket sorted,58,0.3,0.308,0.765,0.768,True,True,True,True,True
1030,58,lichen_bridge,Rin,bowl shared,kept bowl shared,58,0.299,0.309,0.765,0.77,True,True,True,True,True
1031,58,orchid_engine,Eli,valve wait,did not turn the valve,58,0.298,0.306,0.767,0.77,True,True,True,True,True
1032,58,moss_ward,Ari,loom wait,waited during repair,58,0.299,0.309,0.767,0.772,True,True,True,True,True
1033,58,glass_harbor,Oren,tea first,shared crossing tea,58,0.309,0.317,0.774,0.777,True,True,True,True,True
1034,58,cinder_garden,Vale,seed sleep,kept the path cool,58,0.307,0.317,0.77,0.775,True,True,True,True,True
1035,58,lichen_bridge,Sol,signal hush,heard my signal,58,0.309,0.317,0.767,0.77,True,True,True,True,True
1036,58,orchid_engine,Bea,orchid rest,let orchid rest,58,0.306,0.316,0.765,0.77,True,True,True,True,True
1037,58,moss_ward,Fay,path dry,helped after rain,58,0.309,0.317,0.767,0.77,True,True,True,True,True
1038,58,glass_harbor,Puck,net keeper,kept net lane clear,58,0.308,0.318,0.763,0.768,True,True,True,True,True
1039,58,cinder_garden,Wren,cool hand,remembered shade first,58,0.31,0.318,0.765,0.768,True,True,True,True,True
1040,58,lichen_bridge,Kio,rope safe,waited at the rope,58,0.308,0.318,0.763,0.768,True,True,True,True,True
1041,58,orchid_engine,Cai,gear lane,kept the gear lane open,58,0.309,0.317,0.765,0.768,True,True,True,True,True
1042,58,moss_ward,Milo,ledger no touch,asked before ledger,58,0.306,0.316,0.768,0.773,True,True,True,True,True
1043,58,glass_harbor,Sera,lamp bright,guarded lamp for me,58,0.309,0.317,0.768,0.771,True,True,True,True,True
1044,59,lichen_bridge,Sol,bowl shared,kept bowl shared,59,0.299,0.309,0.77,0.775,True,True,True,True,True
1045,59,orchid_engine,Bea,valve wait,did not turn the valve,59,0.3,0.308,0.77,0.773,True,True,True,True,True
1046,59,moss_ward,Fay,loom wait,waited during repair,59,0.3,0.31,0.77,0.775,True,True,True,True,True
1047,59,glass_harbor,Puck,tea first,shared crossing tea,59,0.3,0.308,0.768,0.771,True,True,True,True,True
1048,59,cinder_garden,Wren,seed sleep,kept the path cool,59,0.299,0.309,0.768,0.773,True,True,True,True,True
1049,59,lichen_bridge,Kio,signal hush,heard my signal,59,0.298,0.306,0.768,0.771,True,True,True,True,True
1050,59,orchid_engine,Cai,orchid rest,let orchid rest,59,0.299,0.309,0.768,0.773,True,True,True,True,True
1051,59,moss_ward,Milo,path dry,helped after rain,59,0.309,0.317,0.773,0.776,True,True,True,True,True
1052,59,glass_harbor,Sera,net keeper,kept net lane clear,59,0.307,0.317,0.771,0.776,True,True,True,True,True
1053,59,cinder_garden,Juno,cool hand,remembered shade first,59,0.309,0.317,0.768,0.771,True,True,True,True,True
1054,59,lichen_bridge,Luma,rope safe,waited at the rope,59,0.306,0.316,0.768,0.773,True,True,True,True,True
1055,59,orchid_engine,Dax,gear lane,kept the gear lane open,59,0.309,0.317,0.768,0.771,True,True,True,True,True
1056,59,moss_ward,Tala,ledger no touch,asked before ledger,59,0.308,0.318,0.768,0.773,True,True,True,True,True
1057,59,glass_harbor,Nia,lamp bright,guarded lamp for me,59,0.31,0.318,0.768,0.771,True,True,True,True,True
1058,59,cinder_garden,Pax,shade first,left my basket sorted,59,0.308,0.318,0.768,0.773,True,True,True,True,True
1059,59,lichen_bridge,Rin,bowl shared,kept bowl shared,59,0.309,0.317,0.77,0.773,True,True,True,True,True
1060,59,orchid_engine,Eli,valve wait,did not turn the valve,59,0.306,0.316,0.77,0.775,True,True,True,True,True
1061,59,moss_ward,Ari,loom wait,waited during repair,59,0.309,0.317,0.772,0.775,True,True,True,True,True
1062,60,cinder_garden,Juno,seed sleep,kept the path cool,60,0.307,0.317,0.771,0.776,True,True,True,True,True
1063,60,lichen_bridge,Luma,signal hush,heard my signal,60,0.309,0.317,0.773,0.776,True,True,True,True,True
1064,60,orchid_engine,Dax,orchid rest,let orchid rest,60,0.307,0.317,0.771,0.776,True,True,True,True,True
1065,60,moss_ward,Tala,path dry,helped after rain,60,0.309,0.317,0.773,0.776,True,True,True,True,True
1066,60,glass_harbor,Nia,net keeper,kept net lane clear,60,0.306,0.316,0.771,0.776,True,True,True,True,True
1067,60,cinder_garden,Pax,cool hand,remembered shade first,60,0.307,0.317,0.773,0.778,True,True,True,True,True
1068,60,lichen_bridge,Rin,rope safe,waited at the rope,60,0.308,0.318,0.773,0.778,True,True,True,True,True
1069,60,orchid_engine,Eli,gear lane,kept the gear lane open,60,0.311,0.319,0.775,0.778,True,True,True,True,True
1070,60,moss_ward,Ari,ledger no touch,asked before ledger,60,0.309,0.319,0.775,0.78,True,True,True,True,True
1071,60,glass_harbor,Oren,lamp bright,guarded lamp for me,60,0.312,0.32,0.777,0.78,True,True,True,True,True
1072,60,cinder_garden,Vale,shade first,left my basket sorted,60,0.309,0.319,0.775,0.78,True,True,True,True,True
1073,60,lichen_bridge,Sol,bowl shared,kept bowl shared,60,0.309,0.317,0.775,0.778,True,True,True,True,True
1074,60,orchid_engine,Bea,valve wait,did not turn the valve,60,0.308,0.318,0.773,0.778,True,True,True,True,True
1075,60,moss_ward,Fay,loom wait,waited during repair,60,0.31,0.318,0.775,0.778,True,True,True,True,True
1076,60,glass_harbor,Puck,tea first,shared crossing tea,60,0.308,0.318,0.771,0.776,True,True,True,True,True
1077,60,cinder_garden,Wren,seed sleep,kept the path cool,60,0.309,0.317,0.773,0.776,True,True,True,True,True
1078,60,lichen_bridge,Kio,signal hush,heard my signal,60,0.306,0.316,0.771,0.776,True,True,True,True,True
1079,60,orchid_engine,Cai,orchid rest,let orchid rest,60,0.309,0.317,0.773,0.776,True,True,True,True,True
1080,61,glass_harbor,Oren,net keeper,kept net lane clear,61,0.318,0.328,0.78,0.785,True,True,True,True,True
1081,61,cinder_garden,Vale,cool hand,remembered shade first,61,0.319,0.327,0.78,0.783,True,True,True,True,True
1082,61,lichen_bridge,Sol,rope safe,waited at the rope,61,0.319,0.329,0.778,0.783,True,True,True,True,True
1083,61,orchid_engine,Bea,gear lane,kept the gear lane open,61,0.319,0.327,0.778,0.781,True,True,True,True,True
1084,61,moss_ward,Fay,ledger no touch,asked before ledger,61,0.318,0.328,0.778,0.783,True,True,True,True,True
1085,61,glass_harbor,Puck,lamp bright,guarded lamp for me,61,0.314,0.322,0.776,0.779,True,True,True,True,True
1086,61,cinder_garden,Wren,shade first,left my basket sorted,61,0.316,0.326,0.776,0.781,True,True,True,True,True
1087,61,lichen_bridge,Kio,bowl shared,kept bowl shared,61,0.316,0.324,0.776,0.779,True,True,True,True,True
1088,61,orchid_engine,Cai,valve wait,did not turn the valve,61,0.317,0.327,0.776,0.781,True,True,True,True,True
1089,61,moss_ward,Milo,loom wait,waited during repair,61,0.318,0.326,0.776,0.779,True,True,True,True,True
1090,61,glass_harbor,Sera,tea first,shared crossing tea,61,0.316,0.326,0.776,0.781,True,True,True,True,True
1091,61,cinder_garden,Juno,seed sleep,kept the path cool,61,0.317,0.325,0.776,0.779,True,True,True,True,True
1092,61,lichen_bridge,Luma,signal hush,heard my signal,61,0.317,0.327,0.776,0.781,True,True,True,True,True
1093,61,orchid_engine,Dax,orchid rest,let orchid rest,61,0.317,0.325,0.776,0.779,True,True,True,True,True
1094,61,moss_ward,Tala,path dry,helped after rain,61,0.317,0.327,0.776,0.781,True,True,True,True,True
1095,61,glass_harbor,Nia,net keeper,kept net lane clear,61,0.316,0.324,0.776,0.779,True,True,True,True,True
1096,61,cinder_garden,Pax,cool hand,remembered shade first,61,0.317,0.327,0.778,0.783,True,True,True,True,True
1097,61,lichen_bridge,Rin,rope safe,waited at the rope,61,0.318,0.326,0.778,0.781,True,True,True,True,True
1098,62,moss_ward,Milo,ledger no touch,asked before ledger,62,0.316,0.326,0.779,0.784,True,True,True,True,True
1099,62,glass_harbor,Sera,lamp bright,guarded lamp for me,62,0.317,0.325,0.781,0.784,True,True,True,True,True
1100,62,cinder_garden,Juno,shade first,left my basket sorted,62,0.317,0.327,0.779,0.784,True,True,True,True,True
1101,62,lichen_bridge,Luma,bowl shared,kept bowl shared,62,0.317,0.325,0.781,0.784,True,True,True,True,True
1102,62,orchid_engine,Dax,valve wait,did not turn the valve,62,0.316,0.326,0.779,0.784,True,True,True,True,True
1103,62,moss_ward,Tala,loom wait,waited during repair,62,0.316,0.324,0.781,0.784,True,True,True,True,True
1104,62,glass_harbor,Nia,tea first,shared crossing tea,62,0.316,0.326,0.779,0.784,True,True,True,True,True
1105,62,cinder_garden,Pax,seed sleep,kept the path cool,62,0.318,0.326,0.783,0.786,True,True,True,True,True
1106,62,lichen_bridge,Rin,signal hush,heard my signal,62,0.317,0.327,0.781,0.786,True,True,True,True,True
1107,62,orchid_engine,Eli,orchid rest,let orchid rest,62,0.318,0.326,0.778,0.781,True,True,True,True,True
1108,62,moss_ward,Ari,path dry,helped after rain,62,0.318,0.328,0.78,0.785,True,True,True,True,True
1109,62,glass_harbor,Oren,net keeper,kept net lane clear,62,0.328,0.336,0.785,0.788,True,True,True,True,True
1110,62,cinder_garden,Vale,cool hand,remembered shade first,62,0.327,0.337,0.783,0.788,True,True,True,True,True
1111,62,lichen_bridge,Sol,rope safe,waited at the rope,62,0.329,0.337,0.783,0.786,True,True,True,True,True
1112,62,orchid_engine,Bea,gear lane,kept the gear lane open,62,0.327,0.337,0.781,0.786,True,True,True,True,True
1113,62,moss_ward,Fay,ledger no touch,asked before ledger,62,0.328,0.336,0.783,0.786,True,True,True,True,True
1114,62,glass_harbor,Puck,lamp bright,guarded lamp for me,62,0.322,0.332,0.779,0.784,True,True,True,True,True
1115,62,cinder_garden,Wren,shade first,left my basket sorted,62,0.326,0.334,0.781,0.784,True,True,True,True,True
1116,63,orchid_engine,Eli,valve wait,did not turn the valve,63,0.316,0.326,0.781,0.786,True,True,True,True,True
1117,63,moss_ward,Ari,loom wait,waited during repair,63,0.317,0.325,0.785,0.788,True,True,True,True,True
1118,63,glass_harbor,Oren,tea first,shared crossing tea,63,0.317,0.327,0.788,0.793,True,True,True,True,True
1119,63,cinder_garden,Vale,seed sleep,kept the path cool,63,0.317,0.325,0.788,0.791,True,True,True,True,True
1120,63,lichen_bridge,Sol,signal hush,heard my signal,63,0.317,0.327,0.786,0.791,True,True,True,True,True
1121,63,orchid_engine,Bea,orchid rest,let orchid rest,63,0.316,0.324,0.786,0.789,True,True,True,True,True
1122,63,moss_ward,Fay,path dry,helped after rain,63,0.317,0.327,0.786,0.791,True,True,True,True,True
1123,63,glass_harbor,Puck,net keeper,kept net lane clear,63,0.318,0.326,0.784,0.787,True,True,True,True,True
1124,63,cinder_garden,Wren,cool hand,remembered shade first,63,0.318,0.328,0.784,0.789,True,True,True,True,True
1125,63,lichen_bridge,Kio,rope safe,waited at the rope,63,0.318,0.326,0.779,0.782,True,True,True,True,True
1126,63,orchid_engine,Cai,gear lane,kept the gear lane open,63,0.317,0.327,0.781,0.786,True,True,True,True,True
1127,63,moss_ward,Milo,ledger no touch,asked before ledger,63,0.326,0.334,0.784,0.787,True,True,True,True,True
1128,63,glass_harbor,Sera,lamp bright,guarded lamp for me,63,0.325,0.335,0.784,0.789,True,True,True,True,True
1129,63,cinder_garden,Juno,shade first,left my basket sorted,63,0.327,0.335,0.784,0.787,True,True,True,True,True
1130,63,lichen_bridge,Luma,bowl shared,kept bowl shared,63,0.325,0.335,0.784,0.789,True,True,True,True,True
1131,63,orchid_engine,Dax,valve wait,did not turn the valve,63,0.326,0.334,0.784,0.787,True,True,True,True,True
1132,63,moss_ward,Tala,loom wait,waited during repair,63,0.324,0.334,0.784,0.789,True,True,True,True,True
1133,63,glass_harbor,Nia,tea first,shared crossing tea,63,0.326,0.334,0.784,0.787,True,True,True,True,True
1134,64,lichen_bridge,Kio,signal hush,heard my signal,64,0.316,0.326,0.782,0.787,True,True,True,True,True
1135,64,orchid_engine,Cai,orchid rest,let orchid rest,64,0.317,0.325,0.786,0.789,True,True,True,True,True
1136,64,moss_ward,Milo,path dry,helped after rain,64,0.317,0.327,0.787,0.792,True,True,True,True,True
1137,64,glass_harbor,Sera,net keeper,kept net lane clear,64,0.317,0.325,0.789,0.792,True,True,True,True,True
1138,64,cinder_garden,Juno,cool hand,remembered shade first,64,0.317,0.327,0.787,0.792,True,True,True,True,True
1139,64,lichen_bridge,Luma,rope safe,waited at the rope,64,0.316,0.324,0.789,0.792,True,True,True,True,True
1140,64,orchid_engine,Dax,gear lane,kept the gear lane open,64,0.317,0.327,0.787,0.792,True,True,True,True,True
1141,64,moss_ward,Tala,ledger no touch,asked before ledger,64,0.318,0.326,0.789,0.792,True,True,True,True,True
1142,64,glass_harbor,Nia,lamp bright,guarded lamp for me,64,0.318,0.328,0.787,0.792,True,True,True,True,True
1143,64,cinder_garden,Pax,shade first,left my basket sorted,64,0.318,0.326,0.786,0.789,True,True,True,True,True
1144,64,lichen_bridge,Rin,bowl shared,kept bowl shared,64,0.317,0.327,0.786,0.791,True,True,True,True,True
1145,64,orchid_engine,Eli,valve wait,did not turn the valve,64,0.326,0.334,0.786,0.789,True,True,True,True,True
1146,64,moss_ward,Ari,loom wait,waited during repair,64,0.325,0.335,0.788,0.793,True,True,True,True,True
1147,64,glass_harbor,Oren,tea first,shared crossing tea,64,0.327,0.335,0.793,0.796,True,True,True,True,True
1148,64,cinder_garden,Vale,seed sleep,kept the path cool,64,0.325,0.335,0.791,0.796,True,True,True,True,True
1149,64,lichen_bridge,Sol,signal hush,heard my signal,64,0.327,0.335,0.791,0.794,True,True,True,True,True
1150,64,orchid_engine,Bea,orchid rest,let orchid rest,64,0.324,0.334,0.789,0.794,True,True,True,True,True
1151,64,moss_ward,Fay,path dry,helped after rain,64,0.327,0.335,0.791,0.794,True,True,True,True,True
1152,65,cinder_garden,Pax,cool hand,remembered shade first,65,0.327,0.337,0.789,0.794,True,True,True,True,True
1153,65,lichen_bridge,Rin,rope safe,waited at the rope,65,0.326,0.334,0.791,0.794,True,True,True,True,True
1154,65,orchid_engine,Eli,gear lane,kept the gear lane open,65,0.319,0.329,0.789,0.794,True,True,True,True,True
1155,65,moss_ward,Ari,ledger no touch,asked before ledger,65,0.319,0.327,0.793,0.796,True,True,True,True,True
1156,65,glass_harbor,Oren,lamp bright,guarded lamp for me,65,0.32,0.33,0.796,0.801,True,True,True,True,True
1157,65,cinder_garden,Vale,shade first,left my basket sorted,65,0.319,0.327,0.796,0.799,True,True,True,True,True
1158,65,lichen_bridge,Sol,bowl shared,kept bowl shared,65,0.317,0.327,0.794,0.799,True,True,True,True,True
1159,65,orchid_engine,Bea,valve wait,did not turn the valve,65,0.318,0.326,0.794,0.797,True,True,True,True,True
1160,65,moss_ward,Fay,loom wait,waited during repair,65,0.318,0.328,0.794,0.799,True,True,True,True,True
1161,65,glass_harbor,Puck,tea first,shared crossing tea,65,0.318,0.326,0.787,0.79,True,True,True,True,True
1162,65,cinder_garden,Wren,seed sleep,kept the path cool,65,0.317,0.327,0.789,0.794,True,True,True,True,True
1163,65,lichen_bridge,Kio,signal hush,heard my signal,65,0.326,0.334,0.787,0.79,True,True,True,True,True
1164,65,orchid_engine,Cai,orchid rest,let orchid rest,65,0.325,0.335,0.789,0.794,True,True,True,True,True
1165,65,moss_ward,Milo,path dry,helped after rain,65,0.327,0.335,0.792,0.795,True,True,True,True,True
1166,65,glass_harbor,Sera,net keeper,kept net lane clear,65,0.325,0.335,0.792,0.797,True,True,True,True,True
1167,65,cinder_garden,Juno,cool hand,remembered shade first,65,0.327,0.335,0.792,0.795,True,True,True,True,True
1168,65,lichen_bridge,Luma,rope safe,waited at the rope,65,0.324,0.334,0.792,0.797,True,True,True,True,True
1169,65,orchid_engine,Dax,gear lane,kept the gear lane open,65,0.327,0.335,0.792,0.795,True,True,True,True,True
1170,66,glass_harbor,Puck,lamp bright,guarded lamp for me,66,0.332,0.342,0.79,0.795,True,True,True,True,True
1171,66,cinder_garden,Wren,shade first,left my basket sorted,66,0.334,0.342,0.794,0.797,True,True,True,True,True
1172,66,lichen_bridge,Kio,bowl shared,kept bowl shared,66,0.324,0.334,0.79,0.795,True,True,True,True,True
1173,66,orchid_engine,Cai,valve wait,did not turn the valve,66,0.327,0.335,0.794,0.797,True,True,True,True,True
1174,66,moss_ward,Milo,loom wait,waited during repair,66,0.326,0.336,0.795,0.8,True,True,True,True,True
1175,66,glass_harbor,Sera,tea first,shared crossing tea,66,0.326,0.334,0.797,0.8,True,True,True,True,True
1176,66,cinder_garden,Juno,seed sleep,kept the path cool,66,0.325,0.335,0.795,0.8,True,True,True,True,True
1177,66,lichen_bridge,Luma,signal hush,heard my signal,66,0.327,0.335,0.797,0.8,True,True,True,True,True
1178,66,orchid_engine,Dax,orchid rest,let orchid rest,66,0.325,0.335,0.795,0.8,True,True,True,True,True
1179,66,moss_ward,Tala,path dry,helped after rain,66,0.327,0.335,0.792,0.795,True,True,True,True,True
1180,66,glass_harbor,Nia,net keeper,kept net lane clear,66,0.324,0.334,0.792,0.797,True,True,True,True,True
1181,66,cinder_garden,Pax,cool hand,remembered shade first,66,0.337,0.345,0.794,0.797,True,True,True,True,True
1182,66,lichen_bridge,Rin,rope safe,waited at the rope,66,0.334,0.344,0.794,0.799,True,True,True,True,True
1183,66,orchid_engine,Eli,gear lane,kept the gear lane open,66,0.329,0.337,0.794,0.797,True,True,True,True,True
1184,66,moss_ward,Ari,ledger no touch,asked before ledger,66,0.327,0.337,0.796,0.801,True,True,True,True,True
1185,66,glass_harbor,Oren,lamp bright,guarded lamp for me,66,0.33,0.338,0.801,0.804,True,True,True,True,True
1186,66,cinder_garden,Vale,shade first,left my basket sorted,66,0.327,0.337,0.799,0.804,True,True,True,True,True
1187,66,lichen_bridge,Sol,bowl shared,kept bowl shared,66,0.327,0.335,0.799,0.802,True,True,True,True,True
1188,67,moss_ward,Tala,loom wait,waited during repair,67,0.334,0.344,0.795,0.8,True,True,True,True,True
1189,67,glass_harbor,Nia,tea first,shared crossing tea,67,0.334,0.342,0.797,0.8,True,True,True,True,True
1190,67,cinder_garden,Pax,seed sleep,kept the path cool,67,0.326,0.336,0.797,0.802,True,True,True,True,True
1191,67,lichen_bridge,Rin,signal hush,heard my signal,67,0.327,0.335,0.799,0.802,True,True,True,True,True
1192,67,orchid_engine,Eli,orchid rest,let orchid rest,67,0.326,0.336,0.797,0.802,True,True,True,True,True
1193,67,moss_ward,Ari,path dry,helped after rain,67,0.328,0.336,0.801,0.804,True,True,True,True,True
1194,67,glass_harbor,Oren,net keeper,kept net lane clear,67,0.336,0.346,0.804,0.809,True,True,True,True,True
1195,67,cinder_garden,Vale,cool hand,remembered shade first,67,0.337,0.345,0.804,0.807,True,True,True,True,True
1196,67,lichen_bridge,Sol,rope safe,waited at the rope,67,0.337,0.347,0.802,0.807,True,True,True,True,True
1197,67,orchid_engine,Bea,gear lane,kept the gear lane open,67,0.337,0.345,0.797,0.8,True,True,True,True,True
1198,67,moss_ward,Fay,ledger no touch,asked before ledger,67,0.336,0.346,0.799,0.804,True,True,True,True,True
1199,67,glass_harbor,Puck,lamp bright,guarded lamp for me,67,0.342,0.35,0.795,0.798,True,True,True,True,True
1200,67,cinder_garden,Wren,shade first,left my basket sorted,67,0.342,0.352,0.797,0.802,True,True,True,True,True
1201,67,lichen_bridge,Kio,bowl shared,kept bowl shared,67,0.334,0.342,0.795,0.798,True,True,True,True,True
1202,67,orchid_engine,Cai,valve wait,did not turn the valve,67,0.335,0.345,0.797,0.802,True,True,True,True,True
1203,67,moss_ward,Milo,loom wait,waited during repair,67,0.336,0.344,0.8,0.803,True,True,True,True,True
1204,67,glass_harbor,Sera,tea first,shared crossing tea,67,0.334,0.344,0.8,0.805,True,True,True,True,True
1205,67,cinder_garden,Juno,seed sleep,kept the path cool,67,0.335,0.343,0.8,0.803,True,True,True,True,True
1206,68,orchid_engine,Bea,orchid rest,let orchid rest,68,0.334,0.344,0.8,0.805,True,True,True,True,True
1207,68,moss_ward,Fay,path dry,helped after rain,68,0.335,0.343,0.804,0.807,True,True,True,True,True
1208,68,glass_harbor,Puck,net keeper,kept net lane clear,68,0.326,0.336,0.798,0.803,True,True,True,True,True
1209,68,cinder_garden,Wren,cool hand,remembered shade first,68,0.328,0.336,0.802,0.805,True,True,True,True,True
1210,68,lichen_bridge,Kio,rope safe,waited at the rope,68,0.326,0.336,0.798,0.803,True,True,True,True,True
1211,68,orchid_engine,Cai,gear lane,kept the gear lane open,68,0.327,0.335,0.802,0.805,True,True,True,True,True
1212,68,moss_ward,Milo,ledger no touch,asked before ledger,68,0.334,0.344,0.803,0.808,True,True,True,True,True
1213,68,glass_harbor,Sera,lamp bright,guarded lamp for me,68,0.335,0.343,0.805,0.808,True,True,True,True,True
1214,68,cinder_garden,Juno,shade first,left my basket sorted,68,0.335,0.345,0.803,0.808,True,True,True,True,True
1215,68,lichen_bridge,Luma,bowl shared,kept bowl shared,68,0.335,0.343,0.8,0.803,True,True,True,True,True
1216,68,orchid_engine,Dax,valve wait,did not turn the valve,68,0.334,0.344,0.8,0.805,True,True,True,True,True
1217,68,moss_ward,Tala,loom wait,waited during repair,68,0.344,0.352,0.8,0.803,True,True,True,True,True
1218,68,glass_harbor,Nia,tea first,shared crossing tea,68,0.342,0.352,0.8,0.805,True,True,True,True,True
1219,68,cinder_garden,Pax,seed sleep,kept the path cool,68,0.336,0.344,0.802,0.805,True,True,True,True,True
1220,68,lichen_bridge,Rin,signal hush,heard my signal,68,0.335,0.345,0.802,0.807,True,True,True,True,True
1221,68,orchid_engine,Eli,orchid rest,let orchid rest,68,0.336,0.346,0.802,0.807,True,True,True,True,True
1222,68,moss_ward,Ari,path dry,helped after rain,68,0.336,0.346,0.804,0.809,True,True,True,True,True
1223,68,glass_harbor,Oren,net keeper,kept net lane clear,68,0.346,0.354,0.809,0.812,True,True,True,True,True
1224,69,lichen_bridge,Luma,rope safe,waited at the rope,69,0.334,0.344,0.803,0.808,True,True,True,True,True
1225,69,orchid_engine,Dax,gear lane,kept the gear lane open,69,0.335,0.343,0.805,0.808,True,True,True,True,True
1226,69,moss_ward,Tala,ledger no touch,asked before ledger,69,0.326,0.336,0.803,0.808,True,True,True,True,True
1227,69,glass_harbor,Nia,lamp bright,guarded lamp for me,69,0.328,0.336,0.805,0.808,True,True,True,True,True
1228,69,cinder_garden,Pax,shade first,left my basket sorted,69,0.326,0.336,0.805,0.81,True,True,True,True,True
1229,69,lichen_bridge,Rin,bowl shared,kept bowl shared,69,0.327,0.335,0.807,0.81,True,True,True,True,True
1230,69,orchid_engine,Eli,valve wait,did not turn the valve,69,0.334,0.344,0.807,0.812,True,True,True,True,True
1231,69,moss_ward,Ari,loom wait,waited during repair,69,0.335,0.343,0.809,0.812,True,True,True,True,True
1232,69,glass_harbor,Oren,tea first,shared crossing tea,69,0.335,0.345,0.812,0.817,True,True,True,True,True
1233,69,cinder_garden,Vale,seed sleep,kept the path cool,69,0.335,0.343,0.807,0.81,True,True,True,True,True
1234,69,lichen_bridge,Sol,signal hush,heard my signal,69,0.335,0.345,0.807,0.812,True,True,True,True,True
1235,69,orchid_engine,Bea,orchid rest,let orchid rest,69,0.344,0.352,0.805,0.808,True,True,True,True,True
1236,69,moss_ward,Fay,path dry,helped after rain,69,0.343,0.353,0.807,0.812,True,True,True,True,True
1237,69,glass_harbor,Puck,net keeper,kept net lane clear,69,0.336,0.344,0.803,0.806,True,True,True,True,True
1238,69,cinder_garden,Wren,cool hand,remembered shade first,69,0.336,0.346,0.805,0.81,True,True,True,True,True
1239,69,lichen_bridge,Kio,rope safe,waited at the rope,69,0.336,0.344,0.803,0.806,True,True,True,True,True
1240,69,orchid_engine,Cai,gear lane,kept the gear lane open,69,0.335,0.345,0.805,0.81,True,True,True,True,True
1241,69,moss_ward,Milo,ledger no touch,asked before ledger,69,0.344,0.352,0.808,0.811,True,True,True,True,True
1242,70,cinder_garden,Vale,shade first,left my basket sorted,70,0.337,0.347,0.81,0.815,True,True,True,True,True
1243,70,lichen_bridge,Sol,bowl shared,kept bowl shared,70,0.335,0.343,0.812,0.815,True,True,True,True,True
1244,70,orchid_engine,Bea,valve wait,did not turn the valve,70,0.326,0.336,0.808,0.813,True,True,True,True,True
1245,70,moss_ward,Fay,loom wait,waited during repair,70,0.328,0.336,0.812,0.815,True,True,True,True,True
1246,70,glass_harbor,Puck,tea first,shared crossing tea,70,0.326,0.336,0.806,0.811,True,True,True,True,True
1247,70,cinder_garden,Wren,seed sleep,kept the path cool,70,0.327,0.335,0.81,0.813,True,True,True,True,True
1248,70,lichen_bridge,Kio,signal hush,heard my signal,70,0.334,0.344,0.806,0.811,True,True,True,True,True
1249,70,orchid_engine,Cai,orchid rest,let orchid rest,70,0.335,0.343,0.81,0.813,True,True,True,True,True
1250,70,moss_ward,Milo,path dry,helped after rain,70,0.335,0.345,0.811,0.816,True,True,True,True,True
1251,70,glass_harbor,Sera,net keeper,kept net lane clear,70,0.335,0.343,0.808,0.811,True,True,True,True,True
1252,70,cinder_garden,Juno,cool hand,remembered shade first,70,0.335,0.345,0.808,0.813,True,True,True,True,True
1253,70,lichen_bridge,Luma,rope safe,waited at the rope,70,0.344,0.352,0.808,0.811,True,True,True,True,True
1254,70,orchid_engine,Dax,gear lane,kept the gear lane open,70,0.343,0.353,0.808,0.813,True,True,True,True,True
1255,70,moss_ward,Tala,ledger no touch,asked before ledger,70,0.336,0.344,0.808,0.811,True,True,True,True,True
1256,70,glass_harbor,Nia,lamp bright,guarded lamp for me,70,0.336,0.346,0.808,0.813,True,True,True,True,True
1257,70,cinder_garden,Pax,shade first,left my basket sorted,70,0.336,0.344,0.81,0.813,True,True,True,True,True
1258,70,lichen_bridge,Rin,bowl shared,kept bowl shared,70,0.335,0.345,0.81,0.815,True,True,True,True,True
1259,70,orchid_engine,Eli,valve wait,did not turn the valve,70,0.344,0.352,0.812,0.815,True,True,True,True,True
1260,71,glass_harbor,Sera,tea first,shared crossing tea,71,0.344,0.354,0.811,0.816,True,True,True,True,True
1261,71,cinder_garden,Juno,seed sleep,kept the path cool,71,0.343,0.351,0.813,0.816,True,True,True,True,True
1262,71,lichen_bridge,Luma,signal hush,heard my signal,71,0.335,0.345,0.811,0.816,True,True,True,True,True
1263,71,orchid_engine,Dax,orchid rest,let orchid rest,71,0.335,0.343,0.813,0.816,True,True,True,True,True
1264,71,moss_ward,Tala,path dry,helped after rain,71,0.335,0.345,0.811,0.816,True,True,True,True,True
1265,71,glass_harbor,Nia,net keeper,kept net lane clear,71,0.334,0.344,0.813,0.818,True,True,True,True,True
1266,71,cinder_garden,Pax,cool hand,remembered shade first,71,0.345,0.355,0.813,0.818,True,True,True,True,True
1267,71,lichen_bridge,Rin,rope safe,waited at the rope,71,0.344,0.352,0.815,0.818,True,True,True,True,True
1268,71,orchid_engine,Eli,gear lane,kept the gear lane open,71,0.337,0.347,0.815,0.82,True,True,True,True,True
1269,71,moss_ward,Ari,ledger no touch,asked before ledger,71,0.337,0.345,0.812,0.815,True,True,True,True,True
1270,71,glass_harbor,Oren,lamp bright,guarded lamp for me,71,0.338,0.348,0.817,0.822,True,True,True,True,True
1271,71,cinder_garden,Vale,shade first,left my basket sorted,71,0.347,0.355,0.815,0.818,True,True,True,True,True
1272,71,lichen_bridge,Sol,bowl shared,kept bowl shared,71,0.343,0.353,0.815,0.82,True,True,True,True,True
1273,71,orchid_engine,Bea,valve wait,did not turn the valve,71,0.336,0.344,0.813,0.816,True,True,True,True,True
1274,71,moss_ward,Fay,loom wait,waited during repair,71,0.336,0.346,0.815,0.82,True,True,True,True,True
1275,71,glass_harbor,Puck,tea first,shared crossing tea,71,0.336,0.344,0.811,0.814,True,True,True,True,True
1276,71,cinder_garden,Wren,seed sleep,kept the path cool,71,0.335,0.345,0.813,0.818,True,True,True,True,True
1277,71,lichen_bridge,Kio,signal hush,heard my signal,71,0.344,0.352,0.811,0.814,True,True,True,True,True
1278,72,moss_ward,Ari,path dry,helped after rain,72,0.346,0.356,0.815,0.82,True,True,True,True,True
1279,72,glass_harbor,Oren,net keeper,kept net lane clear,72,0.354,0.362,0.822,0.825,True,True,True,True,True
1280,72,cinder_garden,Vale,cool hand,remembered shade first,72,0.345,0.355,0.818,0.823,True,True,True,True,True
1281,72,lichen_bridge,Sol,rope safe,waited at the rope,72,0.347,0.355,0.82,0.823,True,True,True,True,True
1282,72,orchid_engine,Bea,gear lane,kept the gear lane open,72,0.345,0.355,0.816,0.821,True,True,True,True,True
1283,72,moss_ward,Fay,ledger no touch,asked before ledger,72,0.346,0.354,0.82,0.823,True,True,True,True,True
1284,72,glass_harbor,Puck,lamp bright,guarded lamp for me,72,0.35,0.36,0.814,0.819,True,True,True,True,True
1285,72,cinder_garden,Wren,shade first,left my basket sorted,72,0.352,0.36,0.818,0.821,True,True,True,True,True
1286,72,lichen_bridge,Kio,bowl shared,kept bowl shared,72,0.342,0.352,0.814,0.819,True,True,True,True,True
1287,72,orchid_engine,Cai,valve wait,did not turn the valve,72,0.345,0.353,0.813,0.816,True,True,True,True,True
1288,72,moss_ward,Milo,loom wait,waited during repair,72,0.344,0.354,0.816,0.821,True,True,True,True,True
1289,72,glass_harbor,Sera,tea first,shared crossing tea,72,0.354,0.362,0.816,0.819,True,True,True,True,True
1290,72,cinder_garden,Juno,seed sleep,kept the path cool,72,0.351,0.361,0.816,0.821,True,True,True,True,True
1291,72,lichen_bridge,Luma,signal hush,heard my signal,72,0.345,0.353,0.816,0.819,True,True,True,True,True
1292,72,orchid_engine,Dax,orchid rest,let orchid rest,72,0.343,0.353,0.816,0.821,True,True,True,True,True
1293,72,moss_ward,Tala,path dry,helped after rain,72,0.345,0.353,0.816,0.819,True,True,True,True,True
1294,72,glass_harbor,Nia,net keeper,kept net lane clear,72,0.344,0.354,0.818,0.823,True,True,True,True,True
1295,72,cinder_garden,Pax,cool hand,remembered shade first,72,0.355,0.363,0.818,0.821,True,True,True,True,True
1296,73,orchid_engine,Cai,gear lane,kept the gear lane open,73,0.345,0.355,0.816,0.821,True,True,True,True,True
1297,73,moss_ward,Milo,ledger no touch,asked before ledger,73,0.352,0.36,0.821,0.824,True,True,True,True,True
1298,73,glass_harbor,Sera,lamp bright,guarded lamp for me,73,0.343,0.353,0.819,0.824,True,True,True,True,True
1299,73,cinder_garden,Juno,shade first,left my basket sorted,73,0.345,0.353,0.821,0.824,True,True,True,True,True
1300,73,lichen_bridge,Luma,bowl shared,kept bowl shared,73,0.343,0.353,0.819,0.824,True,True,True,True,True
1301,73,orchid_engine,Dax,valve wait,did not turn the valve,73,0.344,0.352,0.821,0.824,True,True,True,True,True
1302,73,moss_ward,Tala,loom wait,waited during repair,73,0.352,0.362,0.819,0.824,True,True,True,True,True
1303,73,glass_harbor,Nia,tea first,shared crossing tea,73,0.352,0.36,0.823,0.826,True,True,True,True,True
1304,73,cinder_garden,Pax,seed sleep,kept the path cool,73,0.344,0.354,0.821,0.826,True,True,True,True,True
1305,73,lichen_bridge,Rin,signal hush,heard my signal,73,0.345,0.353,0.818,0.821,True,True,True,True,True
1306,73,orchid_engine,Eli,orchid rest,let orchid rest,73,0.346,0.356,0.82,0.825,True,True,True,True,True
1307,73,moss_ward,Ari,path dry,helped after rain,73,0.356,0.364,0.82,0.823,True,True,True,True,True
1308,73,glass_harbor,Oren,net keeper,kept net lane clear,73,0.362,0.372,0.825,0.83,True,True,True,True,True
1309,73,cinder_garden,Vale,cool hand,remembered shade first,73,0.355,0.363,0.823,0.826,True,True,True,True,True
1310,73,lichen_bridge,Sol,rope safe,waited at the rope,73,0.355,0.365,0.823,0.828,True,True,True,True,True
1311,73,orchid_engine,Bea,gear lane,kept the gear lane open,73,0.355,0.363,0.821,0.824,True,True,True,True,True
1312,73,moss_ward,Fay,ledger no touch,asked before ledger,73,0.354,0.364,0.823,0.828,True,True,True,True,True
1313,73,glass_harbor,Puck,lamp bright,guarded lamp for me,73,0.36,0.368,0.819,0.822,True,True,True,True,True
1314,74,lichen_bridge,Rin,bowl shared,kept bowl shared,74,0.345,0.355,0.821,0.826,True,True,True,True,True
1315,74,orchid_engine,Eli,valve wait,did not turn the valve,74,0.352,0.36,0.825,0.828,True,True,True,True,True
1316,74,moss_ward,Ari,loom wait,waited during repair,74,0.343,0.353,0.823,0.828,True,True,True,True,True
1317,74,glass_harbor,Oren,tea first,shared crossing tea,74,0.345,0.353,0.83,0.833,True,True,True,True,True
1318,74,cinder_garden,Vale,seed sleep,kept the path cool,74,0.343,0.353,0.826,0.831,True,True,True,True,True
1319,74,lichen_bridge,Sol,signal hush,heard my signal,74,0.345,0.353,0.828,0.831,True,True,True,True,True
1320,74,orchid_engine,Bea,orchid rest,let orchid rest,74,0.352,0.362,0.824,0.829,True,True,True,True,True
1321,74,moss_ward,Fay,path dry,helped after rain,74,0.353,0.361,0.828,0.831,True,True,True,True,True
1322,74,glass_harbor,Puck,net keeper,kept net lane clear,74,0.344,0.354,0.822,0.827,True,True,True,True,True
1323,74,cinder_garden,Wren,cool hand,remembered shade first,74,0.346,0.354,0.821,0.824,True,True,True,True,True
1324,74,lichen_bridge,Kio,rope safe,waited at the rope,74,0.344,0.354,0.819,0.824,True,True,True,True,True
1325,74,orchid_engine,Cai,gear lane,kept the gear lane open,74,0.355,0.363,0.821,0.824,True,True,True,True,True
1326,74,moss_ward,Milo,ledger no touch,asked before ledger,74,0.36,0.37,0.824,0.829,True,True,True,True,True
1327,74,glass_harbor,Sera,lamp bright,guarded lamp for me,74,0.353,0.361,0.824,0.827,True,True,True,True,True
1328,74,cinder_garden,Juno,shade first,left my basket sorted,74,0.353,0.363,0.824,0.829,True,True,True,True,True
1329,74,lichen_bridge,Luma,bowl shared,kept bowl shared,74,0.353,0.361,0.824,0.827,True,True,True,True,True
1330,74,orchid_engine,Dax,valve wait,did not turn the valve,74,0.352,0.362,0.824,0.829,True,True,True,True,True
1331,74,moss_ward,Tala,loom wait,waited during repair,74,0.362,0.37,0.824,0.827,True,True,True,True,True
1332,75,cinder_garden,Wren,seed sleep,kept the path cool,75,0.345,0.355,0.824,0.829,True,True,True,True,True
1333,75,lichen_bridge,Kio,signal hush,heard my signal,75,0.352,0.36,0.824,0.827,True,True,True,True,True
1334,75,orchid_engine,Cai,orchid rest,let orchid rest,75,0.343,0.353,0.824,0.829,True,True,True,True,True
1335,75,moss_ward,Milo,path dry,helped after rain,75,0.345,0.353,0.829,0.832,True,True,True,True,True
1336,75,glass_harbor,Sera,net keeper,kept net lane clear,75,0.343,0.353,0.827,0.832,True,True,True,True,True
1337,75,cinder_garden,Juno,cool hand,remembered shade first,75,0.345,0.353,0.829,0.832,True,True,True,True,True
1338,75,lichen_bridge,Luma,rope safe,waited at the rope,75,0.352,0.362,0.827,0.832,True,True,True,True,True
1339,75,orchid_engine,Dax,gear lane,kept the gear lane open,75,0.353,0.361,0.829,0.832,True,True,True,True,True
1340,75,moss_ward,Tala,ledger no touch,asked before ledger,75,0.344,0.354,0.827,0.832,True,True,True,True,True
1341,75,glass_harbor,Nia,lamp bright,guarded lamp for me,75,0.346,0.354,0.826,0.829,True,True,True,True,True
1342,75,cinder_garden,Pax,shade first,left my basket sorted,75,0.344,0.354,0.826,0.831,True,True,True,True,True
1343,75,lichen_bridge,Rin,bowl shared,kept bowl shared,75,0.355,0.363,0.826,0.829,True,True,True,True,True
1344,75,orchid_engine,Eli,valve wait,did not turn the valve,75,0.36,0.37,0.828,0.833,True,True,True,True,True
1345,75,moss_ward,Ari,loom wait,waited during repair,75,0.353,0.361,0.828,0.831,True,True,True,True,True
1346,75,glass_harbor,Oren,tea first,shared crossing tea,75,0.353,0.363,0.833,0.838,True,True,True,True,True
1347,75,cinder_garden,Vale,seed sleep,kept the path cool,75,0.353,0.361,0.831,0.834,True,True,True,True,True
1348,75,lichen_bridge,Sol,signal hush,heard my signal,75,0.353,0.363,0.831,0.836,True,True,True,True,True
1349,75,orchid_engine,Bea,orchid rest,let orchid rest,75,0.362,0.37,0.829,0.832,True,True,True,True,True
1350,76,glass_harbor,Nia,net keeper,kept net lane clear,76,0.354,0.364,0.829,0.834,True,True,True,True,True
1351,76,cinder_garden,Pax,cool hand,remembered shade first,76,0.363,0.371,0.831,0.834,True,True,True,True,True
1352,76,lichen_bridge,Rin,rope safe,waited at the rope,76,0.352,0.362,0.829,0.834,True,True,True,True,True
1353,76,orchid_engine,Eli,gear lane,kept the gear lane open,76,0.347,0.355,0.833,0.836,True,True,True,True,True
1354,76,moss_ward,Ari,ledger no touch,asked before ledger,76,0.345,0.355,0.831,0.836,True,True,True,True,True
1355,76,glass_harbor,Oren,lamp bright,guarded lamp for me,76,0.348,0.356,0.838,0.841,True,True,True,True,True
1356,76,cinder_garden,Vale,shade first,left my basket sorted,76,0.355,0.365,0.834,0.839,True,True,True,True,True
1357,76,lichen_bridge,Sol,bowl shared,kept bowl shared,76,0.353,0.361,0.836,0.839,True,True,True,True,True
1358,76,orchid_engine,Bea,valve wait,did not turn the valve,76,0.344,0.354,0.832,0.837,True,True,True,True,True
1359,76,moss_ward,Fay,loom wait,waited during repair,76,0.346,0.354,0.831,0.834,True,True,True,True,True
1360,76,glass_harbor,Puck,tea first,shared crossing tea,76,0.344,0.354,0.827,0.832,True,True,True,True,True
1361,76,cinder_garden,Wren,seed sleep,kept the path cool,76,0.355,0.363,0.829,0.832,True,True,True,True,True
1362,76,lichen_bridge,Kio,signal hush,heard my signal,76,0.36,0.37,0.827,0.832,True,True,True,True,True
1363,76,orchid_engine,Cai,orchid rest,let orchid rest,76,0.353,0.361,0.829,0.832,True,True,True,True,True
1364,76,moss_ward,Milo,path dry,helped after rain,76,0.353,0.363,0.832,0.837,True,True,True,True,True
1365,76,glass_harbor,Sera,net keeper,kept net lane clear,76,0.353,0.361,0.832,0.835,True,True,True,True,True
1366,76,cinder_garden,Juno,cool hand,remembered shade first,76,0.353,0.363,0.832,0.837,True,True,True,True,True
1367,76,lichen_bridge,Luma,rope safe,waited at the rope,76,0.362,0.37,0.832,0.835,True,True,True,True,True
1368,77,moss_ward,Fay,ledger no touch,asked before ledger,77,0.364,0.374,0.834,0.839,True,True,True,True,True
1369,77,glass_harbor,Puck,lamp bright,guarded lamp for me,77,0.368,0.376,0.832,0.835,True,True,True,True,True
1370,77,cinder_garden,Wren,shade first,left my basket sorted,77,0.36,0.37,0.832,0.837,True,True,True,True,True
1371,77,lichen_bridge,Kio,bowl shared,kept bowl shared,77,0.352,0.36,0.832,0.835,True,True,True,True,True
1372,77,orchid_engine,Cai,valve wait,did not turn the valve,77,0.353,0.363,0.832,0.837,True,True,True,True,True
1373,77,moss_ward,Milo,loom wait,waited during repair,77,0.354,0.362,0.837,0.84,True,True,True,True,True
1374,77,glass_harbor,Sera,tea first,shared crossing tea,77,0.362,0.372,0.835,0.84,True,True,True,True,True
1375,77,cinder_garden,Juno,seed sleep,kept the path cool,77,0.361,0.369,0.837,0.84,True,True,True,True,True
1376,77,lichen_bridge,Luma,signal hush,heard my signal,77,0.353,0.363,0.835,0.84,True,True,True,True,True
1377,77,orchid_engine,Dax,orchid rest,let orchid rest,77,0.353,0.361,0.832,0.835,True,True,True,True,True
1378,77,moss_ward,Tala,path dry,helped after rain,77,0.353,0.363,0.832,0.837,True,True,True,True,True
1379,77,glass_harbor,Nia,net keeper,kept net lane clear,77,0.364,0.372,0.834,0.837,True,True,True,True,True
1380,77,cinder_garden,Pax,cool hand,remembered shade first,77,0.371,0.381,0.834,0.839,True,True,True,True,True
1381,77,lichen_bridge,Rin,rope safe,waited at the rope,77,0.362,0.37,0.834,0.837,True,True,True,True,True
1382,77,orchid_engine,Eli,gear lane,kept the gear lane open,77,0.355,0.365,0.836,0.841,True,True,True,True,True
1383,77,moss_ward,Ari,ledger no touch,asked before ledger,77,0.355,0.363,0.836,0.839,True,True,True,True,True
1384,77,glass_harbor,Oren,lamp bright,guarded lamp for me,77,0.356,0.366,0.841,0.846,True,True,True,True,True
1385,77,cinder_garden,Vale,shade first,left my basket sorted,77,0.365,0.373,0.839,0.842,True,True,True,True,True
1386,78,orchid_engine,Dax,valve wait,did not turn the valve,78,0.362,0.372,0.835,0.84,True,True,True,True,True
1387,78,moss_ward,Tala,loom wait,waited during repair,78,0.37,0.378,0.837,0.84,True,True,True,True,True
1388,78,glass_harbor,Nia,tea first,shared crossing tea,78,0.36,0.37,0.837,0.842,True,True,True,True,True
1389,78,cinder_garden,Pax,seed sleep,kept the path cool,78,0.354,0.362,0.839,0.842,True,True,True,True,True
1390,78,lichen_bridge,Rin,signal hush,heard my signal,78,0.353,0.363,0.837,0.842,True,True,True,True,True
1391,78,orchid_engine,Eli,orchid rest,let orchid rest,78,0.356,0.364,0.841,0.844,True,True,True,True,True
1392,78,moss_ward,Ari,path dry,helped after rain,78,0.364,0.374,0.839,0.844,True,True,True,True,True
1393,78,glass_harbor,Oren,net keeper,kept net lane clear,78,0.372,0.38,0.846,0.849,True,True,True,True,True
1394,78,cinder_garden,Vale,cool hand,remembered shade first,78,0.363,0.373,0.842,0.847,True,True,True,True,True
1395,78,lichen_bridge,Sol,rope safe,waited at the rope,78,0.365,0.373,0.839,0.842,True,True,True,True,True
1396,78,orchid_engine,Bea,gear lane,kept the gear lane open,78,0.363,0.373,0.837,0.842,True,True,True,True,True
1397,78,moss_ward,Fay,ledger no touch,asked before ledger,78,0.374,0.382,0.839,0.842,True,True,True,True,True
1398,78,glass_harbor,Puck,lamp bright,guarded lamp for me,78,0.376,0.386,0.835,0.84,True,True,True,True,True
1399,78,cinder_garden,Wren,shade first,left my basket sorted,78,0.37,0.378,0.837,0.84,True,True,True,True,True
1400,78,lichen_bridge,Kio,bowl shared,kept bowl shared,78,0.36,0.37,0.835,0.84,True,True,True,True,True
1401,78,orchid_engine,Cai,valve wait,did not turn the valve,78,0.363,0.371,0.837,0.84,True,True,True,True,True
1402,78,moss_ward,Milo,loom wait,waited during repair,78,0.362,0.372,0.84,0.845,True,True,True,True,True
1403,78,glass_harbor,Sera,tea first,shared crossing tea,78,0.372,0.38,0.84,0.843,True,True,True,True,True
1404,79,lichen_bridge,Sol,signal hush,heard my signal,79,0.363,0.373,0.842,0.847,True,True,True,True,True
1405,79,orchid_engine,Bea,orchid rest,let orchid rest,79,0.37,0.378,0.842,0.845,True,True,True,True,True
1406,79,moss_ward,Fay,path dry,helped after rain,79,0.361,0.371,0.842,0.847,True,True,True,True,True
1407,79,glass_harbor,Puck,net keeper,kept net lane clear,79,0.354,0.362,0.84,0.843,True,True,True,True,True
1408,79,cinder_garden,Wren,cool hand,remembered shade first,79,0.354,0.364,0.84,0.845,True,True,True,True,True
1409,79,lichen_bridge,Kio,rope safe,waited at the rope,79,0.354,0.362,0.84,0.843,True,True,True,True,True
1410,79,orchid_engine,Cai,gear lane,kept the gear lane open,79,0.363,0.373,0.84,0.845,True,True,True,True,True
1411,79,moss_ward,Milo,ledger no touch,asked before ledger,79,0.37,0.378,0.845,0.848,True,True,True,True,True
1412,79,glass_harbor,Sera,lamp bright,guarded lamp for me,79,0.361,0.371,0.843,0.848,True,True,True,True,True
1413,79,cinder_garden,Juno,shade first,left my basket sorted,79,0.363,0.371,0.84,0.843,True,True,True,True,True
1414,79,lichen_bridge,Luma,bowl shared,kept bowl shared,79,0.361,0.371,0.84,0.845,True,True,True,True,True
1415,79,orchid_engine,Dax,valve wait,did not turn the valve,79,0.372,0.38,0.84,0.843,True,True,True,True,True
1416,79,moss_ward,Tala,loom wait,waited during repair,79,0.378,0.388,0.84,0.845,True,True,True,True,True
1417,79,glass_harbor,Nia,tea first,shared crossing tea,79,0.37,0.378,0.842,0.845,True,True,True,True,True
1418,79,cinder_garden,Pax,seed sleep,kept the path cool,79,0.362,0.372,0.842,0.847,True,True,True,True,True
1419,79,lichen_bridge,Rin,signal hush,heard my signal,79,0.363,0.373,0.842,0.847,True,True,True,True,True
1420,79,orchid_engine,Eli,orchid rest,let orchid rest,79,0.364,0.374,0.844,0.849,True,True,True,True,True
1421,79,moss_ward,Ari,path dry,helped after rain,79,0.374,0.382,0.844,0.847,True,True,True,True,True
1422,80,cinder_garden,Juno,cool hand,remembered shade first,80,0.363,0.373,0.843,0.848,True,True,True,True,True
1423,80,lichen_bridge,Luma,rope safe,waited at the rope,80,0.37,0.378,0.845,0.848,True,True,True,True,True
1424,80,orchid_engine,Dax,gear lane,kept the gear lane open,80,0.361,0.371,0.843,0.848,True,True,True,True,True
1425,80,moss_ward,Tala,ledger no touch,asked before ledger,80,0.354,0.362,0.845,0.848,True,True,True,True,True
1426,80,glass_harbor,Nia,lamp bright,guarded lamp for me,80,0.354,0.364,0.845,0.85,True,True,True,True,True
1427,80,cinder_garden,Pax,shade first,left my basket sorted,80,0.354,0.362,0.847,0.85,True,True,True,True,True
1428,80,lichen_bridge,Rin,bowl shared,kept bowl shared,80,0.363,0.373,0.847,0.852,True,True,True,True,True
1429,80,orchid_engine,Eli,valve wait,did not turn the valve,80,0.37,0.378,0.849,0.852,True,True,True,True,True
1430,80,moss_ward,Ari,loom wait,waited during repair,80,0.361,0.371,0.847,0.852,True,True,True,True,True
1431,80,glass_harbor,Oren,tea first,shared crossing tea,80,0.363,0.371,0.849,0.852,True,True,True,True,True
1432,80,cinder_garden,Vale,seed sleep,kept the path cool,80,0.361,0.371,0.847,0.852,True,True,True,True,True
1433,80,lichen_bridge,Sol,signal hush,heard my signal,80,0.373,0.381,0.847,0.85,True,True,True,True,True
1434,80,orchid_engine,Bea,orchid rest,let orchid rest,80,0.378,0.388,0.845,0.85,True,True,True,True,True
1435,80,moss_ward,Fay,path dry,helped after rain,80,0.371,0.379,0.847,0.85,True,True,True,True,True
1436,80,glass_harbor,Puck,net keeper,kept net lane clear,80,0.362,0.372,0.843,0.848,True,True,True,True,True
1437,80,cinder_garden,Wren,cool hand,remembered shade first,80,0.364,0.372,0.845,0.848,True,True,True,True,True
1438,80,lichen_bridge,Kio,rope safe,waited at the rope,80,0.362,0.372,0.843,0.848,True,True,True,True,True
1439,80,orchid_engine,Cai,gear lane,kept the gear lane open,80,0.373,0.381,0.845,0.848,True,True,True,True,True
1440,81,glass_harbor,Oren,lamp bright,guarded lamp for me,81,0.366,0.376,0.852,0.857,True,True,True,True,True
1441,81,cinder_garden,Vale,shade first,left my basket sorted,81,0.373,0.381,0.852,0.855,True,True,True,True,True
1442,81,lichen_bridge,Sol,bowl shared,kept bowl shared,81,0.361,0.371,0.85,0.855,True,True,True,True,True
1443,81,orchid_engine,Bea,valve wait,did not turn the valve,81,0.354,0.362,0.85,0.853,True,True,True,True,True
1444,81,moss_ward,Fay,loom wait,waited during repair,81,0.354,0.364,0.85,0.855,True,True,True,True,True
1445,81,glass_harbor,Puck,tea first,shared crossing tea,81,0.354,0.362,0.848,0.851,True,True,True,True,True
1446,81,cinder_garden,Wren,seed sleep,kept the path cool,81,0.363,0.373,0.848,0.853,True,True,True,True,True
1447,81,lichen_bridge,Kio,signal hush,heard my signal,81,0.37,0.378,0.848,0.851,True,True,True,True,True
1448,81,orchid_engine,Cai,orchid rest,let orchid rest,81,0.361,0.371,0.848,0.853,True,True,True,True,True
1449,81,moss_ward,Milo,path dry,helped after rain,81,0.363,0.371,0.848,0.851,True,True,True,True,True
1450,81,glass_harbor,Sera,net keeper,kept net lane clear,81,0.361,0.371,0.848,0.853,True,True,True,True,True
1451,81,cinder_garden,Juno,cool hand,remembered shade first,81,0.373,0.381,0.848,0.851,True,True,True,True,True
1452,81,lichen_bridge,Luma,rope safe,waited at the rope,81,0.378,0.388,0.848,0.853,True,True,True,True,True
1453,81,orchid_engine,Dax,gear lane,kept the gear lane open,81,0.371,0.379,0.848,0.851,True,True,True,True,True
1454,81,moss_ward,Tala,ledger no touch,asked before ledger,81,0.362,0.372,0.848,0.853,True,True,True,True,True
1455,81,glass_harbor,Nia,lamp bright,guarded lamp for me,81,0.364,0.372,0.85,0.853,True,True,True,True,True
1456,81,cinder_garden,Pax,shade first,left my basket sorted,81,0.362,0.372,0.85,0.855,True,True,True,True,True
1457,81,lichen_bridge,Rin,bowl shared,kept bowl shared,81,0.373,0.381,0.852,0.855,True,True,True,True,True
1458,82,moss_ward,Milo,loom wait,waited during repair,82,0.372,0.382,0.851,0.856,True,True,True,True,True
1459,82,glass_harbor,Sera,tea first,shared crossing tea,82,0.38,0.388,0.853,0.856,True,True,True,True,True
1460,82,cinder_garden,Juno,seed sleep,kept the path cool,82,0.369,0.379,0.851,0.856,True,True,True,True,True
1461,82,lichen_bridge,Luma,signal hush,heard my signal,82,0.363,0.371,0.853,0.856,True,True,True,True,True
1462,82,orchid_engine,Dax,orchid rest,let orchid rest,82,0.361,0.371,0.851,0.856,True,True,True,True,True
1463,82,moss_ward,Tala,path dry,helped after rain,82,0.363,0.373,0.853,0.858,True,True,True,True,True
1464,82,glass_harbor,Nia,net keeper,kept net lane clear,82,0.372,0.382,0.853,0.858,True,True,True,True,True
1465,82,cinder_garden,Pax,cool hand,remembered shade first,82,0.381,0.389,0.855,0.858,True,True,True,True,True
1466,82,lichen_bridge,Rin,rope safe,waited at the rope,82,0.37,0.38,0.855,0.86,True,True,True,True,True
1467,82,orchid_engine,Eli,gear lane,kept the gear lane open,82,0.365,0.373,0.852,0.855,True,True,True,True,True
1468,82,moss_ward,Ari,ledger no touch,asked before ledger,82,0.363,0.373,0.852,0.857,True,True,True,True,True
1469,82,glass_harbor,Oren,lamp bright,guarded lamp for me,82,0.376,0.384,0.857,0.86,True,True,True,True,True
1470,82,cinder_garden,Vale,shade first,left my basket sorted,82,0.381,0.391,0.855,0.86,True,True,True,True,True
1471,82,lichen_bridge,Sol,bowl shared,kept bowl shared,82,0.371,0.379,0.855,0.858,True,True,True,True,True
1472,82,orchid_engine,Bea,valve wait,did not turn the valve,82,0.362,0.372,0.853,0.858,True,True,True,True,True
1473,82,moss_ward,Fay,loom wait,waited during repair,82,0.364,0.372,0.855,0.858,True,True,True,True,True
1474,82,glass_harbor,Puck,tea first,shared crossing tea,82,0.362,0.372,0.851,0.856,True,True,True,True,True
1475,82,cinder_garden,Wren,seed sleep,kept the path cool,82,0.373,0.381,0.853,0.856,True,True,True,True,True
1476,83,orchid_engine,Eli,orchid rest,let orchid rest,83,0.374,0.384,0.855,0.86,True,True,True,True,True
1477,83,moss_ward,Ari,path dry,helped after rain,83,0.382,0.39,0.857,0.86,True,True,True,True,True
1478,83,glass_harbor,Oren,net keeper,kept net lane clear,83,0.38,0.39,0.86,0.865,True,True,True,True,True
1479,83,cinder_garden,Vale,cool hand,remembered shade first,83,0.373,0.381,0.86,0.863,True,True,True,True,True
1480,83,lichen_bridge,Sol,rope safe,waited at the rope,83,0.373,0.383,0.858,0.863,True,True,True,True,True
1481,83,orchid_engine,Bea,gear lane,kept the gear lane open,83,0.373,0.381,0.858,0.861,True,True,True,True,True
1482,83,moss_ward,Fay,ledger no touch,asked before ledger,83,0.382,0.392,0.858,0.863,True,True,True,True,True
1483,83,glass_harbor,Puck,lamp bright,guarded lamp for me,83,0.386,0.394,0.856,0.859,True,True,True,True,True
1484,83,cinder_garden,Wren,shade first,left my basket sorted,83,0.378,0.388,0.856,0.861,True,True,True,True,True
1485,83,lichen_bridge,Kio,bowl shared,kept bowl shared,83,0.37,0.378,0.851,0.854,True,True,True,True,True
1486,83,orchid_engine,Cai,valve wait,did not turn the valve,83,0.371,0.381,0.853,0.858,True,True,True,True,True
1487,83,moss_ward,Milo,loom wait,waited during repair,83,0.382,0.39,0.856,0.859,True,True,True,True,True
1488,83,glass_harbor,Sera,tea first,shared crossing tea,83,0.388,0.398,0.856,0.861,True,True,True,True,True
1489,83,cinder_garden,Juno,seed sleep,kept the path cool,83,0.379,0.387,0.856,0.859,True,True,True,True,True
1490,83,lichen_bridge,Luma,signal hush,heard my signal,83,0.371,0.381,0.856,0.861,True,True,True,True,True
1491,83,orchid_engine,Dax,orchid rest,let orchid rest,83,0.371,0.379,0.856,0.859,True,True,True,True,True
1492,83,moss_ward,Tala,path dry,helped after rain,83,0.373,0.383,0.858,0.863,True,True,True,True,True
1493,83,glass_harbor,Nia,net keeper,kept net lane clear,83,0.382,0.39,0.858,0.861,True,True,True,True,True
1494,84,lichen_bridge,Kio,rope safe,waited at the rope,84,0.372,0.382,0.854,0.859,True,True,True,True,True
1495,84,orchid_engine,Cai,gear lane,kept the gear lane open,84,0.381,0.389,0.858,0.861,True,True,True,True,True
1496,84,moss_ward,Milo,ledger no touch,asked before ledger,84,0.378,0.388,0.859,0.864,True,True,True,True,True
1497,84,glass_harbor,Sera,lamp bright,guarded lamp for me,84,0.371,0.379,0.861,0.864,True,True,True,True,True
1498,84,cinder_garden,Juno,shade first,left my basket sorted,84,0.371,0.381,0.859,0.864,True,True,True,True,True
1499,84,lichen_bridge,Luma,bowl shared,kept bowl shared,84,0.371,0.379,0.861,0.864,True,True,True,True,True
1500,84,orchid_engine,Dax,valve wait,did not turn the valve,84,0.38,0.39,0.859,0.864,True,True,True,True,True
1501,84,moss_ward,Tala,loom wait,waited during repair,84,0.388,0.396,0.863,0.866,True,True,True,True,True
1502,84,glass_harbor,Nia,tea first,shared crossing tea,84,0.378,0.388,0.861,0.866,True,True,True,True,True
1503,84,cinder_garden,Pax,seed sleep,kept the path cool,84,0.372,0.38,0.858,0.861,True,True,True,True,True
1504,84,lichen_bridge,Rin,signal hush,heard my signal,84,0.373,0.383,0.86,0.865,True,True,True,True,True
1505,84,orchid_engine,Eli,orchid rest,let orchid rest,84,0.384,0.392,0.86,0.863,True,True,True,True,True
1506,84,moss_ward,Ari,path dry,helped after rain,84,0.39,0.4,0.86,0.865,True,True,True,True,True
1507,84,glass_harbor,Oren,net keeper,kept net lane clear,84,0.39,0.398,0.865,0.868,True,True,True,True,True
1508,84,cinder_garden,Vale,cool hand,remembered shade first,84,0.381,0.391,0.863,0.868,True,True,True,True,True
1509,84,lichen_bridge,Sol,rope safe,waited at the rope,84,0.383,0.391,0.863,0.866,True,True,True,True,True
1510,84,orchid_engine,Bea,gear lane,kept the gear lane open,84,0.381,0.391,0.861,0.866,True,True,True,True,True
1511,84,moss_ward,Fay,ledger no touch,asked before ledger,84,0.392,0.4,0.863,0.866,True,True,True,True,True
1512,85,cinder_garden,Pax,shade first,left my basket sorted,85,0.372,0.382,0.861,0.866,True,True,True,True,True
1513,85,lichen_bridge,Rin,bowl shared,kept bowl shared,85,0.381,0.389,0.865,0.868,True,True,True,True,True
1514,85,orchid_engine,Eli,valve wait,did not turn the valve,85,0.378,0.388,0.863,0.868,True,True,True,True,True
1515,85,moss_ward,Ari,loom wait,waited during repair,85,0.371,0.379,0.865,0.868,True,True,True,True,True
1516,85,glass_harbor,Oren,tea first,shared crossing tea,85,0.371,0.381,0.868,0.873,True,True,True,True,True
1517,85,cinder_garden,Vale,seed sleep,kept the path cool,85,0.371,0.379,0.868,0.871,True,True,True,True,True
1518,85,lichen_bridge,Sol,signal hush,heard my signal,85,0.381,0.391,0.866,0.871,True,True,True,True,True
1519,85,orchid_engine,Bea,orchid rest,let orchid rest,85,0.388,0.396,0.866,0.869,True,True,True,True,True
1520,85,moss_ward,Fay,path dry,helped after rain,85,0.379,0.389,0.866,0.871,True,True,True,True,True
1521,85,glass_harbor,Puck,net keeper,kept net lane clear,85,0.372,0.38,0.859,0.862,True,True,True,True,True
1522,85,cinder_garden,Wren,cool hand,remembered shade first,85,0.372,0.382,0.861,0.866,True,True,True,True,True
1523,85,lichen_bridge,Kio,rope safe,waited at the rope,85,0.382,0.39,0.859,0.862,True,True,True,True,True
1524,85,orchid_engine,Cai,gear lane,kept the gear lane open,85,0.389,0.399,0.861,0.866,True,True,True,True,True
1525,85,moss_ward,Milo,ledger no touch,asked before ledger,85,0.388,0.396,0.864,0.867,True,True,True,True,True
1526,85,glass_harbor,Sera,lamp bright,guarded lamp for me,85,0.379,0.389,0.864,0.869,True,True,True,True,True
1527,85,cinder_garden,Juno,shade first,left my basket sorted,85,0.381,0.389,0.864,0.867,True,True,True,True,True
1528,85,lichen_bridge,Luma,bowl shared,kept bowl shared,85,0.379,0.389,0.864,0.869,True,True,True,True,True
1529,85,orchid_engine,Dax,valve wait,did not turn the valve,85,0.39,0.398,0.864,0.867,True,True,True,True,True
1530,86,glass_harbor,Puck,tea first,shared crossing tea,86,0.372,0.382,0.862,0.867,True,True,True,True,True
1531,86,cinder_garden,Wren,seed sleep,kept the path cool,86,0.381,0.389,0.866,0.869,True,True,True,True,True
1532,86,lichen_bridge,Kio,signal hush,heard my signal,86,0.378,0.388,0.862,0.867,True,True,True,True,True
1533,86,orchid_engine,Cai,orchid rest,let orchid rest,86,0.371,0.379,0.866,0.869,True,True,True,True,True
1534,86,moss_ward,Milo,path dry,helped after rain,86,0.371,0.381,0.867,0.872,True,True,True,True,True
1535,86,glass_harbor,Sera,net keeper,kept net lane clear,86,0.371,0.379,0.869,0.872,True,True,True,True,True
1536,86,cinder_garden,Juno,cool hand,remembered shade first,86,0.381,0.391,0.867,0.872,True,True,True,True,True
1537,86,lichen_bridge,Luma,rope safe,waited at the rope,86,0.388,0.396,0.869,0.872,True,True,True,True,True
1538,86,orchid_engine,Dax,gear lane,kept the gear lane open,86,0.379,0.389,0.867,0.872,True,True,True,True,True
1539,86,moss_ward,Tala,ledger no touch,asked before ledger,86,0.372,0.38,0.866,0.869,True,True,True,True,True
1540,86,glass_harbor,Nia,lamp bright,guarded lamp for me,86,0.372,0.382,0.866,0.871,True,True,True,True,True
1541,86,cinder_garden,Pax,shade first,left my basket sorted,86,0.382,0.39,0.866,0.869,True,True,True,True,True
1542,86,lichen_bridge,Rin,bowl shared,kept bowl shared,86,0.389,0.399,0.868,0.873,True,True,True,True,True
1543,86,orchid_engine,Eli,valve wait,did not turn the valve,86,0.388,0.396,0.868,0.871,True,True,True,True,True
1544,86,moss_ward,Ari,loom wait,waited during repair,86,0.379,0.389,0.868,0.873,True,True,True,True,True
1545,86,glass_harbor,Oren,tea first,shared crossing tea,86,0.381,0.389,0.873,0.876,True,True,True,True,True
1546,86,cinder_garden,Vale,seed sleep,kept the path cool,86,0.379,0.389,0.871,0.876,True,True,True,True,True
1547,86,lichen_bridge,Sol,signal hush,heard my signal,86,0.391,0.399,0.871,0.874,True,True,True,True,True
1548,87,moss_ward,Tala,path dry,helped after rain,87,0.383,0.393,0.869,0.874,True,True,True,True,True
1549,87,glass_harbor,Nia,net keeper,kept net lane clear,87,0.39,0.398,0.871,0.874,True,True,True,True,True
1550,87,cinder_garden,Pax,cool hand,remembered shade first,87,0.389,0.399,0.869,0.874,True,True,True,True,True
1551,87,lichen_bridge,Rin,rope safe,waited at the rope,87,0.38,0.388,0.873,0.876,True,True,True,True,True
1552,87,orchid_engine,Eli,gear lane,kept the gear lane open,87,0.373,0.383,0.871,0.876,True,True,True,True,True
1553,87,moss_ward,Ari,ledger no touch,asked before ledger,87,0.373,0.381,0.873,0.876,True,True,True,True,True
1554,87,glass_harbor,Oren,lamp bright,guarded lamp for me,87,0.384,0.394,0.876,0.881,True,True,True,True,True
1555,87,cinder_garden,Vale,shade first,left my basket sorted,87,0.391,0.399,0.876,0.879,True,True,True,True,True
1556,87,lichen_bridge,Sol,bowl shared,kept bowl shared,87,0.379,0.389,0.874,0.879,True,True,True,True,True
1557,87,orchid_engine,Bea,valve wait,did not turn the valve,87,0.372,0.38,0.869,0.872,True,True,True,True,True
1558,87,moss_ward,Fay,loom wait,waited during repair,87,0.372,0.382,0.871,0.876,True,True,True,True,True
1559,87,glass_harbor,Puck,tea first,shared crossing tea,87,0.382,0.39,0.867,0.87,True,True,True,True,True
1560,87,cinder_garden,Wren,seed sleep,kept the path cool,87,0.389,0.399,0.869,0.874,True,True,True,True,True
1561,87,lichen_bridge,Kio,signal hush,heard my signal,87,0.388,0.396,0.867,0.87,True,True,True,True,True
1562,87,orchid_engine,Cai,orchid rest,let orchid rest,87,0.379,0.389,0.869,0.874,True,True,True,True,True
1563,87,moss_ward,Milo,path dry,helped after rain,87,0.381,0.389,0.872,0.875,True,True,True,True,True
1564,87,glass_harbor,Sera,net keeper,kept net lane clear,87,0.379,0.389,0.872,0.877,True,True,True,True,True
1565,87,cinder_garden,Juno,cool hand,remembered shade first,87,0.391,0.399,0.872,0.875,True,True,True,True,True
1566,88,orchid_engine,Bea,gear lane,kept the gear lane open,88,0.391,0.401,0.872,0.877,True,True,True,True,True
1567,88,moss_ward,Fay,ledger no touch,asked before ledger,88,0.4,0.408,0.876,0.879,True,True,True,True,True
1568,88,glass_harbor,Puck,lamp bright,guarded lamp for me,88,0.394,0.404,0.87,0.875,True,True,True,True,True
1569,88,cinder_garden,Wren,shade first,left my basket sorted,88,0.388,0.396,0.874,0.877,True,True,True,True,True
1570,88,lichen_bridge,Kio,bowl shared,kept bowl shared,88,0.378,0.388,0.87,0.875,True,True,True,True,True
1571,88,orchid_engine,Cai,valve wait,did not turn the valve,88,0.381,0.389,0.874,0.877,True,True,True,True,True
1572,88,moss_ward,Milo,loom wait,waited during repair,88,0.39,0.4,0.875,0.88,True,True,True,True,True
1573,88,glass_harbor,Sera,tea first,shared crossing tea,88,0.398,0.406,0.877,0.88,True,True,True,True,True
1574,88,cinder_garden,Juno,seed sleep,kept the path cool,88,0.387,0.397,0.875,0.88,True,True,True,True,True
1575,88,lichen_bridge,Luma,signal hush,heard my signal,88,0.381,0.389,0.872,0.875,True,True,True,True,True
1576,88,orchid_engine,Dax,orchid rest,let orchid rest,88,0.379,0.389,0.872,0.877,True,True,True,True,True
1577,88,moss_ward,Tala,path dry,helped after rain,88,0.393,0.401,0.874,0.877,True,True,True,True,True
1578,88,glass_harbor,Nia,net keeper,kept net lane clear,88,0.398,0.408,0.874,0.879,True,True,True,True,True
1579,88,cinder_garden,Pax,cool hand,remembered shade first,88,0.399,0.407,0.874,0.877,True,True,True,True,True
1580,88,lichen_bridge,Rin,rope safe,waited at the rope,88,0.388,0.398,0.876,0.881,True,True,True,True,True
1581,88,orchid_engine,Eli,gear lane,kept the gear lane open,88,0.383,0.391,0.876,0.879,True,True,True,True,True
1582,88,moss_ward,Ari,ledger no touch,asked before ledger,88,0.381,0.391,0.876,0.881,True,True,True,True,True
1583,88,glass_harbor,Oren,lamp bright,guarded lamp for me,88,0.394,0.402,0.881,0.884,True,True,True,True,True
1584,89,lichen_bridge,Luma,bowl shared,kept bowl shared,89,0.389,0.399,0.875,0.88,True,True,True,True,True
1585,89,orchid_engine,Dax,valve wait,did not turn the valve,89,0.398,0.406,0.877,0.88,True,True,True,True,True
1586,89,moss_ward,Tala,loom wait,waited during repair,89,0.396,0.406,0.877,0.882,True,True,True,True,True
1587,89,glass_harbor,Nia,tea first,shared crossing tea,89,0.388,0.396,0.879,0.882,True,True,True,True,True
1588,89,cinder_garden,Pax,seed sleep,kept the path cool,89,0.38,0.39,0.877,0.882,True,True,True,True,True
1589,89,lichen_bridge,Rin,signal hush,heard my signal,89,0.383,0.391,0.881,0.884,True,True,True,True,True
1590,89,orchid_engine,Eli,orchid rest,let orchid rest,89,0.392,0.402,0.879,0.884,True,True,True,True,True
1591,89,moss_ward,Ari,path dry,helped after rain,89,0.4,0.408,0.881,0.884,True,True,True,True,True
1592,89,glass_harbor,Oren,net keeper,kept net lane clear,89,0.398,0.408,0.884,0.889,True,True,True,True,True
1593,89,cinder_garden,Vale,cool hand,remembered shade first,89,0.391,0.399,0.879,0.882,True,True,True,True,True
1594,89,lichen_bridge,Sol,rope safe,waited at the rope,89,0.391,0.401,0.879,0.884,True,True,True,True,True
1595,89,orchid_engine,Bea,gear lane,kept the gear lane open,89,0.401,0.409,0.877,0.88,True,True,True,True,True
1596,89,moss_ward,Fay,ledger no touch,asked before ledger,89,0.408,0.418,0.879,0.884,True,True,True,True,True
1597,89,glass_harbor,Puck,lamp bright,guarded lamp for me,89,0.404,0.412,0.875,0.878,True,True,True,True,True
1598,89,cinder_garden,Wren,shade first,left my basket sorted,89,0.396,0.406,0.877,0.882,True,True,True,True,True
1599,89,lichen_bridge,Kio,bowl shared,kept bowl shared,89,0.388,0.396,0.875,0.878,True,True,True,True,True
1600,89,orchid_engine,Cai,valve wait,did not turn the valve,89,0.389,0.399,0.877,0.882,True,True,True,True,True
1601,89,moss_ward,Milo,loom wait,waited during repair,89,0.4,0.408,0.88,0.883,True,True,True,True,True
1602,90,cinder_garden,Vale,seed sleep,kept the path cool,90,0.389,0.399,0.882,0.887,True,True,True,True,True
1603,90,lichen_bridge,Sol,signal hush,heard my signal,90,0.399,0.407,0.884,0.887,True,True,True,True,True
1604,90,orchid_engine,Bea,orchid rest,let orchid rest,90,0.396,0.406,0.88,0.885,True,True,True,True,True
1605,90,moss_ward,Fay,path dry,helped after rain,90,0.389,0.397,0.884,0.887,True,True,True,True,True
1606,90,glass_harbor,Puck,net keeper,kept net lane clear,90,0.38,0.39,0.878,0.883,True,True,True,True,True
1607,90,cinder_garden,Wren,cool hand,remembered shade first,90,0.382,0.39,0.882,0.885,True,True,True,True,True
1608,90,lichen_bridge,Kio,rope safe,waited at the rope,90,0.39,0.4,0.878,0.883,True,True,True,True,True
1609,90,orchid_engine,Cai,gear lane,kept the gear lane open,90,0.399,0.407,0.882,0.885,True,True,True,True,True
1610,90,moss_ward,Milo,ledger no touch,asked before ledger,90,0.396,0.406,0.883,0.888,True,True,True,True,True
1611,90,glass_harbor,Sera,lamp bright,guarded lamp for me,90,0.389,0.397,0.88,0.883,True,True,True,True,True
1612,90,cinder_garden,Juno,shade first,left my basket sorted,90,0.389,0.399,0.88,0.885,True,True,True,True,True
1613,90,lichen_bridge,Luma,bowl shared,kept bowl shared,90,0.399,0.407,0.88,0.883,True,True,True,True,True
1614,90,orchid_engine,Dax,valve wait,did not turn the valve,90,0.406,0.416,0.88,0.885,True,True,True,True,True
1615,90,moss_ward,Tala,loom wait,waited during repair,90,0.406,0.414,0.882,0.885,True,True,True,True,True
1616,90,glass_harbor,Nia,tea first,shared crossing tea,90,0.396,0.406,0.882,0.887,True,True,True,True,True
1617,90,cinder_garden,Pax,seed sleep,kept the path cool,90,0.39,0.4,0.882,0.887,True,True,True,True,True
1618,90,lichen_bridge,Rin,signal hush,heard my signal,90,0.391,0.401,0.884,0.889,True,True,True,True,True
1619,90,orchid_engine,Eli,orchid rest,let orchid rest,90,0.402,0.41,0.884,0.887,True,True,True,True,True
1620,91,glass_harbor,Sera,net keeper,kept net lane clear,91,0.389,0.399,0.883,0.888,True,True,True,True,True
1621,91,cinder_garden,Juno,cool hand,remembered shade first,91,0.399,0.407,0.885,0.888,True,True,True,True,True
1622,91,lichen_bridge,Luma,rope safe,waited at the rope,91,0.396,0.406,0.883,0.888,True,True,True,True,True
1623,91,orchid_engine,Dax,gear lane,kept the gear lane open,91,0.389,0.397,0.885,0.888,True,True,True,True,True
1624,91,moss_ward,Tala,ledger no touch,asked before ledger,91,0.38,0.39,0.885,0.89,True,True,True,True,True
1625,91,glass_harbor,Nia,lamp bright,guarded lamp for me,91,0.382,0.39,0.887,0.89,True,True,True,True,True
1626,91,cinder_garden,Pax,shade first,left my basket sorted,91,0.39,0.4,0.887,0.892,True,True,True,True,True
1627,91,lichen_bridge,Rin,bowl shared,kept bowl shared,91,0.399,0.407,0.889,0.892,True,True,True,True,True
1628,91,orchid_engine,Eli,valve wait,did not turn the valve,91,0.396,0.406,0.887,0.892,True,True,True,True,True
1629,91,moss_ward,Ari,loom wait,waited during repair,91,0.389,0.397,0.884,0.887,True,True,True,True,True
1630,91,glass_harbor,Oren,tea first,shared crossing tea,91,0.389,0.399,0.889,0.894,True,True,True,True,True
1631,91,cinder_garden,Vale,seed sleep,kept the path cool,91,0.399,0.407,0.887,0.89,True,True,True,True,True
1632,91,lichen_bridge,Sol,signal hush,heard my signal,91,0.407,0.417,0.887,0.892,True,True,True,True,True
1633,91,orchid_engine,Bea,orchid rest,let orchid rest,91,0.406,0.414,0.885,0.888,True,True,True,True,True
1634,91,moss_ward,Fay,path dry,helped after rain,91,0.397,0.407,0.887,0.892,True,True,True,True,True
1635,91,glass_harbor,Puck,net keeper,kept net lane clear,91,0.39,0.398,0.883,0.886,True,True,True,True,True
1636,91,cinder_garden,Wren,cool hand,remembered shade first,91,0.39,0.4,0.885,0.89,True,True,True,True,True
1637,91,lichen_bridge,Kio,rope safe,waited at the rope,91,0.4,0.408,0.883,0.886,True,True,True,True,True
1638,92,moss_ward,Ari,ledger no touch,asked before ledger,92,0.391,0.401,0.887,0.892,True,True,True,True,True
1639,92,glass_harbor,Oren,lamp bright,guarded lamp for me,92,0.402,0.41,0.894,0.897,True,True,True,True,True
1640,92,cinder_garden,Vale,shade first,left my basket sorted,92,0.399,0.409,0.89,0.895,True,True,True,True,True
1641,92,lichen_bridge,Sol,bowl shared,kept bowl shared,92,0.389,0.397,0.892,0.895,True,True,True,True,True
1642,92,orchid_engine,Bea,valve wait,did not turn the valve,92,0.38,0.39,0.888,0.893,True,True,True,True,True
1643,92,moss_ward,Fay,loom wait,waited during repair,92,0.382,0.39,0.892,0.895,True,True,True,True,True
1644,92,glass_harbor,Puck,tea first,shared crossing tea,92,0.39,0.4,0.886,0.891,True,True,True,True,True
1645,92,cinder_garden,Wren,seed sleep,kept the path cool,92,0.399,0.407,0.89,0.893,True,True,True,True,True
1646,92,lichen_bridge,Kio,signal hush,heard my signal,92,0.396,0.406,0.886,0.891,True,True,True,True,True
1647,92,orchid_engine,Cai,orchid rest,let orchid rest,92,0.389,0.397,0.885,0.888,True,True,True,True,True
1648,92,moss_ward,Milo,path dry,helped after rain,92,0.389,0.399,0.888,0.893,True,True,True,True,True
1649,92,glass_harbor,Sera,net keeper,kept net lane clear,92,0.399,0.407,0.888,0.891,True,True,True,True,True
1650,92,cinder_garden,Juno,cool hand,remembered shade first,92,0.407,0.417,0.888,0.893,True,True,True,True,True
1651,92,lichen_bridge,Luma,rope safe,waited at the rope,92,0.406,0.414,0.888,0.891,True,True,True,True,True
1652,92,orchid_engine,Dax,gear lane,kept the gear lane open,92,0.397,0.407,0.888,0.893,True,True,True,True,True
1653,92,moss_ward,Tala,ledger no touch,asked before ledger,92,0.39,0.398,0.89,0.893,True,True,True,True,True
1654,92,glass_harbor,Nia,lamp bright,guarded lamp for me,92,0.39,0.4,0.89,0.895,True,True,True,True,True
1655,92,cinder_garden,Pax,shade first,left my basket sorted,92,0.4,0.408,0.892,0.895,True,True,True,True,True
1656,93,orchid_engine,Cai,valve wait,did not turn the valve,93,0.399,0.409,0.888,0.893,True,True,True,True,True
1657,93,moss_ward,Milo,loom wait,waited during repair,93,0.408,0.416,0.893,0.896,True,True,True,True,True
1658,93,glass_harbor,Sera,tea first,shared crossing tea,93,0.406,0.416,0.891,0.896,True,True,True,True,True
1659,93,cinder_garden,Juno,seed sleep,kept the path cool,93,0.397,0.405,0.893,0.896,True,True,True,True,True
1660,93,lichen_bridge,Luma,signal hush,heard my signal,93,0.389,0.399,0.891,0.896,True,True,True,True,True
1661,93,orchid_engine,Dax,orchid rest,let orchid rest,93,0.389,0.399,0.893,0.898,True,True,True,True,True
1662,93,moss_ward,Tala,path dry,helped after rain,93,0.401,0.411,0.893,0.898,True,True,True,True,True
1663,93,glass_harbor,Nia,net keeper,kept net lane clear,93,0.408,0.416,0.895,0.898,True,True,True,True,True
1664,93,cinder_garden,Pax,cool hand,remembered shade first,93,0.407,0.417,0.895,0.9,True,True,True,True,True
1665,93,lichen_bridge,Rin,rope safe,waited at the rope,93,0.398,0.406,0.892,0.895,True,True,True,True,True
1666,93,orchid_engine,Eli,gear lane,kept the gear lane open,93,0.391,0.401,0.892,0.897,True,True,True,True,True
1667,93,moss_ward,Ari,ledger no touch,asked before ledger,93,0.401,0.409,0.892,0.895,True,True,True,True,True
1668,93,glass_harbor,Oren,lamp bright,guarded lamp for me,93,0.41,0.42,0.897,0.902,True,True,True,True,True
1669,93,cinder_garden,Vale,shade first,left my basket sorted,93,0.409,0.417,0.895,0.898,True,True,True,True,True
1670,93,lichen_bridge,Sol,bowl shared,kept bowl shared,93,0.397,0.407,0.895,0.9,True,True,True,True,True
1671,93,orchid_engine,Bea,valve wait,did not turn the valve,93,0.39,0.398,0.893,0.896,True,True,True,True,True
1672,93,moss_ward,Fay,loom wait,waited during repair,93,0.39,0.4,0.895,0.9,True,True,True,True,True
1673,93,glass_harbor,Puck,tea first,shared crossing tea,93,0.4,0.408,0.891,0.894,True,True,True,True,True
1674,94,lichen_bridge,Rin,signal hush,heard my signal,94,0.401,0.411,0.895,0.9,True,True,True,True,True
1675,94,orchid_engine,Eli,orchid rest,let orchid rest,94,0.41,0.418,0.897,0.9,True,True,True,True,True
1676,94,moss_ward,Ari,path dry,helped after rain,94,0.408,0.418,0.895,0.9,True,True,True,True,True
1677,94,glass_harbor,Oren,net keeper,kept net lane clear,94,0.408,0.416,0.902,0.905,True,True,True,True,True
1678,94,cinder_garden,Vale,cool hand,remembered shade first,94,0.399,0.409,0.898,0.903,True,True,True,True,True
1679,94,lichen_bridge,Sol,rope safe,waited at the rope,94,0.401,0.409,0.9,0.903,True,True,True,True,True
1680,94,orchid_engine,Bea,gear lane,kept the gear lane open,94,0.409,0.419,0.896,0.901,True,True,True,True,True
1681,94,moss_ward,Fay,ledger no touch,asked before ledger,94,0.418,0.426,0.9,0.903,True,True,True,True,True
1682,94,glass_harbor,Puck,lamp bright,guarded lamp for me,94,0.412,0.422,0.894,0.899,True,True,True,True,True
1683,94,cinder_garden,Wren,shade first,left my basket sorted,94,0.406,0.414,0.893,0.896,True,True,True,True,True
1684,94,lichen_bridge,Kio,bowl shared,kept bowl shared,94,0.396,0.406,0.891,0.896,True,True,True,True,True
1685,94,orchid_engine,Cai,valve wait,did not turn the valve,94,0.409,0.417,0.893,0.896,True,True,True,True,True
1686,94,moss_ward,Milo,loom wait,waited during repair,94,0.416,0.426,0.896,0.901,True,True,True,True,True
1687,94,glass_harbor,Sera,tea first,shared crossing tea,94,0.416,0.424,0.896,0.899,True,True,True,True,True
1688,94,cinder_garden,Juno,seed sleep,kept the path cool,94,0.405,0.415,0.896,0.901,True,True,True,True,True
1689,94,lichen_bridge,Luma,signal hush,heard my signal,94,0.399,0.407,0.896,0.899,True,True,True,True,True
1690,94,orchid_engine,Dax,orchid rest,let orchid rest,94,0.399,0.409,0.898,0.903,True,True,True,True,True
1691,94,moss_ward,Tala,path dry,helped after rain,94,0.411,0.419,0.898,0.901,True,True,True,True,True
1692,95,cinder_garden,Wren,cool hand,remembered shade first,95,0.4,0.41,0.896,0.901,True,True,True,True,True
1693,95,lichen_bridge,Kio,rope safe,waited at the rope,95,0.408,0.416,0.896,0.899,True,True,True,True,True
1694,95,orchid_engine,Cai,gear lane,kept the gear lane open,95,0.407,0.417,0.896,0.901,True,True,True,True,True
1695,95,moss_ward,Milo,ledger no touch,asked before ledger,95,0.406,0.414,0.901,0.904,True,True,True,True,True
1696,95,glass_harbor,Sera,lamp bright,guarded lamp for me,95,0.397,0.407,0.899,0.904,True,True,True,True,True
1697,95,cinder_garden,Juno,shade first,left my basket sorted,95,0.399,0.407,0.901,0.904,True,True,True,True,True
1698,95,lichen_bridge,Luma,bowl shared,kept bowl shared,95,0.407,0.417,0.899,0.904,True,True,True,True,True
1699,95,orchid_engine,Dax,valve wait,did not turn the valve,95,0.416,0.424,0.903,0.906,True,True,True,True,True
1700,95,moss_ward,Tala,loom wait,waited during repair,95,0.414,0.424,0.901,0.906,True,True,True,True,True
1701,95,glass_harbor,Nia,tea first,shared crossing tea,95,0.406,0.414,0.898,0.901,True,True,True,True,True
1702,95,cinder_garden,Pax,seed sleep,kept the path cool,95,0.4,0.41,0.9,0.905,True,True,True,True,True
1703,95,lichen_bridge,Rin,signal hush,heard my signal,95,0.411,0.419,0.9,0.903,True,True,True,True,True
1704,95,orchid_engine,Eli,orchid rest,let orchid rest,95,0.418,0.428,0.9,0.905,True,True,True,True,True
1705,95,moss_ward,Ari,path dry,helped after rain,95,0.418,0.426,0.9,0.903,True,True,True,True,True
1706,95,glass_harbor,Oren,net keeper,kept net lane clear,95,0.416,0.426,0.905,0.91,True,True,True,True,True
1707,95,cinder_garden,Vale,cool hand,remembered shade first,95,0.409,0.417,0.903,0.906,True,True,True,True,True
1708,95,lichen_bridge,Sol,rope safe,waited at the rope,95,0.409,0.419,0.903,0.908,True,True,True,True,True
1709,95,orchid_engine,Bea,gear lane,kept the gear lane open,95,0.419,0.427,0.901,0.904,True,True,True,True,True
1710,96,glass_harbor,Nia,lamp bright,guarded lamp for me,96,0.4,0.41,0.901,0.906,True,True,True,True,True
1711,96,cinder_garden,Pax,shade first,left my basket sorted,96,0.408,0.416,0.905,0.908,True,True,True,True,True
1712,96,lichen_bridge,Rin,bowl shared,kept bowl shared,96,0.407,0.417,0.903,0.908,True,True,True,True,True
1713,96,orchid_engine,Eli,valve wait,did not turn the valve,96,0.406,0.414,0.905,0.908,True,True,True,True,True
1714,96,moss_ward,Ari,loom wait,waited during repair,96,0.397,0.407,0.903,0.908,True,True,True,True,True
1715,96,glass_harbor,Oren,tea first,shared crossing tea,96,0.399,0.407,0.91,0.913,True,True,True,True,True
1716,96,cinder_garden,Vale,seed sleep,kept the path cool,96,0.407,0.417,0.906,0.911,True,True,True,True,True
1717,96,lichen_bridge,Sol,signal hush,heard my signal,96,0.417,0.425,0.908,0.911,True,True,True,True,True
1718,96,orchid_engine,Bea,orchid rest,let orchid rest,96,0.414,0.424,0.904,0.909,True,True,True,True,True
1719,96,moss_ward,Fay,path dry,helped after rain,96,0.407,0.415,0.903,0.906,True,True,True,True,True
1720,96,glass_harbor,Puck,net keeper,kept net lane clear,96,0.398,0.408,0.899,0.904,True,True,True,True,True
1721,96,cinder_garden,Wren,cool hand,remembered shade first,96,0.41,0.418,0.901,0.904,True,True,True,True,True
1722,96,lichen_bridge,Kio,rope safe,waited at the rope,96,0.416,0.426,0.899,0.904,True,True,True,True,True
1723,96,orchid_engine,Cai,gear lane,kept the gear lane open,96,0.417,0.425,0.901,0.904,True,True,True,True,True
1724,96,moss_ward,Milo,ledger no touch,asked before ledger,96,0.414,0.424,0.904,0.909,True,True,True,True,True
1725,96,glass_harbor,Sera,lamp bright,guarded lamp for me,96,0.407,0.415,0.904,0.907,True,True,True,True,True
1726,96,cinder_garden,Juno,shade first,left my basket sorted,96,0.407,0.417,0.904,0.909,True,True,True,True,True
1727,96,lichen_bridge,Luma,bowl shared,kept bowl shared,96,0.417,0.425,0.904,0.907,True,True,True,True,True
1728,97,moss_ward,Fay,loom wait,waited during repair,97,0.4,0.41,0.906,0.911,True,True,True,True,True
1729,97,glass_harbor,Puck,tea first,shared crossing tea,97,0.408,0.416,0.904,0.907,True,True,True,True,True
1730,97,cinder_garden,Wren,seed sleep,kept the path cool,97,0.407,0.417,0.904,0.909,True,True,True,True,True
1731,97,lichen_bridge,Kio,signal hush,heard my signal,97,0.406,0.414,0.904,0.907,True,True,True,True,True
1732,97,orchid_engine,Cai,orchid rest,let orchid rest,97,0.397,0.407,0.904,0.909,True,True,True,True,True
1733,97,moss_ward,Milo,path dry,helped after rain,97,0.399,0.407,0.909,0.912,True,True,True,True,True
1734,97,glass_harbor,Sera,net keeper,kept net lane clear,97,0.407,0.417,0.907,0.912,True,True,True,True,True
1735,97,cinder_garden,Juno,cool hand,remembered shade first,97,0.417,0.425,0.909,0.912,True,True,True,True,True
1736,97,lichen_bridge,Luma,rope safe,waited at the rope,97,0.414,0.424,0.907,0.912,True,True,True,True,True
1737,97,orchid_engine,Dax,gear lane,kept the gear lane open,97,0.407,0.415,0.906,0.909,True,True,True,True,True
1738,97,moss_ward,Tala,ledger no touch,asked before ledger,97,0.398,0.408,0.906,0.911,True,True,True,True,True
1739,97,glass_harbor,Nia,lamp bright,guarded lamp for me,97,0.41,0.418,0.906,0.909,True,True,True,True,True
1740,97,cinder_garden,Pax,shade first,left my basket sorted,97,0.416,0.426,0.908,0.913,True,True,True,True,True
1741,97,lichen_bridge,Rin,bowl shared,kept bowl shared,97,0.417,0.425,0.908,0.911,True,True,True,True,True
1742,97,orchid_engine,Eli,valve wait,did not turn the valve,97,0.414,0.424,0.908,0.913,True,True,True,True,True
1743,97,moss_ward,Ari,loom wait,waited during repair,97,0.407,0.415,0.908,0.911,True,True,True,True,True
1744,97,glass_harbor,Oren,tea first,shared crossing tea,97,0.407,0.417,0.913,0.918,True,True,True,True,True
1745,97,cinder_garden,Vale,seed sleep,kept the path cool,97,0.417,0.425,0.911,0.914,True,True,True,True,True
1746,98,orchid_engine,Dax,orchid rest,let orchid rest,98,0.409,0.419,0.909,0.914,True,True,True,True,True
1747,98,moss_ward,Tala,path dry,helped after rain,98,0.419,0.427,0.911,0.914,True,True,True,True,True
1748,98,glass_harbor,Nia,net keeper,kept net lane clear,98,0.416,0.426,0.909,0.914,True,True,True,True,True
1749,98,cinder_garden,Pax,cool hand,remembered shade first,98,0.417,0.425,0.913,0.916,True,True,True,True,True
1750,98,lichen_bridge,Rin,rope safe,waited at the rope,98,0.406,0.416,0.911,0.916,True,True,True,True,True
1751,98,orchid_engine,Eli,gear lane,kept the gear lane open,98,0.401,0.409,0.913,0.916,True,True,True,True,True
1752,98,moss_ward,Ari,ledger no touch,asked before ledger,98,0.409,0.419,0.911,0.916,True,True,True,True,True
1753,98,glass_harbor,Oren,lamp bright,guarded lamp for me,98,0.42,0.428,0.918,0.921,True,True,True,True,True
1754,98,cinder_garden,Vale,shade first,left my basket sorted,98,0.417,0.427,0.914,0.919,True,True,True,True,True
1755,98,lichen_bridge,Sol,bowl shared,kept bowl shared,98,0.407,0.415,0.911,0.914,True,True,True,True,True
1756,98,orchid_engine,Bea,valve wait,did not turn the valve,98,0.398,0.408,0.909,0.914,True,True,True,True,True
1757,98,moss_ward,Fay,loom wait,waited during repair,98,0.41,0.418,0.911,0.914,True,True,True,True,True
1758,98,glass_harbor,Puck,tea first,shared crossing tea,98,0.416,0.426,0.907,0.912,True,True,True,True,True
1759,98,cinder_garden,Wren,seed sleep,kept the path cool,98,0.417,0.425,0.909,0.912,True,True,True,True,True
1760,98,lichen_bridge,Kio,signal hush,heard my signal,98,0.414,0.424,0.907,0.912,True,True,True,True,True
1761,98,orchid_engine,Cai,orchid rest,let orchid rest,98,0.407,0.415,0.909,0.912,True,True,True,True,True
1762,98,moss_ward,Milo,path dry,helped after rain,98,0.407,0.417,0.912,0.917,True,True,True,True,True
1763,98,glass_harbor,Sera,net keeper,kept net lane clear,98,0.417,0.425,0.912,0.915,True,True,True,True,True
1764,99,lichen_bridge,Sol,rope safe,waited at the rope,99,0.419,0.429,0.914,0.919,True,True,True,True,True
1765,99,orchid_engine,Bea,gear lane,kept the gear lane open,99,0.427,0.435,0.914,0.917,True,True,True,True,True
1766,99,moss_ward,Fay,ledger no touch,asked before ledger,99,0.426,0.436,0.914,0.919,True,True,True,True,True
1767,99,glass_harbor,Puck,lamp bright,guarded lamp for me,99,0.422,0.43,0.912,0.915,True,True,True,True,True
1768,99,cinder_garden,Wren,shade first,left my basket sorted,99,0.414,0.424,0.912,0.917,True,True,True,True,True
1769,99,lichen_bridge,Kio,bowl shared,kept bowl shared,99,0.406,0.414,0.912,0.915,True,True,True,True,True
1770,99,orchid_engine,Cai,valve wait,did not turn the valve,99,0.417,0.427,0.912,0.917,True,True,True,True,True
1771,99,moss_ward,Milo,loom wait,waited during repair,99,0.426,0.434,0.917,0.92,True,True,True,True,True
1772,99,glass_harbor,Sera,tea first,shared crossing tea,99,0.424,0.434,0.915,0.92,True,True,True,True,True
1773,99,cinder_garden,Juno,seed sleep,kept the path cool,99,0.415,0.423,0.912,0.915,True,True,True,True,True
1774,99,lichen_bridge,Luma,signal hush,heard my signal,99,0.407,0.417,0.912,0.917,True,True,True,True,True
1775,99,orchid_engine,Dax,orchid rest,let orchid rest,99,0.419,0.427,0.914,0.917,True,True,True,True,True
1776,99,moss_ward,Tala,path dry,helped after rain,99,0.427,0.437,0.914,0.919,True,True,True,True,True
1777,99,glass_harbor,Nia,net keeper,kept net lane clear,99,0.426,0.434,0.914,0.917,True,True,True,True,True
1778,99,cinder_garden,Pax,cool hand,remembered shade first,99,0.425,0.435,0.916,0.921,True,True,True,True,True
1779,99,lichen_bridge,Rin,rope safe,waited at the rope,99,0.416,0.424,0.916,0.919,True,True,True,True,True
1780,99,orchid_engine,Eli,gear lane,kept the gear lane open,99,0.409,0.419,0.916,0.921,True,True,True,True,True
1781,99,moss_ward,Ari,ledger no touch,asked before ledger,99,0.419,0.427,0.916,0.919,True,True,True,True,True
1782,100,cinder_garden,Juno,shade first,left my basket sorted,100,0.417,0.427,0.915,0.92,True,True,True,True,True
1783,100,lichen_bridge,Luma,bowl shared,kept bowl shared,100,0.425,0.433,0.917,0.92,True,True,True,True,True
1784,100,orchid_engine,Dax,valve wait,did not turn the valve,100,0.424,0.434,0.917,0.922,True,True,True,True,True
1785,100,moss_ward,Tala,loom wait,waited during repair,100,0.424,0.432,0.919,0.922,True,True,True,True,True
1786,100,glass_harbor,Nia,tea first,shared crossing tea,100,0.414,0.424,0.917,0.922,True,True,True,True,True
1787,100,cinder_garden,Pax,seed sleep,kept the path cool,100,0.41,0.418,0.921,0.924,True,True,True,True,True
1788,100,lichen_bridge,Rin,signal hush,heard my signal,100,0.419,0.429,0.919,0.924,True,True,True,True,True
1789,100,orchid_engine,Eli,orchid rest,let orchid rest,100,0.428,0.436,0.921,0.924,True,True,True,True,True
1790,100,moss_ward,Ari,path dry,helped after rain,100,0.426,0.436,0.919,0.924,True,True,True,True,True
1791,100,glass_harbor,Oren,net keeper,kept net lane clear,100,0.426,0.434,0.921,0.924,True,True,True,True,True
1792,100,cinder_garden,Vale,cool hand,remembered shade first,100,0.417,0.427,0.919,0.924,True,True,True,True,True
1793,100,lichen_bridge,Sol,rope safe,waited at the rope,100,0.429,0.437,0.919,0.922,True,True,True,True,True
1794,100,orchid_engine,Bea,gear lane,kept the gear lane open,100,0.435,0.445,0.917,0.922,True,True,True,True,True
1795,100,moss_ward,Fay,ledger no touch,asked before ledger,100,0.436,0.444,0.919,0.922,True,True,True,True,True
1796,100,glass_harbor,Puck,lamp bright,guarded lamp for me,100,0.43,0.44,0.915,0.92,True,True,True,True,True
1797,100,cinder_garden,Wren,shade first,left my basket sorted,100,0.424,0.432,0.917,0.92,True,True,True,True,True
1798,100,lichen_bridge,Kio,bowl shared,kept bowl shared,100,0.414,0.424,0.915,0.92,True,True,True,True,True
1799,100,orchid_engine,Cai,valve wait,did not turn the valve,100,0.427,0.435,0.917,0.92,True,True,True,True,True
1800,101,glass_harbor,Oren,tea first,shared crossing tea,101,0.417,0.427,0.924,0.929,True,True,True,True,True
1801,101,cinder_garden,Vale,seed sleep,kept the path cool,101,0.425,0.433,0.924,0.927,True,True,True,True,True
1802,101,lichen_bridge,Sol,signal hush,heard my signal,101,0.425,0.435,0.922,0.927,True,True,True,True,True
1803,101,orchid_engine,Bea,orchid rest,let orchid rest,101,0.424,0.432,0.922,0.925,True,True,True,True,True
1804,101,moss_ward,Fay,path dry,helped after rain,101,0.415,0.425,0.922,0.927,True,True,True,True,True
1805,101,glass_harbor,Puck,net keeper,kept net lane clear,101,0.408,0.416,0.92,0.923,True,True,True,True,True
1806,101,cinder_garden,Wren,cool hand,remembered shade first,101,0.418,0.428,0.92,0.925,True,True,True,True,True
1807,101,lichen_bridge,Kio,rope safe,waited at the rope,101,0.426,0.434,0.92,0.923,True,True,True,True,True
1808,101,orchid_engine,Cai,gear lane,kept the gear lane open,101,0.425,0.435,0.92,0.925,True,True,True,True,True
1809,101,moss_ward,Milo,ledger no touch,asked before ledger,101,0.424,0.432,0.92,0.923,True,True,True,True,True
1810,101,glass_harbor,Sera,lamp bright,guarded lamp for me,101,0.415,0.425,0.92,0.925,True,True,True,True,True
1811,101,cinder_garden,Juno,shade first,left my basket sorted,101,0.427,0.435,0.92,0.923,True,True,True,True,True
1812,101,lichen_bridge,Luma,bowl shared,kept bowl shared,101,0.433,0.443,0.92,0.925,True,True,True,True,True
1813,101,orchid_engine,Dax,valve wait,did not turn the valve,101,0.434,0.442,0.922,0.925,True,True,True,True,True
1814,101,moss_ward,Tala,loom wait,waited during repair,101,0.432,0.442,0.922,0.927,True,True,True,True,True
1815,101,glass_harbor,Nia,tea first,shared crossing tea,101,0.424,0.434,0.922,0.927,True,True,True,True,True
1816,101,cinder_garden,Pax,seed sleep,kept the path cool,101,0.418,0.428,0.924,0.929,True,True,True,True,True
1817,101,lichen_bridge,Rin,signal hush,heard my signal,101,0.429,0.437,0.924,0.927,True,True,True,True,True
1818,102,moss_ward,Milo,path dry,helped after rain,102,0.417,0.427,0.923,0.928,True,True,True,True,True
1819,102,glass_harbor,Sera,net keeper,kept net lane clear,102,0.425,0.433,0.925,0.928,True,True,True,True,True
1820,102,cinder_garden,Juno,cool hand,remembered shade first,102,0.425,0.435,0.923,0.928,True,True,True,True,True
1821,102,lichen_bridge,Luma,rope safe,waited at the rope,102,0.424,0.432,0.925,0.928,True,True,True,True,True
1822,102,orchid_engine,Dax,gear lane,kept the gear lane open,102,0.415,0.425,0.925,0.93,True,True,True,True,True
1823,102,moss_ward,Tala,ledger no touch,asked before ledger,102,0.408,0.416,0.927,0.93,True,True,True,True,True
1824,102,glass_harbor,Nia,lamp bright,guarded lamp for me,102,0.418,0.428,0.927,0.932,True,True,True,True,True
1825,102,cinder_garden,Pax,shade first,left my basket sorted,102,0.426,0.434,0.929,0.932,True,True,True,True,True
1826,102,lichen_bridge,Rin,bowl shared,kept bowl shared,102,0.425,0.435,0.927,0.932,True,True,True,True,True
1827,102,orchid_engine,Eli,valve wait,did not turn the valve,102,0.424,0.432,0.924,0.927,True,True,True,True,True
1828,102,moss_ward,Ari,loom wait,waited during repair,102,0.415,0.425,0.924,0.929,True,True,True,True,True
1829,102,glass_harbor,Oren,tea first,shared crossing tea,102,0.427,0.435,0.929,0.932,True,True,True,True,True
1830,102,cinder_garden,Vale,seed sleep,kept the path cool,102,0.433,0.443,0.927,0.932,True,True,True,True,True
1831,102,lichen_bridge,Sol,signal hush,heard my signal,102,0.435,0.443,0.927,0.93,True,True,True,True,True
1832,102,orchid_engine,Bea,orchid rest,let orchid rest,102,0.432,0.442,0.925,0.93,True,True,True,True,True
1833,102,moss_ward,Fay,path dry,helped after rain,102,0.425,0.433,0.927,0.93,True,True,True,True,True
1834,102,glass_harbor,Puck,net keeper,kept net lane clear,102,0.416,0.426,0.923,0.928,True,True,True,True,True
1835,102,cinder_garden,Wren,cool hand,remembered shade first,102,0.428,0.436,0.925,0.928,True,True,True,True,True
1836,103,orchid_engine,Eli,gear lane,kept the gear lane open,103,0.419,0.429,0.927,0.932,True,True,True,True,True
1837,103,moss_ward,Ari,ledger no touch,asked before ledger,103,0.427,0.435,0.929,0.932,True,True,True,True,True
1838,103,glass_harbor,Oren,lamp bright,guarded lamp for me,103,0.428,0.438,0.932,0.937,True,True,True,True,True
1839,103,cinder_garden,Vale,shade first,left my basket sorted,103,0.427,0.435,0.932,0.935,True,True,True,True,True
1840,103,lichen_bridge,Sol,bowl shared,kept bowl shared,103,0.415,0.425,0.93,0.935,True,True,True,True,True
1841,103,orchid_engine,Bea,valve wait,did not turn the valve,103,0.408,0.416,0.93,0.933,True,True,True,True,True
1842,103,moss_ward,Fay,loom wait,waited during repair,103,0.418,0.428,0.93,0.935,True,True,True,True,True
1843,103,glass_harbor,Puck,tea first,shared crossing tea,103,0.426,0.434,0.928,0.931,True,True,True,True,True
1844,103,cinder_garden,Wren,seed sleep,kept the path cool,103,0.425,0.435,0.928,0.933,True,True,True,True,True
1845,103,lichen_bridge,Kio,signal hush,heard my signal,103,0.424,0.432,0.923,0.926,True,True,True,True,True
1846,103,orchid_engine,Cai,orchid rest,let orchid rest,103,0.415,0.425,0.925,0.93,True,True,True,True,True
1847,103,moss_ward,Milo,path dry,helped after rain,103,0.427,0.435,0.928,0.931,True,True,True,True,True
1848,103,glass_harbor,Sera,net keeper,kept net lane clear,103,0.433,0.443,0.928,0.933,True,True,True,True,True
1849,103,cinder_garden,Juno,cool hand,remembered shade first,103,0.435,0.443,0.928,0.931,True,True,True,True,True
1850,103,lichen_bridge,Luma,rope safe,waited at the rope,103,0.432,0.442,0.928,0.933,True,True,True,True,True
1851,103,orchid_engine,Dax,gear lane,kept the gear lane open,103,0.425,0.433,0.93,0.933,True,True,True,True,True
1852,103,moss_ward,Tala,ledger no touch,asked before ledger,103,0.416,0.426,0.93,0.935,True,True,True,True,True
1853,103,glass_harbor,Nia,lamp bright,guarded lamp for me,103,0.428,0.436,0.932,0.935,True,True,True,True,True
1854,104,lichen_bridge,Kio,bowl shared,kept bowl shared,104,0.424,0.434,0.926,0.931,True,True,True,True,True
1855,104,orchid_engine,Cai,valve wait,did not turn the valve,104,0.435,0.443,0.93,0.933,True,True,True,True,True
1856,104,moss_ward,Milo,loom wait,waited during repair,104,0.434,0.444,0.931,0.936,True,True,True,True,True
1857,104,glass_harbor,Sera,tea first,shared crossing tea,104,0.434,0.442,0.933,0.936,True,True,True,True,True
1858,104,cinder_garden,Juno,seed sleep,kept the path cool,104,0.423,0.433,0.931,0.936,True,True,True,True,True
1859,104,lichen_bridge,Luma,signal hush,heard my signal,104,0.417,0.427,0.933,0.938,True,True,True,True,True
1860,104,orchid_engine,Dax,orchid rest,let orchid rest,104,0.427,0.437,0.933,0.938,True,True,True,True,True
1861,104,moss_ward,Tala,path dry,helped after rain,104,0.437,0.445,0.935,0.938,True,True,True,True,True
1862,104,glass_harbor,Nia,net keeper,kept net lane clear,104,0.434,0.444,0.935,0.94,True,True,True,True,True
1863,104,cinder_garden,Pax,cool hand,remembered shade first,104,0.435,0.443,0.932,0.935,True,True,True,True,True
1864,104,lichen_bridge,Rin,rope safe,waited at the rope,104,0.424,0.434,0.932,0.937,True,True,True,True,True
1865,104,orchid_engine,Eli,gear lane,kept the gear lane open,104,0.429,0.437,0.932,0.935,True,True,True,True,True
1866,104,moss_ward,Ari,ledger no touch,asked before ledger,104,0.435,0.445,0.932,0.937,True,True,True,True,True
1867,104,glass_harbor,Oren,lamp bright,guarded lamp for me,104,0.438,0.446,0.937,0.94,True,True,True,True,True
1868,104,cinder_garden,Vale,shade first,left my basket sorted,104,0.435,0.445,0.935,0.94,True,True,True,True,True
1869,104,lichen_bridge,Sol,bowl shared,kept bowl shared,104,0.425,0.433,0.935,0.938,True,True,True,True,True
1870,104,orchid_engine,Bea,valve wait,did not turn the valve,104,0.416,0.426,0.933,0.938,True,True,True,True,True
1871,104,moss_ward,Fay,loom wait,waited during repair,104,0.428,0.436,0.935,0.938,True,True,True,True,True
1872,105,cinder_garden,Pax,seed sleep,kept the path cool,105,0.428,0.438,0.935,0.94,True,True,True,True,True
1873,105,lichen_bridge,Rin,signal hush,heard my signal,105,0.437,0.445,0.937,0.94,True,True,True,True,True
1874,105,orchid_engine,Eli,orchid rest,let orchid rest,105,0.436,0.446,0.935,0.94,True,True,True,True,True
1875,105,moss_ward,Ari,path dry,helped after rain,105,0.436,0.444,0.937,0.94,True,True,True,True,True
1876,105,glass_harbor,Oren,net keeper,kept net lane clear,105,0.434,0.444,0.94,0.94,True,True,True,True,True
1877,105,cinder_garden,Vale,cool hand,remembered shade first,105,0.427,0.435,0.94,0.94,True,True,True,True,True
1878,105,lichen_bridge,Sol,rope safe,waited at the rope,105,0.437,0.447,0.938,0.94,True,True,True,True,True
1879,105,orchid_engine,Bea,gear lane,kept the gear lane open,105,0.445,0.453,0.938,0.94,True,True,True,True,True
1880,105,moss_ward,Fay,ledger no touch,asked before ledger,105,0.444,0.454,0.938,0.94,True,True,True,True,True
1881,105,glass_harbor,Puck,lamp bright,guarded lamp for me,105,0.44,0.448,0.931,0.934,True,True,True,True,True
1882,105,cinder_garden,Wren,shade first,left my basket sorted,105,0.432,0.442,0.933,0.938,True,True,True,True,True
1883,105,lichen_bridge,Kio,bowl shared,kept bowl shared,105,0.434,0.442,0.931,0.934,True,True,True,True,True
1884,105,orchid_engine,Cai,valve wait,did not turn the valve,105,0.443,0.453,0.933,0.938,True,True,True,True,True
1885,105,moss_ward,Milo,loom wait,waited during repair,105,0.444,0.452,0.936,0.939,True,True,True,True,True
1886,105,glass_harbor,Sera,tea first,shared crossing tea,105,0.442,0.452,0.936,0.94,True,True,True,True,True
1887,105,cinder_garden,Juno,seed sleep,kept the path cool,105,0.433,0.441,0.936,0.939,True,True,True,True,True
1888,105,lichen_bridge,Luma,signal hush,heard my signal,105,0.427,0.437,0.938,0.94,True,True,True,True,True
1889,105,orchid_engine,Dax,orchid rest,let orchid rest,105,0.437,0.445,0.938,0.94,True,True,True,True,True
1890,106,glass_harbor,Puck,net keeper,kept net lane clear,106,0.426,0.436,0.934,0.939,True,True,True,True,True
1891,106,cinder_garden,Wren,cool hand,remembered shade first,106,0.436,0.444,0.938,0.94,True,True,True,True,True
1892,106,lichen_bridge,Kio,rope safe,waited at the rope,106,0.434,0.444,0.934,0.939,True,True,True,True,True
1893,106,orchid_engine,Cai,gear lane,kept the gear lane open,106,0.435,0.443,0.938,0.94,True,True,True,True,True
1894,106,moss_ward,Milo,ledger no touch,asked before ledger,106,0.432,0.442,0.939,0.94,True,True,True,True,True
1895,106,glass_harbor,Sera,lamp bright,guarded lamp for me,106,0.425,0.433,0.94,0.94,True,True,True,True,True
1896,106,cinder_garden,Juno,shade first,left my basket sorted,106,0.435,0.445,0.939,0.94,True,True,True,True,True
1897,106,lichen_bridge,Luma,bowl shared,kept bowl shared,106,0.443,0.451,0.94,0.94,True,True,True,True,True
1898,106,orchid_engine,Dax,valve wait,did not turn the valve,106,0.442,0.452,0.94,0.94,True,True,True,True,True
1899,106,moss_ward,Tala,loom wait,waited during repair,106,0.442,0.45,0.938,0.94,True,True,True,True,True
1900,106,glass_harbor,Nia,tea first,shared crossing tea,106,0.434,0.444,0.94,0.94,True,True,True,True,True
1901,106,cinder_garden,Pax,seed sleep,kept the path cool,106,0.438,0.446,0.94,0.94,True,True,True,True,True
1902,106,lichen_bridge,Rin,signal hush,heard my signal,106,0.445,0.455,0.94,0.94,True,True,True,True,True
1903,106,orchid_engine,Eli,orchid rest,let orchid rest,106,0.446,0.454,0.94,0.94,True,True,True,True,True
1904,106,moss_ward,Ari,path dry,helped after rain,106,0.444,0.454,0.94,0.94,True,True,True,True,True
1905,106,glass_harbor,Oren,net keeper,kept net lane clear,106,0.444,0.452,0.94,0.94,True,True,True,True,True
1906,106,cinder_garden,Vale,cool hand,remembered shade first,106,0.435,0.445,0.94,0.94,True,True,True,True,True
1907,106,lichen_bridge,Sol,rope safe,waited at the rope,106,0.447,0.455,0.94,0.94,True,True,True,True,True
1908,107,moss_ward,Tala,ledger no touch,asked before ledger,107,0.426,0.436,0.94,0.94,True,True,True,True,True
1909,107,glass_harbor,Nia,lamp bright,guarded lamp for me,107,0.436,0.444,0.94,0.94,True,True,True,True,True
1910,107,cinder_garden,Pax,shade first,left my basket sorted,107,0.434,0.444,0.94,0.94,True,True,True,True,True
1911,107,lichen_bridge,Rin,bowl shared,kept bowl shared,107,0.435,0.443,0.94,0.94,True,True,True,True,True
1912,107,orchid_engine,Eli,valve wait,did not turn the valve,107,0.432,0.442,0.94,0.94,True,True,True,True,True
1913,107,moss_ward,Ari,loom wait,waited during repair,107,0.425,0.433,0.94,0.94,True,True,True,True,True
1914,107,glass_harbor,Oren,tea first,shared crossing tea,107,0.435,0.445,0.94,0.94,True,True,True,True,True
1915,107,cinder_garden,Vale,seed sleep,kept the path cool,107,0.443,0.451,0.94,0.94,True,True,True,True,True
1916,107,lichen_bridge,Sol,signal hush,heard my signal,107,0.443,0.453,0.94,0.94,True,True,True,True,True
1917,107,orchid_engine,Bea,orchid rest,let orchid rest,107,0.442,0.45,0.94,0.94,True,True,True,True,True
1918,107,moss_ward,Fay,path dry,helped after rain,107,0.433,0.443,0.94,0.94,True,True,True,True,True
1919,107,glass_harbor,Puck,net keeper,kept net lane clear,107,0.436,0.444,0.939,0.94,True,True,True,True,True
1920,107,cinder_garden,Wren,cool hand,remembered shade first,107,0.444,0.454,0.94,0.94,True,True,True,True,True
1921,107,lichen_bridge,Kio,rope safe,waited at the rope,107,0.444,0.452,0.939,0.94,True,True,True,True,True
1922,107,orchid_engine,Cai,gear lane,kept the gear lane open,107,0.443,0.453,0.94,0.94,True,True,True,True,True
1923,107,moss_ward,Milo,ledger no touch,asked before ledger,107,0.442,0.45,0.94,0.94,True,True,True,True,True
1924,107,glass_harbor,Sera,lamp bright,guarded lamp for me,107,0.433,0.443,0.94,0.94,True,True,True,True,True
1925,107,cinder_garden,Juno,shade first,left my basket sorted,107,0.445,0.453,0.94,0.94,True,True,True,True,True
1926,108,orchid_engine,Bea,valve wait,did not turn the valve,108,0.426,0.436,0.94,0.94,True,True,True,True,True
1927,108,moss_ward,Fay,loom wait,waited during repair,108,0.436,0.444,0.94,0.94,True,True,True,True,True
1928,108,glass_harbor,Puck,tea first,shared crossing tea,108,0.434,0.444,0.94,0.94,True,True,True,True,True
1929,108,cinder_garden,Wren,seed sleep,kept the path cool,108,0.435,0.443,0.94,0.94,True,True,True,True,True
1930,108,lichen_bridge,Kio,signal hush,heard my signal,108,0.432,0.442,0.94,0.94,True,True,True,True,True
1931,108,orchid_engine,Cai,orchid rest,let orchid rest,108,0.425,0.433,0.94,0.94,True,True,True,True,True
1932,108,moss_ward,Milo,path dry,helped after rain,108,0.435,0.445,0.94,0.94,True,True,True,True,True
1933,108,glass_harbor,Sera,net keeper,kept net lane clear,108,0.443,0.451,0.94,0.94,True,True,True,True,True
1934,108,cinder_garden,Juno,cool hand,remembered shade first,108,0.443,0.453,0.94,0.94,True,True,True,True,True
1935,108,lichen_bridge,Luma,rope safe,waited at the rope,108,0.442,0.45,0.94,0.94,True,True,True,True,True
1936,108,orchid_engine,Dax,gear lane,kept the gear lane open,108,0.433,0.443,0.94,0.94,True,True,True,True,True
1937,108,moss_ward,Tala,ledger no touch,asked before ledger,108,0.436,0.444,0.94,0.94,True,True,True,True,True
1938,108,glass_harbor,Nia,lamp bright,guarded lamp for me,108,0.444,0.454,0.94,0.94,True,True,True,True,True
1939,108,cinder_garden,Pax,shade first,left my basket sorted,108,0.444,0.452,0.94,0.94,True,True,True,True,True
1940,108,lichen_bridge,Rin,bowl shared,kept bowl shared,108,0.443,0.453,0.94,0.94,True,True,True,True,True
1941,108,orchid_engine,Eli,valve wait,did not turn the valve,108,0.442,0.45,0.94,0.94,True,True,True,True,True
1942,108,moss_ward,Ari,loom wait,waited during repair,108,0.433,0.443,0.94,0.94,True,True,True,True,True
1943,108,glass_harbor,Oren,tea first,shared crossing tea,108,0.445,0.453,0.94,0.94,True,True,True,True,True
1944,109,lichen_bridge,Luma,signal hush,heard my signal,109,0.437,0.447,0.94,0.94,True,True,True,True,True
1945,109,orchid_engine,Dax,orchid rest,let orchid rest,109,0.445,0.453,0.94,0.94,True,True,True,True,True
1946,109,moss_ward,Tala,path dry,helped after rain,109,0.445,0.455,0.94,0.94,True,True,True,True,True
1947,109,glass_harbor,Nia,net keeper,kept net lane clear,109,0.444,0.452,0.94,0.94,True,True,True,True,True
1948,109,cinder_garden,Pax,cool hand,remembered shade first,109,0.443,0.453,0.94,0.94,True,True,True,True,True
1949,109,lichen_bridge,Rin,rope safe,waited at the rope,109,0.434,0.442,0.94,0.94,True,True,True,True,True
1950,109,orchid_engine,Eli,gear lane,kept the gear lane open,109,0.437,0.447,0.94,0.94,True,True,True,True,True
1951,109,moss_ward,Ari,ledger no touch,asked before ledger,109,0.445,0.453,0.94,0.94,True,True,True,True,True
1952,109,glass_harbor,Oren,lamp bright,guarded lamp for me,109,0.446,0.456,0.94,0.94,True,True,True,True,True
1953,109,cinder_garden,Vale,shade first,left my basket sorted,109,0.445,0.453,0.94,0.94,True,True,True,True,True
1954,109,lichen_bridge,Sol,bowl shared,kept bowl shared,109,0.433,0.443,0.94,0.94,True,True,True,True,True
1955,109,orchid_engine,Bea,valve wait,did not turn the valve,109,0.436,0.444,0.94,0.94,True,True,True,True,True
1956,109,moss_ward,Fay,loom wait,waited during repair,109,0.444,0.454,0.94,0.94,True,True,True,True,True
1957,109,glass_harbor,Puck,tea first,shared crossing tea,109,0.444,0.452,0.94,0.94,True,True,True,True,True
1958,109,cinder_garden,Wren,seed sleep,kept the path cool,109,0.443,0.453,0.94,0.94,True,True,True,True,True
1959,109,lichen_bridge,Kio,signal hush,heard my signal,109,0.442,0.45,0.94,0.94,True,True,True,True,True
1960,109,orchid_engine,Cai,orchid rest,let orchid rest,109,0.433,0.443,0.94,0.94,True,True,True,True,True
1961,109,moss_ward,Milo,path dry,helped after rain,109,0.445,0.453,0.94,0.94,True,True,True,True,True
1962,110,cinder_garden,Vale,cool hand,remembered shade first,110,0.445,0.455,0.94,0.94,True,True,True,True,True
1963,110,lichen_bridge,Sol,rope safe,waited at the rope,110,0.455,0.463,0.94,0.94,True,True,True,True,True
1964,110,orchid_engine,Bea,gear lane,kept the gear lane open,110,0.453,0.463,0.94,0.94,True,True,True,True,True
1965,110,moss_ward,Fay,ledger no touch,asked before ledger,110,0.454,0.462,0.94,0.94,True,True,True,True,True
1966,110,glass_harbor,Puck,lamp bright,guarded lamp for me,110,0.448,0.458,0.94,0.94,True,True,True,True,True
1967,110,cinder_garden,Wren,shade first,left my basket sorted,110,0.442,0.45,0.94,0.94,True,True,True,True,True
1968,110,lichen_bridge,Kio,bowl shared,kept bowl shared,110,0.442,0.452,0.94,0.94,True,True,True,True,True
1969,110,orchid_engine,Cai,valve wait,did not turn the valve,110,0.453,0.461,0.94,0.94,True,True,True,True,True
1970,110,moss_ward,Milo,loom wait,waited during repair,110,0.452,0.462,0.94,0.94,True,True,True,True,True
1971,110,glass_harbor,Sera,tea first,shared crossing tea,110,0.452,0.46,0.94,0.94,True,True,True,True,True
1972,110,cinder_garden,Juno,seed sleep,kept the path cool,110,0.441,0.451,0.94,0.94,True,True,True,True,True
1973,110,lichen_bridge,Luma,signal hush,heard my signal,110,0.447,0.455,0.94,0.94,True,True,True,True,True
1974,110,orchid_engine,Dax,orchid rest,let orchid rest,110,0.453,0.463,0.94,0.94,True,True,True,True,True
1975,110,moss_ward,Tala,path dry,helped after rain,110,0.455,0.463,0.94,0.94,True,True,True,True,True
1976,110,glass_harbor,Nia,net keeper,kept net lane clear,110,0.452,0.462,0.94,0.94,True,True,True,True,True
1977,110,cinder_garden,Pax,cool hand,remembered shade first,110,0.453,0.461,0.94,0.94,True,True,True,True,True
1978,110,lichen_bridge,Rin,rope safe,waited at the rope,110,0.442,0.452,0.94,0.94,True,True,True,True,True
1979,110,orchid_engine,Eli,gear lane,kept the gear lane open,110,0.447,0.455,0.94,0.94,True,True,True,True,True
1980,111,glass_harbor,Sera,lamp bright,guarded lamp for me,111,0.443,0.453,0.94,0.94,True,True,True,True,True
1981,111,cinder_garden,Juno,shade first,left my basket sorted,111,0.453,0.461,0.94,0.94,True,True,True,True,True
1982,111,lichen_bridge,Luma,bowl shared,kept bowl shared,111,0.451,0.461,0.94,0.94,True,True,True,True,True
1983,111,orchid_engine,Dax,valve wait,did not turn the valve,111,0.452,0.46,0.94,0.94,True,True,True,True,True
1984,111,moss_ward,Tala,loom wait,waited during repair,111,0.45,0.46,0.94,0.94,True,True,True,True,True
1985,111,glass_harbor,Nia,tea first,shared crossing tea,111,0.444,0.452,0.94,0.94,True,True,True,True,True
1986,111,cinder_garden,Pax,seed sleep,kept the path cool,111,0.446,0.456,0.94,0.94,True,True,True,True,True
1987,111,lichen_bridge,Rin,signal hush,heard my signal,111,0.455,0.463,0.94,0.94,True,True,True,True,True
1988,111,orchid_engine,Eli,orchid rest,let orchid rest,111,0.454,0.464,0.94,0.94,True,True,True,True,True
1989,111,moss_ward,Ari,path dry,helped after rain,111,0.454,0.462,0.94,0.94,True,True,True,True,True
1990,111,glass_harbor,Oren,net keeper,kept net lane clear,111,0.452,0.462,0.94,0.94,True,True,True,True,True
1991,111,cinder_garden,Vale,cool hand,remembered shade first,111,0.455,0.463,0.94,0.94,True,True,True,True,True
1992,111,lichen_bridge,Sol,rope safe,waited at the rope,111,0.463,0.473,0.94,0.94,True,True,True,True,True
1993,111,orchid_engine,Bea,gear lane,kept the gear lane open,111,0.463,0.471,0.94,0.94,True,True,True,True,True
1994,111,moss_ward,Fay,ledger no touch,asked before ledger,111,0.462,0.472,0.94,0.94,True,True,True,True,True
1995,111,glass_harbor,Puck,lamp bright,guarded lamp for me,111,0.458,0.466,0.94,0.94,True,True,True,True,True
1996,111,cinder_garden,Wren,shade first,left my basket sorted,111,0.45,0.46,0.94,0.94,True,True,True,True,True
1997,111,lichen_bridge,Kio,bowl shared,kept bowl shared,111,0.452,0.46,0.94,0.94,True,True,True,True,True
1998,112,moss_ward,Ari,loom wait,waited during repair,112,0.443,0.453,0.94,0.94,True,True,True,True,True
1999,112,glass_harbor,Oren,tea first,shared crossing tea,112,0.453,0.461,0.94,0.94,True,True,True,True,True
2000,112,cinder_garden,Vale,seed sleep,kept the path cool,112,0.451,0.461,0.94,0.94,True,True,True,True,True
2001,112,lichen_bridge,Sol,signal hush,heard my signal,112,0.453,0.461,0.94,0.94,True,True,True,True,True
2002,112,orchid_engine,Bea,orchid rest,let orchid rest,112,0.45,0.46,0.94,0.94,True,True,True,True,True
2003,112,moss_ward,Fay,path dry,helped after rain,112,0.443,0.451,0.94,0.94,True,True,True,True,True
2004,112,glass_harbor,Puck,net keeper,kept net lane clear,112,0.444,0.454,0.94,0.94,True,True,True,True,True
2005,112,cinder_garden,Wren,cool hand,remembered shade first,112,0.454,0.462,0.94,0.94,True,True,True,True,True
2006,112,lichen_bridge,Kio,rope safe,waited at the rope,112,0.452,0.462,0.94,0.94,True,True,True,True,True
2007,112,orchid_engine,Cai,gear lane,kept the gear lane open,112,0.453,0.461,0.94,0.94,True,True,True,True,True
2008,112,moss_ward,Milo,ledger no touch,asked before ledger,112,0.45,0.46,0.94,0.94,True,True,True,True,True
2009,112,glass_harbor,Sera,lamp bright,guarded lamp for me,112,0.453,0.461,0.94,0.94,True,True,True,True,True
2010,112,cinder_garden,Juno,shade first,left my basket sorted,112,0.461,0.471,0.94,0.94,True,True,True,True,True
2011,112,lichen_bridge,Luma,bowl shared,kept bowl shared,112,0.461,0.469,0.94,0.94,True,True,True,True,True
2012,112,orchid_engine,Dax,valve wait,did not turn the valve,112,0.46,0.47,0.94,0.94,True,True,True,True,True
2013,112,moss_ward,Tala,loom wait,waited during repair,112,0.46,0.47,0.94,0.94,True,True,True,True,True
2014,112,glass_harbor,Nia,tea first,shared crossing tea,112,0.452,0.462,0.94,0.94,True,True,True,True,True
2015,112,cinder_garden,Pax,seed sleep,kept the path cool,112,0.456,0.464,0.94,0.94,True,True,True,True,True
2016,113,orchid_engine,Cai,orchid rest,let orchid rest,113,0.443,0.453,0.94,0.94,True,True,True,True,True
2017,113,moss_ward,Milo,path dry,helped after rain,113,0.453,0.461,0.94,0.94,True,True,True,True,True
2018,113,glass_harbor,Sera,net keeper,kept net lane clear,113,0.451,0.461,0.94,0.94,True,True,True,True,True
2019,113,cinder_garden,Juno,cool hand,remembered shade first,113,0.453,0.461,0.94,0.94,True,True,True,True,True
2020,113,lichen_bridge,Luma,rope safe,waited at the rope,113,0.45,0.46,0.94,0.94,True,True,True,True,True
2021,113,orchid_engine,Dax,gear lane,kept the gear lane open,113,0.443,0.451,0.94,0.94,True,True,True,True,True
2022,113,moss_ward,Tala,ledger no touch,asked before ledger,113,0.444,0.454,0.94,0.94,True,True,True,True,True
2023,113,glass_harbor,Nia,lamp bright,guarded lamp for me,113,0.454,0.462,0.94,0.94,True,True,True,True,True
2024,113,cinder_garden,Pax,shade first,left my basket sorted,113,0.452,0.462,0.94,0.94,True,True,True,True,True
2025,113,lichen_bridge,Rin,bowl shared,kept bowl shared,113,0.453,0.461,0.94,0.94,True,True,True,True,True
2026,113,orchid_engine,Eli,valve wait,did not turn the valve,113,0.45,0.46,0.94,0.94,True,True,True,True,True
2027,113,moss_ward,Ari,loom wait,waited during repair,113,0.453,0.461,0.94,0.94,True,True,True,True,True
2028,113,glass_harbor,Oren,tea first,shared crossing tea,113,0.461,0.471,0.94,0.94,True,True,True,True,True
2029,113,cinder_garden,Vale,seed sleep,kept the path cool,113,0.461,0.469,0.94,0.94,True,True,True,True,True
2030,113,lichen_bridge,Sol,signal hush,heard my signal,113,0.461,0.471,0.94,0.94,True,True,True,True,True
2031,113,orchid_engine,Bea,orchid rest,let orchid rest,113,0.46,0.468,0.94,0.94,True,True,True,True,True
2032,113,moss_ward,Fay,path dry,helped after rain,113,0.451,0.461,0.94,0.94,True,True,True,True,True
2033,113,glass_harbor,Puck,net keeper,kept net lane clear,113,0.454,0.462,0.94,0.94,True,True,True,True,True
2034,114,lichen_bridge,Rin,rope safe,waited at the rope,114,0.452,0.462,0.94,0.94,True,True,True,True,True
2035,114,orchid_engine,Eli,gear lane,kept the gear lane open,114,0.455,0.463,0.94,0.94,True,True,True,True,True
2036,114,moss_ward,Ari,ledger no touch,asked before ledger,114,0.453,0.463,0.94,0.94,True,True,True,True,True
2037,114,glass_harbor,Oren,lamp bright,guarded lamp for me,114,0.456,0.464,0.94,0.94,True,True,True,True,True
2038,114,cinder_garden,Vale,shade first,left my basket sorted,114,0.453,0.463,0.94,0.94,True,True,True,True,True
2039,114,lichen_bridge,Sol,bowl shared,kept bowl shared,114,0.443,0.451,0.94,0.94,True,True,True,True,True
2040,114,orchid_engine,Bea,valve wait,did not turn the valve,114,0.444,0.454,0.94,0.94,True,True,True,True,True
2041,114,moss_ward,Fay,loom wait,waited during repair,114,0.454,0.462,0.94,0.94,True,True,True,True,True
2042,114,glass_harbor,Puck,tea first,shared crossing tea,114,0.452,0.462,0.94,0.94,True,True,True,True,True
2043,114,cinder_garden,Wren,seed sleep,kept the path cool,114,0.453,0.461,0.94,0.94,True,True,True,True,True
2044,114,lichen_bridge,Kio,signal hush,heard my signal,114,0.45,0.46,0.94,0.94,True,True,True,True,True
2045,114,orchid_engine,Cai,orchid rest,let orchid rest,114,0.453,0.461,0.94,0.94,True,True,True,True,True
2046,114,moss_ward,Milo,path dry,helped after rain,114,0.461,0.471,0.94,0.94,True,True,True,True,True
2047,114,glass_harbor,Sera,net keeper,kept net lane clear,114,0.461,0.469,0.94,0.94,True,True,True,True,True
2048,114,cinder_garden,Juno,cool hand,remembered shade first,114,0.461,0.471,0.94,0.94,True,True,True,True,True
2049,114,lichen_bridge,Luma,rope safe,waited at the rope,114,0.46,0.468,0.94,0.94,True,True,True,True,True
2050,114,orchid_engine,Dax,gear lane,kept the gear lane open,114,0.451,0.461,0.94,0.94,True,True,True,True,True
2051,114,moss_ward,Tala,ledger no touch,asked before ledger,114,0.454,0.462,0.94,0.94,True,True,True,True,True
2052,115,cinder_garden,Wren,shade first,left my basket sorted,115,0.46,0.47,0.94,0.94,True,True,True,True,True
2053,115,lichen_bridge,Kio,bowl shared,kept bowl shared,115,0.46,0.468,0.94,0.94,True,True,True,True,True
2054,115,orchid_engine,Cai,valve wait,did not turn the valve,115,0.461,0.471,0.94,0.94,True,True,True,True,True
2055,115,moss_ward,Milo,loom wait,waited during repair,115,0.462,0.47,0.94,0.94,True,True,True,True,True
2056,115,glass_harbor,Sera,tea first,shared crossing tea,115,0.46,0.47,0.94,0.94,True,True,True,True,True
2057,115,cinder_garden,Juno,seed sleep,kept the path cool,115,0.451,0.461,0.94,0.94,True,True,True,True,True
2058,115,lichen_bridge,Luma,signal hush,heard my signal,115,0.455,0.465,0.94,0.94,True,True,True,True,True
2059,115,orchid_engine,Dax,orchid rest,let orchid rest,115,0.463,0.471,0.94,0.94,True,True,True,True,True
2060,115,moss_ward,Tala,path dry,helped after rain,115,0.463,0.473,0.94,0.94,True,True,True,True,True
2061,115,glass_harbor,Nia,net keeper,kept net lane clear,115,0.462,0.47,0.94,0.94,True,True,True,True,True
2062,115,cinder_garden,Pax,cool hand,remembered shade first,115,0.461,0.471,0.94,0.94,True,True,True,True,True
2063,115,lichen_bridge,Rin,rope safe,waited at the rope,115,0.462,0.47,0.94,0.94,True,True,True,True,True
2064,115,orchid_engine,Eli,gear lane,kept the gear lane open,115,0.463,0.473,0.94,0.94,True,True,True,True,True
2065,115,moss_ward,Ari,ledger no touch,asked before ledger,115,0.463,0.471,0.94,0.94,True,True,True,True,True
2066,115,glass_harbor,Oren,lamp bright,guarded lamp for me,115,0.464,0.474,0.94,0.94,True,True,True,True,True
2067,115,cinder_garden,Vale,shade first,left my basket sorted,115,0.463,0.471,0.94,0.94,True,True,True,True,True
2068,115,lichen_bridge,Sol,bowl shared,kept bowl shared,115,0.451,0.461,0.94,0.94,True,True,True,True,True
2069,115,orchid_engine,Bea,valve wait,did not turn the valve,115,0.454,0.462,0.94,0.94,True,True,True,True,True
2070,116,glass_harbor,Nia,tea first,shared crossing tea,116,0.462,0.472,0.94,0.94,True,True,True,True,True
2071,116,cinder_garden,Pax,seed sleep,kept the path cool,116,0.464,0.472,0.94,0.94,True,True,True,True,True
2072,116,lichen_bridge,Rin,signal hush,heard my signal,116,0.463,0.473,0.94,0.94,True,True,True,True,True
2073,116,orchid_engine,Eli,orchid rest,let orchid rest,116,0.464,0.472,0.94,0.94,True,True,True,True,True
2074,116,moss_ward,Ari,path dry,helped after rain,116,0.462,0.472,0.94,0.94,True,True,True,True,True
2075,116,glass_harbor,Oren,net keeper,kept net lane clear,116,0.462,0.47,0.94,0.94,True,True,True,True,True
2076,116,cinder_garden,Vale,cool hand,remembered shade first,116,0.463,0.473,0.94,0.94,True,True,True,True,True
2077,116,lichen_bridge,Sol,rope safe,waited at the rope,116,0.473,0.481,0.94,0.94,True,True,True,True,True
2078,116,orchid_engine,Bea,gear lane,kept the gear lane open,116,0.471,0.481,0.94,0.94,True,True,True,True,True
2079,116,moss_ward,Fay,ledger no touch,asked before ledger,116,0.472,0.48,0.94,0.94,True,True,True,True,True
2080,116,glass_harbor,Puck,lamp bright,guarded lamp for me,116,0.466,0.476,0.94,0.94,True,True,True,True,True
2081,116,cinder_garden,Wren,shade first,left my basket sorted,116,0.47,0.478,0.94,0.94,True,True,True,True,True
2082,116,lichen_bridge,Kio,bowl shared,kept bowl shared,116,0.468,0.478,0.94,0.94,True,True,True,True,True
2083,116,orchid_engine,Cai,valve wait,did not turn the valve,116,0.471,0.479,0.94,0.94,True,True,True,True,True
2084,116,moss_ward,Milo,loom wait,waited during repair,116,0.47,0.48,0.94,0.94,True,True,True,True,True
2085,116,glass_harbor,Sera,tea first,shared crossing tea,116,0.47,0.478,0.94,0.94,True,True,True,True,True
2086,116,cinder_garden,Juno,seed sleep,kept the path cool,116,0.461,0.471,0.94,0.94,True,True,True,True,True
2087,116,lichen_bridge,Luma,signal hush,heard my signal,116,0.465,0.473,0.94,0.94,True,True,True,True,True
2088,117,moss_ward,Fay,path dry,helped after rain,117,0.461,0.471,0.94,0.94,True,True,True,True,True
2089,117,glass_harbor,Puck,net keeper,kept net lane clear,117,0.462,0.47,0.94,0.94,True,True,True,True,True
2090,117,cinder_garden,Wren,cool hand,remembered shade first,117,0.462,0.472,0.94,0.94,True,True,True,True,True
2091,117,lichen_bridge,Kio,rope safe,waited at the rope,117,0.462,0.47,0.94,0.94,True,True,True,True,True
2092,117,orchid_engine,Cai,gear lane,kept the gear lane open,117,0.461,0.471,0.94,0.94,True,True,True,True,True
2093,117,moss_ward,Milo,ledger no touch,asked before ledger,117,0.46,0.468,0.94,0.94,True,True,True,True,True
2094,117,glass_harbor,Sera,lamp bright,guarded lamp for me,117,0.461,0.471,0.94,0.94,True,True,True,True,True
2095,117,cinder_garden,Juno,shade first,left my basket sorted,117,0.471,0.479,0.94,0.94,True,True,True,True,True
2096,117,lichen_bridge,Luma,bowl shared,kept bowl shared,117,0.469,0.479,0.94,0.94,True,True,True,True,True
2097,117,orchid_engine,Dax,valve wait,did not turn the valve,117,0.47,0.478,0.94,0.94,True,True,True,True,True
2098,117,moss_ward,Tala,loom wait,waited during repair,117,0.47,0.48,0.94,0.94,True,True,True,True,True
2099,117,glass_harbor,Nia,tea first,shared crossing tea,117,0.472,0.48,0.94,0.94,True,True,True,True,True
2100,117,cinder_garden,Pax,seed sleep,kept the path cool,117,0.472,0.482,0.94,0.94,True,True,True,True,True
2101,117,lichen_bridge,Rin,signal hush,heard my signal,117,0.473,0.481,0.94,0.94,True,True,True,True,True
2102,117,orchid_engine,Eli,orchid rest,let orchid rest,117,0.472,0.482,0.94,0.94,True,True,True,True,True
2103,117,moss_ward,Ari,path dry,helped after rain,117,0.472,0.48,0.94,0.94,True,True,True,True,True
2104,117,glass_harbor,Oren,net keeper,kept net lane clear,117,0.47,0.48,0.94,0.94,True,True,True,True,True
2105,117,cinder_garden,Vale,cool hand,remembered shade first,117,0.473,0.481,0.94,0.94,True,True,True,True,True
2106,118,orchid_engine,Dax,gear lane,kept the gear lane open,118,0.461,0.471,0.94,0.94,True,True,True,True,True
2107,118,moss_ward,Tala,ledger no touch,asked before ledger,118,0.462,0.47,0.94,0.94,True,True,True,True,True
2108,118,glass_harbor,Nia,lamp bright,guarded lamp for me,118,0.462,0.472,0.94,0.94,True,True,True,True,True
2109,118,cinder_garden,Pax,shade first,left my basket sorted,118,0.462,0.47,0.94,0.94,True,True,True,True,True
2110,118,lichen_bridge,Rin,bowl shared,kept bowl shared,118,0.461,0.471,0.94,0.94,True,True,True,True,True
2111,118,orchid_engine,Eli,valve wait,did not turn the valve,118,0.46,0.468,0.94,0.94,True,True,True,True,True
2112,118,moss_ward,Ari,loom wait,waited during repair,118,0.461,0.471,0.94,0.94,True,True,True,True,True
2113,118,glass_harbor,Oren,tea first,shared crossing tea,118,0.471,0.479,0.94,0.94,True,True,True,True,True
2114,118,cinder_garden,Vale,seed sleep,kept the path cool,118,0.469,0.479,0.94,0.94,True,True,True,True,True
2115,118,lichen_bridge,Sol,signal hush,heard my signal,118,0.471,0.479,0.94,0.94,True,True,True,True,True
2116,118,orchid_engine,Bea,orchid rest,let orchid rest,118,0.468,0.478,0.94,0.94,True,True,True,True,True
2117,118,moss_ward,Fay,path dry,helped after rain,118,0.471,0.479,0.94,0.94,True,True,True,True,True
2118,118,glass_harbor,Puck,net keeper,kept net lane clear,118,0.47,0.48,0.94,0.94,True,True,True,True,True
2119,118,cinder_garden,Wren,cool hand,remembered shade first,118,0.472,0.48,0.94,0.94,True,True,True,True,True
2120,118,lichen_bridge,Kio,rope safe,waited at the rope,118,0.47,0.48,0.94,0.94,True,True,True,True,True
2121,118,orchid_engine,Cai,gear lane,kept the gear lane open,118,0.471,0.479,0.94,0.94,True,True,True,True,True
2122,118,moss_ward,Milo,ledger no touch,asked before ledger,118,0.468,0.478,0.94,0.94,True,True,True,True,True
2123,118,glass_harbor,Sera,lamp bright,guarded lamp for me,118,0.471,0.479,0.94,0.94,True,True,True,True,True
2124,119,lichen_bridge,Sol,bowl shared,kept bowl shared,119,0.461,0.471,0.94,0.94,True,True,True,True,True
2125,119,orchid_engine,Bea,valve wait,did not turn the valve,119,0.462,0.47,0.94,0.94,True,True,True,True,True
2126,119,moss_ward,Fay,loom wait,waited during repair,119,0.462,0.472,0.94,0.94,True,True,True,True,True
2127,119,glass_harbor,Puck,tea first,shared crossing tea,119,0.462,0.47,0.94,0.94,True,True,True,True,True
2128,119,cinder_garden,Wren,seed sleep,kept the path cool,119,0.461,0.471,0.94,0.94,True,True,True,True,True
2129,119,lichen_bridge,Kio,signal hush,heard my signal,119,0.46,0.468,0.94,0.94,True,True,True,True,True
2130,119,orchid_engine,Cai,orchid rest,let orchid rest,119,0.461,0.471,0.94,0.94,True,True,True,True,True
2131,119,moss_ward,Milo,path dry,helped after rain,119,0.471,0.479,0.94,0.94,True,True,True,True,True
2132,119,glass_harbor,Sera,net keeper,kept net lane clear,119,0.469,0.479,0.94,0.94,True,True,True,True,True
2133,119,cinder_garden,Juno,cool hand,remembered shade first,119,0.471,0.479,0.94,0.94,True,True,True,True,True
2134,119,lichen_bridge,Luma,rope safe,waited at the rope,119,0.468,0.478,0.94,0.94,True,True,True,True,True
2135,119,orchid_engine,Dax,gear lane,kept the gear lane open,119,0.471,0.479,0.94,0.94,True,True,True,True,True
2136,119,moss_ward,Tala,ledger no touch,asked before ledger,119,0.47,0.48,0.94,0.94,True,True,True,True,True
2137,119,glass_harbor,Nia,lamp bright,guarded lamp for me,119,0.472,0.48,0.94,0.94,True,True,True,True,True
2138,119,cinder_garden,Pax,shade first,left my basket sorted,119,0.47,0.48,0.94,0.94,True,True,True,True,True
2139,119,lichen_bridge,Rin,bowl shared,kept bowl shared,119,0.471,0.479,0.94,0.94,True,True,True,True,True
2140,119,orchid_engine,Eli,valve wait,did not turn the valve,119,0.468,0.478,0.94,0.94,True,True,True,True,True
2141,119,moss_ward,Ari,loom wait,waited during repair,119,0.471,0.479,0.94,0.94,True,True,True,True,True
2142,120,cinder_garden,Juno,seed sleep,kept the path cool,120,0.471,0.481,0.94,0.94,True,True,True,True,True
2143,120,lichen_bridge,Luma,signal hush,heard my signal,120,0.473,0.481,0.94,0.94,True,True,True,True,True
2144,120,orchid_engine,Dax,orchid rest,let orchid rest,120,0.471,0.481,0.94,0.94,True,True,True,True,True
2145,120,moss_ward,Tala,path dry,helped after rain,120,0.473,0.481,0.94,0.94,True,True,True,True,True
2146,120,glass_harbor,Nia,net keeper,kept net lane clear,120,0.47,0.48,0.94,0.94,True,True,True,True,True
2147,120,cinder_garden,Pax,cool hand,remembered shade first,120,0.471,0.479,0.94,0.94,True,True,True,True,True
2148,120,lichen_bridge,Rin,rope safe,waited at the rope,120,0.47,0.48,0.94,0.94,True,True,True,True,True
2149,120,orchid_engine,Eli,gear lane,kept the gear lane open,120,0.473,0.481,0.94,0.94,True,True,True,True,True
2150,120,moss_ward,Ari,ledger no touch,asked before ledger,120,0.471,0.481,0.94,0.94,True,True,True,True,True
2151,120,glass_harbor,Oren,lamp bright,guarded lamp for me,120,0.474,0.482,0.94,0.94,True,True,True,True,True
2152,120,cinder_garden,Vale,shade first,left my basket sorted,120,0.471,0.481,0.94,0.94,True,True,True,True,True
2153,120,lichen_bridge,Sol,bowl shared,kept bowl shared,120,0.471,0.479,0.94,0.94,True,True,True,True,True
2154,120,orchid_engine,Bea,valve wait,did not turn the valve,120,0.47,0.48,0.94,0.94,True,True,True,True,True
2155,120,moss_ward,Fay,loom wait,waited during repair,120,0.472,0.48,0.94,0.94,True,True,True,True,True
2156,120,glass_harbor,Puck,tea first,shared crossing tea,120,0.47,0.48,0.94,0.94,True,True,True,True,True
2157,120,cinder_garden,Wren,seed sleep,kept the path cool,120,0.471,0.479,0.94,0.94,True,True,True,True,True
2158,120,lichen_bridge,Kio,signal hush,heard my signal,120,0.468,0.478,0.94,0.94,True,True,True,True,True
2159,120,orchid_engine,Cai,orchid rest,let orchid rest,120,0.471,0.479,0.94,0.94,True,True,True,True,True
2160,121,glass_harbor,Oren,net keeper,kept net lane clear,121,0.48,0.49,0.94,0.94,True,True,True,True,True
2161,121,cinder_garden,Vale,cool hand,remembered shade first,121,0.481,0.489,0.94,0.94,True,True,True,True,True
2162,121,lichen_bridge,Sol,rope safe,waited at the rope,121,0.481,0.491,0.94,0.94,True,True,True,True,True
2163,121,orchid_engine,Bea,gear lane,kept the gear lane open,121,0.481,0.489,0.94,0.94,True,True,True,True,True
2164,121,moss_ward,Fay,ledger no touch,asked before ledger,121,0.48,0.49,0.94,0.94,True,True,True,True,True
2165,121,glass_harbor,Puck,lamp bright,guarded lamp for me,121,0.476,0.484,0.94,0.94,True,True,True,True,True
2166,121,cinder_garden,Wren,shade first,left my basket sorted,121,0.478,0.488,0.94,0.94,True,True,True,True,True
2167,121,lichen_bridge,Kio,bowl shared,kept bowl shared,121,0.478,0.486,0.94,0.94,True,True,True,True,True
2168,121,orchid_engine,Cai,valve wait,did not turn the valve,121,0.479,0.489,0.94,0.94,True,True,True,True,True
2169,121,moss_ward,Milo,loom wait,waited during repair,121,0.48,0.488,0.94,0.94,True,True,True,True,True
2170,121,glass_harbor,Sera,tea first,shared crossing tea,121,0.478,0.488,0.94,0.94,True,True,True,True,True
2171,121,cinder_garden,Juno,seed sleep,kept the path cool,121,0.481,0.489,0.94,0.94,True,True,True,True,True
2172,121,lichen_bridge,Luma,signal hush,heard my signal,121,0.481,0.491,0.94,0.94,True,True,True,True,True
2173,121,orchid_engine,Dax,orchid rest,let orchid rest,121,0.481,0.489,0.94,0.94,True,True,True,True,True
2174,121,moss_ward,Tala,path dry,helped after rain,121,0.481,0.491,0.94,0.94,True,True,True,True,True
2175,121,glass_harbor,Nia,net keeper,kept net lane clear,121,0.48,0.488,0.94,0.94,True,True,True,True,True
2176,121,cinder_garden,Pax,cool hand,remembered shade first,121,0.479,0.489,0.94,0.94,True,True,True,True,True
2177,121,lichen_bridge,Rin,rope safe,waited at the rope,121,0.48,0.488,0.94,0.94,True,True,True,True,True
2178,122,moss_ward,Milo,ledger no touch,asked before ledger,122,0.478,0.488,0.94,0.94,True,True,True,True,True
2179,122,glass_harbor,Sera,lamp bright,guarded lamp for me,122,0.479,0.487,0.94,0.94,True,True,True,True,True
2180,122,cinder_garden,Juno,shade first,left my basket sorted,122,0.479,0.489,0.94,0.94,True,True,True,True,True
2181,122,lichen_bridge,Luma,bowl shared,kept bowl shared,122,0.479,0.487,0.94,0.94,True,True,True,True,True
2182,122,orchid_engine,Dax,valve wait,did not turn the valve,122,0.478,0.488,0.94,0.94,True,True,True,True,True
2183,122,moss_ward,Tala,loom wait,waited during repair,122,0.48,0.488,0.94,0.94,True,True,True,True,True
2184,122,glass_harbor,Nia,tea first,shared crossing tea,122,0.48,0.49,0.94,0.94,True,True,True,True,True
2185,122,cinder_garden,Pax,seed sleep,kept the path cool,122,0.482,0.49,0.94,0.94,True,True,True,True,True
2186,122,lichen_bridge,Rin,signal hush,heard my signal,122,0.481,0.491,0.94,0.94,True,True,True,True,True
2187,122,orchid_engine,Eli,orchid rest,let orchid rest,122,0.482,0.49,0.94,0.94,True,True,True,True,True
2188,122,moss_ward,Ari,path dry,helped after rain,122,0.48,0.49,0.94,0.94,True,True,True,True,True
2189,122,glass_harbor,Oren,net keeper,kept net lane clear,122,0.49,0.498,0.94,0.94,True,True,True,True,True
2190,122,cinder_garden,Vale,cool hand,remembered shade first,122,0.489,0.499,0.94,0.94,True,True,True,True,True
2191,122,lichen_bridge,Sol,rope safe,waited at the rope,122,0.491,0.499,0.94,0.94,True,True,True,True,True
2192,122,orchid_engine,Bea,gear lane,kept the gear lane open,122,0.489,0.499,0.94,0.94,True,True,True,True,True
2193,122,moss_ward,Fay,ledger no touch,asked before ledger,122,0.49,0.498,0.94,0.94,True,True,True,True,True
2194,122,glass_harbor,Puck,lamp bright,guarded lamp for me,122,0.484,0.494,0.94,0.94,True,True,True,True,True
2195,122,cinder_garden,Wren,shade first,left my basket sorted,122,0.488,0.496,0.94,0.94,True,True,True,True,True
2196,123,orchid_engine,Eli,valve wait,did not turn the valve,123,0.478,0.488,0.94,0.94,True,True,True,True,True
2197,123,moss_ward,Ari,loom wait,waited during repair,123,0.479,0.487,0.94,0.94,True,True,True,True,True
2198,123,glass_harbor,Oren,tea first,shared crossing tea,123,0.479,0.489,0.94,0.94,True,True,True,True,True
2199,123,cinder_garden,Vale,seed sleep,kept the path cool,123,0.479,0.487,0.94,0.94,True,True,True,True,True
2200,123,lichen_bridge,Sol,signal hush,heard my signal,123,0.479,0.489,0.94,0.94,True,True,True,True,True
2201,123,orchid_engine,Bea,orchid rest,let orchid rest,123,0.478,0.486,0.94,0.94,True,True,True,True,True
2202,123,moss_ward,Fay,path dry,helped after rain,123,0.479,0.489,0.94,0.94,True,True,True,True,True
2203,123,glass_harbor,Puck,net keeper,kept net lane clear,123,0.48,0.488,0.94,0.94,True,True,True,True,True
2204,123,cinder_garden,Wren,cool hand,remembered shade first,123,0.48,0.49,0.94,0.94,True,True,True,True,True
2205,123,lichen_bridge,Kio,rope safe,waited at the rope,123,0.48,0.488,0.94,0.94,True,True,True,True,True
2206,123,orchid_engine,Cai,gear lane,kept the gear lane open,123,0.479,0.489,0.94,0.94,True,True,True,True,True
2207,123,moss_ward,Milo,ledger no touch,asked before ledger,123,0.488,0.496,0.94,0.94,True,True,True,True,True
2208,123,glass_harbor,Sera,lamp bright,guarded lamp for me,123,0.487,0.497,0.94,0.94,True,True,True,True,True
2209,123,cinder_garden,Juno,shade first,left my basket sorted,123,0.489,0.497,0.94,0.94,True,True,True,True,True
2210,123,lichen_bridge,Luma,bowl shared,kept bowl shared,123,0.487,0.497,0.94,0.94,True,True,True,True,True
2211,123,orchid_engine,Dax,valve wait,did not turn the valve,123,0.488,0.498,0.94,0.94,True,True,True,True,True
2212,123,moss_ward,Tala,loom wait,waited during repair,123,0.488,0.498,0.94,0.94,True,True,True,True,True
2213,123,glass_harbor,Nia,tea first,shared crossing tea,123,0.49,0.498,0.94,0.94,True,True,True,True,True
2214,124,lichen_bridge,Kio,signal hush,heard my signal,124,0.478,0.488,0.94,0.94,True,True,True,True,True
2215,124,orchid_engine,Cai,orchid rest,let orchid rest,124,0.479,0.487,0.94,0.94,True,True,True,True,True
2216,124,moss_ward,Milo,path dry,helped after rain,124,0.479,0.489,0.94,0.94,True,True,True,True,True
2217,124,glass_harbor,Sera,net keeper,kept net lane clear,124,0.479,0.487,0.94,0.94,True,True,True,True,True
2218,124,cinder_garden,Juno,cool hand,remembered shade first,124,0.479,0.489,0.94,0.94,True,True,True,True,True
2219,124,lichen_bridge,Luma,rope safe,waited at the rope,124,0.478,0.486,0.94,0.94,True,True,True,True,True
2220,124,orchid_engine,Dax,gear lane,kept the gear lane open,124,0.479,0.489,0.94,0.94,True,True,True,True,True
2221,124,moss_ward,Tala,ledger no touch,asked before ledger,124,0.48,0.488,0.94,0.94,True,True,True,True,True
2222,124,glass_harbor,Nia,lamp bright,guarded lamp for me,124,0.48,0.49,0.94,0.94,True,True,True,True,True
2223,124,cinder_garden,Pax,shade first,left my basket sorted,124,0.48,0.488,0.94,0.94,True,True,True,True,True
2224,124,lichen_bridge,Rin,bowl shared,kept bowl shared,124,0.479,0.489,0.94,0.94,True,True,True,True,True
2225,124,orchid_engine,Eli,valve wait,did not turn the valve,124,0.488,0.496,0.94,0.94,True,True,True,True,True
2226,124,moss_ward,Ari,loom wait,waited during repair,124,0.487,0.497,0.94,0.94,True,True,True,True,True
2227,124,glass_harbor,Oren,tea first,shared crossing tea,124,0.489,0.497,0.94,0.94,True,True,True,True,True
2228,124,cinder_garden,Vale,seed sleep,kept the path cool,124,0.487,0.497,0.94,0.94,True,True,True,True,True
2229,124,lichen_bridge,Sol,signal hush,heard my signal,124,0.489,0.497,0.94,0.94,True,True,True,True,True
2230,124,orchid_engine,Bea,orchid rest,let orchid rest,124,0.486,0.496,0.94,0.94,True,True,True,True,True
2231,124,moss_ward,Fay,path dry,helped after rain,124,0.489,0.497,0.94,0.94,True,True,True,True,True
2232,125,cinder_garden,Pax,cool hand,remembered shade first,125,0.489,0.499,0.94,0.94,True,True,True,True,True
2233,125,lichen_bridge,Rin,rope safe,waited at the rope,125,0.488,0.496,0.94,0.94,True,True,True,True,True
2234,125,orchid_engine,Eli,gear lane,kept the gear lane open,125,0.481,0.491,0.94,0.94,True,True,True,True,True
2235,125,moss_ward,Ari,ledger no touch,asked before ledger,125,0.481,0.489,0.94,0.94,True,True,True,True,True
2236,125,glass_harbor,Oren,lamp bright,guarded lamp for me,125,0.482,0.492,0.94,0.94,True,True,True,True,True
2237,125,cinder_garden,Vale,shade first,left my basket sorted,125,0.481,0.489,0.94,0.94,True,True,True,True,True
2238,125,lichen_bridge,Sol,bowl shared,kept bowl shared,125,0.479,0.489,0.94,0.94,True,True,True,True,True
2239,125,orchid_engine,Bea,valve wait,did not turn the valve,125,0.48,0.488,0.94,0.94,True,True,True,True,True
2240,125,moss_ward,Fay,loom wait,waited during repair,125,0.48,0.49,0.94,0.94,True,True,True,True,True
2241,125,glass_harbor,Puck,tea first,shared crossing tea,125,0.48,0.488,0.94,0.94,True,True,True,True,True
2242,125,cinder_garden,Wren,seed sleep,kept the path cool,125,0.479,0.489,0.94,0.94,True,True,True,True,True
2243,125,lichen_bridge,Kio,signal hush,heard my signal,125,0.488,0.496,0.94,0.94,True,True,True,True,True
2244,125,orchid_engine,Cai,orchid rest,let orchid rest,125,0.487,0.497,0.94,0.94,True,True,True,True,True
2245,125,moss_ward,Milo,path dry,helped after rain,125,0.489,0.497,0.94,0.94,True,True,True,True,True
2246,125,glass_harbor,Sera,net keeper,kept net lane clear,125,0.487,0.497,0.94,0.94,True,True,True,True,True
2247,125,cinder_garden,Juno,cool hand,remembered shade first,125,0.489,0.497,0.94,0.94,True,True,True,True,True
2248,125,lichen_bridge,Luma,rope safe,waited at the rope,125,0.486,0.496,0.94,0.94,True,True,True,True,True
2249,125,orchid_engine,Dax,gear lane,kept the gear lane open,125,0.489,0.497,0.94,0.94,True,True,True,True,True
2250,126,glass_harbor,Puck,lamp bright,guarded lamp for me,126,0.494,0.504,0.94,0.94,True,True,True,True,True
2251,126,cinder_garden,Wren,shade first,left my basket sorted,126,0.496,0.504,0.94,0.94,True,True,True,True,True
2252,126,lichen_bridge,Kio,bowl shared,kept bowl shared,126,0.486,0.496,0.94,0.94,True,True,True,True,True
2253,126,orchid_engine,Cai,valve wait,did not turn the valve,126,0.489,0.497,0.94,0.94,True,True,True,True,True
2254,126,moss_ward,Milo,loom wait,waited during repair,126,0.488,0.498,0.94,0.94,True,True,True,True,True
2255,126,glass_harbor,Sera,tea first,shared crossing tea,126,0.488,0.498,0.94,0.94,True,True,True,True,True
2256,126,cinder_garden,Juno,seed sleep,kept the path cool,126,0.489,0.499,0.94,0.94,True,True,True,True,True
2257,126,lichen_bridge,Luma,signal hush,heard my signal,126,0.491,0.499,0.94,0.94,True,True,True,True,True
2258,126,orchid_engine,Dax,orchid rest,let orchid rest,126,0.489,0.499,0.94,0.94,True,True,True,True,True
2259,126,moss_ward,Tala,path dry,helped after rain,126,0.491,0.499,0.94,0.94,True,True,True,True,True
2260,126,glass_harbor,Nia,net keeper,kept net lane clear,126,0.488,0.498,0.94,0.94,True,True,True,True,True
2261,126,cinder_garden,Pax,cool hand,remembered shade first,126,0.499,0.507,0.94,0.94,True,True,True,True,True
2262,126,lichen_bridge,Rin,rope safe,waited at the rope,126,0.496,0.506,0.94,0.94,True,True,True,True,True
2263,126,orchid_engine,Eli,gear lane,kept the gear lane open,126,0.491,0.499,0.94,0.94,True,True,True,True,True
2264,126,moss_ward,Ari,ledger no touch,asked before ledger,126,0.489,0.499,0.94,0.94,True,True,True,True,True
2265,126,glass_harbor,Oren,lamp bright,guarded lamp for me,126,0.492,0.5,0.94,0.94,True,True,True,True,True
2266,126,cinder_garden,Vale,shade first,left my basket sorted,126,0.489,0.499,0.94,0.94,True,True,True,True,True
2267,126,lichen_bridge,Sol,bowl shared,kept bowl shared,126,0.489,0.497,0.94,0.94,True,True,True,True,True
2268,127,moss_ward,Tala,loom wait,waited during repair,127,0.498,0.508,0.94,0.94,True,True,True,True,True
2269,127,glass_harbor,Nia,tea first,shared crossing tea,127,0.498,0.506,0.94,0.94,True,True,True,True,True
2270,127,cinder_garden,Pax,seed sleep,kept the path cool,127,0.49,0.5,0.94,0.94,True,True,True,True,True
2271,127,lichen_bridge,Rin,signal hush,heard my signal,127,0.491,0.499,0.94,0.94,True,True,True,True,True
2272,127,orchid_engine,Eli,orchid rest,let orchid rest,127,0.49,0.5,0.94,0.94,True,True,True,True,True
2273,127,moss_ward,Ari,path dry,helped after rain,127,0.49,0.498,0.94,0.94,True,True,True,True,True
2274,127,glass_harbor,Oren,net keeper,kept net lane clear,127,0.498,0.508,0.94,0.94,True,True,True,True,True
2275,127,cinder_garden,Vale,cool hand,remembered shade first,127,0.499,0.507,0.94,0.94,True,True,True,True,True
2276,127,lichen_bridge,Sol,rope safe,waited at the rope,127,0.499,0.509,0.94,0.94,True,True,True,True,True
2277,127,orchid_engine,Bea,gear lane,kept the gear lane open,127,0.499,0.507,0.94,0.94,True,True,True,True,True
2278,127,moss_ward,Fay,ledger no touch,asked before ledger,127,0.498,0.508,0.94,0.94,True,True,True,True,True
2279,127,glass_harbor,Puck,lamp bright,guarded lamp for me,127,0.504,0.512,0.94,0.94,True,True,True,True,True
2280,127,cinder_garden,Wren,shade first,left my basket sorted,127,0.504,0.514,0.94,0.94,True,True,True,True,True
2281,127,lichen_bridge,Kio,bowl shared,kept bowl shared,127,0.496,0.504,0.94,0.94,True,True,True,True,True
2282,127,orchid_engine,Cai,valve wait,did not turn the valve,127,0.497,0.507,0.94,0.94,True,True,True,True,True
2283,127,moss_ward,Milo,loom wait,waited during repair,127,0.498,0.506,0.94,0.94,True,True,True,True,True
2284,127,glass_harbor,Sera,tea first,shared crossing tea,127,0.498,0.508,0.94,0.94,True,True,True,True,True
2285,127,cinder_garden,Juno,seed sleep,kept the path cool,127,0.499,0.507,0.94,0.94,True,True,True,True,True
2286,128,orchid_engine,Bea,orchid rest,let orchid rest,128,0.496,0.506,0.94,0.94,True,True,True,True,True
2287,128,moss_ward,Fay,path dry,helped after rain,128,0.497,0.505,0.94,0.94,True,True,True,True,True
2288,128,glass_harbor,Puck,net keeper,kept net lane clear,128,0.488,0.498,0.94,0.94,True,True,True,True,True
2289,128,cinder_garden,Wren,cool hand,remembered shade first,128,0.49,0.498,0.94,0.94,True,True,True,True,True
2290,128,lichen_bridge,Kio,rope safe,waited at the rope,128,0.488,0.498,0.94,0.94,True,True,True,True,True
2291,128,orchid_engine,Cai,gear lane,kept the gear lane open,128,0.489,0.497,0.94,0.94,True,True,True,True,True
2292,128,moss_ward,Milo,ledger no touch,asked before ledger,128,0.496,0.506,0.94,0.94,True,True,True,True,True
2293,128,glass_harbor,Sera,lamp bright,guarded lamp for me,128,0.497,0.505,0.94,0.94,True,True,True,True,True
2294,128,cinder_garden,Juno,shade first,left my basket sorted,128,0.497,0.507,0.94,0.94,True,True,True,True,True
2295,128,lichen_bridge,Luma,bowl shared,kept bowl shared,128,0.497,0.505,0.94,0.94,True,True,True,True,True
2296,128,orchid_engine,Dax,valve wait,did not turn the valve,128,0.498,0.508,0.94,0.94,True,True,True,True,True
2297,128,moss_ward,Tala,loom wait,waited during repair,128,0.508,0.516,0.94,0.94,True,True,True,True,True
2298,128,glass_harbor,Nia,tea first,shared crossing tea,128,0.506,0.516,0.94,0.94,True,True,True,True,True
2299,128,cinder_garden,Pax,seed sleep,kept the path cool,128,0.5,0.508,0.94,0.94,True,True,True,True,True
2300,128,lichen_bridge,Rin,signal hush,heard my signal,128,0.499,0.509,0.94,0.94,True,True,True,True,True
2301,128,orchid_engine,Eli,orchid rest,let orchid rest,128,0.5,0.508,0.94,0.94,True,True,True,True,True
2302,128,moss_ward,Ari,path dry,helped after rain,128,0.498,0.508,0.94,0.94,True,True,True,True,True
2303,128,glass_harbor,Oren,net keeper,kept net lane clear,128,0.508,0.516,0.94,0.94,True,True,True,True,True
2304,129,lichen_bridge,Luma,rope safe,waited at the rope,129,0.496,0.506,0.94,0.94,True,True,True,True,True
2305,129,orchid_engine,Dax,gear lane,kept the gear lane open,129,0.497,0.505,0.94,0.94,True,True,True,True,True
2306,129,moss_ward,Tala,ledger no touch,asked before ledger,129,0.488,0.498,0.94,0.94,True,True,True,True,True
2307,129,glass_harbor,Nia,lamp bright,guarded lamp for me,129,0.49,0.498,0.94,0.94,True,True,True,True,True
2308,129,cinder_garden,Pax,shade first,left my basket sorted,129,0.488,0.498,0.94,0.94,True,True,True,True,True
2309,129,lichen_bridge,Rin,bowl shared,kept bowl shared,129,0.489,0.497,0.94,0.94,True,True,True,True,True
2310,129,orchid_engine,Eli,valve wait,did not turn the valve,129,0.496,0.506,0.94,0.94,True,True,True,True,True
2311,129,moss_ward,Ari,loom wait,waited during repair,129,0.497,0.505,0.94,0.94,True,True,True,True,True
2312,129,glass_harbor,Oren,tea first,shared crossing tea,129,0.497,0.507,0.94,0.94,True,True,True,True,True
2313,129,cinder_garden,Vale,seed sleep,kept the path cool,129,0.497,0.505,0.94,0.94,True,True,True,True,True
2314,129,lichen_bridge,Sol,signal hush,heard my signal,129,0.497,0.507,0.94,0.94,True,True,True,True,True
2315,129,orchid_engine,Bea,orchid rest,let orchid rest,129,0.506,0.514,0.94,0.94,True,True,True,True,True
2316,129,moss_ward,Fay,path dry,helped after rain,129,0.505,0.515,0.94,0.94,True,True,True,True,True
2317,129,glass_harbor,Puck,net keeper,kept net lane clear,129,0.498,0.506,0.94,0.94,True,True,True,True,True
2318,129,cinder_garden,Wren,cool hand,remembered shade first,129,0.498,0.508,0.94,0.94,True,True,True,True,True
2319,129,lichen_bridge,Kio,rope safe,waited at the rope,129,0.498,0.506,0.94,0.94,True,True,True,True,True
2320,129,orchid_engine,Cai,gear lane,kept the gear lane open,129,0.497,0.507,0.94,0.94,True,True,True,True,True
2321,129,moss_ward,Milo,ledger no touch,asked before ledger,129,0.506,0.514,0.94,0.94,True,True,True,True,True
2322,130,cinder_garden,Vale,shade first,left my basket sorted,130,0.499,0.509,0.94,0.94,True,True,True,True,True
2323,130,lichen_bridge,Sol,bowl shared,kept bowl shared,130,0.497,0.505,0.94,0.94,True,True,True,True,True
2324,130,orchid_engine,Bea,valve wait,did not turn the valve,130,0.488,0.498,0.94,0.94,True,True,True,True,True
2325,130,moss_ward,Fay,loom wait,waited during repair,130,0.49,0.498,0.94,0.94,True,True,True,True,True
2326,130,glass_harbor,Puck,tea first,shared crossing tea,130,0.488,0.498,0.94,0.94,True,True,True,True,True
2327,130,cinder_garden,Wren,seed sleep,kept the path cool,130,0.489,0.497,0.94,0.94,True,True,True,True,True
2328,130,lichen_bridge,Kio,signal hush,heard my signal,130,0.496,0.506,0.94,0.94,True,True,True,True,True
2329,130,orchid_engine,Cai,orchid rest,let orchid rest,130,0.497,0.505,0.94,0.94,True,True,True,True,True
2330,130,moss_ward,Milo,path dry,helped after rain,130,0.497,0.507,0.94,0.94,True,True,True,True,True
2331,130,glass_harbor,Sera,net keeper,kept net lane clear,130,0.497,0.505,0.94,0.94,True,True,True,True,True
2332,130,cinder_garden,Juno,cool hand,remembered shade first,130,0.497,0.507,0.94,0.94,True,True,True,True,True
2333,130,lichen_bridge,Luma,rope safe,waited at the rope,130,0.506,0.514,0.94,0.94,True,True,True,True,True
2334,130,orchid_engine,Dax,gear lane,kept the gear lane open,130,0.505,0.515,0.94,0.94,True,True,True,True,True
2335,130,moss_ward,Tala,ledger no touch,asked before ledger,130,0.498,0.506,0.94,0.94,True,True,True,True,True
2336,130,glass_harbor,Nia,lamp bright,guarded lamp for me,130,0.498,0.508,0.94,0.94,True,True,True,True,True
2337,130,cinder_garden,Pax,shade first,left my basket sorted,130,0.498,0.506,0.94,0.94,True,True,True,True,True
2338,130,lichen_bridge,Rin,bowl shared,kept bowl shared,130,0.497,0.507,0.94,0.94,True,True,True,True,True
2339,130,orchid_engine,Eli,valve wait,did not turn the valve,130,0.506,0.514,0.94,0.94,True,True,True,True,True
2340,131,glass_harbor,Sera,tea first,shared crossing tea,131,0.508,0.518,0.94,0.94,True,True,True,True,True
2341,131,cinder_garden,Juno,seed sleep,kept the path cool,131,0.507,0.515,0.94,0.94,True,True,True,True,True
2342,131,lichen_bridge,Luma,signal hush,heard my signal,131,0.499,0.509,0.94,0.94,True,True,True,True,True
2343,131,orchid_engine,Dax,orchid rest,let orchid rest,131,0.499,0.507,0.94,0.94,True,True,True,True,True
2344,131,moss_ward,Tala,path dry,helped after rain,131,0.499,0.509,0.94,0.94,True,True,True,True,True
2345,131,glass_harbor,Nia,net keeper,kept net lane clear,131,0.498,0.506,0.94,0.94,True,True,True,True,True
2346,131,cinder_garden,Pax,cool hand,remembered shade first,131,0.507,0.517,0.94,0.94,True,True,True,True,True
2347,131,lichen_bridge,Rin,rope safe,waited at the rope,131,0.506,0.514,0.94,0.94,True,True,True,True,True
2348,131,orchid_engine,Eli,gear lane,kept the gear lane open,131,0.499,0.509,0.94,0.94,True,True,True,True,True
2349,131,moss_ward,Ari,ledger no touch,asked before ledger,131,0.499,0.507,0.94,0.94,True,True,True,True,True
2350,131,glass_harbor,Oren,lamp bright,guarded lamp for me,131,0.5,0.51,0.94,0.94,True,True,True,True,True
2351,131,cinder_garden,Vale,shade first,left my basket sorted,131,0.509,0.517,0.94,0.94,True,True,True,True,True
2352,131,lichen_bridge,Sol,bowl shared,kept bowl shared,131,0.505,0.515,0.94,0.94,True,True,True,True,True
2353,131,orchid_engine,Bea,valve wait,did not turn the valve,131,0.498,0.506,0.94,0.94,True,True,True,True,True
2354,131,moss_ward,Fay,loom wait,waited during repair,131,0.498,0.508,0.94,0.94,True,True,True,True,True
2355,131,glass_harbor,Puck,tea first,shared crossing tea,131,0.498,0.506,0.94,0.94,True,True,True,True,True
2356,131,cinder_garden,Wren,seed sleep,kept the path cool,131,0.497,0.507,0.94,0.94,True,True,True,True,True
2357,131,lichen_bridge,Kio,signal hush,heard my signal,131,0.506,0.514,0.94,0.94,True,True,True,True,True
2358,132,moss_ward,Ari,path dry,helped after rain,132,0.508,0.518,0.94,0.94,True,True,True,True,True
2359,132,glass_harbor,Oren,net keeper,kept net lane clear,132,0.516,0.524,0.94,0.94,True,True,True,True,True
2360,132,cinder_garden,Vale,cool hand,remembered shade first,132,0.507,0.517,0.94,0.94,True,True,True,True,True
2361,132,lichen_bridge,Sol,rope safe,waited at the rope,132,0.509,0.517,0.94,0.94,True,True,True,True,True
2362,132,orchid_engine,Bea,gear lane,kept the gear lane open,132,0.507,0.517,0.94,0.94,True,True,True,True,True
2363,132,moss_ward,Fay,ledger no touch,asked before ledger,132,0.508,0.516,0.94,0.94,True,True,True,True,True
2364,132,glass_harbor,Puck,lamp bright,guarded lamp for me,132,0.512,0.522,0.94,0.94,True,True,True,True,True
2365,132,cinder_garden,Wren,shade first,left my basket sorted,132,0.514,0.522,0.94,0.94,True,True,True,True,True
2366,132,lichen_bridge,Kio,bowl shared,kept bowl shared,132,0.504,0.514,0.94,0.94,True,True,True,True,True
2367,132,orchid_engine,Cai,valve wait,did not turn the valve,132,0.507,0.515,0.94,0.94,True,True,True,True,True
2368,132,moss_ward,Milo,loom wait,waited during repair,132,0.506,0.516,0.94,0.94,True,True,True,True,True
2369,132,glass_harbor,Sera,tea first,shared crossing tea,132,0.518,0.526,0.94,0.94,True,True,True,True,True
2370,132,cinder_garden,Juno,seed sleep,kept the path cool,132,0.515,0.525,0.94,0.94,True,True,True,True,True
2371,132,lichen_bridge,Luma,signal hush,heard my signal,132,0.509,0.517,0.94,0.94,True,True,True,True,True
2372,132,orchid_engine,Dax,orchid rest,let orchid rest,132,0.507,0.517,0.94,0.94,True,True,True,True,True
2373,132,moss_ward,Tala,path dry,helped after rain,132,0.509,0.517,0.94,0.94,True,True,True,True,True
2374,132,glass_harbor,Nia,net keeper,kept net lane clear,132,0.506,0.516,0.94,0.94,True,True,True,True,True
2375,132,cinder_garden,Pax,cool hand,remembered shade first,132,0.517,0.525,0.94,0.94,True,True,True,True,True
2376,133,orchid_engine,Cai,gear lane,kept the gear lane open,133,0.507,0.517,0.94,0.94,True,True,True,True,True
2377,133,moss_ward,Milo,ledger no touch,asked before ledger,133,0.514,0.522,0.94,0.94,True,True,True,True,True
2378,133,glass_harbor,Sera,lamp bright,guarded lamp for me,133,0.505,0.515,0.94,0.94,True,True,True,True,True
2379,133,cinder_garden,Juno,shade first,left my basket sorted,133,0.507,0.515,0.94,0.94,True,True,True,True,True
2380,133,lichen_bridge,Luma,bowl shared,kept bowl shared,133,0.505,0.515,0.94,0.94,True,True,True,True,True
2381,133,orchid_engine,Dax,valve wait,did not turn the valve,133,0.508,0.516,0.94,0.94,True,True,True,True,True
2382,133,moss_ward,Tala,loom wait,waited during repair,133,0.516,0.526,0.94,0.94,True,True,True,True,True
2383,133,glass_harbor,Nia,tea first,shared crossing tea,133,0.516,0.524,0.94,0.94,True,True,True,True,True
2384,133,cinder_garden,Pax,seed sleep,kept the path cool,133,0.508,0.518,0.94,0.94,True,True,True,True,True
2385,133,lichen_bridge,Rin,signal hush,heard my signal,133,0.509,0.517,0.94,0.94,True,True,True,True,True
2386,133,orchid_engine,Eli,orchid rest,let orchid rest,133,0.508,0.518,0.94,0.94,True,True,True,True,True
2387,133,moss_ward,Ari,path dry,helped after rain,133,0.518,0.526,0.94,0.94,True,True,True,True,True
2388,133,glass_harbor,Oren,net keeper,kept net lane clear,133,0.524,0.534,0.94,0.94,True,True,True,True,True
2389,133,cinder_garden,Vale,cool hand,remembered shade first,133,0.517,0.525,0.94,0.94,True,True,True,True,True
2390,133,lichen_bridge,Sol,rope safe,waited at the rope,133,0.517,0.527,0.94,0.94,True,True,True,True,True
2391,133,orchid_engine,Bea,gear lane,kept the gear lane open,133,0.517,0.525,0.94,0.94,True,True,True,True,True
2392,133,moss_ward,Fay,ledger no touch,asked before ledger,133,0.516,0.526,0.94,0.94,True,True,True,True,True
2393,133,glass_harbor,Puck,lamp bright,guarded lamp for me,133,0.522,0.53,0.94,0.94,True,True,True,True,True
2394,134,lichen_bridge,Rin,bowl shared,kept bowl shared,134,0.507,0.517,0.94,0.94,True,True,True,True,True
2395,134,orchid_engine,Eli,valve wait,did not turn the valve,134,0.514,0.522,0.94,0.94,True,True,True,True,True
2396,134,moss_ward,Ari,loom wait,waited during repair,134,0.505,0.515,0.94,0.94,True,True,True,True,True
2397,134,glass_harbor,Oren,tea first,shared crossing tea,134,0.507,0.515,0.94,0.94,True,True,True,True,True
2398,134,cinder_garden,Vale,seed sleep,kept the path cool,134,0.505,0.515,0.94,0.94,True,True,True,True,True
2399,134,lichen_bridge,Sol,signal hush,heard my signal,134,0.507,0.515,0.94,0.94,True,True,True,True,True
2400,134,orchid_engine,Bea,orchid rest,let orchid rest,134,0.514,0.524,0.94,0.94,True,True,True,True,True
2401,134,moss_ward,Fay,path dry,helped after rain,134,0.515,0.523,0.94,0.94,True,True,True,True,True
2402,134,glass_harbor,Puck,net keeper,kept net lane clear,134,0.506,0.516,0.94,0.94,True,True,True,True,True
2403,134,cinder_garden,Wren,cool hand,remembered shade first,134,0.508,0.516,0.94,0.94,True,True,True,True,True
2404,134,lichen_bridge,Kio,rope safe,waited at the rope,134,0.506,0.516,0.94,0.94,True,True,True,True,True
2405,134,orchid_engine,Cai,gear lane,kept the gear lane open,134,0.517,0.525,0.94,0.94,True,True,True,True,True
2406,134,moss_ward,Milo,ledger no touch,asked before ledger,134,0.522,0.532,0.94,0.94,True,True,True,True,True
2407,134,glass_harbor,Sera,lamp bright,guarded lamp for me,134,0.515,0.523,0.94,0.94,True,True,True,True,True
2408,134,cinder_garden,Juno,shade first,left my basket sorted,134,0.515,0.525,0.94,0.94,True,True,True,True,True
2409,134,lichen_bridge,Luma,bowl shared,kept bowl shared,134,0.515,0.525,0.94,0.94,True,True,True,True,True
2410,134,orchid_engine,Dax,valve wait,did not turn the valve,134,0.516,0.526,0.94,0.94,True,True,True,True,True
2411,134,moss_ward,Tala,loom wait,waited during repair,134,0.526,0.534,0.94,0.94,True,True,True,True,True
2412,135,cinder_garden,Wren,seed sleep,kept the path cool,135,0.507,0.517,0.94,0.94,True,True,True,True,True
2413,135,lichen_bridge,Kio,signal hush,heard my signal,135,0.514,0.522,0.94,0.94,True,True,True,True,True
2414,135,orchid_engine,Cai,orchid rest,let orchid rest,135,0.505,0.515,0.94,0.94,True,True,True,True,True
2415,135,moss_ward,Milo,path dry,helped after rain,135,0.507,0.515,0.94,0.94,True,True,True,True,True
2416,135,glass_harbor,Sera,net keeper,kept net lane clear,135,0.505,0.515,0.94,0.94,True,True,True,True,True
2417,135,cinder_garden,Juno,cool hand,remembered shade first,135,0.507,0.515,0.94,0.94,True,True,True,True,True
2418,135,lichen_bridge,Luma,rope safe,waited at the rope,135,0.514,0.524,0.94,0.94,True,True,True,True,True
2419,135,orchid_engine,Dax,gear lane,kept the gear lane open,135,0.515,0.523,0.94,0.94,True,True,True,True,True
2420,135,moss_ward,Tala,ledger no touch,asked before ledger,135,0.506,0.516,0.94,0.94,True,True,True,True,True
2421,135,glass_harbor,Nia,lamp bright,guarded lamp for me,135,0.508,0.516,0.94,0.94,True,True,True,True,True
2422,135,cinder_garden,Pax,shade first,left my basket sorted,135,0.506,0.516,0.94,0.94,True,True,True,True,True
2423,135,lichen_bridge,Rin,bowl shared,kept bowl shared,135,0.517,0.525,0.94,0.94,True,True,True,True,True
2424,135,orchid_engine,Eli,valve wait,did not turn the valve,135,0.522,0.532,0.94,0.94,True,True,True,True,True
2425,135,moss_ward,Ari,loom wait,waited during repair,135,0.515,0.523,0.94,0.94,True,True,True,True,True
2426,135,glass_harbor,Oren,tea first,shared crossing tea,135,0.515,0.525,0.94,0.94,True,True,True,True,True
2427,135,cinder_garden,Vale,seed sleep,kept the path cool,135,0.515,0.523,0.94,0.94,True,True,True,True,True
2428,135,lichen_bridge,Sol,signal hush,heard my signal,135,0.515,0.525,0.94,0.94,True,True,True,True,True
2429,135,orchid_engine,Bea,orchid rest,let orchid rest,135,0.524,0.532,0.94,0.94,True,True,True,True,True
2430,136,glass_harbor,Nia,net keeper,kept net lane clear,136,0.516,0.526,0.94,0.94,True,True,True,True,True
2431,136,cinder_garden,Pax,cool hand,remembered shade first,136,0.525,0.533,0.94,0.94,True,True,True,True,True
2432,136,lichen_bridge,Rin,rope safe,waited at the rope,136,0.514,0.524,0.94,0.94,True,True,True,True,True
2433,136,orchid_engine,Eli,gear lane,kept the gear lane open,136,0.509,0.517,0.94,0.94,True,True,True,True,True
2434,136,moss_ward,Ari,ledger no touch,asked before ledger,136,0.507,0.517,0.94,0.94,True,True,True,True,True
2435,136,glass_harbor,Oren,lamp bright,guarded lamp for me,136,0.51,0.518,0.94,0.94,True,True,True,True,True
2436,136,cinder_garden,Vale,shade first,left my basket sorted,136,0.517,0.527,0.94,0.94,True,True,True,True,True
2437,136,lichen_bridge,Sol,bowl shared,kept bowl shared,136,0.515,0.523,0.94,0.94,True,True,True,True,True
2438,136,orchid_engine,Bea,valve wait,did not turn the valve,136,0.506,0.516,0.94,0.94,True,True,True,True,True
2439,136,moss_ward,Fay,loom wait,waited during repair,136,0.508,0.516,0.94,0.94,True,True,True,True,True
2440,136,glass_harbor,Puck,tea first,shared crossing tea,136,0.506,0.516,0.94,0.94,True,True,True,True,True
2441,136,cinder_garden,Wren,seed sleep,kept the path cool,136,0.517,0.525,0.94,0.94,True,True,True,True,True
2442,136,lichen_bridge,Kio,signal hush,heard my signal,136,0.522,0.532,0.94,0.94,True,True,True,True,True
2443,136,orchid_engine,Cai,orchid rest,let orchid rest,136,0.515,0.523,0.94,0.94,True,True,True,True,True
2444,136,moss_ward,Milo,path dry,helped after rain,136,0.515,0.525,0.94,0.94,True,True,True,True,True
2445,136,glass_harbor,Sera,net keeper,kept net lane clear,136,0.515,0.523,0.94,0.94,True,True,True,True,True
2446,136,cinder_garden,Juno,cool hand,remembered shade first,136,0.515,0.525,0.94,0.94,True,True,True,True,True
2447,136,lichen_bridge,Luma,rope safe,waited at the rope,136,0.524,0.532,0.94,0.94,True,True,True,True,True
2448,137,moss_ward,Fay,ledger no touch,asked before ledger,137,0.526,0.536,0.94,0.94,True,True,True,True,True
2449,137,glass_harbor,Puck,lamp bright,guarded lamp for me,137,0.53,0.538,0.94,0.94,True,True,True,True,True
2450,137,cinder_garden,Wren,shade first,left my basket sorted,137,0.522,0.532,0.94,0.94,True,True,True,True,True
2451,137,lichen_bridge,Kio,bowl shared,kept bowl shared,137,0.514,0.522,0.94,0.94,True,True,True,True,True
2452,137,orchid_engine,Cai,valve wait,did not turn the valve,137,0.515,0.525,0.94,0.94,True,True,True,True,True
2453,137,moss_ward,Milo,loom wait,waited during repair,137,0.516,0.526,0.94,0.94,True,True,True,True,True
2454,137,glass_harbor,Sera,tea first,shared crossing tea,137,0.526,0.536,0.94,0.94,True,True,True,True,True
2455,137,cinder_garden,Juno,seed sleep,kept the path cool,137,0.525,0.533,0.94,0.94,True,True,True,True,True
2456,137,lichen_bridge,Luma,signal hush,heard my signal,137,0.517,0.527,0.94,0.94,True,True,True,True,True
2457,137,orchid_engine,Dax,orchid rest,let orchid rest,137,0.517,0.525,0.94,0.94,True,True,True,True,True
2458,137,moss_ward,Tala,path dry,helped after rain,137,0.517,0.527,0.94,0.94,True,True,True,True,True
2459,137,glass_harbor,Nia,net keeper,kept net lane clear,137,0.526,0.534,0.94,0.94,True,True,True,True,True
2460,137,cinder_garden,Pax,cool hand,remembered shade first,137,0.533,0.543,0.94,0.94,True,True,True,True,True
2461,137,lichen_bridge,Rin,rope safe,waited at the rope,137,0.524,0.532,0.94,0.94,True,True,True,True,True
2462,137,orchid_engine,Eli,gear lane,kept the gear lane open,137,0.517,0.527,0.94,0.94,True,True,True,True,True
2463,137,moss_ward,Ari,ledger no touch,asked before ledger,137,0.517,0.525,0.94,0.94,True,True,True,True,True
2464,137,glass_harbor,Oren,lamp bright,guarded lamp for me,137,0.518,0.528,0.94,0.94,True,True,True,True,True
2465,137,cinder_garden,Vale,shade first,left my basket sorted,137,0.527,0.535,0.94,0.94,True,True,True,True,True
2466,138,orchid_engine,Dax,valve wait,did not turn the valve,138,0.526,0.536,0.94,0.94,True,True,True,True,True
2467,138,moss_ward,Tala,loom wait,waited during repair,138,0.534,0.542,0.94,0.94,True,True,True,True,True
2468,138,glass_harbor,Nia,tea first,shared crossing tea,138,0.524,0.534,0.94,0.94,True,True,True,True,True
2469,138,cinder_garden,Pax,seed sleep,kept the path cool,138,0.518,0.526,0.94,0.94,True,True,True,True,True
2470,138,lichen_bridge,Rin,signal hush,heard my signal,138,0.517,0.527,0.94,0.94,True,True,True,True,True
2471,138,orchid_engine,Eli,orchid rest,let orchid rest,138,0.518,0.526,0.94,0.94,True,True,True,True,True
2472,138,moss_ward,Ari,path dry,helped after rain,138,0.526,0.536,0.94,0.94,True,True,True,True,True
2473,138,glass_harbor,Oren,net keeper,kept net lane clear,138,0.534,0.542,0.94,0.94,True,True,True,True,True
2474,138,cinder_garden,Vale,cool hand,remembered shade first,138,0.525,0.535,0.94,0.94,True,True,True,True,True
2475,138,lichen_bridge,Sol,rope safe,waited at the rope,138,0.527,0.535,0.94,0.94,True,True,True,True,True
2476,138,orchid_engine,Bea,gear lane,kept the gear lane open,138,0.525,0.535,0.94,0.94,True,True,True,True,True
2477,138,moss_ward,Fay,ledger no touch,asked before ledger,138,0.536,0.544,0.94,0.94,True,True,True,True,True
2478,138,glass_harbor,Puck,lamp bright,guarded lamp for me,138,0.538,0.548,0.94,0.94,True,True,True,True,True
2479,138,cinder_garden,Wren,shade first,left my basket sorted,138,0.532,0.54,0.94,0.94,True,True,True,True,True
2480,138,lichen_bridge,Kio,bowl shared,kept bowl shared,138,0.522,0.532,0.94,0.94,True,True,True,True,True
2481,138,orchid_engine,Cai,valve wait,did not turn the valve,138,0.525,0.533,0.94,0.94,True,True,True,True,True
2482,138,moss_ward,Milo,loom wait,waited during repair,138,0.526,0.536,0.94,0.94,True,True,True,True,True
2483,138,glass_harbor,Sera,tea first,shared crossing tea,138,0.536,0.544,0.94,0.94,True,True,True,True,True
2484,139,lichen_bridge,Sol,signal hush,heard my signal,139,0.525,0.535,0.94,0.94,True,True,True,True,True
2485,139,orchid_engine,Bea,orchid rest,let orchid rest,139,0.532,0.54,0.94,0.94,True,True,True,True,True
2486,139,moss_ward,Fay,path dry,helped after rain,139,0.523,0.533,0.94,0.94,True,True,True,True,True
2487,139,glass_harbor,Puck,net keeper,kept net lane clear,139,0.516,0.524,0.94,0.94,True,True,True,True,True
2488,139,cinder_garden,Wren,cool hand,remembered shade first,139,0.516,0.526,0.94,0.94,True,True,True,True,True
2489,139,lichen_bridge,Kio,rope safe,waited at the rope,139,0.516,0.524,0.94,0.94,True,True,True,True,True
2490,139,orchid_engine,Cai,gear lane,kept the gear lane open,139,0.525,0.535,0.94,0.94,True,True,True,True,True
2491,139,moss_ward,Milo,ledger no touch,asked before ledger,139,0.532,0.54,0.94,0.94,True,True,True,True,True
2492,139,glass_harbor,Sera,lamp bright,guarded lamp for me,139,0.523,0.533,0.94,0.94,True,True,True,True,True
2493,139,cinder_garden,Juno,shade first,left my basket sorted,139,0.525,0.533,0.94,0.94,True,True,True,True,True
2494,139,lichen_bridge,Luma,bowl shared,kept bowl shared,139,0.525,0.535,0.94,0.94,True,True,True,True,True
2495,139,orchid_engine,Dax,valve wait,did not turn the valve,139,0.536,0.544,0.94,0.94,True,True,True,True,True
2496,139,moss_ward,Tala,loom wait,waited during repair,139,0.542,0.552,0.94,0.94,True,True,True,True,True
2497,139,glass_harbor,Nia,tea first,shared crossing tea,139,0.534,0.542,0.94,0.94,True,True,True,True,True
2498,139,cinder_garden,Pax,seed sleep,kept the path cool,139,0.526,0.536,0.94,0.94,True,True,True,True,True
2499,139,lichen_bridge,Rin,signal hush,heard my signal,139,0.527,0.535,0.94,0.94,True,True,True,True,True
2500,139,orchid_engine,Eli,orchid rest,let orchid rest,139,0.526,0.536,0.94,0.94,True,True,True,True,True
2501,139,moss_ward,Ari,path dry,helped after rain,139,0.536,0.544,0.94,0.94,True,True,True,True,True
2502,140,cinder_garden,Juno,cool hand,remembered shade first,140,0.525,0.535,0.94,0.94,True,True,True,True,True
2503,140,lichen_bridge,Luma,rope safe,waited at the rope,140,0.532,0.54,0.94,0.94,True,True,True,True,True
2504,140,orchid_engine,Dax,gear lane,kept the gear lane open,140,0.523,0.533,0.94,0.94,True,True,True,True,True
2505,140,moss_ward,Tala,ledger no touch,asked before ledger,140,0.516,0.524,0.94,0.94,True,True,True,True,True
2506,140,glass_harbor,Nia,lamp bright,guarded lamp for me,140,0.516,0.526,0.94,0.94,True,True,True,True,True
2507,140,cinder_garden,Pax,shade first,left my basket sorted,140,0.516,0.524,0.94,0.94,True,True,True,True,True
2508,140,lichen_bridge,Rin,bowl shared,kept bowl shared,140,0.525,0.535,0.94,0.94,True,True,True,True,True
2509,140,orchid_engine,Eli,valve wait,did not turn the valve,140,0.532,0.54,0.94,0.94,True,True,True,True,True
2510,140,moss_ward,Ari,loom wait,waited during repair,140,0.523,0.533,0.94,0.94,True,True,True,True,True
2511,140,glass_harbor,Oren,tea first,shared crossing tea,140,0.525,0.533,0.94,0.94,True,True,True,True,True
2512,140,cinder_garden,Vale,seed sleep,kept the path cool,140,0.523,0.533,0.94,0.94,True,True,True,True,True
2513,140,lichen_bridge,Sol,signal hush,heard my signal,140,0.535,0.543,0.94,0.94,True,True,True,True,True
2514,140,orchid_engine,Bea,orchid rest,let orchid rest,140,0.54,0.55,0.94,0.94,True,True,True,True,True
2515,140,moss_ward,Fay,path dry,helped after rain,140,0.533,0.541,0.94,0.94,True,True,True,True,True
2516,140,glass_harbor,Puck,net keeper,kept net lane clear,140,0.524,0.534,0.94,0.94,True,True,True,True,True
2517,140,cinder_garden,Wren,cool hand,remembered shade first,140,0.526,0.534,0.94,0.94,True,True,True,True,True
2518,140,lichen_bridge,Kio,rope safe,waited at the rope,140,0.524,0.534,0.94,0.94,True,True,True,True,True
2519,140,orchid_engine,Cai,gear lane,kept the gear lane open,140,0.535,0.543,0.94,0.94,True,True,True,True,True
2520,141,glass_harbor,Oren,lamp bright,guarded lamp for me,141,0.528,0.538,0.94,0.94,True,True,True,True,True
2521,141,cinder_garden,Vale,shade first,left my basket sorted,141,0.535,0.543,0.94,0.94,True,True,True,True,True
2522,141,lichen_bridge,Sol,bowl shared,kept bowl shared,141,0.523,0.533,0.94,0.94,True,True,True,True,True
2523,141,orchid_engine,Bea,valve wait,did not turn the valve,141,0.516,0.524,0.94,0.94,True,True,True,True,True
2524,141,moss_ward,Fay,loom wait,waited during repair,141,0.516,0.526,0.94,0.94,True,True,True,True,True
2525,141,glass_harbor,Puck,tea first,shared crossing tea,141,0.516,0.524,0.94,0.94,True,True,True,True,True
2526,141,cinder_garden,Wren,seed sleep,kept the path cool,141,0.525,0.535,0.94,0.94,True,True,True,True,True
2527,141,lichen_bridge,Kio,signal hush,heard my signal,141,0.532,0.54,0.94,0.94,True,True,True,True,True
2528,141,orchid_engine,Cai,orchid rest,let orchid rest,141,0.523,0.533,0.94,0.94,True,True,True,True,True
2529,141,moss_ward,Milo,path dry,helped after rain,141,0.525,0.533,0.94,0.94,True,True,True,True,True
2530,141,glass_harbor,Sera,net keeper,kept net lane clear,141,0.523,0.533,0.94,0.94,True,True,True,True,True
2531,141,cinder_garden,Juno,cool hand,remembered shade first,141,0.535,0.543,0.94,0.94,True,True,True,True,True
2532,141,lichen_bridge,Luma,rope safe,waited at the rope,141,0.54,0.55,0.94,0.94,True,True,True,True,True
2533,141,orchid_engine,Dax,gear lane,kept the gear lane open,141,0.533,0.541,0.94,0.94,True,True,True,True,True
2534,141,moss_ward,Tala,ledger no touch,asked before ledger,141,0.524,0.534,0.94,0.94,True,True,True,True,True
2535,141,glass_harbor,Nia,lamp bright,guarded lamp for me,141,0.526,0.534,0.94,0.94,True,True,True,True,True
2536,141,cinder_garden,Pax,shade first,left my basket sorted,141,0.524,0.534,0.94,0.94,True,True,True,True,True
2537,141,lichen_bridge,Rin,bowl shared,kept bowl shared,141,0.535,0.543,0.94,0.94,True,True,True,True,True
2538,142,moss_ward,Milo,loom wait,waited during repair,142,0.536,0.546,0.94,0.94,True,True,True,True,True
2539,142,glass_harbor,Sera,tea first,shared crossing tea,142,0.544,0.552,0.94,0.94,True,True,True,True,True
2540,142,cinder_garden,Juno,seed sleep,kept the path cool,142,0.533,0.543,0.94,0.94,True,True,True,True,True
2541,142,lichen_bridge,Luma,signal hush,heard my signal,142,0.527,0.535,0.94,0.94,True,True,True,True,True
2542,142,orchid_engine,Dax,orchid rest,let orchid rest,142,0.525,0.535,0.94,0.94,True,True,True,True,True
2543,142,moss_ward,Tala,path dry,helped after rain,142,0.527,0.535,0.94,0.94,True,True,True,True,True
2544,142,glass_harbor,Nia,net keeper,kept net lane clear,142,0.534,0.544,0.94,0.94,True,True,True,True,True
2545,142,cinder_garden,Pax,cool hand,remembered shade first,142,0.543,0.551,0.94,0.94,True,True,True,True,True
2546,142,lichen_bridge,Rin,rope safe,waited at the rope,142,0.532,0.542,0.94,0.94,True,True,True,True,True
2547,142,orchid_engine,Eli,gear lane,kept the gear lane open,142,0.527,0.535,0.94,0.94,True,True,True,True,True
2548,142,moss_ward,Ari,ledger no touch,asked before ledger,142,0.525,0.535,0.94,0.94,True,True,True,True,True
2549,142,glass_harbor,Oren,lamp bright,guarded lamp for me,142,0.538,0.546,0.94,0.94,True,True,True,True,True
2550,142,cinder_garden,Vale,shade first,left my basket sorted,142,0.543,0.553,0.94,0.94,True,True,True,True,True
2551,142,lichen_bridge,Sol,bowl shared,kept bowl shared,142,0.533,0.541,0.94,0.94,True,True,True,True,True
2552,142,orchid_engine,Bea,valve wait,did not turn the valve,142,0.524,0.534,0.94,0.94,True,True,True,True,True
2553,142,moss_ward,Fay,loom wait,waited during repair,142,0.526,0.534,0.94,0.94,True,True,True,True,True
2554,142,glass_harbor,Puck,tea first,shared crossing tea,142,0.524,0.534,0.94,0.94,True,True,True,True,True
2555,142,cinder_garden,Wren,seed sleep,kept the path cool,142,0.535,0.543,0.94,0.94,True,True,True,True,True
2556,143,orchid_engine,Eli,orchid rest,let orchid rest,143,0.536,0.546,0.94,0.94,True,True,True,True,True
2557,143,moss_ward,Ari,path dry,helped after rain,143,0.544,0.552,0.94,0.94,True,True,True,True,True
2558,143,glass_harbor,Oren,net keeper,kept net lane clear,143,0.542,0.552,0.94,0.94,True,True,True,True,True
2559,143,cinder_garden,Vale,cool hand,remembered shade first,143,0.535,0.543,0.94,0.94,True,True,True,True,True
2560,143,lichen_bridge,Sol,rope safe,waited at the rope,143,0.535,0.545,0.94,0.94,True,True,True,True,True
2561,143,orchid_engine,Bea,gear lane,kept the gear lane open,143,0.535,0.543,0.94,0.94,True,True,True,True,True
2562,143,moss_ward,Fay,ledger no touch,asked before ledger,143,0.544,0.554,0.94,0.94,True,True,True,True,True
2563,143,glass_harbor,Puck,lamp bright,guarded lamp for me,143,0.548,0.556,0.94,0.94,True,True,True,True,True
2564,143,cinder_garden,Wren,shade first,left my basket sorted,143,0.54,0.55,0.94,0.94,True,True,True,True,True
2565,143,lichen_bridge,Kio,bowl shared,kept bowl shared,143,0.532,0.54,0.94,0.94,True,True,True,True,True
2566,143,orchid_engine,Cai,valve wait,did not turn the valve,143,0.533,0.543,0.94,0.94,True,True,True,True,True
2567,143,moss_ward,Milo,loom wait,waited during repair,143,0.546,0.554,0.94,0.94,True,True,True,True,True
2568,143,glass_harbor,Sera,tea first,shared crossing tea,143,0.552,0.562,0.94,0.94,True,True,True,True,True
2569,143,cinder_garden,Juno,seed sleep,kept the path cool,143,0.543,0.551,0.94,0.94,True,True,True,True,True
2570,143,lichen_bridge,Luma,signal hush,heard my signal,143,0.535,0.545,0.94,0.94,True,True,True,True,True
2571,143,orchid_engine,Dax,orchid rest,let orchid rest,143,0.535,0.543,0.94,0.94,True,True,True,True,True
2572,143,moss_ward,Tala,path dry,helped after rain,143,0.535,0.545,0.94,0.94,True,True,True,True,True
2573,143,glass_harbor,Nia,net keeper,kept net lane clear,143,0.544,0.552,0.94,0.94,True,True,True,True,True
2574,144,lichen_bridge,Kio,rope safe,waited at the rope,144,0.534,0.544,0.94,0.94,True,True,True,True,True
2575,144,orchid_engine,Cai,gear lane,kept the gear lane open,144,0.543,0.551,0.94,0.94,True,True,True,True,True
2576,144,moss_ward,Milo,ledger no touch,asked before ledger,144,0.54,0.55,0.94,0.94,True,True,True,True,True
2577,144,glass_harbor,Sera,lamp bright,guarded lamp for me,144,0.533,0.541,0.94,0.94,True,True,True,True,True
2578,144,cinder_garden,Juno,shade first,left my basket sorted,144,0.533,0.543,0.94,0.94,True,True,True,True,True
2579,144,lichen_bridge,Luma,bowl shared,kept bowl shared,144,0.535,0.543,0.94,0.94,True,True,True,True,True
2580,144,orchid_engine,Dax,valve wait,did not turn the valve,144,0.544,0.554,0.94,0.94,True,True,True,True,True
2581,144,moss_ward,Tala,loom wait,waited during repair,144,0.552,0.56,0.94,0.94,True,True,True,True,True
2582,144,glass_harbor,Nia,tea first,shared crossing tea,144,0.542,0.552,0.94,0.94,True,True,True,True,True
2583,144,cinder_garden,Pax,seed sleep,kept the path cool,144,0.536,0.544,0.94,0.94,True,True,True,True,True
2584,144,lichen_bridge,Rin,signal hush,heard my signal,144,0.535,0.545,0.94,0.94,True,True,True,True,True
2585,144,orchid_engine,Eli,orchid rest,let orchid rest,144,0.546,0.554,0.94,0.94,True,True,True,True,True
2586,144,moss_ward,Ari,path dry,helped after rain,144,0.552,0.562,0.94,0.94,True,True,True,True,True
2587,144,glass_harbor,Oren,net keeper,kept net lane clear,144,0.552,0.56,0.94,0.94,True,True,True,True,True
2588,144,cinder_garden,Vale,cool hand,remembered shade first,144,0.543,0.553,0.94,0.94,True,True,True,True,True
2589,144,lichen_bridge,Sol,rope safe,waited at the rope,144,0.545,0.553,0.94,0.94,True,True,True,True,True
2590,144,orchid_engine,Bea,gear lane,kept the gear lane open,144,0.543,0.553,0.94,0.94,True,True,True,True,True
2591,144,moss_ward,Fay,ledger no touch,asked before ledger,144,0.554,0.562,0.94,0.94,True,True,True,True,True
2592,145,cinder_garden,Pax,shade first,left my basket sorted,145,0.534,0.544,0.94,0.94,True,True,True,True,True
2593,145,lichen_bridge,Rin,bowl shared,kept bowl shared,145,0.543,0.551,0.94,0.94,True,True,True,True,True
2594,145,orchid_engine,Eli,valve wait,did not turn the valve,145,0.54,0.55,0.94,0.94,True,True,True,True,True
2595,145,moss_ward,Ari,loom wait,waited during repair,145,0.533,0.541,0.94,0.94,True,True,True,True,True
2596,145,glass_harbor,Oren,tea first,shared crossing tea,145,0.533,0.543,0.94,0.94,True,True,True,True,True
2597,145,cinder_garden,Vale,seed sleep,kept the path cool,145,0.533,0.541,0.94,0.94,True,True,True,True,True
2598,145,lichen_bridge,Sol,signal hush,heard my signal,145,0.543,0.553,0.94,0.94,True,True,True,True,True
2599,145,orchid_engine,Bea,orchid rest,let orchid rest,145,0.55,0.558,0.94,0.94,True,True,True,True,True
2600,145,moss_ward,Fay,path dry,helped after rain,145,0.541,0.551,0.94,0.94,True,True,True,True,True
2601,145,glass_harbor,Puck,net keeper,kept net lane clear,145,0.534,0.542,0.94,0.94,True,True,True,True,True
2602,145,cinder_garden,Wren,cool hand,remembered shade first,145,0.534,0.544,0.94,0.94,True,True,True,True,True
2603,145,lichen_bridge,Kio,rope safe,waited at the rope,145,0.544,0.552,0.94,0.94,True,True,True,True,True
2604,145,orchid_engine,Cai,gear lane,kept the gear lane open,145,0.551,0.561,0.94,0.94,True,True,True,True,True
2605,145,moss_ward,Milo,ledger no touch,asked before ledger,145,0.55,0.558,0.94,0.94,True,True,True,True,True
2606,145,glass_harbor,Sera,lamp bright,guarded lamp for me,145,0.541,0.551,0.94,0.94,True,True,True,True,True
2607,145,cinder_garden,Juno,shade first,left my basket sorted,145,0.543,0.553,0.94,0.94,True,True,True,True,True
2608,145,lichen_bridge,Luma,bowl shared,kept bowl shared,145,0.543,0.553,0.94,0.94,True,True,True,True,True
2609,145,orchid_engine,Dax,valve wait,did not turn the valve,145,0.554,0.562,0.94,0.94,True,True,True,True,True
2610,146,glass_harbor,Puck,tea first,shared crossing tea,146,0.534,0.544,0.94,0.94,True,True,True,True,True
2611,146,cinder_garden,Wren,seed sleep,kept the path cool,146,0.543,0.551,0.94,0.94,True,True,True,True,True
2612,146,lichen_bridge,Kio,signal hush,heard my signal,146,0.54,0.55,0.94,0.94,True,True,True,True,True
2613,146,orchid_engine,Cai,orchid rest,let orchid rest,146,0.533,0.541,0.94,0.94,True,True,True,True,True
2614,146,moss_ward,Milo,path dry,helped after rain,146,0.533,0.543,0.94,0.94,True,True,True,True,True
2615,146,glass_harbor,Sera,net keeper,kept net lane clear,146,0.533,0.541,0.94,0.94,True,True,True,True,True
2616,146,cinder_garden,Juno,cool hand,remembered shade first,146,0.543,0.553,0.94,0.94,True,True,True,True,True
2617,146,lichen_bridge,Luma,rope safe,waited at the rope,146,0.55,0.558,0.94,0.94,True,True,True,True,True
2618,146,orchid_engine,Dax,gear lane,kept the gear lane open,146,0.541,0.551,0.94,0.94,True,True,True,True,True
2619,146,moss_ward,Tala,ledger no touch,asked before ledger,146,0.534,0.542,0.94,0.94,True,True,True,True,True
2620,146,glass_harbor,Nia,lamp bright,guarded lamp for me,146,0.534,0.544,0.94,0.94,True,True,True,True,True
2621,146,cinder_garden,Pax,shade first,left my basket sorted,146,0.544,0.552,0.94,0.94,True,True,True,True,True
2622,146,lichen_bridge,Rin,bowl shared,kept bowl shared,146,0.551,0.561,0.94,0.94,True,True,True,True,True
2623,146,orchid_engine,Eli,valve wait,did not turn the valve,146,0.55,0.558,0.94,0.94,True,True,True,True,True
2624,146,moss_ward,Ari,loom wait,waited during repair,146,0.541,0.551,0.94,0.94,True,True,True,True,True
2625,146,glass_harbor,Oren,tea first,shared crossing tea,146,0.543,0.551,0.94,0.94,True,True,True,True,True
2626,146,cinder_garden,Vale,seed sleep,kept the path cool,146,0.541,0.551,0.94,0.94,True,True,True,True,True
2627,146,lichen_bridge,Sol,signal hush,heard my signal,146,0.553,0.561,0.94,0.94,True,True,True,True,True
2628,147,moss_ward,Tala,path dry,helped after rain,147,0.545,0.555,0.94,0.94,True,True,True,True,True
2629,147,glass_harbor,Nia,net keeper,kept net lane clear,147,0.552,0.56,0.94,0.94,True,True,True,True,True
2630,147,cinder_garden,Pax,cool hand,remembered shade first,147,0.551,0.561,0.94,0.94,True,True,True,True,True
2631,147,lichen_bridge,Rin,rope safe,waited at the rope,147,0.542,0.55,0.94,0.94,True,True,True,True,True
2632,147,orchid_engine,Eli,gear lane,kept the gear lane open,147,0.535,0.545,0.94,0.94,True,True,True,True,True
2633,147,moss_ward,Ari,ledger no touch,asked before ledger,147,0.535,0.543,0.94,0.94,True,True,True,True,True
2634,147,glass_harbor,Oren,lamp bright,guarded lamp for me,147,0.546,0.556,0.94,0.94,True,True,True,True,True
2635,147,cinder_garden,Vale,shade first,left my basket sorted,147,0.553,0.561,0.94,0.94,True,True,True,True,True
2636,147,lichen_bridge,Sol,bowl shared,kept bowl shared,147,0.541,0.551,0.94,0.94,True,True,True,True,True
2637,147,orchid_engine,Bea,valve wait,did not turn the valve,147,0.534,0.542,0.94,0.94,True,True,True,True,True
2638,147,moss_ward,Fay,loom wait,waited during repair,147,0.534,0.544,0.94,0.94,True,True,True,True,True
2639,147,glass_harbor,Puck,tea first,shared crossing tea,147,0.544,0.552,0.94,0.94,True,True,True,True,True
2640,147,cinder_garden,Wren,seed sleep,kept the path cool,147,0.551,0.561,0.94,0.94,True,True,True,True,True
2641,147,lichen_bridge,Kio,signal hush,heard my signal,147,0.55,0.558,0.94,0.94,True,True,True,True,True
2642,147,orchid_engine,Cai,orchid rest,let orchid rest,147,0.541,0.551,0.94,0.94,True,True,True,True,True
2643,147,moss_ward,Milo,path dry,helped after rain,147,0.543,0.551,0.94,0.94,True,True,True,True,True
2644,147,glass_harbor,Sera,net keeper,kept net lane clear,147,0.541,0.551,0.94,0.94,True,True,True,True,True
2645,147,cinder_garden,Juno,cool hand,remembered shade first,147,0.553,0.561,0.94,0.94,True,True,True,True,True
2646,148,orchid_engine,Bea,gear lane,kept the gear lane open,148,0.553,0.563,0.94,0.94,True,True,True,True,True
2647,148,moss_ward,Fay,ledger no touch,asked before ledger,148,0.562,0.57,0.94,0.94,True,True,True,True,True
2648,148,glass_harbor,Puck,lamp bright,guarded lamp for me,148,0.556,0.566,0.94,0.94,True,True,True,True,True
2649,148,cinder_garden,Wren,shade first,left my basket sorted,148,0.55,0.558,0.94,0.94,True,True,True,True,True
2650,148,lichen_bridge,Kio,bowl shared,kept bowl shared,148,0.54,0.55,0.94,0.94,True,True,True,True,True
2651,148,orchid_engine,Cai,valve wait,did not turn the valve,148,0.543,0.553,0.94,0.94,True,True,True,True,True
2652,148,moss_ward,Milo,loom wait,waited during repair,148,0.554,0.564,0.94,0.94,True,True,True,True,True
2653,148,glass_harbor,Sera,tea first,shared crossing tea,148,0.562,0.57,0.94,0.94,True,True,True,True,True
2654,148,cinder_garden,Juno,seed sleep,kept the path cool,148,0.551,0.561,0.94,0.94,True,True,True,True,True
2655,148,lichen_bridge,Luma,signal hush,heard my signal,148,0.545,0.553,0.94,0.94,True,True,True,True,True
2656,148,orchid_engine,Dax,orchid rest,let orchid rest,148,0.543,0.553,0.94,0.94,True,True,True,True,True
2657,148,moss_ward,Tala,path dry,helped after rain,148,0.555,0.563,0.94,0.94,True,True,True,True,True
2658,148,glass_harbor,Nia,net keeper,kept net lane clear,148,0.56,0.57,0.94,0.94,True,True,True,True,True
2659,148,cinder_garden,Pax,cool hand,remembered shade first,148,0.561,0.569,0.94,0.94,True,True,True,True,True
2660,148,lichen_bridge,Rin,rope safe,waited at the rope,148,0.55,0.56,0.94,0.94,True,True,True,True,True
2661,148,orchid_engine,Eli,gear lane,kept the gear lane open,148,0.545,0.553,0.94,0.94,True,True,True,True,True
2662,148,moss_ward,Ari,ledger no touch,asked before ledger,148,0.543,0.553,0.94,0.94,True,True,True,True,True
2663,148,glass_harbor,Oren,lamp bright,guarded lamp for me,148,0.556,0.564,0.94,0.94,True,True,True,True,True
2664,149,lichen_bridge,Luma,bowl shared,kept bowl shared,149,0.553,0.563,0.94,0.94,True,True,True,True,True
2665,149,orchid_engine,Dax,valve wait,did not turn the valve,149,0.562,0.57,0.94,0.94,True,True,True,True,True
2666,149,moss_ward,Tala,loom wait,waited during repair,149,0.56,0.57,0.94,0.94,True,True,True,True,True
2667,149,glass_harbor,Nia,tea first,shared crossing tea,149,0.552,0.56,0.94,0.94,True,True,True,True,True
2668,149,cinder_garden,Pax,seed sleep,kept the path cool,149,0.544,0.554,0.94,0.94,True,True,True,True,True
2669,149,lichen_bridge,Rin,signal hush,heard my signal,149,0.545,0.553,0.94,0.94,True,True,True,True,True
2670,149,orchid_engine,Eli,orchid rest,let orchid rest,149,0.554,0.564,0.94,0.94,True,True,True,True,True
2671,149,moss_ward,Ari,path dry,helped after rain,149,0.562,0.57,0.94,0.94,True,True,True,True,True
2672,149,glass_harbor,Oren,net keeper,kept net lane clear,149,0.56,0.57,0.94,0.94,True,True,True,True,True
2673,149,cinder_garden,Vale,cool hand,remembered shade first,149,0.553,0.561,0.94,0.94,True,True,True,True,True
2674,149,lichen_bridge,Sol,rope safe,waited at the rope,149,0.553,0.563,0.94,0.94,True,True,True,True,True
2675,149,orchid_engine,Bea,gear lane,kept the gear lane open,149,0.563,0.571,0.94,0.94,True,True,True,True,True
2676,149,moss_ward,Fay,ledger no touch,asked before ledger,149,0.57,0.58,0.94,0.94,True,True,True,True,True
2677,149,glass_harbor,Puck,lamp bright,guarded lamp for me,149,0.566,0.574,0.94,0.94,True,True,True,True,True
2678,149,cinder_garden,Wren,shade first,left my basket sorted,149,0.558,0.568,0.94,0.94,True,True,True,True,True
2679,149,lichen_bridge,Kio,bowl shared,kept bowl shared,149,0.55,0.558,0.94,0.94,True,True,True,True,True
2680,149,orchid_engine,Cai,valve wait,did not turn the valve,149,0.553,0.563,0.94,0.94,True,True,True,True,True
2681,149,moss_ward,Milo,loom wait,waited during repair,149,0.564,0.572,0.94,0.94,True,True,True,True,True
2682,150,cinder_garden,Vale,seed sleep,kept the path cool,150,0.551,0.561,0.94,0.94,True,True,True,True,True
2683,150,lichen_bridge,Sol,signal hush,heard my signal,150,0.561,0.569,0.94,0.94,True,True,True,True,True
2684,150,orchid_engine,Bea,orchid rest,let orchid rest,150,0.558,0.568,0.94,0.94,True,True,True,True,True
2685,150,moss_ward,Fay,path dry,helped after rain,150,0.551,0.559,0.94,0.94,True,True,True,True,True
2686,150,glass_harbor,Puck,net keeper,kept net lane clear,150,0.542,0.552,0.94,0.94,True,True,True,True,True
2687,150,cinder_garden,Wren,cool hand,remembered shade first,150,0.544,0.552,0.94,0.94,True,True,True,True,True
2688,150,lichen_bridge,Kio,rope safe,waited at the rope,150,0.552,0.562,0.94,0.94,True,True,True,True,True
2689,150,orchid_engine,Cai,gear lane,kept the gear lane open,150,0.561,0.569,0.94,0.94,True,True,True,True,True
2690,150,moss_ward,Milo,ledger no touch,asked before ledger,150,0.558,0.568,0.94,0.94,True,True,True,True,True
2691,150,glass_harbor,Sera,lamp bright,guarded lamp for me,150,0.551,0.559,0.94,0.94,True,True,True,True,True
2692,150,cinder_garden,Juno,shade first,left my basket sorted,150,0.553,0.563,0.94,0.94,True,True,True,True,True
2693,150,lichen_bridge,Luma,bowl shared,kept bowl shared,150,0.563,0.571,0.94,0.94,True,True,True,True,True
2694,150,orchid_engine,Dax,valve wait,did not turn the valve,150,0.57,0.58,0.94,0.94,True,True,True,True,True
2695,150,moss_ward,Tala,loom wait,waited during repair,150,0.57,0.578,0.94,0.94,True,True,True,True,True
2696,150,glass_harbor,Nia,tea first,shared crossing tea,150,0.56,0.57,0.94,0.94,True,True,True,True,True
2697,150,cinder_garden,Pax,seed sleep,kept the path cool,150,0.554,0.562,0.94,0.94,True,True,True,True,True
2698,150,lichen_bridge,Rin,signal hush,heard my signal,150,0.553,0.563,0.94,0.94,True,True,True,True,True
2699,150,orchid_engine,Eli,orchid rest,let orchid rest,150,0.564,0.572,0.94,0.94,True,True,True,True,True
2700,151,glass_harbor,Sera,net keeper,kept net lane clear,151,0.551,0.561,0.94,0.94,True,True,True,True,True
2701,151,cinder_garden,Juno,cool hand,remembered shade first,151,0.561,0.569,0.94,0.94,True,True,True,True,True
2702,151,lichen_bridge,Luma,rope safe,waited at the rope,151,0.558,0.568,0.94,0.94,True,True,True,True,True
2703,151,orchid_engine,Dax,gear lane,kept the gear lane open,151,0.551,0.559,0.94,0.94,True,True,True,True,True
2704,151,moss_ward,Tala,ledger no touch,asked before ledger,151,0.542,0.552,0.94,0.94,True,True,True,True,True
2705,151,glass_harbor,Nia,lamp bright,guarded lamp for me,151,0.544,0.552,0.94,0.94,True,True,True,True,True
2706,151,cinder_garden,Pax,shade first,left my basket sorted,151,0.552,0.562,0.94,0.94,True,True,True,True,True
2707,151,lichen_bridge,Rin,bowl shared,kept bowl shared,151,0.561,0.569,0.94,0.94,True,True,True,True,True
2708,151,orchid_engine,Eli,valve wait,did not turn the valve,151,0.558,0.568,0.94,0.94,True,True,True,True,True
2709,151,moss_ward,Ari,loom wait,waited during repair,151,0.551,0.559,0.94,0.94,True,True,True,True,True
2710,151,glass_harbor,Oren,tea first,shared crossing tea,151,0.551,0.561,0.94,0.94,True,True,True,True,True
2711,151,cinder_garden,Vale,seed sleep,kept the path cool,151,0.561,0.569,0.94,0.94,True,True,True,True,True
2712,151,lichen_bridge,Sol,signal hush,heard my signal,151,0.569,0.579,0.94,0.94,True,True,True,True,True
2713,151,orchid_engine,Bea,orchid rest,let orchid rest,151,0.568,0.576,0.94,0.94,True,True,True,True,True
2714,151,moss_ward,Fay,path dry,helped after rain,151,0.559,0.569,0.94,0.94,True,True,True,True,True
2715,151,glass_harbor,Puck,net keeper,kept net lane clear,151,0.552,0.56,0.94,0.94,True,True,True,True,True
2716,151,cinder_garden,Wren,cool hand,remembered shade first,151,0.552,0.562,0.94,0.94,True,True,True,True,True
2717,151,lichen_bridge,Kio,rope safe,waited at the rope,151,0.562,0.57,0.94,0.94,True,True,True,True,True
2718,152,moss_ward,Ari,ledger no touch,asked before ledger,152,0.553,0.563,0.94,0.94,True,True,True,True,True
2719,152,glass_harbor,Oren,lamp bright,guarded lamp for me,152,0.564,0.572,0.94,0.94,True,True,True,True,True
2720,152,cinder_garden,Vale,shade first,left my basket sorted,152,0.561,0.571,0.94,0.94,True,True,True,True,True
2721,152,lichen_bridge,Sol,bowl shared,kept bowl shared,152,0.551,0.559,0.94,0.94,True,True,True,True,True
2722,152,orchid_engine,Bea,valve wait,did not turn the valve,152,0.542,0.552,0.94,0.94,True,True,True,True,True
2723,152,moss_ward,Fay,loom wait,waited during repair,152,0.544,0.552,0.94,0.94,True,True,True,True,True
2724,152,glass_harbor,Puck,tea first,shared crossing tea,152,0.552,0.562,0.94,0.94,True,True,True,True,True
2725,152,cinder_garden,Wren,seed sleep,kept the path cool,152,0.561,0.569,0.94,0.94,True,True,True,True,True
2726,152,lichen_bridge,Kio,signal hush,heard my signal,152,0.558,0.568,0.94,0.94,True,True,True,True,True
2727,152,orchid_engine,Cai,orchid rest,let orchid rest,152,0.551,0.559,0.94,0.94,True,True,True,True,True
2728,152,moss_ward,Milo,path dry,helped after rain,152,0.551,0.561,0.94,0.94,True,True,True,True,True
2729,152,glass_harbor,Sera,net keeper,kept net lane clear,152,0.561,0.569,0.94,0.94,True,True,True,True,True
2730,152,cinder_garden,Juno,cool hand,remembered shade first,152,0.569,0.579,0.94,0.94,True,True,True,True,True
2731,152,lichen_bridge,Luma,rope safe,waited at the rope,152,0.568,0.576,0.94,0.94,True,True,True,True,True
2732,152,orchid_engine,Dax,gear lane,kept the gear lane open,152,0.559,0.569,0.94,0.94,True,True,True,True,True
2733,152,moss_ward,Tala,ledger no touch,asked before ledger,152,0.552,0.56,0.94,0.94,True,True,True,True,True
2734,152,glass_harbor,Nia,lamp bright,guarded lamp for me,152,0.552,0.562,0.94,0.94,True,True,True,True,True
2735,152,cinder_garden,Pax,shade first,left my basket sorted,152,0.562,0.57,0.94,0.94,True,True,True,True,True
2736,153,orchid_engine,Cai,valve wait,did not turn the valve,153,0.563,0.573,0.94,0.94,True,True,True,True,True
2737,153,moss_ward,Milo,loom wait,waited during repair,153,0.572,0.58,0.94,0.94,True,True,True,True,True
2738,153,glass_harbor,Sera,tea first,shared crossing tea,153,0.57,0.58,0.94,0.94,True,True,True,True,True
2739,153,cinder_garden,Juno,seed sleep,kept the path cool,153,0.561,0.569,0.94,0.94,True,True,True,True,True
2740,153,lichen_bridge,Luma,signal hush,heard my signal,153,0.553,0.563,0.94,0.94,True,True,True,True,True
2741,153,orchid_engine,Dax,orchid rest,let orchid rest,153,0.553,0.561,0.94,0.94,True,True,True,True,True
2742,153,moss_ward,Tala,path dry,helped after rain,153,0.563,0.573,0.94,0.94,True,True,True,True,True
2743,153,glass_harbor,Nia,net keeper,kept net lane clear,153,0.57,0.578,0.94,0.94,True,True,True,True,True
2744,153,cinder_garden,Pax,cool hand,remembered shade first,153,0.569,0.579,0.94,0.94,True,True,True,True,True
2745,153,lichen_bridge,Rin,rope safe,waited at the rope,153,0.56,0.568,0.94,0.94,True,True,True,True,True
2746,153,orchid_engine,Eli,gear lane,kept the gear lane open,153,0.553,0.563,0.94,0.94,True,True,True,True,True
2747,153,moss_ward,Ari,ledger no touch,asked before ledger,153,0.563,0.571,0.94,0.94,True,True,True,True,True
2748,153,glass_harbor,Oren,lamp bright,guarded lamp for me,153,0.572,0.582,0.94,0.94,True,True,True,True,True
2749,153,cinder_garden,Vale,shade first,left my basket sorted,153,0.571,0.579,0.94,0.94,True,True,True,True,True
2750,153,lichen_bridge,Sol,bowl shared,kept bowl shared,153,0.559,0.569,0.94,0.94,True,True,True,True,True
2751,153,orchid_engine,Bea,valve wait,did not turn the valve,153,0.552,0.56,0.94,0.94,True,True,True,True,True
2752,153,moss_ward,Fay,loom wait,waited during repair,153,0.552,0.562,0.94,0.94,True,True,True,True,True
2753,153,glass_harbor,Puck,tea first,shared crossing tea,153,0.562,0.57,0.94,0.94,True,True,True,True,True
2754,154,lichen_bridge,Rin,signal hush,heard my signal,154,0.563,0.573,0.94,0.94,True,True,True,True,True
2755,154,orchid_engine,Eli,orchid rest,let orchid rest,154,0.572,0.58,0.94,0.94,True,True,True,True,True
2756,154,moss_ward,Ari,path dry,helped after rain,154,0.57,0.58,0.94,0.94,True,True,True,True,True
2757,154,glass_harbor,Oren,net keeper,kept net lane clear,154,0.57,0.578,0.94,0.94,True,True,True,True,True
2758,154,cinder_garden,Vale,cool hand,remembered shade first,154,0.561,0.571,0.94,0.94,True,True,True,True,True
2759,154,lichen_bridge,Sol,rope safe,waited at the rope,154,0.563,0.571,0.94,0.94,True,True,True,True,True
2760,154,orchid_engine,Bea,gear lane,kept the gear lane open,154,0.571,0.581,0.94,0.94,True,True,True,True,True
2761,154,moss_ward,Fay,ledger no touch,asked before ledger,154,0.58,0.588,0.94,0.94,True,True,True,True,True
2762,154,glass_harbor,Puck,lamp bright,guarded lamp for me,154,0.574,0.584,0.94,0.94,True,True,True,True,True
2763,154,cinder_garden,Wren,shade first,left my basket sorted,154,0.568,0.576,0.94,0.94,True,True,True,True,True
2764,154,lichen_bridge,Kio,bowl shared,kept bowl shared,154,0.558,0.568,0.94,0.94,True,True,True,True,True
2765,154,orchid_engine,Cai,valve wait,did not turn the valve,154,0.573,0.581,0.94,0.94,True,True,True,True,True
2766,154,moss_ward,Milo,loom wait,waited during repair,154,0.58,0.59,0.94,0.94,True,True,True,True,True
2767,154,glass_harbor,Sera,tea first,shared crossing tea,154,0.58,0.588,0.94,0.94,True,True,True,True,True
2768,154,cinder_garden,Juno,seed sleep,kept the path cool,154,0.569,0.579,0.94,0.94,True,True,True,True,True
2769,154,lichen_bridge,Luma,signal hush,heard my signal,154,0.563,0.571,0.94,0.94,True,True,True,True,True
2770,154,orchid_engine,Dax,orchid rest,let orchid rest,154,0.561,0.571,0.94,0.94,True,True,True,True,True
2771,154,moss_ward,Tala,path dry,helped after rain,154,0.573,0.581,0.94,0.94,True,True,True,True,True
2772,155,cinder_garden,Wren,cool hand,remembered shade first,155,0.562,0.572,0.94,0.94,True,True,True,True,True
2773,155,lichen_bridge,Kio,rope safe,waited at the rope,155,0.57,0.578,0.94,0.94,True,True,True,True,True
2774,155,orchid_engine,Cai,gear lane,kept the gear lane open,155,0.569,0.579,0.94,0.94,True,True,True,True,True
2775,155,moss_ward,Milo,ledger no touch,asked before ledger,155,0.568,0.576,0.94,0.94,True,True,True,True,True
2776,155,glass_harbor,Sera,lamp bright,guarded lamp for me,155,0.559,0.569,0.94,0.94,True,True,True,True,True
2777,155,cinder_garden,Juno,shade first,left my basket sorted,155,0.563,0.571,0.94,0.94,True,True,True,True,True
2778,155,lichen_bridge,Luma,bowl shared,kept bowl shared,155,0.571,0.581,0.94,0.94,True,True,True,True,True
2779,155,orchid_engine,Dax,valve wait,did not turn the valve,155,0.58,0.588,0.94,0.94,True,True,True,True,True
2780,155,moss_ward,Tala,loom wait,waited during repair,155,0.578,0.588,0.94,0.94,True,True,True,True,True
2781,155,glass_harbor,Nia,tea first,shared crossing tea,155,0.57,0.578,0.94,0.94,True,True,True,True,True
2782,155,cinder_garden,Pax,seed sleep,kept the path cool,155,0.562,0.572,0.94,0.94,True,True,True,True,True
2783,155,lichen_bridge,Rin,signal hush,heard my signal,155,0.573,0.581,0.94,0.94,True,True,True,True,True
2784,155,orchid_engine,Eli,orchid rest,let orchid rest,155,0.58,0.59,0.94,0.94,True,True,True,True,True
2785,155,moss_ward,Ari,path dry,helped after rain,155,0.58,0.588,0.94,0.94,True,True,True,True,True
2786,155,glass_harbor,Oren,net keeper,kept net lane clear,155,0.578,0.588,0.94,0.94,True,True,True,True,True
2787,155,cinder_garden,Vale,cool hand,remembered shade first,155,0.571,0.579,0.94,0.94,True,True,True,True,True
2788,155,lichen_bridge,Sol,rope safe,waited at the rope,155,0.571,0.581,0.94,0.94,True,True,True,True,True
2789,155,orchid_engine,Bea,gear lane,kept the gear lane open,155,0.581,0.589,0.94,0.94,True,True,True,True,True
2790,156,glass_harbor,Nia,lamp bright,guarded lamp for me,156,0.562,0.572,0.94,0.94,True,True,True,True,True
2791,156,cinder_garden,Pax,shade first,left my basket sorted,156,0.57,0.578,0.94,0.94,True,True,True,True,True
2792,156,lichen_bridge,Rin,bowl shared,kept bowl shared,156,0.569,0.579,0.94,0.94,True,True,True,True,True
2793,156,orchid_engine,Eli,valve wait,did not turn the valve,156,0.568,0.576,0.94,0.94,True,True,True,True,True
2794,156,moss_ward,Ari,loom wait,waited during repair,156,0.559,0.569,0.94,0.94,True,True,True,True,True
2795,156,glass_harbor,Oren,tea first,shared crossing tea,156,0.561,0.569,0.94,0.94,True,True,True,True,True
2796,156,cinder_garden,Vale,seed sleep,kept the path cool,156,0.569,0.579,0.94,0.94,True,True,True,True,True
2797,156,lichen_bridge,Sol,signal hush,heard my signal,156,0.579,0.587,0.94,0.94,True,True,True,True,True
2798,156,orchid_engine,Bea,orchid rest,let orchid rest,156,0.576,0.586,0.94,0.94,True,True,True,True,True
2799,156,moss_ward,Fay,path dry,helped after rain,156,0.569,0.577,0.94,0.94,True,True,True,True,True
2800,156,glass_harbor,Puck,net keeper,kept net lane clear,156,0.56,0.57,0.94,0.94,True,True,True,True,True
2801,156,cinder_garden,Wren,cool hand,remembered shade first,156,0.572,0.58,0.94,0.94,True,True,True,True,True
2802,156,lichen_bridge,Kio,rope safe,waited at the rope,156,0.578,0.588,0.94,0.94,True,True,True,True,True
2803,156,orchid_engine,Cai,gear lane,kept the gear lane open,156,0.579,0.587,0.94,0.94,True,True,True,True,True
2804,156,moss_ward,Milo,ledger no touch,asked before ledger,156,0.576,0.586,0.94,0.94,True,True,True,True,True
2805,156,glass_harbor,Sera,lamp bright,guarded lamp for me,156,0.569,0.579,0.94,0.94,True,True,True,True,True
2806,156,cinder_garden,Juno,shade first,left my basket sorted,156,0.571,0.581,0.94,0.94,True,True,True,True,True
2807,156,lichen_bridge,Luma,bowl shared,kept bowl shared,156,0.581,0.589,0.94,0.94,True,True,True,True,True
2808,157,moss_ward,Fay,loom wait,waited during repair,157,0.562,0.572,0.94,0.94,True,True,True,True,True
2809,157,glass_harbor,Puck,tea first,shared crossing tea,157,0.57,0.578,0.94,0.94,True,True,True,True,True
2810,157,cinder_garden,Wren,seed sleep,kept the path cool,157,0.569,0.579,0.94,0.94,True,True,True,True,True
2811,157,lichen_bridge,Kio,signal hush,heard my signal,157,0.568,0.576,0.94,0.94,True,True,True,True,True
2812,157,orchid_engine,Cai,orchid rest,let orchid rest,157,0.559,0.569,0.94,0.94,True,True,True,True,True
2813,157,moss_ward,Milo,path dry,helped after rain,157,0.561,0.569,0.94,0.94,True,True,True,True,True
2814,157,glass_harbor,Sera,net keeper,kept net lane clear,157,0.569,0.579,0.94,0.94,True,True,True,True,True
2815,157,cinder_garden,Juno,cool hand,remembered shade first,157,0.579,0.587,0.94,0.94,True,True,True,True,True
2816,157,lichen_bridge,Luma,rope safe,waited at the rope,157,0.576,0.586,0.94,0.94,True,True,True,True,True
2817,157,orchid_engine,Dax,gear lane,kept the gear lane open,157,0.569,0.577,0.94,0.94,True,True,True,True,True
2818,157,moss_ward,Tala,ledger no touch,asked before ledger,157,0.56,0.57,0.94,0.94,True,True,True,True,True
2819,157,glass_harbor,Nia,lamp bright,guarded lamp for me,157,0.572,0.58,0.94,0.94,True,True,True,True,True
2820,157,cinder_garden,Pax,shade first,left my basket sorted,157,0.578,0.588,0.94,0.94,True,True,True,True,True
2821,157,lichen_bridge,Rin,bowl shared,kept bowl shared,157,0.579,0.587,0.94,0.94,True,True,True,True,True
2822,157,orchid_engine,Eli,valve wait,did not turn the valve,157,0.576,0.586,0.94,0.94,True,True,True,True,True
2823,157,moss_ward,Ari,loom wait,waited during repair,157,0.569,0.577,0.94,0.94,True,True,True,True,True
2824,157,glass_harbor,Oren,tea first,shared crossing tea,157,0.569,0.579,0.94,0.94,True,True,True,True,True
2825,157,cinder_garden,Vale,seed sleep,kept the path cool,157,0.579,0.587,0.94,0.94,True,True,True,True,True
2826,158,orchid_engine,Dax,orchid rest,let orchid rest,158,0.571,0.581,0.94,0.94,True,True,True,True,True
2827,158,moss_ward,Tala,path dry,helped after rain,158,0.581,0.589,0.94,0.94,True,True,True,True,True
2828,158,glass_harbor,Nia,net keeper,kept net lane clear,158,0.578,0.588,0.94,0.94,True,True,True,True,True
2829,158,cinder_garden,Pax,cool hand,remembered shade first,158,0.579,0.587,0.94,0.94,True,True,True,True,True
2830,158,lichen_bridge,Rin,rope safe,waited at the rope,158,0.568,0.578,0.94,0.94,True,True,True,True,True
2831,158,orchid_engine,Eli,gear lane,kept the gear lane open,158,0.563,0.571,0.94,0.94,True,True,True,True,True
2832,158,moss_ward,Ari,ledger no touch,asked before ledger,158,0.571,0.581,0.94,0.94,True,True,True,True,True
2833,158,glass_harbor,Oren,lamp bright,guarded lamp for me,158,0.582,0.59,0.94,0.94,True,True,True,True,True
2834,158,cinder_garden,Vale,shade first,left my basket sorted,158,0.579,0.589,0.94,0.94,True,True,True,True,True
2835,158,lichen_bridge,Sol,bowl shared,kept bowl shared,158,0.569,0.577,0.94,0.94,True,True,True,True,True
2836,158,orchid_engine,Bea,valve wait,did not turn the valve,158,0.56,0.57,0.94,0.94,True,True,True,True,True
2837,158,moss_ward,Fay,loom wait,waited during repair,158,0.572,0.58,0.94,0.94,True,True,True,True,True
2838,158,glass_harbor,Puck,tea first,shared crossing tea,158,0.578,0.588,0.94,0.94,True,True,True,True,True
2839,158,cinder_garden,Wren,seed sleep,kept the path cool,158,0.579,0.587,0.94,0.94,True,True,True,True,True
2840,158,lichen_bridge,Kio,signal hush,heard my signal,158,0.576,0.586,0.94,0.94,True,True,True,True,True
2841,158,orchid_engine,Cai,orchid rest,let orchid rest,158,0.569,0.577,0.94,0.94,True,True,True,True,True
2842,158,moss_ward,Milo,path dry,helped after rain,158,0.569,0.579,0.94,0.94,True,True,True,True,True
2843,158,glass_harbor,Sera,net keeper,kept net lane clear,158,0.579,0.587,0.94,0.94,True,True,True,True,True
2844,159,lichen_bridge,Sol,rope safe,waited at the rope,159,0.581,0.591,0.94,0.94,True,True,True,True,True
2845,159,orchid_engine,Bea,gear lane,kept the gear lane open,159,0.589,0.597,0.94,0.94,True,True,True,True,True
2846,159,moss_ward,Fay,ledger no touch,asked before ledger,159,0.588,0.598,0.94,0.94,True,True,True,True,True
2847,159,glass_harbor,Puck,lamp bright,guarded lamp for me,159,0.584,0.592,0.94,0.94,True,True,True,True,True
2848,159,cinder_garden,Wren,shade first,left my basket sorted,159,0.576,0.586,0.94,0.94,True,True,True,True,True
2849,159,lichen_bridge,Kio,bowl shared,kept bowl shared,159,0.568,0.578,0.94,0.94,True,True,True,True,True
2850,159,orchid_engine,Cai,valve wait,did not turn the valve,159,0.581,0.591,0.94,0.94,True,True,True,True,True
2851,159,moss_ward,Milo,loom wait,waited during repair,159,0.59,0.598,0.94,0.94,True,True,True,True,True
2852,159,glass_harbor,Sera,tea first,shared crossing tea,159,0.588,0.598,0.94,0.94,True,True,True,True,True
2853,159,cinder_garden,Juno,seed sleep,kept the path cool,159,0.579,0.587,0.94,0.94,True,True,True,True,True
2854,159,lichen_bridge,Luma,signal hush,heard my signal,159,0.571,0.581,0.94,0.94,True,True,True,True,True
2855,159,orchid_engine,Dax,orchid rest,let orchid rest,159,0.581,0.589,0.94,0.94,True,True,True,True,True
2856,159,moss_ward,Tala,path dry,helped after rain,159,0.589,0.599,0.94,0.94,True,True,True,True,True
2857,159,glass_harbor,Nia,net keeper,kept net lane clear,159,0.588,0.596,0.94,0.94,True,True,True,True,True
2858,159,cinder_garden,Pax,cool hand,remembered shade first,159,0.587,0.597,0.94,0.94,True,True,True,True,True
2859,159,lichen_bridge,Rin,rope safe,waited at the rope,159,0.578,0.586,0.94,0.94,True,True,True,True,True
2860,159,orchid_engine,Eli,gear lane,kept the gear lane open,159,0.571,0.581,0.94,0.94,True,True,True,True,True
2861,159,moss_ward,Ari,ledger no touch,asked before ledger,159,0.581,0.589,0.94,0.94,True,True,True,True,True
2862,160,cinder_garden,Juno,shade first,left my basket sorted,160,0.581,0.591,0.94,0.94,True,True,True,True,True
2863,160,lichen_bridge,Luma,bowl shared,kept bowl shared,160,0.589,0.597,0.94,0.94,True,True,True,True,True
2864,160,orchid_engine,Dax,valve wait,did not turn the valve,160,0.588,0.598,0.94,0.94,True,True,True,True,True
2865,160,moss_ward,Tala,loom wait,waited during repair,160,0.588,0.596,0.94,0.94,True,True,True,True,True
2866,160,glass_harbor,Nia,tea first,shared crossing tea,160,0.578,0.588,0.94,0.94,True,True,True,True,True
2867,160,cinder_garden,Pax,seed sleep,kept the path cool,160,0.572,0.58,0.94,0.94,True,True,True,True,True
2868,160,lichen_bridge,Rin,signal hush,heard my signal,160,0.581,0.591,0.94,0.94,True,True,True,True,True
2869,160,orchid_engine,Eli,orchid rest,let orchid rest,160,0.59,0.598,0.94,0.94,True,True,True,True,True
2870,160,moss_ward,Ari,path dry,helped after rain,160,0.588,0.598,0.94,0.94,True,True,True,True,True
2871,160,glass_harbor,Oren,net keeper,kept net lane clear,160,0.588,0.596,0.94,0.94,True,True,True,True,True
2872,160,cinder_garden,Vale,cool hand,remembered shade first,160,0.579,0.589,0.94,0.94,True,True,True,True,True
2873,160,lichen_bridge,Sol,rope safe,waited at the rope,160,0.591,0.599,0.94,0.94,True,True,True,True,True
2874,160,orchid_engine,Bea,gear lane,kept the gear lane open,160,0.597,0.607,0.94,0.94,True,True,True,True,True
2875,160,moss_ward,Fay,ledger no touch,asked before ledger,160,0.598,0.606,0.94,0.94,True,True,True,True,True
2876,160,glass_harbor,Puck,lamp bright,guarded lamp for me,160,0.592,0.602,0.94,0.94,True,True,True,True,True
2877,160,cinder_garden,Wren,shade first,left my basket sorted,160,0.586,0.594,0.94,0.94,True,True,True,True,True
2878,160,lichen_bridge,Kio,bowl shared,kept bowl shared,160,0.578,0.588,0.94,0.94,True,True,True,True,True
2879,160,orchid_engine,Cai,valve wait,did not turn the valve,160,0.591,0.599,0.94,0.94,True,True,True,True,True
2880,161,glass_harbor,Oren,tea first,shared crossing tea,161,0.579,0.589,0.94,0.94,True,True,True,True,True
2881,161,cinder_garden,Vale,seed sleep,kept the path cool,161,0.587,0.595,0.94,0.94,True,True,True,True,True
2882,161,lichen_bridge,Sol,signal hush,heard my signal,161,0.587,0.597,0.94,0.94,True,True,True,True,True
2883,161,orchid_engine,Bea,orchid rest,let orchid rest,161,0.586,0.594,0.94,0.94,True,True,True,True,True
2884,161,moss_ward,Fay,path dry,helped after rain,161,0.577,0.587,0.94,0.94,True,True,True,True,True
2885,161,glass_harbor,Puck,net keeper,kept net lane clear,161,0.57,0.578,0.94,0.94,True,True,True,True,True
2886,161,cinder_garden,Wren,cool hand,remembered shade first,161,0.58,0.59,0.94,0.94,True,True,True,True,True
2887,161,lichen_bridge,Kio,rope safe,waited at the rope,161,0.588,0.596,0.94,0.94,True,True,True,True,True
2888,161,orchid_engine,Cai,gear lane,kept the gear lane open,161,0.587,0.597,0.94,0.94,True,True,True,True,True
2889,161,moss_ward,Milo,ledger no touch,asked before ledger,161,0.586,0.594,0.94,0.94,True,True,True,True,True
2890,161,glass_harbor,Sera,lamp bright,guarded lamp for me,161,0.579,0.589,0.94,0.94,True,True,True,True,True
2891,161,cinder_garden,Juno,shade first,left my basket sorted,161,0.591,0.599,0.94,0.94,True,True,True,True,True
2892,161,lichen_bridge,Luma,bowl shared,kept bowl shared,161,0.597,0.607,0.94,0.94,True,True,True,True,True
2893,161,orchid_engine,Dax,valve wait,did not turn the valve,161,0.598,0.606,0.94,0.94,True,True,True,True,True
2894,161,moss_ward,Tala,loom wait,waited during repair,161,0.596,0.606,0.94,0.94,True,True,True,True,True
2895,161,glass_harbor,Nia,tea first,shared crossing tea,161,0.588,0.596,0.94,0.94,True,True,True,True,True
2896,161,cinder_garden,Pax,seed sleep,kept the path cool,161,0.58,0.59,0.94,0.94,True,True,True,True,True
2897,161,lichen_bridge,Rin,signal hush,heard my signal,161,0.591,0.599,0.94,0.94,True,True,True,True,True
2898,162,moss_ward,Milo,path dry,helped after rain,162,0.579,0.589,0.94,0.94,True,True,True,True,True
2899,162,glass_harbor,Sera,net keeper,kept net lane clear,162,0.587,0.595,0.94,0.94,True,True,True,True,True
2900,162,cinder_garden,Juno,cool hand,remembered shade first,162,0.587,0.597,0.94,0.94,True,True,True,True,True
2901,162,lichen_bridge,Luma,rope safe,waited at the rope,162,0.586,0.594,0.94,0.94,True,True,True,True,True
2902,162,orchid_engine,Dax,gear lane,kept the gear lane open,162,0.577,0.587,0.94,0.94,True,True,True,True,True
2903,162,moss_ward,Tala,ledger no touch,asked before ledger,162,0.57,0.578,0.94,0.94,True,True,True,True,True
2904,162,glass_harbor,Nia,lamp bright,guarded lamp for me,162,0.58,0.59,0.94,0.94,True,True,True,True,True
2905,162,cinder_garden,Pax,shade first,left my basket sorted,162,0.588,0.596,0.94,0.94,True,True,True,True,True
2906,162,lichen_bridge,Rin,bowl shared,kept bowl shared,162,0.587,0.597,0.94,0.94,True,True,True,True,True
2907,162,orchid_engine,Eli,valve wait,did not turn the valve,162,0.586,0.594,0.94,0.94,True,True,True,True,True
2908,162,moss_ward,Ari,loom wait,waited during repair,162,0.577,0.587,0.94,0.94,True,True,True,True,True
2909,162,glass_harbor,Oren,tea first,shared crossing tea,162,0.589,0.597,0.94,0.94,True,True,True,True,True
2910,162,cinder_garden,Vale,seed sleep,kept the path cool,162,0.595,0.605,0.94,0.94,True,True,True,True,True
2911,162,lichen_bridge,Sol,signal hush,heard my signal,162,0.597,0.605,0.94,0.94,True,True,True,True,True
2912,162,orchid_engine,Bea,orchid rest,let orchid rest,162,0.594,0.604,0.94,0.94,True,True,True,True,True
2913,162,moss_ward,Fay,path dry,helped after rain,162,0.587,0.595,0.94,0.94,True,True,True,True,True
2914,162,glass_harbor,Puck,net keeper,kept net lane clear,162,0.578,0.588,0.94,0.94,True,True,True,True,True
2915,162,cinder_garden,Wren,cool hand,remembered shade first,162,0.59,0.598,0.94,0.94,True,True,True,True,True
2916,163,orchid_engine,Eli,gear lane,kept the gear lane open,163,0.581,0.591,0.94,0.94,True,True,True,True,True
2917,163,moss_ward,Ari,ledger no touch,asked before ledger,163,0.589,0.597,0.94,0.94,True,True,True,True,True
2918,163,glass_harbor,Oren,lamp bright,guarded lamp for me,163,0.59,0.6,0.94,0.94,True,True,True,True,True
2919,163,cinder_garden,Vale,shade first,left my basket sorted,163,0.589,0.597,0.94,0.94,True,True,True,True,True
2920,163,lichen_bridge,Sol,bowl shared,kept bowl shared,163,0.577,0.587,0.94,0.94,True,True,True,True,True
2921,163,orchid_engine,Bea,valve wait,did not turn the valve,163,0.57,0.578,0.94,0.94,True,True,True,True,True
2922,163,moss_ward,Fay,loom wait,waited during repair,163,0.58,0.59,0.94,0.94,True,True,True,True,True
2923,163,glass_harbor,Puck,tea first,shared crossing tea,163,0.588,0.596,0.94,0.94,True,True,True,True,True
2924,163,cinder_garden,Wren,seed sleep,kept the path cool,163,0.587,0.597,0.94,0.94,True,True,True,True,True
2925,163,lichen_bridge,Kio,signal hush,heard my signal,163,0.586,0.594,0.94,0.94,True,True,True,True,True
2926,163,orchid_engine,Cai,orchid rest,let orchid rest,163,0.577,0.587,0.94,0.94,True,True,True,True,True
2927,163,moss_ward,Milo,path dry,helped after rain,163,0.589,0.597,0.94,0.94,True,True,True,True,True
2928,163,glass_harbor,Sera,net keeper,kept net lane clear,163,0.595,0.605,0.94,0.94,True,True,True,True,True
2929,163,cinder_garden,Juno,cool hand,remembered shade first,163,0.597,0.605,0.94,0.94,True,True,True,True,True
2930,163,lichen_bridge,Luma,rope safe,waited at the rope,163,0.594,0.604,0.94,0.94,True,True,True,True,True
2931,163,orchid_engine,Dax,gear lane,kept the gear lane open,163,0.587,0.595,0.94,0.94,True,True,True,True,True
2932,163,moss_ward,Tala,ledger no touch,asked before ledger,163,0.578,0.588,0.94,0.94,True,True,True,True,True
2933,163,glass_harbor,Nia,lamp bright,guarded lamp for me,163,0.59,0.598,0.94,0.94,True,True,True,True,True
2934,164,lichen_bridge,Kio,bowl shared,kept bowl shared,164,0.588,0.598,0.94,0.94,True,True,True,True,True
2935,164,orchid_engine,Cai,valve wait,did not turn the valve,164,0.599,0.607,0.94,0.94,True,True,True,True,True
2936,164,moss_ward,Milo,loom wait,waited during repair,164,0.598,0.608,0.94,0.94,True,True,True,True,True
2937,164,glass_harbor,Sera,tea first,shared crossing tea,164,0.598,0.606,0.94,0.94,True,True,True,True,True
2938,164,cinder_garden,Juno,seed sleep,kept the path cool,164,0.587,0.597,0.94,0.94,True,True,True,True,True
2939,164,lichen_bridge,Luma,signal hush,heard my signal,164,0.581,0.589,0.94,0.94,True,True,True,True,True
2940,164,orchid_engine,Dax,orchid rest,let orchid rest,164,0.589,0.599,0.94,0.94,True,True,True,True,True
2941,164,moss_ward,Tala,path dry,helped after rain,164,0.599,0.607,0.94,0.94,True,True,True,True,True
2942,164,glass_harbor,Nia,net keeper,kept net lane clear,164,0.596,0.606,0.94,0.94,True,True,True,True,True
2943,164,cinder_garden,Pax,cool hand,remembered shade first,164,0.597,0.605,0.94,0.94,True,True,True,True,True
2944,164,lichen_bridge,Rin,rope safe,waited at the rope,164,0.586,0.596,0.94,0.94,True,True,True,True,True
2945,164,orchid_engine,Eli,gear lane,kept the gear lane open,164,0.591,0.599,0.94,0.94,True,True,True,True,True
2946,164,moss_ward,Ari,ledger no touch,asked before ledger,164,0.597,0.607,0.94,0.94,True,True,True,True,True
2947,164,glass_harbor,Oren,lamp bright,guarded lamp for me,164,0.6,0.608,0.94,0.94,True,True,True,True,True
2948,164,cinder_garden,Vale,shade first,left my basket sorted,164,0.597,0.607,0.94,0.94,True,True,True,True,True
2949,164,lichen_bridge,Sol,bowl shared,kept bowl shared,164,0.587,0.595,0.94,0.94,True,True,True,True,True
2950,164,orchid_engine,Bea,valve wait,did not turn the valve,164,0.578,0.588,0.94,0.94,True,True,True,True,True
2951,164,moss_ward,Fay,loom wait,waited during repair,164,0.59,0.598,0.94,0.94,True,True,True,True,True
2952,165,cinder_garden,Pax,seed sleep,kept the path cool,165,0.59,0.6,0.94,0.94,True,True,True,True,True
2953,165,lichen_bridge,Rin,signal hush,heard my signal,165,0.599,0.607,0.94,0.94,True,True,True,True,True
2954,165,orchid_engine,Eli,orchid rest,let orchid rest,165,0.598,0.608,0.94,0.94,True,True,True,True,True
2955,165,moss_ward,Ari,path dry,helped after rain,165,0.598,0.606,0.94,0.94,True,True,True,True,True
2956,165,glass_harbor,Oren,net keeper,kept net lane clear,165,0.596,0.606,0.94,0.94,True,True,True,True,True
2957,165,cinder_garden,Vale,cool hand,remembered shade first,165,0.589,0.597,0.94,0.94,True,True,True,True,True
2958,165,lichen_bridge,Sol,rope safe,waited at the rope,165,0.599,0.609,0.94,0.94,True,True,True,True,True
2959,165,orchid_engine,Bea,gear lane,kept the gear lane open,165,0.607,0.615,0.94,0.94,True,True,True,True,True
2960,165,moss_ward,Fay,ledger no touch,asked before ledger,165,0.606,0.616,0.94,0.94,True,True,True,True,True
2961,165,glass_harbor,Puck,lamp bright,guarded lamp for me,165,0.602,0.61,0.94,0.94,True,True,True,True,True
2962,165,cinder_garden,Wren,shade first,left my basket sorted,165,0.594,0.604,0.94,0.94,True,True,True,True,True
2963,165,lichen_bridge,Kio,bowl shared,kept bowl shared,165,0.598,0.606,0.94,0.94,True,True,True,True,True
2964,165,orchid_engine,Cai,valve wait,did not turn the valve,165,0.607,0.617,0.94,0.94,True,True,True,True,True
2965,165,moss_ward,Milo,loom wait,waited during repair,165,0.608,0.616,0.94,0.94,True,True,True,True,True
2966,165,glass_harbor,Sera,tea first,shared crossing tea,165,0.606,0.616,0.94,0.94,True,True,True,True,True
2967,165,cinder_garden,Juno,seed sleep,kept the path cool,165,0.597,0.605,0.94,0.94,True,True,True,True,True
2968,165,lichen_bridge,Luma,signal hush,heard my signal,165,0.589,0.599,0.94,0.94,True,True,True,True,True
2969,165,orchid_engine,Dax,orchid rest,let orchid rest,165,0.599,0.607,0.94,0.94,True,True,True,True,True
2970,166,glass_harbor,Puck,net keeper,kept net lane clear,166,0.588,0.598,0.94,0.94,True,True,True,True,True
2971,166,cinder_garden,Wren,cool hand,remembered shade first,166,0.598,0.606,0.94,0.94,True,True,True,True,True
2972,166,lichen_bridge,Kio,rope safe,waited at the rope,166,0.596,0.606,0.94,0.94,True,True,True,True,True
2973,166,orchid_engine,Cai,gear lane,kept the gear lane open,166,0.597,0.605,0.94,0.94,True,True,True,True,True
2974,166,moss_ward,Milo,ledger no touch,asked before ledger,166,0.594,0.604,0.94,0.94,True,True,True,True,True
2975,166,glass_harbor,Sera,lamp bright,guarded lamp for me,166,0.589,0.597,0.94,0.94,True,True,True,True,True
2976,166,cinder_garden,Juno,shade first,left my basket sorted,166,0.599,0.609,0.94,0.94,True,True,True,True,True
2977,166,lichen_bridge,Luma,bowl shared,kept bowl shared,166,0.607,0.615,0.94,0.94,True,True,True,True,True
2978,166,orchid_engine,Dax,valve wait,did not turn the valve,166,0.606,0.616,0.94,0.94,True,True,True,True,True
2979,166,moss_ward,Tala,loom wait,waited during repair,166,0.606,0.614,0.94,0.94,True,True,True,True,True
2980,166,glass_harbor,Nia,tea first,shared crossing tea,166,0.596,0.606,0.94,0.94,True,True,True,True,True
2981,166,cinder_garden,Pax,seed sleep,kept the path cool,166,0.6,0.608,0.94,0.94,True,True,True,True,True
2982,166,lichen_bridge,Rin,signal hush,heard my signal,166,0.607,0.617,0.94,0.94,True,True,True,True,True
2983,166,orchid_engine,Eli,orchid rest,let orchid rest,166,0.608,0.616,0.94,0.94,True,True,True,True,True
2984,166,moss_ward,Ari,path dry,helped after rain,166,0.606,0.616,0.94,0.94,True,True,True,True,True
2985,166,glass_harbor,Oren,net keeper,kept net lane clear,166,0.606,0.614,0.94,0.94,True,True,True,True,True
2986,166,cinder_garden,Vale,cool hand,remembered shade first,166,0.597,0.607,0.94,0.94,True,True,True,True,True
2987,166,lichen_bridge,Sol,rope safe,waited at the rope,166,0.609,0.617,0.94,0.94,True,True,True,True,True
2988,167,moss_ward,Tala,ledger no touch,asked before ledger,167,0.588,0.598,0.94,0.94,True,True,True,True,True
2989,167,glass_harbor,Nia,lamp bright,guarded lamp for me,167,0.598,0.606,0.94,0.94,True,True,True,True,True
2990,167,cinder_garden,Pax,shade first,left my basket sorted,167,0.596,0.606,0.94,0.94,True,True,True,True,True
2991,167,lichen_bridge,Rin,bowl shared,kept bowl shared,167,0.597,0.605,0.94,0.94,True,True,True,True,True
2992,167,orchid_engine,Eli,valve wait,did not turn the valve,167,0.594,0.604,0.94,0.94,True,True,True,True,True
2993,167,moss_ward,Ari,loom wait,waited during repair,167,0.587,0.595,0.94,0.94,True,True,True,True,True
2994,167,glass_harbor,Oren,tea first,shared crossing tea,167,0.597,0.607,0.94,0.94,True,True,True,True,True
2995,167,cinder_garden,Vale,seed sleep,kept the path cool,167,0.605,0.613,0.94,0.94,True,True,True,True,True
2996,167,lichen_bridge,Sol,signal hush,heard my signal,167,0.605,0.615,0.94,0.94,True,True,True,True,True
2997,167,orchid_engine,Bea,orchid rest,let orchid rest,167,0.604,0.612,0.94,0.94,True,True,True,True,True
2998,167,moss_ward,Fay,path dry,helped after rain,167,0.595,0.605,0.94,0.94,True,True,True,True,True
2999,167,glass_harbor,Puck,net keeper,kept net lane clear,167,0.598,0.606,0.94,0.94,True,True,True,True,True
3000,167,cinder_garden,Wren,cool hand,remembered shade first,167,0.606,0.616,0.94,0.94,True,True,True,True,True
3001,167,lichen_bridge,Kio,rope safe,waited at the rope,167,0.606,0.614,0.94,0.94,True,True,True,True,True
3002,167,orchid_engine,Cai,gear lane,kept the gear lane open,167,0.605,0.615,0.94,0.94,True,True,True,True,True
3003,167,moss_ward,Milo,ledger no touch,asked before ledger,167,0.604,0.614,0.94,0.94,True,True,True,True,True
3004,167,glass_harbor,Sera,lamp bright,guarded lamp for me,167,0.597,0.607,0.94,0.94,True,True,True,True,True
3005,167,cinder_garden,Juno,shade first,left my basket sorted,167,0.609,0.617,0.94,0.94,True,True,True,True,True
3006,168,orchid_engine,Bea,valve wait,did not turn the valve,168,0.588,0.598,0.94,0.94,True,True,True,True,True
3007,168,moss_ward,Fay,loom wait,waited during repair,168,0.598,0.606,0.94,0.94,True,True,True,True,True
3008,168,glass_harbor,Puck,tea first,shared crossing tea,168,0.596,0.606,0.94,0.94,True,True,True,True,True
3009,168,cinder_garden,Wren,seed sleep,kept the path cool,168,0.597,0.605,0.94,0.94,True,True,True,True,True
3010,168,lichen_bridge,Kio,signal hush,heard my signal,168,0.594,0.604,0.94,0.94,True,True,True,True,True
3011,168,orchid_engine,Cai,orchid rest,let orchid rest,168,0.587,0.595,0.94,0.94,True,True,True,True,True
3012,168,moss_ward,Milo,path dry,helped after rain,168,0.597,0.607,0.94,0.94,True,True,True,True,True
3013,168,glass_harbor,Sera,net keeper,kept net lane clear,168,0.605,0.613,0.94,0.94,True,True,True,True,True
3014,168,cinder_garden,Juno,cool hand,remembered shade first,168,0.605,0.615,0.94,0.94,True,True,True,True,True
3015,168,lichen_bridge,Luma,rope safe,waited at the rope,168,0.604,0.612,0.94,0.94,True,True,True,True,True
3016,168,orchid_engine,Dax,gear lane,kept the gear lane open,168,0.595,0.605,0.94,0.94,True,True,True,True,True
3017,168,moss_ward,Tala,ledger no touch,asked before ledger,168,0.598,0.606,0.94,0.94,True,True,True,True,True
3018,168,glass_harbor,Nia,lamp bright,guarded lamp for me,168,0.606,0.616,0.94,0.94,True,True,True,True,True
3019,168,cinder_garden,Pax,shade first,left my basket sorted,168,0.606,0.614,0.94,0.94,True,True,True,True,True
3020,168,lichen_bridge,Rin,bowl shared,kept bowl shared,168,0.605,0.615,0.94,0.94,True,True,True,True,True
3021,168,orchid_engine,Eli,valve wait,did not turn the valve,168,0.604,0.612,0.94,0.94,True,True,True,True,True
3022,168,moss_ward,Ari,loom wait,waited during repair,168,0.595,0.605,0.94,0.94,True,True,True,True,True
3023,168,glass_harbor,Oren,tea first,shared crossing tea,168,0.607,0.615,0.94,0.94,True,True,True,True,True
3024,169,lichen_bridge,Luma,signal hush,heard my signal,169,0.599,0.609,0.94,0.94,True,True,True,True,True
3025,169,orchid_engine,Dax,orchid rest,let orchid rest,169,0.607,0.615,0.94,0.94,True,True,True,True,True
3026,169,moss_ward,Tala,path dry,helped after rain,169,0.607,0.617,0.94,0.94,True,True,True,True,True
3027,169,glass_harbor,Nia,net keeper,kept net lane clear,169,0.606,0.614,0.94,0.94,True,True,True,True,True
3028,169,cinder_garden,Pax,cool hand,remembered shade first,169,0.605,0.615,0.94,0.94,True,True,True,True,True
3029,169,lichen_bridge,Rin,rope safe,waited at the rope,169,0.596,0.604,0.94,0.94,True,True,True,True,True
3030,169,orchid_engine,Eli,gear lane,kept the gear lane open,169,0.599,0.609,0.94,0.94,True,True,True,True,True
3031,169,moss_ward,Ari,ledger no touch,asked before ledger,169,0.607,0.615,0.94,0.94,True,True,True,True,True
3032,169,glass_harbor,Oren,lamp bright,guarded lamp for me,169,0.608,0.618,0.94,0.94,True,True,True,True,True
3033,169,cinder_garden,Vale,shade first,left my basket sorted,169,0.607,0.615,0.94,0.94,True,True,True,True,True
3034,169,lichen_bridge,Sol,bowl shared,kept bowl shared,169,0.595,0.605,0.94,0.94,True,True,True,True,True
3035,169,orchid_engine,Bea,valve wait,did not turn the valve,169,0.598,0.606,0.94,0.94,True,True,True,True,True
3036,169,moss_ward,Fay,loom wait,waited during repair,169,0.606,0.616,0.94,0.94,True,True,True,True,True
3037,169,glass_harbor,Puck,tea first,shared crossing tea,169,0.606,0.614,0.94,0.94,True,True,True,True,True
3038,169,cinder_garden,Wren,seed sleep,kept the path cool,169,0.605,0.615,0.94,0.94,True,True,True,True,True
3039,169,lichen_bridge,Kio,signal hush,heard my signal,169,0.604,0.612,0.94,0.94,True,True,True,True,True
3040,169,orchid_engine,Cai,orchid rest,let orchid rest,169,0.595,0.605,0.94,0.94,True,True,True,True,True
3041,169,moss_ward,Milo,path dry,helped after rain,169,0.607,0.615,0.94,0.94,True,True,True,True,True
3042,170,cinder_garden,Vale,cool hand,remembered shade first,170,0.607,0.617,0.94,0.94,True,True,True,True,True
3043,170,lichen_bridge,Sol,rope safe,waited at the rope,170,0.617,0.625,0.94,0.94,True,True,True,True,True
3044,170,orchid_engine,Bea,gear lane,kept the gear lane open,170,0.615,0.625,0.94,0.94,True,True,True,True,True
3045,170,moss_ward,Fay,ledger no touch,asked before ledger,170,0.616,0.624,0.94,0.94,True,True,True,True,True
3046,170,glass_harbor,Puck,lamp bright,guarded lamp for me,170,0.61,0.62,0.94,0.94,True,True,True,True,True
3047,170,cinder_garden,Wren,shade first,left my basket sorted,170,0.604,0.614,0.94,0.94,True,True,True,True,True
3048,170,lichen_bridge,Kio,bowl shared,kept bowl shared,170,0.606,0.616,0.94,0.94,True,True,True,True,True
3049,170,orchid_engine,Cai,valve wait,did not turn the valve,170,0.617,0.625,0.94,0.94,True,True,True,True,True
3050,170,moss_ward,Milo,loom wait,waited during repair,170,0.616,0.626,0.94,0.94,True,True,True,True,True
3051,170,glass_harbor,Sera,tea first,shared crossing tea,170,0.616,0.624,0.94,0.94,True,True,True,True,True
3052,170,cinder_garden,Juno,seed sleep,kept the path cool,170,0.605,0.615,0.94,0.94,True,True,True,True,True
3053,170,lichen_bridge,Luma,signal hush,heard my signal,170,0.609,0.617,0.94,0.94,True,True,True,True,True
3054,170,orchid_engine,Dax,orchid rest,let orchid rest,170,0.615,0.625,0.94,0.94,True,True,True,True,True
3055,170,moss_ward,Tala,path dry,helped after rain,170,0.617,0.625,0.94,0.94,True,True,True,True,True
3056,170,glass_harbor,Nia,net keeper,kept net lane clear,170,0.614,0.624,0.94,0.94,True,True,True,True,True
3057,170,cinder_garden,Pax,cool hand,remembered shade first,170,0.615,0.623,0.94,0.94,True,True,True,True,True
3058,170,lichen_bridge,Rin,rope safe,waited at the rope,170,0.604,0.614,0.94,0.94,True,True,True,True,True
3059,170,orchid_engine,Eli,gear lane,kept the gear lane open,170,0.609,0.617,0.94,0.94,True,True,True,True,True
3060,171,glass_harbor,Sera,lamp bright,guarded lamp for me,171,0.607,0.617,0.94,0.94,True,True,True,True,True
3061,171,cinder_garden,Juno,shade first,left my basket sorted,171,0.617,0.625,0.94,0.94,True,True,True,True,True
3062,171,lichen_bridge,Luma,bowl shared,kept bowl shared,171,0.615,0.625,0.94,0.94,True,True,True,True,True
3063,171,orchid_engine,Dax,valve wait,did not turn the valve,171,0.616,0.624,0.94,0.94,True,True,True,True,True
3064,171,moss_ward,Tala,loom wait,waited during repair,171,0.614,0.624,0.94,0.94,True,True,True,True,True
3065,171,glass_harbor,Nia,tea first,shared crossing tea,171,0.606,0.614,0.94,0.94,True,True,True,True,True
3066,171,cinder_garden,Pax,seed sleep,kept the path cool,171,0.608,0.618,0.94,0.94,True,True,True,True,True
3067,171,lichen_bridge,Rin,signal hush,heard my signal,171,0.617,0.625,0.94,0.94,True,True,True,True,True
3068,171,orchid_engine,Eli,orchid rest,let orchid rest,171,0.616,0.626,0.94,0.94,True,True,True,True,True
3069,171,moss_ward,Ari,path dry,helped after rain,171,0.616,0.624,0.94,0.94,True,True,True,True,True
3070,171,glass_harbor,Oren,net keeper,kept net lane clear,171,0.614,0.624,0.94,0.94,True,True,True,True,True
3071,171,cinder_garden,Vale,cool hand,remembered shade first,171,0.617,0.625,0.94,0.94,True,True,True,True,True
3072,171,lichen_bridge,Sol,rope safe,waited at the rope,171,0.625,0.635,0.94,0.94,True,True,True,True,True
3073,171,orchid_engine,Bea,gear lane,kept the gear lane open,171,0.625,0.633,0.94,0.94,True,True,True,True,True
3074,171,moss_ward,Fay,ledger no touch,asked before ledger,171,0.624,0.634,0.94,0.94,True,True,True,True,True
3075,171,glass_harbor,Puck,lamp bright,guarded lamp for me,171,0.62,0.628,0.94,0.94,True,True,True,True,True
3076,171,cinder_garden,Wren,shade first,left my basket sorted,171,0.614,0.624,0.94,0.94,True,True,True,True,True
3077,171,lichen_bridge,Kio,bowl shared,kept bowl shared,171,0.616,0.624,0.94,0.94,True,True,True,True,True
3078,172,moss_ward,Ari,loom wait,waited during repair,172,0.605,0.615,0.94,0.94,True,True,True,True,True
3079,172,glass_harbor,Oren,tea first,shared crossing tea,172,0.615,0.623,0.94,0.94,True,True,True,True,True
3080,172,cinder_garden,Vale,seed sleep,kept the path cool,172,0.613,0.623,0.94,0.94,True,True,True,True,True
3081,172,lichen_bridge,Sol,signal hush,heard my signal,172,0.615,0.623,0.94,0.94,True,True,True,True,True
3082,172,orchid_engine,Bea,orchid rest,let orchid rest,172,0.612,0.622,0.94,0.94,True,True,True,True,True
3083,172,moss_ward,Fay,path dry,helped after rain,172,0.605,0.613,0.94,0.94,True,True,True,True,True
3084,172,glass_harbor,Puck,net keeper,kept net lane clear,172,0.606,0.616,0.94,0.94,True,True,True,True,True
3085,172,cinder_garden,Wren,cool hand,remembered shade first,172,0.616,0.624,0.94,0.94,True,True,True,True,True
3086,172,lichen_bridge,Kio,rope safe,waited at the rope,172,0.614,0.624,0.94,0.94,True,True,True,True,True
3087,172,orchid_engine,Cai,gear lane,kept the gear lane open,172,0.615,0.623,0.94,0.94,True,True,True,True,True
3088,172,moss_ward,Milo,ledger no touch,asked before ledger,172,0.614,0.624,0.94,0.94,True,True,True,True,True
3089,172,glass_harbor,Sera,lamp bright,guarded lamp for me,172,0.617,0.625,0.94,0.94,True,True,True,True,True
3090,172,cinder_garden,Juno,shade first,left my basket sorted,172,0.625,0.635,0.94,0.94,True,True,True,True,True
3091,172,lichen_bridge,Luma,bowl shared,kept bowl shared,172,0.625,0.633,0.94,0.94,True,True,True,True,True
3092,172,orchid_engine,Dax,valve wait,did not turn the valve,172,0.624,0.634,0.94,0.94,True,True,True,True,True
3093,172,moss_ward,Tala,loom wait,waited during repair,172,0.624,0.632,0.94,0.94,True,True,True,True,True
3094,172,glass_harbor,Nia,tea first,shared crossing tea,172,0.614,0.624,0.94,0.94,True,True,True,True,True
3095,172,cinder_garden,Pax,seed sleep,kept the path cool,172,0.618,0.626,0.94,0.94,True,True,True,True,True
3096,173,orchid_engine,Cai,orchid rest,let orchid rest,173,0.605,0.615,0.94,0.94,True,True,True,True,True
3097,173,moss_ward,Milo,path dry,helped after rain,173,0.615,0.623,0.94,0.94,True,True,True,True,True
3098,173,glass_harbor,Sera,net keeper,kept net lane clear,173,0.613,0.623,0.94,0.94,True,True,True,True,True
3099,173,cinder_garden,Juno,cool hand,remembered shade first,173,0.615,0.623,0.94,0.94,True,True,True,True,True
3100,173,lichen_bridge,Luma,rope safe,waited at the rope,173,0.612,0.622,0.94,0.94,True,True,True,True,True
3101,173,orchid_engine,Dax,gear lane,kept the gear lane open,173,0.605,0.613,0.94,0.94,True,True,True,True,True
3102,173,moss_ward,Tala,ledger no touch,asked before ledger,173,0.606,0.616,0.94,0.94,True,True,True,True,True
3103,173,glass_harbor,Nia,lamp bright,guarded lamp for me,173,0.616,0.624,0.94,0.94,True,True,True,True,True
3104,173,cinder_garden,Pax,shade first,left my basket sorted,173,0.614,0.624,0.94,0.94,True,True,True,True,True
3105,173,lichen_bridge,Rin,bowl shared,kept bowl shared,173,0.615,0.623,0.94,0.94,True,True,True,True,True
3106,173,orchid_engine,Eli,valve wait,did not turn the valve,173,0.612,0.622,0.94,0.94,True,True,True,True,True
3107,173,moss_ward,Ari,loom wait,waited during repair,173,0.615,0.623,0.94,0.94,True,True,True,True,True
3108,173,glass_harbor,Oren,tea first,shared crossing tea,173,0.623,0.633,0.94,0.94,True,True,True,True,True
3109,173,cinder_garden,Vale,seed sleep,kept the path cool,173,0.623,0.631,0.94,0.94,True,True,True,True,True
3110,173,lichen_bridge,Sol,signal hush,heard my signal,173,0.623,0.633,0.94,0.94,True,True,True,True,True
3111,173,orchid_engine,Bea,orchid rest,let orchid rest,173,0.622,0.63,0.94,0.94,True,True,True,True,True
3112,173,moss_ward,Fay,path dry,helped after rain,173,0.613,0.623,0.94,0.94,True,True,True,True,True
3113,173,glass_harbor,Puck,net keeper,kept net lane clear,173,0.616,0.624,0.94,0.94,True,True,True,True,True
3114,174,lichen_bridge,Rin,rope safe,waited at the rope,174,0.614,0.624,0.94,0.94,True,True,True,True,True
3115,174,orchid_engine,Eli,gear lane,kept the gear lane open,174,0.617,0.625,0.94,0.94,True,True,True,True,True
3116,174,moss_ward,Ari,ledger no touch,asked before ledger,174,0.615,0.625,0.94,0.94,True,True,True,True,True
3117,174,glass_harbor,Oren,lamp bright,guarded lamp for me,174,0.618,0.626,0.94,0.94,True,True,True,True,True
3118,174,cinder_garden,Vale,shade first,left my basket sorted,174,0.615,0.625,0.94,0.94,True,True,True,True,True
3119,174,lichen_bridge,Sol,bowl shared,kept bowl shared,174,0.605,0.613,0.94,0.94,True,True,True,True,True
3120,174,orchid_engine,Bea,valve wait,did not turn the valve,174,0.606,0.616,0.94,0.94,True,True,True,True,True
3121,174,moss_ward,Fay,loom wait,waited during repair,174,0.616,0.624,0.94,0.94,True,True,True,True,True
3122,174,glass_harbor,Puck,tea first,shared crossing tea,174,0.614,0.624,0.94,0.94,True,True,True,True,True
3123,174,cinder_garden,Wren,seed sleep,kept the path cool,174,0.615,0.623,0.94,0.94,True,True,True,True,True
3124,174,lichen_bridge,Kio,signal hush,heard my signal,174,0.612,0.622,0.94,0.94,True,True,True,True,True
3125,174,orchid_engine,Cai,orchid rest,let orchid rest,174,0.615,0.623,0.94,0.94,True,True,True,True,True
3126,174,moss_ward,Milo,path dry,helped after rain,174,0.623,0.633,0.94,0.94,True,True,True,True,True
3127,174,glass_harbor,Sera,net keeper,kept net lane clear,174,0.623,0.631,0.94,0.94,True,True,True,True,True
3128,174,cinder_garden,Juno,cool hand,remembered shade first,174,0.623,0.633,0.94,0.94,True,True,True,True,True
3129,174,lichen_bridge,Luma,rope safe,waited at the rope,174,0.622,0.63,0.94,0.94,True,True,True,True,True
3130,174,orchid_engine,Dax,gear lane,kept the gear lane open,174,0.613,0.623,0.94,0.94,True,True,True,True,True
3131,174,moss_ward,Tala,ledger no touch,asked before ledger,174,0.616,0.624,0.94,0.94,True,True,True,True,True
3132,175,cinder_garden,Wren,shade first,left my basket sorted,175,0.624,0.634,0.94,0.94,True,True,True,True,True
3133,175,lichen_bridge,Kio,bowl shared,kept bowl shared,175,0.624,0.632,0.94,0.94,True,True,True,True,True
3134,175,orchid_engine,Cai,valve wait,did not turn the valve,175,0.625,0.635,0.94,0.94,True,True,True,True,True
3135,175,moss_ward,Milo,loom wait,waited during repair,175,0.626,0.634,0.94,0.94,True,True,True,True,True
3136,175,glass_harbor,Sera,tea first,shared crossing tea,175,0.624,0.634,0.94,0.94,True,True,True,True,True
3137,175,cinder_garden,Juno,seed sleep,kept the path cool,175,0.615,0.623,0.94,0.94,True,True,True,True,True
3138,175,lichen_bridge,Luma,signal hush,heard my signal,175,0.617,0.627,0.94,0.94,True,True,True,True,True
3139,175,orchid_engine,Dax,orchid rest,let orchid rest,175,0.625,0.633,0.94,0.94,True,True,True,True,True
3140,175,moss_ward,Tala,path dry,helped after rain,175,0.625,0.635,0.94,0.94,True,True,True,True,True
3141,175,glass_harbor,Nia,net keeper,kept net lane clear,175,0.624,0.632,0.94,0.94,True,True,True,True,True
3142,175,cinder_garden,Pax,cool hand,remembered shade first,175,0.623,0.633,0.94,0.94,True,True,True,True,True
3143,175,lichen_bridge,Rin,rope safe,waited at the rope,175,0.624,0.632,0.94,0.94,True,True,True,True,True
3144,175,orchid_engine,Eli,gear lane,kept the gear lane open,175,0.625,0.635,0.94,0.94,True,True,True,True,True
3145,175,moss_ward,Ari,ledger no touch,asked before ledger,175,0.625,0.633,0.94,0.94,True,True,True,True,True
3146,175,glass_harbor,Oren,lamp bright,guarded lamp for me,175,0.626,0.636,0.94,0.94,True,True,True,True,True
3147,175,cinder_garden,Vale,shade first,left my basket sorted,175,0.625,0.633,0.94,0.94,True,True,True,True,True
3148,175,lichen_bridge,Sol,bowl shared,kept bowl shared,175,0.613,0.623,0.94,0.94,True,True,True,True,True
3149,175,orchid_engine,Bea,valve wait,did not turn the valve,175,0.616,0.624,0.94,0.94,True,True,True,True,True
3150,176,glass_harbor,Nia,tea first,shared crossing tea,176,0.624,0.634,0.94,0.94,True,True,True,True,True
3151,176,cinder_garden,Pax,seed sleep,kept the path cool,176,0.626,0.634,0.94,0.94,True,True,True,True,True
3152,176,lichen_bridge,Rin,signal hush,heard my signal,176,0.625,0.635,0.94,0.94,True,True,True,True,True
3153,176,orchid_engine,Eli,orchid rest,let orchid rest,176,0.626,0.634,0.94,0.94,True,True,True,True,True
3154,176,moss_ward,Ari,path dry,helped after rain,176,0.624,0.634,0.94,0.94,True,True,True,True,True
3155,176,glass_harbor,Oren,net keeper,kept net lane clear,176,0.624,0.632,0.94,0.94,True,True,True,True,True
3156,176,cinder_garden,Vale,cool hand,remembered shade first,176,0.625,0.635,0.94,0.94,True,True,True,True,True
3157,176,lichen_bridge,Sol,rope safe,waited at the rope,176,0.635,0.643,0.94,0.94,True,True,True,True,True
3158,176,orchid_engine,Bea,gear lane,kept the gear lane open,176,0.633,0.643,0.94,0.94,True,True,True,True,True
3159,176,moss_ward,Fay,ledger no touch,asked before ledger,176,0.634,0.642,0.94,0.94,True,True,True,True,True
3160,176,glass_harbor,Puck,lamp bright,guarded lamp for me,176,0.628,0.638,0.94,0.94,True,True,True,True,True
3161,176,cinder_garden,Wren,shade first,left my basket sorted,176,0.634,0.642,0.94,0.94,True,True,True,True,True
3162,176,lichen_bridge,Kio,bowl shared,kept bowl shared,176,0.632,0.642,0.94,0.94,True,True,True,True,True
3163,176,orchid_engine,Cai,valve wait,did not turn the valve,176,0.635,0.643,0.94,0.94,True,True,True,True,True
3164,176,moss_ward,Milo,loom wait,waited during repair,176,0.634,0.644,0.94,0.94,True,True,True,True,True
3165,176,glass_harbor,Sera,tea first,shared crossing tea,176,0.634,0.642,0.94,0.94,True,True,True,True,True
3166,176,cinder_garden,Juno,seed sleep,kept the path cool,176,0.623,0.633,0.94,0.94,True,True,True,True,True
3167,176,lichen_bridge,Luma,signal hush,heard my signal,176,0.627,0.635,0.94,0.94,True,True,True,True,True
3168,177,moss_ward,Fay,path dry,helped after rain,177,0.623,0.633,0.94,0.94,True,True,True,True,True
3169,177,glass_harbor,Puck,net keeper,kept net lane clear,177,0.624,0.632,0.94,0.94,True,True,True,True,True
3170,177,cinder_garden,Wren,cool hand,remembered shade first,177,0.624,0.634,0.94,0.94,True,True,True,True,True
3171,177,lichen_bridge,Kio,rope safe,waited at the rope,177,0.624,0.632,0.94,0.94,True,True,True,True,True
3172,177,orchid_engine,Cai,gear lane,kept the gear lane open,177,0.623,0.633,0.94,0.94,True,True,True,True,True
3173,177,moss_ward,Milo,ledger no touch,asked before ledger,177,0.624,0.632,0.94,0.94,True,True,True,True,True
3174,177,glass_harbor,Sera,lamp bright,guarded lamp for me,177,0.625,0.635,0.94,0.94,True,True,True,True,True
3175,177,cinder_garden,Juno,shade first,left my basket sorted,177,0.635,0.643,0.94,0.94,True,True,True,True,True
3176,177,lichen_bridge,Luma,bowl shared,kept bowl shared,177,0.633,0.643,0.94,0.94,True,True,True,True,True
3177,177,orchid_engine,Dax,valve wait,did not turn the valve,177,0.634,0.642,0.94,0.94,True,True,True,True,True
3178,177,moss_ward,Tala,loom wait,waited during repair,177,0.632,0.642,0.94,0.94,True,True,True,True,True
3179,177,glass_harbor,Nia,tea first,shared crossing tea,177,0.634,0.642,0.94,0.94,True,True,True,True,True
3180,177,cinder_garden,Pax,seed sleep,kept the path cool,177,0.634,0.644,0.94,0.94,True,True,True,True,True
3181,177,lichen_bridge,Rin,signal hush,heard my signal,177,0.635,0.643,0.94,0.94,True,True,True,True,True
3182,177,orchid_engine,Eli,orchid rest,let orchid rest,177,0.634,0.644,0.94,0.94,True,True,True,True,True
3183,177,moss_ward,Ari,path dry,helped after rain,177,0.634,0.642,0.94,0.94,True,True,True,True,True
3184,177,glass_harbor,Oren,net keeper,kept net lane clear,177,0.632,0.642,0.94,0.94,True,True,True,True,True
3185,177,cinder_garden,Vale,cool hand,remembered shade first,177,0.635,0.643,0.94,0.94,True,True,True,True,True
3186,178,orchid_engine,Dax,gear lane,kept the gear lane open,178,0.623,0.633,0.94,0.94,True,True,True,True,True
3187,178,moss_ward,Tala,ledger no touch,asked before ledger,178,0.624,0.632,0.94,0.94,True,True,True,True,True
3188,178,glass_harbor,Nia,lamp bright,guarded lamp for me,178,0.624,0.634,0.94,0.94,True,True,True,True,True
3189,178,cinder_garden,Pax,shade first,left my basket sorted,178,0.624,0.632,0.94,0.94,True,True,True,True,True
3190,178,lichen_bridge,Rin,bowl shared,kept bowl shared,178,0.623,0.633,0.94,0.94,True,True,True,True,True
3191,178,orchid_engine,Eli,valve wait,did not turn the valve,178,0.622,0.63,0.94,0.94,True,True,True,True,True
3192,178,moss_ward,Ari,loom wait,waited during repair,178,0.623,0.633,0.94,0.94,True,True,True,True,True
3193,178,glass_harbor,Oren,tea first,shared crossing tea,178,0.633,0.641,0.94,0.94,True,True,True,True,True
3194,178,cinder_garden,Vale,seed sleep,kept the path cool,178,0.631,0.641,0.94,0.94,True,True,True,True,True
3195,178,lichen_bridge,Sol,signal hush,heard my signal,178,0.633,0.641,0.94,0.94,True,True,True,True,True
3196,178,orchid_engine,Bea,orchid rest,let orchid rest,178,0.63,0.64,0.94,0.94,True,True,True,True,True
3197,178,moss_ward,Fay,path dry,helped after rain,178,0.633,0.641,0.94,0.94,True,True,True,True,True
3198,178,glass_harbor,Puck,net keeper,kept net lane clear,178,0.632,0.642,0.94,0.94,True,True,True,True,True
3199,178,cinder_garden,Wren,cool hand,remembered shade first,178,0.634,0.642,0.94,0.94,True,True,True,True,True
3200,178,lichen_bridge,Kio,rope safe,waited at the rope,178,0.632,0.642,0.94,0.94,True,True,True,True,True
3201,178,orchid_engine,Cai,gear lane,kept the gear lane open,178,0.633,0.643,0.94,0.94,True,True,True,True,True
3202,178,moss_ward,Milo,ledger no touch,asked before ledger,178,0.632,0.642,0.94,0.94,True,True,True,True,True
3203,178,glass_harbor,Sera,lamp bright,guarded lamp for me,178,0.635,0.643,0.94,0.94,True,True,True,True,True
3204,179,lichen_bridge,Sol,bowl shared,kept bowl shared,179,0.623,0.633,0.94,0.94,True,True,True,True,True
3205,179,orchid_engine,Bea,valve wait,did not turn the valve,179,0.624,0.632,0.94,0.94,True,True,True,True,True
3206,179,moss_ward,Fay,loom wait,waited during repair,179,0.624,0.634,0.94,0.94,True,True,True,True,True
3207,179,glass_harbor,Puck,tea first,shared crossing tea,179,0.624,0.632,0.94,0.94,True,True,True,True,True
3208,179,cinder_garden,Wren,seed sleep,kept the path cool,179,0.623,0.633,0.94,0.94,True,True,True,True,True
3209,179,lichen_bridge,Kio,signal hush,heard my signal,179,0.622,0.63,0.94,0.94,True,True,True,True,True
3210,179,orchid_engine,Cai,orchid rest,let orchid rest,179,0.623,0.633,0.94,0.94,True,True,True,True,True
3211,179,moss_ward,Milo,path dry,helped after rain,179,0.633,0.641,0.94,0.94,True,True,True,True,True
3212,179,glass_harbor,Sera,net keeper,kept net lane clear,179,0.631,0.641,0.94,0.94,True,True,True,True,True
3213,179,cinder_garden,Juno,cool hand,remembered shade first,179,0.633,0.641,0.94,0.94,True,True,True,True,True
3214,179,lichen_bridge,Luma,rope safe,waited at the rope,179,0.63,0.64,0.94,0.94,True,True,True,True,True
3215,179,orchid_engine,Dax,gear lane,kept the gear lane open,179,0.633,0.641,0.94,0.94,True,True,True,True,True
3216,179,moss_ward,Tala,ledger no touch,asked before ledger,179,0.632,0.642,0.94,0.94,True,True,True,True,True
3217,179,glass_harbor,Nia,lamp bright,guarded lamp for me,179,0.634,0.642,0.94,0.94,True,True,True,True,True
3218,179,cinder_garden,Pax,shade first,left my basket sorted,179,0.632,0.642,0.94,0.94,True,True,True,True,True
3219,179,lichen_bridge,Rin,bowl shared,kept bowl shared,179,0.633,0.641,0.94,0.94,True,True,True,True,True
3220,179,orchid_engine,Eli,valve wait,did not turn the valve,179,0.63,0.64,0.94,0.94,True,True,True,True,True
3221,179,moss_ward,Ari,loom wait,waited during repair,179,0.633,0.641,0.94,0.94,True,True,True,True,True
3222,180,cinder_garden,Juno,seed sleep,kept the path cool,180,0.633,0.643,0.94,0.94,True,True,True,True,True
3223,180,lichen_bridge,Luma,signal hush,heard my signal,180,0.635,0.643,0.94,0.94,True,True,True,True,True
3224,180,orchid_engine,Dax,orchid rest,let orchid rest,180,0.633,0.643,0.94,0.94,True,True,True,True,True
3225,180,moss_ward,Tala,path dry,helped after rain,180,0.635,0.643,0.94,0.94,True,True,True,True,True
3226,180,glass_harbor,Nia,net keeper,kept net lane clear,180,0.632,0.642,0.94,0.94,True,True,True,True,True
3227,180,cinder_garden,Pax,cool hand,remembered shade first,180,0.633,0.641,0.94,0.94,True,True,True,True,True
3228,180,lichen_bridge,Rin,rope safe,waited at the rope,180,0.632,0.642,0.94,0.94,True,True,True,True,True
3229,180,orchid_engine,Eli,gear lane,kept the gear lane open,180,0.635,0.643,0.94,0.94,True,True,True,True,True
3230,180,moss_ward,Ari,ledger no touch,asked before ledger,180,0.633,0.643,0.94,0.94,True,True,True,True,True
3231,180,glass_harbor,Oren,lamp bright,guarded lamp for me,180,0.636,0.644,0.94,0.94,True,True,True,True,True
3232,180,cinder_garden,Vale,shade first,left my basket sorted,180,0.633,0.643,0.94,0.94,True,True,True,True,True
3233,180,lichen_bridge,Sol,bowl shared,kept bowl shared,180,0.633,0.641,0.94,0.94,True,True,True,True,True
3234,180,orchid_engine,Bea,valve wait,did not turn the valve,180,0.632,0.642,0.94,0.94,True,True,True,True,True
3235,180,moss_ward,Fay,loom wait,waited during repair,180,0.634,0.642,0.94,0.94,True,True,True,True,True
3236,180,glass_harbor,Puck,tea first,shared crossing tea,180,0.632,0.642,0.94,0.94,True,True,True,True,True
3237,180,cinder_garden,Wren,seed sleep,kept the path cool,180,0.633,0.641,0.94,0.94,True,True,True,True,True
3238,180,lichen_bridge,Kio,signal hush,heard my signal,180,0.63,0.64,0.94,0.94,True,True,True,True,True
3239,180,orchid_engine,Cai,orchid rest,let orchid rest,180,0.633,0.641,0.94,0.94,True,True,True,True,True
3240,181,glass_harbor,Oren,net keeper,kept net lane clear,181,0.642,0.652,0.94,0.94,True,True,True,True,True
3241,181,cinder_garden,Vale,cool hand,remembered shade first,181,0.643,0.651,0.94,0.94,True,True,True,True,True
3242,181,lichen_bridge,Sol,rope safe,waited at the rope,181,0.643,0.653,0.94,0.94,True,True,True,True,True
3243,181,orchid_engine,Bea,gear lane,kept the gear lane open,181,0.643,0.651,0.94,0.94,True,True,True,True,True
3244,181,moss_ward,Fay,ledger no touch,asked before ledger,181,0.642,0.652,0.94,0.94,True,True,True,True,True
3245,181,glass_harbor,Puck,lamp bright,guarded lamp for me,181,0.638,0.648,0.94,0.94,True,True,True,True,True
3246,181,cinder_garden,Wren,shade first,left my basket sorted,181,0.642,0.652,0.94,0.94,True,True,True,True,True
3247,181,lichen_bridge,Kio,bowl shared,kept bowl shared,181,0.642,0.65,0.94,0.94,True,True,True,True,True
3248,181,orchid_engine,Cai,valve wait,did not turn the valve,181,0.643,0.653,0.94,0.94,True,True,True,True,True
3249,181,moss_ward,Milo,loom wait,waited during repair,181,0.644,0.652,0.94,0.94,True,True,True,True,True
3250,181,glass_harbor,Sera,tea first,shared crossing tea,181,0.642,0.652,0.94,0.94,True,True,True,True,True
3251,181,cinder_garden,Juno,seed sleep,kept the path cool,181,0.643,0.651,0.94,0.94,True,True,True,True,True
3252,181,lichen_bridge,Luma,signal hush,heard my signal,181,0.643,0.653,0.94,0.94,True,True,True,True,True
3253,181,orchid_engine,Dax,orchid rest,let orchid rest,181,0.643,0.651,0.94,0.94,True,True,True,True,True
3254,181,moss_ward,Tala,path dry,helped after rain,181,0.643,0.653,0.94,0.94,True,True,True,True,True
3255,181,glass_harbor,Nia,net keeper,kept net lane clear,181,0.642,0.65,0.94,0.94,True,True,True,True,True
3256,181,cinder_garden,Pax,cool hand,remembered shade first,181,0.641,0.651,0.94,0.94,True,True,True,True,True
3257,181,lichen_bridge,Rin,rope safe,waited at the rope,181,0.642,0.65,0.94,0.94,True,True,True,True,True
3258,182,moss_ward,Milo,ledger no touch,asked before ledger,182,0.642,0.652,0.94,0.94,True,True,True,True,True
3259,182,glass_harbor,Sera,lamp bright,guarded lamp for me,182,0.643,0.651,0.94,0.94,True,True,True,True,True
3260,182,cinder_garden,Juno,shade first,left my basket sorted,182,0.643,0.653,0.94,0.94,True,True,True,True,True
3261,182,lichen_bridge,Luma,bowl shared,kept bowl shared,182,0.643,0.651,0.94,0.94,True,True,True,True,True
3262,182,orchid_engine,Dax,valve wait,did not turn the valve,182,0.642,0.652,0.94,0.94,True,True,True,True,True
3263,182,moss_ward,Tala,loom wait,waited during repair,182,0.642,0.65,0.94,0.94,True,True,True,True,True
3264,182,glass_harbor,Nia,tea first,shared crossing tea,182,0.642,0.652,0.94,0.94,True,True,True,True,True
3265,182,cinder_garden,Pax,seed sleep,kept the path cool,182,0.644,0.652,0.94,0.94,True,True,True,True,True
3266,182,lichen_bridge,Rin,signal hush,heard my signal,182,0.643,0.653,0.94,0.94,True,True,True,True,True
3267,182,orchid_engine,Eli,orchid rest,let orchid rest,182,0.644,0.652,0.94,0.94,True,True,True,True,True
3268,182,moss_ward,Ari,path dry,helped after rain,182,0.642,0.652,0.94,0.94,True,True,True,True,True
3269,182,glass_harbor,Oren,net keeper,kept net lane clear,182,0.652,0.66,0.94,0.94,True,True,True,True,True
3270,182,cinder_garden,Vale,cool hand,remembered shade first,182,0.651,0.661,0.94,0.94,True,True,True,True,True
3271,182,lichen_bridge,Sol,rope safe,waited at the rope,182,0.653,0.661,0.94,0.94,True,True,True,True,True
3272,182,orchid_engine,Bea,gear lane,kept the gear lane open,182,0.651,0.661,0.94,0.94,True,True,True,True,True
3273,182,moss_ward,Fay,ledger no touch,asked before ledger,182,0.652,0.66,0.94,0.94,True,True,True,True,True
3274,182,glass_harbor,Puck,lamp bright,guarded lamp for me,182,0.648,0.658,0.94,0.94,True,True,True,True,True
3275,182,cinder_garden,Wren,shade first,left my basket sorted,182,0.652,0.66,0.94,0.94,True,True,True,True,True
3276,183,orchid_engine,Eli,valve wait,did not turn the valve,183,0.64,0.65,0.94,0.94,True,True,True,True,True
3277,183,moss_ward,Ari,loom wait,waited during repair,183,0.641,0.649,0.94,0.94,True,True,True,True,True
3278,183,glass_harbor,Oren,tea first,shared crossing tea,183,0.641,0.651,0.94,0.94,True,True,True,True,True
3279,183,cinder_garden,Vale,seed sleep,kept the path cool,183,0.641,0.649,0.94,0.94,True,True,True,True,True
3280,183,lichen_bridge,Sol,signal hush,heard my signal,183,0.641,0.651,0.94,0.94,True,True,True,True,True
3281,183,orchid_engine,Bea,orchid rest,let orchid rest,183,0.64,0.648,0.94,0.94,True,True,True,True,True
3282,183,moss_ward,Fay,path dry,helped after rain,183,0.641,0.651,0.94,0.94,True,True,True,True,True
3283,183,glass_harbor,Puck,net keeper,kept net lane clear,183,0.642,0.65,0.94,0.94,True,True,True,True,True
3284,183,cinder_garden,Wren,cool hand,remembered shade first,183,0.642,0.652,0.94,0.94,True,True,True,True,True
3285,183,lichen_bridge,Kio,rope safe,waited at the rope,183,0.642,0.65,0.94,0.94,True,True,True,True,True
3286,183,orchid_engine,Cai,gear lane,kept the gear lane open,183,0.643,0.653,0.94,0.94,True,True,True,True,True
3287,183,moss_ward,Milo,ledger no touch,asked before ledger,183,0.652,0.66,0.94,0.94,True,True,True,True,True
3288,183,glass_harbor,Sera,lamp bright,guarded lamp for me,183,0.651,0.661,0.94,0.94,True,True,True,True,True
3289,183,cinder_garden,Juno,shade first,left my basket sorted,183,0.653,0.661,0.94,0.94,True,True,True,True,True
3290,183,lichen_bridge,Luma,bowl shared,kept bowl shared,183,0.651,0.661,0.94,0.94,True,True,True,True,True
3291,183,orchid_engine,Dax,valve wait,did not turn the valve,183,0.652,0.66,0.94,0.94,True,True,True,True,True
3292,183,moss_ward,Tala,loom wait,waited during repair,183,0.65,0.66,0.94,0.94,True,True,True,True,True
3293,183,glass_harbor,Nia,tea first,shared crossing tea,183,0.652,0.66,0.94,0.94,True,True,True,True,True
3294,184,lichen_bridge,Kio,signal hush,heard my signal,184,0.64,0.65,0.94,0.94,True,True,True,True,True
3295,184,orchid_engine,Cai,orchid rest,let orchid rest,184,0.641,0.649,0.94,0.94,True,True,True,True,True
3296,184,moss_ward,Milo,path dry,helped after rain,184,0.641,0.651,0.94,0.94,True,True,True,True,True
3297,184,glass_harbor,Sera,net keeper,kept net lane clear,184,0.641,0.649,0.94,0.94,True,True,True,True,True
3298,184,cinder_garden,Juno,cool hand,remembered shade first,184,0.641,0.651,0.94,0.94,True,True,True,True,True
3299,184,lichen_bridge,Luma,rope safe,waited at the rope,184,0.64,0.648,0.94,0.94,True,True,True,True,True
3300,184,orchid_engine,Dax,gear lane,kept the gear lane open,184,0.641,0.651,0.94,0.94,True,True,True,True,True
3301,184,moss_ward,Tala,ledger no touch,asked before ledger,184,0.642,0.65,0.94,0.94,True,True,True,True,True
3302,184,glass_harbor,Nia,lamp bright,guarded lamp for me,184,0.642,0.652,0.94,0.94,True,True,True,True,True
3303,184,cinder_garden,Pax,shade first,left my basket sorted,184,0.642,0.65,0.94,0.94,True,True,True,True,True
3304,184,lichen_bridge,Rin,bowl shared,kept bowl shared,184,0.641,0.651,0.94,0.94,True,True,True,True,True
3305,184,orchid_engine,Eli,valve wait,did not turn the valve,184,0.65,0.658,0.94,0.94,True,True,True,True,True
3306,184,moss_ward,Ari,loom wait,waited during repair,184,0.649,0.659,0.94,0.94,True,True,True,True,True
3307,184,glass_harbor,Oren,tea first,shared crossing tea,184,0.651,0.659,0.94,0.94,True,True,True,True,True
3308,184,cinder_garden,Vale,seed sleep,kept the path cool,184,0.649,0.659,0.94,0.94,True,True,True,True,True
3309,184,lichen_bridge,Sol,signal hush,heard my signal,184,0.651,0.659,0.94,0.94,True,True,True,True,True
3310,184,orchid_engine,Bea,orchid rest,let orchid rest,184,0.648,0.658,0.94,0.94,True,True,True,True,True
3311,184,moss_ward,Fay,path dry,helped after rain,184,0.651,0.659,0.94,0.94,True,True,True,True,True
3312,185,cinder_garden,Pax,cool hand,remembered shade first,185,0.651,0.661,0.94,0.94,True,True,True,True,True
3313,185,lichen_bridge,Rin,rope safe,waited at the rope,185,0.65,0.658,0.94,0.94,True,True,True,True,True
3314,185,orchid_engine,Eli,gear lane,kept the gear lane open,185,0.643,0.653,0.94,0.94,True,True,True,True,True
3315,185,moss_ward,Ari,ledger no touch,asked before ledger,185,0.643,0.651,0.94,0.94,True,True,True,True,True
3316,185,glass_harbor,Oren,lamp bright,guarded lamp for me,185,0.644,0.654,0.94,0.94,True,True,True,True,True
3317,185,cinder_garden,Vale,shade first,left my basket sorted,185,0.643,0.651,0.94,0.94,True,True,True,True,True
3318,185,lichen_bridge,Sol,bowl shared,kept bowl shared,185,0.641,0.651,0.94,0.94,True,True,True,True,True
3319,185,orchid_engine,Bea,valve wait,did not turn the valve,185,0.642,0.65,0.94,0.94,True,True,True,True,True
3320,185,moss_ward,Fay,loom wait,waited during repair,185,0.642,0.652,0.94,0.94,True,True,True,True,True
3321,185,glass_harbor,Puck,tea first,shared crossing tea,185,0.642,0.65,0.94,0.94,True,True,True,True,True
3322,185,cinder_garden,Wren,seed sleep,kept the path cool,185,0.641,0.651,0.94,0.94,True,True,True,True,True
3323,185,lichen_bridge,Kio,signal hush,heard my signal,185,0.65,0.658,0.94,0.94,True,True,True,True,True
3324,185,orchid_engine,Cai,orchid rest,let orchid rest,185,0.649,0.659,0.94,0.94,True,True,True,True,True
3325,185,moss_ward,Milo,path dry,helped after rain,185,0.651,0.659,0.94,0.94,True,True,True,True,True
3326,185,glass_harbor,Sera,net keeper,kept net lane clear,185,0.649,0.659,0.94,0.94,True,True,True,True,True
3327,185,cinder_garden,Juno,cool hand,remembered shade first,185,0.651,0.659,0.94,0.94,True,True,True,True,True
3328,185,lichen_bridge,Luma,rope safe,waited at the rope,185,0.648,0.658,0.94,0.94,True,True,True,True,True
3329,185,orchid_engine,Dax,gear lane,kept the gear lane open,185,0.651,0.659,0.94,0.94,True,True,True,True,True
3330,186,glass_harbor,Puck,lamp bright,guarded lamp for me,186,0.658,0.668,0.94,0.94,True,True,True,True,True
3331,186,cinder_garden,Wren,shade first,left my basket sorted,186,0.66,0.668,0.94,0.94,True,True,True,True,True
3332,186,lichen_bridge,Kio,bowl shared,kept bowl shared,186,0.65,0.66,0.94,0.94,True,True,True,True,True
3333,186,orchid_engine,Cai,valve wait,did not turn the valve,186,0.653,0.661,0.94,0.94,True,True,True,True,True
3334,186,moss_ward,Milo,loom wait,waited during repair,186,0.652,0.662,0.94,0.94,True,True,True,True,True
3335,186,glass_harbor,Sera,tea first,shared crossing tea,186,0.652,0.66,0.94,0.94,True,True,True,True,True
3336,186,cinder_garden,Juno,seed sleep,kept the path cool,186,0.651,0.661,0.94,0.94,True,True,True,True,True
3337,186,lichen_bridge,Luma,signal hush,heard my signal,186,0.653,0.661,0.94,0.94,True,True,True,True,True
3338,186,orchid_engine,Dax,orchid rest,let orchid rest,186,0.651,0.661,0.94,0.94,True,True,True,True,True
3339,186,moss_ward,Tala,path dry,helped after rain,186,0.653,0.661,0.94,0.94,True,True,True,True,True
3340,186,glass_harbor,Nia,net keeper,kept net lane clear,186,0.65,0.66,0.94,0.94,True,True,True,True,True
3341,186,cinder_garden,Pax,cool hand,remembered shade first,186,0.661,0.669,0.94,0.94,True,True,True,True,True
3342,186,lichen_bridge,Rin,rope safe,waited at the rope,186,0.658,0.668,0.94,0.94,True,True,True,True,True
3343,186,orchid_engine,Eli,gear lane,kept the gear lane open,186,0.653,0.661,0.94,0.94,True,True,True,True,True
3344,186,moss_ward,Ari,ledger no touch,asked before ledger,186,0.651,0.661,0.94,0.94,True,True,True,True,True
3345,186,glass_harbor,Oren,lamp bright,guarded lamp for me,186,0.654,0.662,0.94,0.94,True,True,True,True,True
3346,186,cinder_garden,Vale,shade first,left my basket sorted,186,0.651,0.661,0.94,0.94,True,True,True,True,True
3347,186,lichen_bridge,Sol,bowl shared,kept bowl shared,186,0.651,0.659,0.94,0.94,True,True,True,True,True
