policy,mean_reward,mean_control_score,mean_refusals
reactive,-167.6630686,0.2755555,0.0
world_only,-340.2770005,0.22910370000000002,0.0
generic_memory,-369.6324647,0.2149195,0.0
integrated_physics_self,-68.8864124,0.387792,13.2
oracle,-157.18425910000002,0.20434039999999998,0.0
