tick_id,day,session_id,settlement_id,resident_id,tool_name,tool_action,owner_id,location_before,location_after,carried_by_before,carried_by_after,permission_checked,visible_hand_state,tool_slot_changed,tool_returned_or_carried
0,1,session-001,moss_ward,Milo,ledger awl,pickup,Milo,root_alcove,carried,none,Milo,True,True,True,True
1,1,session-001,glass_harbor,Sera,wick clamp,nearby-visible,Sera,lamp_pier,lamp_pier,none,none,True,True,False,True
2,1,session-001,cinder_garden,Juno,basket hook,nearby-visible,Juno,ash_path,ash_path,none,none,True,True,False,True
3,1,session-001,lichen_bridge,Luma,ledger punch,drop,Luma,meal_room,rope_bridge,none,none,True,True,True,True
4,1,session-001,orchid_engine,Dax,valve key,nearby-visible,Dax,engine_ring,engine_ring,none,none,True,True,False,True
5,1,session-001,moss_ward,Tala,loom hook,nearby-visible,Tala,blanket_room,blanket_room,none,none,True,True,False,True
6,1,session-001,glass_harbor,Nia,rope gauge,nearby-visible,Nia,fog_rail,fog_rail,none,none,True,True,False,True
7,1,session-001,cinder_garden,Pax,shade mallet,pickup,Pax,seed_shelf,carried,none,Pax,True,True,True,True
8,1,session-001,lichen_bridge,Rin,bell file,nearby-visible,Rin,signal_post,signal_post,none,none,True,True,False,True
9,1,session-001,orchid_engine,Eli,lamp tongs,nearby-visible,Eli,orchid_bay,orchid_bay,none,none,True,True,False,True
10,1,session-001,moss_ward,Ari,reed knife,drop,Ari,rain_gate,blanket_room,none,none,True,True,True,True
11,1,session-001,glass_harbor,Oren,net shuttle,nearby-visible,Oren,net_room,net_room,none,none,True,True,False,True
12,1,session-001,cinder_garden,Vale,calendar stylus,nearby-visible,Vale,shade_tent,shade_tent,none,none,True,True,False,True
13,1,session-001,lichen_bridge,Sol,tension peg,nearby-visible,Sol,rope_bridge,rope_bridge,none,none,True,True,False,True
14,1,session-001,orchid_engine,Bea,gear brush,pickup,Bea,gear_wash,carried,none,Bea,True,True,True,True
15,1,session-001,moss_ward,Fay,ledger awl,carry-visible,Fay,carried,carried,Milo,Milo,True,True,False,True
16,1,session-001,glass_harbor,Puck,wick clamp,nearby-visible,Puck,lamp_pier,lamp_pier,none,none,True,True,False,True
17,1,session-001,cinder_garden,Wren,basket hook,drop,Wren,ash_path,shade_tent,none,none,True,True,True,True
18,2,session-001,orchid_engine,Eli,gear brush,carry-visible,Dax,carried,carried,Bea,Bea,True,True,False,True
19,2,session-001,moss_ward,Ari,ledger awl,carry-visible,Tala,carried,carried,Milo,Milo,True,True,False,True
20,2,session-001,glass_harbor,Oren,wick clamp,drop,Nia,lamp_pier,lamp_pier,none,none,True,True,True,True
21,2,session-001,cinder_garden,Vale,basket hook,nearby-visible,Pax,shade_tent,shade_tent,none,none,True,True,False,True
22,2,session-001,lichen_bridge,Sol,ledger punch,nearby-visible,Rin,rope_bridge,rope_bridge,none,none,True,True,False,True
23,2,session-001,orchid_engine,Bea,valve key,nearby-visible,Eli,engine_ring,engine_ring,none,none,True,True,True,True
24,2,session-001,moss_ward,Fay,loom hook,pickup,Ari,blanket_room,carried,none,Fay,True,True,True,True
25,2,session-001,glass_harbor,Puck,rope gauge,nearby-visible,Oren,fog_rail,fog_rail,none,none,True,True,True,True
26,2,session-001,cinder_garden,Wren,shade mallet,carry-visible,Vale,carried,carried,Pax,Pax,True,True,False,True
27,2,session-001,lichen_bridge,Kio,bell file,drop,Sol,signal_post,signal_post,none,none,True,True,True,True
28,2,session-001,orchid_engine,Cai,lamp tongs,nearby-visible,Bea,orchid_bay,orchid_bay,none,none,True,True,True,True
29,2,session-001,moss_ward,Milo,reed knife,nearby-visible,Fay,blanket_room,blanket_room,none,none,True,True,False,True
30,2,session-001,glass_harbor,Sera,net shuttle,nearby-visible,Puck,net_room,net_room,none,none,True,True,True,True
31,2,session-001,cinder_garden,Juno,calendar stylus,pickup,Wren,shade_tent,carried,none,Juno,True,True,True,True
32,2,session-001,lichen_bridge,Luma,tension peg,nearby-visible,Kio,rope_bridge,rope_bridge,none,none,True,True,True,True
33,2,session-001,orchid_engine,Dax,gear brush,carry-visible,Cai,carried,carried,Bea,Bea,True,True,False,True
34,2,session-001,moss_ward,Tala,ledger awl,drop,Milo,carried,root_alcove,Milo,none,True,True,True,True
35,2,session-001,glass_harbor,Nia,wick clamp,nearby-visible,Sera,lamp_pier,lamp_pier,none,none,True,True,True,True
36,3,session-001,lichen_bridge,Kio,tension peg,nearby-visible,Rin,rope_bridge,rope_bridge,none,none,True,True,False,True
37,3,session-001,orchid_engine,Cai,gear brush,drop,Eli,carried,engine_ring,Bea,none,True,True,True,True
38,3,session-001,moss_ward,Milo,ledger awl,nearby-visible,Ari,root_alcove,root_alcove,none,none,True,True,False,True
39,3,session-001,glass_harbor,Sera,wick clamp,nearby-visible,Oren,lamp_pier,lamp_pier,none,none,True,True,False,True
40,3,session-001,cinder_garden,Juno,basket hook,nearby-visible,Vale,shade_tent,shade_tent,none,none,True,True,False,True
41,3,session-001,lichen_bridge,Luma,ledger punch,pickup,Sol,rope_bridge,carried,none,Luma,True,True,True,True
42,3,session-001,orchid_engine,Dax,valve key,nearby-visible,Bea,engine_ring,engine_ring,none,none,True,True,False,True
43,3,session-001,moss_ward,Tala,loom hook,carry-visible,Fay,carried,carried,Fay,Fay,True,True,False,True
44,3,session-001,glass_harbor,Nia,rope gauge,drop,Puck,fog_rail,net_room,none,none,True,True,True,True
45,3,session-001,cinder_garden,Pax,shade mallet,carry-visible,Wren,carried,carried,Pax,Pax,True,True,True,True
46,3,session-001,lichen_bridge,Rin,bell file,nearby-visible,Kio,signal_post,signal_post,none,none,True,True,False,True
47,3,session-001,orchid_engine,Eli,lamp tongs,nearby-visible,Cai,orchid_bay,orchid_bay,none,none,True,True,False,True
48,3,session-001,moss_ward,Ari,reed knife,pickup,Milo,blanket_room,carried,none,Ari,True,True,True,True
49,3,session-001,glass_harbor,Oren,net shuttle,nearby-visible,Sera,net_room,net_room,none,none,True,True,False,True
50,3,session-001,cinder_garden,Vale,calendar stylus,carry-visible,Juno,carried,carried,Juno,Juno,True,True,False,True
51,3,session-001,lichen_bridge,Sol,tension peg,drop,Luma,rope_bridge,meal_room,none,none,True,True,True,True
52,3,session-001,orchid_engine,Bea,gear brush,nearby-visible,Dax,engine_ring,engine_ring,none,none,True,True,True,True
53,3,session-001,moss_ward,Fay,ledger awl,nearby-visible,Tala,root_alcove,root_alcove,none,none,True,True,False,True
54,4,session-001,cinder_garden,Pax,calendar stylus,drop,Vale,carried,seed_shelf,Juno,none,True,True,True,True
55,4,session-001,lichen_bridge,Rin,tension peg,nearby-visible,Sol,meal_room,meal_room,none,none,True,True,False,True
56,4,session-001,orchid_engine,Eli,gear brush,nearby-visible,Bea,engine_ring,engine_ring,none,none,True,True,False,True
57,4,session-001,moss_ward,Ari,ledger awl,nearby-visible,Fay,root_alcove,root_alcove,none,none,True,True,False,True
58,4,session-001,glass_harbor,Oren,wick clamp,pickup,Puck,lamp_pier,carried,none,Oren,True,True,True,True
59,4,session-001,cinder_garden,Vale,basket hook,nearby-visible,Wren,shade_tent,shade_tent,none,none,True,True,True,True
60,4,session-001,lichen_bridge,Sol,ledger punch,carry-visible,Kio,carried,carried,Luma,Luma,True,True,False,True
61,4,session-001,orchid_engine,Bea,valve key,drop,Cai,engine_ring,gear_wash,none,none,True,True,True,True
62,4,session-001,moss_ward,Fay,loom hook,carry-visible,Milo,carried,carried,Fay,Fay,True,True,True,True
63,4,session-001,glass_harbor,Puck,rope gauge,nearby-visible,Sera,net_room,net_room,none,none,True,True,False,True
64,4,session-001,cinder_garden,Wren,shade mallet,carry-visible,Juno,carried,carried,Pax,Pax,True,True,False,True
65,4,session-001,lichen_bridge,Kio,bell file,pickup,Luma,signal_post,carried,none,Kio,True,True,True,True
66,4,session-001,orchid_engine,Cai,lamp tongs,nearby-visible,Dax,orchid_bay,orchid_bay,none,none,True,True,False,True
67,4,session-001,moss_ward,Milo,reed knife,carry-visible,Tala,carried,carried,Ari,Ari,True,True,False,True
68,4,session-001,glass_harbor,Sera,net shuttle,drop,Nia,net_room,fog_rail,none,none,True,True,True,True
69,4,session-001,cinder_garden,Juno,calendar stylus,nearby-visible,Pax,seed_shelf,seed_shelf,none,none,True,True,True,True
70,4,session-001,lichen_bridge,Luma,tension peg,nearby-visible,Rin,meal_room,meal_room,none,none,True,True,False,True
71,4,session-001,orchid_engine,Dax,gear brush,nearby-visible,Eli,engine_ring,engine_ring,none,none,True,True,False,True
72,5,session-001,glass_harbor,Puck,net shuttle,nearby-visible,Puck,fog_rail,fog_rail,none,none,True,True,False,True
73,5,session-001,cinder_garden,Wren,calendar stylus,nearby-visible,Wren,seed_shelf,seed_shelf,none,none,True,True,False,True
74,5,session-001,lichen_bridge,Kio,tension peg,nearby-visible,Kio,meal_room,meal_room,none,none,True,True,False,True
75,5,session-001,orchid_engine,Cai,gear brush,pickup,Cai,engine_ring,carried,none,Cai,True,True,True,True
76,5,session-001,moss_ward,Milo,ledger awl,nearby-visible,Milo,root_alcove,root_alcove,none,none,True,True,True,True
77,5,session-001,glass_harbor,Sera,wick clamp,carry-visible,Sera,carried,carried,Oren,Oren,True,True,False,True
78,5,session-001,cinder_garden,Juno,basket hook,drop,Juno,shade_tent,ash_path,none,none,True,True,True,True
79,5,session-001,lichen_bridge,Luma,ledger punch,carry-visible,Luma,carried,carried,Luma,Luma,True,True,True,True
80,5,session-001,orchid_engine,Dax,valve key,nearby-visible,Dax,gear_wash,gear_wash,none,none,True,True,False,True
81,5,session-001,moss_ward,Tala,loom hook,carry-visible,Tala,carried,carried,Fay,Fay,True,True,False,True
82,5,session-001,glass_harbor,Nia,rope gauge,pickup,Nia,net_room,carried,none,Nia,True,True,True,True
83,5,session-001,cinder_garden,Pax,shade mallet,carry-visible,Pax,carried,carried,Pax,Pax,True,True,True,True
84,5,session-001,lichen_bridge,Rin,bell file,carry-visible,Rin,carried,carried,Kio,Kio,True,True,False,True
85,5,session-001,orchid_engine,Eli,lamp tongs,drop,Eli,orchid_bay,orchid_bay,none,none,True,True,True,True
86,5,session-001,moss_ward,Ari,reed knife,carry-visible,Ari,carried,carried,Ari,Ari,True,True,True,True
87,5,session-001,glass_harbor,Oren,net shuttle,nearby-visible,Oren,fog_rail,fog_rail,none,none,True,True,False,True
88,5,session-001,cinder_garden,Vale,calendar stylus,nearby-visible,Vale,seed_shelf,seed_shelf,none,none,True,True,False,True
89,5,session-001,lichen_bridge,Sol,tension peg,pickup,Sol,meal_room,carried,none,Sol,True,True,True,True
90,6,session-001,moss_ward,Tala,reed knife,carry-visible,Milo,carried,carried,Ari,Ari,True,True,False,True
91,6,session-001,glass_harbor,Nia,net shuttle,nearby-visible,Sera,fog_rail,fog_rail,none,none,True,True,False,True
92,6,session-001,cinder_garden,Pax,calendar stylus,pickup,Juno,seed_shelf,carried,none,Pax,True,True,True,True
93,6,session-001,lichen_bridge,Rin,tension peg,carry-visible,Luma,carried,carried,Sol,Sol,True,True,False,True
94,6,session-001,orchid_engine,Eli,gear brush,carry-visible,Dax,carried,carried,Cai,Cai,True,True,False,True
95,6,session-001,moss_ward,Ari,ledger awl,drop,Tala,root_alcove,blanket_room,none,none,True,True,True,True
96,6,session-001,glass_harbor,Oren,wick clamp,carry-visible,Nia,carried,carried,Oren,Oren,True,True,True,True
97,6,session-001,cinder_garden,Vale,basket hook,nearby-visible,Pax,ash_path,ash_path,none,none,True,True,False,True
98,6,session-001,lichen_bridge,Sol,ledger punch,carry-visible,Rin,carried,carried,Luma,Luma,True,True,False,True
99,6,session-001,orchid_engine,Bea,valve key,pickup,Eli,gear_wash,carried,none,Bea,True,True,True,True
100,6,session-001,moss_ward,Fay,loom hook,carry-visible,Ari,carried,carried,Fay,Fay,True,True,True,True
101,6,session-001,glass_harbor,Puck,rope gauge,carry-visible,Oren,carried,carried,Nia,Nia,True,True,False,True
102,6,session-001,cinder_garden,Wren,shade mallet,drop,Vale,carried,shade_tent,Pax,none,True,True,True,True
103,6,session-001,lichen_bridge,Kio,bell file,carry-visible,Sol,carried,carried,Kio,Kio,True,True,True,True
104,6,session-001,orchid_engine,Cai,lamp tongs,nearby-visible,Bea,orchid_bay,orchid_bay,none,none,True,True,False,True
105,6,session-001,moss_ward,Milo,reed knife,carry-visible,Fay,carried,carried,Ari,Ari,True,True,False,True
106,6,session-001,glass_harbor,Sera,net shuttle,pickup,Puck,fog_rail,carried,none,Sera,True,True,True,True
107,6,session-001,cinder_garden,Juno,calendar stylus,carry-visible,Wren,carried,carried,Pax,Pax,True,True,False,True
108,7,session-002,orchid_engine,Bea,lamp tongs,nearby-visible,Dax,orchid_bay,orchid_bay,none,none,True,True,False,True
109,7,session-002,moss_ward,Fay,reed knife,pickup,Tala,carried,carried,Ari,Fay,True,True,True,True
110,7,session-002,glass_harbor,Puck,net shuttle,carry-visible,Nia,carried,carried,Sera,Sera,True,True,False,True
111,7,session-002,cinder_garden,Wren,calendar stylus,carry-visible,Pax,carried,carried,Pax,Pax,True,True,False,True
112,7,session-002,lichen_bridge,Kio,tension peg,drop,Rin,carried,signal_post,Sol,none,True,True,True,True
113,7,session-002,orchid_engine,Cai,gear brush,carry-visible,Eli,carried,carried,Cai,Cai,True,True,True,True
114,7,session-002,moss_ward,Milo,ledger awl,nearby-visible,Ari,blanket_room,blanket_room,none,none,True,True,False,True
115,7,session-002,glass_harbor,Sera,wick clamp,carry-visible,Oren,carried,carried,Oren,Oren,True,True,False,True
116,7,session-002,cinder_garden,Juno,basket hook,pickup,Vale,ash_path,carried,none,Juno,True,True,True,True
117,7,session-002,lichen_bridge,Luma,ledger punch,carry-visible,Sol,carried,carried,Luma,Luma,True,True,True,True
118,7,session-002,orchid_engine,Dax,valve key,carry-visible,Bea,carried,carried,Bea,Bea,True,True,False,True
119,7,session-002,moss_ward,Tala,loom hook,drop,Fay,carried,root_alcove,Fay,none,True,True,True,True
120,7,session-002,glass_harbor,Nia,rope gauge,carry-visible,Puck,carried,carried,Nia,Nia,True,True,True,True
121,7,session-002,cinder_garden,Pax,shade mallet,nearby-visible,Wren,shade_tent,shade_tent,none,none,True,True,False,True
122,7,session-002,lichen_bridge,Rin,bell file,carry-visible,Kio,carried,carried,Kio,Kio,True,True,False,True
123,7,session-002,orchid_engine,Eli,lamp tongs,pickup,Cai,orchid_bay,carried,none,Eli,True,True,True,True
124,7,session-002,moss_ward,Ari,reed knife,carry-visible,Milo,carried,carried,Fay,Fay,True,True,False,True
125,7,session-002,glass_harbor,Oren,net shuttle,carry-visible,Sera,carried,carried,Sera,Sera,True,True,False,True
126,8,session-002,lichen_bridge,Luma,bell file,pickup,Rin,carried,carried,Kio,Luma,True,True,True,True
127,8,session-002,orchid_engine,Dax,lamp tongs,carry-visible,Eli,carried,carried,Eli,Eli,True,True,False,True
128,8,session-002,moss_ward,Tala,reed knife,carry-visible,Ari,carried,carried,Fay,Fay,True,True,False,True
129,8,session-002,glass_harbor,Nia,net shuttle,drop,Oren,carried,net_room,Sera,none,True,True,True,True
130,8,session-002,cinder_garden,Pax,calendar stylus,carry-visible,Vale,carried,carried,Pax,Pax,True,True,True,True
131,8,session-002,lichen_bridge,Rin,tension peg,nearby-visible,Sol,signal_post,signal_post,none,none,True,True,False,True
132,8,session-002,orchid_engine,Eli,gear brush,carry-visible,Bea,carried,carried,Cai,Cai,True,True,False,True
133,8,session-002,moss_ward,Ari,ledger awl,pickup,Fay,blanket_room,carried,none,Ari,True,True,True,True
134,8,session-002,glass_harbor,Oren,wick clamp,carry-visible,Puck,carried,carried,Oren,Oren,True,True,True,True
135,8,session-002,cinder_garden,Vale,basket hook,carry-visible,Wren,carried,carried,Juno,Juno,True,True,False,True
136,8,session-002,lichen_bridge,Sol,ledger punch,drop,Kio,carried,meal_room,Luma,none,True,True,True,True
137,8,session-002,orchid_engine,Bea,valve key,carry-visible,Cai,carried,carried,Bea,Bea,True,True,True,True
138,8,session-002,moss_ward,Fay,loom hook,nearby-visible,Milo,root_alcove,root_alcove,none,none,True,True,False,True
139,8,session-002,glass_harbor,Puck,rope gauge,carry-visible,Sera,carried,carried,Nia,Nia,True,True,False,True
140,8,session-002,cinder_garden,Wren,shade mallet,pickup,Juno,shade_tent,carried,none,Wren,True,True,True,True
141,8,session-002,lichen_bridge,Kio,bell file,carry-visible,Luma,carried,carried,Luma,Luma,True,True,False,True
142,8,session-002,orchid_engine,Cai,lamp tongs,carry-visible,Dax,carried,carried,Eli,Eli,True,True,False,True
143,8,session-002,moss_ward,Milo,reed knife,drop,Tala,carried,rain_gate,Fay,none,True,True,True,True
144,9,session-002,cinder_garden,Vale,shade mallet,carry-visible,Vale,carried,carried,Wren,Wren,True,True,False,True
145,9,session-002,lichen_bridge,Sol,bell file,carry-visible,Sol,carried,carried,Luma,Luma,True,True,False,True
146,9,session-002,orchid_engine,Bea,lamp tongs,drop,Bea,carried,gear_wash,Eli,none,True,True,True,True
147,9,session-002,moss_ward,Fay,reed knife,nearby-visible,Fay,rain_gate,rain_gate,none,none,True,True,False,True
148,9,session-002,glass_harbor,Puck,net shuttle,nearby-visible,Puck,net_room,net_room,none,none,True,True,False,True
149,9,session-002,cinder_garden,Wren,calendar stylus,carry-visible,Wren,carried,carried,Pax,Pax,True,True,False,True
150,9,session-002,lichen_bridge,Kio,tension peg,pickup,Kio,signal_post,carried,none,Kio,True,True,True,True
151,9,session-002,orchid_engine,Cai,gear brush,carry-visible,Cai,carried,carried,Cai,Cai,True,True,True,True
152,9,session-002,moss_ward,Milo,ledger awl,carry-visible,Milo,carried,carried,Ari,Ari,True,True,False,True
153,9,session-002,glass_harbor,Sera,wick clamp,drop,Sera,carried,fog_rail,Oren,none,True,True,True,True
154,9,session-002,cinder_garden,Juno,basket hook,carry-visible,Juno,carried,carried,Juno,Juno,True,True,True,True
155,9,session-002,lichen_bridge,Luma,ledger punch,nearby-visible,Luma,meal_room,meal_room,none,none,True,True,False,True
156,9,session-002,orchid_engine,Dax,valve key,carry-visible,Dax,carried,carried,Bea,Bea,True,True,False,True
157,9,session-002,moss_ward,Tala,loom hook,pickup,Tala,root_alcove,carried,none,Tala,True,True,True,True
158,9,session-002,glass_harbor,Nia,rope gauge,carry-visible,Nia,carried,carried,Nia,Nia,True,True,True,True
159,9,session-002,cinder_garden,Pax,shade mallet,carry-visible,Pax,carried,carried,Wren,Wren,True,True,False,True
160,9,session-002,lichen_bridge,Rin,bell file,drop,Rin,carried,rope_bridge,Luma,none,True,True,True,True
161,9,session-002,orchid_engine,Eli,lamp tongs,nearby-visible,Eli,gear_wash,gear_wash,none,none,True,True,True,True
162,10,session-002,glass_harbor,Sera,rope gauge,carry-visible,Puck,carried,carried,Nia,Nia,True,True,False,True
163,10,session-002,cinder_garden,Juno,shade mallet,drop,Wren,carried,ash_path,Wren,none,True,True,True,True
164,10,session-002,lichen_bridge,Luma,bell file,nearby-visible,Kio,rope_bridge,rope_bridge,none,none,True,True,False,True
165,10,session-002,orchid_engine,Dax,lamp tongs,nearby-visible,Cai,gear_wash,gear_wash,none,none,True,True,False,True
166,10,session-002,moss_ward,Tala,reed knife,nearby-visible,Milo,rain_gate,rain_gate,none,none,True,True,False,True
167,10,session-002,glass_harbor,Nia,net shuttle,pickup,Sera,net_room,carried,none,Nia,True,True,True,True
168,10,session-002,cinder_garden,Pax,calendar stylus,carry-visible,Juno,carried,carried,Pax,Pax,True,True,True,True
169,10,session-002,lichen_bridge,Rin,tension peg,carry-visible,Luma,carried,carried,Kio,Kio,True,True,False,True
170,10,session-002,orchid_engine,Eli,gear brush,drop,Dax,carried,orchid_bay,Cai,none,True,True,True,True
171,10,session-002,moss_ward,Ari,ledger awl,carry-visible,Tala,carried,carried,Ari,Ari,True,True,True,True
172,10,session-002,glass_harbor,Oren,wick clamp,nearby-visible,Nia,fog_rail,fog_rail,none,none,True,True,False,True
173,10,session-002,cinder_garden,Vale,basket hook,carry-visible,Pax,carried,carried,Juno,Juno,True,True,False,True
174,10,session-002,lichen_bridge,Sol,ledger punch,pickup,Rin,meal_room,carried,none,Sol,True,True,True,True
175,10,session-002,orchid_engine,Bea,valve key,carry-visible,Eli,carried,carried,Bea,Bea,True,True,True,True
176,10,session-002,moss_ward,Fay,loom hook,carry-visible,Ari,carried,carried,Tala,Tala,True,True,False,True
177,10,session-002,glass_harbor,Puck,rope gauge,drop,Oren,carried,lamp_pier,Nia,none,True,True,True,True
178,10,session-002,cinder_garden,Wren,shade mallet,nearby-visible,Vale,ash_path,ash_path,none,none,True,True,True,True
179,10,session-002,lichen_bridge,Kio,bell file,nearby-visible,Sol,rope_bridge,rope_bridge,none,none,True,True,False,True
180,11,session-002,moss_ward,Ari,loom hook,drop,Milo,carried,blanket_room,Tala,none,True,True,True,True
181,11,session-002,glass_harbor,Oren,rope gauge,nearby-visible,Sera,lamp_pier,lamp_pier,none,none,True,True,False,True
182,11,session-002,cinder_garden,Vale,shade mallet,nearby-visible,Juno,ash_path,ash_path,none,none,True,True,False,True
183,11,session-002,lichen_bridge,Sol,bell file,nearby-visible,Luma,rope_bridge,rope_bridge,none,none,True,True,False,True
184,11,session-002,orchid_engine,Bea,lamp tongs,pickup,Dax,gear_wash,carried,none,Bea,True,True,True,True
185,11,session-002,moss_ward,Fay,reed knife,nearby-visible,Tala,rain_gate,rain_gate,none,none,True,True,True,True
186,11,session-002,glass_harbor,Puck,net shuttle,carry-visible,Nia,carried,carried,Nia,Nia,True,True,False,True
187,11,session-002,cinder_garden,Wren,calendar stylus,drop,Pax,carried,shade_tent,Pax,none,True,True,True,True
188,11,session-002,lichen_bridge,Kio,tension peg,carry-visible,Rin,carried,carried,Kio,Kio,True,True,True,True
189,11,session-002,orchid_engine,Cai,gear brush,nearby-visible,Eli,orchid_bay,orchid_bay,none,none,True,True,False,True
190,11,session-002,moss_ward,Milo,ledger awl,carry-visible,Ari,carried,carried,Ari,Ari,True,True,False,True
191,11,session-002,glass_harbor,Sera,wick clamp,pickup,Oren,fog_rail,carried,none,Sera,True,True,True,True
192,11,session-002,cinder_garden,Juno,basket hook,carry-visible,Vale,carried,carried,Juno,Juno,True,True,True,True
193,11,session-002,lichen_bridge,Luma,ledger punch,carry-visible,Sol,carried,carried,Sol,Sol,True,True,False,True
194,11,session-002,orchid_engine,Dax,valve key,drop,Bea,carried,engine_ring,Bea,none,True,True,True,True
195,11,session-002,moss_ward,Tala,loom hook,nearby-visible,Fay,blanket_room,blanket_room,none,none,True,True,True,True
196,11,session-002,glass_harbor,Nia,rope gauge,nearby-visible,Puck,lamp_pier,lamp_pier,none,none,True,True,False,True
197,11,session-002,cinder_garden,Pax,shade mallet,nearby-visible,Wren,ash_path,ash_path,none,none,True,True,False,True
198,12,session-002,orchid_engine,Cai,valve key,nearby-visible,Dax,engine_ring,engine_ring,none,none,True,True,False,True
199,12,session-002,moss_ward,Milo,loom hook,nearby-visible,Tala,blanket_room,blanket_room,none,none,True,True,False,True
200,12,session-002,glass_harbor,Sera,rope gauge,nearby-visible,Nia,lamp_pier,lamp_pier,none,none,True,True,False,True
201,12,session-002,cinder_garden,Juno,shade mallet,pickup,Pax,ash_path,carried,none,Juno,True,True,True,True
202,12,session-002,lichen_bridge,Luma,bell file,nearby-visible,Rin,rope_bridge,rope_bridge,none,none,True,True,True,True
203,12,session-002,orchid_engine,Dax,lamp tongs,carry-visible,Eli,carried,carried,Bea,Bea,True,True,False,True
204,12,session-002,moss_ward,Tala,reed knife,drop,Ari,rain_gate,root_alcove,none,none,True,True,True,True
205,12,session-002,glass_harbor,Nia,net shuttle,carry-visible,Oren,carried,carried,Nia,Nia,True,True,True,True
206,12,session-002,cinder_garden,Pax,calendar stylus,nearby-visible,Vale,shade_tent,shade_tent,none,none,True,True,False,True
207,12,session-002,lichen_bridge,Rin,tension peg,carry-visible,Sol,carried,carried,Kio,Kio,True,True,False,True
208,12,session-002,orchid_engine,Eli,gear brush,pickup,Bea,orchid_bay,carried,none,Eli,True,True,True,True
209,12,session-002,moss_ward,Ari,ledger awl,carry-visible,Fay,carried,carried,Ari,Ari,True,True,True,True
210,12,session-002,glass_harbor,Oren,wick clamp,carry-visible,Puck,carried,carried,Sera,Sera,True,True,False,True
211,12,session-002,cinder_garden,Vale,basket hook,drop,Wren,carried,seed_shelf,Juno,none,True,True,True,True
212,12,session-002,lichen_bridge,Sol,ledger punch,carry-visible,Kio,carried,carried,Sol,Sol,True,True,True,True
213,12,session-002,orchid_engine,Bea,valve key,nearby-visible,Cai,engine_ring,engine_ring,none,none,True,True,False,True
214,12,session-002,moss_ward,Fay,loom hook,nearby-visible,Milo,blanket_room,blanket_room,none,none,True,True,False,True
215,12,session-002,glass_harbor,Puck,rope gauge,pickup,Sera,lamp_pier,carried,none,Puck,True,True,True,True
216,13,session-003,lichen_bridge,Rin,ledger punch,carry-visible,Rin,carried,carried,Sol,Sol,True,True,False,True
217,13,session-003,orchid_engine,Eli,valve key,nearby-visible,Eli,engine_ring,engine_ring,none,none,True,True,False,True
218,13,session-003,moss_ward,Ari,loom hook,pickup,Ari,blanket_room,carried,none,Ari,True,True,True,True
219,13,session-003,glass_harbor,Oren,rope gauge,carry-visible,Oren,carried,carried,Puck,Puck,True,True,False,True
220,13,session-003,cinder_garden,Vale,shade mallet,carry-visible,Vale,carried,carried,Juno,Juno,True,True,False,True
221,13,session-003,lichen_bridge,Sol,bell file,drop,Sol,rope_bridge,meal_room,none,none,True,True,True,True
222,13,session-003,orchid_engine,Bea,lamp tongs,carry-visible,Bea,carried,carried,Bea,Bea,True,True,True,True
223,13,session-003,moss_ward,Fay,reed knife,nearby-visible,Fay,root_alcove,root_alcove,none,none,True,True,False,True
224,13,session-003,glass_harbor,Puck,net shuttle,carry-visible,Puck,carried,carried,Nia,Nia,True,True,False,True
225,13,session-003,cinder_garden,Wren,calendar stylus,pickup,Wren,shade_tent,carried,none,Wren,True,True,True,True
226,13,session-003,lichen_bridge,Kio,tension peg,carry-visible,Kio,carried,carried,Kio,Kio,True,True,True,True
227,13,session-003,orchid_engine,Cai,gear brush,carry-visible,Cai,carried,carried,Eli,Eli,True,True,False,True
228,13,session-003,moss_ward,Milo,ledger awl,drop,Milo,carried,rain_gate,Ari,none,True,True,True,True
229,13,session-003,glass_harbor,Sera,wick clamp,carry-visible,Sera,carried,carried,Sera,Sera,True,True,True,True
230,13,session-003,cinder_garden,Juno,basket hook,nearby-visible,Juno,seed_shelf,seed_shelf,none,none,True,True,False,True
231,13,session-003,lichen_bridge,Luma,ledger punch,carry-visible,Luma,carried,carried,Sol,Sol,True,True,False,True
232,13,session-003,orchid_engine,Dax,valve key,pickup,Dax,engine_ring,carried,none,Dax,True,True,True,True
233,13,session-003,moss_ward,Tala,loom hook,carry-visible,Tala,carried,carried,Ari,Ari,True,True,False,True
234,14,session-003,cinder_garden,Wren,basket hook,nearby-visible,Vale,seed_shelf,seed_shelf,none,none,True,True,False,True
235,14,session-003,lichen_bridge,Kio,ledger punch,pickup,Sol,carried,carried,Sol,Kio,True,True,True,True
236,14,session-003,orchid_engine,Cai,valve key,carry-visible,Bea,carried,carried,Dax,Dax,True,True,False,True
237,14,session-003,moss_ward,Milo,loom hook,carry-visible,Fay,carried,carried,Ari,Ari,True,True,False,True
238,14,session-003,glass_harbor,Sera,rope gauge,drop,Puck,carried,fog_rail,Puck,none,True,True,True,True
239,14,session-003,cinder_garden,Juno,shade mallet,carry-visible,Wren,carried,carried,Juno,Juno,True,True,True,True
240,14,session-003,lichen_bridge,Luma,bell file,nearby-visible,Kio,meal_room,meal_room,none,none,True,True,False,True
241,14,session-003,orchid_engine,Dax,lamp tongs,carry-visible,Cai,carried,carried,Bea,Bea,True,True,False,True
242,14,session-003,moss_ward,Tala,reed knife,pickup,Milo,root_alcove,carried,none,Tala,True,True,True,True
243,14,session-003,glass_harbor,Nia,net shuttle,carry-visible,Sera,carried,carried,Nia,Nia,True,True,True,True
244,14,session-003,cinder_garden,Pax,calendar stylus,carry-visible,Juno,carried,carried,Wren,Wren,True,True,False,True
245,14,session-003,lichen_bridge,Rin,tension peg,drop,Luma,carried,rope_bridge,Kio,none,True,True,True,True
246,14,session-003,orchid_engine,Eli,gear brush,carry-visible,Dax,carried,carried,Eli,Eli,True,True,True,True
247,14,session-003,moss_ward,Ari,ledger awl,nearby-visible,Tala,rain_gate,rain_gate,none,none,True,True,False,True
248,14,session-003,glass_harbor,Oren,wick clamp,carry-visible,Nia,carried,carried,Sera,Sera,True,True,False,True
249,14,session-003,cinder_garden,Vale,basket hook,pickup,Pax,seed_shelf,carried,none,Vale,True,True,True,True
250,14,session-003,lichen_bridge,Sol,ledger punch,carry-visible,Rin,carried,carried,Kio,Kio,True,True,False,True
251,14,session-003,orchid_engine,Bea,valve key,carry-visible,Eli,carried,carried,Dax,Dax,True,True,False,True
252,15,session-003,glass_harbor,Nia,wick clamp,pickup,Puck,carried,carried,Sera,Nia,True,True,True,True
253,15,session-003,cinder_garden,Pax,basket hook,carry-visible,Wren,carried,carried,Vale,Vale,True,True,False,True
254,15,session-003,lichen_bridge,Rin,ledger punch,carry-visible,Kio,carried,carried,Kio,Kio,True,True,False,True
255,15,session-003,orchid_engine,Eli,valve key,drop,Cai,carried,orchid_bay,Dax,none,True,True,True,True
256,15,session-003,moss_ward,Ari,loom hook,carry-visible,Milo,carried,carried,Ari,Ari,True,True,True,True
257,15,session-003,glass_harbor,Oren,rope gauge,nearby-visible,Sera,fog_rail,fog_rail,none,none,True,True,False,True
258,15,session-003,cinder_garden,Vale,shade mallet,carry-visible,Juno,carried,carried,Juno,Juno,True,True,False,True
259,15,session-003,lichen_bridge,Sol,bell file,pickup,Luma,meal_room,carried,none,Sol,True,True,True,True
260,15,session-003,orchid_engine,Bea,lamp tongs,carry-visible,Dax,carried,carried,Bea,Bea,True,True,True,True
261,15,session-003,moss_ward,Fay,reed knife,carry-visible,Tala,carried,carried,Tala,Tala,True,True,False,True
262,15,session-003,glass_harbor,Puck,net shuttle,drop,Nia,carried,lamp_pier,Nia,none,True,True,True,True
263,15,session-003,cinder_garden,Wren,calendar stylus,carry-visible,Pax,carried,carried,Wren,Wren,True,True,True,True
264,15,session-003,lichen_bridge,Kio,tension peg,nearby-visible,Rin,rope_bridge,rope_bridge,none,none,True,True,False,True
265,15,session-003,orchid_engine,Cai,gear brush,carry-visible,Eli,carried,carried,Eli,Eli,True,True,False,True
266,15,session-003,moss_ward,Milo,ledger awl,pickup,Ari,rain_gate,carried,none,Milo,True,True,True,True
267,15,session-003,glass_harbor,Sera,wick clamp,carry-visible,Oren,carried,carried,Nia,Nia,True,True,False,True
268,15,session-003,cinder_garden,Juno,basket hook,carry-visible,Vale,carried,carried,Vale,Vale,True,True,False,True
269,15,session-003,lichen_bridge,Luma,ledger punch,drop,Sol,carried,signal_post,Kio,none,True,True,True,True
270,16,session-003,moss_ward,Fay,ledger awl,carry-visible,Milo,carried,carried,Milo,Milo,True,True,False,True
271,16,session-003,glass_harbor,Puck,wick clamp,carry-visible,Sera,carried,carried,Nia,Nia,True,True,False,True
272,16,session-003,cinder_garden,Wren,basket hook,drop,Juno,carried,shade_tent,Vale,none,True,True,True,True
273,16,session-003,lichen_bridge,Kio,ledger punch,nearby-visible,Luma,signal_post,signal_post,none,none,True,True,False,True
274,16,session-003,orchid_engine,Cai,valve key,nearby-visible,Dax,orchid_bay,orchid_bay,none,none,True,True,False,True
275,16,session-003,moss_ward,Milo,loom hook,carry-visible,Tala,carried,carried,Ari,Ari,True,True,False,True
276,16,session-003,glass_harbor,Sera,rope gauge,pickup,Nia,fog_rail,carried,none,Sera,True,True,True,True
277,16,session-003,cinder_garden,Juno,shade mallet,carry-visible,Pax,carried,carried,Juno,Juno,True,True,True,True
278,16,session-003,lichen_bridge,Luma,bell file,carry-visible,Rin,carried,carried,Sol,Sol,True,True,False,True
279,16,session-003,orchid_engine,Dax,lamp tongs,drop,Eli,carried,engine_ring,Bea,none,True,True,True,True
280,16,session-003,moss_ward,Tala,reed knife,carry-visible,Ari,carried,carried,Tala,Tala,True,True,True,True
281,16,session-003,glass_harbor,Nia,net shuttle,nearby-visible,Oren,lamp_pier,lamp_pier,none,none,True,True,False,True
282,16,session-003,cinder_garden,Pax,calendar stylus,carry-visible,Vale,carried,carried,Wren,Wren,True,True,False,True
283,16,session-003,lichen_bridge,Rin,tension peg,pickup,Sol,rope_bridge,carried,none,Rin,True,True,True,True
284,16,session-003,orchid_engine,Eli,gear brush,carry-visible,Bea,carried,carried,Eli,Eli,True,True,True,True
285,16,session-003,moss_ward,Ari,ledger awl,carry-visible,Fay,carried,carried,Milo,Milo,True,True,False,True
286,16,session-003,glass_harbor,Oren,wick clamp,drop,Puck,carried,net_room,Nia,none,True,True,True,True
287,16,session-003,cinder_garden,Vale,basket hook,nearby-visible,Wren,shade_tent,shade_tent,none,none,True,True,True,True
288,17,session-003,orchid_engine,Dax,gear brush,carry-visible,Dax,carried,carried,Eli,Eli,True,True,False,True
289,17,session-003,moss_ward,Tala,ledger awl,drop,Tala,carried,root_alcove,Milo,none,True,True,True,True
290,17,session-003,glass_harbor,Nia,wick clamp,nearby-visible,Nia,net_room,net_room,none,none,True,True,False,True
291,17,session-003,cinder_garden,Pax,basket hook,nearby-visible,Pax,shade_tent,shade_tent,none,none,True,True,False,True
292,17,session-003,lichen_bridge,Rin,ledger punch,nearby-visible,Rin,signal_post,signal_post,none,none,True,True,False,True
293,17,session-003,orchid_engine,Eli,valve key,pickup,Eli,orchid_bay,carried,none,Eli,True,True,True,True
294,17,session-003,moss_ward,Ari,loom hook,carry-visible,Ari,carried,carried,Ari,Ari,True,True,True,True
295,17,session-003,glass_harbor,Oren,rope gauge,carry-visible,Oren,carried,carried,Sera,Sera,True,True,False,True
296,17,session-003,cinder_garden,Vale,shade mallet,drop,Vale,carried,seed_shelf,Juno,none,True,True,True,True
297,17,session-003,lichen_bridge,Sol,bell file,carry-visible,Sol,carried,carried,Sol,Sol,True,True,True,True
298,17,session-003,orchid_engine,Bea,lamp tongs,nearby-visible,Bea,engine_ring,engine_ring,none,none,True,True,False,True
299,17,session-003,moss_ward,Fay,reed knife,carry-visible,Fay,carried,carried,Tala,Tala,True,True,False,True
300,17,session-003,glass_harbor,Puck,net shuttle,pickup,Puck,lamp_pier,carried,none,Puck,True,True,True,True
301,17,session-003,cinder_garden,Wren,calendar stylus,carry-visible,Wren,carried,carried,Wren,Wren,True,True,True,True
302,17,session-003,lichen_bridge,Kio,tension peg,carry-visible,Kio,carried,carried,Rin,Rin,True,True,False,True
303,17,session-003,orchid_engine,Cai,gear brush,drop,Cai,carried,gear_wash,Eli,none,True,True,True,True
304,17,session-003,moss_ward,Milo,ledger awl,nearby-visible,Milo,root_alcove,root_alcove,none,none,True,True,True,True
305,17,session-003,glass_harbor,Sera,wick clamp,nearby-visible,Sera,net_room,net_room,none,none,True,True,False,True
306,18,session-003,lichen_bridge,Sol,tension peg,drop,Rin,carried,meal_room,Rin,none,True,True,True,True
307,18,session-003,orchid_engine,Bea,gear brush,nearby-visible,Eli,gear_wash,gear_wash,none,none,True,True,False,True
308,18,session-003,moss_ward,Fay,ledger awl,nearby-visible,Ari,root_alcove,root_alcove,none,none,True,True,False,True
309,18,session-003,glass_harbor,Puck,wick clamp,nearby-visible,Oren,net_room,net_room,none,none,True,True,False,True
310,18,session-003,cinder_garden,Wren,basket hook,pickup,Vale,shade_tent,carried,none,Wren,True,True,True,True
311,18,session-003,lichen_bridge,Kio,ledger punch,nearby-visible,Sol,signal_post,signal_post,none,none,True,True,True,True
312,18,session-003,orchid_engine,Cai,valve key,carry-visible,Bea,carried,carried,Eli,Eli,True,True,False,True
313,18,session-003,moss_ward,Milo,loom hook,drop,Fay,carried,rain_gate,Ari,none,True,True,True,True
314,18,session-003,glass_harbor,Sera,rope gauge,carry-visible,Puck,carried,carried,Sera,Sera,True,True,True,True
315,18,session-003,cinder_garden,Juno,shade mallet,nearby-visible,Wren,seed_shelf,seed_shelf,none,none,True,True,False,True
316,18,session-003,lichen_bridge,Luma,bell file,carry-visible,Kio,carried,carried,Sol,Sol,True,True,False,True
317,18,session-003,orchid_engine,Dax,lamp tongs,pickup,Cai,engine_ring,carried,none,Dax,True,True,True,True
318,18,session-003,moss_ward,Tala,reed knife,carry-visible,Milo,carried,carried,Tala,Tala,True,True,True,True
319,18,session-003,glass_harbor,Nia,net shuttle,carry-visible,Sera,carried,carried,Puck,Puck,True,True,False,True
320,18,session-003,cinder_garden,Pax,calendar stylus,drop,Juno,carried,ash_path,Wren,none,True,True,True,True
321,18,session-003,lichen_bridge,Rin,tension peg,nearby-visible,Luma,meal_room,meal_room,none,none,True,True,True,True
322,18,session-003,orchid_engine,Eli,gear brush,nearby-visible,Dax,gear_wash,gear_wash,none,none,True,True,False,True
323,18,session-003,moss_ward,Ari,ledger awl,nearby-visible,Tala,root_alcove,root_alcove,none,none,True,True,False,True
324,19,session-004,cinder_garden,Juno,calendar stylus,nearby-visible,Vale,ash_path,ash_path,none,none,True,True,False,True
325,19,session-004,lichen_bridge,Luma,tension peg,nearby-visible,Sol,meal_room,meal_room,none,none,True,True,False,True
326,19,session-004,orchid_engine,Dax,gear brush,nearby-visible,Bea,gear_wash,gear_wash,none,none,True,True,False,True
327,19,session-004,moss_ward,Tala,ledger awl,pickup,Fay,root_alcove,carried,none,Tala,True,True,True,True
328,19,session-004,glass_harbor,Nia,wick clamp,nearby-visible,Puck,net_room,net_room,none,none,True,True,True,True
329,19,session-004,cinder_garden,Pax,basket hook,carry-visible,Wren,carried,carried,Wren,Wren,True,True,False,True
330,19,session-004,lichen_bridge,Rin,ledger punch,drop,Kio,signal_post,rope_bridge,none,none,True,True,True,True
331,19,session-004,orchid_engine,Eli,valve key,carry-visible,Cai,carried,carried,Eli,Eli,True,True,True,True
332,19,session-004,moss_ward,Ari,loom hook,nearby-visible,Milo,rain_gate,rain_gate,none,none,True,True,False,True
333,19,session-004,glass_harbor,Oren,rope gauge,carry-visible,Sera,carried,carried,Sera,Sera,True,True,False,True
334,19,session-004,cinder_garden,Vale,shade mallet,pickup,Juno,seed_shelf,carried,none,Vale,True,True,True,True
335,19,session-004,lichen_bridge,Sol,bell file,carry-visible,Luma,carried,carried,Sol,Sol,True,True,True,True
336,19,session-004,orchid_engine,Bea,lamp tongs,carry-visible,Dax,carried,carried,Dax,Dax,True,True,False,True
337,19,session-004,moss_ward,Fay,reed knife,drop,Tala,carried,blanket_room,Tala,none,True,True,True,True
338,19,session-004,glass_harbor,Puck,net shuttle,carry-visible,Nia,carried,carried,Puck,Puck,True,True,True,True
339,19,session-004,cinder_garden,Wren,calendar stylus,nearby-visible,Pax,ash_path,ash_path,none,none,True,True,False,True
340,19,session-004,lichen_bridge,Kio,tension peg,nearby-visible,Rin,meal_room,meal_room,none,none,True,True,False,True
341,19,session-004,orchid_engine,Cai,gear brush,pickup,Eli,gear_wash,carried,none,Cai,True,True,True,True
342,20,session-004,glass_harbor,Oren,net shuttle,carry-visible,Puck,carried,carried,Puck,Puck,True,True,False,True
343,20,session-004,cinder_garden,Vale,calendar stylus,nearby-visible,Wren,ash_path,ash_path,none,none,True,True,False,True
344,20,session-004,lichen_bridge,Sol,tension peg,pickup,Kio,meal_room,carried,none,Sol,True,True,True,True
345,20,session-004,orchid_engine,Bea,gear brush,carry-visible,Cai,carried,carried,Cai,Cai,True,True,False,True
346,20,session-004,moss_ward,Fay,ledger awl,carry-visible,Milo,carried,carried,Tala,Tala,True,True,False,True
347,20,session-004,glass_harbor,Puck,wick clamp,drop,Sera,net_room,lamp_pier,none,none,True,True,True,True
348,20,session-004,cinder_garden,Wren,basket hook,carry-visible,Juno,carried,carried,Wren,Wren,True,True,True,True
349,20,session-004,lichen_bridge,Kio,ledger punch,nearby-visible,Luma,rope_bridge,rope_bridge,none,none,True,True,False,True
350,20,session-004,orchid_engine,Cai,valve key,carry-visible,Dax,carried,carried,Eli,Eli,True,True,False,True
351,20,session-004,moss_ward,Milo,loom hook,pickup,Tala,rain_gate,carried,none,Milo,True,True,True,True
352,20,session-004,glass_harbor,Sera,rope gauge,carry-visible,Nia,carried,carried,Sera,Sera,True,True,True,True
353,20,session-004,cinder_garden,Juno,shade mallet,carry-visible,Pax,carried,carried,Vale,Vale,True,True,False,True
354,20,session-004,lichen_bridge,Luma,bell file,drop,Rin,carried,signal_post,Sol,none,True,True,True,True
355,20,session-004,orchid_engine,Dax,lamp tongs,carry-visible,Eli,carried,carried,Dax,Dax,True,True,True,True
356,20,session-004,moss_ward,Tala,reed knife,nearby-visible,Ari,blanket_room,blanket_room,none,none,True,True,False,True
357,20,session-004,glass_harbor,Nia,net shuttle,carry-visible,Oren,carried,carried,Puck,Puck,True,True,False,True
358,20,session-004,cinder_garden,Pax,calendar stylus,pickup,Vale,ash_path,carried,none,Pax,True,True,True,True
359,20,session-004,lichen_bridge,Rin,tension peg,carry-visible,Sol,carried,carried,Sol,Sol,True,True,False,True
360,21,session-004,moss_ward,Milo,reed knife,nearby-visible,Milo,blanket_room,blanket_room,none,none,True,True,False,True
361,21,session-004,glass_harbor,Sera,net shuttle,pickup,Sera,carried,carried,Puck,Sera,True,True,True,True
362,21,session-004,cinder_garden,Juno,calendar stylus,carry-visible,Juno,carried,carried,Pax,Pax,True,True,False,True
363,21,session-004,lichen_bridge,Luma,tension peg,carry-visible,Luma,carried,carried,Sol,Sol,True,True,False,True
364,21,session-004,orchid_engine,Dax,gear brush,drop,Dax,carried,engine_ring,Cai,none,True,True,True,True
365,21,session-004,moss_ward,Tala,ledger awl,carry-visible,Tala,carried,carried,Tala,Tala,True,True,True,True
366,21,session-004,glass_harbor,Nia,wick clamp,nearby-visible,Nia,lamp_pier,lamp_pier,none,none,True,True,False,True
367,21,session-004,cinder_garden,Pax,basket hook,carry-visible,Pax,carried,carried,Wren,Wren,True,True,False,True
368,21,session-004,lichen_bridge,Rin,ledger punch,pickup,Rin,rope_bridge,carried,none,Rin,True,True,True,True
369,21,session-004,orchid_engine,Eli,valve key,carry-visible,Eli,carried,carried,Eli,Eli,True,True,True,True
370,21,session-004,moss_ward,Ari,loom hook,carry-visible,Ari,carried,carried,Milo,Milo,True,True,False,True
371,21,session-004,glass_harbor,Oren,rope gauge,drop,Oren,carried,net_room,Sera,none,True,True,True,True
372,21,session-004,cinder_garden,Vale,shade mallet,carry-visible,Vale,carried,carried,Vale,Vale,True,True,True,True
373,21,session-004,lichen_bridge,Sol,bell file,nearby-visible,Sol,signal_post,signal_post,none,none,True,True,False,True
374,21,session-004,orchid_engine,Bea,lamp tongs,carry-visible,Bea,carried,carried,Dax,Dax,True,True,False,True
375,21,session-004,moss_ward,Fay,reed knife,pickup,Fay,blanket_room,carried,none,Fay,True,True,True,True
376,21,session-004,glass_harbor,Puck,net shuttle,carry-visible,Puck,carried,carried,Sera,Sera,True,True,False,True
377,21,session-004,cinder_garden,Wren,calendar stylus,carry-visible,Wren,carried,carried,Pax,Pax,True,True,False,True
378,22,session-004,orchid_engine,Eli,lamp tongs,pickup,Dax,carried,carried,Dax,Eli,True,True,True,True
379,22,session-004,moss_ward,Ari,reed knife,carry-visible,Tala,carried,carried,Fay,Fay,True,True,False,True
380,22,session-004,glass_harbor,Oren,net shuttle,carry-visible,Nia,carried,carried,Sera,Sera,True,True,False,True
381,22,session-004,cinder_garden,Vale,calendar stylus,drop,Pax,carried,seed_shelf,Pax,none,True,True,True,True
382,22,session-004,lichen_bridge,Sol,tension peg,carry-visible,Rin,carried,carried,Sol,Sol,True,True,True,True
383,22,session-004,orchid_engine,Bea,gear brush,nearby-visible,Eli,engine_ring,engine_ring,none,none,True,True,False,True
384,22,session-004,moss_ward,Fay,ledger awl,carry-visible,Ari,carried,carried,Tala,Tala,True,True,False,True
385,22,session-004,glass_harbor,Puck,wick clamp,pickup,Oren,lamp_pier,carried,none,Puck,True,True,True,True
386,22,session-004,cinder_garden,Wren,basket hook,carry-visible,Vale,carried,carried,Wren,Wren,True,True,True,True
387,22,session-004,lichen_bridge,Kio,ledger punch,carry-visible,Sol,carried,carried,Rin,Rin,True,True,False,True
388,22,session-004,orchid_engine,Cai,valve key,drop,Bea,carried,gear_wash,Eli,none,True,True,True,True
389,22,session-004,moss_ward,Milo,loom hook,carry-visible,Fay,carried,carried,Milo,Milo,True,True,True,True
390,22,session-004,glass_harbor,Sera,rope gauge,nearby-visible,Puck,net_room,net_room,none,none,True,True,False,True
391,22,session-004,cinder_garden,Juno,shade mallet,carry-visible,Wren,carried,carried,Vale,Vale,True,True,False,True
392,22,session-004,lichen_bridge,Luma,bell file,pickup,Kio,signal_post,carried,none,Luma,True,True,True,True
393,22,session-004,orchid_engine,Dax,lamp tongs,carry-visible,Cai,carried,carried,Eli,Eli,True,True,False,True
394,22,session-004,moss_ward,Tala,reed knife,carry-visible,Milo,carried,carried,Fay,Fay,True,True,False,True
395,22,session-004,glass_harbor,Nia,net shuttle,drop,Sera,carried,fog_rail,Sera,none,True,True,True,True
396,23,session-004,lichen_bridge,Kio,bell file,carry-visible,Rin,carried,carried,Luma,Luma,True,True,False,True
397,23,session-004,orchid_engine,Cai,lamp tongs,carry-visible,Eli,carried,carried,Eli,Eli,True,True,False,True
398,23,session-004,moss_ward,Milo,reed knife,drop,Ari,carried,rain_gate,Fay,none,True,True,True,True
399,23,session-004,glass_harbor,Sera,net shuttle,nearby-visible,Oren,fog_rail,fog_rail,none,none,True,True,False,True
400,23,session-004,cinder_garden,Juno,calendar stylus,nearby-visible,Vale,seed_shelf,seed_shelf,none,none,True,True,False,True
401,23,session-004,lichen_bridge,Luma,tension peg,carry-visible,Sol,carried,carried,Sol,Sol,True,True,False,True
402,23,session-004,orchid_engine,Dax,gear brush,pickup,Bea,engine_ring,carried,none,Dax,True,True,True,True
403,23,session-004,moss_ward,Tala,ledger awl,carry-visible,Fay,carried,carried,Tala,Tala,True,True,True,True
404,23,session-004,glass_harbor,Nia,wick clamp,carry-visible,Puck,carried,carried,Puck,Puck,True,True,False,True
405,23,session-004,cinder_garden,Pax,basket hook,drop,Wren,carried,ash_path,Wren,none,True,True,True,True
406,23,session-004,lichen_bridge,Rin,ledger punch,carry-visible,Kio,carried,carried,Rin,Rin,True,True,True,True
407,23,session-004,orchid_engine,Eli,valve key,nearby-visible,Cai,gear_wash,gear_wash,none,none,True,True,False,True
408,23,session-004,moss_ward,Ari,loom hook,carry-visible,Milo,carried,carried,Milo,Milo,True,True,False,True
409,23,session-004,glass_harbor,Oren,rope gauge,pickup,Sera,net_room,carried,none,Oren,True,True,True,True
410,23,session-004,cinder_garden,Vale,shade mallet,carry-visible,Juno,carried,carried,Vale,Vale,True,True,True,True
411,23,session-004,lichen_bridge,Sol,bell file,carry-visible,Luma,carried,carried,Luma,Luma,True,True,False,True
412,23,session-004,orchid_engine,Bea,lamp tongs,drop,Dax,carried,orchid_bay,Eli,none,True,True,True,True
413,23,session-004,moss_ward,Fay,reed knife,nearby-visible,Tala,rain_gate,rain_gate,none,none,True,True,True,True
414,24,session-004,cinder_garden,Pax,shade mallet,carry-visible,Vale,carried,carried,Vale,Vale,True,True,False,True
415,24,session-004,lichen_bridge,Rin,bell file,drop,Sol,carried,rope_bridge,Luma,none,True,True,True,True
416,24,session-004,orchid_engine,Eli,lamp tongs,nearby-visible,Bea,orchid_bay,orchid_bay,none,none,True,True,False,True
417,24,session-004,moss_ward,Ari,reed knife,nearby-visible,Fay,rain_gate,rain_gate,none,none,True,True,False,True
418,24,session-004,glass_harbor,Oren,net shuttle,nearby-visible,Puck,fog_rail,fog_rail,none,none,True,True,False,True
419,24,session-004,cinder_garden,Vale,calendar stylus,pickup,Wren,seed_shelf,carried,none,Vale,True,True,True,True
420,24,session-004,lichen_bridge,Sol,tension peg,carry-visible,Kio,carried,carried,Sol,Sol,True,True,True,True
421,24,session-004,orchid_engine,Bea,gear brush,carry-visible,Cai,carried,carried,Dax,Dax,True,True,False,True
422,24,session-004,moss_ward,Fay,ledger awl,drop,Milo,carried,blanket_room,Tala,none,True,True,True,True
423,24,session-004,glass_harbor,Puck,wick clamp,carry-visible,Sera,carried,carried,Puck,Puck,True,True,True,True
424,24,session-004,cinder_garden,Wren,basket hook,nearby-visible,Juno,ash_path,ash_path,none,none,True,True,False,True
425,24,session-004,lichen_bridge,Kio,ledger punch,carry-visible,Luma,carried,carried,Rin,Rin,True,True,False,True
426,24,session-004,orchid_engine,Cai,valve key,pickup,Dax,gear_wash,carried,none,Cai,True,True,True,True
427,24,session-004,moss_ward,Milo,loom hook,carry-visible,Tala,carried,carried,Milo,Milo,True,True,True,True
428,24,session-004,glass_harbor,Sera,rope gauge,carry-visible,Nia,carried,carried,Oren,Oren,True,True,False,True
429,24,session-004,cinder_garden,Juno,shade mallet,drop,Pax,carried,shade_tent,Vale,none,True,True,True,True
430,24,session-004,lichen_bridge,Luma,bell file,nearby-visible,Rin,rope_bridge,rope_bridge,none,none,True,True,True,True
431,24,session-004,orchid_engine,Dax,lamp tongs,nearby-visible,Eli,orchid_bay,orchid_bay,none,none,True,True,False,True
432,25,session-005,glass_harbor,Puck,rope gauge,drop,Puck,carried,lamp_pier,Oren,none,True,True,True,True
433,25,session-005,cinder_garden,Wren,shade mallet,nearby-visible,Wren,shade_tent,shade_tent,none,none,True,True,False,True
434,25,session-005,lichen_bridge,Kio,bell file,nearby-visible,Kio,rope_bridge,rope_bridge,none,none,True,True,False,True
435,25,session-005,orchid_engine,Cai,lamp tongs,nearby-visible,Cai,orchid_bay,orchid_bay,none,none,True,True,False,True
436,25,session-005,moss_ward,Milo,reed knife,pickup,Milo,rain_gate,carried,none,Milo,True,True,True,True
437,25,session-005,glass_harbor,Sera,net shuttle,nearby-visible,Sera,fog_rail,fog_rail,none,none,True,True,True,True
438,25,session-005,cinder_garden,Juno,calendar stylus,carry-visible,Juno,carried,carried,Vale,Vale,True,True,False,True
439,25,session-005,lichen_bridge,Luma,tension peg,drop,Luma,carried,signal_post,Sol,none,True,True,True,True
440,25,session-005,orchid_engine,Dax,gear brush,carry-visible,Dax,carried,carried,Dax,Dax,True,True,True,True
441,25,session-005,moss_ward,Tala,ledger awl,nearby-visible,Tala,blanket_room,blanket_room,none,none,True,True,False,True
442,25,session-005,glass_harbor,Nia,wick clamp,carry-visible,Nia,carried,carried,Puck,Puck,True,True,False,True
443,25,session-005,cinder_garden,Pax,basket hook,pickup,Pax,ash_path,carried,none,Pax,True,True,True,True
444,25,session-005,lichen_bridge,Rin,ledger punch,carry-visible,Rin,carried,carried,Rin,Rin,True,True,True,True
445,25,session-005,orchid_engine,Eli,valve key,carry-visible,Eli,carried,carried,Cai,Cai,True,True,False,True
446,25,session-005,moss_ward,Ari,loom hook,drop,Ari,carried,root_alcove,Milo,none,True,True,True,True
447,25,session-005,glass_harbor,Oren,rope gauge,nearby-visible,Oren,lamp_pier,lamp_pier,none,none,True,True,True,True
448,25,session-005,cinder_garden,Vale,shade mallet,nearby-visible,Vale,shade_tent,shade_tent,none,none,True,True,False,True
449,25,session-005,lichen_bridge,Sol,bell file,nearby-visible,Sol,rope_bridge,rope_bridge,none,none,True,True,False,True
450,26,session-005,moss_ward,Tala,loom hook,nearby-visible,Milo,root_alcove,root_alcove,none,none,True,True,False,True
451,26,session-005,glass_harbor,Nia,rope gauge,nearby-visible,Sera,lamp_pier,lamp_pier,none,none,True,True,False,True
452,26,session-005,cinder_garden,Pax,shade mallet,nearby-visible,Juno,shade_tent,shade_tent,none,none,True,True,False,True
453,26,session-005,lichen_bridge,Rin,bell file,pickup,Luma,rope_bridge,carried,none,Rin,True,True,True,True
454,26,session-005,orchid_engine,Eli,lamp tongs,nearby-visible,Dax,orchid_bay,orchid_bay,none,none,True,True,True,True
455,26,session-005,moss_ward,Ari,reed knife,carry-visible,Tala,carried,carried,Milo,Milo,True,True,False,True
456,26,session-005,glass_harbor,Oren,net shuttle,drop,Nia,fog_rail,net_room,none,none,True,True,True,True
457,26,session-005,cinder_garden,Vale,calendar stylus,carry-visible,Pax,carried,carried,Vale,Vale,True,True,True,True
458,26,session-005,lichen_bridge,Sol,tension peg,nearby-visible,Rin,signal_post,signal_post,none,none,True,True,False,True
459,26,session-005,orchid_engine,Bea,gear brush,carry-visible,Eli,carried,carried,Dax,Dax,True,True,False,True
460,26,session-005,moss_ward,Fay,ledger awl,pickup,Ari,blanket_room,carried,none,Fay,True,True,True,True
461,26,session-005,glass_harbor,Puck,wick clamp,carry-visible,Oren,carried,carried,Puck,Puck,True,True,True,True
462,26,session-005,cinder_garden,Wren,basket hook,carry-visible,Vale,carried,carried,Pax,Pax,True,True,False,True
463,26,session-005,lichen_bridge,Kio,ledger punch,drop,Sol,carried,meal_room,Rin,none,True,True,True,True
464,26,session-005,orchid_engine,Cai,valve key,carry-visible,Bea,carried,carried,Cai,Cai,True,True,True,True
465,26,session-005,moss_ward,Milo,loom hook,nearby-visible,Fay,root_alcove,root_alcove,none,none,True,True,False,True
466,26,session-005,glass_harbor,Sera,rope gauge,nearby-visible,Puck,lamp_pier,lamp_pier,none,none,True,True,False,True
467,26,session-005,cinder_garden,Juno,shade mallet,pickup,Wren,shade_tent,carried,none,Juno,True,True,True,True
468,27,session-005,orchid_engine,Bea,valve key,carry-visible,Dax,carried,carried,Cai,Cai,True,True,False,True
469,27,session-005,moss_ward,Fay,loom hook,nearby-visible,Tala,root_alcove,root_alcove,none,none,True,True,False,True
470,27,session-005,glass_harbor,Puck,rope gauge,pickup,Nia,lamp_pier,carried,none,Puck,True,True,True,True
471,27,session-005,cinder_garden,Wren,shade mallet,carry-visible,Pax,carried,carried,Juno,Juno,True,True,False,True
472,27,session-005,lichen_bridge,Kio,bell file,carry-visible,Rin,carried,carried,Rin,Rin,True,True,False,True
473,27,session-005,orchid_engine,Cai,lamp tongs,drop,Eli,orchid_bay,gear_wash,none,none,True,True,True,True
474,27,session-005,moss_ward,Milo,reed knife,carry-visible,Ari,carried,carried,Milo,Milo,True,True,True,True
475,27,session-005,glass_harbor,Sera,net shuttle,nearby-visible,Oren,net_room,net_room,none,none,True,True,False,True
476,27,session-005,cinder_garden,Juno,calendar stylus,carry-visible,Vale,carried,carried,Vale,Vale,True,True,False,True
477,27,session-005,lichen_bridge,Luma,tension peg,pickup,Sol,signal_post,carried,none,Luma,True,True,True,True
478,27,session-005,orchid_engine,Dax,gear brush,carry-visible,Bea,carried,carried,Dax,Dax,True,True,True,True
479,27,session-005,moss_ward,Tala,ledger awl,carry-visible,Fay,carried,carried,Fay,Fay,True,True,False,True
480,27,session-005,glass_harbor,Nia,wick clamp,drop,Puck,carried,fog_rail,Puck,none,True,True,True,True
481,27,session-005,cinder_garden,Pax,basket hook,carry-visible,Wren,carried,carried,Pax,Pax,True,True,True,True
482,27,session-005,lichen_bridge,Rin,ledger punch,nearby-visible,Kio,meal_room,meal_room,none,none,True,True,False,True
483,27,session-005,orchid_engine,Eli,valve key,carry-visible,Cai,carried,carried,Cai,Cai,True,True,False,True
484,27,session-005,moss_ward,Ari,loom hook,pickup,Milo,root_alcove,carried,none,Ari,True,True,True,True
485,27,session-005,glass_harbor,Oren,rope gauge,carry-visible,Sera,carried,carried,Puck,Puck,True,True,False,True
486,28,session-005,lichen_bridge,Luma,ledger punch,nearby-visible,Rin,meal_room,meal_room,none,none,True,True,False,True
487,28,session-005,orchid_engine,Dax,valve key,pickup,Eli,carried,carried,Cai,Dax,True,True,True,True
488,28,session-005,moss_ward,Tala,loom hook,carry-visible,Ari,carried,carried,Ari,Ari,True,True,False,True
489,28,session-005,glass_harbor,Nia,rope gauge,carry-visible,Oren,carried,carried,Puck,Puck,True,True,False,True
490,28,session-005,cinder_garden,Pax,shade mallet,drop,Vale,carried,ash_path,Juno,none,True,True,True,True
491,28,session-005,lichen_bridge,Rin,bell file,carry-visible,Sol,carried,carried,Rin,Rin,True,True,True,True
492,28,session-005,orchid_engine,Eli,lamp tongs,nearby-visible,Bea,gear_wash,gear_wash,none,none,True,True,False,True
493,28,session-005,moss_ward,Ari,reed knife,carry-visible,Fay,carried,carried,Milo,Milo,True,True,False,True
494,28,session-005,glass_harbor,Oren,net shuttle,pickup,Puck,net_room,carried,none,Oren,True,True,True,True
495,28,session-005,cinder_garden,Vale,calendar stylus,carry-visible,Wren,carried,carried,Vale,Vale,True,True,True,True
496,28,session-005,lichen_bridge,Sol,tension peg,carry-visible,Kio,carried,carried,Luma,Luma,True,True,False,True
497,28,session-005,orchid_engine,Bea,gear brush,drop,Cai,carried,orchid_bay,Dax,none,True,True,True,True
498,28,session-005,moss_ward,Fay,ledger awl,carry-visible,Milo,carried,carried,Fay,Fay,True,True,True,True
499,28,session-005,glass_harbor,Puck,wick clamp,nearby-visible,Sera,fog_rail,fog_rail,none,none,True,True,False,True
500,28,session-005,cinder_garden,Wren,basket hook,carry-visible,Juno,carried,carried,Pax,Pax,True,True,False,True
501,28,session-005,lichen_bridge,Kio,ledger punch,pickup,Luma,meal_room,carried,none,Kio,True,True,True,True
502,28,session-005,orchid_engine,Cai,valve key,carry-visible,Dax,carried,carried,Dax,Dax,True,True,False,True
503,28,session-005,moss_ward,Milo,loom hook,carry-visible,Tala,carried,carried,Ari,Ari,True,True,False,True
504,29,session-005,cinder_garden,Vale,basket hook,pickup,Vale,carried,carried,Pax,Vale,True,True,True,True
505,29,session-005,lichen_bridge,Sol,ledger punch,carry-visible,Sol,carried,carried,Kio,Kio,True,True,False,True
506,29,session-005,orchid_engine,Bea,valve key,carry-visible,Bea,carried,carried,Dax,Dax,True,True,False,True
507,29,session-005,moss_ward,Fay,loom hook,drop,Fay,carried,blanket_room,Ari,none,True,True,True,True
508,29,session-005,glass_harbor,Puck,rope gauge,carry-visible,Puck,carried,carried,Puck,Puck,True,True,True,True
509,29,session-005,cinder_garden,Wren,shade mallet,nearby-visible,Wren,ash_path,ash_path,none,none,True,True,False,True
510,29,session-005,lichen_bridge,Kio,bell file,carry-visible,Kio,carried,carried,Rin,Rin,True,True,False,True
511,29,session-005,orchid_engine,Cai,lamp tongs,pickup,Cai,gear_wash,carried,none,Cai,True,True,True,True
512,29,session-005,moss_ward,Milo,reed knife,carry-visible,Milo,carried,carried,Milo,Milo,True,True,True,True
513,29,session-005,glass_harbor,Sera,net shuttle,carry-visible,Sera,carried,carried,Oren,Oren,True,True,False,True
514,29,session-005,cinder_garden,Juno,calendar stylus,drop,Juno,carried,shade_tent,Vale,none,True,True,True,True
515,29,session-005,lichen_bridge,Luma,tension peg,carry-visible,Luma,carried,carried,Luma,Luma,True,True,True,True
516,29,session-005,orchid_engine,Dax,gear brush,nearby-visible,Dax,orchid_bay,orchid_bay,none,none,True,True,False,True
517,29,session-005,moss_ward,Tala,ledger awl,carry-visible,Tala,carried,carried,Fay,Fay,True,True,False,True
518,29,session-005,glass_harbor,Nia,wick clamp,pickup,Nia,fog_rail,carried,none,Nia,True,True,True,True
519,29,session-005,cinder_garden,Pax,basket hook,carry-visible,Pax,carried,carried,Vale,Vale,True,True,False,True
520,29,session-005,lichen_bridge,Rin,ledger punch,carry-visible,Rin,carried,carried,Kio,Kio,True,True,False,True
521,29,session-005,orchid_engine,Eli,valve key,drop,Eli,carried,engine_ring,Dax,none,True,True,True,True
522,30,session-005,glass_harbor,Sera,wick clamp,carry-visible,Puck,carried,carried,Nia,Nia,True,True,False,True
523,30,session-005,cinder_garden,Juno,basket hook,carry-visible,Wren,carried,carried,Vale,Vale,True,True,False,True
524,30,session-005,lichen_bridge,Luma,ledger punch,drop,Kio,carried,signal_post,Kio,none,True,True,True,True
525,30,session-005,orchid_engine,Dax,valve key,nearby-visible,Cai,engine_ring,engine_ring,none,none,True,True,False,True
526,30,session-005,moss_ward,Tala,loom hook,nearby-visible,Milo,blanket_room,blanket_room,none,none,True,True,False,True
527,30,session-005,glass_harbor,Nia,rope gauge,carry-visible,Sera,carried,carried,Puck,Puck,True,True,False,True
528,30,session-005,cinder_garden,Pax,shade mallet,pickup,Juno,ash_path,carried,none,Pax,True,True,True,True
529,30,session-005,lichen_bridge,Rin,bell file,carry-visible,Luma,carried,carried,Rin,Rin,True,True,True,True
530,30,session-005,orchid_engine,Eli,lamp tongs,carry-visible,Dax,carried,carried,Cai,Cai,True,True,False,True
531,30,session-005,moss_ward,Ari,reed knife,drop,Tala,carried,root_alcove,Milo,none,True,True,True,True
532,30,session-005,glass_harbor,Oren,net shuttle,carry-visible,Nia,carried,carried,Oren,Oren,True,True,True,True
533,30,session-005,cinder_garden,Vale,calendar stylus,nearby-visible,Pax,shade_tent,shade_tent,none,none,True,True,False,True
534,30,session-005,lichen_bridge,Sol,tension peg,carry-visible,Rin,carried,carried,Luma,Luma,True,True,False,True
535,30,session-005,orchid_engine,Bea,gear brush,pickup,Eli,orchid_bay,carried,none,Bea,True,True,True,True
536,30,session-005,moss_ward,Fay,ledger awl,carry-visible,Ari,carried,carried,Fay,Fay,True,True,True,True
537,30,session-005,glass_harbor,Puck,wick clamp,carry-visible,Oren,carried,carried,Nia,Nia,True,True,False,True
538,30,session-005,cinder_garden,Wren,basket hook,drop,Vale,carried,seed_shelf,Vale,none,True,True,True,True
539,30,session-005,lichen_bridge,Kio,ledger punch,nearby-visible,Sol,signal_post,signal_post,none,none,True,True,True,True
540,31,session-006,moss_ward,Ari,ledger awl,carry-visible,Milo,carried,carried,Fay,Fay,True,True,False,True
541,31,session-006,glass_harbor,Oren,wick clamp,drop,Sera,carried,net_room,Nia,none,True,True,True,True
542,31,session-006,cinder_garden,Vale,basket hook,nearby-visible,Juno,seed_shelf,seed_shelf,none,none,True,True,False,True
543,31,session-006,lichen_bridge,Sol,ledger punch,nearby-visible,Luma,signal_post,signal_post,none,none,True,True,False,True
544,31,session-006,orchid_engine,Bea,valve key,nearby-visible,Dax,engine_ring,engine_ring,none,none,True,True,False,True
545,31,session-006,moss_ward,Fay,loom hook,pickup,Tala,blanket_room,carried,none,Fay,True,True,True,True
546,31,session-006,glass_harbor,Puck,rope gauge,carry-visible,Nia,carried,carried,Puck,Puck,True,True,True,True
547,31,session-006,cinder_garden,Wren,shade mallet,carry-visible,Pax,carried,carried,Pax,Pax,True,True,False,True
548,31,session-006,lichen_bridge,Kio,bell file,drop,Rin,carried,meal_room,Rin,none,True,True,True,True
549,31,session-006,orchid_engine,Cai,lamp tongs,carry-visible,Eli,carried,carried,Cai,Cai,True,True,True,True
550,31,session-006,moss_ward,Milo,reed knife,nearby-visible,Ari,root_alcove,root_alcove,none,none,True,True,False,True
551,31,session-006,glass_harbor,Sera,net shuttle,carry-visible,Oren,carried,carried,Oren,Oren,True,True,False,True
552,31,session-006,cinder_garden,Juno,calendar stylus,pickup,Vale,shade_tent,carried,none,Juno,True,True,True,True
553,31,session-006,lichen_bridge,Luma,tension peg,carry-visible,Sol,carried,carried,Luma,Luma,True,True,True,True
554,31,session-006,orchid_engine,Dax,gear brush,carry-visible,Bea,carried,carried,Bea,Bea,True,True,False,True
555,31,session-006,moss_ward,Tala,ledger awl,drop,Fay,carried,rain_gate,Fay,none,True,True,True,True
556,31,session-006,glass_harbor,Nia,wick clamp,nearby-visible,Puck,net_room,net_room,none,none,True,True,True,True
557,31,session-006,cinder_garden,Pax,basket hook,nearby-visible,Wren,seed_shelf,seed_shelf,none,none,True,True,False,True
558,32,session-006,orchid_engine,Cai,gear brush,drop,Dax,carried,gear_wash,Bea,none,True,True,True,True
559,32,session-006,moss_ward,Milo,ledger awl,nearby-visible,Tala,rain_gate,rain_gate,none,none,True,True,False,True
560,32,session-006,glass_harbor,Sera,wick clamp,nearby-visible,Nia,net_room,net_room,none,none,True,True,False,True
561,32,session-006,cinder_garden,Juno,basket hook,nearby-visible,Pax,seed_shelf,seed_shelf,none,none,True,True,False,True
562,32,session-006,lichen_bridge,Luma,ledger punch,pickup,Rin,signal_post,carried,none,Luma,True,True,True,True
563,32,session-006,orchid_engine,Dax,valve key,nearby-visible,Eli,engine_ring,engine_ring,none,none,True,True,True,True
564,32,session-006,moss_ward,Tala,loom hook,carry-visible,Ari,carried,carried,Fay,Fay,True,True,False,True
565,32,session-006,glass_harbor,Nia,rope gauge,drop,Oren,carried,fog_rail,Puck,none,True,True,True,True
566,32,session-006,cinder_garden,Pax,shade mallet,carry-visible,Vale,carried,carried,Pax,Pax,True,True,True,True
567,32,session-006,lichen_bridge,Rin,bell file,nearby-visible,Sol,meal_room,meal_room,none,none,True,True,False,True
568,32,session-006,orchid_engine,Eli,lamp tongs,carry-visible,Bea,carried,carried,Cai,Cai,True,True,False,True
569,32,session-006,moss_ward,Ari,reed knife,pickup,Fay,root_alcove,carried,none,Ari,True,True,True,True
570,32,session-006,glass_harbor,Oren,net shuttle,carry-visible,Puck,carried,carried,Oren,Oren,True,True,True,True
571,32,session-006,cinder_garden,Vale,calendar stylus,carry-visible,Wren,carried,carried,Juno,Juno,True,True,False,True
572,32,session-006,lichen_bridge,Sol,tension peg,drop,Kio,carried,rope_bridge,Luma,none,True,True,True,True
573,32,session-006,orchid_engine,Bea,gear brush,nearby-visible,Cai,gear_wash,gear_wash,none,none,True,True,True,True
574,32,session-006,moss_ward,Fay,ledger awl,nearby-visible,Milo,rain_gate,rain_gate,none,none,True,True,False,True
575,32,session-006,glass_harbor,Puck,wick clamp,nearby-visible,Sera,net_room,net_room,none,none,True,True,False,True
576,33,session-006,lichen_bridge,Rin,tension peg,nearby-visible,Rin,rope_bridge,rope_bridge,none,none,True,True,False,True
577,33,session-006,orchid_engine,Eli,gear brush,nearby-visible,Eli,gear_wash,gear_wash,none,none,True,True,False,True
578,33,session-006,moss_ward,Ari,ledger awl,nearby-visible,Ari,rain_gate,rain_gate,none,none,True,True,False,True
579,33,session-006,glass_harbor,Oren,wick clamp,pickup,Oren,net_room,carried,none,Oren,True,True,True,True
580,33,session-006,cinder_garden,Vale,basket hook,nearby-visible,Vale,seed_shelf,seed_shelf,none,none,True,True,True,True
581,33,session-006,lichen_bridge,Sol,ledger punch,carry-visible,Sol,carried,carried,Luma,Luma,True,True,False,True
582,33,session-006,orchid_engine,Bea,valve key,drop,Bea,engine_ring,orchid_bay,none,none,True,True,True,True
583,33,session-006,moss_ward,Fay,loom hook,carry-visible,Fay,carried,carried,Fay,Fay,True,True,True,True
584,33,session-006,glass_harbor,Puck,rope gauge,nearby-visible,Puck,fog_rail,fog_rail,none,none,True,True,False,True
585,33,session-006,cinder_garden,Wren,shade mallet,carry-visible,Wren,carried,carried,Pax,Pax,True,True,False,True
586,33,session-006,lichen_bridge,Kio,bell file,pickup,Kio,meal_room,carried,none,Kio,True,True,True,True
587,33,session-006,orchid_engine,Cai,lamp tongs,carry-visible,Cai,carried,carried,Cai,Cai,True,True,True,True
588,33,session-006,moss_ward,Milo,reed knife,carry-visible,Milo,carried,carried,Ari,Ari,True,True,False,True
589,33,session-006,glass_harbor,Sera,net shuttle,drop,Sera,carried,lamp_pier,Oren,none,True,True,True,True
590,33,session-006,cinder_garden,Juno,calendar stylus,carry-visible,Juno,carried,carried,Juno,Juno,True,True,True,True
591,33,session-006,lichen_bridge,Luma,tension peg,nearby-visible,Luma,rope_bridge,rope_bridge,none,none,True,True,False,True
592,33,session-006,orchid_engine,Dax,gear brush,nearby-visible,Dax,gear_wash,gear_wash,none,none,True,True,False,True
593,33,session-006,moss_ward,Tala,ledger awl,pickup,Tala,rain_gate,carried,none,Tala,True,True,True,True
594,34,session-006,cinder_garden,Wren,calendar stylus,carry-visible,Vale,carried,carried,Juno,Juno,True,True,False,True
595,34,session-006,lichen_bridge,Kio,tension peg,nearby-visible,Sol,rope_bridge,rope_bridge,none,none,True,True,False,True
596,34,session-006,orchid_engine,Cai,gear brush,pickup,Bea,gear_wash,carried,none,Cai,True,True,True,True
597,34,session-006,moss_ward,Milo,ledger awl,carry-visible,Fay,carried,carried,Tala,Tala,True,True,False,True
598,34,session-006,glass_harbor,Sera,wick clamp,carry-visible,Puck,carried,carried,Oren,Oren,True,True,False,True
599,34,session-006,cinder_garden,Juno,basket hook,drop,Wren,seed_shelf,shade_tent,none,none,True,True,True,True
600,34,session-006,lichen_bridge,Luma,ledger punch,carry-visible,Kio,carried,carried,Luma,Luma,True,True,True,True
601,34,session-006,orchid_engine,Dax,valve key,nearby-visible,Cai,orchid_bay,orchid_bay,none,none,True,True,False,True
602,34,session-006,moss_ward,Tala,loom hook,carry-visible,Milo,carried,carried,Fay,Fay,True,True,False,True
603,34,session-006,glass_harbor,Nia,rope gauge,pickup,Sera,fog_rail,carried,none,Nia,True,True,True,True
604,34,session-006,cinder_garden,Pax,shade mallet,carry-visible,Juno,carried,carried,Pax,Pax,True,True,True,True
605,34,session-006,lichen_bridge,Rin,bell file,carry-visible,Luma,carried,carried,Kio,Kio,True,True,False,True
606,34,session-006,orchid_engine,Eli,lamp tongs,drop,Dax,carried,engine_ring,Cai,none,True,True,True,True
607,34,session-006,moss_ward,Ari,reed knife,carry-visible,Tala,carried,carried,Ari,Ari,True,True,True,True
608,34,session-006,glass_harbor,Oren,net shuttle,nearby-visible,Nia,lamp_pier,lamp_pier,none,none,True,True,False,True
609,34,session-006,cinder_garden,Vale,calendar stylus,carry-visible,Pax,carried,carried,Juno,Juno,True,True,False,True
610,34,session-006,lichen_bridge,Sol,tension peg,pickup,Rin,rope_bridge,carried,none,Sol,True,True,True,True
611,34,session-006,orchid_engine,Bea,gear brush,carry-visible,Eli,carried,carried,Cai,Cai,True,True,False,True
612,35,session-006,glass_harbor,Nia,net shuttle,nearby-visible,Puck,lamp_pier,lamp_pier,none,none,True,True,False,True
613,35,session-006,cinder_garden,Pax,calendar stylus,pickup,Wren,carried,carried,Juno,Pax,True,True,True,True
614,35,session-006,lichen_bridge,Rin,tension peg,carry-visible,Kio,carried,carried,Sol,Sol,True,True,False,True
615,35,session-006,orchid_engine,Eli,gear brush,carry-visible,Cai,carried,carried,Cai,Cai,True,True,False,True
616,35,session-006,moss_ward,Ari,ledger awl,drop,Milo,carried,root_alcove,Tala,none,True,True,True,True
617,35,session-006,glass_harbor,Oren,wick clamp,carry-visible,Sera,carried,carried,Oren,Oren,True,True,True,True
618,35,session-006,cinder_garden,Vale,basket hook,nearby-visible,Juno,shade_tent,shade_tent,none,none,True,True,False,True
619,35,session-006,lichen_bridge,Sol,ledger punch,carry-visible,Luma,carried,carried,Luma,Luma,True,True,False,True
620,35,session-006,orchid_engine,Bea,valve key,pickup,Dax,orchid_bay,carried,none,Bea,True,True,True,True
621,35,session-006,moss_ward,Fay,loom hook,carry-visible,Tala,carried,carried,Fay,Fay,True,True,True,True
622,35,session-006,glass_harbor,Puck,rope gauge,carry-visible,Nia,carried,carried,Nia,Nia,True,True,False,True
623,35,session-006,cinder_garden,Wren,shade mallet,drop,Pax,carried,seed_shelf,Pax,none,True,True,True,True
624,35,session-006,lichen_bridge,Kio,bell file,carry-visible,Rin,carried,carried,Kio,Kio,True,True,True,True
625,35,session-006,orchid_engine,Cai,lamp tongs,nearby-visible,Eli,engine_ring,engine_ring,none,none,True,True,False,True
626,35,session-006,moss_ward,Milo,reed knife,carry-visible,Ari,carried,carried,Ari,Ari,True,True,False,True
627,35,session-006,glass_harbor,Sera,net shuttle,pickup,Oren,lamp_pier,carried,none,Sera,True,True,True,True
628,35,session-006,cinder_garden,Juno,calendar stylus,carry-visible,Vale,carried,carried,Pax,Pax,True,True,False,True
629,35,session-006,lichen_bridge,Luma,tension peg,carry-visible,Sol,carried,carried,Sol,Sol,True,True,False,True
630,36,session-006,moss_ward,Fay,reed knife,pickup,Milo,carried,carried,Ari,Fay,True,True,True,True
631,36,session-006,glass_harbor,Puck,net shuttle,carry-visible,Sera,carried,carried,Sera,Sera,True,True,False,True
632,36,session-006,cinder_garden,Wren,calendar stylus,carry-visible,Juno,carried,carried,Pax,Pax,True,True,False,True
633,36,session-006,lichen_bridge,Kio,tension peg,drop,Luma,carried,meal_room,Sol,none,True,True,True,True
634,36,session-006,orchid_engine,Cai,gear brush,carry-visible,Dax,carried,carried,Cai,Cai,True,True,True,True
635,36,session-006,moss_ward,Milo,ledger awl,nearby-visible,Tala,root_alcove,root_alcove,none,none,True,True,False,True
636,36,session-006,glass_harbor,Sera,wick clamp,carry-visible,Nia,carried,carried,Oren,Oren,True,True,False,True
637,36,session-006,cinder_garden,Juno,basket hook,pickup,Pax,shade_tent,carried,none,Juno,True,True,True,True
638,36,session-006,lichen_bridge,Luma,ledger punch,carry-visible,Rin,carried,carried,Luma,Luma,True,True,True,True
639,36,session-006,orchid_engine,Dax,valve key,carry-visible,Eli,carried,carried,Bea,Bea,True,True,False,True
640,36,session-006,moss_ward,Tala,loom hook,drop,Ari,carried,rain_gate,Fay,none,True,True,True,True
641,36,session-006,glass_harbor,Nia,rope gauge,carry-visible,Oren,carried,carried,Nia,Nia,True,True,True,True
642,36,session-006,cinder_garden,Pax,shade mallet,nearby-visible,Vale,seed_shelf,seed_shelf,none,none,True,True,False,True
643,36,session-006,lichen_bridge,Rin,bell file,carry-visible,Sol,carried,carried,Kio,Kio,True,True,False,True
644,36,session-006,orchid_engine,Eli,lamp tongs,pickup,Bea,engine_ring,carried,none,Eli,True,True,True,True
645,36,session-006,moss_ward,Ari,reed knife,carry-visible,Fay,carried,carried,Fay,Fay,True,True,False,True
646,36,session-006,glass_harbor,Oren,net shuttle,carry-visible,Puck,carried,carried,Sera,Sera,True,True,False,True
647,36,session-006,cinder_garden,Vale,calendar stylus,drop,Wren,carried,ash_path,Pax,none,True,True,True,True
648,37,session-007,orchid_engine,Dax,lamp tongs,carry-visible,Dax,carried,carried,Eli,Eli,True,True,False,True
649,37,session-007,moss_ward,Tala,reed knife,carry-visible,Tala,carried,carried,Fay,Fay,True,True,False,True
650,37,session-007,glass_harbor,Nia,net shuttle,drop,Nia,carried,fog_rail,Sera,none,True,True,True,True
651,37,session-007,cinder_garden,Pax,calendar stylus,nearby-visible,Pax,ash_path,ash_path,none,none,True,True,False,True
652,37,session-007,lichen_bridge,Rin,tension peg,nearby-visible,Rin,meal_room,meal_room,none,none,True,True,False,True
653,37,session-007,orchid_engine,Eli,gear brush,carry-visible,Eli,carried,carried,Cai,Cai,True,True,False,True
654,37,session-007,moss_ward,Ari,ledger awl,pickup,Ari,root_alcove,carried,none,Ari,True,True,True,True
655,37,session-007,glass_harbor,Oren,wick clamp,carry-visible,Oren,carried,carried,Oren,Oren,True,True,True,True
656,37,session-007,cinder_garden,Vale,basket hook,carry-visible,Vale,carried,carried,Juno,Juno,True,True,False,True
657,37,session-007,lichen_bridge,Sol,ledger punch,drop,Sol,carried,rope_bridge,Luma,none,True,True,True,True
658,37,session-007,orchid_engine,Bea,valve key,carry-visible,Bea,carried,carried,Bea,Bea,True,True,True,True
659,37,session-007,moss_ward,Fay,loom hook,nearby-visible,Fay,rain_gate,rain_gate,none,none,True,True,False,True
660,37,session-007,glass_harbor,Puck,rope gauge,carry-visible,Puck,carried,carried,Nia,Nia,True,True,False,True
661,37,session-007,cinder_garden,Wren,shade mallet,pickup,Wren,seed_shelf,carried,none,Wren,True,True,True,True
662,37,session-007,lichen_bridge,Kio,bell file,carry-visible,Kio,carried,carried,Kio,Kio,True,True,True,True
663,37,session-007,orchid_engine,Cai,lamp tongs,carry-visible,Cai,carried,carried,Eli,Eli,True,True,False,True
664,37,session-007,moss_ward,Milo,reed knife,drop,Milo,carried,blanket_room,Fay,none,True,True,True,True
665,37,session-007,glass_harbor,Sera,net shuttle,nearby-visible,Sera,fog_rail,fog_rail,none,none,True,True,True,True
666,38,session-007,lichen_bridge,Sol,bell file,carry-visible,Rin,carried,carried,Kio,Kio,True,True,False,True
667,38,session-007,orchid_engine,Bea,lamp tongs,drop,Eli,carried,orchid_bay,Eli,none,True,True,True,True
668,38,session-007,moss_ward,Fay,reed knife,nearby-visible,Ari,blanket_room,blanket_room,none,none,True,True,False,True
669,38,session-007,glass_harbor,Puck,net shuttle,nearby-visible,Oren,fog_rail,fog_rail,none,none,True,True,False,True
670,38,session-007,cinder_garden,Wren,calendar stylus,nearby-visible,Vale,ash_path,ash_path,none,none,True,True,False,True
671,38,session-007,lichen_bridge,Kio,tension peg,pickup,Sol,meal_room,carried,none,Kio,True,True,True,True
672,38,session-007,orchid_engine,Cai,gear brush,carry-visible,Bea,carried,carried,Cai,Cai,True,True,True,True
673,38,session-007,moss_ward,Milo,ledger awl,carry-visible,Fay,carried,carried,Ari,Ari,True,True,False,True
674,38,session-007,glass_harbor,Sera,wick clamp,drop,Puck,carried,lamp_pier,Oren,none,True,True,True,True
675,38,session-007,cinder_garden,Juno,basket hook,carry-visible,Wren,carried,carried,Juno,Juno,True,True,True,True
676,38,session-007,lichen_bridge,Luma,ledger punch,nearby-visible,Kio,rope_bridge,rope_bridge,none,none,True,True,False,True
677,38,session-007,orchid_engine,Dax,valve key,carry-visible,Cai,carried,carried,Bea,Bea,True,True,False,True
678,38,session-007,moss_ward,Tala,loom hook,pickup,Milo,rain_gate,carried,none,Tala,True,True,True,True
679,38,session-007,glass_harbor,Nia,rope gauge,carry-visible,Sera,carried,carried,Nia,Nia,True,True,True,True
680,38,session-007,cinder_garden,Pax,shade mallet,carry-visible,Juno,carried,carried,Wren,Wren,True,True,False,True
681,38,session-007,lichen_bridge,Rin,bell file,drop,Luma,carried,signal_post,Kio,none,True,True,True,True
682,38,session-007,orchid_engine,Eli,lamp tongs,nearby-visible,Dax,orchid_bay,orchid_bay,none,none,True,True,True,True
683,38,session-007,moss_ward,Ari,reed knife,nearby-visible,Tala,blanket_room,blanket_room,none,none,True,True,False,True
684,39,session-007,cinder_garden,Juno,shade mallet,drop,Vale,carried,shade_tent,Wren,none,True,True,True,True
685,39,session-007,lichen_bridge,Luma,bell file,nearby-visible,Sol,signal_post,signal_post,none,none,True,True,False,True
686,39,session-007,orchid_engine,Dax,lamp tongs,nearby-visible,Bea,orchid_bay,orchid_bay,none,none,True,True,False,True
687,39,session-007,moss_ward,Tala,reed knife,nearby-visible,Fay,blanket_room,blanket_room,none,none,True,True,False,True
688,39,session-007,glass_harbor,Nia,net shuttle,pickup,Puck,fog_rail,carried,none,Nia,True,True,True,True
689,39,session-007,cinder_garden,Pax,calendar stylus,nearby-visible,Wren,ash_path,ash_path,none,none,True,True,True,True
690,39,session-007,lichen_bridge,Rin,tension peg,carry-visible,Kio,carried,carried,Kio,Kio,True,True,False,True
691,39,session-007,orchid_engine,Eli,gear brush,drop,Cai,carried,engine_ring,Cai,none,True,True,True,True
692,39,session-007,moss_ward,Ari,ledger awl,carry-visible,Milo,carried,carried,Ari,Ari,True,True,True,True
693,39,session-007,glass_harbor,Oren,wick clamp,nearby-visible,Sera,lamp_pier,lamp_pier,none,none,True,True,False,True
694,39,session-007,cinder_garden,Vale,basket hook,carry-visible,Juno,carried,carried,Juno,Juno,True,True,False,True
695,39,session-007,lichen_bridge,Sol,ledger punch,pickup,Luma,rope_bridge,carried,none,Sol,True,True,True,True
696,39,session-007,orchid_engine,Bea,valve key,carry-visible,Dax,carried,carried,Bea,Bea,True,True,True,True
697,39,session-007,moss_ward,Fay,loom hook,carry-visible,Tala,carried,carried,Tala,Tala,True,True,False,True
698,39,session-007,glass_harbor,Puck,rope gauge,drop,Nia,carried,net_room,Nia,none,True,True,True,True
699,39,session-007,cinder_garden,Wren,shade mallet,nearby-visible,Pax,shade_tent,shade_tent,none,none,True,True,True,True
700,39,session-007,lichen_bridge,Kio,bell file,nearby-visible,Rin,signal_post,signal_post,none,none,True,True,False,True
701,39,session-007,orchid_engine,Cai,lamp tongs,nearby-visible,Eli,orchid_bay,orchid_bay,none,none,True,True,False,True
702,40,session-007,glass_harbor,Oren,rope gauge,nearby-visible,Puck,net_room,net_room,none,none,True,True,False,True
703,40,session-007,cinder_garden,Vale,shade mallet,nearby-visible,Wren,shade_tent,shade_tent,none,none,True,True,False,True
704,40,session-007,lichen_bridge,Sol,bell file,nearby-visible,Kio,signal_post,signal_post,none,none,True,True,False,True
705,40,session-007,orchid_engine,Bea,lamp tongs,pickup,Cai,orchid_bay,carried,none,Bea,True,True,True,True
706,40,session-007,moss_ward,Fay,reed knife,nearby-visible,Milo,blanket_room,blanket_room,none,none,True,True,True,True
707,40,session-007,glass_harbor,Puck,net shuttle,carry-visible,Sera,carried,carried,Nia,Nia,True,True,False,True
708,40,session-007,cinder_garden,Wren,calendar stylus,drop,Juno,ash_path,seed_shelf,none,none,True,True,True,True
709,40,session-007,lichen_bridge,Kio,tension peg,carry-visible,Luma,carried,carried,Kio,Kio,True,True,True,True
710,40,session-007,orchid_engine,Cai,gear brush,nearby-visible,Dax,engine_ring,engine_ring,none,none,True,True,False,True
711,40,session-007,moss_ward,Milo,ledger awl,carry-visible,Tala,carried,carried,Ari,Ari,True,True,False,True
712,40,session-007,glass_harbor,Sera,wick clamp,pickup,Nia,lamp_pier,carried,none,Sera,True,True,True,True
713,40,session-007,cinder_garden,Juno,basket hook,carry-visible,Pax,carried,carried,Juno,Juno,True,True,True,True
714,40,session-007,lichen_bridge,Luma,ledger punch,carry-visible,Rin,carried,carried,Sol,Sol,True,True,False,True
715,40,session-007,orchid_engine,Dax,valve key,drop,Eli,carried,gear_wash,Bea,none,True,True,True,True
716,40,session-007,moss_ward,Tala,loom hook,carry-visible,Ari,carried,carried,Tala,Tala,True,True,True,True
717,40,session-007,glass_harbor,Nia,rope gauge,nearby-visible,Oren,net_room,net_room,none,none,True,True,False,True
718,40,session-007,cinder_garden,Pax,shade mallet,nearby-visible,Vale,shade_tent,shade_tent,none,none,True,True,False,True
719,40,session-007,lichen_bridge,Rin,bell file,pickup,Sol,signal_post,carried,none,Rin,True,True,True,True
720,41,session-007,moss_ward,Milo,loom hook,carry-visible,Milo,carried,carried,Tala,Tala,True,True,False,True
721,41,session-007,glass_harbor,Sera,rope gauge,nearby-visible,Sera,net_room,net_room,none,none,True,True,False,True
722,41,session-007,cinder_garden,Juno,shade mallet,pickup,Juno,shade_tent,carried,none,Juno,True,True,True,True
723,41,session-007,lichen_bridge,Luma,bell file,carry-visible,Luma,carried,carried,Rin,Rin,True,True,False,True
724,41,session-007,orchid_engine,Dax,lamp tongs,carry-visible,Dax,carried,carried,Bea,Bea,True,True,False,True
725,41,session-007,moss_ward,Tala,reed knife,drop,Tala,blanket_room,rain_gate,none,none,True,True,True,True
726,41,session-007,glass_harbor,Nia,net shuttle,carry-visible,Nia,carried,carried,Nia,Nia,True,True,True,True
727,41,session-007,cinder_garden,Pax,calendar stylus,nearby-visible,Pax,seed_shelf,seed_shelf,none,none,True,True,False,True
728,41,session-007,lichen_bridge,Rin,tension peg,carry-visible,Rin,carried,carried,Kio,Kio,True,True,False,True
729,41,session-007,orchid_engine,Eli,gear brush,pickup,Eli,engine_ring,carried,none,Eli,True,True,True,True
730,41,session-007,moss_ward,Ari,ledger awl,carry-visible,Ari,carried,carried,Ari,Ari,True,True,True,True
731,41,session-007,glass_harbor,Oren,wick clamp,carry-visible,Oren,carried,carried,Sera,Sera,True,True,False,True
732,41,session-007,cinder_garden,Vale,basket hook,drop,Vale,carried,ash_path,Juno,none,True,True,True,True
733,41,session-007,lichen_bridge,Sol,ledger punch,carry-visible,Sol,carried,carried,Sol,Sol,True,True,True,True
734,41,session-007,orchid_engine,Bea,valve key,nearby-visible,Bea,gear_wash,gear_wash,none,none,True,True,False,True
735,41,session-007,moss_ward,Fay,loom hook,carry-visible,Fay,carried,carried,Tala,Tala,True,True,False,True
736,41,session-007,glass_harbor,Puck,rope gauge,pickup,Puck,net_room,carried,none,Puck,True,True,True,True
737,41,session-007,cinder_garden,Wren,shade mallet,carry-visible,Wren,carried,carried,Juno,Juno,True,True,False,True
738,42,session-007,orchid_engine,Eli,valve key,nearby-visible,Dax,gear_wash,gear_wash,none,none,True,True,False,True
739,42,session-007,moss_ward,Ari,loom hook,pickup,Tala,carried,carried,Tala,Ari,True,True,True,True
740,42,session-007,glass_harbor,Oren,rope gauge,carry-visible,Nia,carried,carried,Puck,Puck,True,True,False,True
741,42,session-007,cinder_garden,Vale,shade mallet,carry-visible,Pax,carried,carried,Juno,Juno,True,True,False,True
742,42,session-007,lichen_bridge,Sol,bell file,drop,Rin,carried,rope_bridge,Rin,none,True,True,True,True
743,42,session-007,orchid_engine,Bea,lamp tongs,carry-visible,Eli,carried,carried,Bea,Bea,True,True,True,True
744,42,session-007,moss_ward,Fay,reed knife,nearby-visible,Ari,rain_gate,rain_gate,none,none,True,True,False,True
745,42,session-007,glass_harbor,Puck,net shuttle,carry-visible,Oren,carried,carried,Nia,Nia,True,True,False,True
746,42,session-007,cinder_garden,Wren,calendar stylus,pickup,Vale,seed_shelf,carried,none,Wren,True,True,True,True
747,42,session-007,lichen_bridge,Kio,tension peg,carry-visible,Sol,carried,carried,Kio,Kio,True,True,True,True
748,42,session-007,orchid_engine,Cai,gear brush,carry-visible,Bea,carried,carried,Eli,Eli,True,True,False,True
749,42,session-007,moss_ward,Milo,ledger awl,drop,Fay,carried,blanket_room,Ari,none,True,True,True,True
750,42,session-007,glass_harbor,Sera,wick clamp,carry-visible,Puck,carried,carried,Sera,Sera,True,True,True,True
751,42,session-007,cinder_garden,Juno,basket hook,nearby-visible,Wren,ash_path,ash_path,none,none,True,True,False,True
752,42,session-007,lichen_bridge,Luma,ledger punch,carry-visible,Kio,carried,carried,Sol,Sol,True,True,False,True
753,42,session-007,orchid_engine,Dax,valve key,pickup,Cai,gear_wash,carried,none,Dax,True,True,True,True
754,42,session-007,moss_ward,Tala,loom hook,carry-visible,Milo,carried,carried,Ari,Ari,True,True,False,True
755,42,session-007,glass_harbor,Nia,rope gauge,carry-visible,Sera,carried,carried,Puck,Puck,True,True,False,True
756,43,session-008,lichen_bridge,Kio,ledger punch,pickup,Rin,carried,carried,Sol,Kio,True,True,True,True
757,43,session-008,orchid_engine,Cai,valve key,carry-visible,Eli,carried,carried,Dax,Dax,True,True,False,True
758,43,session-008,moss_ward,Milo,loom hook,carry-visible,Ari,carried,carried,Ari,Ari,True,True,False,True
759,43,session-008,glass_harbor,Sera,rope gauge,drop,Oren,carried,lamp_pier,Puck,none,True,True,True,True
760,43,session-008,cinder_garden,Juno,shade mallet,carry-visible,Vale,carried,carried,Juno,Juno,True,True,True,True
761,43,session-008,lichen_bridge,Luma,bell file,nearby-visible,Sol,rope_bridge,rope_bridge,none,none,True,True,False,True
762,43,session-008,orchid_engine,Dax,lamp tongs,carry-visible,Bea,carried,carried,Bea,Bea,True,True,False,True
763,43,session-008,moss_ward,Tala,reed knife,pickup,Fay,rain_gate,carried,none,Tala,True,True,True,True
764,43,session-008,glass_harbor,Nia,net shuttle,carry-visible,Puck,carried,carried,Nia,Nia,True,True,True,True
765,43,session-008,cinder_garden,Pax,calendar stylus,carry-visible,Wren,carried,carried,Wren,Wren,True,True,False,True
766,43,session-008,lichen_bridge,Rin,tension peg,drop,Kio,carried,signal_post,Kio,none,True,True,True,True
767,43,session-008,orchid_engine,Eli,gear brush,carry-visible,Cai,carried,carried,Eli,Eli,True,True,True,True
768,43,session-008,moss_ward,Ari,ledger awl,nearby-visible,Milo,blanket_room,blanket_room,none,none,True,True,False,True
769,43,session-008,glass_harbor,Oren,wick clamp,carry-visible,Sera,carried,carried,Sera,Sera,True,True,False,True
770,43,session-008,cinder_garden,Vale,basket hook,pickup,Juno,ash_path,carried,none,Vale,True,True,True,True
771,43,session-008,lichen_bridge,Sol,ledger punch,carry-visible,Luma,carried,carried,Kio,Kio,True,True,False,True
772,43,session-008,orchid_engine,Bea,valve key,carry-visible,Dax,carried,carried,Dax,Dax,True,True,False,True
773,43,session-008,moss_ward,Fay,loom hook,drop,Tala,carried,root_alcove,Ari,none,True,True,True,True
774,44,session-008,cinder_garden,Pax,basket hook,carry-visible,Vale,carried,carried,Vale,Vale,True,True,False,True
775,44,session-008,lichen_bridge,Rin,ledger punch,carry-visible,Sol,carried,carried,Kio,Kio,True,True,False,True
776,44,session-008,orchid_engine,Eli,valve key,drop,Bea,carried,engine_ring,Dax,none,True,True,True,True
777,44,session-008,moss_ward,Ari,loom hook,nearby-visible,Fay,root_alcove,root_alcove,none,none,True,True,False,True
778,44,session-008,glass_harbor,Oren,rope gauge,nearby-visible,Puck,lamp_pier,lamp_pier,none,none,True,True,False,True
779,44,session-008,cinder_garden,Vale,shade mallet,carry-visible,Wren,carried,carried,Juno,Juno,True,True,False,True
780,44,session-008,lichen_bridge,Sol,bell file,pickup,Kio,rope_bridge,carried,none,Sol,True,True,True,True
781,44,session-008,orchid_engine,Bea,lamp tongs,carry-visible,Cai,carried,carried,Bea,Bea,True,True,True,True
782,44,session-008,moss_ward,Fay,reed knife,carry-visible,Milo,carried,carried,Tala,Tala,True,True,False,True
783,44,session-008,glass_harbor,Puck,net shuttle,drop,Sera,carried,net_room,Nia,none,True,True,True,True
784,44,session-008,cinder_garden,Wren,calendar stylus,carry-visible,Juno,carried,carried,Wren,Wren,True,True,True,True
785,44,session-008,lichen_bridge,Kio,tension peg,nearby-visible,Luma,signal_post,signal_post,none,none,True,True,False,True
786,44,session-008,orchid_engine,Cai,gear brush,carry-visible,Dax,carried,carried,Eli,Eli,True,True,False,True
787,44,session-008,moss_ward,Milo,ledger awl,pickup,Tala,blanket_room,carried,none,Milo,True,True,True,True
788,44,session-008,glass_harbor,Sera,wick clamp,carry-visible,Nia,carried,carried,Sera,Sera,True,True,True,True
789,44,session-008,cinder_garden,Juno,basket hook,carry-visible,Pax,carried,carried,Vale,Vale,True,True,False,True
790,44,session-008,lichen_bridge,Luma,ledger punch,drop,Rin,carried,meal_room,Kio,none,True,True,True,True
791,44,session-008,orchid_engine,Dax,valve key,nearby-visible,Eli,engine_ring,engine_ring,none,none,True,True,True,True
792,45,session-008,glass_harbor,Puck,wick clamp,carry-visible,Puck,carried,carried,Sera,Sera,True,True,False,True
793,45,session-008,cinder_garden,Wren,basket hook,drop,Wren,carried,seed_shelf,Vale,none,True,True,True,True
794,45,session-008,lichen_bridge,Kio,ledger punch,nearby-visible,Kio,meal_room,meal_room,none,none,True,True,False,True
795,45,session-008,orchid_engine,Cai,valve key,nearby-visible,Cai,engine_ring,engine_ring,none,none,True,True,False,True
796,45,session-008,moss_ward,Milo,loom hook,nearby-visible,Milo,root_alcove,root_alcove,none,none,True,True,False,True
797,45,session-008,glass_harbor,Sera,rope gauge,pickup,Sera,lamp_pier,carried,none,Sera,True,True,True,True
798,45,session-008,cinder_garden,Juno,shade mallet,carry-visible,Juno,carried,carried,Juno,Juno,True,True,True,True
799,45,session-008,lichen_bridge,Luma,bell file,carry-visible,Luma,carried,carried,Sol,Sol,True,True,False,True
800,45,session-008,orchid_engine,Dax,lamp tongs,drop,Dax,carried,gear_wash,Bea,none,True,True,True,True
801,45,session-008,moss_ward,Tala,reed knife,carry-visible,Tala,carried,carried,Tala,Tala,True,True,True,True
802,45,session-008,glass_harbor,Nia,net shuttle,nearby-visible,Nia,net_room,net_room,none,none,True,True,False,True
803,45,session-008,cinder_garden,Pax,calendar stylus,carry-visible,Pax,carried,carried,Wren,Wren,True,True,False,True
804,45,session-008,lichen_bridge,Rin,tension peg,pickup,Rin,signal_post,carried,none,Rin,True,True,True,True
805,45,session-008,orchid_engine,Eli,gear brush,carry-visible,Eli,carried,carried,Eli,Eli,True,True,True,True
806,45,session-008,moss_ward,Ari,ledger awl,carry-visible,Ari,carried,carried,Milo,Milo,True,True,False,True
807,45,session-008,glass_harbor,Oren,wick clamp,drop,Oren,carried,fog_rail,Sera,none,True,True,True,True
808,45,session-008,cinder_garden,Vale,basket hook,nearby-visible,Vale,seed_shelf,seed_shelf,none,none,True,True,True,True
809,45,session-008,lichen_bridge,Sol,ledger punch,nearby-visible,Sol,meal_room,meal_room,none,none,True,True,False,True
810,46,session-008,moss_ward,Tala,ledger awl,drop,Milo,carried,rain_gate,Milo,none,True,True,True,True
811,46,session-008,glass_harbor,Nia,wick clamp,nearby-visible,Sera,fog_rail,fog_rail,none,none,True,True,False,True
812,46,session-008,cinder_garden,Pax,basket hook,nearby-visible,Juno,seed_shelf,seed_shelf,none,none,True,True,False,True
813,46,session-008,lichen_bridge,Rin,ledger punch,nearby-visible,Luma,meal_room,meal_room,none,none,True,True,False,True
814,46,session-008,orchid_engine,Eli,valve key,pickup,Dax,engine_ring,carried,none,Eli,True,True,True,True
815,46,session-008,moss_ward,Ari,loom hook,nearby-visible,Tala,root_alcove,root_alcove,none,none,True,True,True,True
816,46,session-008,glass_harbor,Oren,rope gauge,carry-visible,Nia,carried,carried,Sera,Sera,True,True,False,True
817,46,session-008,cinder_garden,Vale,shade mallet,drop,Pax,carried,ash_path,Juno,none,True,True,True,True
818,46,session-008,lichen_bridge,Sol,bell file,carry-visible,Rin,carried,carried,Sol,Sol,True,True,True,True
819,46,session-008,orchid_engine,Bea,lamp tongs,nearby-visible,Eli,gear_wash,gear_wash,none,none,True,True,False,True
820,46,session-008,moss_ward,Fay,reed knife,carry-visible,Ari,carried,carried,Tala,Tala,True,True,False,True
821,46,session-008,glass_harbor,Puck,net shuttle,pickup,Oren,net_room,carried,none,Puck,True,True,True,True
822,46,session-008,cinder_garden,Wren,calendar stylus,carry-visible,Vale,carried,carried,Wren,Wren,True,True,True,True
823,46,session-008,lichen_bridge,Kio,tension peg,carry-visible,Sol,carried,carried,Rin,Rin,True,True,False,True
824,46,session-008,orchid_engine,Cai,gear brush,drop,Bea,carried,orchid_bay,Eli,none,True,True,True,True
825,46,session-008,moss_ward,Milo,ledger awl,nearby-visible,Fay,rain_gate,rain_gate,none,none,True,True,True,True
826,46,session-008,glass_harbor,Sera,wick clamp,nearby-visible,Puck,fog_rail,fog_rail,none,none,True,True,False,True
827,46,session-008,cinder_garden,Juno,basket hook,nearby-visible,Wren,seed_shelf,seed_shelf,none,none,True,True,False,True
828,47,session-008,orchid_engine,Bea,gear brush,nearby-visible,Dax,orchid_bay,orchid_bay,none,none,True,True,False,True
829,47,session-008,moss_ward,Fay,ledger awl,nearby-visible,Tala,rain_gate,rain_gate,none,none,True,True,False,True
830,47,session-008,glass_harbor,Puck,wick clamp,nearby-visible,Nia,fog_rail,fog_rail,none,none,True,True,False,True
831,47,session-008,cinder_garden,Wren,basket hook,pickup,Pax,seed_shelf,carried,none,Wren,True,True,True,True
832,47,session-008,lichen_bridge,Kio,ledger punch,nearby-visible,Rin,meal_room,meal_room,none,none,True,True,True,True
833,47,session-008,orchid_engine,Cai,valve key,carry-visible,Eli,carried,carried,Eli,Eli,True,True,False,True
834,47,session-008,moss_ward,Milo,loom hook,drop,Ari,root_alcove,blanket_room,none,none,True,True,True,True
835,47,session-008,glass_harbor,Sera,rope gauge,carry-visible,Oren,carried,carried,Sera,Sera,True,True,True,True
836,47,session-008,cinder_garden,Juno,shade mallet,nearby-visible,Vale,ash_path,ash_path,none,none,True,True,False,True
837,47,session-008,lichen_bridge,Luma,bell file,carry-visible,Sol,carried,carried,Sol,Sol,True,True,False,True
838,47,session-008,orchid_engine,Dax,lamp tongs,pickup,Bea,gear_wash,carried,none,Dax,True,True,True,True
839,47,session-008,moss_ward,Tala,reed knife,carry-visible,Fay,carried,carried,Tala,Tala,True,True,True,True
840,47,session-008,glass_harbor,Nia,net shuttle,carry-visible,Puck,carried,carried,Puck,Puck,True,True,False,True
841,47,session-008,cinder_garden,Pax,calendar stylus,drop,Wren,carried,shade_tent,Wren,none,True,True,True,True
842,47,session-008,lichen_bridge,Rin,tension peg,carry-visible,Kio,carried,carried,Rin,Rin,True,True,True,True
843,47,session-008,orchid_engine,Eli,gear brush,nearby-visible,Cai,orchid_bay,orchid_bay,none,none,True,True,False,True
844,47,session-008,moss_ward,Ari,ledger awl,nearby-visible,Milo,rain_gate,rain_gate,none,none,True,True,False,True
845,47,session-008,glass_harbor,Oren,wick clamp,pickup,Sera,fog_rail,carried,none,Oren,True,True,True,True
846,48,session-008,lichen_bridge,Luma,tension peg,carry-visible,Rin,carried,carried,Rin,Rin,True,True,False,True
847,48,session-008,orchid_engine,Dax,gear brush,nearby-visible,Eli,orchid_bay,orchid_bay,none,none,True,True,False,True
848,48,session-008,moss_ward,Tala,ledger awl,pickup,Ari,rain_gate,carried,none,Tala,True,True,True,True
849,48,session-008,glass_harbor,Nia,wick clamp,carry-visible,Oren,carried,carried,Oren,Oren,True,True,False,True
850,48,session-008,cinder_garden,Pax,basket hook,carry-visible,Vale,carried,carried,Wren,Wren,True,True,False,True
851,48,session-008,lichen_bridge,Rin,ledger punch,drop,Sol,meal_room,signal_post,none,none,True,True,True,True
852,48,session-008,orchid_engine,Eli,valve key,carry-visible,Bea,carried,carried,Eli,Eli,True,True,True,True
853,48,session-008,moss_ward,Ari,loom hook,nearby-visible,Fay,blanket_room,blanket_room,none,none,True,True,False,True
854,48,session-008,glass_harbor,Oren,rope gauge,carry-visible,Puck,carried,carried,Sera,Sera,True,True,False,True
855,48,session-008,cinder_garden,Vale,shade mallet,pickup,Wren,ash_path,carried,none,Vale,True,True,True,True
856,48,session-008,lichen_bridge,Sol,bell file,carry-visible,Kio,carried,carried,Sol,Sol,True,True,True,True
857,48,session-008,orchid_engine,Bea,lamp tongs,carry-visible,Cai,carried,carried,Dax,Dax,True,True,False,True
858,48,session-008,moss_ward,Fay,reed knife,drop,Milo,carried,root_alcove,Tala,none,True,True,True,True
859,48,session-008,glass_harbor,Puck,net shuttle,carry-visible,Sera,carried,carried,Puck,Puck,True,True,True,True
860,48,session-008,cinder_garden,Wren,calendar stylus,nearby-visible,Juno,shade_tent,shade_tent,none,none,True,True,False,True
861,48,session-008,lichen_bridge,Kio,tension peg,carry-visible,Luma,carried,carried,Rin,Rin,True,True,False,True
862,48,session-008,orchid_engine,Cai,gear brush,pickup,Dax,orchid_bay,carried,none,Cai,True,True,True,True
863,48,session-008,moss_ward,Milo,ledger awl,carry-visible,Tala,carried,carried,Tala,Tala,True,True,False,True
864,49,session-009,cinder_garden,Vale,calendar stylus,nearby-visible,Vale,shade_tent,shade_tent,none,none,True,True,False,True
865,49,session-009,lichen_bridge,Sol,tension peg,pickup,Sol,carried,carried,Rin,Sol,True,True,True,True
866,49,session-009,orchid_engine,Bea,gear brush,carry-visible,Bea,carried,carried,Cai,Cai,True,True,False,True
867,49,session-009,moss_ward,Fay,ledger awl,carry-visible,Fay,carried,carried,Tala,Tala,True,True,False,True
868,49,session-009,glass_harbor,Puck,wick clamp,drop,Puck,carried,net_room,Oren,none,True,True,True,True
869,49,session-009,cinder_garden,Wren,basket hook,carry-visible,Wren,carried,carried,Wren,Wren,True,True,True,True
870,49,session-009,lichen_bridge,Kio,ledger punch,nearby-visible,Kio,signal_post,signal_post,none,none,True,True,False,True
871,49,session-009,orchid_engine,Cai,valve key,carry-visible,Cai,carried,carried,Eli,Eli,True,True,False,True
872,49,session-009,moss_ward,Milo,loom hook,pickup,Milo,blanket_room,carried,none,Milo,True,True,True,True
873,49,session-009,glass_harbor,Sera,rope gauge,carry-visible,Sera,carried,carried,Sera,Sera,True,True,True,True
874,49,session-009,cinder_garden,Juno,shade mallet,carry-visible,Juno,carried,carried,Vale,Vale,True,True,False,True
875,49,session-009,lichen_bridge,Luma,bell file,drop,Luma,carried,meal_room,Sol,none,True,True,True,True
876,49,session-009,orchid_engine,Dax,lamp tongs,carry-visible,Dax,carried,carried,Dax,Dax,True,True,True,True
877,49,session-009,moss_ward,Tala,reed knife,nearby-visible,Tala,root_alcove,root_alcove,none,none,True,True,False,True
878,49,session-009,glass_harbor,Nia,net shuttle,carry-visible,Nia,carried,carried,Puck,Puck,True,True,False,True
879,49,session-009,cinder_garden,Pax,calendar stylus,pickup,Pax,shade_tent,carried,none,Pax,True,True,True,True
880,49,session-009,lichen_bridge,Rin,tension peg,carry-visible,Rin,carried,carried,Sol,Sol,True,True,False,True
881,49,session-009,orchid_engine,Eli,gear brush,carry-visible,Eli,carried,carried,Cai,Cai,True,True,False,True
882,50,session-009,glass_harbor,Sera,net shuttle,pickup,Puck,carried,carried,Puck,Sera,True,True,True,True
883,50,session-009,cinder_garden,Juno,calendar stylus,carry-visible,Wren,carried,carried,Pax,Pax,True,True,False,True
884,50,session-009,lichen_bridge,Luma,tension peg,carry-visible,Kio,carried,carried,Sol,Sol,True,True,False,True
885,50,session-009,orchid_engine,Dax,gear brush,drop,Cai,carried,gear_wash,Cai,none,True,True,True,True
886,50,session-009,moss_ward,Tala,ledger awl,carry-visible,Milo,carried,carried,Tala,Tala,True,True,True,True
887,50,session-009,glass_harbor,Nia,wick clamp,nearby-visible,Sera,net_room,net_room,none,none,True,True,False,True
888,50,session-009,cinder_garden,Pax,basket hook,carry-visible,Juno,carried,carried,Wren,Wren,True,True,False,True
889,50,session-009,lichen_bridge,Rin,ledger punch,pickup,Luma,signal_post,carried,none,Rin,True,True,True,True
890,50,session-009,orchid_engine,Eli,valve key,carry-visible,Dax,carried,carried,Eli,Eli,True,True,True,True
891,50,session-009,moss_ward,Ari,loom hook,carry-visible,Tala,carried,carried,Milo,Milo,True,True,False,True
892,50,session-009,glass_harbor,Oren,rope gauge,drop,Nia,carried,fog_rail,Sera,none,True,True,True,True
893,50,session-009,cinder_garden,Vale,shade mallet,carry-visible,Pax,carried,carried,Vale,Vale,True,True,True,True
894,50,session-009,lichen_bridge,Sol,bell file,nearby-visible,Rin,meal_room,meal_room,none,none,True,True,False,True
895,50,session-009,orchid_engine,Bea,lamp tongs,carry-visible,Eli,carried,carried,Dax,Dax,True,True,False,True
896,50,session-009,moss_ward,Fay,reed knife,pickup,Ari,root_alcove,carried,none,Fay,True,True,True,True
897,50,session-009,glass_harbor,Puck,net shuttle,carry-visible,Oren,carried,carried,Sera,Sera,True,True,False,True
898,50,session-009,cinder_garden,Wren,calendar stylus,carry-visible,Vale,carried,carried,Pax,Pax,True,True,False,True
899,50,session-009,lichen_bridge,Kio,tension peg,drop,Sol,carried,rope_bridge,Sol,none,True,True,True,True
900,51,session-009,moss_ward,Ari,reed knife,carry-visible,Milo,carried,carried,Fay,Fay,True,True,False,True
901,51,session-009,glass_harbor,Oren,net shuttle,carry-visible,Sera,carried,carried,Sera,Sera,True,True,False,True
902,51,session-009,cinder_garden,Vale,calendar stylus,drop,Juno,carried,ash_path,Pax,none,True,True,True,True
903,51,session-009,lichen_bridge,Sol,tension peg,nearby-visible,Luma,rope_bridge,rope_bridge,none,none,True,True,False,True
904,51,session-009,orchid_engine,Bea,gear brush,nearby-visible,Dax,gear_wash,gear_wash,none,none,True,True,False,True
905,51,session-009,moss_ward,Fay,ledger awl,carry-visible,Tala,carried,carried,Tala,Tala,True,True,False,True
906,51,session-009,glass_harbor,Puck,wick clamp,pickup,Nia,net_room,carried,none,Puck,True,True,True,True
907,51,session-009,cinder_garden,Wren,basket hook,carry-visible,Pax,carried,carried,Wren,Wren,True,True,True,True
908,51,session-009,lichen_bridge,Kio,ledger punch,carry-visible,Rin,carried,carried,Rin,Rin,True,True,False,True
909,51,session-009,orchid_engine,Cai,valve key,drop,Eli,carried,orchid_bay,Eli,none,True,True,True,True
910,51,session-009,moss_ward,Milo,loom hook,carry-visible,Ari,carried,carried,Milo,Milo,True,True,True,True
911,51,session-009,glass_harbor,Sera,rope gauge,nearby-visible,Oren,fog_rail,fog_rail,none,none,True,True,False,True
912,51,session-009,cinder_garden,Juno,shade mallet,carry-visible,Vale,carried,carried,Vale,Vale,True,True,False,True
913,51,session-009,lichen_bridge,Luma,bell file,pickup,Sol,meal_room,carried,none,Luma,True,True,True,True
914,51,session-009,orchid_engine,Dax,lamp tongs,carry-visible,Bea,carried,carried,Dax,Dax,True,True,True,True
915,51,session-009,moss_ward,Tala,reed knife,carry-visible,Fay,carried,carried,Fay,Fay,True,True,False,True
916,51,session-009,glass_harbor,Nia,net shuttle,drop,Puck,carried,lamp_pier,Sera,none,True,True,True,True
917,51,session-009,cinder_garden,Pax,calendar stylus,nearby-visible,Wren,ash_path,ash_path,none,none,True,True,True,True
918,52,session-009,orchid_engine,Cai,lamp tongs,carry-visible,Dax,carried,carried,Dax,Dax,True,True,False,True
919,52,session-009,moss_ward,Milo,reed knife,drop,Tala,carried,blanket_room,Fay,none,True,True,True,True
920,52,session-009,glass_harbor,Sera,net shuttle,nearby-visible,Nia,lamp_pier,lamp_pier,none,none,True,True,False,True
921,52,session-009,cinder_garden,Juno,calendar stylus,nearby-visible,Pax,ash_path,ash_path,none,none,True,True,False,True
922,52,session-009,lichen_bridge,Luma,tension peg,nearby-visible,Rin,rope_bridge,rope_bridge,none,none,True,True,False,True
923,52,session-009,orchid_engine,Dax,gear brush,pickup,Eli,gear_wash,carried,none,Dax,True,True,True,True
924,52,session-009,moss_ward,Tala,ledger awl,carry-visible,Ari,carried,carried,Tala,Tala,True,True,True,True
925,52,session-009,glass_harbor,Nia,wick clamp,carry-visible,Oren,carried,carried,Puck,Puck,True,True,False,True
926,52,session-009,cinder_garden,Pax,basket hook,drop,Vale,carried,shade_tent,Wren,none,True,True,True,True
927,52,session-009,lichen_bridge,Rin,ledger punch,carry-visible,Sol,carried,carried,Rin,Rin,True,True,True,True
928,52,session-009,orchid_engine,Eli,valve key,nearby-visible,Bea,orchid_bay,orchid_bay,none,none,True,True,False,True
929,52,session-009,moss_ward,Ari,loom hook,carry-visible,Fay,carried,carried,Milo,Milo,True,True,False,True
930,52,session-009,glass_harbor,Oren,rope gauge,pickup,Puck,fog_rail,carried,none,Oren,True,True,True,True
931,52,session-009,cinder_garden,Vale,shade mallet,carry-visible,Wren,carried,carried,Vale,Vale,True,True,True,True
932,52,session-009,lichen_bridge,Sol,bell file,carry-visible,Kio,carried,carried,Luma,Luma,True,True,False,True
933,52,session-009,orchid_engine,Bea,lamp tongs,drop,Cai,carried,engine_ring,Dax,none,True,True,True,True
934,52,session-009,moss_ward,Fay,reed knife,nearby-visible,Milo,blanket_room,blanket_room,none,none,True,True,True,True
935,52,session-009,glass_harbor,Puck,net shuttle,nearby-visible,Sera,lamp_pier,lamp_pier,none,none,True,True,False,True
936,53,session-009,lichen_bridge,Rin,bell file,drop,Rin,carried,signal_post,Luma,none,True,True,True,True
937,53,session-009,orchid_engine,Eli,lamp tongs,nearby-visible,Eli,engine_ring,engine_ring,none,none,True,True,False,True
938,53,session-009,moss_ward,Ari,reed knife,nearby-visible,Ari,blanket_room,blanket_room,none,none,True,True,False,True
939,53,session-009,glass_harbor,Oren,net shuttle,nearby-visible,Oren,lamp_pier,lamp_pier,none,none,True,True,False,True
940,53,session-009,cinder_garden,Vale,calendar stylus,pickup,Vale,ash_path,carried,none,Vale,True,True,True,True
941,53,session-009,lichen_bridge,Sol,tension peg,nearby-visible,Sol,rope_bridge,rope_bridge,none,none,True,True,True,True
942,53,session-009,orchid_engine,Bea,gear brush,carry-visible,Bea,carried,carried,Dax,Dax,True,True,False,True
943,53,session-009,moss_ward,Fay,ledger awl,drop,Fay,carried,root_alcove,Tala,none,True,True,True,True
944,53,session-009,glass_harbor,Puck,wick clamp,carry-visible,Puck,carried,carried,Puck,Puck,True,True,True,True
945,53,session-009,cinder_garden,Wren,basket hook,nearby-visible,Wren,shade_tent,shade_tent,none,none,True,True,False,True
946,53,session-009,lichen_bridge,Kio,ledger punch,carry-visible,Kio,carried,carried,Rin,Rin,True,True,False,True
947,53,session-009,orchid_engine,Cai,valve key,pickup,Cai,orchid_bay,carried,none,Cai,True,True,True,True
948,53,session-009,moss_ward,Milo,loom hook,carry-visible,Milo,carried,carried,Milo,Milo,True,True,True,True
949,53,session-009,glass_harbor,Sera,rope gauge,carry-visible,Sera,carried,carried,Oren,Oren,True,True,False,True
950,53,session-009,cinder_garden,Juno,shade mallet,drop,Juno,carried,seed_shelf,Vale,none,True,True,True,True
951,53,session-009,lichen_bridge,Luma,bell file,nearby-visible,Luma,signal_post,signal_post,none,none,True,True,True,True
952,53,session-009,orchid_engine,Dax,lamp tongs,nearby-visible,Dax,engine_ring,engine_ring,none,none,True,True,False,True
953,53,session-009,moss_ward,Tala,reed knife,nearby-visible,Tala,blanket_room,blanket_room,none,none,True,True,False,True
954,54,session-009,cinder_garden,Wren,shade mallet,nearby-visible,Vale,seed_shelf,seed_shelf,none,none,True,True,False,True
955,54,session-009,lichen_bridge,Kio,bell file,nearby-visible,Sol,signal_post,signal_post,none,none,True,True,False,True
956,54,session-009,orchid_engine,Cai,lamp tongs,nearby-visible,Bea,engine_ring,engine_ring,none,none,True,True,False,True
957,54,session-009,moss_ward,Milo,reed knife,pickup,Fay,blanket_room,carried,none,Milo,True,True,True,True
958,54,session-009,glass_harbor,Sera,net shuttle,nearby-visible,Puck,lamp_pier,lamp_pier,none,none,True,True,True,True
959,54,session-009,cinder_garden,Juno,calendar stylus,carry-visible,Wren,carried,carried,Vale,Vale,True,True,False,True
960,54,session-009,lichen_bridge,Luma,tension peg,drop,Kio,rope_bridge,meal_room,none,none,True,True,True,True
961,54,session-009,orchid_engine,Dax,gear brush,carry-visible,Cai,carried,carried,Dax,Dax,True,True,True,True
962,54,session-009,moss_ward,Tala,ledger awl,nearby-visible,Milo,root_alcove,root_alcove,none,none,True,True,False,True
963,54,session-009,glass_harbor,Nia,wick clamp,carry-visible,Sera,carried,carried,Puck,Puck,True,True,False,True
964,54,session-009,cinder_garden,Pax,basket hook,pickup,Juno,shade_tent,carried,none,Pax,True,True,True,True
965,54,session-009,lichen_bridge,Rin,ledger punch,carry-visible,Luma,carried,carried,Rin,Rin,True,True,True,True
966,54,session-009,orchid_engine,Eli,valve key,carry-visible,Dax,carried,carried,Cai,Cai,True,True,False,True
967,54,session-009,moss_ward,Ari,loom hook,drop,Tala,carried,rain_gate,Milo,none,True,True,True,True
968,54,session-009,glass_harbor,Oren,rope gauge,carry-visible,Nia,carried,carried,Oren,Oren,True,True,True,True
969,54,session-009,cinder_garden,Vale,shade mallet,nearby-visible,Pax,seed_shelf,seed_shelf,none,none,True,True,False,True
970,54,session-009,lichen_bridge,Sol,bell file,nearby-visible,Rin,signal_post,signal_post,none,none,True,True,False,True
971,54,session-009,orchid_engine,Bea,lamp tongs,pickup,Eli,engine_ring,carried,none,Bea,True,True,True,True
972,55,session-010,glass_harbor,Nia,rope gauge,carry-visible,Puck,carried,carried,Oren,Oren,True,True,False,True
973,55,session-010,cinder_garden,Pax,shade mallet,nearby-visible,Wren,seed_shelf,seed_shelf,none,none,True,True,False,True
974,55,session-010,lichen_bridge,Rin,bell file,pickup,Kio,signal_post,carried,none,Rin,True,True,True,True
975,55,session-010,orchid_engine,Eli,lamp tongs,carry-visible,Cai,carried,carried,Bea,Bea,True,True,False,True
976,55,session-010,moss_ward,Ari,reed knife,carry-visible,Milo,carried,carried,Milo,Milo,True,True,False,True
977,55,session-010,glass_harbor,Oren,net shuttle,drop,Sera,lamp_pier,fog_rail,none,none,True,True,True,True
978,55,session-010,cinder_garden,Vale,calendar stylus,carry-visible,Juno,carried,carried,Vale,Vale,True,True,True,True
979,55,session-010,lichen_bridge,Sol,tension peg,nearby-visible,Luma,meal_room,meal_room,none,none,True,True,False,True
980,55,session-010,orchid_engine,Bea,gear brush,carry-visible,Dax,carried,carried,Dax,Dax,True,True,False,True
981,55,session-010,moss_ward,Fay,ledger awl,pickup,Tala,root_alcove,carried,none,Fay,True,True,True,True
982,55,session-010,glass_harbor,Puck,wick clamp,carry-visible,Nia,carried,carried,Puck,Puck,True,True,True,True
983,55,session-010,cinder_garden,Wren,basket hook,carry-visible,Pax,carried,carried,Pax,Pax,True,True,False,True
984,55,session-010,lichen_bridge,Kio,ledger punch,drop,Rin,carried,rope_bridge,Rin,none,True,True,True,True
985,55,session-010,orchid_engine,Cai,valve key,carry-visible,Eli,carried,carried,Cai,Cai,True,True,True,True
986,55,session-010,moss_ward,Milo,loom hook,nearby-visible,Ari,rain_gate,rain_gate,none,none,True,True,False,True
987,55,session-010,glass_harbor,Sera,rope gauge,carry-visible,Oren,carried,carried,Oren,Oren,True,True,False,True
988,55,session-010,cinder_garden,Juno,shade mallet,pickup,Vale,seed_shelf,carried,none,Juno,True,True,True,True
989,55,session-010,lichen_bridge,Luma,bell file,carry-visible,Sol,carried,carried,Rin,Rin,True,True,False,True
990,56,session-010,moss_ward,Fay,loom hook,nearby-visible,Milo,rain_gate,rain_gate,none,none,True,True,False,True
991,56,session-010,glass_harbor,Puck,rope gauge,pickup,Sera,carried,carried,Oren,Puck,True,True,True,True
992,56,session-010,cinder_garden,Wren,shade mallet,carry-visible,Juno,carried,carried,Juno,Juno,True,True,False,True
993,56,session-010,lichen_bridge,Kio,bell file,carry-visible,Luma,carried,carried,Rin,Rin,True,True,False,True
994,56,session-010,orchid_engine,Cai,lamp tongs,drop,Dax,carried,orchid_bay,Bea,none,True,True,True,True
995,56,session-010,moss_ward,Milo,reed knife,carry-visible,Tala,carried,carried,Milo,Milo,True,True,True,True
996,56,session-010,glass_harbor,Sera,net shuttle,nearby-visible,Nia,fog_rail,fog_rail,none,none,True,True,False,True
997,56,session-010,cinder_garden,Juno,calendar stylus,carry-visible,Pax,carried,carried,Vale,Vale,True,True,False,True
998,56,session-010,lichen_bridge,Luma,tension peg,pickup,Rin,meal_room,carried,none,Luma,True,True,True,True
999,56,session-010,orchid_engine,Dax,gear brush,carry-visible,Eli,carried,carried,Dax,Dax,True,True,True,True
1000,56,session-010,moss_ward,Tala,ledger awl,carry-visible,Ari,carried,carried,Fay,Fay,True,True,False,True
1001,56,session-010,glass_harbor,Nia,wick clamp,drop,Oren,carried,lamp_pier,Puck,none,True,True,True,True
1002,56,session-010,cinder_garden,Pax,basket hook,carry-visible,Vale,carried,carried,Pax,Pax,True,True,True,True
1003,56,session-010,lichen_bridge,Rin,ledger punch,nearby-visible,Sol,rope_bridge,rope_bridge,none,none,True,True,False,True
1004,56,session-010,orchid_engine,Eli,valve key,carry-visible,Bea,carried,carried,Cai,Cai,True,True,False,True
1005,56,session-010,moss_ward,Ari,loom hook,pickup,Fay,rain_gate,carried,none,Ari,True,True,True,True
1006,56,session-010,glass_harbor,Oren,rope gauge,carry-visible,Puck,carried,carried,Puck,Puck,True,True,False,True
1007,56,session-010,cinder_garden,Vale,shade mallet,carry-visible,Wren,carried,carried,Juno,Juno,True,True,False,True
1008,57,session-010,orchid_engine,Dax,valve key,pickup,Dax,carried,carried,Cai,Dax,True,True,True,True
1009,57,session-010,moss_ward,Tala,loom hook,carry-visible,Tala,carried,carried,Ari,Ari,True,True,False,True
1010,57,session-010,glass_harbor,Nia,rope gauge,carry-visible,Nia,carried,carried,Puck,Puck,True,True,False,True
1011,57,session-010,cinder_garden,Pax,shade mallet,drop,Pax,carried,shade_tent,Juno,none,True,True,True,True
1012,57,session-010,lichen_bridge,Rin,bell file,carry-visible,Rin,carried,carried,Rin,Rin,True,True,True,True
1013,57,session-010,orchid_engine,Eli,lamp tongs,nearby-visible,Eli,orchid_bay,orchid_bay,none,none,True,True,False,True
1014,57,session-010,moss_ward,Ari,reed knife,carry-visible,Ari,carried,carried,Milo,Milo,True,True,False,True
1015,57,session-010,glass_harbor,Oren,net shuttle,pickup,Oren,fog_rail,carried,none,Oren,True,True,True,True
1016,57,session-010,cinder_garden,Vale,calendar stylus,carry-visible,Vale,carried,carried,Vale,Vale,True,True,True,True
1017,57,session-010,lichen_bridge,Sol,tension peg,carry-visible,Sol,carried,carried,Luma,Luma,True,True,False,True
1018,57,session-010,orchid_engine,Bea,gear brush,drop,Bea,carried,engine_ring,Dax,none,True,True,True,True
1019,57,session-010,moss_ward,Fay,ledger awl,carry-visible,Fay,carried,carried,Fay,Fay,True,True,True,True
1020,57,session-010,glass_harbor,Puck,wick clamp,nearby-visible,Puck,lamp_pier,lamp_pier,none,none,True,True,False,True
1021,57,session-010,cinder_garden,Wren,basket hook,carry-visible,Wren,carried,carried,Pax,Pax,True,True,False,True
1022,57,session-010,lichen_bridge,Kio,ledger punch,pickup,Kio,rope_bridge,carried,none,Kio,True,True,True,True
1023,57,session-010,orchid_engine,Cai,valve key,carry-visible,Cai,carried,carried,Dax,Dax,True,True,False,True
1024,57,session-010,moss_ward,Milo,loom hook,carry-visible,Milo,carried,carried,Ari,Ari,True,True,False,True
1025,57,session-010,glass_harbor,Sera,rope gauge,drop,Sera,carried,net_room,Puck,none,True,True,True,True
1026,58,session-010,lichen_bridge,Sol,ledger punch,carry-visible,Rin,carried,carried,Kio,Kio,True,True,False,True
1027,58,session-010,orchid_engine,Bea,valve key,carry-visible,Eli,carried,carried,Dax,Dax,True,True,False,True
1028,58,session-010,moss_ward,Fay,loom hook,drop,Ari,carried,root_alcove,Ari,none,True,True,True,True
1029,58,session-010,glass_harbor,Puck,rope gauge,nearby-visible,Oren,net_room,net_room,none,none,True,True,False,True
1030,58,session-010,cinder_garden,Wren,shade mallet,nearby-visible,Vale,shade_tent,shade_tent,none,none,True,True,False,True
1031,58,session-010,lichen_bridge,Kio,bell file,carry-visible,Sol,carried,carried,Rin,Rin,True,True,False,True
1032,58,session-010,orchid_engine,Cai,lamp tongs,pickup,Bea,orchid_bay,carried,none,Cai,True,True,True,True
1033,58,session-010,moss_ward,Milo,reed knife,carry-visible,Fay,carried,carried,Milo,Milo,True,True,True,True
1034,58,session-010,glass_harbor,Sera,net shuttle,carry-visible,Puck,carried,carried,Oren,Oren,True,True,False,True
1035,58,session-010,cinder_garden,Juno,calendar stylus,drop,Wren,carried,seed_shelf,Vale,none,True,True,True,True
1036,58,session-010,lichen_bridge,Luma,tension peg,carry-visible,Kio,carried,carried,Luma,Luma,True,True,True,True
1037,58,session-010,orchid_engine,Dax,gear brush,nearby-visible,Cai,engine_ring,engine_ring,none,none,True,True,False,True
1038,58,session-010,moss_ward,Tala,ledger awl,carry-visible,Milo,carried,carried,Fay,Fay,True,True,False,True
1039,58,session-010,glass_harbor,Nia,wick clamp,pickup,Sera,lamp_pier,carried,none,Nia,True,True,True,True
1040,58,session-010,cinder_garden,Pax,basket hook,carry-visible,Juno,carried,carried,Pax,Pax,True,True,True,True
1041,58,session-010,lichen_bridge,Rin,ledger punch,carry-visible,Luma,carried,carried,Kio,Kio,True,True,False,True
1042,58,session-010,orchid_engine,Eli,valve key,drop,Dax,carried,gear_wash,Dax,none,True,True,True,True
1043,58,session-010,moss_ward,Ari,loom hook,nearby-visible,Tala,root_alcove,root_alcove,none,none,True,True,True,True
1044,59,session-010,cinder_garden,Juno,basket hook,carry-visible,Vale,carried,carried,Pax,Pax,True,True,False,True
1045,59,session-010,lichen_bridge,Luma,ledger punch,drop,Sol,carried,meal_room,Kio,none,True,True,True,True
1046,59,session-010,orchid_engine,Dax,valve key,nearby-visible,Bea,gear_wash,gear_wash,none,none,True,True,False,True
1047,59,session-010,moss_ward,Tala,loom hook,nearby-visible,Fay,root_alcove,root_alcove,none,none,True,True,False,True
1048,59,session-010,glass_harbor,Nia,rope gauge,nearby-visible,Puck,net_room,net_room,none,none,True,True,False,True
1049,59,session-010,cinder_garden,Pax,shade mallet,pickup,Wren,shade_tent,carried,none,Pax,True,True,True,True
1050,59,session-010,lichen_bridge,Rin,bell file,carry-visible,Kio,carried,carried,Rin,Rin,True,True,True,True
1051,59,session-010,orchid_engine,Eli,lamp tongs,carry-visible,Cai,carried,carried,Cai,Cai,True,True,False,True
1052,59,session-010,moss_ward,Ari,reed knife,drop,Milo,carried,rain_gate,Milo,none,True,True,True,True
1053,59,session-010,glass_harbor,Oren,net shuttle,carry-visible,Sera,carried,carried,Oren,Oren,True,True,True,True
1054,59,session-010,cinder_garden,Vale,calendar stylus,nearby-visible,Juno,seed_shelf,seed_shelf,none,none,True,True,False,True
1055,59,session-010,lichen_bridge,Sol,tension peg,carry-visible,Luma,carried,carried,Luma,Luma,True,True,False,True
1056,59,session-010,orchid_engine,Bea,gear brush,pickup,Dax,engine_ring,carried,none,Bea,True,True,True,True
1057,59,session-010,moss_ward,Fay,ledger awl,carry-visible,Tala,carried,carried,Fay,Fay,True,True,True,True
1058,59,session-010,glass_harbor,Puck,wick clamp,carry-visible,Nia,carried,carried,Nia,Nia,True,True,False,True
1059,59,session-010,cinder_garden,Wren,basket hook,drop,Pax,carried,ash_path,Pax,none,True,True,True,True
1060,59,session-010,lichen_bridge,Kio,ledger punch,nearby-visible,Rin,meal_room,meal_room,none,none,True,True,True,True
1061,59,session-010,orchid_engine,Cai,valve key,nearby-visible,Eli,gear_wash,gear_wash,none,none,True,True,False,True
1062,60,session-010,glass_harbor,Oren,wick clamp,drop,Puck,carried,fog_rail,Nia,none,True,True,True,True
1063,60,session-010,cinder_garden,Vale,basket hook,nearby-visible,Wren,ash_path,ash_path,none,none,True,True,False,True
1064,60,session-010,lichen_bridge,Sol,ledger punch,nearby-visible,Kio,meal_room,meal_room,none,none,True,True,False,True
1065,60,session-010,orchid_engine,Bea,valve key,nearby-visible,Cai,gear_wash,gear_wash,none,none,True,True,False,True
1066,60,session-010,moss_ward,Fay,loom hook,pickup,Milo,root_alcove,carried,none,Fay,True,True,True,True
1067,60,session-010,glass_harbor,Puck,rope gauge,nearby-visible,Sera,net_room,net_room,none,none,True,True,True,True
1068,60,session-010,cinder_garden,Wren,shade mallet,carry-visible,Juno,carried,carried,Pax,Pax,True,True,False,True
1069,60,session-010,lichen_bridge,Kio,bell file,drop,Luma,carried,rope_bridge,Rin,none,True,True,True,True
1070,60,session-010,orchid_engine,Cai,lamp tongs,carry-visible,Dax,carried,carried,Cai,Cai,True,True,True,True
1071,60,session-010,moss_ward,Milo,reed knife,nearby-visible,Tala,rain_gate,rain_gate,none,none,True,True,False,True
1072,60,session-010,glass_harbor,Sera,net shuttle,carry-visible,Nia,carried,carried,Oren,Oren,True,True,False,True
1073,60,session-010,cinder_garden,Juno,calendar stylus,pickup,Pax,seed_shelf,carried,none,Juno,True,True,True,True
1074,60,session-010,lichen_bridge,Luma,tension peg,carry-visible,Rin,carried,carried,Luma,Luma,True,True,True,True
1075,60,session-010,orchid_engine,Dax,gear brush,carry-visible,Eli,carried,carried,Bea,Bea,True,True,False,True
1076,60,session-010,moss_ward,Tala,ledger awl,drop,Ari,carried,blanket_room,Fay,none,True,True,True,True
1077,60,session-010,glass_harbor,Nia,wick clamp,nearby-visible,Oren,fog_rail,fog_rail,none,none,True,True,True,True
1078,60,session-010,cinder_garden,Pax,basket hook,nearby-visible,Vale,ash_path,ash_path,none,none,True,True,False,True
1079,60,session-010,lichen_bridge,Rin,ledger punch,nearby-visible,Sol,meal_room,meal_room,none,none,True,True,False,True
1080,61,session-011,moss_ward,Milo,ledger awl,nearby-visible,Milo,blanket_room,blanket_room,none,none,True,True,False,True
1081,61,session-011,glass_harbor,Sera,wick clamp,nearby-visible,Sera,fog_rail,fog_rail,none,none,True,True,False,True
1082,61,session-011,cinder_garden,Juno,basket hook,nearby-visible,Juno,ash_path,ash_path,none,none,True,True,False,True
1083,61,session-011,lichen_bridge,Luma,ledger punch,pickup,Luma,meal_room,carried,none,Luma,True,True,True,True
1084,61,session-011,orchid_engine,Dax,valve key,nearby-visible,Dax,gear_wash,gear_wash,none,none,True,True,True,True
1085,61,session-011,moss_ward,Tala,loom hook,carry-visible,Tala,carried,carried,Fay,Fay,True,True,False,True
1086,61,session-011,glass_harbor,Nia,rope gauge,drop,Nia,net_room,lamp_pier,none,none,True,True,True,True
1087,61,session-011,cinder_garden,Pax,shade mallet,carry-visible,Pax,carried,carried,Pax,Pax,True,True,True,True
1088,61,session-011,lichen_bridge,Rin,bell file,nearby-visible,Rin,rope_bridge,rope_bridge,none,none,True,True,False,True
1089,61,session-011,orchid_engine,Eli,lamp tongs,carry-visible,Eli,carried,carried,Cai,Cai,True,True,False,True
1090,61,session-011,moss_ward,Ari,reed knife,pickup,Ari,rain_gate,carried,none,Ari,True,True,True,True
1091,61,session-011,glass_harbor,Oren,net shuttle,carry-visible,Oren,carried,carried,Oren,Oren,True,True,True,True
1092,61,session-011,cinder_garden,Vale,calendar stylus,carry-visible,Vale,carried,carried,Juno,Juno,True,True,False,True
1093,61,session-011,lichen_bridge,Sol,tension peg,drop,Sol,carried,signal_post,Luma,none,True,True,True,True
1094,61,session-011,orchid_engine,Bea,gear brush,carry-visible,Bea,carried,carried,Bea,Bea,True,True,True,True
1095,61,session-011,moss_ward,Fay,ledger awl,nearby-visible,Fay,blanket_room,blanket_room,none,none,True,True,False,True
1096,61,session-011,glass_harbor,Puck,wick clamp,nearby-visible,Puck,fog_rail,fog_rail,none,none,True,True,False,True
1097,61,session-011,cinder_garden,Wren,basket hook,pickup,Wren,ash_path,carried,none,Wren,True,True,True,True
1098,62,session-011,orchid_engine,Eli,gear brush,carry-visible,Dax,carried,carried,Bea,Bea,True,True,False,True
1099,62,session-011,moss_ward,Ari,ledger awl,nearby-visible,Tala,blanket_room,blanket_room,none,none,True,True,False,True
1100,62,session-011,glass_harbor,Oren,wick clamp,pickup,Nia,fog_rail,carried,none,Oren,True,True,True,True
1101,62,session-011,cinder_garden,Vale,basket hook,carry-visible,Pax,carried,carried,Wren,Wren,True,True,False,True
1102,62,session-011,lichen_bridge,Sol,ledger punch,carry-visible,Rin,carried,carried,Luma,Luma,True,True,False,True
1103,62,session-011,orchid_engine,Bea,valve key,drop,Eli,gear_wash,engine_ring,none,none,True,True,True,True
1104,62,session-011,moss_ward,Fay,loom hook,carry-visible,Ari,carried,carried,Fay,Fay,True,True,True,True
1105,62,session-011,glass_harbor,Puck,rope gauge,nearby-visible,Oren,lamp_pier,lamp_pier,none,none,True,True,False,True
1106,62,session-011,cinder_garden,Wren,shade mallet,carry-visible,Vale,carried,carried,Pax,Pax,True,True,False,True
1107,62,session-011,lichen_bridge,Kio,bell file,pickup,Sol,rope_bridge,carried,none,Kio,True,True,True,True
1108,62,session-011,orchid_engine,Cai,lamp tongs,carry-visible,Bea,carried,carried,Cai,Cai,True,True,True,True
1109,62,session-011,moss_ward,Milo,reed knife,carry-visible,Fay,carried,carried,Ari,Ari,True,True,False,True
1110,62,session-011,glass_harbor,Sera,net shuttle,drop,Puck,carried,net_room,Oren,none,True,True,True,True
1111,62,session-011,cinder_garden,Juno,calendar stylus,carry-visible,Wren,carried,carried,Juno,Juno,True,True,True,True
1112,62,session-011,lichen_bridge,Luma,tension peg,nearby-visible,Kio,signal_post,signal_post,none,none,True,True,False,True
1113,62,session-011,orchid_engine,Dax,gear brush,carry-visible,Cai,carried,carried,Bea,Bea,True,True,False,True
1114,62,session-011,moss_ward,Tala,ledger awl,pickup,Milo,blanket_room,carried,none,Tala,True,True,True,True
1115,62,session-011,glass_harbor,Nia,wick clamp,carry-visible,Sera,carried,carried,Oren,Oren,True,True,False,True
1116,63,session-011,lichen_bridge,Kio,tension peg,nearby-visible,Rin,signal_post,signal_post,none,none,True,True,False,True
1117,63,session-011,orchid_engine,Cai,gear brush,pickup,Eli,carried,carried,Bea,Cai,True,True,True,True
1118,63,session-011,moss_ward,Milo,ledger awl,carry-visible,Ari,carried,carried,Tala,Tala,True,True,False,True
1119,63,session-011,glass_harbor,Sera,wick clamp,carry-visible,Oren,carried,carried,Oren,Oren,True,True,False,True
1120,63,session-011,cinder_garden,Juno,basket hook,drop,Vale,carried,seed_shelf,Wren,none,True,True,True,True
1121,63,session-011,lichen_bridge,Luma,ledger punch,carry-visible,Sol,carried,carried,Luma,Luma,True,True,True,True
1122,63,session-011,orchid_engine,Dax,valve key,nearby-visible,Bea,engine_ring,engine_ring,none,none,True,True,False,True
1123,63,session-011,moss_ward,Tala,loom hook,carry-visible,Fay,carried,carried,Fay,Fay,True,True,False,True
1124,63,session-011,glass_harbor,Nia,rope gauge,pickup,Puck,lamp_pier,carried,none,Nia,True,True,True,True
1125,63,session-011,cinder_garden,Pax,shade mallet,carry-visible,Wren,carried,carried,Pax,Pax,True,True,True,True
1126,63,session-011,lichen_bridge,Rin,bell file,carry-visible,Kio,carried,carried,Kio,Kio,True,True,False,True
1127,63,session-011,orchid_engine,Eli,lamp tongs,drop,Cai,carried,gear_wash,Cai,none,True,True,True,True
1128,63,session-011,moss_ward,Ari,reed knife,carry-visible,Milo,carried,carried,Ari,Ari,True,True,True,True
1129,63,session-011,glass_harbor,Oren,net shuttle,nearby-visible,Sera,net_room,net_room,none,none,True,True,False,True
1130,63,session-011,cinder_garden,Vale,calendar stylus,carry-visible,Juno,carried,carried,Juno,Juno,True,True,False,True
1131,63,session-011,lichen_bridge,Sol,tension peg,pickup,Luma,signal_post,carried,none,Sol,True,True,True,True
1132,63,session-011,orchid_engine,Bea,gear brush,carry-visible,Dax,carried,carried,Cai,Cai,True,True,False,True
1133,63,session-011,moss_ward,Fay,ledger awl,carry-visible,Tala,carried,carried,Tala,Tala,True,True,False,True
1134,64,session-011,cinder_garden,Pax,calendar stylus,pickup,Vale,carried,carried,Juno,Pax,True,True,True,True
1135,64,session-011,lichen_bridge,Rin,tension peg,carry-visible,Sol,carried,carried,Sol,Sol,True,True,False,True
1136,64,session-011,orchid_engine,Eli,gear brush,carry-visible,Bea,carried,carried,Cai,Cai,True,True,False,True
1137,64,session-011,moss_ward,Ari,ledger awl,drop,Fay,carried,rain_gate,Tala,none,True,True,True,True
1138,64,session-011,glass_harbor,Oren,wick clamp,carry-visible,Puck,carried,carried,Oren,Oren,True,True,True,True
1139,64,session-011,cinder_garden,Vale,basket hook,nearby-visible,Wren,seed_shelf,seed_shelf,none,none,True,True,False,True
1140,64,session-011,lichen_bridge,Sol,ledger punch,carry-visible,Kio,carried,carried,Luma,Luma,True,True,False,True
1141,64,session-011,orchid_engine,Bea,valve key,pickup,Cai,engine_ring,carried,none,Bea,True,True,True,True
1142,64,session-011,moss_ward,Fay,loom hook,carry-visible,Milo,carried,carried,Fay,Fay,True,True,True,True
1143,64,session-011,glass_harbor,Puck,rope gauge,carry-visible,Sera,carried,carried,Nia,Nia,True,True,False,True
1144,64,session-011,cinder_garden,Wren,shade mallet,drop,Juno,carried,ash_path,Pax,none,True,True,True,True
1145,64,session-011,lichen_bridge,Kio,bell file,carry-visible,Luma,carried,carried,Kio,Kio,True,True,True,True
1146,64,session-011,orchid_engine,Cai,lamp tongs,nearby-visible,Dax,gear_wash,gear_wash,none,none,True,True,False,True
1147,64,session-011,moss_ward,Milo,reed knife,carry-visible,Tala,carried,carried,Ari,Ari,True,True,False,True
1148,64,session-011,glass_harbor,Sera,net shuttle,pickup,Nia,net_room,carried,none,Sera,True,True,True,True
1149,64,session-011,cinder_garden,Juno,calendar stylus,carry-visible,Pax,carried,carried,Pax,Pax,True,True,False,True
1150,64,session-011,lichen_bridge,Luma,tension peg,carry-visible,Rin,carried,carried,Sol,Sol,True,True,False,True
1151,64,session-011,orchid_engine,Dax,gear brush,drop,Eli,carried,orchid_bay,Cai,none,True,True,True,True
1152,65,session-011,glass_harbor,Puck,net shuttle,carry-visible,Puck,carried,carried,Sera,Sera,True,True,False,True
1153,65,session-011,cinder_garden,Wren,calendar stylus,carry-visible,Wren,carried,carried,Pax,Pax,True,True,False,True
1154,65,session-011,lichen_bridge,Kio,tension peg,drop,Kio,carried,rope_bridge,Sol,none,True,True,True,True
1155,65,session-011,orchid_engine,Cai,gear brush,nearby-visible,Cai,orchid_bay,orchid_bay,none,none,True,True,False,True
1156,65,session-011,moss_ward,Milo,ledger awl,nearby-visible,Milo,rain_gate,rain_gate,none,none,True,True,False,True
1157,65,session-011,glass_harbor,Sera,wick clamp,carry-visible,Sera,carried,carried,Oren,Oren,True,True,False,True
1158,65,session-011,cinder_garden,Juno,basket hook,pickup,Juno,seed_shelf,carried,none,Juno,True,True,True,True
1159,65,session-011,lichen_bridge,Luma,ledger punch,carry-visible,Luma,carried,carried,Luma,Luma,True,True,True,True
1160,65,session-011,orchid_engine,Dax,valve key,carry-visible,Dax,carried,carried,Bea,Bea,True,True,False,True
1161,65,session-011,moss_ward,Tala,loom hook,drop,Tala,carried,blanket_room,Fay,none,True,True,True,True
1162,65,session-011,glass_harbor,Nia,rope gauge,carry-visible,Nia,carried,carried,Nia,Nia,True,True,True,True
1163,65,session-011,cinder_garden,Pax,shade mallet,nearby-visible,Pax,ash_path,ash_path,none,none,True,True,False,True
1164,65,session-011,lichen_bridge,Rin,bell file,carry-visible,Rin,carried,carried,Kio,Kio,True,True,False,True
1165,65,session-011,orchid_engine,Eli,lamp tongs,pickup,Eli,gear_wash,carried,none,Eli,True,True,True,True
1166,65,session-011,moss_ward,Ari,reed knife,carry-visible,Ari,carried,carried,Ari,Ari,True,True,True,True
1167,65,session-011,glass_harbor,Oren,net shuttle,carry-visible,Oren,carried,carried,Sera,Sera,True,True,False,True
1168,65,session-011,cinder_garden,Vale,calendar stylus,drop,Vale,carried,shade_tent,Pax,none,True,True,True,True
1169,65,session-011,lichen_bridge,Sol,tension peg,nearby-visible,Sol,rope_bridge,rope_bridge,none,none,True,True,True,True
1170,66,session-011,moss_ward,Tala,reed knife,carry-visible,Milo,carried,carried,Ari,Ari,True,True,False,True
1171,66,session-011,glass_harbor,Nia,net shuttle,drop,Sera,carried,lamp_pier,Sera,none,True,True,True,True
1172,66,session-011,cinder_garden,Pax,calendar stylus,nearby-visible,Juno,shade_tent,shade_tent,none,none,True,True,False,True
1173,66,session-011,lichen_bridge,Rin,tension peg,nearby-visible,Luma,rope_bridge,rope_bridge,none,none,True,True,False,True
1174,66,session-011,orchid_engine,Eli,gear brush,nearby-visible,Dax,orchid_bay,orchid_bay,none,none,True,True,False,True
1175,66,session-011,moss_ward,Ari,ledger awl,pickup,Tala,rain_gate,carried,none,Ari,True,True,True,True
1176,66,session-011,glass_harbor,Oren,wick clamp,carry-visible,Nia,carried,carried,Oren,Oren,True,True,True,True
1177,66,session-011,cinder_garden,Vale,basket hook,carry-visible,Pax,carried,carried,Juno,Juno,True,True,False,True
1178,66,session-011,lichen_bridge,Sol,ledger punch,drop,Rin,carried,signal_post,Luma,none,True,True,True,True
1179,66,session-011,orchid_engine,Bea,valve key,carry-visible,Eli,carried,carried,Bea,Bea,True,True,True,True
1180,66,session-011,moss_ward,Fay,loom hook,nearby-visible,Ari,blanket_room,blanket_room,none,none,True,True,False,True
1181,66,session-011,glass_harbor,Puck,rope gauge,carry-visible,Oren,carried,carried,Nia,Nia,True,True,False,True
1182,66,session-011,cinder_garden,Wren,shade mallet,pickup,Vale,ash_path,carried,none,Wren,True,True,True,True
1183,66,session-011,lichen_bridge,Kio,bell file,carry-visible,Sol,carried,carried,Kio,Kio,True,True,True,True
1184,66,session-011,orchid_engine,Cai,lamp tongs,carry-visible,Bea,carried,carried,Eli,Eli,True,True,False,True
1185,66,session-011,moss_ward,Milo,reed knife,drop,Fay,carried,root_alcove,Ari,none,True,True,True,True
1186,66,session-011,glass_harbor,Sera,net shuttle,nearby-visible,Puck,lamp_pier,lamp_pier,none,none,True,True,True,True
1187,66,session-011,cinder_garden,Juno,calendar stylus,nearby-visible,Wren,shade_tent,shade_tent,none,none,True,True,False,True
1188,67,session-012,orchid_engine,Bea,lamp tongs,drop,Dax,carried,engine_ring,Eli,none,True,True,True,True
1189,67,session-012,moss_ward,Fay,reed knife,nearby-visible,Tala,root_alcove,root_alcove,none,none,True,True,False,True
1190,67,session-012,glass_harbor,Puck,net shuttle,nearby-visible,Nia,lamp_pier,lamp_pier,none,none,True,True,False,True
1191,67,session-012,cinder_garden,Wren,calendar stylus,nearby-visible,Pax,shade_tent,shade_tent,none,none,True,True,False,True
1192,67,session-012,lichen_bridge,Kio,tension peg,pickup,Rin,rope_bridge,carried,none,Kio,True,True,True,True
1193,67,session-012,orchid_engine,Cai,gear brush,nearby-visible,Eli,orchid_bay,orchid_bay,none,none,True,True,True,True
1194,67,session-012,moss_ward,Milo,ledger awl,carry-visible,Ari,carried,carried,Ari,Ari,True,True,False,True
1195,67,session-012,glass_harbor,Sera,wick clamp,drop,Oren,carried,net_room,Oren,none,True,True,True,True
1196,67,session-012,cinder_garden,Juno,basket hook,carry-visible,Vale,carried,carried,Juno,Juno,True,True,True,True
1197,67,session-012,lichen_bridge,Luma,ledger punch,nearby-visible,Sol,signal_post,signal_post,none,none,True,True,False,True
1198,67,session-012,orchid_engine,Dax,valve key,carry-visible,Bea,carried,carried,Bea,Bea,True,True,False,True
1199,67,session-012,moss_ward,Tala,loom hook,pickup,Fay,blanket_room,carried,none,Tala,True,True,True,True
1200,67,session-012,glass_harbor,Nia,rope gauge,carry-visible,Puck,carried,carried,Nia,Nia,True,True,True,True
1201,67,session-012,cinder_garden,Pax,shade mallet,carry-visible,Wren,carried,carried,Wren,Wren,True,True,False,True
1202,67,session-012,lichen_bridge,Rin,bell file,drop,Kio,carried,meal_room,Kio,none,True,True,True,True
1203,67,session-012,orchid_engine,Eli,lamp tongs,nearby-visible,Cai,engine_ring,engine_ring,none,none,True,True,True,True
1204,67,session-012,moss_ward,Ari,reed knife,nearby-visible,Milo,root_alcove,root_alcove,none,none,True,True,False,True
1205,67,session-012,glass_harbor,Oren,net shuttle,nearby-visible,Sera,lamp_pier,lamp_pier,none,none,True,True,False,True
1206,68,session-012,lichen_bridge,Luma,bell file,nearby-visible,Rin,meal_room,meal_room,none,none,True,True,False,True
1207,68,session-012,orchid_engine,Dax,lamp tongs,nearby-visible,Eli,engine_ring,engine_ring,none,none,True,True,False,True
1208,68,session-012,moss_ward,Tala,reed knife,nearby-visible,Ari,root_alcove,root_alcove,none,none,True,True,False,True
1209,68,session-012,glass_harbor,Nia,net shuttle,pickup,Oren,lamp_pier,carried,none,Nia,True,True,True,True
1210,68,session-012,cinder_garden,Pax,calendar stylus,nearby-visible,Vale,shade_tent,shade_tent,none,none,True,True,True,True
1211,68,session-012,lichen_bridge,Rin,tension peg,carry-visible,Sol,carried,carried,Kio,Kio,True,True,False,True
1212,68,session-012,orchid_engine,Eli,gear brush,drop,Bea,orchid_bay,gear_wash,none,none,True,True,True,True
1213,68,session-012,moss_ward,Ari,ledger awl,carry-visible,Fay,carried,carried,Ari,Ari,True,True,True,True
1214,68,session-012,glass_harbor,Oren,wick clamp,nearby-visible,Puck,net_room,net_room,none,none,True,True,False,True
1215,68,session-012,cinder_garden,Vale,basket hook,carry-visible,Wren,carried,carried,Juno,Juno,True,True,False,True
1216,68,session-012,lichen_bridge,Sol,ledger punch,pickup,Kio,signal_post,carried,none,Sol,True,True,True,True
1217,68,session-012,orchid_engine,Bea,valve key,carry-visible,Cai,carried,carried,Bea,Bea,True,True,True,True
1218,68,session-012,moss_ward,Fay,loom hook,carry-visible,Milo,carried,carried,Tala,Tala,True,True,False,True
1219,68,session-012,glass_harbor,Puck,rope gauge,drop,Sera,carried,fog_rail,Nia,none,True,True,True,True
1220,68,session-012,cinder_garden,Wren,shade mallet,carry-visible,Juno,carried,carried,Wren,Wren,True,True,True,True
1221,68,session-012,lichen_bridge,Kio,bell file,nearby-visible,Luma,meal_room,meal_room,none,none,True,True,False,True
1222,68,session-012,orchid_engine,Cai,lamp tongs,nearby-visible,Dax,engine_ring,engine_ring,none,none,True,True,False,True
1223,68,session-012,moss_ward,Milo,reed knife,pickup,Tala,root_alcove,carried,none,Milo,True,True,True,True
1224,69,session-012,cinder_garden,Vale,shade mallet,carry-visible,Vale,carried,carried,Wren,Wren,True,True,False,True
1225,69,session-012,lichen_bridge,Sol,bell file,nearby-visible,Sol,meal_room,meal_room,none,none,True,True,False,True
1226,69,session-012,orchid_engine,Bea,lamp tongs,pickup,Bea,engine_ring,carried,none,Bea,True,True,True,True
1227,69,session-012,moss_ward,Fay,reed knife,carry-visible,Fay,carried,carried,Milo,Milo,True,True,False,True
1228,69,session-012,glass_harbor,Puck,net shuttle,carry-visible,Puck,carried,carried,Nia,Nia,True,True,False,True
1229,69,session-012,cinder_garden,Wren,calendar stylus,drop,Wren,shade_tent,ash_path,none,none,True,True,True,True
1230,69,session-012,lichen_bridge,Kio,tension peg,carry-visible,Kio,carried,carried,Kio,Kio,True,True,True,True
1231,69,session-012,orchid_engine,Cai,gear brush,nearby-visible,Cai,gear_wash,gear_wash,none,none,True,True,False,True
1232,69,session-012,moss_ward,Milo,ledger awl,carry-visible,Milo,carried,carried,Ari,Ari,True,True,False,True
1233,69,session-012,glass_harbor,Sera,wick clamp,pickup,Sera,net_room,carried,none,Sera,True,True,True,True
1234,69,session-012,cinder_garden,Juno,basket hook,carry-visible,Juno,carried,carried,Juno,Juno,True,True,True,True
1235,69,session-012,lichen_bridge,Luma,ledger punch,carry-visible,Luma,carried,carried,Sol,Sol,True,True,False,True
1236,69,session-012,orchid_engine,Dax,valve key,drop,Dax,carried,orchid_bay,Bea,none,True,True,True,True
1237,69,session-012,moss_ward,Tala,loom hook,carry-visible,Tala,carried,carried,Tala,Tala,True,True,True,True
1238,69,session-012,glass_harbor,Nia,rope gauge,nearby-visible,Nia,fog_rail,fog_rail,none,none,True,True,False,True
1239,69,session-012,cinder_garden,Pax,shade mallet,carry-visible,Pax,carried,carried,Wren,Wren,True,True,False,True
1240,69,session-012,lichen_bridge,Rin,bell file,pickup,Rin,meal_room,carried,none,Rin,True,True,True,True
1241,69,session-012,orchid_engine,Eli,lamp tongs,carry-visible,Eli,carried,carried,Bea,Bea,True,True,False,True
1242,70,session-012,glass_harbor,Sera,rope gauge,nearby-visible,Puck,fog_rail,fog_rail,none,none,True,True,False,True
1243,70,session-012,cinder_garden,Juno,shade mallet,pickup,Wren,carried,carried,Wren,Juno,True,True,True,True
1244,70,session-012,lichen_bridge,Luma,bell file,carry-visible,Kio,carried,carried,Rin,Rin,True,True,False,True
1245,70,session-012,orchid_engine,Dax,lamp tongs,carry-visible,Cai,carried,carried,Bea,Bea,True,True,False,True
1246,70,session-012,moss_ward,Tala,reed knife,drop,Milo,carried,blanket_room,Milo,none,True,True,True,True
1247,70,session-012,glass_harbor,Nia,net shuttle,carry-visible,Sera,carried,carried,Nia,Nia,True,True,True,True
1248,70,session-012,cinder_garden,Pax,calendar stylus,nearby-visible,Juno,ash_path,ash_path,none,none,True,True,False,True
1249,70,session-012,lichen_bridge,Rin,tension peg,carry-visible,Luma,carried,carried,Kio,Kio,True,True,False,True
1250,70,session-012,orchid_engine,Eli,gear brush,pickup,Dax,gear_wash,carried,none,Eli,True,True,True,True
1251,70,session-012,moss_ward,Ari,ledger awl,carry-visible,Tala,carried,carried,Ari,Ari,True,True,True,True
1252,70,session-012,glass_harbor,Oren,wick clamp,carry-visible,Nia,carried,carried,Sera,Sera,True,True,False,True
1253,70,session-012,cinder_garden,Vale,basket hook,drop,Pax,carried,shade_tent,Juno,none,True,True,True,True
1254,70,session-012,lichen_bridge,Sol,ledger punch,carry-visible,Rin,carried,carried,Sol,Sol,True,True,True,True
1255,70,session-012,orchid_engine,Bea,valve key,nearby-visible,Eli,orchid_bay,orchid_bay,none,none,True,True,False,True
1256,70,session-012,moss_ward,Fay,loom hook,carry-visible,Ari,carried,carried,Tala,Tala,True,True,False,True
1257,70,session-012,glass_harbor,Puck,rope gauge,pickup,Oren,fog_rail,carried,none,Puck,True,True,True,True
1258,70,session-012,cinder_garden,Wren,shade mallet,carry-visible,Vale,carried,carried,Juno,Juno,True,True,False,True
1259,70,session-012,lichen_bridge,Kio,bell file,carry-visible,Sol,carried,carried,Rin,Rin,True,True,False,True
1260,71,session-012,moss_ward,Ari,loom hook,pickup,Milo,carried,carried,Tala,Ari,True,True,True,True
1261,71,session-012,glass_harbor,Oren,rope gauge,carry-visible,Sera,carried,carried,Puck,Puck,True,True,False,True
1262,71,session-012,cinder_garden,Vale,shade mallet,carry-visible,Juno,carried,carried,Juno,Juno,True,True,False,True
1263,71,session-012,lichen_bridge,Sol,bell file,drop,Luma,carried,signal_post,Rin,none,True,True,True,True
1264,71,session-012,orchid_engine,Bea,lamp tongs,carry-visible,Dax,carried,carried,Bea,Bea,True,True,True,True
1265,71,session-012,moss_ward,Fay,reed knife,nearby-visible,Tala,blanket_room,blanket_room,none,none,True,True,False,True
1266,71,session-012,glass_harbor,Puck,net shuttle,carry-visible,Nia,carried,carried,Nia,Nia,True,True,False,True
1267,71,session-012,cinder_garden,Wren,calendar stylus,pickup,Pax,ash_path,carried,none,Wren,True,True,True,True
1268,71,session-012,lichen_bridge,Kio,tension peg,carry-visible,Rin,carried,carried,Kio,Kio,True,True,True,True
1269,71,session-012,orchid_engine,Cai,gear brush,carry-visible,Eli,carried,carried,Eli,Eli,True,True,False,True
1270,71,session-012,moss_ward,Milo,ledger awl,drop,Ari,carried,root_alcove,Ari,none,True,True,True,True
1271,71,session-012,glass_harbor,Sera,wick clamp,carry-visible,Oren,carried,carried,Sera,Sera,True,True,True,True
1272,71,session-012,cinder_garden,Juno,basket hook,nearby-visible,Vale,shade_tent,shade_tent,none,none,True,True,False,True
1273,71,session-012,lichen_bridge,Luma,ledger punch,carry-visible,Sol,carried,carried,Sol,Sol,True,True,False,True
1274,71,session-012,orchid_engine,Dax,valve key,pickup,Bea,orchid_bay,carried,none,Dax,True,True,True,True
1275,71,session-012,moss_ward,Tala,loom hook,carry-visible,Fay,carried,carried,Ari,Ari,True,True,False,True
1276,71,session-012,glass_harbor,Nia,rope gauge,carry-visible,Puck,carried,carried,Puck,Puck,True,True,False,True
1277,71,session-012,cinder_garden,Pax,shade mallet,drop,Wren,carried,seed_shelf,Juno,none,True,True,True,True
1278,72,session-012,orchid_engine,Cai,valve key,carry-visible,Dax,carried,carried,Dax,Dax,True,True,False,True
1279,72,session-012,moss_ward,Milo,loom hook,carry-visible,Tala,carried,carried,Ari,Ari,True,True,False,True
1280,72,session-012,glass_harbor,Sera,rope gauge,drop,Nia,carried,net_room,Puck,none,True,True,True,True
1281,72,session-012,cinder_garden,Juno,shade mallet,nearby-visible,Pax,seed_shelf,seed_shelf,none,none,True,True,False,True
1282,72,session-012,lichen_bridge,Luma,bell file,nearby-visible,Rin,signal_post,signal_post,none,none,True,True,False,True
1283,72,session-012,orchid_engine,Dax,lamp tongs,carry-visible,Eli,carried,carried,Bea,Bea,True,True,False,True
1284,72,session-012,moss_ward,Tala,reed knife,pickup,Ari,blanket_room,carried,none,Tala,True,True,True,True
1285,72,session-012,glass_harbor,Nia,net shuttle,carry-visible,Oren,carried,carried,Nia,Nia,True,True,True,True
1286,72,session-012,cinder_garden,Pax,calendar stylus,carry-visible,Vale,carried,carried,Wren,Wren,True,True,False,True
1287,72,session-012,lichen_bridge,Rin,tension peg,drop,Sol,carried,meal_room,Kio,none,True,True,True,True
1288,72,session-012,orchid_engine,Eli,gear brush,carry-visible,Bea,carried,carried,Eli,Eli,True,True,True,True
1289,72,session-012,moss_ward,Ari,ledger awl,nearby-visible,Fay,root_alcove,root_alcove,none,none,True,True,False,True
1290,72,session-012,glass_harbor,Oren,wick clamp,carry-visible,Puck,carried,carried,Sera,Sera,True,True,False,True
1291,72,session-012,cinder_garden,Vale,basket hook,pickup,Wren,shade_tent,carried,none,Vale,True,True,True,True
1292,72,session-012,lichen_bridge,Sol,ledger punch,carry-visible,Kio,carried,carried,Sol,Sol,True,True,True,True
1293,72,session-012,orchid_engine,Bea,valve key,carry-visible,Cai,carried,carried,Dax,Dax,True,True,False,True
1294,72,session-012,moss_ward,Fay,loom hook,drop,Milo,carried,rain_gate,Ari,none,True,True,True,True
1295,72,session-012,glass_harbor,Puck,rope gauge,nearby-visible,Sera,net_room,net_room,none,none,True,True,True,True
1296,73,session-013,lichen_bridge,Rin,ledger punch,carry-visible,Rin,carried,carried,Sol,Sol,True,True,False,True
1297,73,session-013,orchid_engine,Eli,valve key,drop,Eli,carried,gear_wash,Dax,none,True,True,True,True
1298,73,session-013,moss_ward,Ari,loom hook,nearby-visible,Ari,rain_gate,rain_gate,none,none,True,True,False,True
1299,73,session-013,glass_harbor,Oren,rope gauge,nearby-visible,Oren,net_room,net_room,none,none,True,True,False,True
1300,73,session-013,cinder_garden,Vale,shade mallet,nearby-visible,Vale,seed_shelf,seed_shelf,none,none,True,True,False,True
1301,73,session-013,lichen_bridge,Sol,bell file,pickup,Sol,signal_post,carried,none,Sol,True,True,True,True
1302,73,session-013,orchid_engine,Bea,lamp tongs,carry-visible,Bea,carried,carried,Bea,Bea,True,True,True,True
1303,73,session-013,moss_ward,Fay,reed knife,carry-visible,Fay,carried,carried,Tala,Tala,True,True,False,True
1304,73,session-013,glass_harbor,Puck,net shuttle,drop,Puck,carried,fog_rail,Nia,none,True,True,True,True
1305,73,session-013,cinder_garden,Wren,calendar stylus,carry-visible,Wren,carried,carried,Wren,Wren,True,True,True,True
1306,73,session-013,lichen_bridge,Kio,tension peg,nearby-visible,Kio,meal_room,meal_room,none,none,True,True,False,True
1307,73,session-013,orchid_engine,Cai,gear brush,carry-visible,Cai,carried,carried,Eli,Eli,True,True,False,True
1308,73,session-013,moss_ward,Milo,ledger awl,pickup,Milo,root_alcove,carried,none,Milo,True,True,True,True
1309,73,session-013,glass_harbor,Sera,wick clamp,carry-visible,Sera,carried,carried,Sera,Sera,True,True,True,True
1310,73,session-013,cinder_garden,Juno,basket hook,carry-visible,Juno,carried,carried,Vale,Vale,True,True,False,True
1311,73,session-013,lichen_bridge,Luma,ledger punch,drop,Luma,carried,rope_bridge,Sol,none,True,True,True,True
1312,73,session-013,orchid_engine,Dax,valve key,nearby-visible,Dax,gear_wash,gear_wash,none,none,True,True,True,True
1313,73,session-013,moss_ward,Tala,loom hook,nearby-visible,Tala,rain_gate,rain_gate,none,none,True,True,False,True
1314,74,session-013,cinder_garden,Wren,basket hook,drop,Vale,carried,ash_path,Vale,none,True,True,True,True
1315,74,session-013,lichen_bridge,Kio,ledger punch,nearby-visible,Sol,rope_bridge,rope_bridge,none,none,True,True,False,True
1316,74,session-013,orchid_engine,Cai,valve key,nearby-visible,Bea,gear_wash,gear_wash,none,none,True,True,False,True
1317,74,session-013,moss_ward,Milo,loom hook,nearby-visible,Fay,rain_gate,rain_gate,none,none,True,True,False,True
1318,74,session-013,glass_harbor,Sera,rope gauge,pickup,Puck,net_room,carried,none,Sera,True,True,True,True
1319,74,session-013,cinder_garden,Juno,shade mallet,nearby-visible,Wren,seed_shelf,seed_shelf,none,none,True,True,True,True
1320,74,session-013,lichen_bridge,Luma,bell file,carry-visible,Kio,carried,carried,Sol,Sol,True,True,False,True
1321,74,session-013,orchid_engine,Dax,lamp tongs,drop,Cai,carried,orchid_bay,Bea,none,True,True,True,True
1322,74,session-013,moss_ward,Tala,reed knife,carry-visible,Milo,carried,carried,Tala,Tala,True,True,True,True
1323,74,session-013,glass_harbor,Nia,net shuttle,nearby-visible,Sera,fog_rail,fog_rail,none,none,True,True,False,True
1324,74,session-013,cinder_garden,Pax,calendar stylus,carry-visible,Juno,carried,carried,Wren,Wren,True,True,False,True
1325,74,session-013,lichen_bridge,Rin,tension peg,pickup,Luma,meal_room,carried,none,Rin,True,True,True,True
1326,74,session-013,orchid_engine,Eli,gear brush,carry-visible,Dax,carried,carried,Eli,Eli,True,True,True,True
1327,74,session-013,moss_ward,Ari,ledger awl,carry-visible,Tala,carried,carried,Milo,Milo,True,True,False,True
1328,74,session-013,glass_harbor,Oren,wick clamp,drop,Nia,carried,lamp_pier,Sera,none,True,True,True,True
1329,74,session-013,cinder_garden,Vale,basket hook,nearby-visible,Pax,ash_path,ash_path,none,none,True,True,True,True
1330,74,session-013,lichen_bridge,Sol,ledger punch,nearby-visible,Rin,rope_bridge,rope_bridge,none,none,True,True,False,True
1331,74,session-013,orchid_engine,Bea,valve key,nearby-visible,Eli,gear_wash,gear_wash,none,none,True,True,False,True
1332,75,session-013,glass_harbor,Nia,wick clamp,nearby-visible,Puck,lamp_pier,lamp_pier,none,none,True,True,False,True
1333,75,session-013,cinder_garden,Pax,basket hook,nearby-visible,Wren,ash_path,ash_path,none,none,True,True,False,True
1334,75,session-013,lichen_bridge,Rin,ledger punch,nearby-visible,Kio,rope_bridge,rope_bridge,none,none,True,True,False,True
1335,75,session-013,orchid_engine,Eli,valve key,pickup,Cai,gear_wash,carried,none,Eli,True,True,True,True
1336,75,session-013,moss_ward,Ari,loom hook,nearby-visible,Milo,rain_gate,rain_gate,none,none,True,True,True,True
1337,75,session-013,glass_harbor,Oren,rope gauge,carry-visible,Sera,carried,carried,Sera,Sera,True,True,False,True
1338,75,session-013,cinder_garden,Vale,shade mallet,drop,Juno,seed_shelf,shade_tent,none,none,True,True,True,True
1339,75,session-013,lichen_bridge,Sol,bell file,carry-visible,Luma,carried,carried,Sol,Sol,True,True,True,True
1340,75,session-013,orchid_engine,Bea,lamp tongs,nearby-visible,Dax,orchid_bay,orchid_bay,none,none,True,True,False,True
1341,75,session-013,moss_ward,Fay,reed knife,carry-visible,Tala,carried,carried,Tala,Tala,True,True,False,True
1342,75,session-013,glass_harbor,Puck,net shuttle,pickup,Nia,fog_rail,carried,none,Puck,True,True,True,True
1343,75,session-013,cinder_garden,Wren,calendar stylus,carry-visible,Pax,carried,carried,Wren,Wren,True,True,True,True
1344,75,session-013,lichen_bridge,Kio,tension peg,carry-visible,Rin,carried,carried,Rin,Rin,True,True,False,True
1345,75,session-013,orchid_engine,Cai,gear brush,drop,Eli,carried,engine_ring,Eli,none,True,True,True,True
1346,75,session-013,moss_ward,Milo,ledger awl,carry-visible,Ari,carried,carried,Milo,Milo,True,True,True,True
1347,75,session-013,glass_harbor,Sera,wick clamp,nearby-visible,Oren,lamp_pier,lamp_pier,none,none,True,True,False,True
1348,75,session-013,cinder_garden,Juno,basket hook,nearby-visible,Vale,ash_path,ash_path,none,none,True,True,False,True
1349,75,session-013,lichen_bridge,Luma,ledger punch,pickup,Sol,rope_bridge,carried,none,Luma,True,True,True,True
1350,76,session-013,moss_ward,Fay,ledger awl,carry-visible,Milo,carried,carried,Milo,Milo,True,True,False,True
1351,76,session-013,glass_harbor,Puck,wick clamp,nearby-visible,Sera,lamp_pier,lamp_pier,none,none,True,True,False,True
1352,76,session-013,cinder_garden,Wren,basket hook,pickup,Juno,ash_path,carried,none,Wren,True,True,True,True
1353,76,session-013,lichen_bridge,Kio,ledger punch,carry-visible,Luma,carried,carried,Luma,Luma,True,True,False,True
1354,76,session-013,orchid_engine,Cai,valve key,carry-visible,Dax,carried,carried,Eli,Eli,True,True,False,True
1355,76,session-013,moss_ward,Milo,loom hook,drop,Tala,rain_gate,root_alcove,none,none,True,True,True,True
1356,76,session-013,glass_harbor,Sera,rope gauge,carry-visible,Nia,carried,carried,Sera,Sera,True,True,True,True
1357,76,session-013,cinder_garden,Juno,shade mallet,nearby-visible,Pax,shade_tent,shade_tent,none,none,True,True,False,True
1358,76,session-013,lichen_bridge,Luma,bell file,carry-visible,Rin,carried,carried,Sol,Sol,True,True,False,True
1359,76,session-013,orchid_engine,Dax,lamp tongs,pickup,Eli,orchid_bay,carried,none,Dax,True,True,True,True
1360,76,session-013,moss_ward,Tala,reed knife,carry-visible,Ari,carried,carried,Tala,Tala,True,True,True,True
1361,76,session-013,glass_harbor,Nia,net shuttle,carry-visible,Oren,carried,carried,Puck,Puck,True,True,False,True
1362,76,session-013,cinder_garden,Pax,calendar stylus,drop,Vale,carried,seed_shelf,Wren,none,True,True,True,True
1363,76,session-013,lichen_bridge,Rin,tension peg,carry-visible,Sol,carried,carried,Rin,Rin,True,True,True,True
1364,76,session-013,orchid_engine,Eli,gear brush,nearby-visible,Bea,engine_ring,engine_ring,none,none,True,True,False,True
1365,76,session-013,moss_ward,Ari,ledger awl,carry-visible,Fay,carried,carried,Milo,Milo,True,True,False,True
1366,76,session-013,glass_harbor,Oren,wick clamp,pickup,Puck,lamp_pier,carried,none,Oren,True,True,True,True
1367,76,session-013,cinder_garden,Vale,basket hook,carry-visible,Wren,carried,carried,Wren,Wren,True,True,False,True
1368,77,session-013,orchid_engine,Dax,gear brush,nearby-visible,Dax,engine_ring,engine_ring,none,none,True,True,False,True
1369,77,session-013,moss_ward,Tala,ledger awl,pickup,Tala,carried,carried,Milo,Tala,True,True,True,True
1370,77,session-013,glass_harbor,Nia,wick clamp,carry-visible,Nia,carried,carried,Oren,Oren,True,True,False,True
1371,77,session-013,cinder_garden,Pax,basket hook,carry-visible,Pax,carried,carried,Wren,Wren,True,True,False,True
1372,77,session-013,lichen_bridge,Rin,ledger punch,drop,Rin,carried,meal_room,Luma,none,True,True,True,True
1373,77,session-013,orchid_engine,Eli,valve key,carry-visible,Eli,carried,carried,Eli,Eli,True,True,True,True
1374,77,session-013,moss_ward,Ari,loom hook,nearby-visible,Ari,root_alcove,root_alcove,none,none,True,True,False,True
1375,77,session-013,glass_harbor,Oren,rope gauge,carry-visible,Oren,carried,carried,Sera,Sera,True,True,False,True
1376,77,session-013,cinder_garden,Vale,shade mallet,pickup,Vale,shade_tent,carried,none,Vale,True,True,True,True
1377,77,session-013,lichen_bridge,Sol,bell file,carry-visible,Sol,carried,carried,Sol,Sol,True,True,True,True
1378,77,session-013,orchid_engine,Bea,lamp tongs,carry-visible,Bea,carried,carried,Dax,Dax,True,True,False,True
1379,77,session-013,moss_ward,Fay,reed knife,drop,Fay,carried,rain_gate,Tala,none,True,True,True,True
1380,77,session-013,glass_harbor,Puck,net shuttle,carry-visible,Puck,carried,carried,Puck,Puck,True,True,True,True
1381,77,session-013,cinder_garden,Wren,calendar stylus,nearby-visible,Wren,seed_shelf,seed_shelf,none,none,True,True,False,True
1382,77,session-013,lichen_bridge,Kio,tension peg,carry-visible,Kio,carried,carried,Rin,Rin,True,True,False,True
1383,77,session-013,orchid_engine,Cai,gear brush,pickup,Cai,engine_ring,carried,none,Cai,True,True,True,True
1384,77,session-013,moss_ward,Milo,ledger awl,carry-visible,Milo,carried,carried,Tala,Tala,True,True,False,True
1385,77,session-013,glass_harbor,Sera,wick clamp,carry-visible,Sera,carried,carried,Oren,Oren,True,True,False,True
1386,78,session-013,lichen_bridge,Sol,tension peg,pickup,Rin,carried,carried,Rin,Sol,True,True,True,True
1387,78,session-013,orchid_engine,Bea,gear brush,carry-visible,Eli,carried,carried,Cai,Cai,True,True,False,True
1388,78,session-013,moss_ward,Fay,ledger awl,carry-visible,Ari,carried,carried,Tala,Tala,True,True,False,True
1389,78,session-013,glass_harbor,Puck,wick clamp,drop,Oren,carried,fog_rail,Oren,none,True,True,True,True
1390,78,session-013,cinder_garden,Wren,basket hook,carry-visible,Vale,carried,carried,Wren,Wren,True,True,True,True
1391,78,session-013,lichen_bridge,Kio,ledger punch,nearby-visible,Sol,meal_room,meal_room,none,none,True,True,False,True
1392,78,session-013,orchid_engine,Cai,valve key,carry-visible,Bea,carried,carried,Eli,Eli,True,True,False,True
1393,78,session-013,moss_ward,Milo,loom hook,pickup,Fay,root_alcove,carried,none,Milo,True,True,True,True
1394,78,session-013,glass_harbor,Sera,rope gauge,carry-visible,Puck,carried,carried,Sera,Sera,True,True,True,True
1395,78,session-013,cinder_garden,Juno,shade mallet,carry-visible,Wren,carried,carried,Vale,Vale,True,True,False,True
1396,78,session-013,lichen_bridge,Luma,bell file,drop,Kio,carried,rope_bridge,Sol,none,True,True,True,True
1397,78,session-013,orchid_engine,Dax,lamp tongs,carry-visible,Cai,carried,carried,Dax,Dax,True,True,True,True
1398,78,session-013,moss_ward,Tala,reed knife,nearby-visible,Milo,rain_gate,rain_gate,none,none,True,True,False,True
1399,78,session-013,glass_harbor,Nia,net shuttle,carry-visible,Sera,carried,carried,Puck,Puck,True,True,False,True
1400,78,session-013,cinder_garden,Pax,calendar stylus,pickup,Juno,seed_shelf,carried,none,Pax,True,True,True,True
1401,78,session-013,lichen_bridge,Rin,tension peg,carry-visible,Luma,carried,carried,Sol,Sol,True,True,False,True
1402,78,session-013,orchid_engine,Eli,gear brush,carry-visible,Dax,carried,carried,Cai,Cai,True,True,False,True
1403,78,session-013,moss_ward,Ari,ledger awl,drop,Tala,carried,blanket_room,Tala,none,True,True,True,True
1404,79,session-014,cinder_garden,Juno,calendar stylus,carry-visible,Vale,carried,carried,Pax,Pax,True,True,False,True
1405,79,session-014,lichen_bridge,Luma,tension peg,carry-visible,Sol,carried,carried,Sol,Sol,True,True,False,True
1406,79,session-014,orchid_engine,Dax,gear brush,drop,Bea,carried,orchid_bay,Cai,none,True,True,True,True
1407,79,session-014,moss_ward,Tala,ledger awl,nearby-visible,Fay,blanket_room,blanket_room,none,none,True,True,False,True
1408,79,session-014,glass_harbor,Nia,wick clamp,nearby-visible,Puck,fog_rail,fog_rail,none,none,True,True,False,True
1409,79,session-014,cinder_garden,Pax,basket hook,carry-visible,Wren,carried,carried,Wren,Wren,True,True,False,True
1410,79,session-014,lichen_bridge,Rin,ledger punch,pickup,Kio,meal_room,carried,none,Rin,True,True,True,True
1411,79,session-014,orchid_engine,Eli,valve key,carry-visible,Cai,carried,carried,Eli,Eli,True,True,True,True
1412,79,session-014,moss_ward,Ari,loom hook,carry-visible,Milo,carried,carried,Milo,Milo,True,True,False,True
1413,79,session-014,glass_harbor,Oren,rope gauge,drop,Sera,carried,lamp_pier,Sera,none,True,True,True,True
1414,79,session-014,cinder_garden,Vale,shade mallet,carry-visible,Juno,carried,carried,Vale,Vale,True,True,True,True
1415,79,session-014,lichen_bridge,Sol,bell file,nearby-visible,Luma,rope_bridge,rope_bridge,none,none,True,True,False,True
1416,79,session-014,orchid_engine,Bea,lamp tongs,carry-visible,Dax,carried,carried,Dax,Dax,True,True,False,True
1417,79,session-014,moss_ward,Fay,reed knife,pickup,Tala,rain_gate,carried,none,Fay,True,True,True,True
1418,79,session-014,glass_harbor,Puck,net shuttle,carry-visible,Nia,carried,carried,Puck,Puck,True,True,True,True
1419,79,session-014,cinder_garden,Wren,calendar stylus,carry-visible,Pax,carried,carried,Pax,Pax,True,True,False,True
1420,79,session-014,lichen_bridge,Kio,tension peg,drop,Rin,carried,signal_post,Sol,none,True,True,True,True
1421,79,session-014,orchid_engine,Cai,gear brush,nearby-visible,Eli,orchid_bay,orchid_bay,none,none,True,True,True,True
1422,80,session-014,glass_harbor,Oren,net shuttle,carry-visible,Puck,carried,carried,Puck,Puck,True,True,False,True
1423,80,session-014,cinder_garden,Vale,calendar stylus,drop,Wren,carried,shade_tent,Pax,none,True,True,True,True
1424,80,session-014,lichen_bridge,Sol,tension peg,nearby-visible,Kio,signal_post,signal_post,none,none,True,True,False,True
1425,80,session-014,orchid_engine,Bea,gear brush,nearby-visible,Cai,orchid_bay,orchid_bay,none,none,True,True,False,True
1426,80,session-014,moss_ward,Fay,ledger awl,nearby-visible,Milo,blanket_room,blanket_room,none,none,True,True,False,True
1427,80,session-014,glass_harbor,Puck,wick clamp,pickup,Sera,fog_rail,carried,none,Puck,True,True,True,True
1428,80,session-014,cinder_garden,Wren,basket hook,carry-visible,Juno,carried,carried,Wren,Wren,True,True,True,True
1429,80,session-014,lichen_bridge,Kio,ledger punch,carry-visible,Luma,carried,carried,Rin,Rin,True,True,False,True
1430,80,session-014,orchid_engine,Cai,valve key,drop,Dax,carried,engine_ring,Eli,none,True,True,True,True
1431,80,session-014,moss_ward,Milo,loom hook,carry-visible,Tala,carried,carried,Milo,Milo,True,True,True,True
1432,80,session-014,glass_harbor,Sera,rope gauge,nearby-visible,Nia,lamp_pier,lamp_pier,none,none,True,True,False,True
1433,80,session-014,cinder_garden,Juno,shade mallet,carry-visible,Pax,carried,carried,Vale,Vale,True,True,False,True
1434,80,session-014,lichen_bridge,Luma,bell file,pickup,Rin,rope_bridge,carried,none,Luma,True,True,True,True
1435,80,session-014,orchid_engine,Dax,lamp tongs,carry-visible,Eli,carried,carried,Dax,Dax,True,True,True,True
1436,80,session-014,moss_ward,Tala,reed knife,carry-visible,Ari,carried,carried,Fay,Fay,True,True,False,True
1437,80,session-014,glass_harbor,Nia,net shuttle,drop,Oren,carried,net_room,Puck,none,True,True,True,True
1438,80,session-014,cinder_garden,Pax,calendar stylus,nearby-visible,Vale,shade_tent,shade_tent,none,none,True,True,True,True
1439,80,session-014,lichen_bridge,Rin,tension peg,nearby-visible,Sol,signal_post,signal_post,none,none,True,True,False,True
1440,81,session-014,moss_ward,Milo,reed knife,drop,Milo,carried,root_alcove,Fay,none,True,True,True,True
1441,81,session-014,glass_harbor,Sera,net shuttle,nearby-visible,Sera,net_room,net_room,none,none,True,True,False,True
1442,81,session-014,cinder_garden,Juno,calendar stylus,nearby-visible,Juno,shade_tent,shade_tent,none,none,True,True,False,True
1443,81,session-014,lichen_bridge,Luma,tension peg,nearby-visible,Luma,signal_post,signal_post,none,none,True,True,False,True
1444,81,session-014,orchid_engine,Dax,gear brush,pickup,Dax,orchid_bay,carried,none,Dax,True,True,True,True
1445,81,session-014,moss_ward,Tala,ledger awl,nearby-visible,Tala,blanket_room,blanket_room,none,none,True,True,True,True
1446,81,session-014,glass_harbor,Nia,wick clamp,carry-visible,Nia,carried,carried,Puck,Puck,True,True,False,True
1447,81,session-014,cinder_garden,Pax,basket hook,drop,Pax,carried,seed_shelf,Wren,none,True,True,True,True
1448,81,session-014,lichen_bridge,Rin,ledger punch,carry-visible,Rin,carried,carried,Rin,Rin,True,True,True,True
1449,81,session-014,orchid_engine,Eli,valve key,nearby-visible,Eli,engine_ring,engine_ring,none,none,True,True,False,True
1450,81,session-014,moss_ward,Ari,loom hook,carry-visible,Ari,carried,carried,Milo,Milo,True,True,False,True
1451,81,session-014,glass_harbor,Oren,rope gauge,pickup,Oren,lamp_pier,carried,none,Oren,True,True,True,True
1452,81,session-014,cinder_garden,Vale,shade mallet,carry-visible,Vale,carried,carried,Vale,Vale,True,True,True,True
1453,81,session-014,lichen_bridge,Sol,bell file,carry-visible,Sol,carried,carried,Luma,Luma,True,True,False,True
1454,81,session-014,orchid_engine,Bea,lamp tongs,drop,Bea,carried,gear_wash,Dax,none,True,True,True,True
1455,81,session-014,moss_ward,Fay,reed knife,nearby-visible,Fay,root_alcove,root_alcove,none,none,True,True,True,True
1456,81,session-014,glass_harbor,Puck,net shuttle,nearby-visible,Puck,net_room,net_room,none,none,True,True,False,True
1457,81,session-014,cinder_garden,Wren,calendar stylus,nearby-visible,Wren,shade_tent,shade_tent,none,none,True,True,False,True
1458,82,session-014,orchid_engine,Eli,lamp tongs,nearby-visible,Dax,gear_wash,gear_wash,none,none,True,True,False,True
1459,82,session-014,moss_ward,Ari,reed knife,nearby-visible,Tala,root_alcove,root_alcove,none,none,True,True,False,True
1460,82,session-014,glass_harbor,Oren,net shuttle,nearby-visible,Nia,net_room,net_room,none,none,True,True,False,True
1461,82,session-014,cinder_garden,Vale,calendar stylus,pickup,Pax,shade_tent,carried,none,Vale,True,True,True,True
1462,82,session-014,lichen_bridge,Sol,tension peg,nearby-visible,Rin,signal_post,signal_post,none,none,True,True,True,True
1463,82,session-014,orchid_engine,Bea,gear brush,carry-visible,Eli,carried,carried,Dax,Dax,True,True,False,True
1464,82,session-014,moss_ward,Fay,ledger awl,drop,Ari,blanket_room,rain_gate,none,none,True,True,True,True
1465,82,session-014,glass_harbor,Puck,wick clamp,carry-visible,Oren,carried,carried,Puck,Puck,True,True,True,True
1466,82,session-014,cinder_garden,Wren,basket hook,nearby-visible,Vale,seed_shelf,seed_shelf,none,none,True,True,False,True
1467,82,session-014,lichen_bridge,Kio,ledger punch,carry-visible,Sol,carried,carried,Rin,Rin,True,True,False,True
1468,82,session-014,orchid_engine,Cai,valve key,pickup,Bea,engine_ring,carried,none,Cai,True,True,True,True
1469,82,session-014,moss_ward,Milo,loom hook,carry-visible,Fay,carried,carried,Milo,Milo,True,True,True,True
1470,82,session-014,glass_harbor,Sera,rope gauge,carry-visible,Puck,carried,carried,Oren,Oren,True,True,False,True
1471,82,session-014,cinder_garden,Juno,shade mallet,drop,Wren,carried,ash_path,Vale,none,True,True,True,True
1472,82,session-014,lichen_bridge,Luma,bell file,carry-visible,Kio,carried,carried,Luma,Luma,True,True,True,True
1473,82,session-014,orchid_engine,Dax,lamp tongs,nearby-visible,Cai,gear_wash,gear_wash,none,none,True,True,False,True
1474,82,session-014,moss_ward,Tala,reed knife,nearby-visible,Milo,root_alcove,root_alcove,none,none,True,True,False,True
1475,82,session-014,glass_harbor,Nia,net shuttle,pickup,Sera,net_room,carried,none,Nia,True,True,True,True
1476,83,session-014,lichen_bridge,Kio,bell file,carry-visible,Rin,carried,carried,Luma,Luma,True,True,False,True
1477,83,session-014,orchid_engine,Cai,lamp tongs,nearby-visible,Eli,gear_wash,gear_wash,none,none,True,True,False,True
1478,83,session-014,moss_ward,Milo,reed knife,pickup,Ari,root_alcove,carried,none,Milo,True,True,True,True
1479,83,session-014,glass_harbor,Sera,net shuttle,carry-visible,Oren,carried,carried,Nia,Nia,True,True,False,True
1480,83,session-014,cinder_garden,Juno,calendar stylus,carry-visible,Vale,carried,carried,Vale,Vale,True,True,False,True
1481,83,session-014,lichen_bridge,Luma,tension peg,drop,Sol,signal_post,rope_bridge,none,none,True,True,True,True
1482,83,session-014,orchid_engine,Dax,gear brush,carry-visible,Bea,carried,carried,Dax,Dax,True,True,True,True
1483,83,session-014,moss_ward,Tala,ledger awl,nearby-visible,Fay,rain_gate,rain_gate,none,none,True,True,False,True
1484,83,session-014,glass_harbor,Nia,wick clamp,carry-visible,Puck,carried,carried,Puck,Puck,True,True,False,True
1485,83,session-014,cinder_garden,Pax,basket hook,pickup,Wren,seed_shelf,carried,none,Pax,True,True,True,True
1486,83,session-014,lichen_bridge,Rin,ledger punch,carry-visible,Kio,carried,carried,Rin,Rin,True,True,True,True
1487,83,session-014,orchid_engine,Eli,valve key,carry-visible,Cai,carried,carried,Cai,Cai,True,True,False,True
1488,83,session-014,moss_ward,Ari,loom hook,drop,Milo,carried,blanket_room,Milo,none,True,True,True,True
1489,83,session-014,glass_harbor,Oren,rope gauge,carry-visible,Sera,carried,carried,Oren,Oren,True,True,True,True
1490,83,session-014,cinder_garden,Vale,shade mallet,nearby-visible,Juno,ash_path,ash_path,none,none,True,True,False,True
1491,83,session-014,lichen_bridge,Sol,bell file,carry-visible,Luma,carried,carried,Luma,Luma,True,True,False,True
1492,83,session-014,orchid_engine,Bea,lamp tongs,pickup,Dax,gear_wash,carried,none,Bea,True,True,True,True
1493,83,session-014,moss_ward,Fay,reed knife,carry-visible,Tala,carried,carried,Milo,Milo,True,True,False,True
1494,84,session-014,cinder_garden,Pax,shade mallet,nearby-visible,Vale,ash_path,ash_path,none,none,True,True,False,True
1495,84,session-014,lichen_bridge,Rin,bell file,pickup,Sol,carried,carried,Luma,Rin,True,True,True,True
1496,84,session-014,orchid_engine,Eli,lamp tongs,carry-visible,Bea,carried,carried,Bea,Bea,True,True,False,True
1497,84,session-014,moss_ward,Ari,reed knife,carry-visible,Fay,carried,carried,Milo,Milo,True,True,False,True
1498,84,session-014,glass_harbor,Oren,net shuttle,drop,Puck,carried,lamp_pier,Nia,none,True,True,True,True
1499,84,session-014,cinder_garden,Vale,calendar stylus,carry-visible,Wren,carried,carried,Vale,Vale,True,True,True,True
1500,84,session-014,lichen_bridge,Sol,tension peg,nearby-visible,Kio,rope_bridge,rope_bridge,none,none,True,True,False,True
1501,84,session-014,orchid_engine,Bea,gear brush,carry-visible,Cai,carried,carried,Dax,Dax,True,True,False,True
1502,84,session-014,moss_ward,Fay,ledger awl,pickup,Milo,rain_gate,carried,none,Fay,True,True,True,True
1503,84,session-014,glass_harbor,Puck,wick clamp,carry-visible,Sera,carried,carried,Puck,Puck,True,True,True,True
1504,84,session-014,cinder_garden,Wren,basket hook,carry-visible,Juno,carried,carried,Pax,Pax,True,True,False,True
1505,84,session-014,lichen_bridge,Kio,ledger punch,drop,Luma,carried,signal_post,Rin,none,True,True,True,True
1506,84,session-014,orchid_engine,Cai,valve key,carry-visible,Dax,carried,carried,Cai,Cai,True,True,True,True
1507,84,session-014,moss_ward,Milo,loom hook,nearby-visible,Tala,blanket_room,blanket_room,none,none,True,True,False,True
1508,84,session-014,glass_harbor,Sera,rope gauge,carry-visible,Nia,carried,carried,Oren,Oren,True,True,False,True
1509,84,session-014,cinder_garden,Juno,shade mallet,pickup,Pax,ash_path,carried,none,Juno,True,True,True,True
1510,84,session-014,lichen_bridge,Luma,bell file,carry-visible,Rin,carried,carried,Rin,Rin,True,True,False,True
1511,84,session-014,orchid_engine,Dax,lamp tongs,carry-visible,Eli,carried,carried,Bea,Bea,True,True,False,True
1512,85,session-015,glass_harbor,Puck,rope gauge,pickup,Puck,carried,carried,Oren,Puck,True,True,True,True
1513,85,session-015,cinder_garden,Wren,shade mallet,carry-visible,Wren,carried,carried,Juno,Juno,True,True,False,True
1514,85,session-015,lichen_bridge,Kio,bell file,carry-visible,Kio,carried,carried,Rin,Rin,True,True,False,True
1515,85,session-015,orchid_engine,Cai,lamp tongs,drop,Cai,carried,engine_ring,Bea,none,True,True,True,True
1516,85,session-015,moss_ward,Milo,reed knife,carry-visible,Milo,carried,carried,Milo,Milo,True,True,True,True
1517,85,session-015,glass_harbor,Sera,net shuttle,nearby-visible,Sera,lamp_pier,lamp_pier,none,none,True,True,False,True
1518,85,session-015,cinder_garden,Juno,calendar stylus,carry-visible,Juno,carried,carried,Vale,Vale,True,True,False,True
1519,85,session-015,lichen_bridge,Luma,tension peg,pickup,Luma,rope_bridge,carried,none,Luma,True,True,True,True
1520,85,session-015,orchid_engine,Dax,gear brush,carry-visible,Dax,carried,carried,Dax,Dax,True,True,True,True
1521,85,session-015,moss_ward,Tala,ledger awl,carry-visible,Tala,carried,carried,Fay,Fay,True,True,False,True
1522,85,session-015,glass_harbor,Nia,wick clamp,drop,Nia,carried,net_room,Puck,none,True,True,True,True
1523,85,session-015,cinder_garden,Pax,basket hook,carry-visible,Pax,carried,carried,Pax,Pax,True,True,True,True
1524,85,session-015,lichen_bridge,Rin,ledger punch,nearby-visible,Rin,signal_post,signal_post,none,none,True,True,False,True
1525,85,session-015,orchid_engine,Eli,valve key,carry-visible,Eli,carried,carried,Cai,Cai,True,True,False,True
1526,85,session-015,moss_ward,Ari,loom hook,pickup,Ari,blanket_room,carried,none,Ari,True,True,True,True
1527,85,session-015,glass_harbor,Oren,rope gauge,carry-visible,Oren,carried,carried,Puck,Puck,True,True,False,True
1528,85,session-015,cinder_garden,Vale,shade mallet,carry-visible,Vale,carried,carried,Juno,Juno,True,True,False,True
1529,85,session-015,lichen_bridge,Sol,bell file,drop,Sol,carried,meal_room,Rin,none,True,True,True,True
1530,86,session-015,moss_ward,Tala,loom hook,carry-visible,Milo,carried,carried,Ari,Ari,True,True,False,True
1531,86,session-015,glass_harbor,Nia,rope gauge,carry-visible,Sera,carried,carried,Puck,Puck,True,True,False,True
1532,86,session-015,cinder_garden,Pax,shade mallet,drop,Juno,carried,seed_shelf,Juno,none,True,True,True,True
1533,86,session-015,lichen_bridge,Rin,bell file,nearby-visible,Luma,meal_room,meal_room,none,none,True,True,False,True
1534,86,session-015,orchid_engine,Eli,lamp tongs,nearby-visible,Dax,engine_ring,engine_ring,none,none,True,True,False,True
1535,86,session-015,moss_ward,Ari,reed knife,carry-visible,Tala,carried,carried,Milo,Milo,True,True,False,True
1536,86,session-015,glass_harbor,Oren,net shuttle,pickup,Nia,lamp_pier,carried,none,Oren,True,True,True,True
1537,86,session-015,cinder_garden,Vale,calendar stylus,carry-visible,Pax,carried,carried,Vale,Vale,True,True,True,True
1538,86,session-015,lichen_bridge,Sol,tension peg,carry-visible,Rin,carried,carried,Luma,Luma,True,True,False,True
1539,86,session-015,orchid_engine,Bea,gear brush,drop,Eli,carried,gear_wash,Dax,none,True,True,True,True
1540,86,session-015,moss_ward,Fay,ledger awl,carry-visible,Ari,carried,carried,Fay,Fay,True,True,True,True
1541,86,session-015,glass_harbor,Puck,wick clamp,nearby-visible,Oren,net_room,net_room,none,none,True,True,False,True
1542,86,session-015,cinder_garden,Wren,basket hook,carry-visible,Vale,carried,carried,Pax,Pax,True,True,False,True
1543,86,session-015,lichen_bridge,Kio,ledger punch,pickup,Sol,signal_post,carried,none,Kio,True,True,True,True
1544,86,session-015,orchid_engine,Cai,valve key,carry-visible,Bea,carried,carried,Cai,Cai,True,True,True,True
1545,86,session-015,moss_ward,Milo,loom hook,carry-visible,Fay,carried,carried,Ari,Ari,True,True,False,True
1546,86,session-015,glass_harbor,Sera,rope gauge,drop,Puck,carried,fog_rail,Puck,none,True,True,True,True
1547,86,session-015,cinder_garden,Juno,shade mallet,nearby-visible,Wren,seed_shelf,seed_shelf,none,none,True,True,True,True
1548,87,session-015,orchid_engine,Bea,valve key,carry-visible,Dax,carried,carried,Cai,Cai,True,True,False,True
1549,87,session-015,moss_ward,Fay,loom hook,drop,Tala,carried,rain_gate,Ari,none,True,True,True,True
1550,87,session-015,glass_harbor,Puck,rope gauge,nearby-visible,Nia,fog_rail,fog_rail,none,none,True,True,False,True
1551,87,session-015,cinder_garden,Wren,shade mallet,nearby-visible,Pax,seed_shelf,seed_shelf,none,none,True,True,False,True
1552,87,session-015,lichen_bridge,Kio,bell file,nearby-visible,Rin,meal_room,meal_room,none,none,True,True,False,True
1553,87,session-015,orchid_engine,Cai,lamp tongs,pickup,Eli,engine_ring,carried,none,Cai,True,True,True,True
1554,87,session-015,moss_ward,Milo,reed knife,carry-visible,Ari,carried,carried,Milo,Milo,True,True,True,True
1555,87,session-015,glass_harbor,Sera,net shuttle,carry-visible,Oren,carried,carried,Oren,Oren,True,True,False,True
1556,87,session-015,cinder_garden,Juno,calendar stylus,drop,Vale,carried,ash_path,Vale,none,True,True,True,True
1557,87,session-015,lichen_bridge,Luma,tension peg,carry-visible,Sol,carried,carried,Luma,Luma,True,True,True,True
1558,87,session-015,orchid_engine,Dax,gear brush,nearby-visible,Bea,gear_wash,gear_wash,none,none,True,True,False,True
1559,87,session-015,moss_ward,Tala,ledger awl,carry-visible,Fay,carried,carried,Fay,Fay,True,True,False,True
1560,87,session-015,glass_harbor,Nia,wick clamp,pickup,Puck,net_room,carried,none,Nia,True,True,True,True
1561,87,session-015,cinder_garden,Pax,basket hook,carry-visible,Wren,carried,carried,Pax,Pax,True,True,True,True
1562,87,session-015,lichen_bridge,Rin,ledger punch,carry-visible,Kio,carried,carried,Kio,Kio,True,True,False,True
1563,87,session-015,orchid_engine,Eli,valve key,drop,Cai,carried,orchid_bay,Cai,none,True,True,True,True
1564,87,session-015,moss_ward,Ari,loom hook,nearby-visible,Milo,rain_gate,rain_gate,none,none,True,True,True,True
1565,87,session-015,glass_harbor,Oren,rope gauge,nearby-visible,Sera,fog_rail,fog_rail,none,none,True,True,False,True
1566,88,session-015,lichen_bridge,Luma,ledger punch,drop,Rin,carried,rope_bridge,Kio,none,True,True,True,True
1567,88,session-015,orchid_engine,Dax,valve key,nearby-visible,Eli,orchid_bay,orchid_bay,none,none,True,True,False,True
1568,88,session-015,moss_ward,Tala,loom hook,nearby-visible,Ari,rain_gate,rain_gate,none,none,True,True,False,True
1569,88,session-015,glass_harbor,Nia,rope gauge,nearby-visible,Oren,fog_rail,fog_rail,none,none,True,True,False,True
1570,88,session-015,cinder_garden,Pax,shade mallet,pickup,Vale,seed_shelf,carried,none,Pax,True,True,True,True
1571,88,session-015,lichen_bridge,Rin,bell file,nearby-visible,Sol,meal_room,meal_room,none,none,True,True,True,True
1572,88,session-015,orchid_engine,Eli,lamp tongs,carry-visible,Bea,carried,carried,Cai,Cai,True,True,False,True
1573,88,session-015,moss_ward,Ari,reed knife,drop,Fay,carried,blanket_room,Milo,none,True,True,True,True
1574,88,session-015,glass_harbor,Oren,net shuttle,carry-visible,Puck,carried,carried,Oren,Oren,True,True,True,True
1575,88,session-015,cinder_garden,Vale,calendar stylus,nearby-visible,Wren,ash_path,ash_path,none,none,True,True,False,True
1576,88,session-015,lichen_bridge,Sol,tension peg,carry-visible,Kio,carried,carried,Luma,Luma,True,True,False,True
1577,88,session-015,orchid_engine,Bea,gear brush,pickup,Cai,gear_wash,carried,none,Bea,True,True,True,True
1578,88,session-015,moss_ward,Fay,ledger awl,carry-visible,Milo,carried,carried,Fay,Fay,True,True,True,True
1579,88,session-015,glass_harbor,Puck,wick clamp,carry-visible,Sera,carried,carried,Nia,Nia,True,True,False,True
1580,88,session-015,cinder_garden,Wren,basket hook,drop,Juno,carried,shade_tent,Pax,none,True,True,True,True
1581,88,session-015,lichen_bridge,Kio,ledger punch,nearby-visible,Luma,rope_bridge,rope_bridge,none,none,True,True,True,True
1582,88,session-015,orchid_engine,Cai,valve key,nearby-visible,Dax,orchid_bay,orchid_bay,none,none,True,True,False,True
1583,88,session-015,moss_ward,Milo,loom hook,nearby-visible,Tala,rain_gate,rain_gate,none,none,True,True,False,True
1584,89,session-015,cinder_garden,Vale,basket hook,nearby-visible,Vale,shade_tent,shade_tent,none,none,True,True,False,True
1585,89,session-015,lichen_bridge,Sol,ledger punch,nearby-visible,Sol,rope_bridge,rope_bridge,none,none,True,True,False,True
1586,89,session-015,orchid_engine,Bea,valve key,nearby-visible,Bea,orchid_bay,orchid_bay,none,none,True,True,False,True
1587,89,session-015,moss_ward,Fay,loom hook,pickup,Fay,rain_gate,carried,none,Fay,True,True,True,True
1588,89,session-015,glass_harbor,Puck,rope gauge,nearby-visible,Puck,fog_rail,fog_rail,none,none,True,True,True,True
1589,89,session-015,cinder_garden,Wren,shade mallet,carry-visible,Wren,carried,carried,Pax,Pax,True,True,False,True
1590,89,session-015,lichen_bridge,Kio,bell file,drop,Kio,meal_room,signal_post,none,none,True,True,True,True
1591,89,session-015,orchid_engine,Cai,lamp tongs,carry-visible,Cai,carried,carried,Cai,Cai,True,True,True,True
1592,89,session-015,moss_ward,Milo,reed knife,nearby-visible,Milo,blanket_room,blanket_room,none,none,True,True,False,True
1593,89,session-015,glass_harbor,Sera,net shuttle,carry-visible,Sera,carried,carried,Oren,Oren,True,True,False,True
1594,89,session-015,cinder_garden,Juno,calendar stylus,pickup,Juno,ash_path,carried,none,Juno,True,True,True,True
1595,89,session-015,lichen_bridge,Luma,tension peg,carry-visible,Luma,carried,carried,Luma,Luma,True,True,True,True
1596,89,session-015,orchid_engine,Dax,gear brush,carry-visible,Dax,carried,carried,Bea,Bea,True,True,False,True
1597,89,session-015,moss_ward,Tala,ledger awl,drop,Tala,carried,root_alcove,Fay,none,True,True,True,True
1598,89,session-015,glass_harbor,Nia,wick clamp,carry-visible,Nia,carried,carried,Nia,Nia,True,True,True,True
1599,89,session-015,cinder_garden,Pax,basket hook,nearby-visible,Pax,shade_tent,shade_tent,none,none,True,True,False,True
1600,89,session-015,lichen_bridge,Rin,ledger punch,nearby-visible,Rin,rope_bridge,rope_bridge,none,none,True,True,False,True
1601,89,session-015,orchid_engine,Eli,valve key,pickup,Eli,orchid_bay,carried,none,Eli,True,True,True,True
1602,90,session-015,glass_harbor,Sera,wick clamp,carry-visible,Puck,carried,carried,Nia,Nia,True,True,False,True
1603,90,session-015,cinder_garden,Juno,basket hook,nearby-visible,Wren,shade_tent,shade_tent,none,none,True,True,False,True
1604,90,session-015,lichen_bridge,Luma,ledger punch,pickup,Kio,rope_bridge,carried,none,Luma,True,True,True,True
1605,90,session-015,orchid_engine,Dax,valve key,carry-visible,Cai,carried,carried,Eli,Eli,True,True,False,True
1606,90,session-015,moss_ward,Tala,loom hook,carry-visible,Milo,carried,carried,Fay,Fay,True,True,False,True
1607,90,session-015,glass_harbor,Nia,rope gauge,drop,Sera,fog_rail,net_room,none,none,True,True,True,True
1608,90,session-015,cinder_garden,Pax,shade mallet,carry-visible,Juno,carried,carried,Pax,Pax,True,True,True,True
1609,90,session-015,lichen_bridge,Rin,bell file,nearby-visible,Luma,signal_post,signal_post,none,none,True,True,False,True
1610,90,session-015,orchid_engine,Eli,lamp tongs,carry-visible,Dax,carried,carried,Cai,Cai,True,True,False,True
1611,90,session-015,moss_ward,Ari,reed knife,pickup,Tala,blanket_room,carried,none,Ari,True,True,True,True
1612,90,session-015,glass_harbor,Oren,net shuttle,carry-visible,Nia,carried,carried,Oren,Oren,True,True,True,True
1613,90,session-015,cinder_garden,Vale,calendar stylus,carry-visible,Pax,carried,carried,Juno,Juno,True,True,False,True
1614,90,session-015,lichen_bridge,Sol,tension peg,drop,Rin,carried,meal_room,Luma,none,True,True,True,True
1615,90,session-015,orchid_engine,Bea,gear brush,carry-visible,Eli,carried,carried,Bea,Bea,True,True,True,True
1616,90,session-015,moss_ward,Fay,ledger awl,nearby-visible,Ari,root_alcove,root_alcove,none,none,True,True,False,True
1617,90,session-015,glass_harbor,Puck,wick clamp,carry-visible,Oren,carried,carried,Nia,Nia,True,True,False,True
1618,90,session-015,cinder_garden,Wren,basket hook,pickup,Vale,shade_tent,carried,none,Wren,True,True,True,True
1619,90,session-015,lichen_bridge,Kio,ledger punch,carry-visible,Sol,carried,carried,Luma,Luma,True,True,False,True
1620,91,session-016,moss_ward,Ari,ledger awl,nearby-visible,Milo,root_alcove,root_alcove,none,none,True,True,False,True
1621,91,session-016,glass_harbor,Oren,wick clamp,pickup,Sera,carried,carried,Nia,Oren,True,True,True,True
1622,91,session-016,cinder_garden,Vale,basket hook,carry-visible,Juno,carried,carried,Wren,Wren,True,True,False,True
1623,91,session-016,lichen_bridge,Sol,ledger punch,carry-visible,Luma,carried,carried,Luma,Luma,True,True,False,True
1624,91,session-016,orchid_engine,Bea,valve key,drop,Dax,carried,gear_wash,Eli,none,True,True,True,True
1625,91,session-016,moss_ward,Fay,loom hook,carry-visible,Tala,carried,carried,Fay,Fay,True,True,True,True
1626,91,session-016,glass_harbor,Puck,rope gauge,nearby-visible,Nia,net_room,net_room,none,none,True,True,False,True
1627,91,session-016,cinder_garden,Wren,shade mallet,carry-visible,Pax,carried,carried,Pax,Pax,True,True,False,True
1628,91,session-016,lichen_bridge,Kio,bell file,pickup,Rin,signal_post,carried,none,Kio,True,True,True,True
1629,91,session-016,orchid_engine,Cai,lamp tongs,carry-visible,Eli,carried,carried,Cai,Cai,True,True,True,True
1630,91,session-016,moss_ward,Milo,reed knife,carry-visible,Ari,carried,carried,Ari,Ari,True,True,False,True
1631,91,session-016,glass_harbor,Sera,net shuttle,drop,Oren,carried,fog_rail,Oren,none,True,True,True,True
1632,91,session-016,cinder_garden,Juno,calendar stylus,carry-visible,Vale,carried,carried,Juno,Juno,True,True,True,True
1633,91,session-016,lichen_bridge,Luma,tension peg,nearby-visible,Sol,meal_room,meal_room,none,none,True,True,False,True
1634,91,session-016,orchid_engine,Dax,gear brush,carry-visible,Bea,carried,carried,Bea,Bea,True,True,False,True
1635,91,session-016,moss_ward,Tala,ledger awl,pickup,Fay,root_alcove,carried,none,Tala,True,True,True,True
1636,91,session-016,glass_harbor,Nia,wick clamp,carry-visible,Puck,carried,carried,Oren,Oren,True,True,False,True
1637,91,session-016,cinder_garden,Pax,basket hook,carry-visible,Wren,carried,carried,Wren,Wren,True,True,False,True
1638,92,session-016,orchid_engine,Cai,gear brush,pickup,Dax,carried,carried,Bea,Cai,True,True,True,True
1639,92,session-016,moss_ward,Milo,ledger awl,carry-visible,Tala,carried,carried,Tala,Tala,True,True,False,True
1640,92,session-016,glass_harbor,Sera,wick clamp,carry-visible,Nia,carried,carried,Oren,Oren,True,True,False,True
1641,92,session-016,cinder_garden,Juno,basket hook,drop,Pax,carried,ash_path,Wren,none,True,True,True,True
1642,92,session-016,lichen_bridge,Luma,ledger punch,carry-visible,Rin,carried,carried,Luma,Luma,True,True,True,True
1643,92,session-016,orchid_engine,Dax,valve key,nearby-visible,Eli,gear_wash,gear_wash,none,none,True,True,False,True
1644,92,session-016,moss_ward,Tala,loom hook,carry-visible,Ari,carried,carried,Fay,Fay,True,True,False,True
1645,92,session-016,glass_harbor,Nia,rope gauge,pickup,Oren,net_room,carried,none,Nia,True,True,True,True
1646,92,session-016,cinder_garden,Pax,shade mallet,carry-visible,Vale,carried,carried,Pax,Pax,True,True,True,True
1647,92,session-016,lichen_bridge,Rin,bell file,carry-visible,Sol,carried,carried,Kio,Kio,True,True,False,True
1648,92,session-016,orchid_engine,Eli,lamp tongs,drop,Bea,carried,orchid_bay,Cai,none,True,True,True,True
1649,92,session-016,moss_ward,Ari,reed knife,carry-visible,Fay,carried,carried,Ari,Ari,True,True,True,True
1650,92,session-016,glass_harbor,Oren,net shuttle,nearby-visible,Puck,fog_rail,fog_rail,none,none,True,True,False,True
1651,92,session-016,cinder_garden,Vale,calendar stylus,carry-visible,Wren,carried,carried,Juno,Juno,True,True,False,True
1652,92,session-016,lichen_bridge,Sol,tension peg,pickup,Kio,meal_room,carried,none,Sol,True,True,True,True
1653,92,session-016,orchid_engine,Bea,gear brush,carry-visible,Cai,carried,carried,Cai,Cai,True,True,False,True
1654,92,session-016,moss_ward,Fay,ledger awl,carry-visible,Milo,carried,carried,Tala,Tala,True,True,False,True
1655,92,session-016,glass_harbor,Puck,wick clamp,drop,Sera,carried,lamp_pier,Oren,none,True,True,True,True
1656,93,session-016,lichen_bridge,Rin,tension peg,carry-visible,Rin,carried,carried,Sol,Sol,True,True,False,True
1657,93,session-016,orchid_engine,Eli,gear brush,carry-visible,Eli,carried,carried,Cai,Cai,True,True,False,True
1658,93,session-016,moss_ward,Ari,ledger awl,drop,Ari,carried,blanket_room,Tala,none,True,True,True,True
1659,93,session-016,glass_harbor,Oren,wick clamp,nearby-visible,Oren,lamp_pier,lamp_pier,none,none,True,True,False,True
1660,93,session-016,cinder_garden,Vale,basket hook,nearby-visible,Vale,ash_path,ash_path,none,none,True,True,False,True
1661,93,session-016,lichen_bridge,Sol,ledger punch,carry-visible,Sol,carried,carried,Luma,Luma,True,True,False,True
1662,93,session-016,orchid_engine,Bea,valve key,pickup,Bea,gear_wash,carried,none,Bea,True,True,True,True
1663,93,session-016,moss_ward,Fay,loom hook,carry-visible,Fay,carried,carried,Fay,Fay,True,True,True,True
1664,93,session-016,glass_harbor,Puck,rope gauge,carry-visible,Puck,carried,carried,Nia,Nia,True,True,False,True
1665,93,session-016,cinder_garden,Wren,shade mallet,drop,Wren,carried,shade_tent,Pax,none,True,True,True,True
1666,93,session-016,lichen_bridge,Kio,bell file,carry-visible,Kio,carried,carried,Kio,Kio,True,True,True,True
1667,93,session-016,orchid_engine,Cai,lamp tongs,nearby-visible,Cai,orchid_bay,orchid_bay,none,none,True,True,False,True
1668,93,session-016,moss_ward,Milo,reed knife,carry-visible,Milo,carried,carried,Ari,Ari,True,True,False,True
1669,93,session-016,glass_harbor,Sera,net shuttle,pickup,Sera,fog_rail,carried,none,Sera,True,True,True,True
1670,93,session-016,cinder_garden,Juno,calendar stylus,carry-visible,Juno,carried,carried,Juno,Juno,True,True,True,True
1671,93,session-016,lichen_bridge,Luma,tension peg,carry-visible,Luma,carried,carried,Sol,Sol,True,True,False,True
1672,93,session-016,orchid_engine,Dax,gear brush,drop,Dax,carried,engine_ring,Cai,none,True,True,True,True
1673,93,session-016,moss_ward,Tala,ledger awl,nearby-visible,Tala,blanket_room,blanket_room,none,none,True,True,True,True
1674,94,session-016,cinder_garden,Wren,calendar stylus,carry-visible,Vale,carried,carried,Juno,Juno,True,True,False,True
1675,94,session-016,lichen_bridge,Kio,tension peg,drop,Sol,carried,signal_post,Sol,none,True,True,True,True
1676,94,session-016,orchid_engine,Cai,gear brush,nearby-visible,Bea,engine_ring,engine_ring,none,none,True,True,False,True
1677,94,session-016,moss_ward,Milo,ledger awl,nearby-visible,Fay,blanket_room,blanket_room,none,none,True,True,False,True
1678,94,session-016,glass_harbor,Sera,wick clamp,nearby-visible,Puck,lamp_pier,lamp_pier,none,none,True,True,False,True
1679,94,session-016,cinder_garden,Juno,basket hook,pickup,Wren,ash_path,carried,none,Juno,True,True,True,True
1680,94,session-016,lichen_bridge,Luma,ledger punch,carry-visible,Kio,carried,carried,Luma,Luma,True,True,True,True
1681,94,session-016,orchid_engine,Dax,valve key,carry-visible,Cai,carried,carried,Bea,Bea,True,True,False,True
1682,94,session-016,moss_ward,Tala,loom hook,drop,Milo,carried,root_alcove,Fay,none,True,True,True,True
1683,94,session-016,glass_harbor,Nia,rope gauge,carry-visible,Sera,carried,carried,Nia,Nia,True,True,True,True
1684,94,session-016,cinder_garden,Pax,shade mallet,nearby-visible,Juno,shade_tent,shade_tent,none,none,True,True,False,True
1685,94,session-016,lichen_bridge,Rin,bell file,carry-visible,Luma,carried,carried,Kio,Kio,True,True,False,True
1686,94,session-016,orchid_engine,Eli,lamp tongs,pickup,Dax,orchid_bay,carried,none,Eli,True,True,True,True
1687,94,session-016,moss_ward,Ari,reed knife,carry-visible,Tala,carried,carried,Ari,Ari,True,True,True,True
1688,94,session-016,glass_harbor,Oren,net shuttle,carry-visible,Nia,carried,carried,Sera,Sera,True,True,False,True
1689,94,session-016,cinder_garden,Vale,calendar stylus,drop,Pax,carried,seed_shelf,Juno,none,True,True,True,True
1690,94,session-016,lichen_bridge,Sol,tension peg,nearby-visible,Rin,signal_post,signal_post,none,none,True,True,True,True
1691,94,session-016,orchid_engine,Bea,gear brush,nearby-visible,Eli,engine_ring,engine_ring,none,none,True,True,False,True
1692,95,session-016,glass_harbor,Nia,net shuttle,drop,Puck,carried,net_room,Sera,none,True,True,True,True
1693,95,session-016,cinder_garden,Pax,calendar stylus,nearby-visible,Wren,seed_shelf,seed_shelf,none,none,True,True,False,True
1694,95,session-016,lichen_bridge,Rin,tension peg,nearby-visible,Kio,signal_post,signal_post,none,none,True,True,False,True
1695,95,session-016,orchid_engine,Eli,gear brush,nearby-visible,Cai,engine_ring,engine_ring,none,none,True,True,False,True
1696,95,session-016,moss_ward,Ari,ledger awl,pickup,Milo,blanket_room,carried,none,Ari,True,True,True,True
1697,95,session-016,glass_harbor,Oren,wick clamp,nearby-visible,Sera,lamp_pier,lamp_pier,none,none,True,True,True,True
1698,95,session-016,cinder_garden,Vale,basket hook,carry-visible,Juno,carried,carried,Juno,Juno,True,True,False,True
1699,95,session-016,lichen_bridge,Sol,ledger punch,drop,Luma,carried,meal_room,Luma,none,True,True,True,True
1700,95,session-016,orchid_engine,Bea,valve key,carry-visible,Dax,carried,carried,Bea,Bea,True,True,True,True
1701,95,session-016,moss_ward,Fay,loom hook,nearby-visible,Tala,root_alcove,root_alcove,none,none,True,True,False,True
1702,95,session-016,glass_harbor,Puck,rope gauge,carry-visible,Nia,carried,carried,Nia,Nia,True,True,False,True
1703,95,session-016,cinder_garden,Wren,shade mallet,pickup,Pax,shade_tent,carried,none,Wren,True,True,True,True
1704,95,session-016,lichen_bridge,Kio,bell file,carry-visible,Rin,carried,carried,Kio,Kio,True,True,True,True
1705,95,session-016,orchid_engine,Cai,lamp tongs,carry-visible,Eli,carried,carried,Eli,Eli,True,True,False,True
1706,95,session-016,moss_ward,Milo,reed knife,drop,Ari,carried,rain_gate,Ari,none,True,True,True,True
1707,95,session-016,glass_harbor,Sera,net shuttle,nearby-visible,Oren,net_room,net_room,none,none,True,True,True,True
1708,95,session-016,cinder_garden,Juno,calendar stylus,nearby-visible,Vale,seed_shelf,seed_shelf,none,none,True,True,False,True
1709,95,session-016,lichen_bridge,Luma,tension peg,nearby-visible,Sol,signal_post,signal_post,none,none,True,True,False,True
1710,96,session-016,moss_ward,Fay,reed knife,nearby-visible,Milo,rain_gate,rain_gate,none,none,True,True,False,True
1711,96,session-016,glass_harbor,Puck,net shuttle,nearby-visible,Sera,net_room,net_room,none,none,True,True,False,True
1712,96,session-016,cinder_garden,Wren,calendar stylus,nearby-visible,Juno,seed_shelf,seed_shelf,none,none,True,True,False,True
1713,96,session-016,lichen_bridge,Kio,tension peg,pickup,Luma,signal_post,carried,none,Kio,True,True,True,True
1714,96,session-016,orchid_engine,Cai,gear brush,nearby-visible,Dax,engine_ring,engine_ring,none,none,True,True,True,True
1715,96,session-016,moss_ward,Milo,ledger awl,carry-visible,Tala,carried,carried,Ari,Ari,True,True,False,True
1716,96,session-016,glass_harbor,Sera,wick clamp,drop,Nia,lamp_pier,fog_rail,none,none,True,True,True,True
1717,96,session-016,cinder_garden,Juno,basket hook,carry-visible,Pax,carried,carried,Juno,Juno,True,True,True,True
1718,96,session-016,lichen_bridge,Luma,ledger punch,nearby-visible,Rin,meal_room,meal_room,none,none,True,True,False,True
1719,96,session-016,orchid_engine,Dax,valve key,carry-visible,Eli,carried,carried,Bea,Bea,True,True,False,True
1720,96,session-016,moss_ward,Tala,loom hook,pickup,Ari,root_alcove,carried,none,Tala,True,True,True,True
1721,96,session-016,glass_harbor,Nia,rope gauge,carry-visible,Oren,carried,carried,Nia,Nia,True,True,True,True
1722,96,session-016,cinder_garden,Pax,shade mallet,carry-visible,Vale,carried,carried,Wren,Wren,True,True,False,True
1723,96,session-016,lichen_bridge,Rin,bell file,drop,Sol,carried,rope_bridge,Kio,none,True,True,True,True
1724,96,session-016,orchid_engine,Eli,lamp tongs,carry-visible,Bea,carried,carried,Eli,Eli,True,True,True,True
1725,96,session-016,moss_ward,Ari,reed knife,nearby-visible,Fay,rain_gate,rain_gate,none,none,True,True,False,True
1726,96,session-016,glass_harbor,Oren,net shuttle,nearby-visible,Puck,net_room,net_room,none,none,True,True,False,True
1727,96,session-016,cinder_garden,Vale,calendar stylus,pickup,Wren,seed_shelf,carried,none,Vale,True,True,True,True
1728,97,session-017,orchid_engine,Dax,lamp tongs,carry-visible,Dax,carried,carried,Eli,Eli,True,True,False,True
1729,97,session-017,moss_ward,Tala,reed knife,nearby-visible,Tala,rain_gate,rain_gate,none,none,True,True,False,True
1730,97,session-017,glass_harbor,Nia,net shuttle,pickup,Nia,net_room,carried,none,Nia,True,True,True,True
1731,97,session-017,cinder_garden,Pax,calendar stylus,carry-visible,Pax,carried,carried,Vale,Vale,True,True,False,True
1732,97,session-017,lichen_bridge,Rin,tension peg,carry-visible,Rin,carried,carried,Kio,Kio,True,True,False,True
1733,97,session-017,orchid_engine,Eli,gear brush,drop,Eli,engine_ring,orchid_bay,none,none,True,True,True,True
1734,97,session-017,moss_ward,Ari,ledger awl,carry-visible,Ari,carried,carried,Ari,Ari,True,True,True,True
1735,97,session-017,glass_harbor,Oren,wick clamp,nearby-visible,Oren,fog_rail,fog_rail,none,none,True,True,False,True
1736,97,session-017,cinder_garden,Vale,basket hook,carry-visible,Vale,carried,carried,Juno,Juno,True,True,False,True
1737,97,session-017,lichen_bridge,Sol,ledger punch,pickup,Sol,meal_room,carried,none,Sol,True,True,True,True
1738,97,session-017,orchid_engine,Bea,valve key,carry-visible,Bea,carried,carried,Bea,Bea,True,True,True,True
1739,97,session-017,moss_ward,Fay,loom hook,carry-visible,Fay,carried,carried,Tala,Tala,True,True,False,True
1740,97,session-017,glass_harbor,Puck,rope gauge,drop,Puck,carried,lamp_pier,Nia,none,True,True,True,True
1741,97,session-017,cinder_garden,Wren,shade mallet,carry-visible,Wren,carried,carried,Wren,Wren,True,True,True,True
1742,97,session-017,lichen_bridge,Kio,bell file,nearby-visible,Kio,rope_bridge,rope_bridge,none,none,True,True,False,True
1743,97,session-017,orchid_engine,Cai,lamp tongs,carry-visible,Cai,carried,carried,Eli,Eli,True,True,False,True
1744,97,session-017,moss_ward,Milo,reed knife,pickup,Milo,rain_gate,carried,none,Milo,True,True,True,True
1745,97,session-017,glass_harbor,Sera,net shuttle,carry-visible,Sera,carried,carried,Nia,Nia,True,True,False,True
1746,98,session-017,lichen_bridge,Sol,bell file,nearby-visible,Rin,rope_bridge,rope_bridge,none,none,True,True,False,True
1747,98,session-017,orchid_engine,Bea,lamp tongs,pickup,Eli,carried,carried,Eli,Bea,True,True,True,True
1748,98,session-017,moss_ward,Fay,reed knife,carry-visible,Ari,carried,carried,Milo,Milo,True,True,False,True
1749,98,session-017,glass_harbor,Puck,net shuttle,carry-visible,Oren,carried,carried,Nia,Nia,True,True,False,True
1750,98,session-017,cinder_garden,Wren,calendar stylus,drop,Vale,carried,shade_tent,Vale,none,True,True,True,True
1751,98,session-017,lichen_bridge,Kio,tension peg,carry-visible,Sol,carried,carried,Kio,Kio,True,True,True,True
1752,98,session-017,orchid_engine,Cai,gear brush,nearby-visible,Bea,orchid_bay,orchid_bay,none,none,True,True,False,True
1753,98,session-017,moss_ward,Milo,ledger awl,carry-visible,Fay,carried,carried,Ari,Ari,True,True,False,True
1754,98,session-017,glass_harbor,Sera,wick clamp,pickup,Puck,fog_rail,carried,none,Sera,True,True,True,True
1755,98,session-017,cinder_garden,Juno,basket hook,carry-visible,Wren,carried,carried,Juno,Juno,True,True,True,True
1756,98,session-017,lichen_bridge,Luma,ledger punch,carry-visible,Kio,carried,carried,Sol,Sol,True,True,False,True
1757,98,session-017,orchid_engine,Dax,valve key,drop,Cai,carried,engine_ring,Bea,none,True,True,True,True
1758,98,session-017,moss_ward,Tala,loom hook,carry-visible,Milo,carried,carried,Tala,Tala,True,True,True,True
1759,98,session-017,glass_harbor,Nia,rope gauge,nearby-visible,Sera,lamp_pier,lamp_pier,none,none,True,True,False,True
1760,98,session-017,cinder_garden,Pax,shade mallet,carry-visible,Juno,carried,carried,Wren,Wren,True,True,False,True
1761,98,session-017,lichen_bridge,Rin,bell file,pickup,Luma,rope_bridge,carried,none,Rin,True,True,True,True
1762,98,session-017,orchid_engine,Eli,lamp tongs,carry-visible,Dax,carried,carried,Bea,Bea,True,True,False,True
1763,98,session-017,moss_ward,Ari,reed knife,carry-visible,Tala,carried,carried,Milo,Milo,True,True,False,True
1764,99,session-017,cinder_garden,Juno,shade mallet,pickup,Vale,carried,carried,Wren,Juno,True,True,True,True
1765,99,session-017,lichen_bridge,Luma,bell file,carry-visible,Sol,carried,carried,Rin,Rin,True,True,False,True
1766,99,session-017,orchid_engine,Dax,lamp tongs,carry-visible,Bea,carried,carried,Bea,Bea,True,True,False,True
1767,99,session-017,moss_ward,Tala,reed knife,drop,Fay,carried,root_alcove,Milo,none,True,True,True,True
1768,99,session-017,glass_harbor,Nia,net shuttle,carry-visible,Puck,carried,carried,Nia,Nia,True,True,True,True
1769,99,session-017,cinder_garden,Pax,calendar stylus,nearby-visible,Wren,shade_tent,shade_tent,none,none,True,True,False,True
1770,99,session-017,lichen_bridge,Rin,tension peg,carry-visible,Kio,carried,carried,Kio,Kio,True,True,False,True
1771,99,session-017,orchid_engine,Eli,gear brush,pickup,Cai,orchid_bay,carried,none,Eli,True,True,True,True
1772,99,session-017,moss_ward,Ari,ledger awl,carry-visible,Milo,carried,carried,Ari,Ari,True,True,True,True
1773,99,session-017,glass_harbor,Oren,wick clamp,carry-visible,Sera,carried,carried,Sera,Sera,True,True,False,True
1774,99,session-017,cinder_garden,Vale,basket hook,drop,Juno,carried,seed_shelf,Juno,none,True,True,True,True
1775,99,session-017,lichen_bridge,Sol,ledger punch,carry-visible,Luma,carried,carried,Sol,Sol,True,True,True,True
1776,99,session-017,orchid_engine,Bea,valve key,nearby-visible,Dax,engine_ring,engine_ring,none,none,True,True,False,True
1777,99,session-017,moss_ward,Fay,loom hook,carry-visible,Tala,carried,carried,Tala,Tala,True,True,False,True
1778,99,session-017,glass_harbor,Puck,rope gauge,pickup,Nia,lamp_pier,carried,none,Puck,True,True,True,True
1779,99,session-017,cinder_garden,Wren,shade mallet,carry-visible,Pax,carried,carried,Juno,Juno,True,True,False,True
1780,99,session-017,lichen_bridge,Kio,bell file,carry-visible,Rin,carried,carried,Rin,Rin,True,True,False,True
1781,99,session-017,orchid_engine,Cai,lamp tongs,drop,Eli,carried,gear_wash,Bea,none,True,True,True,True
1782,100,session-017,glass_harbor,Oren,rope gauge,carry-visible,Puck,carried,carried,Puck,Puck,True,True,False,True
1783,100,session-017,cinder_garden,Vale,shade mallet,carry-visible,Wren,carried,carried,Juno,Juno,True,True,False,True
1784,100,session-017,lichen_bridge,Sol,bell file,drop,Kio,carried,meal_room,Rin,none,True,True,True,True
1785,100,session-017,orchid_engine,Bea,lamp tongs,nearby-visible,Cai,gear_wash,gear_wash,none,none,True,True,False,True
1786,100,session-017,moss_ward,Fay,reed knife,nearby-visible,Milo,root_alcove,root_alcove,none,none,True,True,False,True
1787,100,session-017,glass_harbor,Puck,net shuttle,carry-visible,Sera,carried,carried,Nia,Nia,True,True,False,True
1788,100,session-017,cinder_garden,Wren,calendar stylus,pickup,Juno,shade_tent,carried,none,Wren,True,True,True,True
1789,100,session-017,lichen_bridge,Kio,tension peg,carry-visible,Luma,carried,carried,Kio,Kio,True,True,True,True
1790,100,session-017,orchid_engine,Cai,gear brush,carry-visible,Dax,carried,carried,Eli,Eli,True,True,False,True
1791,100,session-017,moss_ward,Milo,ledger awl,drop,Tala,carried,rain_gate,Ari,none,True,True,True,True
1792,100,session-017,glass_harbor,Sera,wick clamp,carry-visible,Nia,carried,carried,Sera,Sera,True,True,True,True
1793,100,session-017,cinder_garden,Juno,basket hook,nearby-visible,Pax,seed_shelf,seed_shelf,none,none,True,True,False,True
1794,100,session-017,lichen_bridge,Luma,ledger punch,carry-visible,Rin,carried,carried,Sol,Sol,True,True,False,True
1795,100,session-017,orchid_engine,Dax,valve key,pickup,Eli,engine_ring,carried,none,Dax,True,True,True,True
1796,100,session-017,moss_ward,Tala,loom hook,carry-visible,Ari,carried,carried,Tala,Tala,True,True,True,True
1797,100,session-017,glass_harbor,Nia,rope gauge,carry-visible,Oren,carried,carried,Puck,Puck,True,True,False,True
1798,100,session-017,cinder_garden,Pax,shade mallet,drop,Vale,carried,ash_path,Juno,none,True,True,True,True
1799,100,session-017,lichen_bridge,Rin,bell file,nearby-visible,Sol,meal_room,meal_room,none,none,True,True,True,True
1800,101,session-017,moss_ward,Milo,loom hook,carry-visible,Milo,carried,carried,Tala,Tala,True,True,False,True
1801,101,session-017,glass_harbor,Sera,rope gauge,drop,Sera,carried,fog_rail,Puck,none,True,True,True,True
1802,101,session-017,cinder_garden,Juno,shade mallet,nearby-visible,Juno,ash_path,ash_path,none,none,True,True,False,True
1803,101,session-017,lichen_bridge,Luma,bell file,nearby-visible,Luma,meal_room,meal_room,none,none,True,True,False,True
1804,101,session-017,orchid_engine,Dax,lamp tongs,nearby-visible,Dax,gear_wash,gear_wash,none,none,True,True,False,True
1805,101,session-017,moss_ward,Tala,reed knife,pickup,Tala,root_alcove,carried,none,Tala,True,True,True,True
1806,101,session-017,glass_harbor,Nia,net shuttle,carry-visible,Nia,carried,carried,Nia,Nia,True,True,True,True
1807,101,session-017,cinder_garden,Pax,calendar stylus,carry-visible,Pax,carried,carried,Wren,Wren,True,True,False,True
1808,101,session-017,lichen_bridge,Rin,tension peg,drop,Rin,carried,rope_bridge,Kio,none,True,True,True,True
1809,101,session-017,orchid_engine,Eli,gear brush,carry-visible,Eli,carried,carried,Eli,Eli,True,True,True,True
1810,101,session-017,moss_ward,Ari,ledger awl,nearby-visible,Ari,rain_gate,rain_gate,none,none,True,True,False,True
1811,101,session-017,glass_harbor,Oren,wick clamp,carry-visible,Oren,carried,carried,Sera,Sera,True,True,False,True
1812,101,session-017,cinder_garden,Vale,basket hook,pickup,Vale,seed_shelf,carried,none,Vale,True,True,True,True
1813,101,session-017,lichen_bridge,Sol,ledger punch,carry-visible,Sol,carried,carried,Sol,Sol,True,True,True,True
1814,101,session-017,orchid_engine,Bea,valve key,carry-visible,Bea,carried,carried,Dax,Dax,True,True,False,True
1815,101,session-017,moss_ward,Fay,loom hook,drop,Fay,carried,blanket_room,Tala,none,True,True,True,True
1816,101,session-017,glass_harbor,Puck,rope gauge,nearby-visible,Puck,fog_rail,fog_rail,none,none,True,True,True,True
1817,101,session-017,cinder_garden,Wren,shade mallet,nearby-visible,Wren,ash_path,ash_path,none,none,True,True,False,True
1818,102,session-017,orchid_engine,Eli,valve key,drop,Dax,carried,orchid_bay,Dax,none,True,True,True,True
1819,102,session-017,moss_ward,Ari,loom hook,nearby-visible,Tala,blanket_room,blanket_room,none,none,True,True,False,True
1820,102,session-017,glass_harbor,Oren,rope gauge,nearby-visible,Nia,fog_rail,fog_rail,none,none,True,True,False,True
1821,102,session-017,cinder_garden,Vale,shade mallet,nearby-visible,Pax,ash_path,ash_path,none,none,True,True,False,True
1822,102,session-017,lichen_bridge,Sol,bell file,pickup,Rin,meal_room,carried,none,Sol,True,True,True,True
1823,102,session-017,orchid_engine,Bea,lamp tongs,nearby-visible,Eli,gear_wash,gear_wash,none,none,True,True,True,True
1824,102,session-017,moss_ward,Fay,reed knife,carry-visible,Ari,carried,carried,Tala,Tala,True,True,False,True
1825,102,session-017,glass_harbor,Puck,net shuttle,drop,Oren,carried,lamp_pier,Nia,none,True,True,True,True
1826,102,session-017,cinder_garden,Wren,calendar stylus,carry-visible,Vale,carried,carried,Wren,Wren,True,True,True,True
1827,102,session-017,lichen_bridge,Kio,tension peg,nearby-visible,Sol,rope_bridge,rope_bridge,none,none,True,True,False,True
1828,102,session-017,orchid_engine,Cai,gear brush,carry-visible,Bea,carried,carried,Eli,Eli,True,True,False,True
1829,102,session-017,moss_ward,Milo,ledger awl,pickup,Fay,rain_gate,carried,none,Milo,True,True,True,True
1830,102,session-017,glass_harbor,Sera,wick clamp,carry-visible,Puck,carried,carried,Sera,Sera,True,True,True,True
1831,102,session-017,cinder_garden,Juno,basket hook,carry-visible,Wren,carried,carried,Vale,Vale,True,True,False,True
1832,102,session-017,lichen_bridge,Luma,ledger punch,drop,Kio,carried,signal_post,Sol,none,True,True,True,True
1833,102,session-017,orchid_engine,Dax,valve key,nearby-visible,Cai,orchid_bay,orchid_bay,none,none,True,True,True,True
1834,102,session-017,moss_ward,Tala,loom hook,nearby-visible,Milo,blanket_room,blanket_room,none,none,True,True,False,True
1835,102,session-017,glass_harbor,Nia,rope gauge,nearby-visible,Sera,fog_rail,fog_rail,none,none,True,True,False,True
1836,103,session-018,lichen_bridge,Kio,ledger punch,nearby-visible,Rin,signal_post,signal_post,none,none,True,True,False,True
1837,103,session-018,orchid_engine,Cai,valve key,nearby-visible,Eli,orchid_bay,orchid_bay,none,none,True,True,False,True
1838,103,session-018,moss_ward,Milo,loom hook,nearby-visible,Ari,blanket_room,blanket_room,none,none,True,True,False,True
1839,103,session-018,glass_harbor,Sera,rope gauge,pickup,Oren,fog_rail,carried,none,Sera,True,True,True,True
1840,103,session-018,cinder_garden,Juno,shade mallet,nearby-visible,Vale,ash_path,ash_path,none,none,True,True,True,True
1841,103,session-018,lichen_bridge,Luma,bell file,carry-visible,Sol,carried,carried,Sol,Sol,True,True,False,True
1842,103,session-018,orchid_engine,Dax,lamp tongs,drop,Bea,gear_wash,engine_ring,none,none,True,True,True,True
1843,103,session-018,moss_ward,Tala,reed knife,carry-visible,Fay,carried,carried,Tala,Tala,True,True,True,True
1844,103,session-018,glass_harbor,Nia,net shuttle,nearby-visible,Puck,lamp_pier,lamp_pier,none,none,True,True,False,True
1845,103,session-018,cinder_garden,Pax,calendar stylus,carry-visible,Wren,carried,carried,Wren,Wren,True,True,False,True
1846,103,session-018,lichen_bridge,Rin,tension peg,pickup,Kio,rope_bridge,carried,none,Rin,True,True,True,True
1847,103,session-018,orchid_engine,Eli,gear brush,carry-visible,Cai,carried,carried,Eli,Eli,True,True,True,True
1848,103,session-018,moss_ward,Ari,ledger awl,carry-visible,Milo,carried,carried,Milo,Milo,True,True,False,True
1849,103,session-018,glass_harbor,Oren,wick clamp,drop,Sera,carried,net_room,Sera,none,True,True,True,True
1850,103,session-018,cinder_garden,Vale,basket hook,carry-visible,Juno,carried,carried,Vale,Vale,True,True,True,True
1851,103,session-018,lichen_bridge,Sol,ledger punch,nearby-visible,Luma,signal_post,signal_post,none,none,True,True,False,True
1852,103,session-018,orchid_engine,Bea,valve key,nearby-visible,Dax,orchid_bay,orchid_bay,none,none,True,True,False,True
1853,103,session-018,moss_ward,Fay,loom hook,pickup,Tala,blanket_room,carried,none,Fay,True,True,True,True
1854,104,session-018,cinder_garden,Pax,basket hook,carry-visible,Vale,carried,carried,Vale,Vale,True,True,False,True
1855,104,session-018,lichen_bridge,Rin,ledger punch,nearby-visible,Sol,signal_post,signal_post,none,none,True,True,False,True
1856,104,session-018,orchid_engine,Eli,valve key,pickup,Bea,orchid_bay,carried,none,Eli,True,True,True,True
1857,104,session-018,moss_ward,Ari,loom hook,carry-visible,Fay,carried,carried,Fay,Fay,True,True,False,True
1858,104,session-018,glass_harbor,Oren,rope gauge,carry-visible,Puck,carried,carried,Sera,Sera,True,True,False,True
1859,104,session-018,cinder_garden,Vale,shade mallet,drop,Wren,ash_path,seed_shelf,none,none,True,True,True,True
1860,104,session-018,lichen_bridge,Sol,bell file,carry-visible,Kio,carried,carried,Sol,Sol,True,True,True,True
1861,104,session-018,orchid_engine,Bea,lamp tongs,nearby-visible,Cai,engine_ring,engine_ring,none,none,True,True,False,True
1862,104,session-018,moss_ward,Fay,reed knife,carry-visible,Milo,carried,carried,Tala,Tala,True,True,False,True
1863,104,session-018,glass_harbor,Puck,net shuttle,pickup,Sera,lamp_pier,carried,none,Puck,True,True,True,True
1864,104,session-018,cinder_garden,Wren,calendar stylus,carry-visible,Juno,carried,carried,Wren,Wren,True,True,True,True
1865,104,session-018,lichen_bridge,Kio,tension peg,carry-visible,Luma,carried,carried,Rin,Rin,True,True,False,True
1866,104,session-018,orchid_engine,Cai,gear brush,drop,Dax,carried,gear_wash,Eli,none,True,True,True,True
1867,104,session-018,moss_ward,Milo,ledger awl,carry-visible,Tala,carried,carried,Milo,Milo,True,True,True,True
1868,104,session-018,glass_harbor,Sera,wick clamp,nearby-visible,Nia,net_room,net_room,none,none,True,True,False,True
1869,104,session-018,cinder_garden,Juno,basket hook,carry-visible,Pax,carried,carried,Vale,Vale,True,True,False,True
1870,104,session-018,lichen_bridge,Luma,ledger punch,pickup,Rin,signal_post,carried,none,Luma,True,True,True,True
1871,104,session-018,orchid_engine,Dax,valve key,carry-visible,Eli,carried,carried,Eli,Eli,True,True,False,True
1872,105,session-018,glass_harbor,Puck,wick clamp,nearby-visible,Puck,net_room,net_room,none,none,True,True,False,True
1873,105,session-018,cinder_garden,Wren,basket hook,pickup,Wren,carried,carried,Vale,Wren,True,True,True,True
1874,105,session-018,lichen_bridge,Kio,ledger punch,carry-visible,Kio,carried,carried,Luma,Luma,True,True,False,True
1875,105,session-018,orchid_engine,Cai,valve key,carry-visible,Cai,carried,carried,Eli,Eli,True,True,False,True
1876,105,session-018,moss_ward,Milo,loom hook,drop,Milo,carried,rain_gate,Fay,none,True,True,True,True
1877,105,session-018,glass_harbor,Sera,rope gauge,carry-visible,Sera,carried,carried,Sera,Sera,True,True,True,True
1878,105,session-018,cinder_garden,Juno,shade mallet,nearby-visible,Juno,seed_shelf,seed_shelf,none,none,True,True,False,True
1879,105,session-018,lichen_bridge,Luma,bell file,carry-visible,Luma,carried,carried,Sol,Sol,True,True,False,True
1880,105,session-018,orchid_engine,Dax,lamp tongs,pickup,Dax,engine_ring,carried,none,Dax,True,True,True,True
1881,105,session-018,moss_ward,Tala,reed knife,carry-visible,Tala,carried,carried,Tala,Tala,True,True,True,True
1882,105,session-018,glass_harbor,Nia,net shuttle,carry-visible,Nia,carried,carried,Puck,Puck,True,True,False,True
1883,105,session-018,cinder_garden,Pax,calendar stylus,drop,Pax,carried,ash_path,Wren,none,True,True,True,True
1884,105,session-018,lichen_bridge,Rin,tension peg,carry-visible,Rin,carried,carried,Rin,Rin,True,True,True,True
1885,105,session-018,orchid_engine,Eli,gear brush,nearby-visible,Eli,gear_wash,gear_wash,none,none,True,True,False,True
1886,105,session-018,moss_ward,Ari,ledger awl,carry-visible,Ari,carried,carried,Milo,Milo,True,True,False,True
1887,105,session-018,glass_harbor,Oren,wick clamp,pickup,Oren,net_room,carried,none,Oren,True,True,True,True
1888,105,session-018,cinder_garden,Vale,basket hook,carry-visible,Vale,carried,carried,Wren,Wren,True,True,False,True
1889,105,session-018,lichen_bridge,Sol,ledger punch,carry-visible,Sol,carried,carried,Luma,Luma,True,True,False,True
1890,106,session-018,moss_ward,Tala,ledger awl,pickup,Milo,carried,carried,Milo,Tala,True,True,True,True
1891,106,session-018,glass_harbor,Nia,wick clamp,carry-visible,Sera,carried,carried,Oren,Oren,True,True,False,True
1892,106,session-018,cinder_garden,Pax,basket hook,carry-visible,Juno,carried,carried,Wren,Wren,True,True,False,True
1893,106,session-018,lichen_bridge,Rin,ledger punch,drop,Luma,carried,rope_bridge,Luma,none,True,True,True,True
1894,106,session-018,orchid_engine,Eli,valve key,carry-visible,Dax,carried,carried,Eli,Eli,True,True,True,True
1895,106,session-018,moss_ward,Ari,loom hook,nearby-visible,Tala,rain_gate,rain_gate,none,none,True,True,False,True
1896,106,session-018,glass_harbor,Oren,rope gauge,carry-visible,Nia,carried,carried,Sera,Sera,True,True,False,True
1897,106,session-018,cinder_garden,Vale,shade mallet,pickup,Pax,seed_shelf,carried,none,Vale,True,True,True,True
1898,106,session-018,lichen_bridge,Sol,bell file,carry-visible,Rin,carried,carried,Sol,Sol,True,True,True,True
1899,106,session-018,orchid_engine,Bea,lamp tongs,carry-visible,Eli,carried,carried,Dax,Dax,True,True,False,True
1900,106,session-018,moss_ward,Fay,reed knife,drop,Ari,carried,blanket_room,Tala,none,True,True,True,True
1901,106,session-018,glass_harbor,Puck,net shuttle,carry-visible,Oren,carried,carried,Puck,Puck,True,True,True,True
1902,106,session-018,cinder_garden,Wren,calendar stylus,nearby-visible,Vale,ash_path,ash_path,none,none,True,True,False,True
1903,106,session-018,lichen_bridge,Kio,tension peg,carry-visible,Sol,carried,carried,Rin,Rin,True,True,False,True
1904,106,session-018,orchid_engine,Cai,gear brush,pickup,Bea,gear_wash,carried,none,Cai,True,True,True,True
1905,106,session-018,moss_ward,Milo,ledger awl,carry-visible,Fay,carried,carried,Tala,Tala,True,True,False,True
1906,106,session-018,glass_harbor,Sera,wick clamp,carry-visible,Puck,carried,carried,Oren,Oren,True,True,False,True
1907,106,session-018,cinder_garden,Juno,basket hook,drop,Wren,carried,shade_tent,Wren,none,True,True,True,True
1908,107,session-018,orchid_engine,Bea,gear brush,carry-visible,Dax,carried,carried,Cai,Cai,True,True,False,True
1909,107,session-018,moss_ward,Fay,ledger awl,carry-visible,Tala,carried,carried,Tala,Tala,True,True,False,True
1910,107,session-018,glass_harbor,Puck,wick clamp,drop,Nia,carried,lamp_pier,Oren,none,True,True,True,True
1911,107,session-018,cinder_garden,Wren,basket hook,nearby-visible,Pax,shade_tent,shade_tent,none,none,True,True,False,True
1912,107,session-018,lichen_bridge,Kio,ledger punch,nearby-visible,Rin,rope_bridge,rope_bridge,none,none,True,True,False,True
1913,107,session-018,orchid_engine,Cai,valve key,carry-visible,Eli,carried,carried,Eli,Eli,True,True,False,True
1914,107,session-018,moss_ward,Milo,loom hook,pickup,Ari,rain_gate,carried,none,Milo,True,True,True,True
1915,107,session-018,glass_harbor,Sera,rope gauge,carry-visible,Oren,carried,carried,Sera,Sera,True,True,True,True
1916,107,session-018,cinder_garden,Juno,shade mallet,carry-visible,Vale,carried,carried,Vale,Vale,True,True,False,True
1917,107,session-018,lichen_bridge,Luma,bell file,drop,Sol,carried,signal_post,Sol,none,True,True,True,True
1918,107,session-018,orchid_engine,Dax,lamp tongs,carry-visible,Bea,carried,carried,Dax,Dax,True,True,True,True
1919,107,session-018,moss_ward,Tala,reed knife,nearby-visible,Fay,blanket_room,blanket_room,none,none,True,True,False,True
1920,107,session-018,glass_harbor,Nia,net shuttle,carry-visible,Puck,carried,carried,Puck,Puck,True,True,False,True
1921,107,session-018,cinder_garden,Pax,calendar stylus,pickup,Wren,ash_path,carried,none,Pax,True,True,True,True
1922,107,session-018,lichen_bridge,Rin,tension peg,carry-visible,Kio,carried,carried,Rin,Rin,True,True,True,True
1923,107,session-018,orchid_engine,Eli,gear brush,carry-visible,Cai,carried,carried,Cai,Cai,True,True,False,True
1924,107,session-018,moss_ward,Ari,ledger awl,drop,Milo,carried,root_alcove,Tala,none,True,True,True,True
1925,107,session-018,glass_harbor,Oren,wick clamp,nearby-visible,Sera,lamp_pier,lamp_pier,none,none,True,True,True,True
1926,108,session-018,lichen_bridge,Luma,tension peg,carry-visible,Rin,carried,carried,Rin,Rin,True,True,False,True
1927,108,session-018,orchid_engine,Dax,gear brush,drop,Eli,carried,engine_ring,Cai,none,True,True,True,True
1928,108,session-018,moss_ward,Tala,ledger awl,nearby-visible,Ari,root_alcove,root_alcove,none,none,True,True,False,True
1929,108,session-018,glass_harbor,Nia,wick clamp,nearby-visible,Oren,lamp_pier,lamp_pier,none,none,True,True,False,True
1930,108,session-018,cinder_garden,Pax,basket hook,nearby-visible,Vale,shade_tent,shade_tent,none,none,True,True,False,True
1931,108,session-018,lichen_bridge,Rin,ledger punch,pickup,Sol,rope_bridge,carried,none,Rin,True,True,True,True
1932,108,session-018,orchid_engine,Eli,valve key,carry-visible,Bea,carried,carried,Eli,Eli,True,True,True,True
1933,108,session-018,moss_ward,Ari,loom hook,carry-visible,Fay,carried,carried,Milo,Milo,True,True,False,True
1934,108,session-018,glass_harbor,Oren,rope gauge,drop,Puck,carried,net_room,Sera,none,True,True,True,True
1935,108,session-018,cinder_garden,Vale,shade mallet,carry-visible,Wren,carried,carried,Vale,Vale,True,True,True,True
1936,108,session-018,lichen_bridge,Sol,bell file,nearby-visible,Kio,signal_post,signal_post,none,none,True,True,False,True
1937,108,session-018,orchid_engine,Bea,lamp tongs,carry-visible,Cai,carried,carried,Dax,Dax,True,True,False,True
1938,108,session-018,moss_ward,Fay,reed knife,pickup,Milo,blanket_room,carried,none,Fay,True,True,True,True
1939,108,session-018,glass_harbor,Puck,net shuttle,carry-visible,Sera,carried,carried,Puck,Puck,True,True,True,True
1940,108,session-018,cinder_garden,Wren,calendar stylus,carry-visible,Juno,carried,carried,Pax,Pax,True,True,False,True
1941,108,session-018,lichen_bridge,Kio,tension peg,drop,Luma,carried,meal_room,Rin,none,True,True,True,True
1942,108,session-018,orchid_engine,Cai,gear brush,nearby-visible,Dax,engine_ring,engine_ring,none,none,True,True,True,True
1943,108,session-018,moss_ward,Milo,ledger awl,nearby-visible,Tala,root_alcove,root_alcove,none,none,True,True,False,True
1944,109,session-019,cinder_garden,Vale,calendar stylus,drop,Vale,carried,seed_shelf,Pax,none,True,True,True,True
1945,109,session-019,lichen_bridge,Sol,tension peg,nearby-visible,Sol,meal_room,meal_room,none,none,True,True,False,True
1946,109,session-019,orchid_engine,Bea,gear brush,nearby-visible,Bea,engine_ring,engine_ring,none,none,True,True,False,True
1947,109,session-019,moss_ward,Fay,ledger awl,nearby-visible,Fay,root_alcove,root_alcove,none,none,True,True,False,True
1948,109,session-019,glass_harbor,Puck,wick clamp,pickup,Puck,lamp_pier,carried,none,Puck,True,True,True,True
1949,109,session-019,cinder_garden,Wren,basket hook,nearby-visible,Wren,shade_tent,shade_tent,none,none,True,True,True,True
1950,109,session-019,lichen_bridge,Kio,ledger punch,carry-visible,Kio,carried,carried,Rin,Rin,True,True,False,True
1951,109,session-019,orchid_engine,Cai,valve key,drop,Cai,carried,gear_wash,Eli,none,True,True,True,True
1952,109,session-019,moss_ward,Milo,loom hook,carry-visible,Milo,carried,carried,Milo,Milo,True,True,True,True
1953,109,session-019,glass_harbor,Sera,rope gauge,nearby-visible,Sera,net_room,net_room,none,none,True,True,False,True
1954,109,session-019,cinder_garden,Juno,shade mallet,carry-visible,Juno,carried,carried,Vale,Vale,True,True,False,True
1955,109,session-019,lichen_bridge,Luma,bell file,pickup,Luma,signal_post,carried,none,Luma,True,True,True,True
1956,109,session-019,orchid_engine,Dax,lamp tongs,carry-visible,Dax,carried,carried,Dax,Dax,True,True,True,True
1957,109,session-019,moss_ward,Tala,reed knife,carry-visible,Tala,carried,carried,Fay,Fay,True,True,False,True
1958,109,session-019,glass_harbor,Nia,net shuttle,drop,Nia,carried,fog_rail,Puck,none,True,True,True,True
1959,109,session-019,cinder_garden,Pax,calendar stylus,nearby-visible,Pax,seed_shelf,seed_shelf,none,none,True,True,True,True
1960,109,session-019,lichen_bridge,Rin,tension peg,nearby-visible,Rin,meal_room,meal_room,none,none,True,True,False,True
1961,109,session-019,orchid_engine,Eli,gear brush,nearby-visible,Eli,engine_ring,engine_ring,none,none,True,True,False,True
1962,110,session-019,glass_harbor,Sera,net shuttle,nearby-visible,Puck,fog_rail,fog_rail,none,none,True,True,False,True
1963,110,session-019,cinder_garden,Juno,calendar stylus,nearby-visible,Wren,seed_shelf,seed_shelf,none,none,True,True,False,True
1964,110,session-019,lichen_bridge,Luma,tension peg,nearby-visible,Kio,meal_room,meal_room,none,none,True,True,False,True
1965,110,session-019,orchid_engine,Dax,gear brush,pickup,Cai,engine_ring,carried,none,Dax,True,True,True,True
1966,110,session-019,moss_ward,Tala,ledger awl,nearby-visible,Milo,root_alcove,root_alcove,none,none,True,True,True,True
1967,110,session-019,glass_harbor,Nia,wick clamp,carry-visible,Sera,carried,carried,Puck,Puck,True,True,False,True
1968,110,session-019,cinder_garden,Pax,basket hook,drop,Juno,shade_tent,ash_path,none,none,True,True,True,True
1969,110,session-019,lichen_bridge,Rin,ledger punch,carry-visible,Luma,carried,carried,Rin,Rin,True,True,True,True
1970,110,session-019,orchid_engine,Eli,valve key,nearby-visible,Dax,gear_wash,gear_wash,none,none,True,True,False,True
1971,110,session-019,moss_ward,Ari,loom hook,carry-visible,Tala,carried,carried,Milo,Milo,True,True,False,True
1972,110,session-019,glass_harbor,Oren,rope gauge,pickup,Nia,net_room,carried,none,Oren,True,True,True,True
1973,110,session-019,cinder_garden,Vale,shade mallet,carry-visible,Pax,carried,carried,Vale,Vale,True,True,True,True
1974,110,session-019,lichen_bridge,Sol,bell file,carry-visible,Rin,carried,carried,Luma,Luma,True,True,False,True
1975,110,session-019,orchid_engine,Bea,lamp tongs,drop,Eli,carried,orchid_bay,Dax,none,True,True,True,True
1976,110,session-019,moss_ward,Fay,reed knife,carry-visible,Ari,carried,carried,Fay,Fay,True,True,True,True
1977,110,session-019,glass_harbor,Puck,net shuttle,nearby-visible,Oren,fog_rail,fog_rail,none,none,True,True,False,True
1978,110,session-019,cinder_garden,Wren,calendar stylus,nearby-visible,Vale,seed_shelf,seed_shelf,none,none,True,True,False,True
1979,110,session-019,lichen_bridge,Kio,tension peg,pickup,Sol,meal_room,carried,none,Kio,True,True,True,True
1980,111,session-019,moss_ward,Ari,reed knife,carry-visible,Milo,carried,carried,Fay,Fay,True,True,False,True
1981,111,session-019,glass_harbor,Oren,net shuttle,nearby-visible,Sera,fog_rail,fog_rail,none,none,True,True,False,True
1982,111,session-019,cinder_garden,Vale,calendar stylus,pickup,Juno,seed_shelf,carried,none,Vale,True,True,True,True
1983,111,session-019,lichen_bridge,Sol,tension peg,carry-visible,Luma,carried,carried,Kio,Kio,True,True,False,True
1984,111,session-019,orchid_engine,Bea,gear brush,carry-visible,Dax,carried,carried,Dax,Dax,True,True,False,True
1985,111,session-019,moss_ward,Fay,ledger awl,drop,Tala,root_alcove,blanket_room,none,none,True,True,True,True
1986,111,session-019,glass_harbor,Puck,wick clamp,carry-visible,Nia,carried,carried,Puck,Puck,True,True,True,True
1987,111,session-019,cinder_garden,Wren,basket hook,nearby-visible,Pax,ash_path,ash_path,none,none,True,True,False,True
1988,111,session-019,lichen_bridge,Kio,ledger punch,carry-visible,Rin,carried,carried,Rin,Rin,True,True,False,True
1989,111,session-019,orchid_engine,Cai,valve key,pickup,Eli,gear_wash,carried,none,Cai,True,True,True,True
1990,111,session-019,moss_ward,Milo,loom hook,carry-visible,Ari,carried,carried,Milo,Milo,True,True,True,True
1991,111,session-019,glass_harbor,Sera,rope gauge,carry-visible,Oren,carried,carried,Oren,Oren,True,True,False,True
1992,111,session-019,cinder_garden,Juno,shade mallet,drop,Vale,carried,shade_tent,Vale,none,True,True,True,True
1993,111,session-019,lichen_bridge,Luma,bell file,carry-visible,Sol,carried,carried,Luma,Luma,True,True,True,True
1994,111,session-019,orchid_engine,Dax,lamp tongs,nearby-visible,Bea,orchid_bay,orchid_bay,none,none,True,True,False,True
1995,111,session-019,moss_ward,Tala,reed knife,carry-visible,Fay,carried,carried,Fay,Fay,True,True,False,True
1996,111,session-019,glass_harbor,Nia,net shuttle,pickup,Puck,fog_rail,carried,none,Nia,True,True,True,True
1997,111,session-019,cinder_garden,Pax,calendar stylus,carry-visible,Wren,carried,carried,Vale,Vale,True,True,False,True
1998,112,session-019,orchid_engine,Cai,lamp tongs,nearby-visible,Dax,orchid_bay,orchid_bay,none,none,True,True,False,True
1999,112,session-019,moss_ward,Milo,reed knife,pickup,Tala,carried,carried,Fay,Milo,True,True,True,True
2000,112,session-019,glass_harbor,Sera,net shuttle,carry-visible,Nia,carried,carried,Nia,Nia,True,True,False,True
2001,112,session-019,cinder_garden,Juno,calendar stylus,carry-visible,Pax,carried,carried,Vale,Vale,True,True,False,True
2002,112,session-019,lichen_bridge,Luma,tension peg,drop,Rin,carried,signal_post,Kio,none,True,True,True,True
2003,112,session-019,orchid_engine,Dax,gear brush,carry-visible,Eli,carried,carried,Dax,Dax,True,True,True,True
2004,112,session-019,moss_ward,Tala,ledger awl,nearby-visible,Ari,blanket_room,blanket_room,none,none,True,True,False,True
2005,112,session-019,glass_harbor,Nia,wick clamp,carry-visible,Oren,carried,carried,Puck,Puck,True,True,False,True
2006,112,session-019,cinder_garden,Pax,basket hook,pickup,Vale,ash_path,carried,none,Pax,True,True,True,True
2007,112,session-019,lichen_bridge,Rin,ledger punch,carry-visible,Sol,carried,carried,Rin,Rin,True,True,True,True
2008,112,session-019,orchid_engine,Eli,valve key,carry-visible,Bea,carried,carried,Cai,Cai,True,True,False,True
2009,112,session-019,moss_ward,Ari,loom hook,drop,Fay,carried,root_alcove,Milo,none,True,True,True,True
2010,112,session-019,glass_harbor,Oren,rope gauge,carry-visible,Puck,carried,carried,Oren,Oren,True,True,True,True
2011,112,session-019,cinder_garden,Vale,shade mallet,nearby-visible,Wren,shade_tent,shade_tent,none,none,True,True,False,True
2012,112,session-019,lichen_bridge,Sol,bell file,carry-visible,Kio,carried,carried,Luma,Luma,True,True,False,True
2013,112,session-019,orchid_engine,Bea,lamp tongs,pickup,Cai,orchid_bay,carried,none,Bea,True,True,True,True
2014,112,session-019,moss_ward,Fay,reed knife,carry-visible,Milo,carried,carried,Milo,Milo,True,True,False,True
2015,112,session-019,glass_harbor,Puck,net shuttle,carry-visible,Sera,carried,carried,Nia,Nia,True,True,False,True
2016,113,session-019,lichen_bridge,Rin,bell file,pickup,Rin,carried,carried,Luma,Rin,True,True,True,True
2017,113,session-019,orchid_engine,Eli,lamp tongs,carry-visible,Eli,carried,carried,Bea,Bea,True,True,False,True
2018,113,session-019,moss_ward,Ari,reed knife,carry-visible,Ari,carried,carried,Milo,Milo,True,True,False,True
2019,113,session-019,glass_harbor,Oren,net shuttle,drop,Oren,carried,net_room,Nia,none,True,True,True,True
2020,113,session-019,cinder_garden,Vale,calendar stylus,carry-visible,Vale,carried,carried,Vale,Vale,True,True,True,True
2021,113,session-019,lichen_bridge,Sol,tension peg,nearby-visible,Sol,signal_post,signal_post,none,none,True,True,False,True
2022,113,session-019,orchid_engine,Bea,gear brush,carry-visible,Bea,carried,carried,Dax,Dax,True,True,False,True
2023,113,session-019,moss_ward,Fay,ledger awl,pickup,Fay,blanket_room,carried,none,Fay,True,True,True,True
2024,113,session-019,glass_harbor,Puck,wick clamp,carry-visible,Puck,carried,carried,Puck,Puck,True,True,True,True
2025,113,session-019,cinder_garden,Wren,basket hook,carry-visible,Wren,carried,carried,Pax,Pax,True,True,False,True
2026,113,session-019,lichen_bridge,Kio,ledger punch,drop,Kio,carried,meal_room,Rin,none,True,True,True,True
2027,113,session-019,orchid_engine,Cai,valve key,carry-visible,Cai,carried,carried,Cai,Cai,True,True,True,True
2028,113,session-019,moss_ward,Milo,loom hook,nearby-visible,Milo,root_alcove,root_alcove,none,none,True,True,False,True
2029,113,session-019,glass_harbor,Sera,rope gauge,carry-visible,Sera,carried,carried,Oren,Oren,True,True,False,True
2030,113,session-019,cinder_garden,Juno,shade mallet,pickup,Juno,shade_tent,carried,none,Juno,True,True,True,True
2031,113,session-019,lichen_bridge,Luma,bell file,carry-visible,Luma,carried,carried,Rin,Rin,True,True,False,True
2032,113,session-019,orchid_engine,Dax,lamp tongs,carry-visible,Dax,carried,carried,Bea,Bea,True,True,False,True
2033,113,session-019,moss_ward,Tala,reed knife,drop,Tala,carried,rain_gate,Milo,none,True,True,True,True
2034,114,session-019,cinder_garden,Wren,shade mallet,carry-visible,Vale,carried,carried,Juno,Juno,True,True,False,True
2035,114,session-019,lichen_bridge,Kio,bell file,carry-visible,Sol,carried,carried,Rin,Rin,True,True,False,True
2036,114,session-019,orchid_engine,Cai,lamp tongs,drop,Bea,carried,gear_wash,Bea,none,True,True,True,True
2037,114,session-019,moss_ward,Milo,reed knife,nearby-visible,Fay,rain_gate,rain_gate,none,none,True,True,False,True
2038,114,session-019,glass_harbor,Sera,net shuttle,nearby-visible,Puck,net_room,net_room,none,none,True,True,False,True
2039,114,session-019,cinder_garden,Juno,calendar stylus,carry-visible,Wren,carried,carried,Vale,Vale,True,True,False,True
2040,114,session-019,lichen_bridge,Luma,tension peg,pickup,Kio,signal_post,carried,none,Luma,True,True,True,True
2041,114,session-019,orchid_engine,Dax,gear brush,carry-visible,Cai,carried,carried,Dax,Dax,True,True,True,True
2042,114,session-019,moss_ward,Tala,ledger awl,carry-visible,Milo,carried,carried,Fay,Fay,True,True,False,True
2043,114,session-019,glass_harbor,Nia,wick clamp,drop,Sera,carried,fog_rail,Puck,none,True,True,True,True
2044,114,session-019,cinder_garden,Pax,basket hook,carry-visible,Juno,carried,carried,Pax,Pax,True,True,True,True
2045,114,session-019,lichen_bridge,Rin,ledger punch,nearby-visible,Luma,meal_room,meal_room,none,none,True,True,False,True
2046,114,session-019,orchid_engine,Eli,valve key,carry-visible,Dax,carried,carried,Cai,Cai,True,True,False,True
2047,114,session-019,moss_ward,Ari,loom hook,pickup,Tala,root_alcove,carried,none,Ari,True,True,True,True
2048,114,session-019,glass_harbor,Oren,rope gauge,carry-visible,Nia,carried,carried,Oren,Oren,True,True,True,True
2049,114,session-019,cinder_garden,Vale,shade mallet,carry-visible,Pax,carried,carried,Juno,Juno,True,True,False,True
2050,114,session-019,lichen_bridge,Sol,bell file,drop,Rin,carried,rope_bridge,Rin,none,True,True,True,True
2051,114,session-019,orchid_engine,Bea,lamp tongs,nearby-visible,Eli,gear_wash,gear_wash,none,none,True,True,True,True
2052,115,session-020,glass_harbor,Nia,rope gauge,carry-visible,Puck,carried,carried,Oren,Oren,True,True,False,True
2053,115,session-020,cinder_garden,Pax,shade mallet,drop,Wren,carried,ash_path,Juno,none,True,True,True,True
2054,115,session-020,lichen_bridge,Rin,bell file,nearby-visible,Kio,rope_bridge,rope_bridge,none,none,True,True,False,True
2055,115,session-020,orchid_engine,Eli,lamp tongs,nearby-visible,Cai,gear_wash,gear_wash,none,none,True,True,False,True
2056,115,session-020,moss_ward,Ari,reed knife,nearby-visible,Milo,rain_gate,rain_gate,none,none,True,True,False,True
2057,115,session-020,glass_harbor,Oren,net shuttle,pickup,Sera,net_room,carried,none,Oren,True,True,True,True
2058,115,session-020,cinder_garden,Vale,calendar stylus,carry-visible,Juno,carried,carried,Vale,Vale,True,True,True,True
2059,115,session-020,lichen_bridge,Sol,tension peg,carry-visible,Luma,carried,carried,Luma,Luma,True,True,False,True
2060,115,session-020,orchid_engine,Bea,gear brush,drop,Dax,carried,orchid_bay,Dax,none,True,True,True,True
2061,115,session-020,moss_ward,Fay,ledger awl,carry-visible,Tala,carried,carried,Fay,Fay,True,True,True,True
2062,115,session-020,glass_harbor,Puck,wick clamp,nearby-visible,Nia,fog_rail,fog_rail,none,none,True,True,False,True
2063,115,session-020,cinder_garden,Wren,basket hook,carry-visible,Pax,carried,carried,Pax,Pax,True,True,False,True
2064,115,session-020,lichen_bridge,Kio,ledger punch,pickup,Rin,meal_room,carried,none,Kio,True,True,True,True
2065,115,session-020,orchid_engine,Cai,valve key,carry-visible,Eli,carried,carried,Cai,Cai,True,True,True,True
2066,115,session-020,moss_ward,Milo,loom hook,carry-visible,Ari,carried,carried,Ari,Ari,True,True,False,True
2067,115,session-020,glass_harbor,Sera,rope gauge,drop,Oren,carried,lamp_pier,Oren,none,True,True,True,True
2068,115,session-020,cinder_garden,Juno,shade mallet,nearby-visible,Vale,ash_path,ash_path,none,none,True,True,True,True
2069,115,session-020,lichen_bridge,Luma,bell file,nearby-visible,Sol,rope_bridge,rope_bridge,none,none,True,True,False,True
2070,116,session-020,moss_ward,Fay,loom hook,drop,Milo,carried,blanket_room,Ari,none,True,True,True,True
2071,116,session-020,glass_harbor,Puck,rope gauge,nearby-visible,Sera,lamp_pier,lamp_pier,none,none,True,True,False,True
2072,116,session-020,cinder_garden,Wren,shade mallet,nearby-visible,Juno,ash_path,ash_path,none,none,True,True,False,True
2073,116,session-020,lichen_bridge,Kio,bell file,nearby-visible,Luma,rope_bridge,rope_bridge,none,none,True,True,False,True
2074,116,session-020,orchid_engine,Cai,lamp tongs,pickup,Dax,gear_wash,carried,none,Cai,True,True,True,True
2075,116,session-020,moss_ward,Milo,reed knife,nearby-visible,Tala,rain_gate,rain_gate,none,none,True,True,True,True
2076,116,session-020,glass_harbor,Sera,net shuttle,carry-visible,Nia,carried,carried,Oren,Oren,True,True,False,True
2077,116,session-020,cinder_garden,Juno,calendar stylus,drop,Pax,carried,shade_tent,Vale,none,True,True,True,True
2078,116,session-020,lichen_bridge,Luma,tension peg,carry-visible,Rin,carried,carried,Luma,Luma,True,True,True,True
2079,116,session-020,orchid_engine,Dax,gear brush,nearby-visible,Eli,orchid_bay,orchid_bay,none,none,True,True,False,True
2080,116,session-020,moss_ward,Tala,ledger awl,carry-visible,Ari,carried,carried,Fay,Fay,True,True,False,True
2081,116,session-020,glass_harbor,Nia,wick clamp,pickup,Oren,fog_rail,carried,none,Nia,True,True,True,True
2082,116,session-020,cinder_garden,Pax,basket hook,carry-visible,Vale,carried,carried,Pax,Pax,True,True,True,True
2083,116,session-020,lichen_bridge,Rin,ledger punch,carry-visible,Sol,carried,carried,Kio,Kio,True,True,False,True
2084,116,session-020,orchid_engine,Eli,valve key,drop,Bea,carried,engine_ring,Cai,none,True,True,True,True
2085,116,session-020,moss_ward,Ari,loom hook,nearby-visible,Fay,blanket_room,blanket_room,none,none,True,True,True,True
2086,116,session-020,glass_harbor,Oren,rope gauge,nearby-visible,Puck,lamp_pier,lamp_pier,none,none,True,True,False,True
2087,116,session-020,cinder_garden,Vale,shade mallet,nearby-visible,Wren,ash_path,ash_path,none,none,True,True,False,True
2088,117,session-020,orchid_engine,Dax,valve key,nearby-visible,Dax,engine_ring,engine_ring,none,none,True,True,False,True
2089,117,session-020,moss_ward,Tala,loom hook,nearby-visible,Tala,blanket_room,blanket_room,none,none,True,True,False,True
2090,117,session-020,glass_harbor,Nia,rope gauge,nearby-visible,Nia,lamp_pier,lamp_pier,none,none,True,True,False,True
2091,117,session-020,cinder_garden,Pax,shade mallet,pickup,Pax,ash_path,carried,none,Pax,True,True,True,True
2092,117,session-020,lichen_bridge,Rin,bell file,nearby-visible,Rin,rope_bridge,rope_bridge,none,none,True,True,True,True
2093,117,session-020,orchid_engine,Eli,lamp tongs,carry-visible,Eli,carried,carried,Cai,Cai,True,True,False,True
2094,117,session-020,moss_ward,Ari,reed knife,drop,Ari,rain_gate,root_alcove,none,none,True,True,True,True
2095,117,session-020,glass_harbor,Oren,net shuttle,carry-visible,Oren,carried,carried,Oren,Oren,True,True,True,True
2096,117,session-020,cinder_garden,Vale,calendar stylus,nearby-visible,Vale,shade_tent,shade_tent,none,none,True,True,False,True
2097,117,session-020,lichen_bridge,Sol,tension peg,carry-visible,Sol,carried,carried,Luma,Luma,True,True,False,True
2098,117,session-020,orchid_engine,Bea,gear brush,pickup,Bea,orchid_bay,carried,none,Bea,True,True,True,True
2099,117,session-020,moss_ward,Fay,ledger awl,carry-visible,Fay,carried,carried,Fay,Fay,True,True,True,True
2100,117,session-020,glass_harbor,Puck,wick clamp,carry-visible,Puck,carried,carried,Nia,Nia,True,True,False,True
2101,117,session-020,cinder_garden,Wren,basket hook,drop,Wren,carried,seed_shelf,Pax,none,True,True,True,True
2102,117,session-020,lichen_bridge,Kio,ledger punch,carry-visible,Kio,carried,carried,Kio,Kio,True,True,True,True
2103,117,session-020,orchid_engine,Cai,valve key,nearby-visible,Cai,engine_ring,engine_ring,none,none,True,True,False,True
2104,117,session-020,moss_ward,Milo,loom hook,nearby-visible,Milo,blanket_room,blanket_room,none,none,True,True,False,True
2105,117,session-020,glass_harbor,Sera,rope gauge,pickup,Sera,lamp_pier,carried,none,Sera,True,True,True,True
2106,118,session-020,lichen_bridge,Sol,ledger punch,carry-visible,Rin,carried,carried,Kio,Kio,True,True,False,True
2107,118,session-020,orchid_engine,Bea,valve key,nearby-visible,Eli,engine_ring,engine_ring,none,none,True,True,False,True
2108,118,session-020,moss_ward,Fay,loom hook,pickup,Ari,blanket_room,carried,none,Fay,True,True,True,True
2109,118,session-020,glass_harbor,Puck,rope gauge,carry-visible,Oren,carried,carried,Sera,Sera,True,True,False,True
2110,118,session-020,cinder_garden,Wren,shade mallet,carry-visible,Vale,carried,carried,Pax,Pax,True,True,False,True
2111,118,session-020,lichen_bridge,Kio,bell file,drop,Sol,rope_bridge,meal_room,none,none,True,True,True,True
2112,118,session-020,orchid_engine,Cai,lamp tongs,carry-visible,Bea,carried,carried,Cai,Cai,True,True,True,True
2113,118,session-020,moss_ward,Milo,reed knife,nearby-visible,Fay,root_alcove,root_alcove,none,none,True,True,False,True
2114,118,session-020,glass_harbor,Sera,net shuttle,carry-visible,Puck,carried,carried,Oren,Oren,True,True,False,True
2115,118,session-020,cinder_garden,Juno,calendar stylus,pickup,Wren,shade_tent,carried,none,Juno,True,True,True,True
2116,118,session-020,lichen_bridge,Luma,tension peg,carry-visible,Kio,carried,carried,Luma,Luma,True,True,True,True
2117,118,session-020,orchid_engine,Dax,gear brush,carry-visible,Cai,carried,carried,Bea,Bea,True,True,False,True
2118,118,session-020,moss_ward,Tala,ledger awl,drop,Milo,carried,rain_gate,Fay,none,True,True,True,True
2119,118,session-020,glass_harbor,Nia,wick clamp,carry-visible,Sera,carried,carried,Nia,Nia,True,True,True,True
2120,118,session-020,cinder_garden,Pax,basket hook,nearby-visible,Juno,seed_shelf,seed_shelf,none,none,True,True,False,True
2121,118,session-020,lichen_bridge,Rin,ledger punch,carry-visible,Luma,carried,carried,Kio,Kio,True,True,False,True
2122,118,session-020,orchid_engine,Eli,valve key,pickup,Dax,engine_ring,carried,none,Eli,True,True,True,True
2123,118,session-020,moss_ward,Ari,loom hook,carry-visible,Tala,carried,carried,Fay,Fay,True,True,False,True
2124,119,session-020,cinder_garden,Juno,basket hook,nearby-visible,Vale,seed_shelf,seed_shelf,none,none,True,True,False,True
2125,119,session-020,lichen_bridge,Luma,ledger punch,pickup,Sol,carried,carried,Kio,Luma,True,True,True,True
2126,119,session-020,orchid_engine,Dax,valve key,carry-visible,Bea,carried,carried,Eli,Eli,True,True,False,True
2127,119,session-020,moss_ward,Tala,loom hook,carry-visible,Fay,carried,carried,Fay,Fay,True,True,False,True
2128,119,session-020,glass_harbor,Nia,rope gauge,drop,Puck,carried,fog_rail,Sera,none,True,True,True,True
2129,119,session-020,cinder_garden,Pax,shade mallet,carry-visible,Wren,carried,carried,Pax,Pax,True,True,True,True
2130,119,session-020,lichen_bridge,Rin,bell file,nearby-visible,Kio,meal_room,meal_room,none,none,True,True,False,True
2131,119,session-020,orchid_engine,Eli,lamp tongs,carry-visible,Cai,carried,carried,Cai,Cai,True,True,False,True
2132,119,session-020,moss_ward,Ari,reed knife,pickup,Milo,root_alcove,carried,none,Ari,True,True,True,True
2133,119,session-020,glass_harbor,Oren,net shuttle,carry-visible,Sera,carried,carried,Oren,Oren,True,True,True,True
2134,119,session-020,cinder_garden,Vale,calendar stylus,carry-visible,Juno,carried,carried,Juno,Juno,True,True,False,True
2135,119,session-020,lichen_bridge,Sol,tension peg,drop,Luma,carried,rope_bridge,Luma,none,True,True,True,True
2136,119,session-020,orchid_engine,Bea,gear brush,carry-visible,Dax,carried,carried,Bea,Bea,True,True,True,True
2137,119,session-020,moss_ward,Fay,ledger awl,nearby-visible,Tala,rain_gate,rain_gate,none,none,True,True,False,True
2138,119,session-020,glass_harbor,Puck,wick clamp,carry-visible,Nia,carried,carried,Nia,Nia,True,True,False,True
2139,119,session-020,cinder_garden,Wren,basket hook,pickup,Pax,seed_shelf,carried,none,Wren,True,True,True,True
2140,119,session-020,lichen_bridge,Kio,ledger punch,carry-visible,Rin,carried,carried,Luma,Luma,True,True,False,True
2141,119,session-020,orchid_engine,Cai,valve key,carry-visible,Eli,carried,carried,Eli,Eli,True,True,False,True
2142,120,session-020,glass_harbor,Oren,wick clamp,pickup,Puck,carried,carried,Nia,Oren,True,True,True,True
2143,120,session-020,cinder_garden,Vale,basket hook,carry-visible,Wren,carried,carried,Wren,Wren,True,True,False,True
2144,120,session-020,lichen_bridge,Sol,ledger punch,carry-visible,Kio,carried,carried,Luma,Luma,True,True,False,True
2145,120,session-020,orchid_engine,Bea,valve key,drop,Cai,carried,orchid_bay,Eli,none,True,True,True,True
2146,120,session-020,moss_ward,Fay,loom hook,carry-visible,Milo,carried,carried,Fay,Fay,True,True,True,True
2147,120,session-020,glass_harbor,Puck,rope gauge,nearby-visible,Sera,fog_rail,fog_rail,none,none,True,True,False,True
2148,120,session-020,cinder_garden,Wren,shade mallet,carry-visible,Juno,carried,carried,Pax,Pax,True,True,False,True
2149,120,session-020,lichen_bridge,Kio,bell file,pickup,Luma,meal_room,carried,none,Kio,True,True,True,True
2150,120,session-020,orchid_engine,Cai,lamp tongs,carry-visible,Dax,carried,carried,Cai,Cai,True,True,True,True
2151,120,session-020,moss_ward,Milo,reed knife,carry-visible,Tala,carried,carried,Ari,Ari,True,True,False,True
2152,120,session-020,glass_harbor,Sera,net shuttle,drop,Nia,carried,lamp_pier,Oren,none,True,True,True,True
2153,120,session-020,cinder_garden,Juno,calendar stylus,carry-visible,Pax,carried,carried,Juno,Juno,True,True,True,True
2154,120,session-020,lichen_bridge,Luma,tension peg,nearby-visible,Rin,rope_bridge,rope_bridge,none,none,True,True,False,True
2155,120,session-020,orchid_engine,Dax,gear brush,carry-visible,Eli,carried,carried,Bea,Bea,True,True,False,True
2156,120,session-020,moss_ward,Tala,ledger awl,pickup,Ari,rain_gate,carried,none,Tala,True,True,True,True
2157,120,session-020,glass_harbor,Nia,wick clamp,carry-visible,Oren,carried,carried,Oren,Oren,True,True,False,True
2158,120,session-020,cinder_garden,Pax,basket hook,carry-visible,Vale,carried,carried,Wren,Wren,True,True,False,True
2159,120,session-020,lichen_bridge,Rin,ledger punch,drop,Sol,carried,signal_post,Luma,none,True,True,True,True
2160,121,session-021,moss_ward,Milo,ledger awl,carry-visible,Milo,carried,carried,Tala,Tala,True,True,False,True
2161,121,session-021,glass_harbor,Sera,wick clamp,carry-visible,Sera,carried,carried,Oren,Oren,True,True,False,True
2162,121,session-021,cinder_garden,Juno,basket hook,drop,Juno,carried,shade_tent,Wren,none,True,True,True,True
2163,121,session-021,lichen_bridge,Luma,ledger punch,nearby-visible,Luma,signal_post,signal_post,none,none,True,True,False,True
2164,121,session-021,orchid_engine,Dax,valve key,nearby-visible,Dax,orchid_bay,orchid_bay,none,none,True,True,False,True
2165,121,session-021,moss_ward,Tala,loom hook,carry-visible,Tala,carried,carried,Fay,Fay,True,True,False,True
2166,121,session-021,glass_harbor,Nia,rope gauge,pickup,Nia,fog_rail,carried,none,Nia,True,True,True,True
2167,121,session-021,cinder_garden,Pax,shade mallet,carry-visible,Pax,carried,carried,Pax,Pax,True,True,True,True
2168,121,session-021,lichen_bridge,Rin,bell file,carry-visible,Rin,carried,carried,Kio,Kio,True,True,False,True
2169,121,session-021,orchid_engine,Eli,lamp tongs,drop,Eli,carried,engine_ring,Cai,none,True,True,True,True
2170,121,session-021,moss_ward,Ari,reed knife,carry-visible,Ari,carried,carried,Ari,Ari,True,True,True,True
2171,121,session-021,glass_harbor,Oren,net shuttle,nearby-visible,Oren,lamp_pier,lamp_pier,none,none,True,True,False,True
2172,121,session-021,cinder_garden,Vale,calendar stylus,carry-visible,Vale,carried,carried,Juno,Juno,True,True,False,True
2173,121,session-021,lichen_bridge,Sol,tension peg,pickup,Sol,rope_bridge,carried,none,Sol,True,True,True,True
2174,121,session-021,orchid_engine,Bea,gear brush,carry-visible,Bea,carried,carried,Bea,Bea,True,True,True,True
2175,121,session-021,moss_ward,Fay,ledger awl,carry-visible,Fay,carried,carried,Tala,Tala,True,True,False,True
2176,121,session-021,glass_harbor,Puck,wick clamp,drop,Puck,carried,net_room,Oren,none,True,True,True,True
2177,121,session-021,cinder_garden,Wren,basket hook,nearby-visible,Wren,shade_tent,shade_tent,none,none,True,True,True,True
2178,122,session-021,orchid_engine,Eli,gear brush,carry-visible,Dax,carried,carried,Bea,Bea,True,True,False,True
2179,122,session-021,moss_ward,Ari,ledger awl,drop,Tala,carried,root_alcove,Tala,none,True,True,True,True
2180,122,session-021,glass_harbor,Oren,wick clamp,nearby-visible,Nia,net_room,net_room,none,none,True,True,False,True
2181,122,session-021,cinder_garden,Vale,basket hook,nearby-visible,Pax,shade_tent,shade_tent,none,none,True,True,False,True
2182,122,session-021,lichen_bridge,Sol,ledger punch,nearby-visible,Rin,signal_post,signal_post,none,none,True,True,False,True
2183,122,session-021,orchid_engine,Bea,valve key,pickup,Eli,orchid_bay,carried,none,Bea,True,True,True,True
2184,122,session-021,moss_ward,Fay,loom hook,carry-visible,Ari,carried,carried,Fay,Fay,True,True,True,True
2185,122,session-021,glass_harbor,Puck,rope gauge,carry-visible,Oren,carried,carried,Nia,Nia,True,True,False,True
2186,122,session-021,cinder_garden,Wren,shade mallet,drop,Vale,carried,seed_shelf,Pax,none,True,True,True,True
2187,122,session-021,lichen_bridge,Kio,bell file,carry-visible,Sol,carried,carried,Kio,Kio,True,True,True,True
2188,122,session-021,orchid_engine,Cai,lamp tongs,nearby-visible,Bea,engine_ring,engine_ring,none,none,True,True,False,True
2189,122,session-021,moss_ward,Milo,reed knife,carry-visible,Fay,carried,carried,Ari,Ari,True,True,False,True
2190,122,session-021,glass_harbor,Sera,net shuttle,pickup,Puck,lamp_pier,carried,none,Sera,True,True,True,True
2191,122,session-021,cinder_garden,Juno,calendar stylus,carry-visible,Wren,carried,carried,Juno,Juno,True,True,True,True
2192,122,session-021,lichen_bridge,Luma,tension peg,carry-visible,Kio,carried,carried,Sol,Sol,True,True,False,True
2193,122,session-021,orchid_engine,Dax,gear brush,drop,Cai,carried,gear_wash,Bea,none,True,True,True,True
2194,122,session-021,moss_ward,Tala,ledger awl,nearby-visible,Milo,root_alcove,root_alcove,none,none,True,True,True,True
2195,122,session-021,glass_harbor,Nia,wick clamp,nearby-visible,Sera,net_room,net_room,none,none,True,True,False,True
2196,123,session-021,lichen_bridge,Kio,tension peg,drop,Rin,carried,meal_room,Sol,none,True,True,True,True
2197,123,session-021,orchid_engine,Cai,gear brush,nearby-visible,Eli,gear_wash,gear_wash,none,none,True,True,False,True
2198,123,session-021,moss_ward,Milo,ledger awl,nearby-visible,Ari,root_alcove,root_alcove,none,none,True,True,False,True
2199,123,session-021,glass_harbor,Sera,wick clamp,nearby-visible,Oren,net_room,net_room,none,none,True,True,False,True
2200,123,session-021,cinder_garden,Juno,basket hook,pickup,Vale,shade_tent,carried,none,Juno,True,True,True,True
2201,123,session-021,lichen_bridge,Luma,ledger punch,nearby-visible,Sol,signal_post,signal_post,none,none,True,True,True,True
2202,123,session-021,orchid_engine,Dax,valve key,carry-visible,Bea,carried,carried,Bea,Bea,True,True,False,True
2203,123,session-021,moss_ward,Tala,loom hook,drop,Fay,carried,rain_gate,Fay,none,True,True,True,True
2204,123,session-021,glass_harbor,Nia,rope gauge,carry-visible,Puck,carried,carried,Nia,Nia,True,True,True,True
2205,123,session-021,cinder_garden,Pax,shade mallet,nearby-visible,Wren,seed_shelf,seed_shelf,none,none,True,True,False,True
2206,123,session-021,lichen_bridge,Rin,bell file,carry-visible,Kio,carried,carried,Kio,Kio,True,True,False,True
2207,123,session-021,orchid_engine,Eli,lamp tongs,pickup,Cai,engine_ring,carried,none,Eli,True,True,True,True
2208,123,session-021,moss_ward,Ari,reed knife,carry-visible,Milo,carried,carried,Ari,Ari,True,True,True,True
2209,123,session-021,glass_harbor,Oren,net shuttle,carry-visible,Sera,carried,carried,Sera,Sera,True,True,False,True
2210,123,session-021,cinder_garden,Vale,calendar stylus,drop,Juno,carried,ash_path,Juno,none,True,True,True,True
2211,123,session-021,lichen_bridge,Sol,tension peg,nearby-visible,Luma,meal_room,meal_room,none,none,True,True,True,True
2212,123,session-021,orchid_engine,Bea,gear brush,nearby-visible,Dax,gear_wash,gear_wash,none,none,True,True,False,True
2213,123,session-021,moss_ward,Fay,ledger awl,nearby-visible,Tala,root_alcove,root_alcove,none,none,True,True,False,True
2214,124,session-021,cinder_garden,Pax,calendar stylus,nearby-visible,Vale,ash_path,ash_path,none,none,True,True,False,True
2215,124,session-021,lichen_bridge,Rin,tension peg,nearby-visible,Sol,meal_room,meal_room,none,none,True,True,False,True
2216,124,session-021,orchid_engine,Eli,gear brush,nearby-visible,Bea,gear_wash,gear_wash,none,none,True,True,False,True
2217,124,session-021,moss_ward,Ari,ledger awl,pickup,Fay,root_alcove,carried,none,Ari,True,True,True,True
2218,124,session-021,glass_harbor,Oren,wick clamp,nearby-visible,Puck,net_room,net_room,none,none,True,True,True,True
2219,124,session-021,cinder_garden,Vale,basket hook,carry-visible,Wren,carried,carried,Juno,Juno,True,True,False,True
2220,124,session-021,lichen_bridge,Sol,ledger punch,drop,Kio,signal_post,rope_bridge,none,none,True,True,True,True
2221,124,session-021,orchid_engine,Bea,valve key,carry-visible,Cai,carried,carried,Bea,Bea,True,True,True,True
2222,124,session-021,moss_ward,Fay,loom hook,nearby-visible,Milo,rain_gate,rain_gate,none,none,True,True,False,True
2223,124,session-021,glass_harbor,Puck,rope gauge,carry-visible,Sera,carried,carried,Nia,Nia,True,True,False,True
2224,124,session-021,cinder_garden,Wren,shade mallet,pickup,Juno,seed_shelf,carried,none,Wren,True,True,True,True
2225,124,session-021,lichen_bridge,Kio,bell file,carry-visible,Luma,carried,carried,Kio,Kio,True,True,True,True
2226,124,session-021,orchid_engine,Cai,lamp tongs,carry-visible,Dax,carried,carried,Eli,Eli,True,True,False,True
2227,124,session-021,moss_ward,Milo,reed knife,drop,Tala,carried,blanket_room,Ari,none,True,True,True,True
2228,124,session-021,glass_harbor,Sera,net shuttle,carry-visible,Nia,carried,carried,Sera,Sera,True,True,True,True
2229,124,session-021,cinder_garden,Juno,calendar stylus,nearby-visible,Pax,ash_path,ash_path,none,none,True,True,False,True
2230,124,session-021,lichen_bridge,Luma,tension peg,nearby-visible,Rin,meal_room,meal_room,none,none,True,True,False,True
2231,124,session-021,orchid_engine,Dax,gear brush,pickup,Eli,gear_wash,carried,none,Dax,True,True,True,True
2232,125,session-021,glass_harbor,Puck,net shuttle,carry-visible,Puck,carried,carried,Sera,Sera,True,True,False,True
2233,125,session-021,cinder_garden,Wren,calendar stylus,nearby-visible,Wren,ash_path,ash_path,none,none,True,True,False,True
2234,125,session-021,lichen_bridge,Kio,tension peg,pickup,Kio,meal_room,carried,none,Kio,True,True,True,True
2235,125,session-021,orchid_engine,Cai,gear brush,carry-visible,Cai,carried,carried,Dax,Dax,True,True,False,True
2236,125,session-021,moss_ward,Milo,ledger awl,carry-visible,Milo,carried,carried,Ari,Ari,True,True,False,True
2237,125,session-021,glass_harbor,Sera,wick clamp,drop,Sera,net_room,lamp_pier,none,none,True,True,True,True
2238,125,session-021,cinder_garden,Juno,basket hook,carry-visible,Juno,carried,carried,Juno,Juno,True,True,True,True
2239,125,session-021,lichen_bridge,Luma,ledger punch,nearby-visible,Luma,rope_bridge,rope_bridge,none,none,True,True,False,True
2240,125,session-021,orchid_engine,Dax,valve key,carry-visible,Dax,carried,carried,Bea,Bea,True,True,False,True
2241,125,session-021,moss_ward,Tala,loom hook,pickup,Tala,rain_gate,carried,none,Tala,True,True,True,True
2242,125,session-021,glass_harbor,Nia,rope gauge,carry-visible,Nia,carried,carried,Nia,Nia,True,True,True,True
2243,125,session-021,cinder_garden,Pax,shade mallet,carry-visible,Pax,carried,carried,Wren,Wren,True,True,False,True
2244,125,session-021,lichen_bridge,Rin,bell file,drop,Rin,carried,signal_post,Kio,none,True,True,True,True
2245,125,session-021,orchid_engine,Eli,lamp tongs,carry-visible,Eli,carried,carried,Eli,Eli,True,True,True,True
2246,125,session-021,moss_ward,Ari,reed knife,nearby-visible,Ari,blanket_room,blanket_room,none,none,True,True,False,True
2247,125,session-021,glass_harbor,Oren,net shuttle,carry-visible,Oren,carried,carried,Sera,Sera,True,True,False,True
2248,125,session-021,cinder_garden,Vale,calendar stylus,pickup,Vale,ash_path,carried,none,Vale,True,True,True,True
2249,125,session-021,lichen_bridge,Sol,tension peg,carry-visible,Sol,carried,carried,Kio,Kio,True,True,False,True
2250,126,session-021,moss_ward,Tala,reed knife,nearby-visible,Milo,blanket_room,blanket_room,none,none,True,True,False,True
2251,126,session-021,glass_harbor,Nia,net shuttle,pickup,Sera,carried,carried,Sera,Nia,True,True,True,True
2252,126,session-021,cinder_garden,Pax,calendar stylus,carry-visible,Juno,carried,carried,Vale,Vale,True,True,False,True
2253,126,session-021,lichen_bridge,Rin,tension peg,carry-visible,Luma,carried,carried,Kio,Kio,True,True,False,True
2254,126,session-021,orchid_engine,Eli,gear brush,drop,Dax,carried,engine_ring,Dax,none,True,True,True,True
2255,126,session-021,moss_ward,Ari,ledger awl,carry-visible,Tala,carried,carried,Ari,Ari,True,True,True,True
2256,126,session-021,glass_harbor,Oren,wick clamp,nearby-visible,Nia,lamp_pier,lamp_pier,none,none,True,True,False,True
2257,126,session-021,cinder_garden,Vale,basket hook,carry-visible,Pax,carried,carried,Juno,Juno,True,True,False,True
2258,126,session-021,lichen_bridge,Sol,ledger punch,pickup,Rin,rope_bridge,carried,none,Sol,True,True,True,True
2259,126,session-021,orchid_engine,Bea,valve key,carry-visible,Eli,carried,carried,Bea,Bea,True,True,True,True
2260,126,session-021,moss_ward,Fay,loom hook,carry-visible,Ari,carried,carried,Tala,Tala,True,True,False,True
2261,126,session-021,glass_harbor,Puck,rope gauge,drop,Oren,carried,net_room,Nia,none,True,True,True,True
2262,126,session-021,cinder_garden,Wren,shade mallet,carry-visible,Vale,carried,carried,Wren,Wren,True,True,True,True
2263,126,session-021,lichen_bridge,Kio,bell file,nearby-visible,Sol,signal_post,signal_post,none,none,True,True,False,True
2264,126,session-021,orchid_engine,Cai,lamp tongs,carry-visible,Bea,carried,carried,Eli,Eli,True,True,False,True
2265,126,session-021,moss_ward,Milo,reed knife,pickup,Fay,blanket_room,carried,none,Milo,True,True,True,True
2266,126,session-021,glass_harbor,Sera,net shuttle,carry-visible,Puck,carried,carried,Nia,Nia,True,True,False,True
2267,126,session-021,cinder_garden,Juno,calendar stylus,carry-visible,Wren,carried,carried,Vale,Vale,True,True,False,True
2268,127,session-022,orchid_engine,Bea,lamp tongs,pickup,Dax,carried,carried,Eli,Bea,True,True,True,True
2269,127,session-022,moss_ward,Fay,reed knife,carry-visible,Tala,carried,carried,Milo,Milo,True,True,False,True
2270,127,session-022,glass_harbor,Puck,net shuttle,carry-visible,Nia,carried,carried,Nia,Nia,True,True,False,True
2271,127,session-022,cinder_garden,Wren,calendar stylus,drop,Pax,carried,seed_shelf,Vale,none,True,True,True,True
2272,127,session-022,lichen_bridge,Kio,tension peg,carry-visible,Rin,carried,carried,Kio,Kio,True,True,True,True
2273,127,session-022,orchid_engine,Cai,gear brush,nearby-visible,Eli,engine_ring,engine_ring,none,none,True,True,False,True
2274,127,session-022,moss_ward,Milo,ledger awl,carry-visible,Ari,carried,carried,Ari,Ari,True,True,False,True
2275,127,session-022,glass_harbor,Sera,wick clamp,pickup,Oren,lamp_pier,carried,none,Sera,True,True,True,True
2276,127,session-022,cinder_garden,Juno,basket hook,carry-visible,Vale,carried,carried,Juno,Juno,True,True,True,True
2277,127,session-022,lichen_bridge,Luma,ledger punch,carry-visible,Sol,carried,carried,Sol,Sol,True,True,False,True
2278,127,session-022,orchid_engine,Dax,valve key,drop,Bea,carried,gear_wash,Bea,none,True,True,True,True
2279,127,session-022,moss_ward,Tala,loom hook,carry-visible,Fay,carried,carried,Tala,Tala,True,True,True,True
2280,127,session-022,glass_harbor,Nia,rope gauge,nearby-visible,Puck,net_room,net_room,none,none,True,True,False,True
2281,127,session-022,cinder_garden,Pax,shade mallet,carry-visible,Wren,carried,carried,Wren,Wren,True,True,False,True
2282,127,session-022,lichen_bridge,Rin,bell file,pickup,Kio,signal_post,carried,none,Rin,True,True,True,True
2283,127,session-022,orchid_engine,Eli,lamp tongs,carry-visible,Cai,carried,carried,Bea,Bea,True,True,False,True
2284,127,session-022,moss_ward,Ari,reed knife,carry-visible,Milo,carried,carried,Milo,Milo,True,True,False,True
2285,127,session-022,glass_harbor,Oren,net shuttle,drop,Sera,carried,fog_rail,Nia,none,True,True,True,True
2286,128,session-022,lichen_bridge,Luma,bell file,carry-visible,Rin,carried,carried,Rin,Rin,True,True,False,True
2287,128,session-022,orchid_engine,Dax,lamp tongs,carry-visible,Eli,carried,carried,Bea,Bea,True,True,False,True
2288,128,session-022,moss_ward,Tala,reed knife,drop,Ari,carried,rain_gate,Milo,none,True,True,True,True
2289,128,session-022,glass_harbor,Nia,net shuttle,nearby-visible,Oren,fog_rail,fog_rail,none,none,True,True,False,True
2290,128,session-022,cinder_garden,Pax,calendar stylus,nearby-visible,Vale,seed_shelf,seed_shelf,none,none,True,True,False,True
2291,128,session-022,lichen_bridge,Rin,tension peg,carry-visible,Sol,carried,carried,Kio,Kio,True,True,False,True
2292,128,session-022,orchid_engine,Eli,gear brush,pickup,Bea,engine_ring,carried,none,Eli,True,True,True,True
2293,128,session-022,moss_ward,Ari,ledger awl,carry-visible,Fay,carried,carried,Ari,Ari,True,True,True,True
2294,128,session-022,glass_harbor,Oren,wick clamp,carry-visible,Puck,carried,carried,Sera,Sera,True,True,False,True
2295,128,session-022,cinder_garden,Vale,basket hook,drop,Wren,carried,ash_path,Juno,none,True,True,True,True
2296,128,session-022,lichen_bridge,Sol,ledger punch,carry-visible,Kio,carried,carried,Sol,Sol,True,True,True,True
2297,128,session-022,orchid_engine,Bea,valve key,nearby-visible,Cai,gear_wash,gear_wash,none,none,True,True,False,True
2298,128,session-022,moss_ward,Fay,loom hook,carry-visible,Milo,carried,carried,Tala,Tala,True,True,False,True
2299,128,session-022,glass_harbor,Puck,rope gauge,pickup,Sera,net_room,carried,none,Puck,True,True,True,True
2300,128,session-022,cinder_garden,Wren,shade mallet,carry-visible,Juno,carried,carried,Wren,Wren,True,True,True,True
2301,128,session-022,lichen_bridge,Kio,bell file,carry-visible,Luma,carried,carried,Rin,Rin,True,True,False,True
2302,128,session-022,orchid_engine,Cai,lamp tongs,drop,Dax,carried,orchid_bay,Bea,none,True,True,True,True
2303,128,session-022,moss_ward,Milo,reed knife,nearby-visible,Tala,rain_gate,rain_gate,none,none,True,True,True,True
2304,129,session-022,cinder_garden,Vale,shade mallet,carry-visible,Vale,carried,carried,Wren,Wren,True,True,False,True
2305,129,session-022,lichen_bridge,Sol,bell file,drop,Sol,carried,rope_bridge,Rin,none,True,True,True,True
2306,129,session-022,orchid_engine,Bea,lamp tongs,nearby-visible,Bea,orchid_bay,orchid_bay,none,none,True,True,False,True
2307,129,session-022,moss_ward,Fay,reed knife,nearby-visible,Fay,rain_gate,rain_gate,none,none,True,True,False,True
2308,129,session-022,glass_harbor,Puck,net shuttle,nearby-visible,Puck,fog_rail,fog_rail,none,none,True,True,False,True
2309,129,session-022,cinder_garden,Wren,calendar stylus,pickup,Wren,seed_shelf,carried,none,Wren,True,True,True,True
2310,129,session-022,lichen_bridge,Kio,tension peg,carry-visible,Kio,carried,carried,Kio,Kio,True,True,True,True
2311,129,session-022,orchid_engine,Cai,gear brush,carry-visible,Cai,carried,carried,Eli,Eli,True,True,False,True
2312,129,session-022,moss_ward,Milo,ledger awl,drop,Milo,carried,blanket_room,Ari,none,True,True,True,True
2313,129,session-022,glass_harbor,Sera,wick clamp,carry-visible,Sera,carried,carried,Sera,Sera,True,True,True,True
2314,129,session-022,cinder_garden,Juno,basket hook,nearby-visible,Juno,ash_path,ash_path,none,none,True,True,False,True
2315,129,session-022,lichen_bridge,Luma,ledger punch,carry-visible,Luma,carried,carried,Sol,Sol,True,True,False,True
2316,129,session-022,orchid_engine,Dax,valve key,pickup,Dax,gear_wash,carried,none,Dax,True,True,True,True
2317,129,session-022,moss_ward,Tala,loom hook,carry-visible,Tala,carried,carried,Tala,Tala,True,True,True,True
2318,129,session-022,glass_harbor,Nia,rope gauge,carry-visible,Nia,carried,carried,Puck,Puck,True,True,False,True
2319,129,session-022,cinder_garden,Pax,shade mallet,drop,Pax,carried,shade_tent,Wren,none,True,True,True,True
2320,129,session-022,lichen_bridge,Rin,bell file,nearby-visible,Rin,rope_bridge,rope_bridge,none,none,True,True,True,True
2321,129,session-022,orchid_engine,Eli,lamp tongs,nearby-visible,Eli,orchid_bay,orchid_bay,none,none,True,True,False,True
2322,130,session-022,glass_harbor,Sera,rope gauge,drop,Puck,carried,lamp_pier,Puck,none,True,True,True,True
2323,130,session-022,cinder_garden,Juno,shade mallet,nearby-visible,Wren,shade_tent,shade_tent,none,none,True,True,False,True
2324,130,session-022,lichen_bridge,Luma,bell file,nearby-visible,Kio,rope_bridge,rope_bridge,none,none,True,True,False,True
2325,130,session-022,orchid_engine,Dax,lamp tongs,nearby-visible,Cai,orchid_bay,orchid_bay,none,none,True,True,False,True
2326,130,session-022,moss_ward,Tala,reed knife,pickup,Milo,rain_gate,carried,none,Tala,True,True,True,True
2327,130,session-022,glass_harbor,Nia,net shuttle,nearby-visible,Sera,fog_rail,fog_rail,none,none,True,True,True,True
2328,130,session-022,cinder_garden,Pax,calendar stylus,carry-visible,Juno,carried,carried,Wren,Wren,True,True,False,True
2329,130,session-022,lichen_bridge,Rin,tension peg,drop,Luma,carried,signal_post,Kio,none,True,True,True,True
2330,130,session-022,orchid_engine,Eli,gear brush,carry-visible,Dax,carried,carried,Eli,Eli,True,True,True,True
2331,130,session-022,moss_ward,Ari,ledger awl,nearby-visible,Tala,blanket_room,blanket_room,none,none,True,True,False,True
2332,130,session-022,glass_harbor,Oren,wick clamp,carry-visible,Nia,carried,carried,Sera,Sera,True,True,False,True
2333,130,session-022,cinder_garden,Vale,basket hook,pickup,Pax,ash_path,carried,none,Vale,True,True,True,True
2334,130,session-022,lichen_bridge,Sol,ledger punch,carry-visible,Rin,carried,carried,Sol,Sol,True,True,True,True
2335,130,session-022,orchid_engine,Bea,valve key,carry-visible,Eli,carried,carried,Dax,Dax,True,True,False,True
2336,130,session-022,moss_ward,Fay,loom hook,drop,Ari,carried,root_alcove,Tala,none,True,True,True,True
2337,130,session-022,glass_harbor,Puck,rope gauge,nearby-visible,Oren,lamp_pier,lamp_pier,none,none,True,True,True,True
2338,130,session-022,cinder_garden,Wren,shade mallet,nearby-visible,Vale,shade_tent,shade_tent,none,none,True,True,False,True
2339,130,session-022,lichen_bridge,Kio,bell file,nearby-visible,Sol,rope_bridge,rope_bridge,none,none,True,True,False,True
2340,131,session-022,moss_ward,Ari,loom hook,nearby-visible,Milo,root_alcove,root_alcove,none,none,True,True,False,True
2341,131,session-022,glass_harbor,Oren,rope gauge,nearby-visible,Sera,lamp_pier,lamp_pier,none,none,True,True,False,True
2342,131,session-022,cinder_garden,Vale,shade mallet,nearby-visible,Juno,shade_tent,shade_tent,none,none,True,True,False,True
2343,131,session-022,lichen_bridge,Sol,bell file,pickup,Luma,rope_bridge,carried,none,Sol,True,True,True,True
2344,131,session-022,orchid_engine,Bea,lamp tongs,nearby-visible,Dax,orchid_bay,orchid_bay,none,none,True,True,True,True
2345,131,session-022,moss_ward,Fay,reed knife,carry-visible,Tala,carried,carried,Tala,Tala,True,True,False,True
2346,131,session-022,glass_harbor,Puck,net shuttle,drop,Nia,fog_rail,net_room,none,none,True,True,True,True
2347,131,session-022,cinder_garden,Wren,calendar stylus,carry-visible,Pax,carried,carried,Wren,Wren,True,True,True,True
2348,131,session-022,lichen_bridge,Kio,tension peg,nearby-visible,Rin,signal_post,signal_post,none,none,True,True,False,True
2349,131,session-022,orchid_engine,Cai,gear brush,carry-visible,Eli,carried,carried,Eli,Eli,True,True,False,True
2350,131,session-022,moss_ward,Milo,ledger awl,pickup,Ari,blanket_room,carried,none,Milo,True,True,True,True
2351,131,session-022,glass_harbor,Sera,wick clamp,carry-visible,Oren,carried,carried,Sera,Sera,True,True,True,True
2352,131,session-022,cinder_garden,Juno,basket hook,carry-visible,Vale,carried,carried,Vale,Vale,True,True,False,True
2353,131,session-022,lichen_bridge,Luma,ledger punch,drop,Sol,carried,meal_room,Sol,none,True,True,True,True
2354,131,session-022,orchid_engine,Dax,valve key,carry-visible,Bea,carried,carried,Dax,Dax,True,True,True,True
2355,131,session-022,moss_ward,Tala,loom hook,nearby-visible,Fay,root_alcove,root_alcove,none,none,True,True,False,True
2356,131,session-022,glass_harbor,Nia,rope gauge,nearby-visible,Puck,lamp_pier,lamp_pier,none,none,True,True,False,True
2357,131,session-022,cinder_garden,Pax,shade mallet,pickup,Wren,shade_tent,carried,none,Pax,True,True,True,True
2358,132,session-022,orchid_engine,Cai,valve key,carry-visible,Dax,carried,carried,Dax,Dax,True,True,False,True
2359,132,session-022,moss_ward,Milo,loom hook,nearby-visible,Tala,root_alcove,root_alcove,none,none,True,True,False,True
2360,132,session-022,glass_harbor,Sera,rope gauge,pickup,Nia,lamp_pier,carried,none,Sera,True,True,True,True
2361,132,session-022,cinder_garden,Juno,shade mallet,carry-visible,Pax,carried,carried,Pax,Pax,True,True,False,True
2362,132,session-022,lichen_bridge,Luma,bell file,carry-visible,Rin,carried,carried,Sol,Sol,True,True,False,True
2363,132,session-022,orchid_engine,Dax,lamp tongs,drop,Eli,orchid_bay,gear_wash,none,none,True,True,True,True
2364,132,session-022,moss_ward,Tala,reed knife,carry-visible,Ari,carried,carried,Tala,Tala,True,True,True,True
2365,132,session-022,glass_harbor,Nia,net shuttle,nearby-visible,Oren,net_room,net_room,none,none,True,True,False,True
2366,132,session-022,cinder_garden,Pax,calendar stylus,carry-visible,Vale,carried,carried,Wren,Wren,True,True,False,True
2367,132,session-022,lichen_bridge,Rin,tension peg,pickup,Sol,signal_post,carried,none,Rin,True,True,True,True
2368,132,session-022,orchid_engine,Eli,gear brush,carry-visible,Bea,carried,carried,Eli,Eli,True,True,True,True
2369,132,session-022,moss_ward,Ari,ledger awl,carry-visible,Fay,carried,carried,Milo,Milo,True,True,False,True
2370,132,session-022,glass_harbor,Oren,wick clamp,drop,Puck,carried,fog_rail,Sera,none,True,True,True,True
2371,132,session-022,cinder_garden,Vale,basket hook,carry-visible,Wren,carried,carried,Vale,Vale,True,True,True,True
2372,132,session-022,lichen_bridge,Sol,ledger punch,nearby-visible,Kio,meal_room,meal_room,none,none,True,True,False,True
2373,132,session-022,orchid_engine,Bea,valve key,carry-visible,Cai,carried,carried,Dax,Dax,True,True,False,True
2374,132,session-022,moss_ward,Fay,loom hook,pickup,Milo,root_alcove,carried,none,Fay,True,True,True,True
2375,132,session-022,glass_harbor,Puck,rope gauge,carry-visible,Sera,carried,carried,Sera,Sera,True,True,False,True
2376,133,session-023,lichen_bridge,Rin,ledger punch,nearby-visible,Rin,meal_room,meal_room,none,none,True,True,False,True
2377,133,session-023,orchid_engine,Eli,valve key,pickup,Eli,carried,carried,Dax,Eli,True,True,True,True
2378,133,session-023,moss_ward,Ari,loom hook,carry-visible,Ari,carried,carried,Fay,Fay,True,True,False,True
2379,133,session-023,glass_harbor,Oren,rope gauge,carry-visible,Oren,carried,carried,Sera,Sera,True,True,False,True
2380,133,session-023,cinder_garden,Vale,shade mallet,drop,Vale,carried,ash_path,Pax,none,True,True,True,True
2381,133,session-023,lichen_bridge,Sol,bell file,carry-visible,Sol,carried,carried,Sol,Sol,True,True,True,True
2382,133,session-023,orchid_engine,Bea,lamp tongs,nearby-visible,Bea,gear_wash,gear_wash,none,none,True,True,False,True
2383,133,session-023,moss_ward,Fay,reed knife,carry-visible,Fay,carried,carried,Tala,Tala,True,True,False,True
2384,133,session-023,glass_harbor,Puck,net shuttle,pickup,Puck,net_room,carried,none,Puck,True,True,True,True
2385,133,session-023,cinder_garden,Wren,calendar stylus,carry-visible,Wren,carried,carried,Wren,Wren,True,True,True,True
2386,133,session-023,lichen_bridge,Kio,tension peg,carry-visible,Kio,carried,carried,Rin,Rin,True,True,False,True
2387,133,session-023,orchid_engine,Cai,gear brush,drop,Cai,carried,orchid_bay,Eli,none,True,True,True,True
2388,133,session-023,moss_ward,Milo,ledger awl,carry-visible,Milo,carried,carried,Milo,Milo,True,True,True,True
2389,133,session-023,glass_harbor,Sera,wick clamp,nearby-visible,Sera,fog_rail,fog_rail,none,none,True,True,False,True
2390,133,session-023,cinder_garden,Juno,basket hook,carry-visible,Juno,carried,carried,Vale,Vale,True,True,False,True
2391,133,session-023,lichen_bridge,Luma,ledger punch,pickup,Luma,meal_room,carried,none,Luma,True,True,True,True
2392,133,session-023,orchid_engine,Dax,valve key,carry-visible,Dax,carried,carried,Eli,Eli,True,True,False,True
2393,133,session-023,moss_ward,Tala,loom hook,carry-visible,Tala,carried,carried,Fay,Fay,True,True,False,True
2394,134,session-023,cinder_garden,Wren,basket hook,pickup,Vale,carried,carried,Vale,Wren,True,True,True,True
2395,134,session-023,lichen_bridge,Kio,ledger punch,carry-visible,Sol,carried,carried,Luma,Luma,True,True,False,True
2396,134,session-023,orchid_engine,Cai,valve key,carry-visible,Bea,carried,carried,Eli,Eli,True,True,False,True
2397,134,session-023,moss_ward,Milo,loom hook,drop,Fay,carried,blanket_room,Fay,none,True,True,True,True
2398,134,session-023,glass_harbor,Sera,rope gauge,carry-visible,Puck,carried,carried,Sera,Sera,True,True,True,True
2399,134,session-023,cinder_garden,Juno,shade mallet,nearby-visible,Wren,ash_path,ash_path,none,none,True,True,False,True
2400,134,session-023,lichen_bridge,Luma,bell file,carry-visible,Kio,carried,carried,Sol,Sol,True,True,False,True
2401,134,session-023,orchid_engine,Dax,lamp tongs,pickup,Cai,gear_wash,carried,none,Dax,True,True,True,True
2402,134,session-023,moss_ward,Tala,reed knife,carry-visible,Milo,carried,carried,Tala,Tala,True,True,True,True
2403,134,session-023,glass_harbor,Nia,net shuttle,carry-visible,Sera,carried,carried,Puck,Puck,True,True,False,True
2404,134,session-023,cinder_garden,Pax,calendar stylus,drop,Juno,carried,shade_tent,Wren,none,True,True,True,True
2405,134,session-023,lichen_bridge,Rin,tension peg,carry-visible,Luma,carried,carried,Rin,Rin,True,True,True,True
2406,134,session-023,orchid_engine,Eli,gear brush,nearby-visible,Dax,orchid_bay,orchid_bay,none,none,True,True,False,True
2407,134,session-023,moss_ward,Ari,ledger awl,carry-visible,Tala,carried,carried,Milo,Milo,True,True,False,True
2408,134,session-023,glass_harbor,Oren,wick clamp,pickup,Nia,fog_rail,carried,none,Oren,True,True,True,True
2409,134,session-023,cinder_garden,Vale,basket hook,carry-visible,Pax,carried,carried,Wren,Wren,True,True,False,True
2410,134,session-023,lichen_bridge,Sol,ledger punch,carry-visible,Rin,carried,carried,Luma,Luma,True,True,False,True
2411,134,session-023,orchid_engine,Bea,valve key,drop,Eli,carried,engine_ring,Eli,none,True,True,True,True
2412,135,session-023,glass_harbor,Nia,wick clamp,carry-visible,Puck,carried,carried,Oren,Oren,True,True,False,True
2413,135,session-023,cinder_garden,Pax,basket hook,carry-visible,Wren,carried,carried,Wren,Wren,True,True,False,True
2414,135,session-023,lichen_bridge,Rin,ledger punch,drop,Kio,carried,signal_post,Luma,none,True,True,True,True
2415,135,session-023,orchid_engine,Eli,valve key,nearby-visible,Cai,engine_ring,engine_ring,none,none,True,True,False,True
2416,135,session-023,moss_ward,Ari,loom hook,nearby-visible,Milo,blanket_room,blanket_room,none,none,True,True,False,True
2417,135,session-023,glass_harbor,Oren,rope gauge,carry-visible,Sera,carried,carried,Sera,Sera,True,True,False,True
2418,135,session-023,cinder_garden,Vale,shade mallet,pickup,Juno,ash_path,carried,none,Vale,True,True,True,True
2419,135,session-023,lichen_bridge,Sol,bell file,carry-visible,Luma,carried,carried,Sol,Sol,True,True,True,True
2420,135,session-023,orchid_engine,Bea,lamp tongs,carry-visible,Dax,carried,carried,Dax,Dax,True,True,False,True
2421,135,session-023,moss_ward,Fay,reed knife,drop,Tala,carried,root_alcove,Tala,none,True,True,True,True
2422,135,session-023,glass_harbor,Puck,net shuttle,carry-visible,Nia,carried,carried,Puck,Puck,True,True,True,True
2423,135,session-023,cinder_garden,Wren,calendar stylus,nearby-visible,Pax,shade_tent,shade_tent,none,none,True,True,False,True
2424,135,session-023,lichen_bridge,Kio,tension peg,carry-visible,Rin,carried,carried,Rin,Rin,True,True,False,True
2425,135,session-023,orchid_engine,Cai,gear brush,pickup,Eli,orchid_bay,carried,none,Cai,True,True,True,True
2426,135,session-023,moss_ward,Milo,ledger awl,carry-visible,Ari,carried,carried,Milo,Milo,True,True,True,True
2427,135,session-023,glass_harbor,Sera,wick clamp,carry-visible,Oren,carried,carried,Oren,Oren,True,True,False,True
2428,135,session-023,cinder_garden,Juno,basket hook,drop,Vale,carried,seed_shelf,Wren,none,True,True,True,True
2429,135,session-023,lichen_bridge,Luma,ledger punch,nearby-visible,Sol,signal_post,signal_post,none,none,True,True,True,True
2430,136,session-023,moss_ward,Fay,ledger awl,carry-visible,Milo,carried,carried,Milo,Milo,True,True,False,True
2431,136,session-023,glass_harbor,Puck,wick clamp,drop,Sera,carried,net_room,Oren,none,True,True,True,True
2432,136,session-023,cinder_garden,Wren,basket hook,nearby-visible,Juno,seed_shelf,seed_shelf,none,none,True,True,False,True
2433,136,session-023,lichen_bridge,Kio,ledger punch,nearby-visible,Luma,signal_post,signal_post,none,none,True,True,False,True
2434,136,session-023,orchid_engine,Cai,valve key,nearby-visible,Dax,engine_ring,engine_ring,none,none,True,True,False,True
2435,136,session-023,moss_ward,Milo,loom hook,pickup,Tala,blanket_room,carried,none,Milo,True,True,True,True
2436,136,session-023,glass_harbor,Sera,rope gauge,carry-visible,Nia,carried,carried,Sera,Sera,True,True,True,True
2437,136,session-023,cinder_garden,Juno,shade mallet,carry-visible,Pax,carried,carried,Vale,Vale,True,True,False,True
2438,136,session-023,lichen_bridge,Luma,bell file,drop,Rin,carried,meal_room,Sol,none,True,True,True,True
2439,136,session-023,orchid_engine,Dax,lamp tongs,carry-visible,Eli,carried,carried,Dax,Dax,True,True,True,True
2440,136,session-023,moss_ward,Tala,reed knife,nearby-visible,Ari,root_alcove,root_alcove,none,none,True,True,False,True
2441,136,session-023,glass_harbor,Nia,net shuttle,carry-visible,Oren,carried,carried,Puck,Puck,True,True,False,True
2442,136,session-023,cinder_garden,Pax,calendar stylus,pickup,Vale,shade_tent,carried,none,Pax,True,True,True,True
2443,136,session-023,lichen_bridge,Rin,tension peg,carry-visible,Sol,carried,carried,Rin,Rin,True,True,True,True
2444,136,session-023,orchid_engine,Eli,gear brush,carry-visible,Bea,carried,carried,Cai,Cai,True,True,False,True
2445,136,session-023,moss_ward,Ari,ledger awl,drop,Fay,carried,rain_gate,Milo,none,True,True,True,True
2446,136,session-023,glass_harbor,Oren,wick clamp,nearby-visible,Puck,net_room,net_room,none,none,True,True,True,True
2447,136,session-023,cinder_garden,Vale,basket hook,nearby-visible,Wren,seed_shelf,seed_shelf,none,none,True,True,False,True
2448,137,session-023,orchid_engine,Dax,gear brush,drop,Dax,carried,gear_wash,Cai,none,True,True,True,True
2449,137,session-023,moss_ward,Tala,ledger awl,nearby-visible,Tala,rain_gate,rain_gate,none,none,True,True,False,True
2450,137,session-023,glass_harbor,Nia,wick clamp,nearby-visible,Nia,net_room,net_room,none,none,True,True,False,True
2451,137,session-023,cinder_garden,Pax,basket hook,nearby-visible,Pax,seed_shelf,seed_shelf,none,none,True,True,False,True
2452,137,session-023,lichen_bridge,Rin,ledger punch,pickup,Rin,signal_post,carried,none,Rin,True,True,True,True
2453,137,session-023,orchid_engine,Eli,valve key,nearby-visible,Eli,engine_ring,engine_ring,none,none,True,True,True,True
2454,137,session-023,moss_ward,Ari,loom hook,carry-visible,Ari,carried,carried,Milo,Milo,True,True,False,True
2455,137,session-023,glass_harbor,Oren,rope gauge,drop,Oren,carried,fog_rail,Sera,none,True,True,True,True
2456,137,session-023,cinder_garden,Vale,shade mallet,carry-visible,Vale,carried,carried,Vale,Vale,True,True,True,True
2457,137,session-023,lichen_bridge,Sol,bell file,nearby-visible,Sol,meal_room,meal_room,none,none,True,True,False,True
2458,137,session-023,orchid_engine,Bea,lamp tongs,carry-visible,Bea,carried,carried,Dax,Dax,True,True,False,True
2459,137,session-023,moss_ward,Fay,reed knife,pickup,Fay,root_alcove,carried,none,Fay,True,True,True,True
2460,137,session-023,glass_harbor,Puck,net shuttle,carry-visible,Puck,carried,carried,Puck,Puck,True,True,True,True
2461,137,session-023,cinder_garden,Wren,calendar stylus,carry-visible,Wren,carried,carried,Pax,Pax,True,True,False,True
2462,137,session-023,lichen_bridge,Kio,tension peg,drop,Kio,carried,rope_bridge,Rin,none,True,True,True,True
2463,137,session-023,orchid_engine,Cai,gear brush,nearby-visible,Cai,gear_wash,gear_wash,none,none,True,True,True,True
2464,137,session-023,moss_ward,Milo,ledger awl,nearby-visible,Milo,rain_gate,rain_gate,none,none,True,True,False,True
2465,137,session-023,glass_harbor,Sera,wick clamp,nearby-visible,Sera,net_room,net_room,none,none,True,True,False,True
2466,138,session-023,lichen_bridge,Sol,tension peg,nearby-visible,Rin,rope_bridge,rope_bridge,none,none,True,True,False,True
2467,138,session-023,orchid_engine,Bea,gear brush,nearby-visible,Eli,gear_wash,gear_wash,none,none,True,True,False,True
2468,138,session-023,moss_ward,Fay,ledger awl,nearby-visible,Ari,rain_gate,rain_gate,none,none,True,True,False,True
2469,138,session-023,glass_harbor,Puck,wick clamp,pickup,Oren,net_room,carried,none,Puck,True,True,True,True
2470,138,session-023,cinder_garden,Wren,basket hook,nearby-visible,Vale,seed_shelf,seed_shelf,none,none,True,True,True,True
2471,138,session-023,lichen_bridge,Kio,ledger punch,carry-visible,Sol,carried,carried,Rin,Rin,True,True,False,True
2472,138,session-023,orchid_engine,Cai,valve key,drop,Bea,engine_ring,orchid_bay,none,none,True,True,True,True
2473,138,session-023,moss_ward,Milo,loom hook,carry-visible,Fay,carried,carried,Milo,Milo,True,True,True,True
2474,138,session-023,glass_harbor,Sera,rope gauge,nearby-visible,Puck,fog_rail,fog_rail,none,none,True,True,False,True
2475,138,session-023,cinder_garden,Juno,shade mallet,carry-visible,Wren,carried,carried,Vale,Vale,True,True,False,True
2476,138,session-023,lichen_bridge,Luma,bell file,pickup,Kio,meal_room,carried,none,Luma,True,True,True,True
2477,138,session-023,orchid_engine,Dax,lamp tongs,carry-visible,Cai,carried,carried,Dax,Dax,True,True,True,True
2478,138,session-023,moss_ward,Tala,reed knife,carry-visible,Milo,carried,carried,Fay,Fay,True,True,False,True
2479,138,session-023,glass_harbor,Nia,net shuttle,drop,Sera,carried,lamp_pier,Puck,none,True,True,True,True
2480,138,session-023,cinder_garden,Pax,calendar stylus,carry-visible,Juno,carried,carried,Pax,Pax,True,True,True,True
2481,138,session-023,lichen_bridge,Rin,tension peg,nearby-visible,Luma,rope_bridge,rope_bridge,none,none,True,True,False,True
2482,138,session-023,orchid_engine,Eli,gear brush,nearby-visible,Dax,gear_wash,gear_wash,none,none,True,True,False,True
2483,138,session-023,moss_ward,Ari,ledger awl,pickup,Tala,rain_gate,carried,none,Ari,True,True,True,True
2484,139,session-024,cinder_garden,Juno,calendar stylus,carry-visible,Vale,carried,carried,Pax,Pax,True,True,False,True
2485,139,session-024,lichen_bridge,Luma,tension peg,nearby-visible,Sol,rope_bridge,rope_bridge,none,none,True,True,False,True
2486,139,session-024,orchid_engine,Dax,gear brush,pickup,Bea,gear_wash,carried,none,Dax,True,True,True,True
2487,139,session-024,moss_ward,Tala,ledger awl,carry-visible,Fay,carried,carried,Ari,Ari,True,True,False,True
2488,139,session-024,glass_harbor,Nia,wick clamp,carry-visible,Puck,carried,carried,Puck,Puck,True,True,False,True
2489,139,session-024,cinder_garden,Pax,basket hook,drop,Wren,seed_shelf,shade_tent,none,none,True,True,True,True
2490,139,session-024,lichen_bridge,Rin,ledger punch,carry-visible,Kio,carried,carried,Rin,Rin,True,True,True,True
2491,139,session-024,orchid_engine,Eli,valve key,nearby-visible,Cai,orchid_bay,orchid_bay,none,none,True,True,False,True
2492,139,session-024,moss_ward,Ari,loom hook,carry-visible,Milo,carried,carried,Milo,Milo,True,True,False,True
2493,139,session-024,glass_harbor,Oren,rope gauge,pickup,Sera,fog_rail,carried,none,Oren,True,True,True,True
2494,139,session-024,cinder_garden,Vale,shade mallet,carry-visible,Juno,carried,carried,Vale,Vale,True,True,True,True
2495,139,session-024,lichen_bridge,Sol,bell file,carry-visible,Luma,carried,carried,Luma,Luma,True,True,False,True
2496,139,session-024,orchid_engine,Bea,lamp tongs,drop,Dax,carried,engine_ring,Dax,none,True,True,True,True
2497,139,session-024,moss_ward,Fay,reed knife,carry-visible,Tala,carried,carried,Fay,Fay,True,True,True,True
2498,139,session-024,glass_harbor,Puck,net shuttle,nearby-visible,Nia,lamp_pier,lamp_pier,none,none,True,True,False,True
2499,139,session-024,cinder_garden,Wren,calendar stylus,carry-visible,Pax,carried,carried,Pax,Pax,True,True,False,True
2500,139,session-024,lichen_bridge,Kio,tension peg,pickup,Rin,rope_bridge,carried,none,Kio,True,True,True,True
2501,139,session-024,orchid_engine,Cai,gear brush,carry-visible,Eli,carried,carried,Dax,Dax,True,True,False,True
2502,140,session-024,glass_harbor,Oren,net shuttle,nearby-visible,Puck,lamp_pier,lamp_pier,none,none,True,True,False,True
2503,140,session-024,cinder_garden,Vale,calendar stylus,pickup,Wren,carried,carried,Pax,Vale,True,True,True,True
2504,140,session-024,lichen_bridge,Sol,tension peg,carry-visible,Kio,carried,carried,Kio,Kio,True,True,False,True
2505,140,session-024,orchid_engine,Bea,gear brush,carry-visible,Cai,carried,carried,Dax,Dax,True,True,False,True
2506,140,session-024,moss_ward,Fay,ledger awl,drop,Milo,carried,root_alcove,Ari,none,True,True,True,True
2507,140,session-024,glass_harbor,Puck,wick clamp,carry-visible,Sera,carried,carried,Puck,Puck,True,True,True,True
2508,140,session-024,cinder_garden,Wren,basket hook,nearby-visible,Juno,shade_tent,shade_tent,none,none,True,True,False,True
2509,140,session-024,lichen_bridge,Kio,ledger punch,carry-visible,Luma,carried,carried,Rin,Rin,True,True,False,True
2510,140,session-024,orchid_engine,Cai,valve key,pickup,Dax,orchid_bay,carried,none,Cai,True,True,True,True
2511,140,session-024,moss_ward,Milo,loom hook,carry-visible,Tala,carried,carried,Milo,Milo,True,True,True,True
2512,140,session-024,glass_harbor,Sera,rope gauge,carry-visible,Nia,carried,carried,Oren,Oren,True,True,False,True
2513,140,session-024,cinder_garden,Juno,shade mallet,drop,Pax,carried,seed_shelf,Vale,none,True,True,True,True
2514,140,session-024,lichen_bridge,Luma,bell file,carry-visible,Rin,carried,carried,Luma,Luma,True,True,True,True
2515,140,session-024,orchid_engine,Dax,lamp tongs,nearby-visible,Eli,engine_ring,engine_ring,none,none,True,True,False,True
2516,140,session-024,moss_ward,Tala,reed knife,carry-visible,Ari,carried,carried,Fay,Fay,True,True,False,True
2517,140,session-024,glass_harbor,Nia,net shuttle,pickup,Oren,lamp_pier,carried,none,Nia,True,True,True,True
2518,140,session-024,cinder_garden,Pax,calendar stylus,carry-visible,Vale,carried,carried,Vale,Vale,True,True,False,True
2519,140,session-024,lichen_bridge,Rin,tension peg,carry-visible,Sol,carried,carried,Kio,Kio,True,True,False,True
2520,141,session-024,moss_ward,Milo,reed knife,pickup,Milo,carried,carried,Fay,Milo,True,True,True,True
2521,141,session-024,glass_harbor,Sera,net shuttle,carry-visible,Sera,carried,carried,Nia,Nia,True,True,False,True
2522,141,session-024,cinder_garden,Juno,calendar stylus,carry-visible,Juno,carried,carried,Vale,Vale,True,True,False,True
2523,141,session-024,lichen_bridge,Luma,tension peg,drop,Luma,carried,meal_room,Kio,none,True,True,True,True
2524,141,session-024,orchid_engine,Dax,gear brush,carry-visible,Dax,carried,carried,Dax,Dax,True,True,True,True
2525,141,session-024,moss_ward,Tala,ledger awl,nearby-visible,Tala,root_alcove,root_alcove,none,none,True,True,False,True
2526,141,session-024,glass_harbor,Nia,wick clamp,carry-visible,Nia,carried,carried,Puck,Puck,True,True,False,True
2527,141,session-024,cinder_garden,Pax,basket hook,pickup,Pax,shade_tent,carried,none,Pax,True,True,True,True
2528,141,session-024,lichen_bridge,Rin,ledger punch,carry-visible,Rin,carried,carried,Rin,Rin,True,True,True,True
2529,141,session-024,orchid_engine,Eli,valve key,carry-visible,Eli,carried,carried,Cai,Cai,True,True,False,True
2530,141,session-024,moss_ward,Ari,loom hook,drop,Ari,carried,rain_gate,Milo,none,True,True,True,True
2531,141,session-024,glass_harbor,Oren,rope gauge,carry-visible,Oren,carried,carried,Oren,Oren,True,True,True,True
2532,141,session-024,cinder_garden,Vale,shade mallet,nearby-visible,Vale,seed_shelf,seed_shelf,none,none,True,True,False,True
2533,141,session-024,lichen_bridge,Sol,bell file,carry-visible,Sol,carried,carried,Luma,Luma,True,True,False,True
2534,141,session-024,orchid_engine,Bea,lamp tongs,pickup,Bea,engine_ring,carried,none,Bea,True,True,True,True
2535,141,session-024,moss_ward,Fay,reed knife,carry-visible,Fay,carried,carried,Milo,Milo,True,True,False,True
2536,141,session-024,glass_harbor,Puck,net shuttle,carry-visible,Puck,carried,carried,Nia,Nia,True,True,False,True
2537,141,session-024,cinder_garden,Wren,calendar stylus,drop,Wren,carried,ash_path,Vale,none,True,True,True,True
2538,142,session-024,orchid_engine,Eli,lamp tongs,carry-visible,Dax,carried,carried,Bea,Bea,True,True,False,True
2539,142,session-024,moss_ward,Ari,reed knife,carry-visible,Tala,carried,carried,Milo,Milo,True,True,False,True
2540,142,session-024,glass_harbor,Oren,net shuttle,drop,Nia,carried,fog_rail,Nia,none,True,True,True,True
2541,142,session-024,cinder_garden,Vale,calendar stylus,nearby-visible,Pax,ash_path,ash_path,none,none,True,True,False,True
2542,142,session-024,lichen_bridge,Sol,tension peg,nearby-visible,Rin,meal_room,meal_room,none,none,True,True,False,True
2543,142,session-024,orchid_engine,Bea,gear brush,carry-visible,Eli,carried,carried,Dax,Dax,True,True,False,True
2544,142,session-024,moss_ward,Fay,ledger awl,pickup,Ari,root_alcove,carried,none,Fay,True,True,True,True
2545,142,session-024,glass_harbor,Puck,wick clamp,carry-visible,Oren,carried,carried,Puck,Puck,True,True,True,True
2546,142,session-024,cinder_garden,Wren,basket hook,carry-visible,Vale,carried,carried,Pax,Pax,True,True,False,True
2547,142,session-024,lichen_bridge,Kio,ledger punch,drop,Sol,carried,rope_bridge,Rin,none,True,True,True,True
2548,142,session-024,orchid_engine,Cai,valve key,carry-visible,Bea,carried,carried,Cai,Cai,True,True,True,True
2549,142,session-024,moss_ward,Milo,loom hook,nearby-visible,Fay,rain_gate,rain_gate,none,none,True,True,False,True
2550,142,session-024,glass_harbor,Sera,rope gauge,carry-visible,Puck,carried,carried,Oren,Oren,True,True,False,True
2551,142,session-024,cinder_garden,Juno,shade mallet,pickup,Wren,seed_shelf,carried,none,Juno,True,True,True,True
2552,142,session-024,lichen_bridge,Luma,bell file,carry-visible,Kio,carried,carried,Luma,Luma,True,True,True,True
2553,142,session-024,orchid_engine,Dax,lamp tongs,carry-visible,Cai,carried,carried,Bea,Bea,True,True,False,True
2554,142,session-024,moss_ward,Tala,reed knife,drop,Milo,carried,blanket_room,Milo,none,True,True,True,True
2555,142,session-024,glass_harbor,Nia,net shuttle,nearby-visible,Sera,fog_rail,fog_rail,none,none,True,True,True,True
2556,143,session-024,lichen_bridge,Kio,bell file,carry-visible,Rin,carried,carried,Luma,Luma,True,True,False,True
2557,143,session-024,orchid_engine,Cai,lamp tongs,drop,Eli,carried,orchid_bay,Bea,none,True,True,True,True
2558,143,session-024,moss_ward,Milo,reed knife,nearby-visible,Ari,blanket_room,blanket_room,none,none,True,True,False,True
2559,143,session-024,glass_harbor,Sera,net shuttle,nearby-visible,Oren,fog_rail,fog_rail,none,none,True,True,False,True
2560,143,session-024,cinder_garden,Juno,calendar stylus,nearby-visible,Vale,ash_path,ash_path,none,none,True,True,False,True
2561,143,session-024,lichen_bridge,Luma,tension peg,pickup,Sol,meal_room,carried,none,Luma,True,True,True,True
2562,143,session-024,orchid_engine,Dax,gear brush,carry-visible,Bea,carried,carried,Dax,Dax,True,True,True,True
2563,143,session-024,moss_ward,Tala,ledger awl,carry-visible,Fay,carried,carried,Fay,Fay,True,True,False,True
2564,143,session-024,glass_harbor,Nia,wick clamp,drop,Puck,carried,lamp_pier,Puck,none,True,True,True,True
2565,143,session-024,cinder_garden,Pax,basket hook,carry-visible,Wren,carried,carried,Pax,Pax,True,True,True,True
2566,143,session-024,lichen_bridge,Rin,ledger punch,nearby-visible,Kio,rope_bridge,rope_bridge,none,none,True,True,False,True
2567,143,session-024,orchid_engine,Eli,valve key,carry-visible,Cai,carried,carried,Cai,Cai,True,True,False,True
2568,143,session-024,moss_ward,Ari,loom hook,pickup,Milo,rain_gate,carried,none,Ari,True,True,True,True
2569,143,session-024,glass_harbor,Oren,rope gauge,carry-visible,Sera,carried,carried,Oren,Oren,True,True,True,True
2570,143,session-024,cinder_garden,Vale,shade mallet,carry-visible,Juno,carried,carried,Juno,Juno,True,True,False,True
2571,143,session-024,lichen_bridge,Sol,bell file,drop,Luma,carried,signal_post,Luma,none,True,True,True,True
2572,143,session-024,orchid_engine,Bea,lamp tongs,nearby-visible,Dax,orchid_bay,orchid_bay,none,none,True,True,True,True
2573,143,session-024,moss_ward,Fay,reed knife,nearby-visible,Tala,blanket_room,blanket_room,none,none,True,True,False,True
2574,144,session-024,cinder_garden,Pax,shade mallet,drop,Vale,carried,shade_tent,Juno,none,True,True,True,True
2575,144,session-024,lichen_bridge,Rin,bell file,nearby-visible,Sol,signal_post,signal_post,none,none,True,True,False,True
2576,144,session-024,orchid_engine,Eli,lamp tongs,nearby-visible,Bea,orchid_bay,orchid_bay,none,none,True,True,False,True
2577,144,session-024,moss_ward,Ari,reed knife,nearby-visible,Fay,blanket_room,blanket_room,none,none,True,True,False,True
2578,144,session-024,glass_harbor,Oren,net shuttle,pickup,Puck,fog_rail,carried,none,Oren,True,True,True,True
2579,144,session-024,cinder_garden,Vale,calendar stylus,nearby-visible,Wren,ash_path,ash_path,none,none,True,True,True,True
2580,144,session-024,lichen_bridge,Sol,tension peg,carry-visible,Kio,carried,carried,Luma,Luma,True,True,False,True
2581,144,session-024,orchid_engine,Bea,gear brush,drop,Cai,carried,engine_ring,Dax,none,True,True,True,True
2582,144,session-024,moss_ward,Fay,ledger awl,carry-visible,Milo,carried,carried,Fay,Fay,True,True,True,True
2583,144,session-024,glass_harbor,Puck,wick clamp,nearby-visible,Sera,lamp_pier,lamp_pier,none,none,True,True,False,True
2584,144,session-024,cinder_garden,Wren,basket hook,carry-visible,Juno,carried,carried,Pax,Pax,True,True,False,True
2585,144,session-024,lichen_bridge,Kio,ledger punch,pickup,Luma,rope_bridge,carried,none,Kio,True,True,True,True
2586,144,session-024,orchid_engine,Cai,valve key,carry-visible,Dax,carried,carried,Cai,Cai,True,True,True,True
2587,144,session-024,moss_ward,Milo,loom hook,carry-visible,Tala,carried,carried,Ari,Ari,True,True,False,True
2588,144,session-024,glass_harbor,Sera,rope gauge,drop,Nia,carried,net_room,Oren,none,True,True,True,True
2589,144,session-024,cinder_garden,Juno,shade mallet,nearby-visible,Pax,shade_tent,shade_tent,none,none,True,True,True,True
2590,144,session-024,lichen_bridge,Luma,bell file,nearby-visible,Rin,signal_post,signal_post,none,none,True,True,False,True
2591,144,session-024,orchid_engine,Dax,lamp tongs,nearby-visible,Eli,orchid_bay,orchid_bay,none,none,True,True,False,True
2592,145,session-025,glass_harbor,Puck,rope gauge,nearby-visible,Puck,net_room,net_room,none,none,True,True,False,True
2593,145,session-025,cinder_garden,Wren,shade mallet,nearby-visible,Wren,shade_tent,shade_tent,none,none,True,True,False,True
2594,145,session-025,lichen_bridge,Kio,bell file,nearby-visible,Kio,signal_post,signal_post,none,none,True,True,False,True
2595,145,session-025,orchid_engine,Cai,lamp tongs,pickup,Cai,orchid_bay,carried,none,Cai,True,True,True,True
2596,145,session-025,moss_ward,Milo,reed knife,nearby-visible,Milo,blanket_room,blanket_room,none,none,True,True,True,True
2597,145,session-025,glass_harbor,Sera,net shuttle,carry-visible,Sera,carried,carried,Oren,Oren,True,True,False,True
2598,145,session-025,cinder_garden,Juno,calendar stylus,drop,Juno,ash_path,seed_shelf,none,none,True,True,True,True
2599,145,session-025,lichen_bridge,Luma,tension peg,carry-visible,Luma,carried,carried,Luma,Luma,True,True,True,True
2600,145,session-025,orchid_engine,Dax,gear brush,nearby-visible,Dax,engine_ring,engine_ring,none,none,True,True,False,True
2601,145,session-025,moss_ward,Tala,ledger awl,carry-visible,Tala,carried,carried,Fay,Fay,True,True,False,True
2602,145,session-025,glass_harbor,Nia,wick clamp,pickup,Nia,lamp_pier,carried,none,Nia,True,True,True,True
2603,145,session-025,cinder_garden,Pax,basket hook,carry-visible,Pax,carried,carried,Pax,Pax,True,True,True,True
2604,145,session-025,lichen_bridge,Rin,ledger punch,carry-visible,Rin,carried,carried,Kio,Kio,True,True,False,True
2605,145,session-025,orchid_engine,Eli,valve key,drop,Eli,carried,gear_wash,Cai,none,True,True,True,True
2606,145,session-025,moss_ward,Ari,loom hook,carry-visible,Ari,carried,carried,Ari,Ari,True,True,True,True
2607,145,session-025,glass_harbor,Oren,rope gauge,nearby-visible,Oren,net_room,net_room,none,none,True,True,False,True
2608,145,session-025,cinder_garden,Vale,shade mallet,nearby-visible,Vale,shade_tent,shade_tent,none,none,True,True,False,True
2609,145,session-025,lichen_bridge,Sol,bell file,pickup,Sol,signal_post,carried,none,Sol,True,True,True,True
2610,146,session-025,moss_ward,Tala,loom hook,carry-visible,Milo,carried,carried,Ari,Ari,True,True,False,True
2611,146,session-025,glass_harbor,Nia,rope gauge,nearby-visible,Sera,net_room,net_room,none,none,True,True,False,True
2612,146,session-025,cinder_garden,Pax,shade mallet,pickup,Juno,shade_tent,carried,none,Pax,True,True,True,True
2613,146,session-025,lichen_bridge,Rin,bell file,carry-visible,Luma,carried,carried,Sol,Sol,True,True,False,True
2614,146,session-025,orchid_engine,Eli,lamp tongs,carry-visible,Dax,carried,carried,Cai,Cai,True,True,False,True
2615,146,session-025,moss_ward,Ari,reed knife,drop,Tala,blanket_room,rain_gate,none,none,True,True,True,True
2616,146,session-025,glass_harbor,Oren,net shuttle,carry-visible,Nia,carried,carried,Oren,Oren,True,True,True,True
2617,146,session-025,cinder_garden,Vale,calendar stylus,nearby-visible,Pax,seed_shelf,seed_shelf,none,none,True,True,False,True
2618,146,session-025,lichen_bridge,Sol,tension peg,carry-visible,Rin,carried,carried,Luma,Luma,True,True,False,True
2619,146,session-025,orchid_engine,Bea,gear brush,pickup,Eli,engine_ring,carried,none,Bea,True,True,True,True
2620,146,session-025,moss_ward,Fay,ledger awl,carry-visible,Ari,carried,carried,Fay,Fay,True,True,True,True
2621,146,session-025,glass_harbor,Puck,wick clamp,carry-visible,Oren,carried,carried,Nia,Nia,True,True,False,True
2622,146,session-025,cinder_garden,Wren,basket hook,drop,Vale,carried,ash_path,Pax,none,True,True,True,True
2623,146,session-025,lichen_bridge,Kio,ledger punch,carry-visible,Sol,carried,carried,Kio,Kio,True,True,True,True
2624,146,session-025,orchid_engine,Cai,valve key,nearby-visible,Bea,gear_wash,gear_wash,none,none,True,True,False,True
2625,146,session-025,moss_ward,Milo,loom hook,carry-visible,Fay,carried,carried,Ari,Ari,True,True,False,True
2626,146,session-025,glass_harbor,Sera,rope gauge,pickup,Puck,net_room,carried,none,Sera,True,True,True,True
2627,146,session-025,cinder_garden,Juno,shade mallet,carry-visible,Wren,carried,carried,Pax,Pax,True,True,False,True
2628,147,session-025,orchid_engine,Bea,valve key,nearby-visible,Dax,gear_wash,gear_wash,none,none,True,True,False,True
2629,147,session-025,moss_ward,Fay,loom hook,pickup,Tala,carried,carried,Ari,Fay,True,True,True,True
2630,147,session-025,glass_harbor,Puck,rope gauge,carry-visible,Nia,carried,carried,Sera,Sera,True,True,False,True
2631,147,session-025,cinder_garden,Wren,shade mallet,carry-visible,Pax,carried,carried,Pax,Pax,True,True,False,True
2632,147,session-025,lichen_bridge,Kio,bell file,drop,Rin,carried,rope_bridge,Sol,none,True,True,True,True
2633,147,session-025,orchid_engine,Cai,lamp tongs,carry-visible,Eli,carried,carried,Cai,Cai,True,True,True,True
2634,147,session-025,moss_ward,Milo,reed knife,nearby-visible,Ari,rain_gate,rain_gate,none,none,True,True,False,True
2635,147,session-025,glass_harbor,Sera,net shuttle,carry-visible,Oren,carried,carried,Oren,Oren,True,True,False,True
2636,147,session-025,cinder_garden,Juno,calendar stylus,pickup,Vale,seed_shelf,carried,none,Juno,True,True,True,True
2637,147,session-025,lichen_bridge,Luma,tension peg,carry-visible,Sol,carried,carried,Luma,Luma,True,True,True,True
2638,147,session-025,orchid_engine,Dax,gear brush,carry-visible,Bea,carried,carried,Bea,Bea,True,True,False,True
2639,147,session-025,moss_ward,Tala,ledger awl,drop,Fay,carried,blanket_room,Fay,none,True,True,True,True
2640,147,session-025,glass_harbor,Nia,wick clamp,carry-visible,Puck,carried,carried,Nia,Nia,True,True,True,True
2641,147,session-025,cinder_garden,Pax,basket hook,nearby-visible,Wren,ash_path,ash_path,none,none,True,True,False,True
2642,147,session-025,lichen_bridge,Rin,ledger punch,carry-visible,Kio,carried,carried,Kio,Kio,True,True,False,True
2643,147,session-025,orchid_engine,Eli,valve key,pickup,Cai,gear_wash,carried,none,Eli,True,True,True,True
2644,147,session-025,moss_ward,Ari,loom hook,carry-visible,Milo,carried,carried,Fay,Fay,True,True,False,True
2645,147,session-025,glass_harbor,Oren,rope gauge,carry-visible,Sera,carried,carried,Sera,Sera,True,True,False,True
2646,148,session-025,lichen_bridge,Luma,ledger punch,pickup,Rin,carried,carried,Kio,Luma,True,True,True,True
2647,148,session-025,orchid_engine,Dax,valve key,carry-visible,Eli,carried,carried,Eli,Eli,True,True,False,True
2648,148,session-025,moss_ward,Tala,loom hook,carry-visible,Ari,carried,carried,Fay,Fay,True,True,False,True
2649,148,session-025,glass_harbor,Nia,rope gauge,drop,Oren,carried,lamp_pier,Sera,none,True,True,True,True
2650,148,session-025,cinder_garden,Pax,shade mallet,carry-visible,Vale,carried,carried,Pax,Pax,True,True,True,True
2651,148,session-025,lichen_bridge,Rin,bell file,nearby-visible,Sol,rope_bridge,rope_bridge,none,none,True,True,False,True
2652,148,session-025,orchid_engine,Eli,lamp tongs,carry-visible,Bea,carried,carried,Cai,Cai,True,True,False,True
2653,148,session-025,moss_ward,Ari,reed knife,pickup,Fay,rain_gate,carried,none,Ari,True,True,True,True
2654,148,session-025,glass_harbor,Oren,net shuttle,carry-visible,Puck,carried,carried,Oren,Oren,True,True,True,True
2655,148,session-025,cinder_garden,Vale,calendar stylus,carry-visible,Wren,carried,carried,Juno,Juno,True,True,False,True
2656,148,session-025,lichen_bridge,Sol,tension peg,drop,Kio,carried,signal_post,Luma,none,True,True,True,True
2657,148,session-025,orchid_engine,Bea,gear brush,carry-visible,Cai,carried,carried,Bea,Bea,True,True,True,True
2658,148,session-025,moss_ward,Fay,ledger awl,nearby-visible,Milo,blanket_room,blanket_room,none,none,True,True,False,True
2659,148,session-025,glass_harbor,Puck,wick clamp,carry-visible,Sera,carried,carried,Nia,Nia,True,True,False,True
2660,148,session-025,cinder_garden,Wren,basket hook,pickup,Juno,ash_path,carried,none,Wren,True,True,True,True
2661,148,session-025,lichen_bridge,Kio,ledger punch,carry-visible,Luma,carried,carried,Luma,Luma,True,True,False,True
2662,148,session-025,orchid_engine,Cai,valve key,carry-visible,Dax,carried,carried,Eli,Eli,True,True,False,True
2663,148,session-025,moss_ward,Milo,loom hook,drop,Tala,carried,root_alcove,Fay,none,True,True,True,True
2664,149,session-025,cinder_garden,Vale,basket hook,carry-visible,Vale,carried,carried,Wren,Wren,True,True,False,True
2665,149,session-025,lichen_bridge,Sol,ledger punch,carry-visible,Sol,carried,carried,Luma,Luma,True,True,False,True
2666,149,session-025,orchid_engine,Bea,valve key,drop,Bea,carried,engine_ring,Eli,none,True,True,True,True
2667,149,session-025,moss_ward,Fay,loom hook,nearby-visible,Fay,root_alcove,root_alcove,none,none,True,True,False,True
2668,149,session-025,glass_harbor,Puck,rope gauge,nearby-visible,Puck,lamp_pier,lamp_pier,none,none,True,True,False,True
2669,149,session-025,cinder_garden,Wren,shade mallet,carry-visible,Wren,carried,carried,Pax,Pax,True,True,False,True
2670,149,session-025,lichen_bridge,Kio,bell file,pickup,Kio,rope_bridge,carried,none,Kio,True,True,True,True
2671,149,session-025,orchid_engine,Cai,lamp tongs,carry-visible,Cai,carried,carried,Cai,Cai,True,True,True,True
2672,149,session-025,moss_ward,Milo,reed knife,carry-visible,Milo,carried,carried,Ari,Ari,True,True,False,True
2673,149,session-025,glass_harbor,Sera,net shuttle,drop,Sera,carried,net_room,Oren,none,True,True,True,True
2674,149,session-025,cinder_garden,Juno,calendar stylus,carry-visible,Juno,carried,carried,Juno,Juno,True,True,True,True
2675,149,session-025,lichen_bridge,Luma,tension peg,nearby-visible,Luma,signal_post,signal_post,none,none,True,True,False,True
2676,149,session-025,orchid_engine,Dax,gear brush,carry-visible,Dax,carried,carried,Bea,Bea,True,True,False,True
2677,149,session-025,moss_ward,Tala,ledger awl,pickup,Tala,blanket_room,carried,none,Tala,True,True,True,True
2678,149,session-025,glass_harbor,Nia,wick clamp,carry-visible,Nia,carried,carried,Nia,Nia,True,True,True,True
2679,149,session-025,cinder_garden,Pax,basket hook,carry-visible,Pax,carried,carried,Wren,Wren,True,True,False,True
2680,149,session-025,lichen_bridge,Rin,ledger punch,drop,Rin,carried,meal_room,Luma,none,True,True,True,True
2681,149,session-025,orchid_engine,Eli,valve key,nearby-visible,Eli,engine_ring,engine_ring,none,none,True,True,True,True
2682,150,session-025,glass_harbor,Sera,wick clamp,carry-visible,Puck,carried,carried,Nia,Nia,True,True,False,True
2683,150,session-025,cinder_garden,Juno,basket hook,drop,Wren,carried,seed_shelf,Wren,none,True,True,True,True
2684,150,session-025,lichen_bridge,Luma,ledger punch,nearby-visible,Kio,meal_room,meal_room,none,none,True,True,False,True
2685,150,session-025,orchid_engine,Dax,valve key,nearby-visible,Cai,engine_ring,engine_ring,none,none,True,True,False,True
2686,150,session-025,moss_ward,Tala,loom hook,nearby-visible,Milo,root_alcove,root_alcove,none,none,True,True,False,True
2687,150,session-025,glass_harbor,Nia,rope gauge,pickup,Sera,lamp_pier,carried,none,Nia,True,True,True,True
2688,150,session-025,cinder_garden,Pax,shade mallet,carry-visible,Juno,carried,carried,Pax,Pax,True,True,True,True
2689,150,session-025,lichen_bridge,Rin,bell file,carry-visible,Luma,carried,carried,Kio,Kio,True,True,False,True
2690,150,session-025,orchid_engine,Eli,lamp tongs,drop,Dax,carried,gear_wash,Cai,none,True,True,True,True
2691,150,session-025,moss_ward,Ari,reed knife,carry-visible,Tala,carried,carried,Ari,Ari,True,True,True,True
2692,150,session-025,glass_harbor,Oren,net shuttle,nearby-visible,Nia,net_room,net_room,none,none,True,True,False,True
2693,150,session-025,cinder_garden,Vale,calendar stylus,carry-visible,Pax,carried,carried,Juno,Juno,True,True,False,True
2694,150,session-025,lichen_bridge,Sol,tension peg,pickup,Rin,signal_post,carried,none,Sol,True,True,True,True
2695,150,session-025,orchid_engine,Bea,gear brush,carry-visible,Eli,carried,carried,Bea,Bea,True,True,True,True
2696,150,session-025,moss_ward,Fay,ledger awl,carry-visible,Ari,carried,carried,Tala,Tala,True,True,False,True
2697,150,session-025,glass_harbor,Puck,wick clamp,drop,Oren,carried,fog_rail,Nia,none,True,True,True,True
2698,150,session-025,cinder_garden,Wren,basket hook,nearby-visible,Vale,seed_shelf,seed_shelf,none,none,True,True,True,True
2699,150,session-025,lichen_bridge,Kio,ledger punch,nearby-visible,Sol,meal_room,meal_room,none,none,True,True,False,True
2700,151,session-026,moss_ward,Ari,ledger awl,drop,Milo,carried,rain_gate,Tala,none,True,True,True,True
2701,151,session-026,glass_harbor,Oren,wick clamp,nearby-visible,Sera,fog_rail,fog_rail,none,none,True,True,False,True
2702,151,session-026,cinder_garden,Vale,basket hook,nearby-visible,Juno,seed_shelf,seed_shelf,none,none,True,True,False,True
2703,151,session-026,lichen_bridge,Sol,ledger punch,nearby-visible,Luma,meal_room,meal_room,none,none,True,True,False,True
2704,151,session-026,orchid_engine,Bea,valve key,pickup,Dax,engine_ring,carried,none,Bea,True,True,True,True
2705,151,session-026,moss_ward,Fay,loom hook,nearby-visible,Tala,root_alcove,root_alcove,none,none,True,True,True,True
2706,151,session-026,glass_harbor,Puck,rope gauge,carry-visible,Nia,carried,carried,Nia,Nia,True,True,False,True
2707,151,session-026,cinder_garden,Wren,shade mallet,drop,Pax,carried,ash_path,Pax,none,True,True,True,True
2708,151,session-026,lichen_bridge,Kio,bell file,carry-visible,Rin,carried,carried,Kio,Kio,True,True,True,True
2709,151,session-026,orchid_engine,Cai,lamp tongs,nearby-visible,Eli,gear_wash,gear_wash,none,none,True,True,False,True
2710,151,session-026,moss_ward,Milo,reed knife,carry-visible,Ari,carried,carried,Ari,Ari,True,True,False,True
2711,151,session-026,glass_harbor,Sera,net shuttle,pickup,Oren,net_room,carried,none,Sera,True,True,True,True
2712,151,session-026,cinder_garden,Juno,calendar stylus,carry-visible,Vale,carried,carried,Juno,Juno,True,True,True,True
2713,151,session-026,lichen_bridge,Luma,tension peg,carry-visible,Sol,carried,carried,Sol,Sol,True,True,False,True
2714,151,session-026,orchid_engine,Dax,gear brush,drop,Bea,carried,orchid_bay,Bea,none,True,True,True,True
2715,151,session-026,moss_ward,Tala,ledger awl,nearby-visible,Fay,rain_gate,rain_gate,none,none,True,True,True,True
2716,151,session-026,glass_harbor,Nia,wick clamp,nearby-visible,Puck,fog_rail,fog_rail,none,none,True,True,False,True
2717,151,session-026,cinder_garden,Pax,basket hook,nearby-visible,Wren,seed_shelf,seed_shelf,none,none,True,True,False,True
2718,152,session-026,orchid_engine,Cai,gear brush,nearby-visible,Dax,orchid_bay,orchid_bay,none,none,True,True,False,True
2719,152,session-026,moss_ward,Milo,ledger awl,nearby-visible,Tala,rain_gate,rain_gate,none,none,True,True,False,True
2720,152,session-026,glass_harbor,Sera,wick clamp,nearby-visible,Nia,fog_rail,fog_rail,none,none,True,True,False,True
2721,152,session-026,cinder_garden,Juno,basket hook,pickup,Pax,seed_shelf,carried,none,Juno,True,True,True,True
2722,152,session-026,lichen_bridge,Luma,ledger punch,nearby-visible,Rin,meal_room,meal_room,none,none,True,True,True,True
2723,152,session-026,orchid_engine,Dax,valve key,carry-visible,Eli,carried,carried,Bea,Bea,True,True,False,True
2724,152,session-026,moss_ward,Tala,loom hook,drop,Ari,root_alcove,blanket_room,none,none,True,True,True,True
2725,152,session-026,glass_harbor,Nia,rope gauge,carry-visible,Oren,carried,carried,Nia,Nia,True,True,True,True
2726,152,session-026,cinder_garden,Pax,shade mallet,nearby-visible,Vale,ash_path,ash_path,none,none,True,True,False,True
2727,152,session-026,lichen_bridge,Rin,bell file,carry-visible,Sol,carried,carried,Kio,Kio,True,True,False,True
2728,152,session-026,orchid_engine,Eli,lamp tongs,pickup,Bea,gear_wash,carried,none,Eli,True,True,True,True
2729,152,session-026,moss_ward,Ari,reed knife,carry-visible,Fay,carried,carried,Ari,Ari,True,True,True,True
2730,152,session-026,glass_harbor,Oren,net shuttle,carry-visible,Puck,carried,carried,Sera,Sera,True,True,False,True
2731,152,session-026,cinder_garden,Vale,calendar stylus,drop,Wren,carried,shade_tent,Juno,none,True,True,True,True
2732,152,session-026,lichen_bridge,Sol,tension peg,carry-visible,Kio,carried,carried,Sol,Sol,True,True,True,True
2733,152,session-026,orchid_engine,Bea,gear brush,nearby-visible,Cai,orchid_bay,orchid_bay,none,none,True,True,False,True
2734,152,session-026,moss_ward,Fay,ledger awl,nearby-visible,Milo,rain_gate,rain_gate,none,none,True,True,False,True
2735,152,session-026,glass_harbor,Puck,wick clamp,pickup,Sera,fog_rail,carried,none,Puck,True,True,True,True
2736,153,session-026,lichen_bridge,Rin,tension peg,carry-visible,Rin,carried,carried,Sol,Sol,True,True,False,True
2737,153,session-026,orchid_engine,Eli,gear brush,nearby-visible,Eli,orchid_bay,orchid_bay,none,none,True,True,False,True
2738,153,session-026,moss_ward,Ari,ledger awl,pickup,Ari,rain_gate,carried,none,Ari,True,True,True,True
2739,153,session-026,glass_harbor,Oren,wick clamp,carry-visible,Oren,carried,carried,Puck,Puck,True,True,False,True
2740,153,session-026,cinder_garden,Vale,basket hook,carry-visible,Vale,carried,carried,Juno,Juno,True,True,False,True
2741,153,session-026,lichen_bridge,Sol,ledger punch,drop,Sol,meal_room,signal_post,none,none,True,True,True,True
2742,153,session-026,orchid_engine,Bea,valve key,carry-visible,Bea,carried,carried,Bea,Bea,True,True,True,True
2743,153,session-026,moss_ward,Fay,loom hook,nearby-visible,Fay,blanket_room,blanket_room,none,none,True,True,False,True
2744,153,session-026,glass_harbor,Puck,rope gauge,carry-visible,Puck,carried,carried,Nia,Nia,True,True,False,True
2745,153,session-026,cinder_garden,Wren,shade mallet,pickup,Wren,ash_path,carried,none,Wren,True,True,True,True
2746,153,session-026,lichen_bridge,Kio,bell file,carry-visible,Kio,carried,carried,Kio,Kio,True,True,True,True
2747,153,session-026,orchid_engine,Cai,lamp tongs,carry-visible,Cai,carried,carried,Eli,Eli,True,True,False,True
2748,153,session-026,moss_ward,Milo,reed knife,drop,Milo,carried,root_alcove,Ari,none,True,True,True,True
2749,153,session-026,glass_harbor,Sera,net shuttle,carry-visible,Sera,carried,carried,Sera,Sera,True,True,True,True
2750,153,session-026,cinder_garden,Juno,calendar stylus,nearby-visible,Juno,shade_tent,shade_tent,none,none,True,True,False,True
2751,153,session-026,lichen_bridge,Luma,tension peg,carry-visible,Luma,carried,carried,Sol,Sol,True,True,False,True
2752,153,session-026,orchid_engine,Dax,gear brush,pickup,Dax,orchid_bay,carried,none,Dax,True,True,True,True
2753,153,session-026,moss_ward,Tala,ledger awl,carry-visible,Tala,carried,carried,Ari,Ari,True,True,False,True
2754,154,session-026,cinder_garden,Wren,calendar stylus,nearby-visible,Vale,shade_tent,shade_tent,none,none,True,True,False,True
2755,154,session-026,lichen_bridge,Kio,tension peg,pickup,Sol,carried,carried,Sol,Kio,True,True,True,True
2756,154,session-026,orchid_engine,Cai,gear brush,carry-visible,Bea,carried,carried,Dax,Dax,True,True,False,True
2757,154,session-026,moss_ward,Milo,ledger awl,carry-visible,Fay,carried,carried,Ari,Ari,True,True,False,True
2758,154,session-026,glass_harbor,Sera,wick clamp,drop,Puck,carried,net_room,Puck,none,True,True,True,True
2759,154,session-026,cinder_garden,Juno,basket hook,carry-visible,Wren,carried,carried,Juno,Juno,True,True,True,True
2760,154,session-026,lichen_bridge,Luma,ledger punch,nearby-visible,Kio,signal_post,signal_post,none,none,True,True,False,True
2761,154,session-026,orchid_engine,Dax,valve key,carry-visible,Cai,carried,carried,Bea,Bea,True,True,False,True
2762,154,session-026,moss_ward,Tala,loom hook,pickup,Milo,blanket_room,carried,none,Tala,True,True,True,True
2763,154,session-026,glass_harbor,Nia,rope gauge,carry-visible,Sera,carried,carried,Nia,Nia,True,True,True,True
2764,154,session-026,cinder_garden,Pax,shade mallet,carry-visible,Juno,carried,carried,Wren,Wren,True,True,False,True
2765,154,session-026,lichen_bridge,Rin,bell file,drop,Luma,carried,meal_room,Kio,none,True,True,True,True
2766,154,session-026,orchid_engine,Eli,lamp tongs,carry-visible,Dax,carried,carried,Eli,Eli,True,True,True,True
2767,154,session-026,moss_ward,Ari,reed knife,nearby-visible,Tala,root_alcove,root_alcove,none,none,True,True,False,True
2768,154,session-026,glass_harbor,Oren,net shuttle,carry-visible,Nia,carried,carried,Sera,Sera,True,True,False,True
2769,154,session-026,cinder_garden,Vale,calendar stylus,pickup,Pax,shade_tent,carried,none,Vale,True,True,True,True
2770,154,session-026,lichen_bridge,Sol,tension peg,carry-visible,Rin,carried,carried,Kio,Kio,True,True,False,True
2771,154,session-026,orchid_engine,Bea,gear brush,carry-visible,Eli,carried,carried,Dax,Dax,True,True,False,True
2772,155,session-026,glass_harbor,Nia,net shuttle,pickup,Puck,carried,carried,Sera,Nia,True,True,True,True
2773,155,session-026,cinder_garden,Pax,calendar stylus,carry-visible,Wren,carried,carried,Vale,Vale,True,True,False,True
2774,155,session-026,lichen_bridge,Rin,tension peg,carry-visible,Kio,carried,carried,Kio,Kio,True,True,False,True
2775,155,session-026,orchid_engine,Eli,gear brush,drop,Cai,carried,gear_wash,Dax,none,True,True,True,True
2776,155,session-026,moss_ward,Ari,ledger awl,carry-visible,Milo,carried,carried,Ari,Ari,True,True,True,True
2777,155,session-026,glass_harbor,Oren,wick clamp,nearby-visible,Sera,net_room,net_room,none,none,True,True,False,True
2778,155,session-026,cinder_garden,Vale,basket hook,carry-visible,Juno,carried,carried,Juno,Juno,True,True,False,True
2779,155,session-026,lichen_bridge,Sol,ledger punch,pickup,Luma,signal_post,carried,none,Sol,True,True,True,True
2780,155,session-026,orchid_engine,Bea,valve key,carry-visible,Dax,carried,carried,Bea,Bea,True,True,True,True
2781,155,session-026,moss_ward,Fay,loom hook,carry-visible,Tala,carried,carried,Tala,Tala,True,True,False,True
2782,155,session-026,glass_harbor,Puck,rope gauge,drop,Nia,carried,fog_rail,Nia,none,True,True,True,True
2783,155,session-026,cinder_garden,Wren,shade mallet,carry-visible,Pax,carried,carried,Wren,Wren,True,True,True,True
2784,155,session-026,lichen_bridge,Kio,bell file,nearby-visible,Rin,meal_room,meal_room,none,none,True,True,False,True
2785,155,session-026,orchid_engine,Cai,lamp tongs,carry-visible,Eli,carried,carried,Eli,Eli,True,True,False,True
2786,155,session-026,moss_ward,Milo,reed knife,pickup,Ari,root_alcove,carried,none,Milo,True,True,True,True
2787,155,session-026,glass_harbor,Sera,net shuttle,carry-visible,Oren,carried,carried,Nia,Nia,True,True,False,True
2788,155,session-026,cinder_garden,Juno,calendar stylus,carry-visible,Vale,carried,carried,Vale,Vale,True,True,False,True
2789,155,session-026,lichen_bridge,Luma,tension peg,drop,Sol,carried,rope_bridge,Kio,none,True,True,True,True
2790,156,session-026,moss_ward,Fay,reed knife,carry-visible,Milo,carried,carried,Milo,Milo,True,True,False,True
2791,156,session-026,glass_harbor,Puck,net shuttle,carry-visible,Sera,carried,carried,Nia,Nia,True,True,False,True
2792,156,session-026,cinder_garden,Wren,calendar stylus,drop,Juno,carried,ash_path,Vale,none,True,True,True,True
2793,156,session-026,lichen_bridge,Kio,tension peg,nearby-visible,Luma,rope_bridge,rope_bridge,none,none,True,True,False,True
2794,156,session-026,orchid_engine,Cai,gear brush,nearby-visible,Dax,gear_wash,gear_wash,none,none,True,True,False,True
2795,156,session-026,moss_ward,Milo,ledger awl,carry-visible,Tala,carried,carried,Ari,Ari,True,True,False,True
2796,156,session-026,glass_harbor,Sera,wick clamp,pickup,Nia,net_room,carried,none,Sera,True,True,True,True
2797,156,session-026,cinder_garden,Juno,basket hook,carry-visible,Pax,carried,carried,Juno,Juno,True,True,True,True
2798,156,session-026,lichen_bridge,Luma,ledger punch,carry-visible,Rin,carried,carried,Sol,Sol,True,True,False,True
2799,156,session-026,orchid_engine,Dax,valve key,drop,Eli,carried,orchid_bay,Bea,none,True,True,True,True
2800,156,session-026,moss_ward,Tala,loom hook,carry-visible,Ari,carried,carried,Tala,Tala,True,True,True,True
2801,156,session-026,glass_harbor,Nia,rope gauge,nearby-visible,Oren,fog_rail,fog_rail,none,none,True,True,False,True
2802,156,session-026,cinder_garden,Pax,shade mallet,carry-visible,Vale,carried,carried,Wren,Wren,True,True,False,True
2803,156,session-026,lichen_bridge,Rin,bell file,pickup,Sol,meal_room,carried,none,Rin,True,True,True,True
2804,156,session-026,orchid_engine,Eli,lamp tongs,carry-visible,Bea,carried,carried,Eli,Eli,True,True,True,True
2805,156,session-026,moss_ward,Ari,reed knife,carry-visible,Fay,carried,carried,Milo,Milo,True,True,False,True
2806,156,session-026,glass_harbor,Oren,net shuttle,drop,Puck,carried,lamp_pier,Nia,none,True,True,True,True
2807,156,session-026,cinder_garden,Vale,calendar stylus,nearby-visible,Wren,ash_path,ash_path,none,none,True,True,True,True
2808,157,session-027,orchid_engine,Dax,lamp tongs,carry-visible,Dax,carried,carried,Eli,Eli,True,True,False,True
2809,157,session-027,moss_ward,Tala,reed knife,drop,Tala,carried,blanket_room,Milo,none,True,True,True,True
2810,157,session-027,glass_harbor,Nia,net shuttle,nearby-visible,Nia,lamp_pier,lamp_pier,none,none,True,True,False,True
2811,157,session-027,cinder_garden,Pax,calendar stylus,nearby-visible,Pax,ash_path,ash_path,none,none,True,True,False,True
2812,157,session-027,lichen_bridge,Rin,tension peg,nearby-visible,Rin,rope_bridge,rope_bridge,none,none,True,True,False,True
2813,157,session-027,orchid_engine,Eli,gear brush,pickup,Eli,gear_wash,carried,none,Eli,True,True,True,True
2814,157,session-027,moss_ward,Ari,ledger awl,carry-visible,Ari,carried,carried,Ari,Ari,True,True,True,True
2815,157,session-027,glass_harbor,Oren,wick clamp,carry-visible,Oren,carried,carried,Sera,Sera,True,True,False,True
2816,157,session-027,cinder_garden,Vale,basket hook,drop,Vale,carried,shade_tent,Juno,none,True,True,True,True
2817,157,session-027,lichen_bridge,Sol,ledger punch,carry-visible,Sol,carried,carried,Sol,Sol,True,True,True,True
2818,157,session-027,orchid_engine,Bea,valve key,nearby-visible,Bea,orchid_bay,orchid_bay,none,none,True,True,False,True
2819,157,session-027,moss_ward,Fay,loom hook,carry-visible,Fay,carried,carried,Tala,Tala,True,True,False,True
2820,157,session-027,glass_harbor,Puck,rope gauge,pickup,Puck,fog_rail,carried,none,Puck,True,True,True,True
2821,157,session-027,cinder_garden,Wren,shade mallet,carry-visible,Wren,carried,carried,Wren,Wren,True,True,True,True
2822,157,session-027,lichen_bridge,Kio,bell file,carry-visible,Kio,carried,carried,Rin,Rin,True,True,False,True
2823,157,session-027,orchid_engine,Cai,lamp tongs,drop,Cai,carried,engine_ring,Eli,none,True,True,True,True
2824,157,session-027,moss_ward,Milo,reed knife,nearby-visible,Milo,blanket_room,blanket_room,none,none,True,True,True,True
2825,157,session-027,glass_harbor,Sera,net shuttle,nearby-visible,Sera,lamp_pier,lamp_pier,none,none,True,True,False,True
2826,158,session-027,lichen_bridge,Sol,bell file,drop,Rin,carried,signal_post,Rin,none,True,True,True,True
2827,158,session-027,orchid_engine,Bea,lamp tongs,nearby-visible,Eli,engine_ring,engine_ring,none,none,True,True,False,True
2828,158,session-027,moss_ward,Fay,reed knife,nearby-visible,Ari,blanket_room,blanket_room,none,none,True,True,False,True
2829,158,session-027,glass_harbor,Puck,net shuttle,nearby-visible,Oren,lamp_pier,lamp_pier,none,none,True,True,False,True
2830,158,session-027,cinder_garden,Wren,calendar stylus,pickup,Vale,ash_path,carried,none,Wren,True,True,True,True
2831,158,session-027,lichen_bridge,Kio,tension peg,nearby-visible,Sol,rope_bridge,rope_bridge,none,none,True,True,True,True
2832,158,session-027,orchid_engine,Cai,gear brush,carry-visible,Bea,carried,carried,Eli,Eli,True,True,False,True
2833,158,session-027,moss_ward,Milo,ledger awl,drop,Fay,carried,root_alcove,Ari,none,True,True,True,True
2834,158,session-027,glass_harbor,Sera,wick clamp,carry-visible,Puck,carried,carried,Sera,Sera,True,True,True,True
2835,158,session-027,cinder_garden,Juno,basket hook,nearby-visible,Wren,shade_tent,shade_tent,none,none,True,True,False,True
2836,158,session-027,lichen_bridge,Luma,ledger punch,carry-visible,Kio,carried,carried,Sol,Sol,True,True,False,True
2837,158,session-027,orchid_engine,Dax,valve key,pickup,Cai,orchid_bay,carried,none,Dax,True,True,True,True
2838,158,session-027,moss_ward,Tala,loom hook,carry-visible,Milo,carried,carried,Tala,Tala,True,True,True,True
2839,158,session-027,glass_harbor,Nia,rope gauge,carry-visible,Sera,carried,carried,Puck,Puck,True,True,False,True
2840,158,session-027,cinder_garden,Pax,shade mallet,drop,Juno,carried,seed_shelf,Wren,none,True,True,True,True
2841,158,session-027,lichen_bridge,Rin,bell file,nearby-visible,Luma,signal_post,signal_post,none,none,True,True,True,True
2842,158,session-027,orchid_engine,Eli,lamp tongs,nearby-visible,Dax,engine_ring,engine_ring,none,none,True,True,False,True
2843,158,session-027,moss_ward,Ari,reed knife,nearby-visible,Tala,blanket_room,blanket_room,none,none,True,True,False,True
2844,159,session-027,cinder_garden,Juno,shade mallet,nearby-visible,Vale,seed_shelf,seed_shelf,none,none,True,True,False,True
2845,159,session-027,lichen_bridge,Luma,bell file,nearby-visible,Sol,signal_post,signal_post,none,none,True,True,False,True
2846,159,session-027,orchid_engine,Dax,lamp tongs,nearby-visible,Bea,engine_ring,engine_ring,none,none,True,True,False,True
2847,159,session-027,moss_ward,Tala,reed knife,pickup,Fay,blanket_room,carried,none,Tala,True,True,True,True
2848,159,session-027,glass_harbor,Nia,net shuttle,nearby-visible,Puck,lamp_pier,lamp_pier,none,none,True,True,True,True
2849,159,session-027,cinder_garden,Pax,calendar stylus,carry-visible,Wren,carried,carried,Wren,Wren,True,True,False,True
2850,159,session-027,lichen_bridge,Rin,tension peg,drop,Kio,rope_bridge,meal_room,none,none,True,True,True,True
2851,159,session-027,orchid_engine,Eli,gear brush,carry-visible,Cai,carried,carried,Eli,Eli,True,True,True,True
2852,159,session-027,moss_ward,Ari,ledger awl,nearby-visible,Milo,root_alcove,root_alcove,none,none,True,True,False,True
2853,159,session-027,glass_harbor,Oren,wick clamp,carry-visible,Sera,carried,carried,Sera,Sera,True,True,False,True
2854,159,session-027,cinder_garden,Vale,basket hook,pickup,Juno,shade_tent,carried,none,Vale,True,True,True,True
2855,159,session-027,lichen_bridge,Sol,ledger punch,carry-visible,Luma,carried,carried,Sol,Sol,True,True,True,True
2856,159,session-027,orchid_engine,Bea,valve key,carry-visible,Dax,carried,carried,Dax,Dax,True,True,False,True
2857,159,session-027,moss_ward,Fay,loom hook,drop,Tala,carried,rain_gate,Tala,none,True,True,True,True
2858,159,session-027,glass_harbor,Puck,rope gauge,carry-visible,Nia,carried,carried,Puck,Puck,True,True,True,True
2859,159,session-027,cinder_garden,Wren,shade mallet,nearby-visible,Pax,seed_shelf,seed_shelf,none,none,True,True,False,True
2860,159,session-027,lichen_bridge,Kio,bell file,nearby-visible,Rin,signal_post,signal_post,none,none,True,True,False,True
2861,159,session-027,orchid_engine,Cai,lamp tongs,pickup,Eli,engine_ring,carried,none,Cai,True,True,True,True
2862,160,session-027,glass_harbor,Oren,rope gauge,carry-visible,Puck,carried,carried,Puck,Puck,True,True,False,True
2863,160,session-027,cinder_garden,Vale,shade mallet,nearby-visible,Wren,seed_shelf,seed_shelf,none,none,True,True,False,True
2864,160,session-027,lichen_bridge,Sol,bell file,pickup,Kio,signal_post,carried,none,Sol,True,True,True,True
2865,160,session-027,orchid_engine,Bea,lamp tongs,carry-visible,Cai,carried,carried,Cai,Cai,True,True,False,True
2866,160,session-027,moss_ward,Fay,reed knife,carry-visible,Milo,carried,carried,Tala,Tala,True,True,False,True
2867,160,session-027,glass_harbor,Puck,net shuttle,drop,Sera,lamp_pier,fog_rail,none,none,True,True,True,True
2868,160,session-027,cinder_garden,Wren,calendar stylus,carry-visible,Juno,carried,carried,Wren,Wren,True,True,True,True
2869,160,session-027,lichen_bridge,Kio,tension peg,nearby-visible,Luma,meal_room,meal_room,none,none,True,True,False,True
2870,160,session-027,orchid_engine,Cai,gear brush,carry-visible,Dax,carried,carried,Eli,Eli,True,True,False,True
2871,160,session-027,moss_ward,Milo,ledger awl,pickup,Tala,root_alcove,carried,none,Milo,True,True,True,True
2872,160,session-027,glass_harbor,Sera,wick clamp,carry-visible,Nia,carried,carried,Sera,Sera,True,True,True,True
2873,160,session-027,cinder_garden,Juno,basket hook,carry-visible,Pax,carried,carried,Vale,Vale,True,True,False,True
2874,160,session-027,lichen_bridge,Luma,ledger punch,drop,Rin,carried,rope_bridge,Sol,none,True,True,True,True
2875,160,session-027,orchid_engine,Dax,valve key,carry-visible,Eli,carried,carried,Dax,Dax,True,True,True,True
2876,160,session-027,moss_ward,Tala,loom hook,nearby-visible,Ari,rain_gate,rain_gate,none,none,True,True,False,True
2877,160,session-027,glass_harbor,Nia,rope gauge,carry-visible,Oren,carried,carried,Puck,Puck,True,True,False,True
2878,160,session-027,cinder_garden,Pax,shade mallet,pickup,Vale,seed_shelf,carried,none,Pax,True,True,True,True
2879,160,session-027,lichen_bridge,Rin,bell file,carry-visible,Sol,carried,carried,Sol,Sol,True,True,False,True
2880,161,session-027,moss_ward,Milo,loom hook,nearby-visible,Milo,rain_gate,rain_gate,none,none,True,True,False,True
2881,161,session-027,glass_harbor,Sera,rope gauge,pickup,Sera,carried,carried,Puck,Sera,True,True,True,True
2882,161,session-027,cinder_garden,Juno,shade mallet,carry-visible,Juno,carried,carried,Pax,Pax,True,True,False,True
2883,161,session-027,lichen_bridge,Luma,bell file,carry-visible,Luma,carried,carried,Sol,Sol,True,True,False,True
2884,161,session-027,orchid_engine,Dax,lamp tongs,drop,Dax,carried,orchid_bay,Cai,none,True,True,True,True
2885,161,session-027,moss_ward,Tala,reed knife,carry-visible,Tala,carried,carried,Tala,Tala,True,True,True,True
2886,161,session-027,glass_harbor,Nia,net shuttle,nearby-visible,Nia,fog_rail,fog_rail,none,none,True,True,False,True
2887,161,session-027,cinder_garden,Pax,calendar stylus,carry-visible,Pax,carried,carried,Wren,Wren,True,True,False,True
2888,161,session-027,lichen_bridge,Rin,tension peg,pickup,Rin,meal_room,carried,none,Rin,True,True,True,True
2889,161,session-027,orchid_engine,Eli,gear brush,carry-visible,Eli,carried,carried,Eli,Eli,True,True,True,True
2890,161,session-027,moss_ward,Ari,ledger awl,carry-visible,Ari,carried,carried,Milo,Milo,True,True,False,True
2891,161,session-027,glass_harbor,Oren,wick clamp,drop,Oren,carried,lamp_pier,Sera,none,True,True,True,True
2892,161,session-027,cinder_garden,Vale,basket hook,carry-visible,Vale,carried,carried,Vale,Vale,True,True,True,True
2893,161,session-027,lichen_bridge,Sol,ledger punch,nearby-visible,Sol,rope_bridge,rope_bridge,none,none,True,True,False,True
2894,161,session-027,orchid_engine,Bea,valve key,carry-visible,Bea,carried,carried,Dax,Dax,True,True,False,True
2895,161,session-027,moss_ward,Fay,loom hook,pickup,Fay,rain_gate,carried,none,Fay,True,True,True,True
2896,161,session-027,glass_harbor,Puck,rope gauge,carry-visible,Puck,carried,carried,Sera,Sera,True,True,False,True
2897,161,session-027,cinder_garden,Wren,shade mallet,carry-visible,Wren,carried,carried,Pax,Pax,True,True,False,True
2898,162,session-027,orchid_engine,Eli,valve key,pickup,Dax,carried,carried,Dax,Eli,True,True,True,True
2899,162,session-027,moss_ward,Ari,loom hook,carry-visible,Tala,carried,carried,Fay,Fay,True,True,False,True
2900,162,session-027,glass_harbor,Oren,rope gauge,carry-visible,Nia,carried,carried,Sera,Sera,True,True,False,True
2901,162,session-027,cinder_garden,Vale,shade mallet,drop,Pax,carried,shade_tent,Pax,none,True,True,True,True
2902,162,session-027,lichen_bridge,Sol,bell file,carry-visible,Rin,carried,carried,Sol,Sol,True,True,True,True
2903,162,session-027,orchid_engine,Bea,lamp tongs,nearby-visible,Eli,orchid_bay,orchid_bay,none,none,True,True,False,True
2904,162,session-027,moss_ward,Fay,reed knife,carry-visible,Ari,carried,carried,Tala,Tala,True,True,False,True
2905,162,session-027,glass_harbor,Puck,net shuttle,pickup,Oren,fog_rail,carried,none,Puck,True,True,True,True
2906,162,session-027,cinder_garden,Wren,calendar stylus,carry-visible,Vale,carried,carried,Wren,Wren,True,True,True,True
2907,162,session-027,lichen_bridge,Kio,tension peg,carry-visible,Sol,carried,carried,Rin,Rin,True,True,False,True
2908,162,session-027,orchid_engine,Cai,gear brush,drop,Bea,carried,engine_ring,Eli,none,True,True,True,True
2909,162,session-027,moss_ward,Milo,ledger awl,carry-visible,Fay,carried,carried,Milo,Milo,True,True,True,True
2910,162,session-027,glass_harbor,Sera,wick clamp,nearby-visible,Puck,lamp_pier,lamp_pier,none,none,True,True,False,True
2911,162,session-027,cinder_garden,Juno,basket hook,carry-visible,Wren,carried,carried,Vale,Vale,True,True,False,True
2912,162,session-027,lichen_bridge,Luma,ledger punch,pickup,Kio,rope_bridge,carried,none,Luma,True,True,True,True
2913,162,session-027,orchid_engine,Dax,valve key,carry-visible,Cai,carried,carried,Eli,Eli,True,True,False,True
2914,162,session-027,moss_ward,Tala,loom hook,carry-visible,Milo,carried,carried,Fay,Fay,True,True,False,True
2915,162,session-027,glass_harbor,Nia,rope gauge,drop,Sera,carried,net_room,Sera,none,True,True,True,True
2916,163,session-028,lichen_bridge,Kio,ledger punch,carry-visible,Rin,carried,carried,Luma,Luma,True,True,False,True
2917,163,session-028,orchid_engine,Cai,valve key,carry-visible,Eli,carried,carried,Eli,Eli,True,True,False,True
2918,163,session-028,moss_ward,Milo,loom hook,drop,Ari,carried,root_alcove,Fay,none,True,True,True,True
2919,163,session-028,glass_harbor,Sera,rope gauge,nearby-visible,Oren,net_room,net_room,none,none,True,True,False,True
2920,163,session-028,cinder_garden,Juno,shade mallet,nearby-visible,Vale,shade_tent,shade_tent,none,none,True,True,False,True
2921,163,session-028,lichen_bridge,Luma,bell file,carry-visible,Sol,carried,carried,Sol,Sol,True,True,False,True
2922,163,session-028,orchid_engine,Dax,lamp tongs,pickup,Bea,orchid_bay,carried,none,Dax,True,True,True,True
2923,163,session-028,moss_ward,Tala,reed knife,carry-visible,Fay,carried,carried,Tala,Tala,True,True,True,True
2924,163,session-028,glass_harbor,Nia,net shuttle,carry-visible,Puck,carried,carried,Puck,Puck,True,True,False,True
2925,163,session-028,cinder_garden,Pax,calendar stylus,drop,Wren,carried,seed_shelf,Wren,none,True,True,True,True
2926,163,session-028,lichen_bridge,Rin,tension peg,carry-visible,Kio,carried,carried,Rin,Rin,True,True,True,True
2927,163,session-028,orchid_engine,Eli,gear brush,nearby-visible,Cai,engine_ring,engine_ring,none,none,True,True,False,True
2928,163,session-028,moss_ward,Ari,ledger awl,carry-visible,Milo,carried,carried,Milo,Milo,True,True,False,True
2929,163,session-028,glass_harbor,Oren,wick clamp,pickup,Sera,lamp_pier,carried,none,Oren,True,True,True,True
2930,163,session-028,cinder_garden,Vale,basket hook,carry-visible,Juno,carried,carried,Vale,Vale,True,True,True,True
2931,163,session-028,lichen_bridge,Sol,ledger punch,carry-visible,Luma,carried,carried,Luma,Luma,True,True,False,True
2932,163,session-028,orchid_engine,Bea,valve key,drop,Dax,carried,gear_wash,Eli,none,True,True,True,True
2933,163,session-028,moss_ward,Fay,loom hook,nearby-visible,Tala,root_alcove,root_alcove,none,none,True,True,True,True
2934,164,session-028,cinder_garden,Pax,basket hook,carry-visible,Vale,carried,carried,Vale,Vale,True,True,False,True
2935,164,session-028,lichen_bridge,Rin,ledger punch,drop,Sol,carried,meal_room,Luma,none,True,True,True,True
2936,164,session-028,orchid_engine,Eli,valve key,nearby-visible,Bea,gear_wash,gear_wash,none,none,True,True,False,True
2937,164,session-028,moss_ward,Ari,loom hook,nearby-visible,Fay,root_alcove,root_alcove,none,none,True,True,False,True
2938,164,session-028,glass_harbor,Oren,rope gauge,nearby-visible,Puck,net_room,net_room,none,none,True,True,False,True
2939,164,session-028,cinder_garden,Vale,shade mallet,pickup,Wren,shade_tent,carried,none,Vale,True,True,True,True
2940,164,session-028,lichen_bridge,Sol,bell file,carry-visible,Kio,carried,carried,Sol,Sol,True,True,True,True
2941,164,session-028,orchid_engine,Bea,lamp tongs,carry-visible,Cai,carried,carried,Dax,Dax,True,True,False,True
2942,164,session-028,moss_ward,Fay,reed knife,drop,Milo,carried,rain_gate,Tala,none,True,True,True,True
2943,164,session-028,glass_harbor,Puck,net shuttle,carry-visible,Sera,carried,carried,Puck,Puck,True,True,True,True
2944,164,session-028,cinder_garden,Wren,calendar stylus,nearby-visible,Juno,seed_shelf,seed_shelf,none,none,True,True,False,True
2945,164,session-028,lichen_bridge,Kio,tension peg,carry-visible,Luma,carried,carried,Rin,Rin,True,True,False,True
2946,164,session-028,orchid_engine,Cai,gear brush,pickup,Dax,engine_ring,carried,none,Cai,True,True,True,True
2947,164,session-028,moss_ward,Milo,ledger awl,carry-visible,Tala,carried,carried,Milo,Milo,True,True,True,True
2948,164,session-028,glass_harbor,Sera,wick clamp,carry-visible,Nia,carried,carried,Oren,Oren,True,True,False,True
2949,164,session-028,cinder_garden,Juno,basket hook,drop,Pax,carried,ash_path,Vale,none,True,True,True,True
2950,164,session-028,lichen_bridge,Luma,ledger punch,nearby-visible,Rin,meal_room,meal_room,none,none,True,True,True,True
2951,164,session-028,orchid_engine,Dax,valve key,nearby-visible,Eli,gear_wash,gear_wash,none,none,True,True,False,True
2952,165,session-028,glass_harbor,Puck,wick clamp,drop,Puck,carried,fog_rail,Oren,none,True,True,True,True
2953,165,session-028,cinder_garden,Wren,basket hook,nearby-visible,Wren,ash_path,ash_path,none,none,True,True,False,True
2954,165,session-028,lichen_bridge,Kio,ledger punch,nearby-visible,Kio,meal_room,meal_room,none,none,True,True,False,True
2955,165,session-028,orchid_engine,Cai,valve key,nearby-visible,Cai,gear_wash,gear_wash,none,none,True,True,False,True
2956,165,session-028,moss_ward,Milo,loom hook,pickup,Milo,root_alcove,carried,none,Milo,True,True,True,True
2957,165,session-028,glass_harbor,Sera,rope gauge,nearby-visible,Sera,net_room,net_room,none,none,True,True,True,True
2958,165,session-028,cinder_garden,Juno,shade mallet,carry-visible,Juno,carried,carried,Vale,Vale,True,True,False,True
2959,165,session-028,lichen_bridge,Luma,bell file,drop,Luma,carried,rope_bridge,Sol,none,True,True,True,True
2960,165,session-028,orchid_engine,Dax,lamp tongs,carry-visible,Dax,carried,carried,Dax,Dax,True,True,True,True
2961,165,session-028,moss_ward,Tala,reed knife,nearby-visible,Tala,rain_gate,rain_gate,none,none,True,True,False,True
2962,165,session-028,glass_harbor,Nia,net shuttle,carry-visible,Nia,carried,carried,Puck,Puck,True,True,False,True
2963,165,session-028,cinder_garden,Pax,calendar stylus,pickup,Pax,seed_shelf,carried,none,Pax,True,True,True,True
2964,165,session-028,lichen_bridge,Rin,tension peg,carry-visible,Rin,carried,carried,Rin,Rin,True,True,True,True
2965,165,session-028,orchid_engine,Eli,gear brush,carry-visible,Eli,carried,carried,Cai,Cai,True,True,False,True
2966,165,session-028,moss_ward,Ari,ledger awl,drop,Ari,carried,blanket_room,Milo,none,True,True,True,True
2967,165,session-028,glass_harbor,Oren,wick clamp,nearby-visible,Oren,fog_rail,fog_rail,none,none,True,True,True,True
2968,165,session-028,cinder_garden,Vale,basket hook,nearby-visible,Vale,ash_path,ash_path,none,none,True,True,False,True
2969,165,session-028,lichen_bridge,Sol,ledger punch,nearby-visible,Sol,meal_room,meal_room,none,none,True,True,False,True
2970,166,session-028,moss_ward,Tala,ledger awl,nearby-visible,Milo,blanket_room,blanket_room,none,none,True,True,False,True
2971,166,session-028,glass_harbor,Nia,wick clamp,nearby-visible,Sera,fog_rail,fog_rail,none,none,True,True,False,True
2972,166,session-028,cinder_garden,Pax,basket hook,nearby-visible,Juno,ash_path,ash_path,none,none,True,True,False,True
2973,166,session-028,lichen_bridge,Rin,ledger punch,pickup,Luma,meal_room,carried,none,Rin,True,True,True,True
2974,166,session-028,orchid_engine,Eli,valve key,nearby-visible,Dax,gear_wash,gear_wash,none,none,True,True,True,True
2975,166,session-028,moss_ward,Ari,loom hook,carry-visible,Tala,carried,carried,Milo,Milo,True,True,False,True
2976,166,session-028,glass_harbor,Oren,rope gauge,drop,Nia,net_room,lamp_pier,none,none,True,True,True,True
2977,166,session-028,cinder_garden,Vale,shade mallet,carry-visible,Pax,carried,carried,Vale,Vale,True,True,True,True
2978,166,session-028,lichen_bridge,Sol,bell file,nearby-visible,Rin,rope_bridge,rope_bridge,none,none,True,True,False,True
2979,166,session-028,orchid_engine,Bea,lamp tongs,carry-visible,Eli,carried,carried,Dax,Dax,True,True,False,True
2980,166,session-028,moss_ward,Fay,reed knife,pickup,Ari,rain_gate,carried,none,Fay,True,True,True,True
2981,166,session-028,glass_harbor,Puck,net shuttle,carry-visible,Oren,carried,carried,Puck,Puck,True,True,True,True
2982,166,session-028,cinder_garden,Wren,calendar stylus,carry-visible,Vale,carried,carried,Pax,Pax,True,True,False,True
2983,166,session-028,lichen_bridge,Kio,tension peg,drop,Sol,carried,signal_post,Rin,none,True,True,True,True
2984,166,session-028,orchid_engine,Cai,gear brush,carry-visible,Bea,carried,carried,Cai,Cai,True,True,True,True
2985,166,session-028,moss_ward,Milo,ledger awl,nearby-visible,Fay,blanket_room,blanket_room,none,none,True,True,False,True
2986,166,session-028,glass_harbor,Sera,wick clamp,nearby-visible,Puck,fog_rail,fog_rail,none,none,True,True,False,True
2987,166,session-028,cinder_garden,Juno,basket hook,pickup,Wren,ash_path,carried,none,Juno,True,True,True,True
2988,167,session-028,orchid_engine,Bea,gear brush,carry-visible,Dax,carried,carried,Cai,Cai,True,True,False,True
2989,167,session-028,moss_ward,Fay,ledger awl,nearby-visible,Tala,blanket_room,blanket_room,none,none,True,True,False,True
2990,167,session-028,glass_harbor,Puck,wick clamp,pickup,Nia,fog_rail,carried,none,Puck,True,True,True,True
2991,167,session-028,cinder_garden,Wren,basket hook,carry-visible,Pax,carried,carried,Juno,Juno,True,True,False,True
2992,167,session-028,lichen_bridge,Kio,ledger punch,carry-visible,Rin,carried,carried,Rin,Rin,True,True,False,True
2993,167,session-028,orchid_engine,Cai,valve key,drop,Eli,gear_wash,engine_ring,none,none,True,True,True,True
2994,167,session-028,moss_ward,Milo,loom hook,carry-visible,Ari,carried,carried,Milo,Milo,True,True,True,True
2995,167,session-028,glass_harbor,Sera,rope gauge,nearby-visible,Oren,lamp_pier,lamp_pier,none,none,True,True,False,True
2996,167,session-028,cinder_garden,Juno,shade mallet,carry-visible,Vale,carried,carried,Vale,Vale,True,True,False,True
2997,167,session-028,lichen_bridge,Luma,bell file,pickup,Sol,rope_bridge,carried,none,Luma,True,True,True,True
2998,167,session-028,orchid_engine,Dax,lamp tongs,carry-visible,Bea,carried,carried,Dax,Dax,True,True,True,True
2999,167,session-028,moss_ward,Tala,reed knife,carry-visible,Fay,carried,carried,Fay,Fay,True,True,False,True
3000,167,session-028,glass_harbor,Nia,net shuttle,drop,Puck,carried,net_room,Puck,none,True,True,True,True
3001,167,session-028,cinder_garden,Pax,calendar stylus,carry-visible,Wren,carried,carried,Pax,Pax,True,True,True,True
3002,167,session-028,lichen_bridge,Rin,tension peg,nearby-visible,Kio,signal_post,signal_post,none,none,True,True,False,True
3003,167,session-028,orchid_engine,Eli,gear brush,carry-visible,Cai,carried,carried,Cai,Cai,True,True,False,True
3004,167,session-028,moss_ward,Ari,ledger awl,pickup,Milo,blanket_room,carried,none,Ari,True,True,True,True
3005,167,session-028,glass_harbor,Oren,wick clamp,carry-visible,Sera,carried,carried,Puck,Puck,True,True,False,True
3006,168,session-028,lichen_bridge,Luma,tension peg,nearby-visible,Rin,signal_post,signal_post,none,none,True,True,False,True
3007,168,session-028,orchid_engine,Dax,gear brush,pickup,Eli,carried,carried,Cai,Dax,True,True,True,True
3008,168,session-028,moss_ward,Tala,ledger awl,carry-visible,Ari,carried,carried,Ari,Ari,True,True,False,True
3009,168,session-028,glass_harbor,Nia,wick clamp,carry-visible,Oren,carried,carried,Puck,Puck,True,True,False,True
3010,168,session-028,cinder_garden,Pax,basket hook,drop,Vale,carried,seed_shelf,Juno,none,True,True,True,True
3011,168,session-028,lichen_bridge,Rin,ledger punch,carry-visible,Sol,carried,carried,Rin,Rin,True,True,True,True
3012,168,session-028,orchid_engine,Eli,valve key,nearby-visible,Bea,engine_ring,engine_ring,none,none,True,True,False,True
3013,168,session-028,moss_ward,Ari,loom hook,carry-visible,Fay,carried,carried,Milo,Milo,True,True,False,True
3014,168,session-028,glass_harbor,Oren,rope gauge,pickup,Puck,lamp_pier,carried,none,Oren,True,True,True,True
3015,168,session-028,cinder_garden,Vale,shade mallet,carry-visible,Wren,carried,carried,Vale,Vale,True,True,True,True
3016,168,session-028,lichen_bridge,Sol,bell file,carry-visible,Kio,carried,carried,Luma,Luma,True,True,False,True
3017,168,session-028,orchid_engine,Bea,lamp tongs,drop,Cai,carried,gear_wash,Dax,none,True,True,True,True
3018,168,session-028,moss_ward,Fay,reed knife,carry-visible,Milo,carried,carried,Fay,Fay,True,True,True,True
3019,168,session-028,glass_harbor,Puck,net shuttle,nearby-visible,Sera,net_room,net_room,none,none,True,True,False,True
3020,168,session-028,cinder_garden,Wren,calendar stylus,carry-visible,Juno,carried,carried,Pax,Pax,True,True,False,True
3021,168,session-028,lichen_bridge,Kio,tension peg,pickup,Luma,signal_post,carried,none,Kio,True,True,True,True
3022,168,session-028,orchid_engine,Cai,gear brush,carry-visible,Dax,carried,carried,Dax,Dax,True,True,False,True
3023,168,session-028,moss_ward,Milo,ledger awl,carry-visible,Tala,carried,carried,Ari,Ari,True,True,False,True
3024,169,session-029,cinder_garden,Vale,calendar stylus,pickup,Vale,carried,carried,Pax,Vale,True,True,True,True
3025,169,session-029,lichen_bridge,Sol,tension peg,carry-visible,Sol,carried,carried,Kio,Kio,True,True,False,True
3026,169,session-029,orchid_engine,Bea,gear brush,carry-visible,Bea,carried,carried,Dax,Dax,True,True,False,True
3027,169,session-029,moss_ward,Fay,ledger awl,drop,Fay,carried,rain_gate,Ari,none,True,True,True,True
3028,169,session-029,glass_harbor,Puck,wick clamp,carry-visible,Puck,carried,carried,Puck,Puck,True,True,True,True
3029,169,session-029,cinder_garden,Wren,basket hook,nearby-visible,Wren,seed_shelf,seed_shelf,none,none,True,True,False,True
3030,169,session-029,lichen_bridge,Kio,ledger punch,carry-visible,Kio,carried,carried,Rin,Rin,True,True,False,True
3031,169,session-029,orchid_engine,Cai,valve key,pickup,Cai,engine_ring,carried,none,Cai,True,True,True,True
3032,169,session-029,moss_ward,Milo,loom hook,carry-visible,Milo,carried,carried,Milo,Milo,True,True,True,True
3033,169,session-029,glass_harbor,Sera,rope gauge,carry-visible,Sera,carried,carried,Oren,Oren,True,True,False,True
3034,169,session-029,cinder_garden,Juno,shade mallet,drop,Juno,carried,ash_path,Vale,none,True,True,True,True
3035,169,session-029,lichen_bridge,Luma,bell file,carry-visible,Luma,carried,carried,Luma,Luma,True,True,True,True
3036,169,session-029,orchid_engine,Dax,lamp tongs,nearby-visible,Dax,gear_wash,gear_wash,none,none,True,True,False,True
3037,169,session-029,moss_ward,Tala,reed knife,carry-visible,Tala,carried,carried,Fay,Fay,True,True,False,True
3038,169,session-029,glass_harbor,Nia,net shuttle,pickup,Nia,net_room,carried,none,Nia,True,True,True,True
3039,169,session-029,cinder_garden,Pax,calendar stylus,carry-visible,Pax,carried,carried,Vale,Vale,True,True,False,True
3040,169,session-029,lichen_bridge,Rin,tension peg,carry-visible,Rin,carried,carried,Kio,Kio,True,True,False,True
3041,169,session-029,orchid_engine,Eli,gear brush,drop,Eli,carried,orchid_bay,Dax,none,True,True,True,True
3042,170,session-029,glass_harbor,Sera,net shuttle,carry-visible,Puck,carried,carried,Nia,Nia,True,True,False,True
3043,170,session-029,cinder_garden,Juno,calendar stylus,carry-visible,Wren,carried,carried,Vale,Vale,True,True,False,True
3044,170,session-029,lichen_bridge,Luma,tension peg,drop,Kio,carried,rope_bridge,Kio,none,True,True,True,True
3045,170,session-029,orchid_engine,Dax,gear brush,nearby-visible,Cai,orchid_bay,orchid_bay,none,none,True,True,False,True
3046,170,session-029,moss_ward,Tala,ledger awl,nearby-visible,Milo,rain_gate,rain_gate,none,none,True,True,False,True
3047,170,session-029,glass_harbor,Nia,wick clamp,carry-visible,Sera,carried,carried,Puck,Puck,True,True,False,True
3048,170,session-029,cinder_garden,Pax,basket hook,pickup,Juno,seed_shelf,carried,none,Pax,True,True,True,True
3049,170,session-029,lichen_bridge,Rin,ledger punch,carry-visible,Luma,carried,carried,Rin,Rin,True,True,True,True
3050,170,session-029,orchid_engine,Eli,valve key,carry-visible,Dax,carried,carried,Cai,Cai,True,True,False,True
3051,170,session-029,moss_ward,Ari,loom hook,drop,Tala,carried,blanket_room,Milo,none,True,True,True,True
3052,170,session-029,glass_harbor,Oren,rope gauge,carry-visible,Nia,carried,carried,Oren,Oren,True,True,True,True
3053,170,session-029,cinder_garden,Vale,shade mallet,nearby-visible,Pax,ash_path,ash_path,none,none,True,True,False,True
3054,170,session-029,lichen_bridge,Sol,bell file,carry-visible,Rin,carried,carried,Luma,Luma,True,True,False,True
3055,170,session-029,orchid_engine,Bea,lamp tongs,pickup,Eli,gear_wash,carried,none,Bea,True,True,True,True
3056,170,session-029,moss_ward,Fay,reed knife,carry-visible,Ari,carried,carried,Fay,Fay,True,True,True,True
3057,170,session-029,glass_harbor,Puck,net shuttle,carry-visible,Oren,carried,carried,Nia,Nia,True,True,False,True
3058,170,session-029,cinder_garden,Wren,calendar stylus,drop,Vale,carried,shade_tent,Vale,none,True,True,True,True
3059,170,session-029,lichen_bridge,Kio,tension peg,nearby-visible,Sol,rope_bridge,rope_bridge,none,none,True,True,True,True
3060,171,session-029,moss_ward,Ari,reed knife,carry-visible,Milo,carried,carried,Fay,Fay,True,True,False,True
3061,171,session-029,glass_harbor,Oren,net shuttle,drop,Sera,carried,lamp_pier,Nia,none,True,True,True,True
3062,171,session-029,cinder_garden,Vale,calendar stylus,nearby-visible,Juno,shade_tent,shade_tent,none,none,True,True,False,True
3063,171,session-029,lichen_bridge,Sol,tension peg,nearby-visible,Luma,rope_bridge,rope_bridge,none,none,True,True,False,True
3064,171,session-029,orchid_engine,Bea,gear brush,nearby-visible,Dax,orchid_bay,orchid_bay,none,none,True,True,False,True
3065,171,session-029,moss_ward,Fay,ledger awl,pickup,Tala,rain_gate,carried,none,Fay,True,True,True,True
3066,171,session-029,glass_harbor,Puck,wick clamp,carry-visible,Nia,carried,carried,Puck,Puck,True,True,True,True
3067,171,session-029,cinder_garden,Wren,basket hook,carry-visible,Pax,carried,carried,Pax,Pax,True,True,False,True
3068,171,session-029,lichen_bridge,Kio,ledger punch,drop,Rin,carried,signal_post,Rin,none,True,True,True,True
3069,171,session-029,orchid_engine,Cai,valve key,carry-visible,Eli,carried,carried,Cai,Cai,True,True,True,True
3070,171,session-029,moss_ward,Milo,loom hook,nearby-visible,Ari,blanket_room,blanket_room,none,none,True,True,False,True
3071,171,session-029,glass_harbor,Sera,rope gauge,carry-visible,Oren,carried,carried,Oren,Oren,True,True,False,True
3072,171,session-029,cinder_garden,Juno,shade mallet,pickup,Vale,ash_path,carried,none,Juno,True,True,True,True
3073,171,session-029,lichen_bridge,Luma,bell file,carry-visible,Sol,carried,carried,Luma,Luma,True,True,True,True
3074,171,session-029,orchid_engine,Dax,lamp tongs,carry-visible,Bea,carried,carried,Bea,Bea,True,True,False,True
3075,171,session-029,moss_ward,Tala,reed knife,drop,Fay,carried,root_alcove,Fay,none,True,True,True,True
3076,171,session-029,glass_harbor,Nia,net shuttle,nearby-visible,Puck,lamp_pier,lamp_pier,none,none,True,True,True,True
3077,171,session-029,cinder_garden,Pax,calendar stylus,nearby-visible,Wren,shade_tent,shade_tent,none,none,True,True,False,True
3078,172,session-029,orchid_engine,Cai,lamp tongs,drop,Dax,carried,engine_ring,Bea,none,True,True,True,True
3079,172,session-029,moss_ward,Milo,reed knife,nearby-visible,Tala,root_alcove,root_alcove,none,none,True,True,False,True
3080,172,session-029,glass_harbor,Sera,net shuttle,nearby-visible,Nia,lamp_pier,lamp_pier,none,none,True,True,False,True
3081,172,session-029,cinder_garden,Juno,calendar stylus,nearby-visible,Pax,shade_tent,shade_tent,none,none,True,True,False,True
3082,172,session-029,lichen_bridge,Luma,tension peg,pickup,Rin,rope_bridge,carried,none,Luma,True,True,True,True
3083,172,session-029,orchid_engine,Dax,gear brush,nearby-visible,Eli,orchid_bay,orchid_bay,none,none,True,True,True,True
3084,172,session-029,moss_ward,Tala,ledger awl,carry-visible,Ari,carried,carried,Fay,Fay,True,True,False,True
3085,172,session-029,glass_harbor,Nia,wick clamp,drop,Oren,carried,net_room,Puck,none,True,True,True,True
3086,172,session-029,cinder_garden,Pax,basket hook,carry-visible,Vale,carried,carried,Pax,Pax,True,True,True,True
3087,172,session-029,lichen_bridge,Rin,ledger punch,nearby-visible,Sol,signal_post,signal_post,none,none,True,True,False,True
3088,172,session-029,orchid_engine,Eli,valve key,carry-visible,Bea,carried,carried,Cai,Cai,True,True,False,True
3089,172,session-029,moss_ward,Ari,loom hook,pickup,Fay,blanket_room,carried,none,Ari,True,True,True,True
3090,172,session-029,glass_harbor,Oren,rope gauge,carry-visible,Puck,carried,carried,Oren,Oren,True,True,True,True
3091,172,session-029,cinder_garden,Vale,shade mallet,carry-visible,Wren,carried,carried,Juno,Juno,True,True,False,True
3092,172,session-029,lichen_bridge,Sol,bell file,drop,Kio,carried,meal_room,Luma,none,True,True,True,True
3093,172,session-029,orchid_engine,Bea,lamp tongs,nearby-visible,Cai,engine_ring,engine_ring,none,none,True,True,True,True
3094,172,session-029,moss_ward,Fay,reed knife,nearby-visible,Milo,root_alcove,root_alcove,none,none,True,True,False,True
3095,172,session-029,glass_harbor,Puck,net shuttle,nearby-visible,Sera,lamp_pier,lamp_pier,none,none,True,True,False,True
3096,173,session-029,lichen_bridge,Rin,bell file,nearby-visible,Rin,meal_room,meal_room,none,none,True,True,False,True
3097,173,session-029,orchid_engine,Eli,lamp tongs,nearby-visible,Eli,engine_ring,engine_ring,none,none,True,True,False,True
3098,173,session-029,moss_ward,Ari,reed knife,nearby-visible,Ari,root_alcove,root_alcove,none,none,True,True,False,True
3099,173,session-029,glass_harbor,Oren,net shuttle,pickup,Oren,lamp_pier,carried,none,Oren,True,True,True,True
3100,173,session-029,cinder_garden,Vale,calendar stylus,nearby-visible,Vale,shade_tent,shade_tent,none,none,True,True,True,True
3101,173,session-029,lichen_bridge,Sol,tension peg,carry-visible,Sol,carried,carried,Luma,Luma,True,True,False,True
3102,173,session-029,orchid_engine,Bea,gear brush,drop,Bea,orchid_bay,gear_wash,none,none,True,True,True,True
3103,173,session-029,moss_ward,Fay,ledger awl,carry-visible,Fay,carried,carried,Fay,Fay,True,True,True,True
3104,173,session-029,glass_harbor,Puck,wick clamp,nearby-visible,Puck,net_room,net_room,none,none,True,True,False,True
3105,173,session-029,cinder_garden,Wren,basket hook,carry-visible,Wren,carried,carried,Pax,Pax,True,True,False,True
3106,173,session-029,lichen_bridge,Kio,ledger punch,pickup,Kio,signal_post,carried,none,Kio,True,True,True,True
3107,173,session-029,orchid_engine,Cai,valve key,carry-visible,Cai,carried,carried,Cai,Cai,True,True,True,True
3108,173,session-029,moss_ward,Milo,loom hook,carry-visible,Milo,carried,carried,Ari,Ari,True,True,False,True
3109,173,session-029,glass_harbor,Sera,rope gauge,drop,Sera,carried,fog_rail,Oren,none,True,True,True,True
3110,173,session-029,cinder_garden,Juno,shade mallet,carry-visible,Juno,carried,carried,Juno,Juno,True,True,True,True
3111,173,session-029,lichen_bridge,Luma,bell file,nearby-visible,Luma,meal_room,meal_room,none,none,True,True,False,True
3112,173,session-029,orchid_engine,Dax,lamp tongs,nearby-visible,Dax,engine_ring,engine_ring,none,none,True,True,False,True
3113,173,session-029,moss_ward,Tala,reed knife,pickup,Tala,root_alcove,carried,none,Tala,True,True,True,True
3114,174,session-029,cinder_garden,Wren,shade mallet,carry-visible,Vale,carried,carried,Juno,Juno,True,True,False,True
3115,174,session-029,lichen_bridge,Kio,bell file,nearby-visible,Sol,meal_room,meal_room,none,none,True,True,False,True
3116,174,session-029,orchid_engine,Cai,lamp tongs,pickup,Bea,engine_ring,carried,none,Cai,True,True,True,True
3117,174,session-029,moss_ward,Milo,reed knife,carry-visible,Fay,carried,carried,Tala,Tala,True,True,False,True
3118,174,session-029,glass_harbor,Sera,net shuttle,carry-visible,Puck,carried,carried,Oren,Oren,True,True,False,True
3119,174,session-029,cinder_garden,Juno,calendar stylus,drop,Wren,shade_tent,ash_path,none,none,True,True,True,True
3120,174,session-029,lichen_bridge,Luma,tension peg,carry-visible,Kio,carried,carried,Luma,Luma,True,True,True,True
3121,174,session-029,orchid_engine,Dax,gear brush,nearby-visible,Cai,gear_wash,gear_wash,none,none,True,True,False,True
3122,174,session-029,moss_ward,Tala,ledger awl,carry-visible,Milo,carried,carried,Fay,Fay,True,True,False,True
3123,174,session-029,glass_harbor,Nia,wick clamp,pickup,Sera,net_room,carried,none,Nia,True,True,True,True
3124,174,session-029,cinder_garden,Pax,basket hook,carry-visible,Juno,carried,carried,Pax,Pax,True,True,True,True
3125,174,session-029,lichen_bridge,Rin,ledger punch,carry-visible,Luma,carried,carried,Kio,Kio,True,True,False,True
3126,174,session-029,orchid_engine,Eli,valve key,drop,Dax,carried,orchid_bay,Cai,none,True,True,True,True
3127,174,session-029,moss_ward,Ari,loom hook,carry-visible,Tala,carried,carried,Ari,Ari,True,True,True,True
3128,174,session-029,glass_harbor,Oren,rope gauge,nearby-visible,Nia,fog_rail,fog_rail,none,none,True,True,False,True
3129,174,session-029,cinder_garden,Vale,shade mallet,carry-visible,Pax,carried,carried,Juno,Juno,True,True,False,True
3130,174,session-029,lichen_bridge,Sol,bell file,pickup,Rin,meal_room,carried,none,Sol,True,True,True,True
3131,174,session-029,orchid_engine,Bea,lamp tongs,carry-visible,Eli,carried,carried,Cai,Cai,True,True,False,True
3132,175,session-030,glass_harbor,Nia,rope gauge,nearby-visible,Puck,fog_rail,fog_rail,none,none,True,True,False,True
3133,175,session-030,cinder_garden,Pax,shade mallet,pickup,Wren,carried,carried,Juno,Pax,True,True,True,True
3134,175,session-030,lichen_bridge,Rin,bell file,carry-visible,Kio,carried,carried,Sol,Sol,True,True,False,True
3135,175,session-030,orchid_engine,Eli,lamp tongs,carry-visible,Cai,carried,carried,Cai,Cai,True,True,False,True
3136,175,session-030,moss_ward,Ari,reed knife,drop,Milo,carried,blanket_room,Tala,none,True,True,True,True
3137,175,session-030,glass_harbor,Oren,net shuttle,carry-visible,Sera,carried,carried,Oren,Oren,True,True,True,True
3138,175,session-030,cinder_garden,Vale,calendar stylus,nearby-visible,Juno,ash_path,ash_path,none,none,True,True,False,True
3139,175,session-030,lichen_bridge,Sol,tension peg,carry-visible,Luma,carried,carried,Luma,Luma,True,True,False,True
3140,175,session-030,orchid_engine,Bea,gear brush,pickup,Dax,gear_wash,carried,none,Bea,True,True,True,True
3141,175,session-030,moss_ward,Fay,ledger awl,carry-visible,Tala,carried,carried,Fay,Fay,True,True,True,True
3142,175,session-030,glass_harbor,Puck,wick clamp,carry-visible,Nia,carried,carried,Nia,Nia,True,True,False,True
3143,175,session-030,cinder_garden,Wren,basket hook,drop,Pax,carried,shade_tent,Pax,none,True,True,True,True
3144,175,session-030,lichen_bridge,Kio,ledger punch,carry-visible,Rin,carried,carried,Kio,Kio,True,True,True,True
3145,175,session-030,orchid_engine,Cai,valve key,nearby-visible,Eli,orchid_bay,orchid_bay,none,none,True,True,False,True
3146,175,session-030,moss_ward,Milo,loom hook,carry-visible,Ari,carried,carried,Ari,Ari,True,True,False,True
3147,175,session-030,glass_harbor,Sera,rope gauge,pickup,Oren,fog_rail,carried,none,Sera,True,True,True,True
3148,175,session-030,cinder_garden,Juno,shade mallet,carry-visible,Vale,carried,carried,Pax,Pax,True,True,False,True
3149,175,session-030,lichen_bridge,Luma,bell file,carry-visible,Sol,carried,carried,Sol,Sol,True,True,False,True
3150,176,session-030,moss_ward,Fay,loom hook,pickup,Milo,carried,carried,Ari,Fay,True,True,True,True
3151,176,session-030,glass_harbor,Puck,rope gauge,carry-visible,Sera,carried,carried,Sera,Sera,True,True,False,True
3152,176,session-030,cinder_garden,Wren,shade mallet,carry-visible,Juno,carried,carried,Pax,Pax,True,True,False,True
3153,176,session-030,lichen_bridge,Kio,bell file,drop,Luma,carried,signal_post,Sol,none,True,True,True,True
3154,176,session-030,orchid_engine,Cai,lamp tongs,carry-visible,Dax,carried,carried,Cai,Cai,True,True,True,True
3155,176,session-030,moss_ward,Milo,reed knife,nearby-visible,Tala,blanket_room,blanket_room,none,none,True,True,False,True
3156,176,session-030,glass_harbor,Sera,net shuttle,carry-visible,Nia,carried,carried,Oren,Oren,True,True,False,True
3157,176,session-030,cinder_garden,Juno,calendar stylus,pickup,Pax,ash_path,carried,none,Juno,True,True,True,True
3158,176,session-030,lichen_bridge,Luma,tension peg,carry-visible,Rin,carried,carried,Luma,Luma,True,True,True,True
3159,176,session-030,orchid_engine,Dax,gear brush,carry-visible,Eli,carried,carried,Bea,Bea,True,True,False,True
3160,176,session-030,moss_ward,Tala,ledger awl,drop,Ari,carried,root_alcove,Fay,none,True,True,True,True
3161,176,session-030,glass_harbor,Nia,wick clamp,carry-visible,Oren,carried,carried,Nia,Nia,True,True,True,True
3162,176,session-030,cinder_garden,Pax,basket hook,nearby-visible,Vale,shade_tent,shade_tent,none,none,True,True,False,True
3163,176,session-030,lichen_bridge,Rin,ledger punch,carry-visible,Sol,carried,carried,Kio,Kio,True,True,False,True
3164,176,session-030,orchid_engine,Eli,valve key,pickup,Bea,orchid_bay,carried,none,Eli,True,True,True,True
3165,176,session-030,moss_ward,Ari,loom hook,carry-visible,Fay,carried,carried,Fay,Fay,True,True,False,True
3166,176,session-030,glass_harbor,Oren,rope gauge,carry-visible,Puck,carried,carried,Sera,Sera,True,True,False,True
3167,176,session-030,cinder_garden,Vale,shade mallet,drop,Wren,carried,seed_shelf,Pax,none,True,True,True,True
3168,177,session-030,orchid_engine,Dax,valve key,carry-visible,Dax,carried,carried,Eli,Eli,True,True,False,True
3169,177,session-030,moss_ward,Tala,loom hook,carry-visible,Tala,carried,carried,Fay,Fay,True,True,False,True
3170,177,session-030,glass_harbor,Nia,rope gauge,drop,Nia,carried,net_room,Sera,none,True,True,True,True
3171,177,session-030,cinder_garden,Pax,shade mallet,nearby-visible,Pax,seed_shelf,seed_shelf,none,none,True,True,False,True
3172,177,session-030,lichen_bridge,Rin,bell file,nearby-visible,Rin,signal_post,signal_post,none,none,True,True,False,True
3173,177,session-030,orchid_engine,Eli,lamp tongs,carry-visible,Eli,carried,carried,Cai,Cai,True,True,False,True
3174,177,session-030,moss_ward,Ari,reed knife,pickup,Ari,blanket_room,carried,none,Ari,True,True,True,True
3175,177,session-030,glass_harbor,Oren,net shuttle,carry-visible,Oren,carried,carried,Oren,Oren,True,True,True,True
3176,177,session-030,cinder_garden,Vale,calendar stylus,carry-visible,Vale,carried,carried,Juno,Juno,True,True,False,True
3177,177,session-030,lichen_bridge,Sol,tension peg,drop,Sol,carried,meal_room,Luma,none,True,True,True,True
3178,177,session-030,orchid_engine,Bea,gear brush,carry-visible,Bea,carried,carried,Bea,Bea,True,True,True,True
3179,177,session-030,moss_ward,Fay,ledger awl,nearby-visible,Fay,root_alcove,root_alcove,none,none,True,True,False,True
3180,177,session-030,glass_harbor,Puck,wick clamp,carry-visible,Puck,carried,carried,Nia,Nia,True,True,False,True
3181,177,session-030,cinder_garden,Wren,basket hook,pickup,Wren,shade_tent,carried,none,Wren,True,True,True,True
3182,177,session-030,lichen_bridge,Kio,ledger punch,carry-visible,Kio,carried,carried,Kio,Kio,True,True,True,True
3183,177,session-030,orchid_engine,Cai,valve key,carry-visible,Cai,carried,carried,Eli,Eli,True,True,False,True
3184,177,session-030,moss_ward,Milo,loom hook,drop,Milo,carried,rain_gate,Fay,none,True,True,True,True
3185,177,session-030,glass_harbor,Sera,rope gauge,nearby-visible,Sera,net_room,net_room,none,none,True,True,True,True
3186,178,session-030,lichen_bridge,Sol,ledger punch,carry-visible,Rin,carried,carried,Kio,Kio,True,True,False,True
3187,178,session-030,orchid_engine,Bea,valve key,drop,Eli,carried,gear_wash,Eli,none,True,True,True,True
3188,178,session-030,moss_ward,Fay,loom hook,nearby-visible,Ari,rain_gate,rain_gate,none,none,True,True,False,True
3189,178,session-030,glass_harbor,Puck,rope gauge,nearby-visible,Oren,net_room,net_room,none,none,True,True,False,True
3190,178,session-030,cinder_garden,Wren,shade mallet,nearby-visible,Vale,seed_shelf,seed_shelf,none,none,True,True,False,True
3191,178,session-030,lichen_bridge,Kio,bell file,pickup,Sol,signal_post,carried,none,Kio,True,True,True,True
3192,178,session-030,orchid_engine,Cai,lamp tongs,carry-visible,Bea,carried,carried,Cai,Cai,True,True,True,True
3193,178,session-030,moss_ward,Milo,reed knife,carry-visible,Fay,carried,carried,Ari,Ari,True,True,False,True
3194,178,session-030,glass_harbor,Sera,net shuttle,drop,Puck,carried,fog_rail,Oren,none,True,True,True,True
3195,178,session-030,cinder_garden,Juno,calendar stylus,carry-visible,Wren,carried,carried,Juno,Juno,True,True,True,True
3196,178,session-030,lichen_bridge,Luma,tension peg,nearby-visible,Kio,meal_room,meal_room,none,none,True,True,False,True
3197,178,session-030,orchid_engine,Dax,gear brush,carry-visible,Cai,carried,carried,Bea,Bea,True,True,False,True
3198,178,session-030,moss_ward,Tala,ledger awl,pickup,Milo,root_alcove,carried,none,Tala,True,True,True,True
3199,178,session-030,glass_harbor,Nia,wick clamp,carry-visible,Sera,carried,carried,Nia,Nia,True,True,True,True
3200,178,session-030,cinder_garden,Pax,basket hook,carry-visible,Juno,carried,carried,Wren,Wren,True,True,False,True
3201,178,session-030,lichen_bridge,Rin,ledger punch,drop,Luma,carried,rope_bridge,Kio,none,True,True,True,True
3202,178,session-030,orchid_engine,Eli,valve key,nearby-visible,Dax,gear_wash,gear_wash,none,none,True,True,True,True
3203,178,session-030,moss_ward,Ari,loom hook,nearby-visible,Tala,rain_gate,rain_gate,none,none,True,True,False,True
3204,179,session-030,cinder_garden,Juno,basket hook,drop,Vale,carried,ash_path,Wren,none,True,True,True,True
3205,179,session-030,lichen_bridge,Luma,ledger punch,nearby-visible,Sol,rope_bridge,rope_bridge,none,none,True,True,False,True
3206,179,session-030,orchid_engine,Dax,valve key,nearby-visible,Bea,gear_wash,gear_wash,none,none,True,True,False,True
3207,179,session-030,moss_ward,Tala,loom hook,nearby-visible,Fay,rain_gate,rain_gate,none,none,True,True,False,True
3208,179,session-030,glass_harbor,Nia,rope gauge,pickup,Puck,net_room,carried,none,Nia,True,True,True,True
3209,179,session-030,cinder_garden,Pax,shade mallet,nearby-visible,Wren,seed_shelf,seed_shelf,none,none,True,True,True,True
3210,179,session-030,lichen_bridge,Rin,bell file,carry-visible,Kio,carried,carried,Kio,Kio,True,True,False,True
3211,179,session-030,orchid_engine,Eli,lamp tongs,drop,Cai,carried,orchid_bay,Cai,none,True,True,True,True
3212,179,session-030,moss_ward,Ari,reed knife,carry-visible,Milo,carried,carried,Ari,Ari,True,True,True,True
3213,179,session-030,glass_harbor,Oren,net shuttle,nearby-visible,Sera,fog_rail,fog_rail,none,none,True,True,False,True
3214,179,session-030,cinder_garden,Vale,calendar stylus,carry-visible,Juno,carried,carried,Juno,Juno,True,True,False,True
3215,179,session-030,lichen_bridge,Sol,tension peg,pickup,Luma,meal_room,carried,none,Sol,True,True,True,True
3216,179,session-030,orchid_engine,Bea,gear brush,carry-visible,Dax,carried,carried,Bea,Bea,True,True,True,True
3217,179,session-030,moss_ward,Fay,ledger awl,carry-visible,Tala,carried,carried,Tala,Tala,True,True,False,True
3218,179,session-030,glass_harbor,Puck,wick clamp,drop,Nia,carried,lamp_pier,Nia,none,True,True,True,True
3219,179,session-030,cinder_garden,Wren,basket hook,nearby-visible,Pax,ash_path,ash_path,none,none,True,True,True,True
3220,179,session-030,lichen_bridge,Kio,ledger punch,nearby-visible,Rin,rope_bridge,rope_bridge,none,none,True,True,False,True
3221,179,session-030,orchid_engine,Cai,valve key,nearby-visible,Eli,gear_wash,gear_wash,none,none,True,True,False,True
3222,180,session-030,glass_harbor,Oren,wick clamp,nearby-visible,Puck,lamp_pier,lamp_pier,none,none,True,True,False,True
3223,180,session-030,cinder_garden,Vale,basket hook,nearby-visible,Wren,ash_path,ash_path,none,none,True,True,False,True
3224,180,session-030,lichen_bridge,Sol,ledger punch,nearby-visible,Kio,rope_bridge,rope_bridge,none,none,True,True,False,True
3225,180,session-030,orchid_engine,Bea,valve key,pickup,Cai,gear_wash,carried,none,Bea,True,True,True,True
3226,180,session-030,moss_ward,Fay,loom hook,nearby-visible,Milo,rain_gate,rain_gate,none,none,True,True,True,True
3227,180,session-030,glass_harbor,Puck,rope gauge,carry-visible,Sera,carried,carried,Nia,Nia,True,True,False,True
3228,180,session-030,cinder_garden,Wren,shade mallet,drop,Juno,seed_shelf,shade_tent,none,none,True,True,True,True
3229,180,session-030,lichen_bridge,Kio,bell file,carry-visible,Luma,carried,carried,Kio,Kio,True,True,True,True
3230,180,session-030,orchid_engine,Cai,lamp tongs,nearby-visible,Dax,orchid_bay,orchid_bay,none,none,True,True,False,True
3231,180,session-030,moss_ward,Milo,reed knife,carry-visible,Tala,carried,carried,Ari,Ari,True,True,False,True
3232,180,session-030,glass_harbor,Sera,net shuttle,pickup,Nia,fog_rail,carried,none,Sera,True,True,True,True
3233,180,session-030,cinder_garden,Juno,calendar stylus,carry-visible,Pax,carried,carried,Juno,Juno,True,True,True,True
3234,180,session-030,lichen_bridge,Luma,tension peg,carry-visible,Rin,carried,carried,Sol,Sol,True,True,False,True
3235,180,session-030,orchid_engine,Dax,gear brush,drop,Eli,carried,engine_ring,Bea,none,True,True,True,True
3236,180,session-030,moss_ward,Tala,ledger awl,carry-visible,Ari,carried,carried,Tala,Tala,True,True,True,True
3237,180,session-030,glass_harbor,Nia,wick clamp,nearby-visible,Oren,lamp_pier,lamp_pier,none,none,True,True,False,True
3238,180,session-030,cinder_garden,Pax,basket hook,nearby-visible,Vale,ash_path,ash_path,none,none,True,True,False,True
3239,180,session-030,lichen_bridge,Rin,ledger punch,pickup,Sol,rope_bridge,carried,none,Rin,True,True,True,True
3240,181,session-031,moss_ward,Milo,ledger awl,carry-visible,Milo,carried,carried,Tala,Tala,True,True,False,True
3241,181,session-031,glass_harbor,Sera,wick clamp,nearby-visible,Sera,lamp_pier,lamp_pier,none,none,True,True,False,True
3242,181,session-031,cinder_garden,Juno,basket hook,pickup,Juno,ash_path,carried,none,Juno,True,True,True,True
3243,181,session-031,lichen_bridge,Luma,ledger punch,carry-visible,Luma,carried,carried,Rin,Rin,True,True,False,True
3244,181,session-031,orchid_engine,Dax,valve key,carry-visible,Dax,carried,carried,Bea,Bea,True,True,False,True
3245,181,session-031,moss_ward,Tala,loom hook,drop,Tala,rain_gate,root_alcove,none,none,True,True,True,True
3246,181,session-031,glass_harbor,Nia,rope gauge,carry-visible,Nia,carried,carried,Nia,Nia,True,True,True,True
3247,181,session-031,cinder_garden,Pax,shade mallet,nearby-visible,Pax,shade_tent,shade_tent,none,none,True,True,False,True
3248,181,session-031,lichen_bridge,Rin,bell file,carry-visible,Rin,carried,carried,Kio,Kio,True,True,False,True
3249,181,session-031,orchid_engine,Eli,lamp tongs,pickup,Eli,orchid_bay,carried,none,Eli,True,True,True,True
3250,181,session-031,moss_ward,Ari,reed knife,carry-visible,Ari,carried,carried,Ari,Ari,True,True,True,True
3251,181,session-031,glass_harbor,Oren,net shuttle,carry-visible,Oren,carried,carried,Sera,Sera,True,True,False,True
3252,181,session-031,cinder_garden,Vale,calendar stylus,drop,Vale,carried,seed_shelf,Juno,none,True,True,True,True
3253,181,session-031,lichen_bridge,Sol,tension peg,carry-visible,Sol,carried,carried,Sol,Sol,True,True,True,True
3254,181,session-031,orchid_engine,Bea,gear brush,nearby-visible,Bea,engine_ring,engine_ring,none,none,True,True,False,True
3255,181,session-031,moss_ward,Fay,ledger awl,carry-visible,Fay,carried,carried,Tala,Tala,True,True,False,True
3256,181,session-031,glass_harbor,Puck,wick clamp,pickup,Puck,lamp_pier,carried,none,Puck,True,True,True,True
3257,181,session-031,cinder_garden,Wren,basket hook,carry-visible,Wren,carried,carried,Juno,Juno,True,True,False,True
3258,182,session-031,orchid_engine,Eli,gear brush,nearby-visible,Dax,engine_ring,engine_ring,none,none,True,True,False,True
3259,182,session-031,moss_ward,Ari,ledger awl,pickup,Tala,carried,carried,Tala,Ari,True,True,True,True
3260,182,session-031,glass_harbor,Oren,wick clamp,carry-visible,Nia,carried,carried,Puck,Puck,True,True,False,True
3261,182,session-031,cinder_garden,Vale,basket hook,carry-visible,Pax,carried,carried,Juno,Juno,True,True,False,True
3262,182,session-031,lichen_bridge,Sol,ledger punch,drop,Rin,carried,meal_room,Rin,none,True,True,True,True
3263,182,session-031,orchid_engine,Bea,valve key,carry-visible,Eli,carried,carried,Bea,Bea,True,True,True,True
3264,182,session-031,moss_ward,Fay,loom hook,nearby-visible,Ari,root_alcove,root_alcove,none,none,True,True,False,True
3265,182,session-031,glass_harbor,Puck,rope gauge,carry-visible,Oren,carried,carried,Nia,Nia,True,True,False,True
3266,182,session-031,cinder_garden,Wren,shade mallet,pickup,Vale,shade_tent,carried,none,Wren,True,True,True,True
3267,182,session-031,lichen_bridge,Kio,bell file,carry-visible,Sol,carried,carried,Kio,Kio,True,True,True,True
3268,182,session-031,orchid_engine,Cai,lamp tongs,carry-visible,Bea,carried,carried,Eli,Eli,True,True,False,True
3269,182,session-031,moss_ward,Milo,reed knife,drop,Fay,carried,rain_gate,Ari,none,True,True,True,True
3270,182,session-031,glass_harbor,Sera,net shuttle,carry-visible,Puck,carried,carried,Sera,Sera,True,True,True,True
3271,182,session-031,cinder_garden,Juno,calendar stylus,nearby-visible,Wren,seed_shelf,seed_shelf,none,none,True,True,False,True
3272,182,session-031,lichen_bridge,Luma,tension peg,carry-visible,Kio,carried,carried,Sol,Sol,True,True,False,True
3273,182,session-031,orchid_engine,Dax,gear brush,pickup,Cai,engine_ring,carried,none,Dax,True,True,True,True
3274,182,session-031,moss_ward,Tala,ledger awl,carry-visible,Milo,carried,carried,Ari,Ari,True,True,False,True
3275,182,session-031,glass_harbor,Nia,wick clamp,carry-visible,Sera,carried,carried,Puck,Puck,True,True,False,True
3276,183,session-031,lichen_bridge,Kio,tension peg,pickup,Rin,carried,carried,Sol,Kio,True,True,True,True
3277,183,session-031,orchid_engine,Cai,gear brush,carry-visible,Eli,carried,carried,Dax,Dax,True,True,False,True
3278,183,session-031,moss_ward,Milo,ledger awl,carry-visible,Ari,carried,carried,Ari,Ari,True,True,False,True
3279,183,session-031,glass_harbor,Sera,wick clamp,drop,Oren,carried,fog_rail,Puck,none,True,True,True,True
3280,183,session-031,cinder_garden,Juno,basket hook,carry-visible,Vale,carried,carried,Juno,Juno,True,True,True,True
3281,183,session-031,lichen_bridge,Luma,ledger punch,nearby-visible,Sol,meal_room,meal_room,none,none,True,True,False,True
3282,183,session-031,orchid_engine,Dax,valve key,carry-visible,Bea,carried,carried,Bea,Bea,True,True,False,True
3283,183,session-031,moss_ward,Tala,loom hook,pickup,Fay,root_alcove,carried,none,Tala,True,True,True,True
3284,183,session-031,glass_harbor,Nia,rope gauge,carry-visible,Puck,carried,carried,Nia,Nia,True,True,True,True
3285,183,session-031,cinder_garden,Pax,shade mallet,carry-visible,Wren,carried,carried,Wren,Wren,True,True,False,True
3286,183,session-031,lichen_bridge,Rin,bell file,drop,Kio,carried,rope_bridge,Kio,none,True,True,True,True
3287,183,session-031,orchid_engine,Eli,lamp tongs,carry-visible,Cai,carried,carried,Eli,Eli,True,True,True,True
3288,183,session-031,moss_ward,Ari,reed knife,nearby-visible,Milo,rain_gate,rain_gate,none,none,True,True,False,True
3289,183,session-031,glass_harbor,Oren,net shuttle,carry-visible,Sera,carried,carried,Sera,Sera,True,True,False,True
3290,183,session-031,cinder_garden,Vale,calendar stylus,pickup,Juno,seed_shelf,carried,none,Vale,True,True,True,True
3291,183,session-031,lichen_bridge,Sol,tension peg,carry-visible,Luma,carried,carried,Kio,Kio,True,True,False,True
3292,183,session-031,orchid_engine,Bea,gear brush,carry-visible,Dax,carried,carried,Dax,Dax,True,True,False,True
3293,183,session-031,moss_ward,Fay,ledger awl,drop,Tala,carried,blanket_room,Ari,none,True,True,True,True
3294,184,session-031,cinder_garden,Pax,calendar stylus,carry-visible,Vale,carried,carried,Vale,Vale,True,True,False,True
3295,184,session-031,lichen_bridge,Rin,tension peg,carry-visible,Sol,carried,carried,Kio,Kio,True,True,False,True
3296,184,session-031,orchid_engine,Eli,gear brush,drop,Bea,carried,orchid_bay,Dax,none,True,True,True,True
3297,184,session-031,moss_ward,Ari,ledger awl,nearby-visible,Fay,blanket_room,blanket_room,none,none,True,True,False,True
3298,184,session-031,glass_harbor,Oren,wick clamp,nearby-visible,Puck,fog_rail,fog_rail,none,none,True,True,False,True
3299,184,session-031,cinder_garden,Vale,basket hook,carry-visible,Wren,carried,carried,Juno,Juno,True,True,False,True
3300,184,session-031,lichen_bridge,Sol,ledger punch,pickup,Kio,meal_room,carried,none,Sol,True,True,True,True
3301,184,session-031,orchid_engine,Bea,valve key,carry-visible,Cai,carried,carried,Bea,Bea,True,True,True,True
3302,184,session-031,moss_ward,Fay,loom hook,carry-visible,Milo,carried,carried,Tala,Tala,True,True,False,True
3303,184,session-031,glass_harbor,Puck,rope gauge,drop,Sera,carried,lamp_pier,Nia,none,True,True,True,True
3304,184,session-031,cinder_garden,Wren,shade mallet,carry-visible,Juno,carried,carried,Wren,Wren,True,True,True,True
3305,184,session-031,lichen_bridge,Kio,bell file,nearby-visible,Luma,rope_bridge,rope_bridge,none,none,True,True,False,True
3306,184,session-031,orchid_engine,Cai,lamp tongs,carry-visible,Dax,carried,carried,Eli,Eli,True,True,False,True
3307,184,session-031,moss_ward,Milo,reed knife,pickup,Tala,rain_gate,carried,none,Milo,True,True,True,True
3308,184,session-031,glass_harbor,Sera,net shuttle,carry-visible,Nia,carried,carried,Sera,Sera,True,True,True,True
3309,184,session-031,cinder_garden,Juno,calendar stylus,carry-visible,Pax,carried,carried,Vale,Vale,True,True,False,True
3310,184,session-031,lichen_bridge,Luma,tension peg,drop,Rin,carried,signal_post,Kio,none,True,True,True,True
3311,184,session-031,orchid_engine,Dax,gear brush,nearby-visible,Eli,orchid_bay,orchid_bay,none,none,True,True,True,True
3312,185,session-031,glass_harbor,Puck,net shuttle,carry-visible,Puck,carried,carried,Sera,Sera,True,True,False,True
3313,185,session-031,cinder_garden,Wren,calendar stylus,drop,Wren,carried,shade_tent,Vale,none,True,True,True,True
3314,185,session-031,lichen_bridge,Kio,tension peg,nearby-visible,Kio,signal_post,signal_post,none,none,True,True,False,True
3315,185,session-031,orchid_engine,Cai,gear brush,nearby-visible,Cai,orchid_bay,orchid_bay,none,none,True,True,False,True
3316,185,session-031,moss_ward,Milo,ledger awl,nearby-visible,Milo,blanket_room,blanket_room,none,none,True,True,False,True
3317,185,session-031,glass_harbor,Sera,wick clamp,pickup,Sera,fog_rail,carried,none,Sera,True,True,True,True
3318,185,session-031,cinder_garden,Juno,basket hook,carry-visible,Juno,carried,carried,Juno,Juno,True,True,True,True
3319,185,session-031,lichen_bridge,Luma,ledger punch,carry-visible,Luma,carried,carried,Sol,Sol,True,True,False,True
3320,185,session-031,orchid_engine,Dax,valve key,drop,Dax,carried,engine_ring,Bea,none,True,True,True,True
3321,185,session-031,moss_ward,Tala,loom hook,carry-visible,Tala,carried,carried,Tala,Tala,True,True,True,True
3322,185,session-031,glass_harbor,Nia,rope gauge,nearby-visible,Nia,lamp_pier,lamp_pier,none,none,True,True,False,True
3323,185,session-031,cinder_garden,Pax,shade mallet,carry-visible,Pax,carried,carried,Wren,Wren,True,True,False,True
3324,185,session-031,lichen_bridge,Rin,bell file,pickup,Rin,rope_bridge,carried,none,Rin,True,True,True,True
3325,185,session-031,orchid_engine,Eli,lamp tongs,carry-visible,Eli,carried,carried,Eli,Eli,True,True,True,True
3326,185,session-031,moss_ward,Ari,reed knife,carry-visible,Ari,carried,carried,Milo,Milo,True,True,False,True
3327,185,session-031,glass_harbor,Oren,net shuttle,drop,Oren,carried,net_room,Sera,none,True,True,True,True
3328,185,session-031,cinder_garden,Vale,calendar stylus,nearby-visible,Vale,shade_tent,shade_tent,none,none,True,True,True,True
3329,185,session-031,lichen_bridge,Sol,tension peg,nearby-visible,Sol,signal_post,signal_post,none,none,True,True,False,True
3330,186,session-031,moss_ward,Tala,reed knife,drop,Milo,carried,root_alcove,Milo,none,True,True,True,True
3331,186,session-031,glass_harbor,Nia,net shuttle,nearby-visible,Sera,net_room,net_room,none,none,True,True,False,True
3332,186,session-031,cinder_garden,Pax,calendar stylus,nearby-visible,Juno,shade_tent,shade_tent,none,none,True,True,False,True
3333,186,session-031,lichen_bridge,Rin,tension peg,nearby-visible,Luma,signal_post,signal_post,none,none,True,True,False,True
3334,186,session-031,orchid_engine,Eli,gear brush,pickup,Dax,orchid_bay,carried,none,Eli,True,True,True,True
3335,186,session-031,moss_ward,Ari,ledger awl,nearby-visible,Tala,blanket_room,blanket_room,none,none,True,True,True,True
3336,186,session-031,glass_harbor,Oren,wick clamp,carry-visible,Nia,carried,carried,Sera,Sera,True,True,False,True
3337,186,session-031,cinder_garden,Vale,basket hook,drop,Pax,carried,seed_shelf,Juno,none,True,True,True,True
3338,186,session-031,lichen_bridge,Sol,ledger punch,carry-visible,Rin,carried,carried,Sol,Sol,True,True,True,True
3339,186,session-031,orchid_engine,Bea,valve key,nearby-visible,Eli,engine_ring,engine_ring,none,none,True,True,False,True
3340,186,session-031,moss_ward,Fay,loom hook,carry-visible,Ari,carried,carried,Tala,Tala,True,True,False,True
3341,186,session-031,glass_harbor,Puck,rope gauge,pickup,Oren,lamp_pier,carried,none,Puck,True,True,True,True
3342,186,session-031,cinder_garden,Wren,shade mallet,carry-visible,Vale,carried,carried,Wren,Wren,True,True,True,True
3343,186,session-031,lichen_bridge,Kio,bell file,carry-visible,Sol,carried,carried,Rin,Rin,True,True,False,True
3344,186,session-031,orchid_engine,Cai,lamp tongs,drop,Bea,carried,gear_wash,Eli,none,True,True,True,True
3345,186,session-031,moss_ward,Milo,reed knife,nearby-visible,Fay,root_alcove,root_alcove,none,none,True,True,True,True
3346,186,session-031,glass_harbor,Sera,net shuttle,nearby-visible,Puck,net_room,net_room,none,none,True,True,False,True
3347,186,session-031,cinder_garden,Juno,calendar stylus,nearby-visible,Wren,shade_tent,shade_tent,none,none,True,True,False,True
3348,187,session-032,orchid_engine,Bea,lamp tongs,nearby-visible,Dax,gear_wash,gear_wash,none,none,True,True,False,True
3349,187,session-032,moss_ward,Fay,reed knife,nearby-visible,Tala,root_alcove,root_alcove,none,none,True,True,False,True
3350,187,session-032,glass_harbor,Puck,net shuttle,nearby-visible,Nia,net_room,net_room,none,none,True,True,False,True
3351,187,session-032,cinder_garden,Wren,calendar stylus,pickup,Pax,shade_tent,carried,none,Wren,True,True,True,True
3352,187,session-032,lichen_bridge,Kio,tension peg,nearby-visible,Rin,signal_post,signal_post,none,none,True,True,True,True
3353,187,session-032,orchid_engine,Cai,gear brush,carry-visible,Eli,carried,carried,Eli,Eli,True,True,False,True
3354,187,session-032,moss_ward,Milo,ledger awl,drop,Ari,blanket_room,rain_gate,none,none,True,True,True,True
3355,187,session-032,glass_harbor,Sera,wick clamp,carry-visible,Oren,carried,carried,Sera,Sera,True,True,True,True
3356,187,session-032,cinder_garden,Juno,basket hook,nearby-visible,Vale,seed_shelf,seed_shelf,none,none,True,True,False,True
3357,187,session-032,lichen_bridge,Luma,ledger punch,carry-visible,Sol,carried,carried,Sol,Sol,True,True,False,True
3358,187,session-032,orchid_engine,Dax,valve key,pickup,Bea,engine_ring,carried,none,Dax,True,True,True,True
3359,187,session-032,moss_ward,Tala,loom hook,carry-visible,Fay,carried,carried,Tala,Tala,True,True,True,True
3360,187,session-032,glass_harbor,Nia,rope gauge,carry-visible,Puck,carried,carried,Puck,Puck,True,True,False,True
3361,187,session-032,cinder_garden,Pax,shade mallet,drop,Wren,carried,ash_path,Wren,none,True,True,True,True
3362,187,session-032,lichen_bridge,Rin,bell file,carry-visible,Kio,carried,carried,Rin,Rin,True,True,True,True
3363,187,session-032,orchid_engine,Eli,lamp tongs,nearby-visible,Cai,gear_wash,gear_wash,none,none,True,True,False,True
3364,187,session-032,moss_ward,Ari,reed knife,nearby-visible,Milo,root_alcove,root_alcove,none,none,True,True,False,True
3365,187,session-032,glass_harbor,Oren,net shuttle,pickup,Sera,net_room,carried,none,Oren,True,True,True,True
3366,188,session-032,lichen_bridge,Luma,bell file,carry-visible,Rin,carried,carried,Rin,Rin,True,True,False,True
3367,188,session-032,orchid_engine,Dax,lamp tongs,nearby-visible,Eli,gear_wash,gear_wash,none,none,True,True,False,True
3368,188,session-032,moss_ward,Tala,reed knife,pickup,Ari,root_alcove,carried,none,Tala,True,True,True,True
3369,188,session-032,glass_harbor,Nia,net shuttle,carry-visible,Oren,carried,carried,Oren,Oren,True,True,False,True
3370,188,session-032,cinder_garden,Pax,calendar stylus,carry-visible,Vale,carried,carried,Wren,Wren,True,True,False,True
3371,188,session-032,lichen_bridge,Rin,tension peg,drop,Sol,signal_post,rope_bridge,none,none,True,True,True,True
3372,188,session-032,orchid_engine,Eli,gear brush,carry-visible,Bea,carried,carried,Eli,Eli,True,True,True,True
3373,188,session-032,moss_ward,Ari,ledger awl,nearby-visible,Fay,rain_gate,rain_gate,none,none,True,True,False,True
3374,188,session-032,glass_harbor,Oren,wick clamp,carry-visible,Puck,carried,carried,Sera,Sera,True,True,False,True
3375,188,session-032,cinder_garden,Vale,basket hook,pickup,Wren,seed_shelf,carried,none,Vale,True,True,True,True
3376,188,session-032,lichen_bridge,Sol,ledger punch,carry-visible,Kio,carried,carried,Sol,Sol,True,True,True,True
3377,188,session-032,orchid_engine,Bea,valve key,carry-visible,Cai,carried,carried,Dax,Dax,True,True,False,True
3378,188,session-032,moss_ward,Fay,loom hook,drop,Milo,carried,blanket_room,Tala,none,True,True,True,True
3379,188,session-032,glass_harbor,Puck,rope gauge,carry-visible,Sera,carried,carried,Puck,Puck,True,True,True,True
3380,188,session-032,cinder_garden,Wren,shade mallet,nearby-visible,Juno,ash_path,ash_path,none,none,True,True,False,True
3381,188,session-032,lichen_bridge,Kio,bell file,carry-visible,Luma,carried,carried,Rin,Rin,True,True,False,True
3382,188,session-032,orchid_engine,Cai,lamp tongs,pickup,Dax,gear_wash,carried,none,Cai,True,True,True,True
3383,188,session-032,moss_ward,Milo,reed knife,carry-visible,Tala,carried,carried,Tala,Tala,True,True,False,True
3384,189,session-032,cinder_garden,Vale,shade mallet,nearby-visible,Vale,ash_path,ash_path,none,none,True,True,False,True
3385,189,session-032,lichen_bridge,Sol,bell file,pickup,Sol,carried,carried,Rin,Sol,True,True,True,True
3386,189,session-032,orchid_engine,Bea,lamp tongs,carry-visible,Bea,carried,carried,Cai,Cai,True,True,False,True
3387,189,session-032,moss_ward,Fay,reed knife,carry-visible,Fay,carried,carried,Tala,Tala,True,True,False,True
3388,189,session-032,glass_harbor,Puck,net shuttle,drop,Puck,carried,lamp_pier,Oren,none,True,True,True,True
3389,189,session-032,cinder_garden,Wren,calendar stylus,carry-visible,Wren,carried,carried,Wren,Wren,True,True,True,True
3390,189,session-032,lichen_bridge,Kio,tension peg,nearby-visible,Kio,rope_bridge,rope_bridge,none,none,True,True,False,True
3391,189,session-032,orchid_engine,Cai,gear brush,carry-visible,Cai,carried,carried,Eli,Eli,True,True,False,True
3392,189,session-032,moss_ward,Milo,ledger awl,pickup,Milo,rain_gate,carried,none,Milo,True,True,True,True
3393,189,session-032,glass_harbor,Sera,wick clamp,carry-visible,Sera,carried,carried,Sera,Sera,True,True,True,True
3394,189,session-032,cinder_garden,Juno,basket hook,carry-visible,Juno,carried,carried,Vale,Vale,True,True,False,True
3395,189,session-032,lichen_bridge,Luma,ledger punch,drop,Luma,carried,signal_post,Sol,none,True,True,True,True
3396,189,session-032,orchid_engine,Dax,valve key,carry-visible,Dax,carried,carried,Dax,Dax,True,True,True,True
3397,189,session-032,moss_ward,Tala,loom hook,nearby-visible,Tala,blanket_room,blanket_room,none,none,True,True,False,True
3398,189,session-032,glass_harbor,Nia,rope gauge,carry-visible,Nia,carried,carried,Puck,Puck,True,True,False,True
3399,189,session-032,cinder_garden,Pax,shade mallet,pickup,Pax,ash_path,carried,none,Pax,True,True,True,True
3400,189,session-032,lichen_bridge,Rin,bell file,carry-visible,Rin,carried,carried,Sol,Sol,True,True,False,True
3401,189,session-032,orchid_engine,Eli,lamp tongs,carry-visible,Eli,carried,carried,Cai,Cai,True,True,False,True
3402,190,session-032,glass_harbor,Sera,rope gauge,pickup,Puck,carried,carried,Puck,Sera,True,True,True,True
3403,190,session-032,cinder_garden,Juno,shade mallet,carry-visible,Wren,carried,carried,Pax,Pax,True,True,False,True
3404,190,session-032,lichen_bridge,Luma,bell file,carry-visible,Kio,carried,carried,Sol,Sol,True,True,False,True
3405,190,session-032,orchid_engine,Dax,lamp tongs,drop,Cai,carried,engine_ring,Cai,none,True,True,True,True
3406,190,session-032,moss_ward,Tala,reed knife,carry-visible,Milo,carried,carried,Tala,Tala,True,True,True,True
3407,190,session-032,glass_harbor,Nia,net shuttle,nearby-visible,Sera,lamp_pier,lamp_pier,none,none,True,True,False,True
3408,190,session-032,cinder_garden,Pax,calendar stylus,carry-visible,Juno,carried,carried,Wren,Wren,True,True,False,True
3409,190,session-032,lichen_bridge,Rin,tension peg,pickup,Luma,rope_bridge,carried,none,Rin,True,True,True,True
3410,190,session-032,orchid_engine,Eli,gear brush,carry-visible,Dax,carried,carried,Eli,Eli,True,True,True,True
3411,190,session-032,moss_ward,Ari,ledger awl,carry-visible,Tala,carried,carried,Milo,Milo,True,True,False,True
3412,190,session-032,glass_harbor,Oren,wick clamp,drop,Nia,carried,net_room,Sera,none,True,True,True,True
3413,190,session-032,cinder_garden,Vale,basket hook,carry-visible,Pax,carried,carried,Vale,Vale,True,True,True,True
3414,190,session-032,lichen_bridge,Sol,ledger punch,nearby-visible,Rin,signal_post,signal_post,none,none,True,True,False,True
3415,190,session-032,orchid_engine,Bea,valve key,carry-visible,Eli,carried,carried,Dax,Dax,True,True,False,True
3416,190,session-032,moss_ward,Fay,loom hook,pickup,Ari,blanket_room,carried,none,Fay,True,True,True,True
3417,190,session-032,glass_harbor,Puck,rope gauge,carry-visible,Oren,carried,carried,Sera,Sera,True,True,False,True
3418,190,session-032,cinder_garden,Wren,shade mallet,carry-visible,Vale,carried,carried,Pax,Pax,True,True,False,True
3419,190,session-032,lichen_bridge,Kio,bell file,drop,Sol,carried,meal_room,Sol,none,True,True,True,True
3420,191,session-032,moss_ward,Ari,loom hook,carry-visible,Milo,carried,carried,Fay,Fay,True,True,False,True
3421,191,session-032,glass_harbor,Oren,rope gauge,carry-visible,Sera,carried,carried,Sera,Sera,True,True,False,True
3422,191,session-032,cinder_garden,Vale,shade mallet,drop,Juno,carried,seed_shelf,Pax,none,True,True,True,True
3423,191,session-032,lichen_bridge,Sol,bell file,nearby-visible,Luma,meal_room,meal_room,none,none,True,True,False,True
3424,191,session-032,orchid_engine,Bea,lamp tongs,nearby-visible,Dax,engine_ring,engine_ring,none,none,True,True,False,True
3425,191,session-032,moss_ward,Fay,reed knife,carry-visible,Tala,carried,carried,Tala,Tala,True,True,False,True
3426,191,session-032,glass_harbor,Puck,net shuttle,pickup,Nia,lamp_pier,carried,none,Puck,True,True,True,True
3427,191,session-032,cinder_garden,Wren,calendar stylus,carry-visible,Pax,carried,carried,Wren,Wren,True,True,True,True
3428,191,session-032,lichen_bridge,Kio,tension peg,carry-visible,Rin,carried,carried,Rin,Rin,True,True,False,True
3429,191,session-032,orchid_engine,Cai,gear brush,drop,Eli,carried,gear_wash,Eli,none,True,True,True,True
3430,191,session-032,moss_ward,Milo,ledger awl,carry-visible,Ari,carried,carried,Milo,Milo,True,True,True,True
3431,191,session-032,glass_harbor,Sera,wick clamp,nearby-visible,Oren,net_room,net_room,none,none,True,True,False,True
3432,191,session-032,cinder_garden,Juno,basket hook,carry-visible,Vale,carried,carried,Vale,Vale,True,True,False,True
3433,191,session-032,lichen_bridge,Luma,ledger punch,pickup,Sol,signal_post,carried,none,Luma,True,True,True,True
3434,191,session-032,orchid_engine,Dax,valve key,carry-visible,Bea,carried,carried,Dax,Dax,True,True,True,True
3435,191,session-032,moss_ward,Tala,loom hook,carry-visible,Fay,carried,carried,Fay,Fay,True,True,False,True
3436,191,session-032,glass_harbor,Nia,rope gauge,drop,Puck,carried,fog_rail,Sera,none,True,True,True,True
3437,191,session-032,cinder_garden,Pax,shade mallet,nearby-visible,Wren,seed_shelf,seed_shelf,none,none,True,True,True,True
3438,192,session-032,orchid_engine,Cai,valve key,carry-visible,Dax,carried,carried,Dax,Dax,True,True,False,True
3439,192,session-032,moss_ward,Milo,loom hook,drop,Tala,carried,rain_gate,Fay,none,True,True,True,True
3440,192,session-032,glass_harbor,Sera,rope gauge,nearby-visible,Nia,fog_rail,fog_rail,none,none,True,True,False,True
3441,192,session-032,cinder_garden,Juno,shade mallet,nearby-visible,Pax,seed_shelf,seed_shelf,none,none,True,True,False,True
3442,192,session-032,lichen_bridge,Luma,bell file,nearby-visible,Rin,meal_room,meal_room,none,none,True,True,False,True
3443,192,session-032,orchid_engine,Dax,lamp tongs,pickup,Eli,engine_ring,carried,none,Dax,True,True,True,True
3444,192,session-032,moss_ward,Tala,reed knife,carry-visible,Ari,carried,carried,Tala,Tala,True,True,True,True
3445,192,session-032,glass_harbor,Nia,net shuttle,carry-visible,Oren,carried,carried,Puck,Puck,True,True,False,True
3446,192,session-032,cinder_garden,Pax,calendar stylus,drop,Vale,carried,ash_path,Wren,none,True,True,True,True
3447,192,session-032,lichen_bridge,Rin,tension peg,carry-visible,Sol,carried,carried,Rin,Rin,True,True,True,True
3448,192,session-032,orchid_engine,Eli,gear brush,nearby-visible,Bea,gear_wash,gear_wash,none,none,True,True,False,True
3449,192,session-032,moss_ward,Ari,ledger awl,carry-visible,Fay,carried,carried,Milo,Milo,True,True,False,True
3450,192,session-032,glass_harbor,Oren,wick clamp,pickup,Puck,net_room,carried,none,Oren,True,True,True,True
3451,192,session-032,cinder_garden,Vale,basket hook,carry-visible,Wren,carried,carried,Vale,Vale,True,True,True,True
3452,192,session-032,lichen_bridge,Sol,ledger punch,carry-visible,Kio,carried,carried,Luma,Luma,True,True,False,True
3453,192,session-032,orchid_engine,Bea,valve key,drop,Cai,carried,orchid_bay,Dax,none,True,True,True,True
3454,192,session-032,moss_ward,Fay,loom hook,nearby-visible,Milo,rain_gate,rain_gate,none,none,True,True,True,True
3455,192,session-032,glass_harbor,Puck,rope gauge,nearby-visible,Sera,fog_rail,fog_rail,none,none,True,True,False,True
3456,193,session-033,lichen_bridge,Rin,ledger punch,drop,Rin,carried,rope_bridge,Luma,none,True,True,True,True
3457,193,session-033,orchid_engine,Eli,valve key,nearby-visible,Eli,orchid_bay,orchid_bay,none,none,True,True,False,True
3458,193,session-033,moss_ward,Ari,loom hook,nearby-visible,Ari,rain_gate,rain_gate,none,none,True,True,False,True
3459,193,session-033,glass_harbor,Oren,rope gauge,nearby-visible,Oren,fog_rail,fog_rail,none,none,True,True,False,True
3460,193,session-033,cinder_garden,Vale,shade mallet,pickup,Vale,seed_shelf,carried,none,Vale,True,True,True,True
3461,193,session-033,lichen_bridge,Sol,bell file,nearby-visible,Sol,meal_room,meal_room,none,none,True,True,True,True
3462,193,session-033,orchid_engine,Bea,lamp tongs,carry-visible,Bea,carried,carried,Dax,Dax,True,True,False,True
3463,193,session-033,moss_ward,Fay,reed knife,drop,Fay,carried,blanket_room,Tala,none,True,True,True,True
3464,193,session-033,glass_harbor,Puck,net shuttle,carry-visible,Puck,carried,carried,Puck,Puck,True,True,True,True
3465,193,session-033,cinder_garden,Wren,calendar stylus,nearby-visible,Wren,ash_path,ash_path,none,none,True,True,False,True
3466,193,session-033,lichen_bridge,Kio,tension peg,carry-visible,Kio,carried,carried,Rin,Rin,True,True,False,True
3467,193,session-033,orchid_engine,Cai,gear brush,pickup,Cai,gear_wash,carried,none,Cai,True,True,True,True
3468,193,session-033,moss_ward,Milo,ledger awl,carry-visible,Milo,carried,carried,Milo,Milo,True,True,True,True
3469,193,session-033,glass_harbor,Sera,wick clamp,carry-visible,Sera,carried,carried,Oren,Oren,True,True,False,True
3470,193,session-033,cinder_garden,Juno,basket hook,drop,Juno,carried,shade_tent,Vale,none,True,True,True,True
3471,193,session-033,lichen_bridge,Luma,ledger punch,nearby-visible,Luma,rope_bridge,rope_bridge,none,none,True,True,True,True
3472,193,session-033,orchid_engine,Dax,valve key,nearby-visible,Dax,orchid_bay,orchid_bay,none,none,True,True,False,True
3473,193,session-033,moss_ward,Tala,loom hook,nearby-visible,Tala,rain_gate,rain_gate,none,none,True,True,False,True
3474,194,session-033,cinder_garden,Wren,basket hook,nearby-visible,Vale,shade_tent,shade_tent,none,none,True,True,False,True
3475,194,session-033,lichen_bridge,Kio,ledger punch,nearby-visible,Sol,rope_bridge,rope_bridge,none,none,True,True,False,True
3476,194,session-033,orchid_engine,Cai,valve key,nearby-visible,Bea,orchid_bay,orchid_bay,none,none,True,True,False,True
3477,194,session-033,moss_ward,Milo,loom hook,pickup,Fay,rain_gate,carried,none,Milo,True,True,True,True
3478,194,session-033,glass_harbor,Sera,rope gauge,nearby-visible,Puck,fog_rail,fog_rail,none,none,True,True,True,True
3479,194,session-033,cinder_garden,Juno,shade mallet,carry-visible,Wren,carried,carried,Vale,Vale,True,True,False,True
3480,194,session-033,lichen_bridge,Luma,bell file,drop,Kio,meal_room,signal_post,none,none,True,True,True,True
3481,194,session-033,orchid_engine,Dax,lamp tongs,carry-visible,Cai,carried,carried,Dax,Dax,True,True,True,True
3482,194,session-033,moss_ward,Tala,reed knife,nearby-visible,Milo,blanket_room,blanket_room,none,none,True,True,False,True
3483,194,session-033,glass_harbor,Nia,net shuttle,carry-visible,Sera,carried,carried,Puck,Puck,True,True,False,True
3484,194,session-033,cinder_garden,Pax,calendar stylus,pickup,Juno,ash_path,carried,none,Pax,True,True,True,True
3485,194,session-033,lichen_bridge,Rin,tension peg,carry-visible,Luma,carried,carried,Rin,Rin,True,True,True,True
3486,194,session-033,orchid_engine,Eli,gear brush,carry-visible,Dax,carried,carried,Cai,Cai,True,True,False,True
3487,194,session-033,moss_ward,Ari,ledger awl,drop,Tala,carried,root_alcove,Milo,none,True,True,True,True
3488,194,session-033,glass_harbor,Oren,wick clamp,carry-visible,Nia,carried,carried,Oren,Oren,True,True,True,True
3489,194,session-033,cinder_garden,Vale,basket hook,nearby-visible,Pax,shade_tent,shade_tent,none,none,True,True,False,True
3490,194,session-033,lichen_bridge,Sol,ledger punch,nearby-visible,Rin,rope_bridge,rope_bridge,none,none,True,True,False,True
3491,194,session-033,orchid_engine,Bea,valve key,pickup,Eli,orchid_bay,carried,none,Bea,True,True,True,True
3492,195,session-033,glass_harbor,Nia,wick clamp,carry-visible,Puck,carried,carried,Oren,Oren,True,True,False,True
3493,195,session-033,cinder_garden,Pax,basket hook,nearby-visible,Wren,shade_tent,shade_tent,none,none,True,True,False,True
3494,195,session-033,lichen_bridge,Rin,ledger punch,pickup,Kio,rope_bridge,carried,none,Rin,True,True,True,True
3495,195,session-033,orchid_engine,Eli,valve key,carry-visible,Cai,carried,carried,Bea,Bea,True,True,False,True
3496,195,session-033,moss_ward,Ari,loom hook,carry-visible,Milo,carried,carried,Milo,Milo,True,True,False,True
3497,195,session-033,glass_harbor,Oren,rope gauge,drop,Sera,fog_rail,net_room,none,none,True,True,True,True
3498,195,session-033,cinder_garden,Vale,shade mallet,carry-visible,Juno,carried,carried,Vale,Vale,True,True,True,True
3499,195,session-033,lichen_bridge,Sol,bell file,nearby-visible,Luma,signal_post,signal_post,none,none,True,True,False,True
3500,195,session-033,orchid_engine,Bea,lamp tongs,carry-visible,Dax,carried,carried,Dax,Dax,True,True,False,True
3501,195,session-033,moss_ward,Fay,reed knife,pickup,Tala,blanket_room,carried,none,Fay,True,True,True,True
3502,195,session-033,glass_harbor,Puck,net shuttle,carry-visible,Nia,carried,carried,Puck,Puck,True,True,True,True
3503,195,session-033,cinder_garden,Wren,calendar stylus,carry-visible,Pax,carried,carried,Pax,Pax,True,True,False,True
3504,195,session-033,lichen_bridge,Kio,tension peg,drop,Rin,carried,meal_room,Rin,none,True,True,True,True
3505,195,session-033,orchid_engine,Cai,gear brush,carry-visible,Eli,carried,carried,Cai,Cai,True,True,True,True
3506,195,session-033,moss_ward,Milo,ledger awl,nearby-visible,Ari,root_alcove,root_alcove,none,none,True,True,False,True
3507,195,session-033,glass_harbor,Sera,wick clamp,carry-visible,Oren,carried,carried,Oren,Oren,True,True,False,True
3508,195,session-033,cinder_garden,Juno,basket hook,pickup,Vale,shade_tent,carried,none,Juno,True,True,True,True
3509,195,session-033,lichen_bridge,Luma,ledger punch,carry-visible,Sol,carried,carried,Rin,Rin,True,True,False,True
3510,196,session-033,moss_ward,Fay,ledger awl,nearby-visible,Milo,root_alcove,root_alcove,none,none,True,True,False,True
3511,196,session-033,glass_harbor,Puck,wick clamp,pickup,Sera,carried,carried,Oren,Puck,True,True,True,True
3512,196,session-033,cinder_garden,Wren,basket hook,carry-visible,Juno,carried,carried,Juno,Juno,True,True,False,True
3513,196,session-033,lichen_bridge,Kio,ledger punch,carry-visible,Luma,carried,carried,Rin,Rin,True,True,False,True
3514,196,session-033,orchid_engine,Cai,valve key,drop,Dax,carried,gear_wash,Bea,none,True,True,True,True
3515,196,session-033,moss_ward,Milo,loom hook,carry-visible,Tala,carried,carried,Milo,Milo,True,True,True,True
3516,196,session-033,glass_harbor,Sera,rope gauge,nearby-visible,Nia,net_room,net_room,none,none,True,True,False,True
3517,196,session-033,cinder_garden,Juno,shade mallet,carry-visible,Pax,carried,carried,Vale,Vale,True,True,False,True
3518,196,session-033,lichen_bridge,Luma,bell file,pickup,Rin,signal_post,carried,none,Luma,True,True,True,True
3519,196,session-033,orchid_engine,Dax,lamp tongs,carry-visible,Eli,carried,carried,Dax,Dax,True,True,True,True
3520,196,session-033,moss_ward,Tala,reed knife,carry-visible,Ari,carried,carried,Fay,Fay,True,True,False,True
3521,196,session-033,glass_harbor,Nia,net shuttle,drop,Oren,carried,fog_rail,Puck,none,True,True,True,True
3522,196,session-033,cinder_garden,Pax,calendar stylus,carry-visible,Vale,carried,carried,Pax,Pax,True,True,True,True
3523,196,session-033,lichen_bridge,Rin,tension peg,nearby-visible,Sol,meal_room,meal_room,none,none,True,True,False,True
3524,196,session-033,orchid_engine,Eli,gear brush,carry-visible,Bea,carried,carried,Cai,Cai,True,True,False,True
3525,196,session-033,moss_ward,Ari,ledger awl,pickup,Fay,root_alcove,carried,none,Ari,True,True,True,True
3526,196,session-033,glass_harbor,Oren,wick clamp,carry-visible,Puck,carried,carried,Puck,Puck,True,True,False,True
3527,196,session-033,cinder_garden,Vale,basket hook,carry-visible,Wren,carried,carried,Juno,Juno,True,True,False,True
3528,197,session-033,orchid_engine,Dax,gear brush,pickup,Dax,carried,carried,Cai,Dax,True,True,True,True
3529,197,session-033,moss_ward,Tala,ledger awl,carry-visible,Tala,carried,carried,Ari,Ari,True,True,False,True
3530,197,session-033,glass_harbor,Nia,wick clamp,carry-visible,Nia,carried,carried,Puck,Puck,True,True,False,True
3531,197,session-033,cinder_garden,Pax,basket hook,drop,Pax,carried,ash_path,Juno,none,True,True,True,True
3532,197,session-033,lichen_bridge,Rin,ledger punch,carry-visible,Rin,carried,carried,Rin,Rin,True,True,True,True
3533,197,session-033,orchid_engine,Eli,valve key,nearby-visible,Eli,gear_wash,gear_wash,none,none,True,True,False,True
3534,197,session-033,moss_ward,Ari,loom hook,carry-visible,Ari,carried,carried,Milo,Milo,True,True,False,True
3535,197,session-033,glass_harbor,Oren,rope gauge,pickup,Oren,net_room,carried,none,Oren,True,True,True,True
3536,197,session-033,cinder_garden,Vale,shade mallet,carry-visible,Vale,carried,carried,Vale,Vale,True,True,True,True
3537,197,session-033,lichen_bridge,Sol,bell file,carry-visible,Sol,carried,carried,Luma,Luma,True,True,False,True
3538,197,session-033,orchid_engine,Bea,lamp tongs,drop,Bea,carried,orchid_bay,Dax,none,True,True,True,True
3539,197,session-033,moss_ward,Fay,reed knife,carry-visible,Fay,carried,carried,Fay,Fay,True,True,True,True
3540,197,session-033,glass_harbor,Puck,net shuttle,nearby-visible,Puck,fog_rail,fog_rail,none,none,True,True,False,True
3541,197,session-033,cinder_garden,Wren,calendar stylus,carry-visible,Wren,carried,carried,Pax,Pax,True,True,False,True
3542,197,session-033,lichen_bridge,Kio,tension peg,pickup,Kio,meal_room,carried,none,Kio,True,True,True,True
3543,197,session-033,orchid_engine,Cai,gear brush,carry-visible,Cai,carried,carried,Dax,Dax,True,True,False,True
3544,197,session-033,moss_ward,Milo,ledger awl,carry-visible,Milo,carried,carried,Ari,Ari,True,True,False,True
3545,197,session-033,glass_harbor,Sera,wick clamp,drop,Sera,carried,lamp_pier,Puck,none,True,True,True,True
3546,198,session-033,lichen_bridge,Sol,tension peg,carry-visible,Rin,carried,carried,Kio,Kio,True,True,False,True
3547,198,session-033,orchid_engine,Bea,gear brush,carry-visible,Eli,carried,carried,Dax,Dax,True,True,False,True
3548,198,session-033,moss_ward,Fay,ledger awl,drop,Ari,carried,blanket_room,Ari,none,True,True,True,True
3549,198,session-033,glass_harbor,Puck,wick clamp,nearby-visible,Oren,lamp_pier,lamp_pier,none,none,True,True,False,True
3550,198,session-033,cinder_garden,Wren,basket hook,nearby-visible,Vale,ash_path,ash_path,none,none,True,True,False,True
3551,198,session-033,lichen_bridge,Kio,ledger punch,carry-visible,Sol,carried,carried,Rin,Rin,True,True,False,True
3552,198,session-033,orchid_engine,Cai,valve key,pickup,Bea,gear_wash,carried,none,Cai,True,True,True,True
3553,198,session-033,moss_ward,Milo,loom hook,carry-visible,Fay,carried,carried,Milo,Milo,True,True,True,True
3554,198,session-033,glass_harbor,Sera,rope gauge,carry-visible,Puck,carried,carried,Oren,Oren,True,True,False,True
3555,198,session-033,cinder_garden,Juno,shade mallet,drop,Wren,carried,shade_tent,Vale,none,True,True,True,True
3556,198,session-033,lichen_bridge,Luma,bell file,carry-visible,Kio,carried,carried,Luma,Luma,True,True,True,True
3557,198,session-033,orchid_engine,Dax,lamp tongs,nearby-visible,Cai,orchid_bay,orchid_bay,none,none,True,True,False,True
3558,198,session-033,moss_ward,Tala,reed knife,carry-visible,Milo,carried,carried,Fay,Fay,True,True,False,True
3559,198,session-033,glass_harbor,Nia,net shuttle,pickup,Sera,fog_rail,carried,none,Nia,True,True,True,True
3560,198,session-033,cinder_garden,Pax,calendar stylus,carry-visible,Juno,carried,carried,Pax,Pax,True,True,True,True
3561,198,session-033,lichen_bridge,Rin,tension peg,carry-visible,Luma,carried,carried,Kio,Kio,True,True,False,True
3562,198,session-033,orchid_engine,Eli,gear brush,drop,Dax,carried,engine_ring,Dax,none,True,True,True,True
3563,198,session-033,moss_ward,Ari,ledger awl,nearby-visible,Tala,blanket_room,blanket_room,none,none,True,True,True,True
3564,199,session-034,cinder_garden,Juno,calendar stylus,carry-visible,Vale,carried,carried,Pax,Pax,True,True,False,True
3565,199,session-034,lichen_bridge,Luma,tension peg,drop,Sol,carried,signal_post,Kio,none,True,True,True,True
3566,199,session-034,orchid_engine,Dax,gear brush,nearby-visible,Bea,engine_ring,engine_ring,none,none,True,True,False,True
3567,199,session-034,moss_ward,Tala,ledger awl,nearby-visible,Fay,blanket_room,blanket_room,none,none,True,True,False,True
3568,199,session-034,glass_harbor,Nia,wick clamp,nearby-visible,Puck,lamp_pier,lamp_pier,none,none,True,True,False,True
3569,199,session-034,cinder_garden,Pax,basket hook,pickup,Wren,ash_path,carried,none,Pax,True,True,True,True
3570,199,session-034,lichen_bridge,Rin,ledger punch,carry-visible,Kio,carried,carried,Rin,Rin,True,True,True,True
3571,199,session-034,orchid_engine,Eli,valve key,carry-visible,Cai,carried,carried,Cai,Cai,True,True,False,True
3572,199,session-034,moss_ward,Ari,loom hook,drop,Milo,carried,root_alcove,Milo,none,True,True,True,True
3573,199,session-034,glass_harbor,Oren,rope gauge,carry-visible,Sera,carried,carried,Oren,Oren,True,True,True,True
3574,199,session-034,cinder_garden,Vale,shade mallet,nearby-visible,Juno,shade_tent,shade_tent,none,none,True,True,False,True
3575,199,session-034,lichen_bridge,Sol,bell file,carry-visible,Luma,carried,carried,Luma,Luma,True,True,False,True
3576,199,session-034,orchid_engine,Bea,lamp tongs,pickup,Dax,orchid_bay,carried,none,Bea,True,True,True,True
3577,199,session-034,moss_ward,Fay,reed knife,carry-visible,Tala,carried,carried,Fay,Fay,True,True,True,True
3578,199,session-034,glass_harbor,Puck,net shuttle,carry-visible,Nia,carried,carried,Nia,Nia,True,True,False,True
3579,199,session-034,cinder_garden,Wren,calendar stylus,drop,Pax,carried,seed_shelf,Pax,none,True,True,True,True
3580,199,session-034,lichen_bridge,Kio,tension peg,nearby-visible,Rin,signal_post,signal_post,none,none,True,True,True,True
3581,199,session-034,orchid_engine,Cai,gear brush,nearby-visible,Eli,engine_ring,engine_ring,none,none,True,True,False,True
3582,200,session-034,glass_harbor,Oren,net shuttle,drop,Puck,carried,net_room,Nia,none,True,True,True,True
3583,200,session-034,cinder_garden,Vale,calendar stylus,nearby-visible,Wren,seed_shelf,seed_shelf,none,none,True,True,False,True
3584,200,session-034,lichen_bridge,Sol,tension peg,nearby-visible,Kio,signal_post,signal_post,none,none,True,True,False,True
3585,200,session-034,orchid_engine,Bea,gear brush,nearby-visible,Cai,engine_ring,engine_ring,none,none,True,True,False,True
3586,200,session-034,moss_ward,Fay,ledger awl,pickup,Milo,blanket_room,carried,none,Fay,True,True,True,True
3587,200,session-034,glass_harbor,Puck,wick clamp,nearby-visible,Sera,lamp_pier,lamp_pier,none,none,True,True,True,True
3588,200,session-034,cinder_garden,Wren,basket hook,carry-visible,Juno,carried,carried,Pax,Pax,True,True,False,True
3589,200,session-034,lichen_bridge,Kio,ledger punch,drop,Luma,carried,meal_room,Rin,none,True,True,True,True
3590,200,session-034,orchid_engine,Cai,valve key,carry-visible,Dax,carried,carried,Cai,Cai,True,True,True,True
3591,200,session-034,moss_ward,Milo,loom hook,nearby-visible,Tala,root_alcove,root_alcove,none,none,True,True,False,True
3592,200,session-034,glass_harbor,Sera,rope gauge,carry-visible,Nia,carried,carried,Oren,Oren,True,True,False,True
3593,200,session-034,cinder_garden,Juno,shade mallet,pickup,Pax,shade_tent,carried,none,Juno,True,True,True,True
3594,200,session-034,lichen_bridge,Luma,bell file,carry-visible,Rin,carried,carried,Luma,Luma,True,True,True,True
3595,200,session-034,orchid_engine,Dax,lamp tongs,carry-visible,Eli,carried,carried,Bea,Bea,True,True,False,True
3596,200,session-034,moss_ward,Tala,reed knife,drop,Ari,carried,rain_gate,Fay,none,True,True,True,True
3597,200,session-034,glass_harbor,Nia,net shuttle,nearby-visible,Oren,net_room,net_room,none,none,True,True,True,True
3598,200,session-034,cinder_garden,Pax,calendar stylus,nearby-visible,Vale,seed_shelf,seed_shelf,none,none,True,True,False,True
3599,200,session-034,lichen_bridge,Rin,tension peg,nearby-visible,Sol,signal_post,signal_post,none,none,True,True,False,True
3600,201,session-034,moss_ward,Milo,reed knife,nearby-visible,Milo,rain_gate,rain_gate,none,none,True,True,False,True
3601,201,session-034,glass_harbor,Sera,net shuttle,nearby-visible,Sera,net_room,net_room,none,none,True,True,False,True
3602,201,session-034,cinder_garden,Juno,calendar stylus,nearby-visible,Juno,seed_shelf,seed_shelf,none,none,True,True,False,True
3603,201,session-034,lichen_bridge,Luma,tension peg,pickup,Luma,signal_post,carried,none,Luma,True,True,True,True
3604,201,session-034,orchid_engine,Dax,gear brush,nearby-visible,Dax,engine_ring,engine_ring,none,none,True,True,True,True
3605,201,session-034,moss_ward,Tala,ledger awl,carry-visible,Tala,carried,carried,Fay,Fay,True,True,False,True
3606,201,session-034,glass_harbor,Nia,wick clamp,drop,Nia,lamp_pier,fog_rail,none,none,True,True,True,True
3607,201,session-034,cinder_garden,Pax,basket hook,carry-visible,Pax,carried,carried,Pax,Pax,True,True,True,True
3608,201,session-034,lichen_bridge,Rin,ledger punch,nearby-visible,Rin,meal_room,meal_room,none,none,True,True,False,True
3609,201,session-034,orchid_engine,Eli,valve key,carry-visible,Eli,carried,carried,Cai,Cai,True,True,False,True
3610,201,session-034,moss_ward,Ari,loom hook,pickup,Ari,root_alcove,carried,none,Ari,True,True,True,True
3611,201,session-034,glass_harbor,Oren,rope gauge,carry-visible,Oren,carried,carried,Oren,Oren,True,True,True,True
3612,201,session-034,cinder_garden,Vale,shade mallet,carry-visible,Vale,carried,carried,Juno,Juno,True,True,False,True
3613,201,session-034,lichen_bridge,Sol,bell file,drop,Sol,carried,rope_bridge,Luma,none,True,True,True,True
3614,201,session-034,orchid_engine,Bea,lamp tongs,carry-visible,Bea,carried,carried,Bea,Bea,True,True,True,True
3615,201,session-034,moss_ward,Fay,reed knife,nearby-visible,Fay,rain_gate,rain_gate,none,none,True,True,False,True
3616,201,session-034,glass_harbor,Puck,net shuttle,nearby-visible,Puck,net_room,net_room,none,none,True,True,False,True
3617,201,session-034,cinder_garden,Wren,calendar stylus,pickup,Wren,seed_shelf,carried,none,Wren,True,True,True,True
3618,202,session-034,orchid_engine,Eli,lamp tongs,carry-visible,Dax,carried,carried,Bea,Bea,True,True,False,True
3619,202,session-034,moss_ward,Ari,reed knife,nearby-visible,Tala,rain_gate,rain_gate,none,none,True,True,False,True
3620,202,session-034,glass_harbor,Oren,net shuttle,pickup,Nia,net_room,carried,none,Oren,True,True,True,True
3621,202,session-034,cinder_garden,Vale,calendar stylus,carry-visible,Pax,carried,carried,Wren,Wren,True,True,False,True
3622,202,session-034,lichen_bridge,Sol,tension peg,carry-visible,Rin,carried,carried,Luma,Luma,True,True,False,True
3623,202,session-034,orchid_engine,Bea,gear brush,drop,Eli,engine_ring,orchid_bay,none,none,True,True,True,True
3624,202,session-034,moss_ward,Fay,ledger awl,carry-visible,Ari,carried,carried,Fay,Fay,True,True,True,True
3625,202,session-034,glass_harbor,Puck,wick clamp,nearby-visible,Oren,fog_rail,fog_rail,none,none,True,True,False,True
3626,202,session-034,cinder_garden,Wren,basket hook,carry-visible,Vale,carried,carried,Pax,Pax,True,True,False,True
3627,202,session-034,lichen_bridge,Kio,ledger punch,pickup,Sol,meal_room,carried,none,Kio,True,True,True,True
3628,202,session-034,orchid_engine,Cai,valve key,carry-visible,Bea,carried,carried,Cai,Cai,True,True,True,True
3629,202,session-034,moss_ward,Milo,loom hook,carry-visible,Fay,carried,carried,Ari,Ari,True,True,False,True
3630,202,session-034,glass_harbor,Sera,rope gauge,drop,Puck,carried,lamp_pier,Oren,none,True,True,True,True
3631,202,session-034,cinder_garden,Juno,shade mallet,carry-visible,Wren,carried,carried,Juno,Juno,True,True,True,True
3632,202,session-034,lichen_bridge,Luma,bell file,nearby-visible,Kio,rope_bridge,rope_bridge,none,none,True,True,False,True
3633,202,session-034,orchid_engine,Dax,lamp tongs,carry-visible,Cai,carried,carried,Bea,Bea,True,True,False,True
3634,202,session-034,moss_ward,Tala,reed knife,pickup,Milo,rain_gate,carried,none,Tala,True,True,True,True
3635,202,session-034,glass_harbor,Nia,net shuttle,carry-visible,Sera,carried,carried,Oren,Oren,True,True,False,True
3636,203,session-034,lichen_bridge,Kio,bell file,nearby-visible,Rin,rope_bridge,rope_bridge,none,none,True,True,False,True
3637,203,session-034,orchid_engine,Cai,lamp tongs,pickup,Eli,carried,carried,Bea,Cai,True,True,True,True
3638,203,session-034,moss_ward,Milo,reed knife,carry-visible,Ari,carried,carried,Tala,Tala,True,True,False,True
3639,203,session-034,glass_harbor,Sera,net shuttle,carry-visible,Oren,carried,carried,Oren,Oren,True,True,False,True
3640,203,session-034,cinder_garden,Juno,calendar stylus,drop,Vale,carried,shade_tent,Wren,none,True,True,True,True
3641,203,session-034,lichen_bridge,Luma,tension peg,carry-visible,Sol,carried,carried,Luma,Luma,True,True,True,True
3642,203,session-034,orchid_engine,Dax,gear brush,nearby-visible,Bea,orchid_bay,orchid_bay,none,none,True,True,False,True
3643,203,session-034,moss_ward,Tala,ledger awl,carry-visible,Fay,carried,carried,Fay,Fay,True,True,False,True
3644,203,session-034,glass_harbor,Nia,wick clamp,pickup,Puck,fog_rail,carried,none,Nia,True,True,True,True
3645,203,session-034,cinder_garden,Pax,basket hook,carry-visible,Wren,carried,carried,Pax,Pax,True,True,True,True
3646,203,session-034,lichen_bridge,Rin,ledger punch,carry-visible,Kio,carried,carried,Kio,Kio,True,True,False,True
3647,203,session-034,orchid_engine,Eli,valve key,drop,Cai,carried,engine_ring,Cai,none,True,True,True,True
3648,203,session-034,moss_ward,Ari,loom hook,carry-visible,Milo,carried,carried,Ari,Ari,True,True,True,True
3649,203,session-034,glass_harbor,Oren,rope gauge,nearby-visible,Sera,lamp_pier,lamp_pier,none,none,True,True,False,True
3650,203,session-034,cinder_garden,Vale,shade mallet,carry-visible,Juno,carried,carried,Juno,Juno,True,True,False,True
3651,203,session-034,lichen_bridge,Sol,bell file,pickup,Luma,rope_bridge,carried,none,Sol,True,True,True,True
3652,203,session-034,orchid_engine,Bea,lamp tongs,carry-visible,Dax,carried,carried,Cai,Cai,True,True,False,True
3653,203,session-034,moss_ward,Fay,reed knife,carry-visible,Tala,carried,carried,Tala,Tala,True,True,False,True
3654,204,session-034,cinder_garden,Pax,shade mallet,pickup,Vale,carried,carried,Juno,Pax,True,True,True,True
3655,204,session-034,lichen_bridge,Rin,bell file,carry-visible,Sol,carried,carried,Sol,Sol,True,True,False,True
3656,204,session-034,orchid_engine,Eli,lamp tongs,carry-visible,Bea,carried,carried,Cai,Cai,True,True,False,True
3657,204,session-034,moss_ward,Ari,reed knife,drop,Fay,carried,root_alcove,Tala,none,True,True,True,True
3658,204,session-034,glass_harbor,Oren,net shuttle,carry-visible,Puck,carried,carried,Oren,Oren,True,True,True,True
3659,204,session-034,cinder_garden,Vale,calendar stylus,nearby-visible,Wren,shade_tent,shade_tent,none,none,True,True,False,True
3660,204,session-034,lichen_bridge,Sol,tension peg,carry-visible,Kio,carried,carried,Luma,Luma,True,True,False,True
3661,204,session-034,orchid_engine,Bea,gear brush,pickup,Cai,orchid_bay,carried,none,Bea,True,True,True,True
3662,204,session-034,moss_ward,Fay,ledger awl,carry-visible,Milo,carried,carried,Fay,Fay,True,True,True,True
3663,204,session-034,glass_harbor,Puck,wick clamp,carry-visible,Sera,carried,carried,Nia,Nia,True,True,False,True
3664,204,session-034,cinder_garden,Wren,basket hook,drop,Juno,carried,seed_shelf,Pax,none,True,True,True,True
3665,204,session-034,lichen_bridge,Kio,ledger punch,carry-visible,Luma,carried,carried,Kio,Kio,True,True,True,True
3666,204,session-034,orchid_engine,Cai,valve key,nearby-visible,Dax,engine_ring,engine_ring,none,none,True,True,False,True
3667,204,session-034,moss_ward,Milo,loom hook,carry-visible,Tala,carried,carried,Ari,Ari,True,True,False,True
3668,204,session-034,glass_harbor,Sera,rope gauge,pickup,Nia,lamp_pier,carried,none,Sera,True,True,True,True
3669,204,session-034,cinder_garden,Juno,shade mallet,carry-visible,Pax,carried,carried,Pax,Pax,True,True,False,True
3670,204,session-034,lichen_bridge,Luma,bell file,carry-visible,Rin,carried,carried,Sol,Sol,True,True,False,True
3671,204,session-034,orchid_engine,Dax,lamp tongs,drop,Eli,carried,gear_wash,Cai,none,True,True,True,True
