policy_bias,tune_total_score,tune_maturation_score,tune_crisis_score,tune_resolved_rate,tune_env_response,tune_social_response,tune_coupled_response,tune_damage,selection_objective,selected
0.0,0.52,1.0,0.0,0.18333333333333335,0.18353234910985672,1.0,0.18353234910985672,1.3342006318961013,0.07401173498441727,False
0.4,0.5196776000000001,0.9993799999999999,0.0,0.1,0.18353234910985672,0.9159574468085107,0.09948979591836735,1.4363730451062047,-0.12397368762407462,False
0.8,0.5240849750071384,1.0,0.008510364598204749,0.3666666666666667,0.3098784194528875,1.0,0.3098784194528875,1.116385818688076,0.5061194950798639,True
1.2,0.50102832,0.963516,0.0,0.1,0.18353234910985672,0.9159574468085107,0.09948979591836735,1.5441353381389415,-0.17089112857651473,False
