option_bias,mean_score,mean_credit_response_score,mean_targeted_repair_rate,mean_opportunity_score,selection_objective,selected
0.5,0.6229011767245807,0.6881205384882971,0.36502217294900224,0.4,0.8008031236365886,False
0.7,0.6246036445917305,0.6908229934456269,0.36456762749445676,0.4,0.8028834388423656,False
1.0,0.6222114056062025,0.6808603840146888,0.38545454545454544,0.4,0.8014036125030981,False
1.35,0.6771807839001326,0.7844838534154152,0.3678858350951374,0.4,0.8708445006580156,False
1.7,0.7133838803016684,0.8448600832215154,0.41240522267223606,0.4375039999999982,0.9243003603377791,True
