direct_bias,tune_total_score,tune_maturation_score,tune_crisis_score,tune_resolved_rate,tune_env_response,tune_social_response,tune_coupled_response,tune_damage,selection_objective,selected
0.0,0.4852864802714221,0.9332432312911964,0.0,0.0,0.367276378636561,0.0,0.0,2.3892814649876124,-0.6096278423467334,True
0.4,0.48462454857142856,0.9319702857142856,0.0,0.0,0.367276378636561,0.0,0.0,2.42441700212506,-0.6232308805049609,False
0.8,0.48610850429494523,0.9348240467210485,0.0,0.0,0.367276378636561,0.0,0.0,2.4112670568799603,-0.6176699981368867,False
