architecture,train_loss,train_accuracy,device_used,parameter_count,train_sequences,train_steps
frame_mlp,1.8162533044815063,0.25658294153359595,mps,9932,105,70827
gru,1.7891311645507812,0.2634729693478476,mps,28236,105,70827
