option_bias,mean_score,mean_response_score,mean_targeted_response_rate,selection_objective,selected
0.7,0.7600920482139438,0.8356400458342673,0.5753794782453319,0.9063992119736825,True
1.0,0.7476305215655352,0.8426732881348968,0.5142348342714197,0.8898901028834364,False
1.35,0.7226789393554107,0.8154899417967734,0.5137025819708747,0.8616339389286936,False
1.7,0.7199692724319202,0.8053913085149977,0.5253925667828108,0.8586476347963448,False
2.1,0.713066610345807,0.7781861873403872,0.5452167872777629,0.8500662958088745,False
