planner,base_target,pressure_weight,imbalance_weight,starvation_weight,max_target,strength,tune_total_score,tune_maturation_score,tune_crisis_score,tune_resolved_rate,tune_env_response,tune_social_response,tune_coupled_response,tune_damage,selection_objective,selected
conservative_min,0.08,0.08,0.34,0.18,0.22,0.82,0.4967244370075311,0.9552393019375598,0.0,0.45,0.3896168041684759,1.0,0.3896168041684759,1.4057014449834044,0.4785485621476912,True
balanced_min,0.1,0.1,0.46,0.24,0.28,0.96,0.4967216776547692,0.9552339954899407,0.0,0.3666666666666667,0.39068063395570995,1.0,0.39068063395570995,1.404914163694373,0.42160929472482633,False
urgent_min,0.12,0.14,0.58,0.3,0.34,1.1,0.4988276382030852,0.9551849878419557,0.004440509427642063,0.3666666666666667,0.39599978289188015,1.0,0.39599978289188015,1.3824427947534867,0.4410075908253582,False
env_social_guard,0.13,0.1,0.62,0.28,0.32,1.04,0.4967155424408153,0.9552221970015677,0.0,0.3666666666666667,0.3991912722535823,1.0,0.3991912722535823,1.3767030370290216,0.4402195321883715,False
high_pressure_guard,0.14,0.16,0.68,0.36,0.38,1.18,0.5011377643163459,0.9552063285116857,0.009230153104727766,0.3666666666666667,0.39068063395570995,1.0,0.39068063395570995,1.385668320482445,0.44089125888269126,False
