ablation,mean_total_score,total_loss,crisis_score_loss,resolved_rate_loss,env_response_loss,social_response_loss,coupled_response_loss,damage_increase
body,0.5000888058075046,0.010776719970736037,0.0,0.0,0.012820512820512803,-0.24102564102564095,-0.037179487179487186,-0.1363638419911506
infrastructure,0.4572131199999999,0.05365240577824071,0.0,0.0,-0.02115384615384619,-0.04166666666666674,-0.03205128205128205,-0.07018430351020144
tools,0.5163245349166093,-0.00545900913836872,0.0,0.0,-0.0051282051282051655,0.033333333333333326,0.00833333333333336,-0.00544412992590515
social_culture,0.518472448,-0.007606922221759405,0.0,0.0,0.0019230769230769162,0.014743589743589802,-0.0019230769230769162,0.035691988089634696
environment,0.5164775747822083,-0.005612049003967723,0.0,0.0,-0.007051282051282082,0.1589743589743589,0.059615384615384626,0.12115239022043833
previous_action,0.52,-0.009134474221759392,0.0,0.0,-0.0076923076923077205,0.009615384615384581,-0.008333333333333331,-0.007509342335475289
