policy_bias,tune_total_score,tune_maturation_score,tune_crisis_score,tune_resolved_rate,tune_env_response,tune_social_response,tune_coupled_response,tune_damage,selection_objective,selected
0.0,0.52,1.0,0.0,0.0,0.011702127659574468,1.0,0.011702127659574468,1.6907904160940792,-0.4004660073350553,False
0.4,0.5196776000000001,0.9993799999999999,0.0,0.0,0.0010638297872340426,1.0,0.0010638297872340426,1.6721414318994097,-0.4072399682286231,False
0.8,0.52,1.0,0.0,0.0,0.08404255319148936,0.9191489361702128,0.0031914893617021275,1.6344538867207654,-0.36866311567141674,True
1.2,0.50102832,0.963516,0.0,0.0,0.0,1.0,0.0,1.7160799167762062,-0.43027834207167204,False
