action_value_bias,tune_total_score,tune_maturation_score,tune_crisis_score,tune_resolved_rate,tune_env_response,tune_social_response,tune_coupled_response,tune_damage,selection_objective,selected
0.0,0.5075717028571429,0.9760994285714286,0.0,0.1,0.14097372991749893,0.5616532783326096,0.12204190186712983,1.8258706107363356,-0.15144946950815508,True
0.4,0.4834590214057012,0.9297288873186561,0.0,0.1,0.11734693877551021,0.45616044290056446,0.011479591836734694,1.8073850800643934,-0.25743160949233834,False
0.8,0.48633534877741613,0.9352602861104156,0.0,0.0,0.1154363873208858,0.388558402084238,0.0012755102040816326,2.1472878170229865,-0.46084971126515933,False
