architecture,ablation,mean_score,score_loss,mean_social_response_score,social_response_loss,mean_variant_targeted_rate,variant_targeted_loss,mean_culture_score,culture_loss
return_selected_social_gru,regime_signal,0.6821359734179634,0.029178830366209052,0.8123594881844622,0.002502811129159621,0.4,0.0,0.9824128839976705,-0.0016970347340364844
return_selected_social_gru,social_culture,0.6854211139587351,0.025893689825437383,0.8642929017023576,-0.049430602388735756,0.341527950310559,0.05847204968944103,0.8107104238295049,0.1700054254341291
return_selected_social_gru,memory,0.667320623834209,0.04399417994996346,0.817249363010407,-0.0023870636967850967,0.5413333333333333,-0.1413333333333333,0.6600058282515289,0.3207100210121051
return_selected_social_gru,body,0.7014126206535483,0.009902183130624187,0.9374857944465163,-0.12262349513289439,0.5167826714348454,-0.11678267143484533,0.9877715200000001,-0.007055670736366149
