ablation,mean_total_score,total_loss,crisis_score_loss,resolved_rate_loss,env_response_loss,social_response_loss,coupled_response_loss,damage_increase
body,0.5259666267835641,0.09777555656113024,0.1706971463039252,0.10666666666666669,0.10775682138962095,0.0,0.10775682138962095,0.23886129412904888
infrastructure,0.49640900651541847,0.12733317682927586,0.11955007047565518,0.09999999999999998,0.09546443160541074,0.0,0.09546443160541074,0.23648992394098722
tools,0.5663425050744995,0.057399678270194876,0.11986498046893872,0.14,0.12369145110273405,0.0,0.12369145110273405,-0.051179930183130384
social_culture,0.5189139130510844,0.10482827029360997,0.22437501530144632,0.62,0.10391156462585027,1.0,0.6154337645072936,0.8296246384863708
environment,0.5174144104903999,0.1063277728542944,0.22437501530144632,0.62,0.6154337645072936,0.0,0.6154337645072936,0.538344050489344
previous_action,0.5260017790406745,0.09774040430401987,0.1166631241243721,0.17333333333333334,0.21158087438797168,0.0,0.21158087438797168,0.11255957283280504
