{
  "config": {
    "train_seeds": [
      20260718,
      20260719,
      20260720,
      20260721,
      20260722,
      20260723,
      20260724,
      20260725
    ],
    "eval_seeds": [
      20260783,
      20260784,
      20260785,
      20260786,
      20260787
    ],
    "hours": 16.0,
    "step_hours": 0.08,
    "population": 10,
    "epochs": 80,
    "hidden_size": 48,
    "learning_rate": 0.004,
    "device": "mps",
    "trace_seed": 20260783
  },
  "actions": [
    "rest",
    "harvest_water",
    "harvest_food",
    "inspect",
    "construct",
    "reinforce_shelter",
    "redesign_tools",
    "filter_water",
    "quarantine",
    "diversify_food",
    "teach",
    "mediate"
  ],
  "feature_groups": {
    "body": [
      0,
      1,
      2,
      3,
      4,
      5,
      6,
      7,
      8,
      9
    ],
    "skill": [
      10,
      11,
      12,
      13,
      14,
      15
    ],
    "resources": [
      16,
      17,
      18,
      19
    ],
    "infrastructure": [
      20,
      21,
      22,
      23,
      24,
      25,
      26,
      27,
      28
    ],
    "social_culture": [
      29,
      30,
      31,
      32,
      33,
      34,
      35
    ],
    "symptoms": [
      36,
      37,
      38,
      39,
      40
    ],
    "memory": [
      41,
      42,
      43,
      44,
      45
    ],
    "time": [
      46,
      47
    ],
    "previous_action": [
      48,
      49,
      50,
      51,
      52,
      53,
      54,
      55,
      56,
      57,
      58,
      59
    ]
  },
  "training": [
    {
      "architecture": "frame_mlp",
      "train_loss": 1.723852515220642,
      "train_accuracy": 0.3425625264644623,
      "device_used": "mps",
      "parameter_count": 5868
    },
    {
      "architecture": "gru",
      "train_loss": 1.7144103050231934,
      "train_accuracy": 0.34806251525878906,
      "device_used": "mps",
      "parameter_count": 16428
    }
  ],
  "summary": [
    {
      "architecture": "frame_mlp",
      "condition": "none",
      "mean_long_horizon_score": 0.7576486536071788,
      "mean_survival_score": 1.0,
      "mean_development_score": 0.623738056600173,
      "mean_culture_score": 0.9853540456275264,
      "mean_inference_score": 0.227762507856713,
      "mean_response_score": 0.8347205933648256,
      "mean_targeted_response_rate": 0.30762453656892486,
      "mean_final_alive": 10.4,
      "mean_alive_at_12h": 10.4,
      "mean_architecture_delta": 0.6692465274675008,
      "mean_tool_design_delta": 0.7219744175394416,
      "mean_knowledge_transfer": 0.8750148095712589,
      "mean_symbol_convergence": 0.99968,
      "no_major_regime_before_12h_rate": 1.0,
      "hidden_regime_after_12h_rate": 1.0
    },
    {
      "architecture": "gru",
      "condition": "body",
      "mean_long_horizon_score": 0.6967482164565146,
      "mean_survival_score": 1.0,
      "mean_development_score": 0.4306096996527408,
      "mean_culture_score": 1.0,
      "mean_inference_score": 0.2673611230781577,
      "mean_response_score": 0.6020931592133566,
      "mean_targeted_response_rate": 0.6,
      "mean_final_alive": 10.2,
      "mean_alive_at_12h": 10.0,
      "mean_architecture_delta": 0.7838768804358145,
      "mean_tool_design_delta": 0.0,
      "mean_knowledge_transfer": 1.0,
      "mean_symbol_convergence": 1.0,
      "no_major_regime_before_12h_rate": 1.0,
      "hidden_regime_after_12h_rate": 1.0
    },
    {
      "architecture": "gru",
      "condition": "infrastructure",
      "mean_long_horizon_score": 0.5793427611987486,
      "mean_survival_score": 1.0,
      "mean_development_score": 0.0,
      "mean_culture_score": 1.0,
      "mean_inference_score": 0.2859507633588589,
      "mean_response_score": 0.4281153535952611,
      "mean_targeted_response_rate": 0.6,
      "mean_final_alive": 10.0,
      "mean_alive_at_12h": 10.0,
      "mean_architecture_delta": 0.0,
      "mean_tool_design_delta": 0.0,
      "mean_knowledge_transfer": 1.0,
      "mean_symbol_convergence": 1.0,
      "no_major_regime_before_12h_rate": 1.0,
      "hidden_regime_after_12h_rate": 1.0
    },
    {
      "architecture": "gru",
      "condition": "memory",
      "mean_long_horizon_score": 0.6949769182730495,
      "mean_survival_score": 1.0,
      "mean_development_score": 0.385166246473024,
      "mean_culture_score": 1.0,
      "mean_inference_score": 0.2134930865613768,
      "mean_response_score": 0.7566581768428221,
      "mean_targeted_response_rate": 0.28374653511862813,
      "mean_final_alive": 10.2,
      "mean_alive_at_12h": 10.0,
      "mean_architecture_delta": 0.5311474272028198,
      "mean_tool_design_delta": 0.2529048234259324,
      "mean_knowledge_transfer": 1.0,
      "mean_symbol_convergence": 0.9999648831778079,
      "no_major_regime_before_12h_rate": 1.0,
      "hidden_regime_after_12h_rate": 1.0
    },
    {
      "architecture": "gru",
      "condition": "none",
      "mean_long_horizon_score": 0.6866595822190523,
      "mean_survival_score": 1.0,
      "mean_development_score": 0.36124468928693537,
      "mean_culture_score": 1.0,
      "mean_inference_score": 0.2633288863326705,
      "mean_response_score": 0.6902454071266046,
      "mean_targeted_response_rate": 0.37054689754689757,
      "mean_final_alive": 10.0,
      "mean_alive_at_12h": 10.0,
      "mean_architecture_delta": 0.3925796586641908,
      "mean_tool_design_delta": 0.2724486891884068,
      "mean_knowledge_transfer": 0.8798623365590748,
      "mean_symbol_convergence": 0.99968,
      "no_major_regime_before_12h_rate": 1.0,
      "hidden_regime_after_12h_rate": 1.0
    },
    {
      "architecture": "gru",
      "condition": "social_culture",
      "mean_long_horizon_score": 0.6641386655287996,
      "mean_survival_score": 1.0,
      "mean_development_score": 0.2785983827270233,
      "mean_culture_score": 1.0,
      "mean_inference_score": 0.2698694060198474,
      "mean_response_score": 0.6159525092785181,
      "mean_targeted_response_rate": 0.48969267261382976,
      "mean_final_alive": 10.2,
      "mean_alive_at_12h": 10.0,
      "mean_architecture_delta": 0.3460699279134925,
      "mean_tool_design_delta": 0.09019574858340786,
      "mean_knowledge_transfer": 1.0,
      "mean_symbol_convergence": 1.0,
      "no_major_regime_before_12h_rate": 1.0,
      "hidden_regime_after_12h_rate": 1.0
    },
    {
      "architecture": "gru",
      "condition": "symptoms",
      "mean_long_horizon_score": 0.7538193445263525,
      "mean_survival_score": 1.0,
      "mean_development_score": 0.7157994068131217,
      "mean_culture_score": 0.910502876116556,
      "mean_inference_score": 0.2170029164240833,
      "mean_response_score": 0.8261392766518124,
      "mean_targeted_response_rate": 0.2415159135312283,
      "mean_final_alive": 10.2,
      "mean_alive_at_12h": 10.0,
      "mean_architecture_delta": 0.7831224353488133,
      "mean_tool_design_delta": 0.8400000000000001,
      "mean_knowledge_transfer": 0.7591044155841807,
      "mean_symbol_convergence": 0.9742591799848975,
      "no_major_regime_before_12h_rate": 1.0,
      "hidden_regime_after_12h_rate": 1.0
    },
    {
      "architecture": "scripted",
      "condition": "reactive_survival_only",
      "mean_long_horizon_score": 0.3355590765169992,
      "mean_survival_score": 1.0,
      "mean_development_score": 0.0,
      "mean_culture_score": 0.05057296023040149,
      "mean_inference_score": 0.06650534166093373,
      "mean_response_score": 0.3367369529751732,
      "mean_targeted_response_rate": 0.0,
      "mean_final_alive": 10.0,
      "mean_alive_at_12h": 10.0,
      "mean_architecture_delta": -0.15999999999999923,
      "mean_tool_design_delta": 0.0,
      "mean_knowledge_transfer": 0.0,
      "mean_symbol_convergence": 0.0,
      "no_major_regime_before_12h_rate": 1.0,
      "hidden_regime_after_12h_rate": 1.0
    }
  ],
  "ablations": [
    {
      "architecture": "gru",
      "ablation": "symptoms",
      "mean_score": 0.7538193445263525,