tick_id,day,settlement_id,resident_id,body_issue,proposed_treatment,consent_state,consent_reason,autonomy_pressure,trust_before,trust_after,treatment_performed,treatment_blocked,refusal_respected,body_delta,distress_bounded,visible_consent_prompt
0,1,riverbend,Lio,fatigue,invite rest,refused,ask before touching sore wrist,0.4784,0.54,0.544,False,True,True,-0.013,True,True
4,1,orchard,Mara,overload,offer quiet space,refused,keep distance while muddy,0.3184,0.57,0.574,False,True,True,0.009,True,True
8,1,archive,Toma,soreness,offer careful bandage,refused,do not interrupt recall,0.3184,0.57,0.574,False,True,True,0.009,True,True
12,1,riverbend,Lio,wetness,offer dry cloth,granted,clear prompt and resident trust sufficient,0.31972,0.544,0.554,True,False,True,0.095,True,True
16,2,orchard,Ivo,cold,offer warm wrap,refused,keep distance while muddy,0.3184,0.54,0.544,False,True,True,0.009,True,True
20,2,archive,Nia,fatigue,invite rest,refused,do not interrupt recall,0.3184,0.54,0.544,False,True,True,-0.013,True,True
21,2,signal,Ren,cold,offer warm wrap,refused,offer rest before aid,0.2284,0.54,0.544,False,True,True,-0.003,True,True
24,2,riverbend,Ari,overload,offer quiet space,refused,ask before touching sore wrist,0.2284,0.54,0.544,False,True,True,0.009,True,True
28,2,orchard,Ivo,soreness,offer careful bandage,granted,clear prompt and resident trust sufficient,0.22972,0.544,0.554,True,False,True,0.109,True,True
31,2,roofward,Sera,cold,offer warm wrap,refused,explain treatment first,0.2284,0.57,0.574,False,True,True,0.009,True,True
32,3,archive,Toma,wetness,offer dry cloth,granted,clear prompt and resident trust sufficient,0.31972,0.574,0.584,True,False,True,0.109,True,True
36,3,riverbend,Lio,cold,offer warm wrap,granted,clear prompt and resident trust sufficient,0.32104,0.554,0.564,True,False,True,0.097,True,True
40,3,orchard,Mara,fatigue,invite rest,granted,clear prompt and resident trust sufficient,0.31642,0.574,0.584,True,False,True,0.139,True,True
44,3,archive,Toma,overload,offer quiet space,granted,clear prompt and resident trust sufficient,0.48104,0.584,0.594,True,False,True,0.109,True,True
48,4,riverbend,Ari,soreness,offer careful bandage,granted,clear prompt and resident trust sufficient,0.31642,0.544,0.554,True,False,True,0.097,True,True
51,4,signal,Ren,cold,offer warm wrap,granted,clear prompt and resident trust sufficient,0.22972,0.544,0.554,True,False,True,0.097,True,True
52,4,orchard,Ivo,wetness,offer dry cloth,deferred,finish current queued task first,0.32104,0.554,0.558,False,True,True,-0.005,True,True
54,4,riverbend,Ari,overload,offer quiet space,granted,clear prompt and resident trust sufficient,0.22774,0.554,0.564,True,False,True,0.109,True,True
56,4,archive,Nia,cold,offer warm wrap,granted,clear prompt and resident trust sufficient,0.31972,0.544,0.554,True,False,True,0.109,True,True
58,4,orchard,Ivo,soreness,offer careful bandage,granted,clear prompt and resident trust sufficient,0.23236,0.558,0.568,True,False,True,0.075,True,True
60,4,riverbend,Ari,fatigue,invite rest,granted,clear prompt and resident trust sufficient,0.29376,0.564,0.574,True,False,True,0.117,True,True
61,4,roofward,Sera,cold,offer warm wrap,granted,clear prompt and resident trust sufficient,0.22972,0.574,0.584,True,False,True,0.109,True,True
64,5,orchard,Mara,overload,offer quiet space,granted,clear prompt and resident trust sufficient,0.31774,0.584,0.594,True,False,True,0.109,True,True
68,5,archive,Toma,soreness,offer careful bandage,granted,clear prompt and resident trust sufficient,0.29706,0.594,0.604,True,False,True,0.109,True,True
72,5,riverbend,Lio,wetness,offer dry cloth,granted,clear prompt and resident trust sufficient,0.32236,0.564,0.574,True,False,True,0.095,True,True
76,5,orchard,Mara,cold,offer warm wrap,granted,clear prompt and resident trust sufficient,0.29376,0.594,0.604,True,False,True,0.109,True,True
80,6,archive,Nia,fatigue,invite rest,granted,clear prompt and resident trust sufficient,0.32104,0.554,0.564,True,False,True,0.117,True,True
81,6,signal,Ren,cold,offer warm wrap,granted,clear prompt and resident trust sufficient,0.23104,0.554,0.564,True,False,True,0.086,True,True
84,6,riverbend,Ari,overload,offer quiet space,granted,clear prompt and resident trust sufficient,0.20508,0.574,0.584,True,False,True,0.109,True,True
88,6,orchard,Ivo,soreness,offer careful bandage,granted,clear prompt and resident trust sufficient,0.39368,0.568,0.578,True,False,True,0.0,True,True
91,6,roofward,Sera,cold,offer warm wrap,granted,clear prompt and resident trust sufficient,0.23104,0.584,0.594,True,False,True,0.062,True,True
92,6,archive,Nia,wetness,offer dry cloth,granted,clear prompt and resident trust sufficient,0.32236,0.564,0.574,True,False,True,0.109,True,True
95,6,repair_ring,Pax,fatigue,invite rest,refused,ask before bandage,0.2284,0.54,0.544,False,True,True,0.009,True,True
96,7,riverbend,Lio,cold,offer warm wrap,granted,clear prompt and resident trust sufficient,0.32368,0.574,0.584,True,False,True,0.097,True,True
100,7,orchard,Mara,fatigue,invite rest,granted,clear prompt and resident trust sufficient,0.29508,0.604,0.614,True,False,True,0.139,True,True
104,7,archive,Toma,overload,offer quiet space,deferred,finish current queued task first,0.29838,0.604,0.608,False,True,True,0.009,True,True
108,7,riverbend,Lio,soreness,offer careful bandage,granted,clear prompt and resident trust sufficient,0.325,0.584,0.594,True,False,True,0.109,True,True
112,8,orchard,Ivo,wetness,offer dry cloth,granted,clear prompt and resident trust sufficient,0.325,0.578,0.588,True,False,True,0.095,True,True
114,8,riverbend,Ari,overload,offer quiet space,granted,clear prompt and resident trust sufficient,0.1811,0.584,0.594,True,False,True,0.005,True,True
116,8,archive,Nia,cold,offer warm wrap,granted,clear prompt and resident trust sufficient,0.32368,0.574,0.584,True,False,True,0.089,True,True
118,8,orchard,Ivo,soreness,offer careful bandage,granted,clear prompt and resident trust sufficient,0.23632,0.588,0.598,True,False,True,0.018,True,True
120,8,riverbend,Ari,fatigue,invite rest,granted,clear prompt and resident trust sufficient,0.27,0.594,0.604,True,False,True,0.095,True,True
121,8,roofward,Sera,cold,offer warm wrap,granted,clear prompt and resident trust sufficient,0.39236,0.594,0.604,True,False,True,0.0,True,True
124,8,orchard,Ivo,overload,offer quiet space,refused,keep distance while muddy,0.32764,0.598,0.602,False,True,True,0.009,True,True
125,8,repair_ring,Pax,fatigue,invite rest,granted,clear prompt and resident trust sufficient,0.22972,0.544,0.554,True,False,True,0.139,True,True
128,9,archive,Toma,soreness,offer careful bandage,granted,clear prompt and resident trust sufficient,0.2964,0.608,0.618,True,False,True,0.084,True,True
132,9,riverbend,Lio,wetness,offer dry cloth,granted,clear prompt and resident trust sufficient,0.48632,0.594,0.604,True,False,True,0.09,True,True
136,9,orchard,Mara,cold,offer warm wrap,granted,clear prompt and resident trust sufficient,0.2964,0.614,0.624,True,False,True,0.095,True,True
140,9,archive,Toma,fatigue,invite rest,granted,clear prompt and resident trust sufficient,0.29772,0.618,0.628,True,False,True,0.139,True,True
144,10,roofward,Fay,overload,offer quiet space,refused,explain treatment first,0.3184,0.54,0.544,False,True,True,0.009,True,True
148,10,repair_ring,Juno,soreness,offer careful bandage,refused,ask before bandage,0.3184,0.57,0.574,False,True,True,0.009,True,True
152,10,signal,Milo,wetness,offer dry cloth,refused,offer rest before aid,0.3184,0.57,0.574,False,True,True,0.009,True,True
156,10,roofward,Fay,cold,offer warm wrap,deferred,finish current queued task first,0.31642,0.544,0.548,False,True,True,0.009,True,True
160,11,repair_ring,Pax,fatigue,invite rest,granted,clear prompt and resident trust sufficient,0.32104,0.554,0.564,True,False,True,0.117,True,True
164,11,signal,Ren,overload,offer quiet space,granted,clear prompt and resident trust sufficient,0.23236,0.564,0.574,True,False,True,0.109,True,True
167,11,riverbend,Ari,wetness,offer dry cloth,refused,ask before touching sore wrist,0.18132,0.604,0.608,False,True,True,-0.005,True,True
168,11,roofward,Sera,soreness,offer careful bandage,granted,clear prompt and resident trust sufficient,0.32368,0.604,0.614,True,False,True,0.097,True,True
171,11,orchard,Ivo,cold,offer warm wrap,granted,clear prompt and resident trust sufficient,0.23566,0.602,0.612,True,False,True,0.109,True,True
172,11,repair_ring,Pax,wetness,offer dry cloth,granted,clear prompt and resident trust sufficient,0.32236,0.564,0.574,True,False,True,0.109,True,True
174,11,roofward,Sera,overload,offer quiet space,granted,clear prompt and resident trust sufficient,0.235,0.614,0.624,True,False,True,0.109,True,True
176,12,signal,Milo,cold,offer warm wrap,granted,clear prompt and resident trust sufficient,0.47972,0.574,0.584,True,False,True,0.097,True,True
180,12,roofward,Fay,fatigue,invite rest,granted,clear prompt and resident trust sufficient,0.31774,0.548,0.558,True,False,True,0.117,True,True
184,12,repair_ring,Juno,overload,offer quiet space,granted,clear prompt and resident trust sufficient,0.31972,0.574,0.584,True,False,True,0.109,True,True
188,12,signal,Milo,soreness,offer careful bandage,granted,clear prompt and resident trust sufficient,0.32104,0.584,0.594,True,False,True,0.109,True,True
192,13,roofward,Sera,wetness,offer dry cloth,granted,clear prompt and resident trust sufficient,0.30102,0.624,0.634,True,False,True,0.109,True,True
194,13,signal,Ren,overload,offer quiet space,granted,clear prompt and resident trust sufficient,0.20838,0.574,0.584,True,False,True,0.109,True,True
196,13,repair_ring,Pax,cold,offer warm wrap,granted,clear prompt and resident trust sufficient,0.32368,0.574,0.584,True,False,True,0.109,True,True
197,13,riverbend,Ari,wetness,offer dry cloth,granted,clear prompt and resident trust sufficient,0.18264,0.608,0.618,True,False,True,0.095,True,True
200,13,signal,Ren,fatigue,invite rest,granted,clear prompt and resident trust sufficient,0.2744,0.584,0.594,True,False,True,0.117,True,True
201,13,orchard,Ivo,cold,offer warm wrap,granted,clear prompt and resident trust sufficient,0.23698,0.612,0.622,True,False,True,0.104,True,True
204,13,roofward,Sera,overload,offer quiet space,refused,explain treatment first,0.21234,0.634,0.638,False,True,True,0.009,True,True
208,14,repair_ring,Juno,soreness,offer careful bandage,deferred,finish current queued task first,0.29574,0.584,0.588,False,True,True,0.009,True,True
212,14,signal,Milo,wetness,offer dry cloth,granted,clear prompt and resident trust sufficient,0.32236,0.594,0.604,True,False,True,0.109,True,True
216,14,roofward,Fay,cold,offer warm wrap,granted,clear prompt and resident trust sufficient,0.31906,0.558,0.568,True,False,True,0.109,True,True
220,14,repair_ring,Juno,fatigue,invite rest,granted,clear prompt and resident trust sufficient,0.45706,0.588,0.598,True,False,True,0.139,True,True
224,15,signal,Ren,overload,offer quiet space,granted,clear prompt and resident trust sufficient,0.18572,0.594,0.604,True,False,True,0.026,True,True
227,15,riverbend,Ari,wetness,offer dry cloth,granted,clear prompt and resident trust sufficient,0.18396,0.618,0.628,True,False,True,0.095,True,True
228,15,roofward,Sera,soreness,offer careful bandage,granted,clear prompt and resident trust sufficient,0.30036,0.638,0.648,True,False,True,0.097,True,True
231,15,orchard,Ivo,cold,offer warm wrap,granted,clear prompt and resident trust sufficient,0.3983,0.622,0.632,True,False,True,0.0,True,True
232,15,repair_ring,Pax,wetness,offer dry cloth,granted,clear prompt and resident trust sufficient,0.325,0.584,0.594,True,False,True,0.109,True,True
234,15,roofward,Sera,overload,offer quiet space,granted,clear prompt and resident trust sufficient,0.21168,0.648,0.658,True,False,True,0.109,True,True
236,15,signal,Ren,cold,offer warm wrap,refused,offer rest before aid,0.27,0.604,0.608,False,True,True,-0.003,True,True
238,15,repair_ring,Pax,soreness,offer careful bandage,granted,clear prompt and resident trust sufficient,0.23632,0.594,0.604,True,False,True,0.109,True,True
240,16,roofward,Fay,fatigue,invite rest,granted,clear prompt and resident trust sufficient,0.32038,0.568,0.578,True,False,True,0.117,True,True
244,16,repair_ring,Juno,overload,offer quiet space,granted,clear prompt and resident trust sufficient,0.29838,0.598,0.608,True,False,True,0.109,True,True
248,16,signal,Milo,soreness,offer careful bandage,granted,clear prompt and resident trust sufficient,0.32368,0.604,0.614,True,False,True,0.069,True,True
252,16,roofward,Fay,wetness,offer dry cloth,granted,clear prompt and resident trust sufficient,0.3217,0.578,0.588,True,False,True,0.109,True,True
256,17,repair_ring,Pax,cold,offer warm wrap,refused,ask before bandage,0.32764,0.604,0.608,False,True,True,0.009,True,True
257,17,riverbend,Ari,wetness,offer dry cloth,granted,clear prompt and resident trust sufficient,0.18528,0.628,0.638,True,False,True,0.095,True,True
260,17,signal,Ren,fatigue,invite rest,deferred,finish current queued task first,0.27132,0.608,0.612,False,True,True,-0.013,True,True
261,17,orchard,Ivo,cold,offer warm wrap,granted,clear prompt and resident trust sufficient,0.23962,0.632,0.642,True,False,True,0.0,True,True
264,17,roofward,Sera,overload,offer quiet space,granted,clear prompt and resident trust sufficient,0.3477,0.658,0.668,True,False,True,0.035,True,True
268,17,repair_ring,Pax,soreness,offer careful bandage,granted,clear prompt and resident trust sufficient,0.23896,0.608,0.618,True,False,True,0.109,True,True
271,17,archive,Nia,cold,offer warm wrap,granted,clear prompt and resident trust sufficient,0.235,0.584,0.594,True,False,True,0.0,True,True
272,18,signal,Milo,wetness,offer dry cloth,granted,clear prompt and resident trust sufficient,0.325,0.614,0.624,True,False,True,0.1,True,True
276,18,roofward,Fay,cold,offer warm wrap,granted,clear prompt and resident trust sufficient,0.32302,0.588,0.598,True,False,True,0.086,True,True
280,18,repair_ring,Juno,fatigue,invite rest,granted,clear prompt and resident trust sufficient,0.2744,0.608,0.618,True,False,True,0.139,True,True
284,18,signal,Milo,overload,offer quiet space,granted,clear prompt and resident trust sufficient,0.32632,0.624,0.634,True,False,True,0.109,True,True
288,19,roofward,Sera,soreness,offer careful bandage,granted,clear prompt and resident trust sufficient,0.27,0.668,0.678,True,False,True,0.02,True,True
291,19,orchard,Ivo,cold,offer warm wrap,granted,clear prompt and resident trust sufficient,0.24094,0.642,0.652,True,False,True,0.0,True,True
292,19,repair_ring,Pax,wetness,offer dry cloth,granted,clear prompt and resident trust sufficient,0.33028,0.618,0.628,True,False,True,0.024,True,True
294,19,roofward,Sera,overload,offer quiet space,granted,clear prompt and resident trust sufficient,0.18132,0.678,0.688,True,False,True,0.006,True,True
296,19,signal,Ren,cold,offer warm wrap,granted,clear prompt and resident trust sufficient,0.27264,0.612,0.622,True,False,True,0.093,True,True
298,19,repair_ring,Pax,soreness,offer careful bandage,granted,clear prompt and resident trust sufficient,0.2416,0.628,0.638,True,False,True,0.038,True,True
300,19,roofward,Sera,fatigue,invite rest,granted,clear prompt and resident trust sufficient,0.27,0.688,0.698,True,False,True,0.094,True,True
301,19,archive,Nia,cold,offer warm wrap,granted,clear prompt and resident trust sufficient,0.23632,0.594,0.604,True,False,True,0.0,True,True
304,20,riverbend,Ari,overload,offer quiet space,granted,clear prompt and resident trust sufficient,0.2766,0.638,0.648,True,False,True,0.03,True,True
307,20,signal,Ren,wetness,offer dry cloth,granted,clear prompt and resident trust sufficient,0.18396,0.622,0.632,True,False,True,0.109,True,True
308,20,orchard,Ivo,soreness,offer careful bandage,granted,clear prompt and resident trust sufficient,0.49226,0.652,0.662,True,False,True,0.048,True,True
310,20,riverbend,Ari,fatigue,invite rest,granted,clear prompt and resident trust sufficient,0.18,0.648,0.658,True,False,True,0.0,True,True
312,20,archive,Nia,wetness,offer dry cloth,refused,do not interrupt recall,0.32764,0.604,0.608,False,True,True,0.009,True,True
314,20,orchard,Ivo,overload,offer quiet space,refused,keep distance while muddy,0.24358,0.662,0.666,False,True,True,0.009,True,True
316,20,riverbend,Ari,cold,offer warm wrap,granted,clear prompt and resident trust sufficient,0.27132,0.658,0.668,True,False,True,0.097,True,True
317,20,roofward,Sera,wetness,offer dry cloth,refused,explain treatment first,0.18132,0.698,0.702,False,True,True,0.009,True,True
320,21,orchard,Mara,fatigue,invite rest,granted,clear prompt and resident trust sufficient,0.29772,0.624,0.634,True,False,True,0.0,True,True
324,21,archive,Toma,overload,offer quiet space,refused,do not interrupt recall,0.29904,0.628,0.632,False,True,True,0.009,True,True
328,21,riverbend,Lio,soreness,offer careful bandage,refused,ask before touching sore wrist,0.32764,0.604,0.608,False,True,True,0.009,True,True
332,21,orchard,Mara,wetness,offer dry cloth,refused,keep distance while muddy,0.29904,0.634,0.638,False,True,True,-0.005,True,True
336,22,archive,Nia,cold,offer warm wrap,granted,clear prompt and resident trust sufficient,0.32896,0.608,0.618,True,False,True,0.006,True,True
337,22,signal,Ren,wetness,offer dry cloth,granted,clear prompt and resident trust sufficient,0.18528,0.632,0.642,True,False,True,0.109,True,True
340,22,riverbend,Ari,fatigue,invite rest,refused,ask before touching sore wrist,0.18264,0.668,0.672,False,True,True,0.0,True,True
344,22,orchard,Ivo,overload,offer quiet space,granted,clear prompt and resident trust sufficient,0.2416,0.666,0.676,True,False,True,0.109,True,True
347,22,roofward,Sera,wetness,offer dry cloth,granted,clear prompt and resident trust sufficient,0.18264,0.702,0.712,True,False,True,0.109,True,True
348,22,archive,Nia,soreness,offer careful bandage,granted,clear prompt and resident trust sufficient,0.33028,0.618,0.628,True,False,True,0.097,True,True
351,22,repair_ring,Pax,cold,offer warm wrap,granted,clear prompt and resident trust sufficient,0.24292,0.638,0.648,True,False,True,0.109,True,True
352,23,riverbend,Lio,wetness,offer dry cloth,granted,clear prompt and resident trust sufficient,0.48896,0.608,0.618,True,False,True,0.02,True,True
356,23,orchard,Mara,cold,offer warm wrap,granted,clear prompt and resident trust sufficient,0.30036,0.638,0.648,True,False,True,0.012,True,True
360,23,archive,Toma,fatigue,invite rest,granted,clear prompt and resident trust sufficient,0.29706,0.632,0.642,True,False,True,0.107,True,True
364,23,riverbend,Lio,overload,offer quiet space,deferred,finish current queued task first,0.33028,0.618,0.622,False,True,True,0.009,True,True
368,24,orchard,Ivo,soreness,offer careful bandage,granted,clear prompt and resident trust sufficient,0.30762,0.676,0.686,True,False,True,0.012,True,True
370,24,riverbend,Ari,fatigue,invite rest,granted,clear prompt and resident trust sufficient,0.18396,0.672,0.682,True,False,True,0.0,True,True
372,24,archive,Nia,wetness,offer dry cloth,granted,clear prompt and resident trust sufficient,0.3316,0.628,0.638,True,False,True,0.109,True,True
374,24,orchard,Ivo,overload,offer quiet space,granted,clear prompt and resident trust sufficient,0.37894,0.686,0.696,True,False,True,0.109,True,True
376,24,riverbend,Ari,cold,offer warm wrap,granted,clear prompt and resident trust sufficient,0.27528,0.682,0.692,True,False,True,0.097,True,True
377,24,roofward,Sera,wetness,offer dry cloth,granted,clear prompt and resident trust sufficient,0.18396,0.712,0.722,True,False,True,0.051,True,True
380,24,orchard,Ivo,fatigue,invite rest,granted,clear prompt and resident trust sufficient,0.28496,0.696,0.706,True,False,True,0.078,True,True
381,24,repair_ring,Pax,cold,offer warm wrap,granted,clear prompt and resident trust sufficient,0.24424,0.648,0.658,True,False,True,0.007,True,True
384,25,archive,Toma,overload,offer quiet space,granted,clear prompt and resident trust sufficient,0.29838,0.642,0.652,True,False,True,0.109,True,True
388,25,riverbend,Lio,soreness,offer careful bandage,granted,clear prompt and resident trust sufficient,0.3283,0.622,0.632,True,False,True,0.102,True,True
392,25,orchard,Mara,wetness,offer dry cloth,granted,clear prompt and resident trust sufficient,0.30168,0.648,0.658,True,False,True,0.095,True,True
396,25,archive,Toma,cold,offer warm wrap,granted,clear prompt and resident trust sufficient,0.4344,0.652,0.662,True,False,True,0.109,True,True
400,26,riverbend,Ari,fatigue,invite rest,granted,clear prompt and resident trust sufficient,0.1866,0.692,0.702,True,False,True,0.0,True,True
404,26,orchard,Ivo,overload,offer quiet space,granted,clear prompt and resident trust sufficient,0.19628,0.706,0.716,True,False,True,0.074,True,True
407,26,roofward,Sera,wetness,offer dry cloth,granted,clear prompt and resident trust sufficient,0.34528,0.722,0.732,True,False,True,0.0,True,True
408,26,archive,Nia,soreness,offer careful bandage,granted,clear prompt and resident trust sufficient,0.33292,0.638,0.648,True,False,True,0.097,True,True
411,26,repair_ring,Pax,cold,offer warm wrap,granted,clear prompt and resident trust sufficient,0.24556,0.658,0.668,True,False,True,0.0,True,True
412,26,riverbend,Ari,wetness,offer dry cloth,granted,clear prompt and resident trust sufficient,0.27792,0.702,0.712,True,False,True,0.095,True,True
414,26,archive,Nia,overload,offer quiet space,granted,clear prompt and resident trust sufficient,0.24424,0.648,0.658,True,False,True,0.109,True,True
416,27,orchard,Mara,cold,offer warm wrap,deferred,finish current queued task first,0.303,0.658,0.662,False,True,True,0.006,True,True
420,27,archive,Toma,fatigue,invite rest,granted,clear prompt and resident trust sufficient,0.27572,0.662,0.672,True,False,True,0.0,True,True
424,27,riverbend,Lio,overload,offer quiet space,granted,clear prompt and resident trust sufficient,0.32962,0.632,0.642,True,False,True,0.109,True,True
428,27,orchard,Mara,soreness,offer careful bandage,granted,clear prompt and resident trust sufficient,0.30432,0.662,0.672,True,False,True,0.109,True,True
432,28,archive,Nia,wetness,offer dry cloth,granted,clear prompt and resident trust sufficient,0.31026,0.658,0.668,True,False,True,0.033,True,True
434,28,orchard,Ivo,overload,offer quiet space,granted,clear prompt and resident trust sufficient,0.18,0.716,0.726,True,False,True,0.0,True,True
436,28,riverbend,Ari,cold,offer warm wrap,granted,clear prompt and resident trust sufficient,0.27924,0.712,0.722,True,False,True,0.097,True,True
437,28,roofward,Sera,wetness,offer dry cloth,granted,clear prompt and resident trust sufficient,0.1866,0.732,0.742,True,False,True,0.0,True,True
440,28,orchard,Ivo,fatigue,invite rest,refused,keep distance while muddy,0.43,0.726,0.73,False,True,True,-0.013,True,True
441,28,repair_ring,Pax,cold,offer warm wrap,refused,ask before bandage,0.24688,0.668,0.672,False,True,True,0.0,True,True
444,28,archive,Nia,overload,offer quiet space,refused,do not interrupt recall,0.22158,0.668,0.672,False,True,True,0.009,True,True
448,29,riverbend,Lio,soreness,offer careful bandage,granted,clear prompt and resident trust sufficient,0.30564,0.642,0.652,True,False,True,0.006,True,True
452,29,orchard,Mara,wetness,offer dry cloth,granted,clear prompt and resident trust sufficient,0.30564,0.672,0.682,True,False,True,0.095,True,True
456,29,archive,Toma,cold,offer warm wrap,granted,clear prompt and resident trust sufficient,0.27704,0.672,0.682,True,False,True,0.109,True,True
460,29,riverbend,Lio,fatigue,invite rest,granted,clear prompt and resident trust sufficient,0.30696,0.652,0.662,True,False,True,0.065,True,True
464,30,repair_ring,Juno,overload,offer quiet space,granted,clear prompt and resident trust sufficient,0.27572,0.618,0.628,True,False,True,0.026,True,True
468,30,signal,Milo,soreness,offer careful bandage,refused,offer rest before aid,0.30234,0.634,0.638,False,True,True,0.009,True,True
472,30,roofward,Fay,wetness,offer dry cloth,refused,explain treatment first,0.32434,0.598,0.602,False,True,True,0.009,True,True
476,30,repair_ring,Juno,cold,offer warm wrap,refused,ask before bandage,0.27,0.628,0.632,False,True,True,0.009,True,True
480,31,signal,Ren,fatigue,invite rest,granted,clear prompt and resident trust sufficient,0.1866,0.642,0.652,True,False,True,0.0,True,True
483,31,riverbend,Ari,soreness,offer careful bandage,granted,clear prompt and resident trust sufficient,0.19056,0.722,0.732,True,False,True,0.109,True,True
484,31,roofward,Sera,overload,offer quiet space,granted,clear prompt and resident trust sufficient,0.43792,0.742,0.752,True,False,True,0.036,True,True
487,31,orchard,Ivo,wetness,offer dry cloth,granted,clear prompt and resident trust sufficient,0.18132,0.73,0.74,True,False,True,0.095,True,True
488,31,repair_ring,Pax,soreness,offer careful bandage,granted,clear prompt and resident trust sufficient,0.3382,0.672,0.682,True,False,True,0.024,True,True
490,31,roofward,Sera,fatigue,invite rest,granted,clear prompt and resident trust sufficient,0.18,0.752,0.762,True,False,True,0.0,True,True
492,31,signal,Ren,wetness,offer dry cloth,granted,clear prompt and resident trust sufficient,0.27792,0.652,0.662,True,False,True,0.048,True,True
494,31,repair_ring,Pax,overload,offer quiet space,granted,clear prompt and resident trust sufficient,0.24952,0.682,0.692,True,False,True,0.109,True,True
496,32,roofward,Fay,cold,offer warm wrap,granted,clear prompt and resident trust sufficient,0.32566,0.602,0.612,True,False,True,0.006,True,True
500,32,repair_ring,Juno,fatigue,invite rest,granted,clear prompt and resident trust sufficient,0.27132,0.632,0.642,True,False,True,0.006,True,True
504,32,signal,Milo,overload,offer quiet space,granted,clear prompt and resident trust sufficient,0.30366,0.638,0.648,True,False,True,0.109,True,True
508,32,roofward,Fay,soreness,offer careful bandage,granted,clear prompt and resident trust sufficient,0.32698,0.612,0.622,True,False,True,0.109,True,True
512,33,repair_ring,Pax,wetness,offer dry cloth,granted,clear prompt and resident trust sufficient,0.31554,0.692,0.702,True,False,True,0.042,True,True
513,33,riverbend,Ari,soreness,offer careful bandage,refused,ask before touching sore wrist,0.19188,0.732,0.736,False,True,True,0.009,True,True
516,33,signal,Ren,cold,offer warm wrap,refused,offer rest before aid,0.27924,0.662,0.666,False,True,True,-0.003,True,True
517,33,orchard,Ivo,wetness,offer dry cloth,granted,clear prompt and resident trust sufficient,0.34264,0.74,0.75,True,False,True,0.095,True,True
520,33,roofward,Sera,fatigue,invite rest,refused,explain treatment first,0.18132,0.762,0.766,False,True,True,0.0,True,True
524,33,repair_ring,Pax,overload,offer quiet space,granted,clear prompt and resident trust sufficient,0.22686,0.702,0.712,True,False,True,0.109,True,True
527,33,archive,Nia,wetness,offer dry cloth,granted,clear prompt and resident trust sufficient,0.2196,0.672,0.682,True,False,True,0.006,True,True
528,34,signal,Milo,soreness,offer careful bandage,granted,clear prompt and resident trust sufficient,0.43968,0.648,0.658,True,False,True,0.021,True,True
532,34,roofward,Fay,wetness,offer dry cloth,granted,clear prompt and resident trust sufficient,0.3283,0.622,0.632,True,False,True,0.109,True,True
536,34,repair_ring,Juno,cold,offer warm wrap,granted,clear prompt and resident trust sufficient,0.27264,0.642,0.652,True,False,True,0.109,True,True
540,34,signal,Milo,fatigue,invite rest,granted,clear prompt and resident trust sufficient,0.281,0.658,0.668,True,False,True,0.117,True,True
544,35,roofward,Sera,overload,offer quiet space,granted,clear prompt and resident trust sufficient,0.27264,0.766,0.776,True,False,True,0.012,True,True
547,35,orchard,Ivo,wetness,offer dry cloth,granted,clear prompt and resident trust sufficient,0.18396,0.75,0.76,True,False,True,0.095,True,True
548,35,repair_ring,Pax,soreness,offer careful bandage,granted,clear prompt and resident trust sufficient,0.29288,0.712,0.722,True,False,True,0.018,True,True
550,35,roofward,Sera,fatigue,invite rest,granted,clear prompt and resident trust sufficient,0.34,0.776,0.786,True,False,True,0.0,True,True
552,35,signal,Ren,wetness,offer dry cloth,granted,clear prompt and resident trust sufficient,0.28056,0.666,0.676,True,False,True,0.006,True,True
554,35,repair_ring,Pax,overload,offer quiet space,granted,clear prompt and resident trust sufficient,0.2042,0.722,0.732,True,False,True,0.109,True,True
556,35,roofward,Sera,cold,offer warm wrap,granted,clear prompt and resident trust sufficient,0.27132,0.786,0.796,True,False,True,0.109,True,True
557,35,archive,Nia,wetness,offer dry cloth,granted,clear prompt and resident trust sufficient,0.22092,0.682,0.692,True,False,True,0.0,True,True
560,36,repair_ring,Juno,fatigue,invite rest,granted,clear prompt and resident trust sufficient,0.27396,0.652,0.662,True,False,True,0.0,True,True
564,36,signal,Milo,overload,offer quiet space,granted,clear prompt and resident trust sufficient,0.28232,0.668,0.678,True,False,True,0.056,True,True
568,36,roofward,Fay,soreness,offer careful bandage,granted,clear prompt and resident trust sufficient,0.32962,0.632,0.642,True,False,True,0.109,True,True
572,36,repair_ring,Juno,wetness,offer dry cloth,deferred,finish current queued task first,0.43528,0.662,0.666,False,True,True,0.009,True,True
576,37,signal,Ren,cold,offer warm wrap,granted,clear prompt and resident trust sufficient,0.28188,0.676,0.686,True,False,True,0.093,True,True
577,37,orchard,Ivo,wetness,offer dry cloth,granted,clear prompt and resident trust sufficient,0.18528,0.76,0.77,True,False,True,0.095,True,True
580,37,roofward,Sera,fatigue,invite rest,granted,clear prompt and resident trust sufficient,0.18264,0.796,0.806,True,False,True,0.0,True,True
584,37,repair_ring,Pax,overload,offer quiet space,refused,ask before bandage,0.18022,0.732,0.736,False,True,True,0.001,True,True
587,37,archive,Nia,wetness,offer dry cloth,granted,clear prompt and resident trust sufficient,0.22224,0.692,0.702,True,False,True,0.0,True,True
588,37,signal,Ren,soreness,offer careful bandage,granted,clear prompt and resident trust sufficient,0.2832,0.686,0.696,True,False,True,0.097,True,True
592,38,roofward,Fay,wetness,offer dry cloth,granted,clear prompt and resident trust sufficient,0.33094,0.642,0.652,True,False,True,0.027,True,True
596,38,repair_ring,Juno,cold,offer warm wrap,granted,clear prompt and resident trust sufficient,0.2766,0.666,0.676,True,False,True,0.109,True,True
600,38,signal,Milo,fatigue,invite rest,granted,clear prompt and resident trust sufficient,0.27,0.678,0.688,True,False,True,0.0,True,True
604,38,roofward,Fay,overload,offer quiet space,granted,clear prompt and resident trust sufficient,0.33226,0.652,0.662,True,False,True,0.109,True,True
608,39,repair_ring,Pax,soreness,offer careful bandage,granted,clear prompt and resident trust sufficient,0.27,0.736,0.746,True,False,True,0.012,True,True
610,39,roofward,Sera,fatigue,invite rest,granted,clear prompt and resident trust sufficient,0.18396,0.806,0.816,True,False,True,0.0,True,True
612,39,signal,Ren,wetness,offer dry cloth,granted,clear prompt and resident trust sufficient,0.28452,0.696,0.706,True,False,True,0.012,True,True
614,39,repair_ring,Pax,overload,offer quiet space,granted,clear prompt and resident trust sufficient,0.18132,0.746,0.756,True,False,True,0.006,True,True
616,39,roofward,Sera,cold,offer warm wrap,granted,clear prompt and resident trust sufficient,0.43528,0.816,0.826,True,False,True,0.023,True,True
617,39,archive,Nia,wetness,offer dry cloth,granted,clear prompt and resident trust sufficient,0.22356,0.702,0.712,True,False,True,0.0,True,True
620,39,repair_ring,Pax,fatigue,invite rest,granted,clear prompt and resident trust sufficient,0.27,0.756,0.766,True,False,True,0.0,True,True
624,40,orchard,Ivo,overload,offer quiet space,deferred,finish current queued task first,0.2766,0.77,0.774,False,True,True,0.009,True,True
626,40,riverbend,Ari,cold,offer warm wrap,granted,clear prompt and resident trust sufficient,0.1932,0.736,0.746,True,False,True,0.097,True,True
628,40,archive,Nia,soreness,offer careful bandage,granted,clear prompt and resident trust sufficient,0.31488,0.712,0.722,True,False,True,0.109,True,True
630,40,orchard,Ivo,fatigue,invite rest,granted,clear prompt and resident trust sufficient,0.18462,0.774,0.784,True,False,True,0.028,True,True
632,40,riverbend,Ari,wetness,offer dry cloth,granted,clear prompt and resident trust sufficient,0.28452,0.746,0.756,True,False,True,0.095,True,True
633,40,roofward,Sera,soreness,offer careful bandage,refused,explain treatment first,0.1866,0.826,0.83,False,True,True,0.009,True,True
636,40,orchard,Ivo,cold,offer warm wrap,refused,keep distance while muddy,0.27594,0.784,0.788,False,True,True,0.009,True,True
637,40,repair_ring,Pax,wetness,offer dry cloth,granted,clear prompt and resident trust sufficient,0.18132,0.766,0.776,True,False,True,0.042,True,True
640,41,archive,Toma,fatigue,invite rest,granted,clear prompt and resident trust sufficient,0.27836,0.682,0.692,True,False,True,0.0,True,True
644,41,riverbend,Lio,overload,offer quiet space,refused,ask before touching sore wrist,0.30828,0.662,0.666,False,True,True,0.009,True,True
648,41,orchard,Mara,soreness,offer careful bandage,granted,clear prompt and resident trust sufficient,0.30696,0.682,0.692,True,False,True,0.109,True,True
652,41,archive,Toma,wetness,offer dry cloth,refused,do not interrupt recall,0.27968,0.692,0.696,False,True,True,0.009,True,True
656,42,riverbend,Ari,cold,offer warm wrap,granted,clear prompt and resident trust sufficient,0.19584,0.756,0.766,True,False,True,0.097,True,True
660,42,orchard,Ivo,fatigue,invite rest,granted,clear prompt and resident trust sufficient,0.34726,0.788,0.798,True,False,True,0.028,True,True
663,42,roofward,Sera,soreness,offer careful bandage,granted,clear prompt and resident trust sufficient,0.18792,0.83,0.84,True,False,True,0.109,True,True
664,42,archive,Nia,overload,offer quiet space,granted,clear prompt and resident trust sufficient,0.3162,0.722,0.732,True,False,True,0.109,True,True
667,42,repair_ring,Pax,wetness,offer dry cloth,granted,clear prompt and resident trust sufficient,0.18264,0.776,0.786,True,False,True,0.0,True,True
668,42,riverbend,Ari,soreness,offer careful bandage,granted,clear prompt and resident trust sufficient,0.28716,0.766,0.776,True,False,True,0.109,True,True
670,42,archive,Nia,fatigue,invite rest,refused,do not interrupt recall,0.20222,0.732,0.736,False,True,True,0.0,True,True
672,43,orchard,Mara,wetness,offer dry cloth,refused,keep distance while muddy,0.30828,0.692,0.696,False,True,True,-0.005,True,True
676,43,archive,Toma,cold,offer warm wrap,deferred,finish current queued task first,0.281,0.696,0.7,False,True,True,0.009,True,True
680,43,riverbend,Lio,fatigue,invite rest,granted,clear prompt and resident trust sufficient,0.3063,0.666,0.676,True,False,True,0.006,True,True
684,43,orchard,Mara,overload,offer quiet space,granted,clear prompt and resident trust sufficient,0.3096,0.696,0.706,True,False,True,0.109,True,True
688,44,archive,Nia,soreness,offer careful bandage,granted,clear prompt and resident trust sufficient,0.29354,0.736,0.746,True,False,True,0.031,True,True
690,44,orchard,Ivo,fatigue,invite rest,granted,clear prompt and resident trust sufficient,0.18858,0.798,0.808,True,False,True,0.0,True,True
692,44,riverbend,Ari,wetness,offer dry cloth,granted,clear prompt and resident trust sufficient,0.28848,0.776,0.786,True,False,True,0.095,True,True
693,44,roofward,Sera,soreness,offer careful bandage,granted,clear prompt and resident trust sufficient,0.34924,0.84,0.85,True,False,True,0.038,True,True
696,44,orchard,Ivo,cold,offer warm wrap,granted,clear prompt and resident trust sufficient,0.2799,0.808,0.818,True,False,True,0.093,True,True
697,44,repair_ring,Pax,wetness,offer dry cloth,granted,clear prompt and resident trust sufficient,0.18396,0.786,0.796,True,False,True,0.0,True,True
700,44,archive,Nia,fatigue,invite rest,granted,clear prompt and resident trust sufficient,0.20486,0.746,0.756,True,False,True,0.0,True,True
704,45,riverbend,Lio,overload,offer quiet space,granted,clear prompt and resident trust sufficient,0.46762,0.676,0.686,True,False,True,0.109,True,True
708,45,orchard,Mara,soreness,offer careful bandage,granted,clear prompt and resident trust sufficient,0.28562,0.706,0.716,True,False,True,0.062,True,True
712,45,archive,Toma,wetness,offer dry cloth,granted,clear prompt and resident trust sufficient,0.28232,0.7,0.71,True,False,True,0.109,True,True
716,45,riverbend,Lio,cold,offer warm wrap,granted,clear prompt and resident trust sufficient,0.28364,0.686,0.696,True,False,True,0.097,True,True
720,46,orchard,Ivo,fatigue,invite rest,granted,clear prompt and resident trust sufficient,0.19122,0.818,0.828,True,False,True,0.0,True,True
723,46,roofward,Sera,soreness,offer careful bandage,granted,clear prompt and resident trust sufficient,0.19056,0.85,0.86,True,False,True,0.0,True,True
724,46,archive,Nia,overload,offer quiet space,granted,clear prompt and resident trust sufficient,0.29618,0.756,0.766,True,False,True,0.109,True,True
727,46,repair_ring,Pax,wetness,offer dry cloth,refused,ask before bandage,0.18528,0.796,0.8,False,True,True,0.0,True,True
728,46,riverbend,Ari,soreness,offer careful bandage,deferred,finish current queued task first,0.2898,0.786,0.79,False,True,True,0.009,True,True
730,46,archive,Nia,fatigue,invite rest,granted,clear prompt and resident trust sufficient,0.1822,0.766,0.776,True,False,True,0.0,True,True
732,46,orchard,Ivo,wetness,offer dry cloth,granted,clear prompt and resident trust sufficient,0.28254,0.828,0.838,True,False,True,0.095,True,True
736,47,archive,Toma,cold,offer warm wrap,granted,clear prompt and resident trust sufficient,0.28364,0.71,0.72,True,False,True,0.037,True,True
740,47,riverbend,Lio,fatigue,invite rest,granted,clear prompt and resident trust sufficient,0.28496,0.696,0.706,True,False,True,0.0,True,True
744,47,orchard,Mara,overload,offer quiet space,granted,clear prompt and resident trust sufficient,0.28694,0.716,0.726,True,False,True,0.077,True,True
748,47,archive,Toma,soreness,offer careful bandage,granted,clear prompt and resident trust sufficient,0.44496,0.72,0.73,True,False,True,0.109,True,True
752,48,riverbend,Ari,wetness,offer dry cloth,refused,ask before touching sore wrist,0.29112,0.79,0.794,False,True,True,-0.005,True,True
753,48,roofward,Sera,soreness,offer careful bandage,granted,clear prompt and resident trust sufficient,0.19188,0.86,0.87,True,False,True,0.0,True,True
756,48,orchard,Ivo,cold,offer warm wrap,granted,clear prompt and resident trust sufficient,0.28386,0.838,0.848,True,False,True,0.012,True,True
757,48,repair_ring,Pax,wetness,offer dry cloth,granted,clear prompt and resident trust sufficient,0.1866,0.8,0.81,True,False,True,0.0,True,True
760,48,archive,Nia,fatigue,invite rest,granted,clear prompt and resident trust sufficient,0.18352,0.776,0.786,True,False,True,0.0,True,True
764,48,riverbend,Ari,overload,offer quiet space,granted,clear prompt and resident trust sufficient,0.29244,0.794,0.804,True,False,True,0.102,True,True
767,48,signal,Ren,wetness,offer dry cloth,granted,clear prompt and resident trust sufficient,0.19584,0.706,0.716,True,False,True,0.0,True,True
768,49,orchard,Mara,soreness,offer careful bandage,granted,clear prompt and resident trust sufficient,0.27,0.726,0.736,True,False,True,0.006,True,True
772,49,archive,Toma,wetness,offer dry cloth,granted,clear prompt and resident trust sufficient,0.28628,0.73,0.74,True,False,True,0.069,True,True
776,49,riverbend,Lio,cold,offer warm wrap,granted,clear prompt and resident trust sufficient,0.28628,0.706,0.716,True,False,True,0.097,True,True
780,49,orchard,Mara,fatigue,invite rest,deferred,finish current queued task first,0.27132,0.736,0.74,False,True,True,-0.013,True,True
784,50,signal,Milo,overload,offer quiet space,granted,clear prompt and resident trust sufficient,0.27132,0.688,0.698,True,False,True,0.006,True,True
788,50,roofward,Fay,soreness,offer careful bandage,refused,explain treatment first,0.30828,0.662,0.666,False,True,True,0.009,True,True
792,50,repair_ring,Juno,wetness,offer dry cloth,granted,clear prompt and resident trust sufficient,0.43792,0.676,0.686,True,False,True,0.109,True,True
796,50,signal,Milo,cold,offer warm wrap,refused,offer rest before aid,0.27,0.698,0.702,False,True,True,-0.003,True,True
800,51,roofward,Sera,fatigue,invite rest,granted,clear prompt and resident trust sufficient,0.2832,0.87,0.88,True,False,True,0.0,True,True
803,51,orchard,Ivo,soreness,offer careful bandage,refused,keep distance while muddy,0.35518,0.848,0.852,False,True,True,0.009,True,True
804,51,repair_ring,Pax,overload,offer quiet space,granted,clear prompt and resident trust sufficient,0.27792,0.81,0.82,True,False,True,0.036,True,True
806,51,roofward,Sera,cold,offer warm wrap,granted,clear prompt and resident trust sufficient,0.19452,0.88,0.89,True,False,True,0.036,True,True
808,51,signal,Ren,soreness,offer careful bandage,granted,clear prompt and resident trust sufficient,0.28716,0.716,0.726,True,False,True,0.109,True,True
810,51,repair_ring,Pax,fatigue,invite rest,granted,clear prompt and resident trust sufficient,0.18,0.82,0.83,True,False,True,0.0,True,True
812,51,roofward,Sera,wetness,offer dry cloth,refused,explain treatment first,0.28584,0.89,0.894,False,True,True,0.009,True,True
813,51,archive,Nia,soreness,offer careful bandage,granted,clear prompt and resident trust sufficient,0.18484,0.786,0.796,True,False,True,0.036,True,True
816,52,repair_ring,Juno,cold,offer warm wrap,refused,ask before bandage,0.27924,0.686,0.69,False,True,True,0.009,True,True
820,52,signal,Milo,fatigue,invite rest,granted,clear prompt and resident trust sufficient,0.27132,0.702,0.712,True,False,True,0.028,True,True
824,52,roofward,Fay,overload,offer quiet space,granted,clear prompt and resident trust sufficient,0.3096,0.666,0.676,True,False,True,0.109,True,True
828,52,repair_ring,Juno,soreness,offer careful bandage,granted,clear prompt and resident trust sufficient,0.28056,0.69,0.7,True,False,True,0.109,True,True
832,53,signal,Ren,wetness,offer dry cloth,refused,offer rest before aid,0.28848,0.726,0.73,False,True,True,0.006,True,True
833,53,orchard,Ivo,soreness,offer careful bandage,granted,clear prompt and resident trust sufficient,0.1965,0.852,0.862,True,False,True,0.109,True,True
836,53,roofward,Sera,cold,offer warm wrap,granted,clear prompt and resident trust sufficient,0.35716,0.894,0.904,True,False,True,0.006,True,True
840,53,repair_ring,Pax,fatigue,invite rest,granted,clear prompt and resident trust sufficient,0.18132,0.83,0.84,True,False,True,0.0,True,True
843,53,archive,Nia,soreness,offer careful bandage,refused,do not interrupt recall,0.18616,0.796,0.8,False,True,True,0.0,True,True
844,53,signal,Ren,overload,offer quiet space,granted,clear prompt and resident trust sufficient,0.2898,0.73,0.74,True,False,True,0.09,True,True
848,54,roofward,Fay,soreness,offer careful bandage,granted,clear prompt and resident trust sufficient,0.28562,0.676,0.686,True,False,True,0.047,True,True
852,54,repair_ring,Juno,wetness,offer dry cloth,granted,clear prompt and resident trust sufficient,0.28188,0.7,0.71,True,False,True,0.109,True,True
856,54,signal,Milo,cold,offer warm wrap,granted,clear prompt and resident trust sufficient,0.27264,0.712,0.722,True,False,True,0.097,True,True
860,54,roofward,Fay,fatigue,invite rest,granted,clear prompt and resident trust sufficient,0.28694,0.686,0.696,True,False,True,0.0,True,True
864,55,repair_ring,Pax,overload,offer quiet space,granted,clear prompt and resident trust sufficient,0.27264,0.84,0.85,True,False,True,0.012,True,True
866,55,roofward,Sera,cold,offer warm wrap,granted,clear prompt and resident trust sufficient,0.19848,0.904,0.914,True,False,True,0.0,True,True
868,55,signal,Ren,soreness,offer careful bandage,granted,clear prompt and resident trust sufficient,0.27,0.74,0.75,True,False,True,0.109,True,True
870,55,repair_ring,Pax,fatigue,invite rest,granted,clear prompt and resident trust sufficient,0.18,0.85,0.86,True,False,True,0.0,True,True
872,55,roofward,Sera,wetness,offer dry cloth,granted,clear prompt and resident trust sufficient,0.2898,0.914,0.924,True,False,True,0.099,True,True
873,55,archive,Nia,soreness,offer careful bandage,granted,clear prompt and resident trust sufficient,0.18748,0.8,0.81,True,False,True,0.0,True,True
876,55,repair_ring,Pax,cold,offer warm wrap,refused,ask before bandage,0.27132,0.86,0.864,False,True,True,0.009,True,True
880,56,signal,Milo,fatigue,invite rest,granted,clear prompt and resident trust sufficient,0.43396,0.722,0.732,True,False,True,0.0,True,True
884,56,roofward,Fay,overload,offer quiet space,deferred,finish current queued task first,0.28826,0.696,0.7,False,True,True,0.009,True,True
888,56,repair_ring,Juno,soreness,offer careful bandage,granted,clear prompt and resident trust sufficient,0.2832,0.71,0.72,True,False,True,0.109,True,True
892,56,signal,Milo,wetness,offer dry cloth,granted,clear prompt and resident trust sufficient,0.27528,0.732,0.742,True,False,True,0.072,True,True
896,57,roofward,Sera,cold,offer warm wrap,granted,clear prompt and resident trust sufficient,0.20112,0.924,0.934,True,False,True,0.006,True,True
900,57,repair_ring,Pax,fatigue,invite rest,granted,clear prompt and resident trust sufficient,0.18264,0.864,0.874,True,False,True,0.028,True,True
903,57,archive,Nia,soreness,offer careful bandage,granted,clear prompt and resident trust sufficient,0.1888,0.81,0.82,True,False,True,0.0,True,True
904,57,signal,Ren,overload,offer quiet space,granted,clear prompt and resident trust sufficient,0.27132,0.75,0.76,True,False,True,0.006,True,True
908,57,roofward,Sera,soreness,offer careful bandage,granted,clear prompt and resident trust sufficient,0.29244,0.934,0.944,True,False,True,0.078,True,True
910,57,signal,Ren,fatigue,invite rest,granted,clear prompt and resident trust sufficient,0.18,0.76,0.77,True,False,True,0.0,True,True
912,58,repair_ring,Juno,wetness,offer dry cloth,granted,clear prompt and resident trust sufficient,0.28452,0.72,0.73,True,False,True,0.063,True,True
916,58,signal,Milo,cold,offer warm wrap,granted,clear prompt and resident trust sufficient,0.2766,0.742,0.752,True,False,True,0.097,True,True
920,58,roofward,Fay,fatigue,invite rest,granted,clear prompt and resident trust sufficient,0.28628,0.7,0.71,True,False,True,0.006,True,True
924,58,repair_ring,Juno,overload,offer quiet space,granted,clear prompt and resident trust sufficient,0.44584,0.73,0.74,True,False,True,0.072,True,True
928,59,signal,Ren,soreness,offer careful bandage,granted,clear prompt and resident trust sufficient,0.27132,0.77,0.78,True,False,True,0.067,True,True
930,59,repair_ring,Pax,fatigue,invite rest,granted,clear prompt and resident trust sufficient,0.18396,0.874,0.884,True,False,True,0.0,True,True
932,59,roofward,Sera,wetness,offer dry cloth,granted,clear prompt and resident trust sufficient,0.29376,0.944,0.954,True,False,True,0.012,True,True
933,59,archive,Nia,soreness,offer careful bandage,granted,clear prompt and resident trust sufficient,0.19012,0.82,0.83,True,False,True,0.0,True,True
936,59,repair_ring,Pax,cold,offer warm wrap,deferred,finish current queued task first,0.27528,0.884,0.888,False,True,True,0.009,True,True
940,59,signal,Ren,fatigue,invite rest,granted,clear prompt and resident trust sufficient,0.18264,0.78,0.79,True,False,True,0.0,True,True
943,59,riverbend,Ari,soreness,offer careful bandage,granted,clear prompt and resident trust sufficient,0.18,0.804,0.814,True,False,True,0.097,True,True
944,60,archive,Nia,overload,offer quiet space,granted,clear prompt and resident trust sufficient,0.28144,0.83,0.84,True,False,True,0.052,True,True
946,60,orchard,Ivo,cold,offer warm wrap,granted,clear prompt and resident trust sufficient,0.35782,0.862,0.872,True,False,True,0.012,True,True
948,60,riverbend,Ari,soreness,offer careful bandage,granted,clear prompt and resident trust sufficient,0.27132,0.814,0.824,True,False,True,0.0,True,True
949,60,roofward,Sera,overload,offer quiet space,refused,explain treatment first,0.20508,0.954,0.958,False,True,True,0.009,True,True
952,60,orchard,Ivo,wetness,offer dry cloth,granted,clear prompt and resident trust sufficient,0.28914,0.872,0.882,True,False,True,0.095,True,True
953,60,repair_ring,Pax,soreness,offer careful bandage,granted,clear prompt and resident trust sufficient,0.1866,0.888,0.898,True,False,True,0.109,True,True
956,60,archive,Nia,cold,offer warm wrap,granted,clear prompt and resident trust sufficient,0.18,0.84,0.85,True,False,True,0.109,True,True
960,61,riverbend,Lio,fatigue,invite rest,granted,clear prompt and resident trust sufficient,0.2876,0.716,0.726,True,False,True,0.0,True,True
964,61,orchard,Mara,overload,offer quiet space,granted,clear prompt and resident trust sufficient,0.27264,0.74,0.75,True,False,True,0.012,True,True
968,61,archive,Toma,soreness,offer careful bandage,granted,clear prompt and resident trust sufficient,0.4476,0.74,0.75,True,False,True,0.017,True,True
972,61,riverbend,Lio,wetness,offer dry cloth,refused,ask before touching sore wrist,0.28892,0.726,0.73,False,True,True,-0.005,True,True
976,62,orchard,Ivo,cold,offer warm wrap,granted,clear prompt and resident trust sufficient,0.20046,0.882,0.892,True,False,True,0.006,True,True
979,62,roofward,Sera,overload,offer quiet space,granted,clear prompt and resident trust sufficient,0.3631,0.958,0.96,True,False,True,0.105,True,True
980,62,archive,Nia,fatigue,invite rest,granted,clear prompt and resident trust sufficient,0.27132,0.85,0.86,True,False,True,0.0,True,True
983,62,repair_ring,Pax,soreness,offer careful bandage,granted,clear prompt and resident trust sufficient,0.18792,0.898,0.908,True,False,True,0.047,True,True
984,62,riverbend,Ari,overload,offer quiet space,granted,clear prompt and resident trust sufficient,0.27264,0.824,0.834,True,False,True,0.012,True,True
986,62,archive,Nia,cold,offer warm wrap,refused,do not interrupt recall,0.18264,0.86,0.864,False,True,True,0.009,True,True
988,62,orchard,Ivo,soreness,offer careful bandage,deferred,finish current queued task first,0.29178,0.892,0.896,False,True,True,0.009,True,True
992,63,archive,Toma,wetness,offer dry cloth,refused,do not interrupt recall,0.28892,0.75,0.754,False,True,True,0.006,True,True
996,63,riverbend,Lio,cold,offer warm wrap,granted,clear prompt and resident trust sufficient,0.29024,0.73,0.74,True,False,True,0.097,True,True
1000,63,orchard,Mara,fatigue,invite rest,refused,keep distance while muddy,0.27,0.75,0.754,False,True,True,0.0,True,True
1004,63,archive,Toma,overload,offer quiet space,granted,clear prompt and resident trust sufficient,0.29024,0.754,0.764,True,False,True,0.092,True,True
1008,64,riverbend,Ari,soreness,offer careful bandage,granted,clear prompt and resident trust sufficient,0.27,0.834,0.844,True,False,True,0.006,True,True
1009,64,roofward,Sera,overload,offer quiet space,granted,clear prompt and resident trust sufficient,0.18,0.96,0.96,True,False,True,0.0,True,True
1012,64,orchard,Ivo,wetness,offer dry cloth,granted,clear prompt and resident trust sufficient,0.4531,0.896,0.906,True,False,True,0.095,True,True
1013,64,repair_ring,Pax,soreness,offer careful bandage,granted,clear prompt and resident trust sufficient,0.18924,0.908,0.918,True,False,True,0.0,True,True
1016,64,archive,Nia,cold,offer warm wrap,granted,clear prompt and resident trust sufficient,0.18396,0.864,0.874,True,False,True,0.032,True,True
1020,64,riverbend,Ari,fatigue,invite rest,granted,clear prompt and resident trust sufficient,0.27132,0.844,0.854,True,False,True,0.0,True,True
1023,64,signal,Ren,soreness,offer careful bandage,refused,offer rest before aid,0.34396,0.79,0.794,False,True,True,0.006,True,True
1024,65,orchard,Mara,overload,offer quiet space,granted,clear prompt and resident trust sufficient,0.27132,0.754,0.764,True,False,True,0.006,True,True
1028,65,archive,Toma,soreness,offer careful bandage,granted,clear prompt and resident trust sufficient,0.27,0.764,0.774,True,False,True,0.024,True,True
1032,65,riverbend,Lio,wetness,offer dry cloth,granted,clear prompt and resident trust sufficient,0.29156,0.74,0.75,True,False,True,0.095,True,True
1036,65,orchard,Mara,cold,offer warm wrap,granted,clear prompt and resident trust sufficient,0.27,0.764,0.774,True,False,True,0.072,True,True
1040,66,archive,Nia,fatigue,invite rest,deferred,finish current queued task first,0.27528,0.874,0.878,False,True,True,-0.013,True,True
1043,66,repair_ring,Pax,soreness,offer careful bandage,refused,ask before bandage,0.19056,0.918,0.922,False,True,True,0.0,True,True
1044,66,riverbend,Ari,overload,offer quiet space,refused,ask before touching sore wrist,0.27264,0.854,0.858,False,True,True,0.009,True,True
1046,66,archive,Nia,cold,offer warm wrap,granted,clear prompt and resident trust sufficient,0.1866,0.878,0.888,True,False,True,0.006,True,True
1048,66,orchard,Ivo,soreness,offer careful bandage,refused,keep distance while muddy,0.29442,0.906,0.91,False,True,True,0.009,True,True
1052,66,archive,Nia,wetness,offer dry cloth,granted,clear prompt and resident trust sufficient,0.27792,0.888,0.898,True,False,True,0.109,True,True
1053,66,signal,Ren,soreness,offer careful bandage,granted,clear prompt and resident trust sufficient,0.18528,0.794,0.804,True,False,True,0.0,True,True
1056,67,riverbend,Lio,cold,offer warm wrap,granted,clear prompt and resident trust sufficient,0.45288,0.75,0.76,True,False,True,0.037,True,True
1060,67,orchard,Mara,fatigue,invite rest,granted,clear prompt and resident trust sufficient,0.27132,0.774,0.784,True,False,True,0.0,True,True
1064,67,archive,Toma,overload,offer quiet space,granted,clear prompt and resident trust sufficient,0.27132,0.774,0.784,True,False,True,0.006,True,True
1068,67,riverbend,Lio,soreness,offer careful bandage,granted,clear prompt and resident trust sufficient,0.2942,0.76,0.77,True,False,True,0.109,True,True
1072,68,orchard,Ivo,wetness,offer dry cloth,granted,clear prompt and resident trust sufficient,0.29574,0.91,0.92,True,False,True,0.095,True,True
1073,68,repair_ring,Pax,soreness,offer careful bandage,granted,clear prompt and resident trust sufficient,0.19188,0.922,0.932,True,False,True,0.0,True,True
1076,68,archive,Nia,cold,offer warm wrap,granted,clear prompt and resident trust sufficient,0.18924,0.898,0.908,True,False,True,0.006,True,True
1080,68,riverbend,Ari,fatigue,invite rest,granted,clear prompt and resident trust sufficient,0.27066,0.858,0.868,True,False,True,0.006,True,True
1083,68,signal,Ren,soreness,offer careful bandage,granted,clear prompt and resident trust sufficient,0.1866,0.804,0.814,True,False,True,0.0,True,True
1084,68,orchard,Ivo,overload,offer quiet space,granted,clear prompt and resident trust sufficient,0.29706,0.92,0.93,True,False,True,0.109,True,True
1086,68,riverbend,Ari,cold,offer warm wrap,granted,clear prompt and resident trust sufficient,0.18198,0.868,0.878,True,False,True,0.097,True,True
1088,69,archive,Toma,soreness,offer careful bandage,granted,clear prompt and resident trust sufficient,0.27,0.784,0.794,True,False,True,0.006,True,True
1092,69,riverbend,Lio,wetness,offer dry cloth,deferred,finish current queued task first,0.29552,0.77,0.774,False,True,True,-0.005,True,True
1096,69,orchard,Mara,cold,offer warm wrap,granted,clear prompt and resident trust sufficient,0.27264,0.784,0.794,True,False,True,0.006,True,True
1100,69,archive,Toma,fatigue,invite rest,granted,clear prompt and resident trust sufficient,0.43132,0.794,0.804,True,False,True,0.0,True,True
1104,70,roofward,Fay,overload,offer quiet space,granted,clear prompt and resident trust sufficient,0.2876,0.71,0.72,True,False,True,0.08,True,True
1108,70,repair_ring,Juno,soreness,offer careful bandage,granted,clear prompt and resident trust sufficient,0.27,0.74,0.75,True,False,True,0.08,True,True
1112,70,signal,Milo,wetness,offer dry cloth,granted,clear prompt and resident trust sufficient,0.27792,0.752,0.762,True,False,True,0.006,True,True
1116,70,roofward,Fay,cold,offer warm wrap,refused,explain treatment first,0.27,0.72,0.724,False,True,True,0.009,True,True
1120,71,repair_ring,Pax,fatigue,invite rest,granted,clear prompt and resident trust sufficient,0.2832,0.932,0.942,True,False,True,0.0,True,True
1122,71,roofward,Sera,wetness,offer dry cloth,granted,clear prompt and resident trust sufficient,0.34,0.96,0.96,True,False,True,0.018,True,True
1124,71,signal,Ren,overload,offer quiet space,granted,clear prompt and resident trust sufficient,0.27792,0.814,0.824,True,False,True,0.036,True,True
1126,71,repair_ring,Pax,cold,offer warm wrap,granted,clear prompt and resident trust sufficient,0.19452,0.942,0.952,True,False,True,0.109,True,True
1128,71,roofward,Sera,soreness,offer careful bandage,granted,clear prompt and resident trust sufficient,0.27132,0.96,0.96,True,False,True,0.042,True,True
1129,71,archive,Nia,overload,offer quiet space,granted,clear prompt and resident trust sufficient,0.19056,0.908,0.918,True,False,True,0.048,True,True
1132,71,repair_ring,Pax,wetness,offer dry cloth,granted,clear prompt and resident trust sufficient,0.28584,0.952,0.96,True,False,True,0.096,True,True
1136,72,signal,Milo,cold,offer warm wrap,refused,offer rest before aid,0.27924,0.762,0.766,False,True,True,-0.003,True,True
1140,72,roofward,Fay,fatigue,invite rest,granted,clear prompt and resident trust sufficient,0.27132,0.724,0.734,True,False,True,0.006,True,True
1144,72,repair_ring,Juno,overload,offer quiet space,refused,ask before bandage,0.43132,0.75,0.754,False,True,True,0.006,True,True
1148,72,signal,Milo,soreness,offer careful bandage,granted,clear prompt and resident trust sufficient,0.28056,0.766,0.776,True,False,True,0.109,True,True
1152,73,roofward,Sera,wetness,offer dry cloth,granted,clear prompt and resident trust sufficient,0.18264,0.96,0.96,True,False,True,0.006,True,True
1156,73,repair_ring,Pax,cold,offer warm wrap,granted,clear prompt and resident trust sufficient,0.19716,0.96,0.96,True,False,True,0.047,True,True
1159,73,archive,Nia,overload,offer quiet space,refused,do not interrupt recall,0.18,0.918,0.922,False,True,True,0.0,True,True
1160,73,signal,Ren,fatigue,invite rest,granted,clear prompt and resident trust sufficient,0.27,0.824,0.834,True,False,True,0.0,True,True
1164,73,roofward,Sera,overload,offer quiet space,granted,clear prompt and resident trust sufficient,0.27396,0.96,0.96,True,False,True,0.018,True,True
1166,73,signal,Ren,cold,offer warm wrap,granted,clear prompt and resident trust sufficient,0.34132,0.834,0.844,True,False,True,0.097,True,True
1168,74,repair_ring,Juno,soreness,offer careful bandage,granted,clear prompt and resident trust sufficient,0.27,0.754,0.764,True,False,True,0.006,True,True
1172,74,signal,Milo,wetness,offer dry cloth,granted,clear prompt and resident trust sufficient,0.28188,0.776,0.786,True,False,True,0.012,True,True
1176,74,roofward,Fay,cold,offer warm wrap,granted,clear prompt and resident trust sufficient,0.27264,0.734,0.744,True,False,True,0.069,True,True
1180,74,repair_ring,Juno,fatigue,invite rest,granted,clear prompt and resident trust sufficient,0.27132,0.764,0.774,True,False,True,0.0,True,True
1184,75,signal,Ren,overload,offer quiet space,granted,clear prompt and resident trust sufficient,0.27264,0.844,0.854,True,False,True,0.012,True,True
1186,75,repair_ring,Pax,cold,offer warm wrap,granted,clear prompt and resident trust sufficient,0.19848,0.96,0.96,True,False,True,0.0,True,True
1188,75,roofward,Sera,soreness,offer careful bandage,refused,explain treatment first,0.43,0.96,0.96,False,True,True,-0.003,True,True
1189,75,archive,Nia,overload,offer quiet space,granted,clear prompt and resident trust sufficient,0.18,0.922,0.932,True,False,True,0.0,True,True
1192,75,repair_ring,Pax,wetness,offer dry cloth,refused,ask before bandage,0.2898,0.96,0.96,False,True,True,0.009,True,True
1196,75,signal,Ren,cold,offer warm wrap,refused,offer rest before aid,0.18,0.854,0.858,False,True,True,-0.003,True,True
1199,75,riverbend,Ari,overload,offer quiet space,granted,clear prompt and resident trust sufficient,0.3433,0.878,0.888,True,False,True,0.015,True,True
1200,76,roofward,Fay,fatigue,invite rest,granted,clear prompt and resident trust sufficient,0.27396,0.744,0.754,True,False,True,0.0,True,True
1204,76,repair_ring,Juno,overload,offer quiet space,granted,clear prompt and resident trust sufficient,0.27264,0.774,0.784,True,False,True,0.012,True,True
1208,76,signal,Milo,soreness,offer careful bandage,granted,clear prompt and resident trust sufficient,0.2832,0.786,0.796,True,False,True,0.053,True,True
1212,76,roofward,Fay,wetness,offer dry cloth,granted,clear prompt and resident trust sufficient,0.27528,0.754,0.764,True,False,True,0.072,True,True
1216,77,repair_ring,Pax,cold,offer warm wrap,granted,clear prompt and resident trust sufficient,0.20112,0.96,0.96,True,False,True,0.006,True,True
1219,77,archive,Nia,overload,offer quiet space,granted,clear prompt and resident trust sufficient,0.18,0.932,0.942,True,False,True,0.0,True,True
1220,77,signal,Ren,fatigue,invite rest,granted,clear prompt and resident trust sufficient,0.27132,0.858,0.868,True,False,True,0.006,True,True
1224,77,roofward,Sera,overload,offer quiet space,granted,clear prompt and resident trust sufficient,0.27132,0.96,0.96,True,False,True,0.006,True,True
1226,77,signal,Ren,cold,offer warm wrap,granted,clear prompt and resident trust sufficient,0.18264,0.868,0.878,True,False,True,0.097,True,True
1228,77,repair_ring,Pax,soreness,offer careful bandage,granted,clear prompt and resident trust sufficient,0.29244,0.96,0.96,True,False,True,0.078,True,True
1229,77,riverbend,Ari,overload,offer quiet space,granted,clear prompt and resident trust sufficient,0.18,0.888,0.898,True,False,True,0.0,True,True
1232,78,signal,Milo,wetness,offer dry cloth,granted,clear prompt and resident trust sufficient,0.44452,0.796,0.806,True,False,True,0.006,True,True
1236,78,roofward,Fay,cold,offer warm wrap,granted,clear prompt and resident trust sufficient,0.2766,0.764,0.774,True,False,True,0.012,True,True
1240,78,repair_ring,Juno,fatigue,invite rest,granted,clear prompt and resident trust sufficient,0.27,0.784,0.794,True,False,True,0.0,True,True
1244,78,signal,Milo,overload,offer quiet space,granted,clear prompt and resident trust sufficient,0.28584,0.806,0.816,True,False,True,0.072,True,True
1248,79,roofward,Sera,soreness,offer careful bandage,deferred,finish current queued task first,0.27,0.96,0.96,False,True,True,-0.003,True,True
1249,79,archive,Nia,overload,offer quiet space,granted,clear prompt and resident trust sufficient,0.18,0.942,0.952,True,False,True,0.0,True,True
1252,79,repair_ring,Pax,wetness,offer dry cloth,granted,clear prompt and resident trust sufficient,0.29376,0.96,0.96,True,False,True,0.015,True,True
1256,79,signal,Ren,cold,offer warm wrap,granted,clear prompt and resident trust sufficient,0.18396,0.878,0.888,True,False,True,0.097,True,True
1259,79,riverbend,Ari,overload,offer quiet space,granted,clear prompt and resident trust sufficient,0.18,0.898,0.908,True,False,True,0.0,True,True
1260,79,roofward,Sera,fatigue,invite rest,granted,clear prompt and resident trust sufficient,0.27132,0.96,0.96,True,False,True,0.032,True,True
1263,79,orchard,Ivo,soreness,offer careful bandage,granted,clear prompt and resident trust sufficient,0.18308,0.93,0.94,True,False,True,0.109,True,True
1264,80,riverbend,Ari,overload,offer quiet space,granted,clear prompt and resident trust sufficient,0.27,0.908,0.918,True,False,True,0.0,True,True
1265,80,roofward,Sera,fatigue,invite rest,granted,clear prompt and resident trust sufficient,0.34264,0.96,0.96,True,False,True,0.0,True,True
1268,80,orchard,Ivo,soreness,offer careful bandage,granted,clear prompt and resident trust sufficient,0.2744,0.94,0.95,True,False,True,0.019,True,True
1269,80,repair_ring,Pax,overload,offer quiet space,granted,clear prompt and resident trust sufficient,0.20508,0.96,0.96,True,False,True,0.109,True,True
1272,80,archive,Nia,wetness,offer dry cloth,granted,clear prompt and resident trust sufficient,0.18,0.952,0.96,True,False,True,0.047,True,True
1276,80,riverbend,Ari,cold,offer warm wrap,refused,ask before touching sore wrist,0.43,0.918,0.922,False,True,True,-0.003,True,True
1279,80,signal,Ren,overload,offer quiet space,granted,clear prompt and resident trust sufficient,0.18528,0.888,0.898,True,False,True,0.024,True,True
1280,81,orchard,Mara,fatigue,invite rest,granted,clear prompt and resident trust sufficient,0.27396,0.794,0.804,True,False,True,0.0,True,True
1284,81,archive,Toma,overload,offer quiet space,granted,clear prompt and resident trust sufficient,0.27264,0.804,0.814,True,False,True,0.012,True,True
1288,81,riverbend,Lio,soreness,offer careful bandage,granted,clear prompt and resident trust sufficient,0.29684,0.774,0.784,True,False,True,0.041,True,True
1292,81,orchard,Mara,wetness,offer dry cloth,granted,clear prompt and resident trust sufficient,0.27528,0.804,0.814,True,False,True,0.095,True,True
1296,82,archive,Nia,cold,offer warm wrap,granted,clear prompt and resident trust sufficient,0.27132,0.96,0.96,True,False,True,0.036,True,True
1299,82,repair_ring,Pax,overload,offer quiet space,granted,clear prompt and resident trust sufficient,0.1811,0.96,0.96,True,False,True,0.005,True,True
1300,82,riverbend,Ari,fatigue,invite rest,deferred,finish current queued task first,0.27132,0.922,0.926,False,True,True,0.009,True,True
1302,82,archive,Nia,wetness,offer dry cloth,granted,clear prompt and resident trust sufficient,0.18264,0.96,0.96,True,False,True,0.006,True,True
1304,82,orchard,Ivo,overload,offer quiet space,granted,clear prompt and resident trust sufficient,0.27572,0.95,0.96,True,False,True,0.026,True,True
1308,82,archive,Nia,soreness,offer careful bandage,refused,do not interrupt recall,0.27396,0.96,0.96,False,True,True,-0.003,True,True
1309,82,signal,Ren,overload,offer quiet space,granted,clear prompt and resident trust sufficient,0.34,0.898,0.908,True,False,True,0.0,True,True
1312,83,riverbend,Lio,wetness,offer dry cloth,refused,ask before touching sore wrist,0.29816,0.784,0.788,False,True,True,-0.005,True,True
1316,83,orchard,Mara,cold,offer warm wrap,refused,keep distance while muddy,0.2766,0.814,0.818,False,True,True,0.009,True,True
1320,83,archive,Toma,fatigue,invite rest,refused,do not interrupt recall,0.43,0.814,0.818,False,True,True,0.0,True,True
1324,83,riverbend,Lio,overload,offer quiet space,granted,clear prompt and resident trust sufficient,0.29948,0.788,0.798,True,False,True,0.109,True,True
1328,84,orchard,Ivo,soreness,offer careful bandage,granted,clear prompt and resident trust sufficient,0.27,0.96,0.96,True,False,True,0.006,True,True
1329,84,repair_ring,Pax,overload,offer quiet space,granted,clear prompt and resident trust sufficient,0.18,0.96,0.96,True,False,True,0.0,True,True
1332,84,archive,Nia,wetness,offer dry cloth,granted,clear prompt and resident trust sufficient,0.18528,0.96,0.96,True,False,True,0.006,True,True
1336,84,riverbend,Ari,cold,offer warm wrap,granted,clear prompt and resident trust sufficient,0.27264,0.926,0.936,True,False,True,0.097,True,True
1339,84,signal,Ren,overload,offer quiet space,granted,clear prompt and resident trust sufficient,0.18,0.908,0.918,True,False,True,0.0,True,True
1340,84,orchard,Ivo,fatigue,invite rest,refused,keep distance while muddy,0.27132,0.96,0.96,False,True,True,-0.013,True,True
1342,84,riverbend,Ari,wetness,offer dry cloth,granted,clear prompt and resident trust sufficient,0.34396,0.936,0.946,True,False,True,0.095,True,True
1344,85,archive,Toma,overload,offer quiet space,granted,clear prompt and resident trust sufficient,0.27132,0.818,0.828,True,False,True,0.006,True,True
1348,85,riverbend,Lio,soreness,offer careful bandage,granted,clear prompt and resident trust sufficient,0.2755,0.798,0.808,True,False,True,0.012,True,True
1352,85,orchard,Mara,wetness,offer dry cloth,deferred,finish current queued task first,0.27792,0.818,0.822,False,True,True,-0.005,True,True
1356,85,archive,Toma,cold,offer warm wrap,granted,clear prompt and resident trust sufficient,0.27,0.828,0.838,True,False,True,0.072,True,True
1360,86,riverbend,Ari,fatigue,invite rest,granted,clear prompt and resident trust sufficient,0.27528,0.946,0.956,True,False,True,0.0,True,True
1362,86,archive,Nia,wetness,offer dry cloth,granted,clear prompt and resident trust sufficient,0.1866,0.96,0.96,True,False,True,0.0,True,True
1364,86,orchard,Ivo,overload,offer quiet space,granted,clear prompt and resident trust sufficient,0.43264,0.96,0.96,True,False,True,0.012,True,True
1368,86,archive,Nia,soreness,offer careful bandage,granted,clear prompt and resident trust sufficient,0.27792,0.96,0.96,True,False,True,0.097,True,True
1369,86,signal,Ren,overload,offer quiet space,refused,offer rest before aid,0.18,0.918,0.922,False,True,True,0.0,True,True
1372,86,riverbend,Ari,wetness,offer dry cloth,granted,clear prompt and resident trust sufficient,0.1866,0.956,0.96,True,False,True,0.095,True,True
1376,87,orchard,Mara,cold,offer warm wrap,granted,clear prompt and resident trust sufficient,0.27924,0.822,0.832,True,False,True,0.009,True,True
1380,87,archive,Toma,fatigue,invite rest,granted,clear prompt and resident trust sufficient,0.27132,0.838,0.848,True,False,True,0.0,True,True
1384,87,riverbend,Lio,overload,offer quiet space,granted,clear prompt and resident trust sufficient,0.27682,0.808,0.818,True,False,True,0.031,True,True
1388,87,orchard,Mara,soreness,offer careful bandage,granted,clear prompt and resident trust sufficient,0.28056,0.832,0.842,True,False,True,0.109,True,True
1392,88,archive,Nia,wetness,offer dry cloth,granted,clear prompt and resident trust sufficient,0.18924,0.96,0.96,True,False,True,0.006,True,True
1396,88,riverbend,Ari,cold,offer warm wrap,granted,clear prompt and resident trust sufficient,0.27792,0.96,0.96,True,False,True,0.097,True,True
1399,88,signal,Ren,overload,offer quiet space,granted,clear prompt and resident trust sufficient,0.18,0.922,0.932,True,False,True,0.0,True,True
1400,88,orchard,Ivo,fatigue,invite rest,granted,clear prompt and resident trust sufficient,0.27,0.96,0.96,True,False,True,0.0,True,True
1402,88,riverbend,Ari,wetness,offer dry cloth,refused,ask before touching sore wrist,0.18924,0.96,0.96,False,True,True,-0.005,True,True
1404,88,archive,Nia,overload,offer quiet space,deferred,finish current queued task first,0.28056,0.96,0.96,False,True,True,0.009,True,True
1406,88,orchard,Ivo,cold,offer warm wrap,granted,clear prompt and resident trust sufficient,0.18132,0.96,0.96,True,False,True,0.072,True,True
1408,89,riverbend,Lio,soreness,offer careful bandage,granted,clear prompt and resident trust sufficient,0.43,0.818,0.828,True,False,True,0.006,True,True
1412,89,orchard,Mara,wetness,offer dry cloth,granted,clear prompt and resident trust sufficient,0.28188,0.842,0.852,True,False,True,0.095,True,True
1416,89,archive,Toma,cold,offer warm wrap,granted,clear prompt and resident trust sufficient,0.27264,0.848,0.858,True,False,True,0.006,True,True
1420,89,riverbend,Lio,fatigue,invite rest,granted,clear prompt and resident trust sufficient,0.27132,0.828,0.838,True,False,True,0.0,True,True
1424,90,repair_ring,Juno,overload,offer quiet space,granted,clear prompt and resident trust sufficient,0.27132,0.794,0.804,True,False,True,0.006,True,True
1428,90,signal,Milo,soreness,offer careful bandage,granted,clear prompt and resident trust sufficient,0.27,0.816,0.826,True,False,True,0.024,True,True
1432,90,roofward,Fay,wetness,offer dry cloth,granted,clear prompt and resident trust sufficient,0.27792,0.774,0.784,True,False,True,0.006,True,True
1436,90,repair_ring,Juno,cold,offer warm wrap,granted,clear prompt and resident trust sufficient,0.27,0.804,0.814,True,False,True,0.082,True,True
1440,91,signal,Ren,fatigue,invite rest,granted,clear prompt and resident trust sufficient,0.27,0.932,0.942,True,False,True,0.0,True,True
1442,91,repair_ring,Pax,wetness,offer dry cloth,refused,ask before bandage,0.18,0.96,0.96,False,True,True,0.009,True,True
1444,91,roofward,Sera,overload,offer quiet space,granted,clear prompt and resident trust sufficient,0.27396,0.96,0.96,True,False,True,0.018,True,True
1445,91,archive,Nia,fatigue,invite rest,granted,clear prompt and resident trust sufficient,0.18858,0.96,0.96,True,False,True,0.006,True,True
1448,91,repair_ring,Pax,soreness,offer careful bandage,granted,clear prompt and resident trust sufficient,0.27132,0.96,0.96,True,False,True,0.042,True,True
1452,91,signal,Ren,wetness,offer dry cloth,granted,clear prompt and resident trust sufficient,0.34132,0.942,0.952,True,False,True,0.109,True,True
1455,91,riverbend,Ari,fatigue,invite rest,granted,clear prompt and resident trust sufficient,0.19056,0.96,0.96,True,False,True,0.006,True,True
1456,92,roofward,Fay,cold,offer warm wrap,refused,explain treatment first,0.27924,0.784,0.788,False,True,True,0.006,True,True
1460,92,repair_ring,Juno,fatigue,invite rest,refused,ask before bandage,0.27132,0.814,0.818,False,True,True,0.0,True,True
1464,92,signal,Milo,overload,offer quiet space,refused,offer rest before aid,0.27132,0.826,0.83,False,True,True,0.006,True,True
1468,92,roofward,Fay,soreness,offer careful bandage,granted,clear prompt and resident trust sufficient,0.28056,0.788,0.798,True,False,True,0.084,True,True
1472,93,repair_ring,Pax,wetness,offer dry cloth,granted,clear prompt and resident trust sufficient,0.18264,0.96,0.96,True,False,True,0.015,True,True
1475,93,archive,Nia,fatigue,invite rest,refused,do not interrupt recall,0.1899,0.96,0.96,False,True,True,0.0,True,True
1476,93,signal,Ren,cold,offer warm wrap,granted,clear prompt and resident trust sufficient,0.27264,0.952,0.96,True,False,True,0.097,True,True
1480,93,roofward,Sera,fatigue,invite rest,granted,clear prompt and resident trust sufficient,0.27,0.96,0.96,True,False,True,0.0,True,True
1482,93,signal,Ren,wetness,offer dry cloth,granted,clear prompt and resident trust sufficient,0.18396,0.96,0.96,True,False,True,0.035,True,True
1484,93,repair_ring,Pax,overload,offer quiet space,granted,clear prompt and resident trust sufficient,0.27396,0.96,0.96,True,False,True,0.018,True,True
1485,93,riverbend,Ari,fatigue,invite rest,granted,clear prompt and resident trust sufficient,0.35188,0.96,0.96,True,False,True,0.0,True,True
1488,94,signal,Milo,soreness,offer careful bandage,granted,clear prompt and resident trust sufficient,0.27,0.83,0.84,True,False,True,0.006,True,True
1492,94,roofward,Fay,wetness,offer dry cloth,granted,clear prompt and resident trust sufficient,0.28188,0.798,0.808,True,False,True,0.012,True,True
1496,94,repair_ring,Juno,cold,offer warm wrap,granted,clear prompt and resident trust sufficient,0.43264,0.818,0.828,True,False,True,0.006,True,True
1500,94,signal,Milo,fatigue,invite rest,granted,clear prompt and resident trust sufficient,0.27132,0.84,0.85,True,False,True,0.004,True,True
1504,95,roofward,Sera,overload,offer quiet space,refused,explain treatment first,0.27132,0.96,0.96,False,True,True,0.006,True,True
1505,95,archive,Nia,fatigue,invite rest,granted,clear prompt and resident trust sufficient,0.19122,0.96,0.96,True,False,True,0.0,True,True
1508,95,repair_ring,Pax,soreness,offer careful bandage,deferred,finish current queued task first,0.27,0.96,0.96,False,True,True,-0.003,True,True
1512,95,signal,Ren,wetness,offer dry cloth,granted,clear prompt and resident trust sufficient,0.18528,0.96,0.96,True,False,True,0.0,True,True
1515,95,riverbend,Ari,fatigue,invite rest,granted,clear prompt and resident trust sufficient,0.1932,0.96,0.96,True,False,True,0.0,True,True
1516,95,roofward,Sera,cold,offer warm wrap,granted,clear prompt and resident trust sufficient,0.27,0.96,0.96,True,False,True,0.102,True,True
1519,95,orchard,Ivo,overload,offer quiet space,granted,clear prompt and resident trust sufficient,0.18264,0.96,0.96,True,False,True,0.012,True,True
1520,96,repair_ring,Juno,fatigue,invite rest,granted,clear prompt and resident trust sufficient,0.27396,0.828,0.838,True,False,True,0.0,True,True
1524,96,signal,Milo,overload,offer quiet space,granted,clear prompt and resident trust sufficient,0.27264,0.85,0.86,True,False,True,0.012,True,True
1528,96,roofward,Fay,soreness,offer careful bandage,granted,clear prompt and resident trust sufficient,0.2832,0.808,0.818,True,False,True,0.006,True,True
1532,96,repair_ring,Juno,wetness,offer dry cloth,granted,clear prompt and resident trust sufficient,0.27528,0.838,0.848,True,False,True,0.072,True,True
1536,97,signal,Ren,cold,offer warm wrap,refused,offer rest before aid,0.2766,0.96,0.96,False,True,True,-0.003,True,True
1540,97,roofward,Sera,fatigue,invite rest,granted,clear prompt and resident trust sufficient,0.43132,0.96,0.96,True,False,True,0.026,True,True
1542,97,signal,Ren,wetness,offer dry cloth,granted,clear prompt and resident trust sufficient,0.18792,0.96,0.96,True,False,True,0.006,True,True
1544,97,repair_ring,Pax,overload,offer quiet space,granted,clear prompt and resident trust sufficient,0.27132,0.96,0.96,True,False,True,0.006,True,True
1545,97,riverbend,Ari,fatigue,invite rest,granted,clear prompt and resident trust sufficient,0.19452,0.96,0.96,True,False,True,0.0,True,True
1548,97,signal,Ren,soreness,offer careful bandage,granted,clear prompt and resident trust sufficient,0.27924,0.96,0.96,True,False,True,0.097,True,True
1549,97,orchard,Ivo,overload,offer quiet space,granted,clear prompt and resident trust sufficient,0.18,0.96,0.96,True,False,True,0.0,True,True
1552,98,roofward,Fay,wetness,offer dry cloth,granted,clear prompt and resident trust sufficient,0.28452,0.818,0.828,True,False,True,0.006,True,True
1556,98,repair_ring,Juno,cold,offer warm wrap,granted,clear prompt and resident trust sufficient,0.2766,0.848,0.858,True,False,True,0.012,True,True
1560,98,signal,Milo,fatigue,invite rest,deferred,finish current queued task first,0.27,0.86,0.864,False,True,True,0.0,True,True
1564,98,roofward,Fay,overload,offer quiet space,granted,clear prompt and resident trust sufficient,0.28584,0.828,0.838,True,False,True,0.072,True,True
1568,99,repair_ring,Pax,soreness,offer careful bandage,granted,clear prompt and resident trust sufficient,0.27,0.96,0.96,True,False,True,0.021,True,True
1572,99,signal,Ren,wetness,offer dry cloth,granted,clear prompt and resident trust sufficient,0.19056,0.96,0.96,True,False,True,0.006,True,True
1575,99,riverbend,Ari,fatigue,invite rest,granted,clear prompt and resident trust sufficient,0.19584,0.96,0.96,True,False,True,0.0,True,True
1576,99,roofward,Sera,cold,offer warm wrap,granted,clear prompt and resident trust sufficient,0.27264,0.96,0.96,True,False,True,0.006,True,True
1579,99,orchard,Ivo,overload,offer quiet space,granted,clear prompt and resident trust sufficient,0.18,0.96,0.96,True,False,True,0.0,True,True
1580,99,repair_ring,Pax,fatigue,invite rest,refused,ask before bandage,0.27132,0.96,0.96,False,True,True,-0.013,True,True
1582,99,roofward,Sera,wetness,offer dry cloth,granted,clear prompt and resident trust sufficient,0.18396,0.96,0.96,True,False,True,0.072,True,True
1584,100,orchard,Ivo,overload,offer quiet space,refused,keep distance while muddy,0.43,0.96,0.96,False,True,True,0.0,True,True
1585,100,repair_ring,Pax,fatigue,invite rest,granted,clear prompt and resident trust sufficient,0.18264,0.96,0.96,True,False,True,0.015,True,True
1588,100,archive,Nia,soreness,offer careful bandage,granted,clear prompt and resident trust sufficient,0.19254,0.96,0.96,True,False,True,0.098,True,True
1592,100,riverbend,Ari,wetness,offer dry cloth,granted,clear prompt and resident trust sufficient,0.28716,0.96,0.96,True,False,True,0.095,True,True
1595,100,signal,Ren,fatigue,invite rest,granted,clear prompt and resident trust sufficient,0.35188,0.96,0.96,True,False,True,0.0,True,True
1596,100,orchard,Ivo,cold,offer warm wrap,granted,clear prompt and resident trust sufficient,0.27,0.96,0.96,True,False,True,0.024,True,True
1598,100,riverbend,Ari,soreness,offer careful bandage,refused,ask before touching sore wrist,0.19848,0.96,0.96,False,True,True,0.009,True,True
1600,101,archive,Toma,fatigue,invite rest,granted,clear prompt and resident trust sufficient,0.27396,0.858,0.868,True,False,True,0.0,True,True
1604,101,riverbend,Lio,overload,offer quiet space,granted,clear prompt and resident trust sufficient,0.27264,0.838,0.848,True,False,True,0.012,True,True
1608,101,orchard,Mara,soreness,offer careful bandage,granted,clear prompt and resident trust sufficient,0.2832,0.852,0.862,True,False,True,0.041,True,True
1612,101,archive,Toma,wetness,offer dry cloth,deferred,finish current queued task first,0.27528,0.868,0.872,False,True,True,0.009,True,True
1616,102,riverbend,Ari,cold,offer warm wrap,granted,clear prompt and resident trust sufficient,0.2898,0.96,0.96,True,False,True,0.097,True,True
1618,102,archive,Nia,soreness,offer careful bandage,granted,clear prompt and resident trust sufficient,0.19386,0.96,0.96,True,False,True,0.0,True,True
1620,102,orchard,Ivo,fatigue,invite rest,granted,clear prompt and resident trust sufficient,0.27132,0.96,0.96,True,False,True,0.026,True,True
1624,102,archive,Nia,overload,offer quiet space,granted,clear prompt and resident trust sufficient,0.28518,0.96,0.96,True,False,True,0.069,True,True
1625,102,signal,Ren,fatigue,invite rest,granted,clear prompt and resident trust sufficient,0.1932,0.96,0.96,True,False,True,0.0,True,True
1628,102,riverbend,Ari,soreness,offer careful bandage,granted,clear prompt and resident trust sufficient,0.36112,0.96,0.96,True,False,True,0.109,True,True
1632,103,orchard,Mara,wetness,offer dry cloth,granted,clear prompt and resident trust sufficient,0.28452,0.862,0.872,True,False,True,0.095,True,True
1636,103,archive,Toma,cold,offer warm wrap,refused,do not interrupt recall,0.2766,0.872,0.876,False,True,True,0.009,True,True
1640,103,riverbend,Lio,fatigue,invite rest,refused,ask before touching sore wrist,0.27,0.848,0.852,False,True,True,0.0,True,True
1644,103,orchard,Mara,overload,offer quiet space,refused,keep distance while muddy,0.28584,0.872,0.876,False,True,True,0.009,True,True
1648,104,archive,Nia,soreness,offer careful bandage,granted,clear prompt and resident trust sufficient,0.18,0.96,0.96,True,False,True,0.018,True,True
1652,104,riverbend,Ari,wetness,offer dry cloth,granted,clear prompt and resident trust sufficient,0.29244,0.96,0.96,True,False,True,0.095,True,True
1655,104,signal,Ren,fatigue,invite rest,granted,clear prompt and resident trust sufficient,0.19452,0.96,0.96,True,False,True,0.0,True,True
1656,104,orchard,Ivo,cold,offer warm wrap,granted,clear prompt and resident trust sufficient,0.27264,0.96,0.96,True,False,True,0.006,True,True
1658,104,riverbend,Ari,soreness,offer careful bandage,granted,clear prompt and resident trust sufficient,0.20376,0.96,0.96,True,False,True,0.109,True,True
1660,104,archive,Nia,fatigue,invite rest,granted,clear prompt and resident trust sufficient,0.27132,0.96,0.96,True,False,True,0.0,True,True
1662,104,orchard,Ivo,wetness,offer dry cloth,granted,clear prompt and resident trust sufficient,0.18396,0.96,0.96,True,False,True,0.095,True,True
1664,105,riverbend,Lio,overload,offer quiet space,deferred,finish current queued task first,0.27132,0.852,0.856,False,True,True,0.006,True,True
1668,105,orchard,Mara,soreness,offer careful bandage,granted,clear prompt and resident trust sufficient,0.28386,0.876,0.886,True,False,True,0.012,True,True
1672,105,archive,Toma,wetness,offer dry cloth,granted,clear prompt and resident trust sufficient,0.43792,0.876,0.886,True,False,True,0.069,True,True
1676,105,riverbend,Lio,cold,offer warm wrap,granted,clear prompt and resident trust sufficient,0.27,0.856,0.866,True,False,True,0.097,True,True
1680,106,orchard,Ivo,fatigue,invite rest,granted,clear prompt and resident trust sufficient,0.27528,0.96,0.96,True,False,True,0.0,True,True
1684,106,archive,Nia,overload,offer quiet space,refused,do not interrupt recall,0.27264,0.96,0.96,False,True,True,0.009,True,True
1685,106,signal,Ren,fatigue,invite rest,refused,offer rest before aid,0.19584,0.96,0.96,False,True,True,0.0,True,True
1688,106,riverbend,Ari,soreness,offer careful bandage,granted,clear prompt and resident trust sufficient,0.20508,0.96,0.96,True,False,True,0.013,True,True
1692,106,orchard,Ivo,wetness,offer dry cloth,granted,clear prompt and resident trust sufficient,0.1866,0.96,0.96,True,False,True,0.095,True,True
1695,106,roofward,Sera,fatigue,invite rest,granted,clear prompt and resident trust sufficient,0.18528,0.96,0.96,True,False,True,0.0,True,True
1696,107,archive,Toma,cold,offer warm wrap,granted,clear prompt and resident trust sufficient,0.27924,0.886,0.896,True,False,True,0.009,True,True
1700,107,riverbend,Lio,fatigue,invite rest,granted,clear prompt and resident trust sufficient,0.27132,0.866,0.876,True,False,True,0.004,True,True
1704,107,orchard,Mara,overload,offer quiet space,granted,clear prompt and resident trust sufficient,0.28518,0.886,0.896,True,False,True,0.069,True,True
1708,107,archive,Toma,soreness,offer careful bandage,granted,clear prompt and resident trust sufficient,0.28056,0.896,0.906,True,False,True,0.072,True,True
1712,108,riverbend,Ari,wetness,offer dry cloth,granted,clear prompt and resident trust sufficient,0.2964,0.96,0.96,True,False,True,0.095,True,True
1715,108,signal,Ren,fatigue,invite rest,granted,clear prompt and resident trust sufficient,0.19716,0.96,0.96,True,False,True,0.0,True,True
1716,108,orchard,Ivo,cold,offer warm wrap,refused,keep distance while muddy,0.43792,0.96,0.96,False,True,True,0.009,True,True
1718,108,riverbend,Ari,soreness,offer careful bandage,refused,ask before touching sore wrist,0.20772,0.96,0.96,False,True,True,0.009,True,True
1720,108,archive,Nia,fatigue,invite rest,granted,clear prompt and resident trust sufficient,0.27066,0.96,0.96,True,False,True,0.028,True,True
1722,108,orchard,Ivo,wetness,offer dry cloth,granted,clear prompt and resident trust sufficient,0.18924,0.96,0.96,True,False,True,0.095,True,True
1724,108,riverbend,Ari,overload,offer quiet space,granted,clear prompt and resident trust sufficient,0.29904,0.96,0.96,True,False,True,0.109,True,True
1725,108,roofward,Sera,fatigue,invite rest,granted,clear prompt and resident trust sufficient,0.1866,0.96,0.96,True,False,True,0.0,True,True
1728,109,orchard,Mara,soreness,offer careful bandage,granted,clear prompt and resident trust sufficient,0.27,0.896,0.906,True,False,True,0.006,True,True
1732,109,archive,Toma,wetness,offer dry cloth,granted,clear prompt and resident trust sufficient,0.28188,0.906,0.916,True,False,True,0.012,True,True
1736,109,riverbend,Lio,cold,offer warm wrap,granted,clear prompt and resident trust sufficient,0.27264,0.876,0.886,True,False,True,0.097,True,True
1740,109,orchard,Mara,fatigue,invite rest,granted,clear prompt and resident trust sufficient,0.27132,0.906,0.916,True,False,True,0.0,True,True
1744,110,signal,Milo,overload,offer quiet space,granted,clear prompt and resident trust sufficient,0.27132,0.864,0.874,True,False,True,0.006,True,True
1748,110,roofward,Fay,soreness,offer careful bandage,granted,clear prompt and resident trust sufficient,0.27,0.838,0.848,True,False,True,0.012,True,True
1752,110,repair_ring,Juno,wetness,offer dry cloth,granted,clear prompt and resident trust sufficient,0.27792,0.858,0.868,True,False,True,0.006,True,True
1756,110,signal,Milo,cold,offer warm wrap,granted,clear prompt and resident trust sufficient,0.27,0.874,0.884,True,False,True,0.097,True,True
1760,111,roofward,Sera,fatigue,invite rest,refused,explain treatment first,0.43792,0.96,0.96,False,True,True,-0.013,True,True
1761,111,archive,Nia,cold,offer warm wrap,granted,clear prompt and resident trust sufficient,0.18198,0.96,0.96,True,False,True,0.102,True,True
1764,111,repair_ring,Pax,overload,offer quiet space,granted,clear prompt and resident trust sufficient,0.27396,0.96,0.96,True,False,True,0.018,True,True
1768,111,signal,Ren,soreness,offer careful bandage,granted,clear prompt and resident trust sufficient,0.19848,0.96,0.96,True,False,True,0.107,True,True
1771,111,riverbend,Ari,cold,offer warm wrap,granted,clear prompt and resident trust sufficient,0.34506,0.96,0.96,True,False,True,0.097,True,True
1772,111,roofward,Sera,wetness,offer dry cloth,granted,clear prompt and resident trust sufficient,0.27924,0.96,0.96,True,False,True,0.018,True,True
1775,111,orchard,Ivo,fatigue,invite rest,granted,clear prompt and resident trust sufficient,0.19056,0.96,0.96,True,False,True,0.004,True,True
1776,112,repair_ring,Juno,cold,offer warm wrap,granted,clear prompt and resident trust sufficient,0.27924,0.868,0.878,True,False,True,0.006,True,True
1780,112,signal,Milo,fatigue,invite rest,refused,offer rest before aid,0.27132,0.884,0.888,False,True,True,0.0,True,True
1784,112,roofward,Fay,overload,offer quiet space,refused,explain treatment first,0.27132,0.848,0.852,False,True,True,0.006,True,True
1788,112,repair_ring,Juno,soreness,offer careful bandage,refused,ask before bandage,0.28056,0.878,0.882,False,True,True,-0.003,True,True
1792,113,signal,Ren,wetness,offer dry cloth,granted,clear prompt and resident trust sufficient,0.2898,0.96,0.96,True,False,True,0.036,True,True
1796,113,roofward,Sera,cold,offer warm wrap,granted,clear prompt and resident trust sufficient,0.28056,0.96,0.96,True,False,True,0.03,True,True
1798,113,signal,Ren,soreness,offer careful bandage,granted,clear prompt and resident trust sufficient,0.20112,0.96,0.96,True,False,True,0.018,True,True
1800,113,repair_ring,Pax,fatigue,invite rest,granted,clear prompt and resident trust sufficient,0.27,0.96,0.96,True,False,True,0.0,True,True
1801,113,riverbend,Ari,cold,offer warm wrap,granted,clear prompt and resident trust sufficient,0.18638,0.96,0.96,True,False,True,0.097,True,True
1804,113,signal,Ren,overload,offer quiet space,granted,clear prompt and resident trust sufficient,0.45244,0.96,0.96,True,False,True,0.102,True,True
1805,113,orchard,Ivo,fatigue,invite rest,granted,clear prompt and resident trust sufficient,0.19188,0.96,0.96,True,False,True,0.0,True,True
1808,114,roofward,Fay,soreness,offer careful bandage,granted,clear prompt and resident trust sufficient,0.27,0.852,0.862,True,False,True,0.018,True,True
1812,114,repair_ring,Juno,wetness,offer dry cloth,granted,clear prompt and resident trust sufficient,0.28188,0.882,0.892,True,False,True,0.012,True,True
1816,114,signal,Milo,cold,offer warm wrap,granted,clear prompt and resident trust sufficient,0.27264,0.888,0.898,True,False,True,0.097,True,True
1820,114,roofward,Fay,fatigue,invite rest,deferred,finish current queued task first,0.27132,0.862,0.866,False,True,True,0.004,True,True
1824,115,repair_ring,Pax,overload,offer quiet space,granted,clear prompt and resident trust sufficient,0.27132,0.96,0.96,True,False,True,0.006,True,True
1828,115,signal,Ren,soreness,offer careful bandage,granted,clear prompt and resident trust sufficient,0.18,0.96,0.96,True,False,True,0.018,True,True
1831,115,riverbend,Ari,cold,offer warm wrap,granted,clear prompt and resident trust sufficient,0.1877,0.96,0.96,True,False,True,0.097,True,True
1832,115,roofward,Sera,wetness,offer dry cloth,granted,clear prompt and resident trust sufficient,0.28188,0.96,0.96,True,False,True,0.006,True,True
1835,115,orchard,Ivo,fatigue,invite rest,granted,clear prompt and resident trust sufficient,0.1932,0.96,0.96,True,False,True,0.0,True,True
1836,115,repair_ring,Pax,cold,offer warm wrap,granted,clear prompt and resident trust sufficient,0.27,0.96,0.96,True,False,True,0.102,True,True
1838,115,roofward,Sera,soreness,offer careful bandage,granted,clear prompt and resident trust sufficient,0.1932,0.96,0.96,True,False,True,0.109,True,True
1840,116,signal,Milo,fatigue,invite rest,granted,clear prompt and resident trust sufficient,0.27396,0.898,0.908,True,False,True,0.0,True,True
1844,116,roofward,Fay,overload,offer quiet space,granted,clear prompt and resident trust sufficient,0.27264,0.866,0.876,True,False,True,0.012,True,True
1848,116,repair_ring,Juno,soreness,offer careful bandage,granted,clear prompt and resident trust sufficient,0.4432,0.892,0.902,True,False,True,0.093,True,True
1852,116,signal,Milo,wetness,offer dry cloth,granted,clear prompt and resident trust sufficient,0.27528,0.908,0.918,True,False,True,0.072,True,True
1856,117,roofward,Sera,cold,offer warm wrap,granted,clear prompt and resident trust sufficient,0.28452,0.96,0.96,True,False,True,0.012,True,True
1858,117,signal,Ren,soreness,offer careful bandage,refused,offer rest before aid,0.18132,0.96,0.96,False,True,True,0.0,True,True
1860,117,repair_ring,Pax,fatigue,invite rest,granted,clear prompt and resident trust sufficient,0.27132,0.96,0.96,True,False,True,0.0,True,True
1861,117,riverbend,Ari,cold,offer warm wrap,granted,clear prompt and resident trust sufficient,0.18902,0.96,0.96,True,False,True,0.009,True,True
1864,117,signal,Ren,overload,offer quiet space,granted,clear prompt and resident trust sufficient,0.27264,0.96,0.96,True,False,True,0.012,True,True
1865,117,orchard,Ivo,fatigue,invite rest,granted,clear prompt and resident trust sufficient,0.19452,0.96,0.96,True,False,True,0.0,True,True
1868,117,roofward,Sera,soreness,offer careful bandage,granted,clear prompt and resident trust sufficient,0.19584,0.96,0.96,True,False,True,0.107,True,True
1872,118,repair_ring,Juno,wetness,offer dry cloth,deferred,finish current queued task first,0.28452,0.902,0.906,False,True,True,0.006,True,True
1876,118,signal,Milo,cold,offer warm wrap,granted,clear prompt and resident trust sufficient,0.2766,0.918,0.928,True,False,True,0.097,True,True
1880,118,roofward,Fay,fatigue,invite rest,granted,clear prompt and resident trust sufficient,0.27,0.876,0.886,True,False,True,0.0,True,True
1884,118,repair_ring,Juno,overload,offer quiet space,granted,clear prompt and resident trust sufficient,0.28584,0.906,0.916,True,False,True,0.072,True,True
1888,119,signal,Ren,soreness,offer careful bandage,granted,clear prompt and resident trust sufficient,0.18,0.96,0.96,True,False,True,0.018,True,True
1891,119,riverbend,Ari,cold,offer warm wrap,granted,clear prompt and resident trust sufficient,0.19034,0.96,0.96,True,False,True,0.0,True,True
1892,119,roofward,Sera,wetness,offer dry cloth,refused,explain treatment first,0.44716,0.96,0.96,False,True,True,0.009,True,True
1895,119,orchard,Ivo,fatigue,invite rest,granted,clear prompt and resident trust sufficient,0.19584,0.96,0.96,True,False,True,0.0,True,True
1896,119,repair_ring,Pax,cold,offer warm wrap,refused,ask before bandage,0.27264,0.96,0.96,False,True,True,0.006,True,True
1898,119,roofward,Sera,soreness,offer careful bandage,granted,clear prompt and resident trust sufficient,0.19848,0.96,0.96,True,False,True,0.018,True,True
1900,119,signal,Ren,fatigue,invite rest,granted,clear prompt and resident trust sufficient,0.27132,0.96,0.96,True,False,True,0.0,True,True
1902,119,repair_ring,Pax,wetness,offer dry cloth,granted,clear prompt and resident trust sufficient,0.18396,0.96,0.96,True,False,True,0.072,True,True
1904,120,archive,Nia,overload,offer quiet space,granted,clear prompt and resident trust sufficient,0.1833,0.96,0.96,True,False,True,0.015,True,True
1908,120,riverbend,Ari,soreness,offer careful bandage,refused,ask before touching sore wrist,0.28166,0.96,0.96,False,True,True,-0.003,True,True
1911,120,signal,Ren,cold,offer warm wrap,granted,clear prompt and resident trust sufficient,0.18264,0.96,0.96,True,False,True,0.097,True,True
1912,120,orchard,Ivo,wetness,offer dry cloth,refused,keep distance while muddy,0.28716,0.96,0.96,False,True,True,-0.005,True,True
1914,120,riverbend,Ari,overload,offer quiet space,granted,clear prompt and resident trust sufficient,0.35298,0.96,0.96,True,False,True,0.059,True,True
1916,120,archive,Nia,cold,offer warm wrap,granted,clear prompt and resident trust sufficient,0.27,0.96,0.96,True,False,True,0.006,True,True
1918,120,orchard,Ivo,soreness,offer careful bandage,granted,clear prompt and resident trust sufficient,0.19848,0.96,0.96,True,False,True,0.109,True,True
1920,121,riverbend,Lio,fatigue,invite rest,granted,clear prompt and resident trust sufficient,0.27396,0.886,0.896,True,False,True,0.0,True,True
1924,121,orchard,Mara,overload,offer quiet space,deferred,finish current queued task first,0.27264,0.916,0.92,False,True,True,0.009,True,True
1928,121,archive,Toma,soreness,offer careful bandage,granted,clear prompt and resident trust sufficient,0.2832,0.916,0.926,True,False,True,0.006,True,True
1932,121,riverbend,Lio,wetness,offer dry cloth,granted,clear prompt and resident trust sufficient,0.27528,0.896,0.906,True,False,True,0.095,True,True
1936,122,orchard,Ivo,cold,offer warm wrap,granted,clear prompt and resident trust sufficient,0.4498,0.96,0.96,True,False,True,0.057,True,True
1940,122,archive,Nia,fatigue,invite rest,granted,clear prompt and resident trust sufficient,0.27132,0.96,0.96,True,False,True,0.0,True,True
1941,122,signal,Ren,cold,offer warm wrap,granted,clear prompt and resident trust sufficient,0.18396,0.96,0.96,True,False,True,0.097,True,True
1944,122,riverbend,Ari,overload,offer quiet space,granted,clear prompt and resident trust sufficient,0.18,0.96,0.96,True,False,True,0.0,True,True
1948,122,orchard,Ivo,soreness,offer careful bandage,granted,clear prompt and resident trust sufficient,0.20112,0.96,0.96,True,False,True,0.109,True,True
1951,122,roofward,Sera,cold,offer warm wrap,granted,clear prompt and resident trust sufficient,0.1998,0.96,0.96,True,False,True,0.018,True,True
1952,123,archive,Toma,wetness,offer dry cloth,granted,clear prompt and resident trust sufficient,0.28452,0.926,0.936,True,False,True,0.006,True,True
1956,123,riverbend,Lio,cold,offer warm wrap,refused,ask before touching sore wrist,0.2766,0.906,0.91,False,True,True,-0.003,True,True
1960,123,orchard,Mara,fatigue,invite rest,granted,clear prompt and resident trust sufficient,0.27066,0.92,0.93,True,False,True,0.028,True,True
1964,123,archive,Toma,overload,offer quiet space,refused,do not interrupt recall,0.28584,0.936,0.94,False,True,True,0.009,True,True
1968,124,riverbend,Ari,soreness,offer careful bandage,granted,clear prompt and resident trust sufficient,0.27,0.96,0.96,True,False,True,0.072,True,True
1971,124,signal,Ren,cold,offer warm wrap,granted,clear prompt and resident trust sufficient,0.18528,0.96,0.96,True,False,True,0.097,True,True
1972,124,orchard,Ivo,wetness,offer dry cloth,granted,clear prompt and resident trust sufficient,0.29244,0.96,0.96,True,False,True,0.095,True,True
1974,124,riverbend,Ari,overload,offer quiet space,granted,clear prompt and resident trust sufficient,0.18132,0.96,0.96,True,False,True,0.006,True,True
1976,124,archive,Nia,cold,offer warm wrap,deferred,finish current queued task first,0.27264,0.96,0.96,False,True,True,0.006,True,True
1978,124,orchard,Ivo,soreness,offer careful bandage,granted,clear prompt and resident trust sufficient,0.20376,0.96,0.96,True,False,True,0.022,True,True
1980,124,riverbend,Ari,fatigue,invite rest,granted,clear prompt and resident trust sufficient,0.43,0.96,0.96,True,False,True,0.0,True,True
1981,124,roofward,Sera,cold,offer warm wrap,granted,clear prompt and resident trust sufficient,0.20112,0.96,0.96,True,False,True,0.0,True,True
1984,125,orchard,Mara,overload,offer quiet space,refused,keep distance while muddy,0.27198,0.93,0.934,False,True,True,0.009,True,True
1988,125,archive,Toma,soreness,offer careful bandage,granted,clear prompt and resident trust sufficient,0.28386,0.94,0.95,True,False,True,0.024,True,True
1992,125,riverbend,Lio,wetness,offer dry cloth,granted,clear prompt and resident trust sufficient,0.27792,0.91,0.92,True,False,True,0.095,True,True
1996,125,orchard,Mara,cold,offer warm wrap,granted,clear prompt and resident trust sufficient,0.27,0.934,0.944,True,False,True,0.072,True,True
2000,126,archive,Nia,fatigue,invite rest,refused,do not interrupt recall,0.27396,0.96,0.96,False,True,True,-0.013,True,True
2001,126,signal,Ren,cold,offer warm wrap,refused,offer rest before aid,0.1866,0.96,0.96,False,True,True,-0.003,True,True
2004,126,riverbend,Ari,overload,offer quiet space,granted,clear prompt and resident trust sufficient,0.18132,0.96,0.96,True,False,True,0.006,True,True
2008,126,orchard,Ivo,soreness,offer careful bandage,granted,clear prompt and resident trust sufficient,0.20508,0.96,0.96,True,False,True,0.0,True,True
2011,126,roofward,Sera,cold,offer warm wrap,granted,clear prompt and resident trust sufficient,0.20244,0.96,0.96,True,False,True,0.0,True,True
2012,126,archive,Nia,wetness,offer dry cloth,granted,clear prompt and resident trust sufficient,0.27528,0.96,0.96,True,False,True,0.102,True,True
2015,126,repair_ring,Pax,fatigue,invite rest,granted,clear prompt and resident trust sufficient,0.18528,0.96,0.96,True,False,True,0.004,True,True
2016,127,riverbend,Lio,cold,offer warm wrap,granted,clear prompt and resident trust sufficient,0.27924,0.92,0.93,True,False,True,0.097,True,True
2020,127,orchard,Mara,fatigue,invite rest,granted,clear prompt and resident trust sufficient,0.27132,0.944,0.954,True,False,True,0.004,True,True
2024,127,archive,Toma,overload,offer quiet space,granted,clear prompt and resident trust sufficient,0.44518,0.95,0.96,True,False,True,0.069,True,True
2028,127,riverbend,Lio,soreness,offer careful bandage,deferred,finish current queued task first,0.28056,0.93,0.934,False,True,True,0.009,True,True
2032,128,orchard,Ivo,wetness,offer dry cloth,refused,keep distance while muddy,0.2964,0.96,0.96,False,True,True,-0.005,True,True
2034,128,riverbend,Ari,overload,offer quiet space,refused,ask before touching sore wrist,0.18,0.96,0.96,False,True,True,0.0,True,True
2036,128,archive,Nia,cold,offer warm wrap,granted,clear prompt and resident trust sufficient,0.2766,0.96,0.96,True,False,True,0.012,True,True
2038,128,orchard,Ivo,soreness,offer careful bandage,granted,clear prompt and resident trust sufficient,0.20772,0.96,0.96,True,False,True,0.018,True,True
2040,128,riverbend,Ari,fatigue,invite rest,granted,clear prompt and resident trust sufficient,0.27,0.96,0.96,True,False,True,0.006,True,True
2041,128,roofward,Sera,cold,offer warm wrap,granted,clear prompt and resident trust sufficient,0.20376,0.96,0.96,True,False,True,0.0,True,True
2044,128,orchard,Ivo,overload,offer quiet space,granted,clear prompt and resident trust sufficient,0.29904,0.96,0.96,True,False,True,0.109,True,True
2045,128,repair_ring,Pax,fatigue,invite rest,granted,clear prompt and resident trust sufficient,0.1866,0.96,0.96,True,False,True,0.0,True,True
