ablation,mean_total_score,total_loss,crisis_score_loss,resolved_rate_loss,env_response_loss,social_response_loss,coupled_response_loss,damage_increase
body,0.49294576274853236,0.010706116282774014,0.0,0.0,0.0,0.0,0.0,0.030824003135200284
infrastructure,0.4917820312162804,0.01186984781502598,0.0,0.0,-0.0073669102641282375,0.060534599167398895,-0.005951482097107714,0.026564508235790596
tools,0.5046332922781418,-0.0009814132468354275,0.0,0.0,-0.012047096021405355,0.07510772434736201,-0.006665219279201042,0.0837347336707639
social_culture,0.2570221147649581,0.24662976426634825,0.0,0.0,-0.12152822912604533,1.0,0.0,0.8036767924475765
environment,0.4937787965384031,0.009873082492903251,0.0,0.0,0.0,0.0,0.0,0.0061659354085852325
previous_action,0.5132351133052673,-0.009583234273960906,0.0,0.0,0.0,0.0,0.0,0.01829532601100281
